MPI startup(): Warning: I_MPI_PMI_LIBRARY will be ignored since the hydra process manager was found
MPI startup(): Warning: I_MPI_PMI_LIBRARY will be ignored since the hydra process manager was found
MPI startup(): Warning: I_MPI_PMI_LIBRARY will be ignored since the hydra process manager was found
MPI startup(): Warning: I_MPI_PMI_LIBRARY will be ignored since the hydra process manager was found
MPI startup(): Warning: I_MPI_PMI_LIBRARY will be ignored since the hydra process manager was found
MPI startup(): Warning: I_MPI_PMI_LIBRARY will be ignored since the hydra process manager was found
MPI startup(): Warning: I_MPI_PMI_LIBRARY will be ignored since the hydra process manager was found
MPI startup(): Warning: I_MPI_PMI_LIBRARY will be ignored since the hydra process manager was found
MPI startup(): Warning: I_MPI_PMI_LIBRARY will be ignored since the hydra process manager was found
MPI startup(): Warning: I_MPI_PMI_LIBRARY will be ignored since the hydra process manager was found
MPI startup(): Warning: I_MPI_PMI_LIBRARY will be ignored since the hydra process manager was found
MPI startup(): Warning: I_MPI_PMI_LIBRARY will be ignored since the hydra process manager was found
MPI startup(): Warning: I_MPI_PMI_LIBRARY will be ignored since the hydra process manager was found
MPI startup(): Warning: I_MPI_PMI_LIBRARY will be ignored since the hydra process manager was found
MPI startup(): Warning: I_MPI_PMI_LIBRARY will be ignored since the hydra process manager was found
MPI startup(): Warning: I_MPI_PMI_LIBRARY will be ignored since the hydra process manager was found
MPI startup(): Warning: I_MPI_PMI_LIBRARY will be ignored since the hydra process manager was found
MPI startup(): Warning: I_MPI_PMI_LIBRARY will be ignored since the hydra process manager was found
MPI startup(): Warning: I_MPI_PMI_LIBRARY will be ignored since the hydra process manager was found
MPI startup(): Warning: I_MPI_PMI_LIBRARY will be ignored since the hydra process manager was found
MPI startup(): Warning: I_MPI_PMI_LIBRARY will be ignored since the hydra process manager was found
MPI startup(): Warning: I_MPI_PMI_LIBRARY will be ignored since the hydra process manager was found
MPI startup(): Warning: I_MPI_PMI_LIBRARY will be ignored since the hydra process manager was found
MPI startup(): Warning: I_MPI_PMI_LIBRARY will be ignored since the hydra process manager was found
 PROCESS            1  OF           24  WORKING
 PROCESS            2  OF           24  WORKING
 PROCESS            5  OF           24  WORKING
 PROCESS           10  OF           24  WORKING
 PROCESS           19  OF           24  WORKING
 PROCESS           13  OF           24  WORKING
 PROCESS           12  OF           24  WORKING
 PROCESS           17  OF           24  WORKING
 PROCESS           20  OF           24  WORKING
 PROCESS           16  OF           24  WORKING
 PROCESS           14  OF           24  WORKING
 PROCESS            8  OF           24  WORKING
 PROCESS            6  OF           24  WORKING
 PROCESS            3  OF           24  WORKING
 PROCESS           11  OF           24  WORKING
 PROCESS           15  OF           24  WORKING
 PROCESS           23  OF           24  WORKING
 PROCESS           22  OF           24  WORKING
 PROCESS            7  OF           24  WORKING
 PROCESS            4  OF           24  WORKING
 PROCESS           21  OF           24  WORKING
 PROCESS            0  OF           24  WORKING
 PROCESS           18  OF           24  WORKING

         
 *******************************************************************************
 *                                                                             *
 *                               CRYSTAL23                                     *
 *                      public : 1.0.1 - October 2022                          *
 *                       HTTP://WWW.CRYSTAL.UNITO.IT                           *
 *                                                                             *
 *                              MAIN AUTHORS                                   *
 *                                                                             *
 *  R. DOVESI(1,11), V.R. SAUNDERS(2), C. ROETTI(1,11), R. ORLANDO(1,11),      *
 *  C.M. ZICOVICH-WILSON(1,3), F. PASCALE(4), B. CIVALLERI(1,11),              *
 *  K. DOLL(5), N.M. HARRISON(6), I.J. BUSH(7), Ph. D'ARCO(8),                 *
 *  M. LLUNELL(9), M. CAUSA'(10), Y. NOEL(8), L. MASCHIO(1,11), A. ERBA(1,11)  *
 *  M. RE'RAT(14), S. CASASSA(1,11), B.G. SEARLE(2), J.K. DESMARAIS(1)         *
 *                                                                             *
 *        CONTRIBUTIONS TO THE CODE HAVE ALSO BEEN GIVEN BY                    *
 *                                                                             *
 *  M. FERRABONE(1,11), M. DE LA PIERRE(1,11), M. FERRERO(1,11),               *
 *  J. BAIMA(1,11), E. ALBANESE(1,11), M.F. PEINTINGER(12), R. BAST(13),       *
 *  B. KIRTMAN(15), V. LACIVITA(1,11), R. DEMICHELIS(1,16)                     *
 *  G. BRANDEBURG(17), S. SALUSTRO(1,11), G. SANSONE(1,11)                     *
 *  M.T. RUGGIERO(18), L.E. DAGA(1), L. DONA'(1), A. COSSARD(1)                *
 *                                                                             *
 * (1) THEORETICAL CHEMISTRY GROUP - UNIVERSITA' DI TORINO - TORINO (ITALY)    *
 * (2) SCIENTIFIC COMPUTING DEPARTMENT - STFC DARESBURY (UK)                   *
 * (3) UNIVERSIDAD AUTONOMA DEL ESTADO DE MORELOS - CUERNAVACA (MEXICO)        *
 * (4) UNIVERSITE' DE LORRAINE - NANCY (FRANCE)                                *
 * (5) UNIVERSITAET STUTTGART- STUTTGART (GERMANY)                             *
 * (6) IMPERIAL COLLEGE - LONDON (UK)                                          *
 * (7) SCIENTIFIC COMPUTING DEPARTMENT - STFC RAL (UK)                         *
 * (8) UPMC - SORBONNE UNIVERSITES - PARIS (FRANCE)                            *
 * (9) UNIVERSIDAD DE BARCELONA - BARCELONA (SPAIN)                            *
 *(10) UNIVERSITA' DI NAPOLI "FEDERICO II" - NAPOLI (ITALY)                    *
 *(11) NIS - NANOSTRUCTURED INTERFACES AND SURFACES - TORINO (ITALY)           *
 *(12) MPI FUER CHEMISCHE ENERGIEKONVERSION - MUELHEIM AN DER RUHR (GERMANY)   *
 *(13) UNIVERSITY OF TROMSO - TROMSO (NORWAY)                                  *
 *(14) UNIVERSITE' DE PAU ET DES PAYS DE L'ADOUR - PAU (FRANCE)                *
 *(15) UNIVERSITY OF CALIFORNIA SANTA BARBARA - SANTA BARBARA (USA)            *
 *(16) CURTIN UNIVERSITY - PERTH (AUSTRALIA)                                   *
 *(17) UNIVERSITY COLLEGE LONDON - LONDON (UK)                                 *
 *(18) UNIVERSITY OF VERMONT - BURLINGTON (USA)                                *
 *                                                                             *
 *******************************************************************************
 EEEEEEEEEE STARTING  DATE 21 01 2026 TIME 13:37:22.2
 ./3^12T1-CA_sp_B3LYP-D3-D3_optimized                                            
 PROCESS            9  OF           24  WORKING

 CRYSTAL CALCULATION
 (INPUT ACCORDING TO THE INTERNATIONAL TABLES FOR X-RAY CRYSTALLOGRAPHY)
 CRYSTAL FAMILY                       :  HEXAGONAL   
 CRYSTAL CLASS  (GROTH - 1921)        :  DITRIGONAL SCALENOHEDRAL             

 SPACE GROUP (CENTROSYMMETRIC)        :  P -3 M 1        

 LATTICE PARAMETERS  (ANGSTROMS AND DEGREES) - CONVENTIONAL CELL
        A           B           C        ALPHA        BETA       GAMMA
    16.80240    16.80240     3.24597    90.00000    90.00000   120.00000


 NUMBER OF IRREDUCIBLE ATOMS IN THE CONVENTIONAL CELL:   12

 INPUT COORDINATES

 ATOM AT. N.              COORDINATES
   1   6    -3.310488638504E-01  4.617251739118E-02 -6.674193169174E-02
   2   6    -2.358858317323E-01  9.086086789933E-02 -1.403032985098E-01
   3   6    -1.869984764426E-01  4.269855644490E-02 -9.047940594190E-02
   4   6    -4.790522811669E-01  1.875873186906E-01 -2.264909148562E-01
   5   6     4.739036718809E-01  3.806901587653E-01 -1.274475909020E-01
   6   6     5.005980133683E-02  1.001196026737E-01  4.388669095389E-01
   7   6    -8.953953324900E-02  8.953953324900E-02 -2.144721145048E-01
   8   6     3.750276076541E-01  1.875138038271E-01 -2.059350348213E-01
   9   6     4.713959126763E-01  2.356979563381E-01 -2.374409527403E-01
  10   6    -3.820059115408E-01  2.359881769184E-01 -2.620986424474E-01
  11   6    -3.333333333333E-01  3.333333333333E-01 -2.869651999505E-01
  12   6     4.657644360157E-02 -4.767117781992E-01  6.453411824873E-02

 *******************************************************************************

 << INFORMATION >>: FROM NOW ON, ALL COORDINATES REFER TO THE PRIMITIVE CELL

 *******************************************************************************

 LATTICE PARAMETERS  (ANGSTROMS AND DEGREES) - PRIMITIVE CELL
       A          B          C        ALPHA      BETA     GAMMA        VOLUME
   16.80240   16.80240    3.24597    90.00000  90.00000 120.00000    793.629097

 COORDINATES OF THE EQUIVALENT ATOMS (FRACTIONAL UNITS)

 N. ATOM EQUIV AT. N.          X                  Y                  Z

   1   1   1    6 C    -3.31048863850E-01  4.61725173912E-02 -6.67419316917E-02
   2   1   2    6 C    -4.61725173912E-02 -3.77221381242E-01 -6.67419316917E-02
   3   1   3    6 C     3.77221381242E-01  3.31048863850E-01 -6.67419316917E-02
   4   1   4    6 C    -3.77221381242E-01 -4.61725173912E-02  6.67419316917E-02
   5   1   5    6 C     3.31048863850E-01  3.77221381242E-01  6.67419316917E-02
   6   1   6    6 C     4.61725173912E-02 -3.31048863850E-01  6.67419316917E-02
   7   1   7    6 C     3.31048863850E-01 -4.61725173912E-02  6.67419316917E-02
   8   1   8    6 C     4.61725173912E-02  3.77221381242E-01  6.67419316917E-02
   9   1   9    6 C    -3.77221381242E-01 -3.31048863850E-01  6.67419316917E-02
  10   1  10    6 C     3.77221381242E-01  4.61725173912E-02 -6.67419316917E-02
  11   1  11    6 C    -3.31048863850E-01 -3.77221381242E-01 -6.67419316917E-02
  12   1  12    6 C    -4.61725173912E-02  3.31048863850E-01 -6.67419316917E-02

  13   2   1    6 C    -2.35885831732E-01  9.08608678993E-02 -1.40303298510E-01
  14   2   2    6 C    -9.08608678993E-02 -3.26746699632E-01 -1.40303298510E-01
  15   2   3    6 C     3.26746699632E-01  2.35885831732E-01 -1.40303298510E-01
  16   2   4    6 C    -3.26746699632E-01 -9.08608678993E-02  1.40303298510E-01
  17   2   5    6 C     2.35885831732E-01  3.26746699632E-01  1.40303298510E-01
  18   2   6    6 C     9.08608678993E-02 -2.35885831732E-01  1.40303298510E-01
  19   2   7    6 C     2.35885831732E-01 -9.08608678993E-02  1.40303298510E-01
  20   2   8    6 C     9.08608678993E-02  3.26746699632E-01  1.40303298510E-01
  21   2   9    6 C    -3.26746699632E-01 -2.35885831732E-01  1.40303298510E-01
  22   2  10    6 C     3.26746699632E-01  9.08608678993E-02 -1.40303298510E-01
  23   2  11    6 C    -2.35885831732E-01 -3.26746699632E-01 -1.40303298510E-01
  24   2  12    6 C    -9.08608678993E-02  2.35885831732E-01 -1.40303298510E-01

  25   3   1    6 C    -1.86998476443E-01  4.26985564449E-02 -9.04794059419E-02
  26   3   2    6 C    -4.26985564449E-02 -2.29697032888E-01 -9.04794059419E-02
  27   3   3    6 C     2.29697032888E-01  1.86998476443E-01 -9.04794059419E-02
  28   3   4    6 C    -2.29697032888E-01 -4.26985564449E-02  9.04794059419E-02
  29   3   5    6 C     1.86998476443E-01  2.29697032888E-01  9.04794059419E-02
  30   3   6    6 C     4.26985564449E-02 -1.86998476443E-01  9.04794059419E-02
  31   3   7    6 C     1.86998476443E-01 -4.26985564449E-02  9.04794059419E-02
  32   3   8    6 C     4.26985564449E-02  2.29697032888E-01  9.04794059419E-02
  33   3   9    6 C    -2.29697032888E-01 -1.86998476443E-01  9.04794059419E-02
  34   3  10    6 C     2.29697032888E-01  4.26985564449E-02 -9.04794059419E-02
  35   3  11    6 C    -1.86998476443E-01 -2.29697032888E-01 -9.04794059419E-02
  36   3  12    6 C    -4.26985564449E-02  1.86998476443E-01 -9.04794059419E-02

  37   4   1    6 C    -4.79052281167E-01  1.87587318691E-01 -2.26490914856E-01
  38   4   2    6 C    -1.87587318691E-01  3.33360400143E-01 -2.26490914856E-01
  39   4   3    6 C    -3.33360400143E-01  4.79052281167E-01 -2.26490914856E-01
  40   4   4    6 C     3.33360400143E-01 -1.87587318691E-01  2.26490914856E-01
  41   4   5    6 C     4.79052281167E-01 -3.33360400143E-01  2.26490914856E-01
  42   4   6    6 C     1.87587318691E-01 -4.79052281167E-01  2.26490914856E-01
  43   4   7    6 C     4.79052281167E-01 -1.87587318691E-01  2.26490914856E-01
  44   4   8    6 C     1.87587318691E-01 -3.33360400143E-01  2.26490914856E-01
  45   4   9    6 C     3.33360400143E-01 -4.79052281167E-01  2.26490914856E-01
  46   4  10    6 C    -3.33360400143E-01  1.87587318691E-01 -2.26490914856E-01
  47   4  11    6 C    -4.79052281167E-01  3.33360400143E-01 -2.26490914856E-01
  48   4  12    6 C    -1.87587318691E-01  4.79052281167E-01 -2.26490914856E-01

  49   5   1    6 C     4.73903671881E-01  3.80690158765E-01 -1.27447590902E-01
  50   5   2    6 C    -3.80690158765E-01  9.32135131156E-02 -1.27447590902E-01
  51   5   3    6 C    -9.32135131156E-02 -4.73903671881E-01 -1.27447590902E-01
  52   5   4    6 C     9.32135131156E-02 -3.80690158765E-01  1.27447590902E-01
  53   5   5    6 C    -4.73903671881E-01 -9.32135131156E-02  1.27447590902E-01
  54   5   6    6 C     3.80690158765E-01  4.73903671881E-01  1.27447590902E-01
  55   5   7    6 C    -4.73903671881E-01 -3.80690158765E-01  1.27447590902E-01
  56   5   8    6 C     3.80690158765E-01 -9.32135131156E-02  1.27447590902E-01
  57   5   9    6 C     9.32135131156E-02  4.73903671881E-01  1.27447590902E-01
  58   5  10    6 C    -9.32135131156E-02  3.80690158765E-01 -1.27447590902E-01
  59   5  11    6 C     4.73903671881E-01  9.32135131156E-02 -1.27447590902E-01
  60   5  12    6 C    -3.80690158765E-01 -4.73903671881E-01 -1.27447590902E-01

  61   6   1    6 C     5.00598013368E-02  1.00119602674E-01  4.38866909539E-01
  62   6   2    6 C    -1.00119602674E-01 -5.00598013369E-02  4.38866909539E-01
  63   6   3    6 C     5.00598013369E-02 -5.00598013368E-02  4.38866909539E-01
  64   6   4    6 C    -5.00598013369E-02 -1.00119602674E-01 -4.38866909539E-01
  65   6   5    6 C    -5.00598013368E-02  5.00598013369E-02 -4.38866909539E-01
  66   6   6    6 C     1.00119602674E-01  5.00598013368E-02 -4.38866909539E-01

  67   7   1    6 C    -8.95395332490E-02  8.95395332490E-02 -2.14472114505E-01
  68   7   2    6 C    -8.95395332490E-02 -1.79079066498E-01 -2.14472114505E-01
  69   7   3    6 C     1.79079066498E-01  8.95395332490E-02 -2.14472114505E-01
  70   7   4    6 C    -1.79079066498E-01 -8.95395332490E-02  2.14472114505E-01
  71   7   5    6 C     8.95395332490E-02  1.79079066498E-01  2.14472114505E-01
  72   7   6    6 C     8.95395332490E-02 -8.95395332490E-02  2.14472114505E-01

  73   8   1    6 C     3.75027607654E-01  1.87513803827E-01 -2.05935034821E-01
  74   8   2    6 C    -1.87513803827E-01  1.87513803827E-01 -2.05935034821E-01
  75   8   3    6 C    -1.87513803827E-01 -3.75027607654E-01 -2.05935034821E-01
  76   8   4    6 C     1.87513803827E-01 -1.87513803827E-01  2.05935034821E-01
  77   8   5    6 C    -3.75027607654E-01 -1.87513803827E-01  2.05935034821E-01
  78   8   6    6 C     1.87513803827E-01  3.75027607654E-01  2.05935034821E-01

  79   9   1    6 C     4.71395912676E-01  2.35697956338E-01 -2.37440952740E-01
  80   9   2    6 C    -2.35697956338E-01  2.35697956338E-01 -2.37440952740E-01
  81   9   3    6 C    -2.35697956338E-01 -4.71395912676E-01 -2.37440952740E-01
  82   9   4    6 C     2.35697956338E-01 -2.35697956338E-01  2.37440952740E-01
  83   9   5    6 C    -4.71395912676E-01 -2.35697956338E-01  2.37440952740E-01
  84   9   6    6 C     2.35697956338E-01  4.71395912676E-01  2.37440952740E-01

  85  10   1    6 C    -3.82005911541E-01  2.35988176918E-01 -2.62098642447E-01
  86  10   2    6 C    -2.35988176918E-01  3.82005911541E-01 -2.62098642447E-01
  87  10   3    6 C    -3.82005911541E-01  3.82005911541E-01 -2.62098642447E-01
  88  10   4    6 C     3.82005911541E-01 -2.35988176918E-01  2.62098642447E-01
  89  10   5    6 C     3.82005911541E-01 -3.82005911541E-01  2.62098642447E-01
  90  10   6    6 C     2.35988176918E-01 -3.82005911541E-01  2.62098642447E-01

  91  11   1    6 C    -3.33333333333E-01  3.33333333333E-01 -2.86965199951E-01
  92  11   2    6 C     3.33333333333E-01 -3.33333333333E-01  2.86965199951E-01

  93  12   1    6 C     4.65764436016E-02 -4.76711778199E-01  6.45341182487E-02
  94  12   2    6 C     4.76711778199E-01 -4.76711778199E-01  6.45341182487E-02
  95  12   3    6 C     4.76711778199E-01 -4.65764436016E-02  6.45341182487E-02
  96  12   4    6 C    -4.76711778199E-01  4.76711778199E-01 -6.45341182487E-02
  97  12   5    6 C    -4.65764436016E-02  4.76711778199E-01 -6.45341182487E-02
  98  12   6    6 C    -4.76711778199E-01  4.65764436016E-02 -6.45341182487E-02

 NUMBER OF SYMMETRY OPERATORS         :   12
 *******************************************************************************
 * GEOMETRY EDITING - INPUT COORDINATES ARE GIVEN IN ANGSTROM         
 *******************************************************************************

 GEOMETRY NOW FULLY CONSISTENT WITH THE GROUP

 GCALCO - MAX INDICES DIRECT LATTICE VECTOR     8     8    40
 NO.OF VECTORS CREATED 6999 STARS  452 RMAX   207.88403 BOHR

 GEOMETRY FOR WAVE FUNCTION - DIMENSIONALITY OF THE SYSTEM    3
 (NON PERIODIC DIRECTION: LATTICE PARAMETER FORMALLY SET TO 500)
 *******************************************************************************
 LATTICE PARAMETERS (ANGSTROMS AND DEGREES) - BOHR = 0.5291772083 ANGSTROM
 PRIMITIVE CELL - CENTRING CODE 1/0 VOLUME=   793.629097 - DENSITY  2.461 g/cm^3
         A              B              C           ALPHA      BETA       GAMMA 
    16.80239630    16.80239630     3.24597001    90.000000  90.000000 120.000000
 *******************************************************************************
 ATOMS IN THE ASYMMETRIC UNIT   12 - ATOMS IN THE UNIT CELL:   98
     ATOM                 X/A                 Y/B                 Z/C    
 *******************************************************************************
      1 T   6 C    -3.310488638504E-01  4.617251739118E-02 -6.674193169174E-02
      2 F   6 C    -4.617251739118E-02 -3.772213812416E-01 -6.674193169174E-02
      3 F   6 C     3.772213812416E-01  3.310488638504E-01 -6.674193169174E-02
      4 F   6 C    -3.772213812416E-01 -4.617251739118E-02  6.674193169174E-02
      5 F   6 C     3.310488638504E-01  3.772213812416E-01  6.674193169174E-02
      6 F   6 C     4.617251739118E-02 -3.310488638504E-01  6.674193169174E-02
      7 F   6 C     3.310488638504E-01 -4.617251739118E-02  6.674193169174E-02
      8 F   6 C     4.617251739118E-02  3.772213812416E-01  6.674193169174E-02
      9 F   6 C    -3.772213812416E-01 -3.310488638504E-01  6.674193169174E-02
     10 F   6 C     3.772213812416E-01  4.617251739118E-02 -6.674193169174E-02
     11 F   6 C    -3.310488638504E-01 -3.772213812416E-01 -6.674193169174E-02
     12 F   6 C    -4.617251739118E-02  3.310488638504E-01 -6.674193169174E-02
     13 T   6 C    -2.358858317323E-01  9.086086789933E-02 -1.403032985098E-01
     14 F   6 C    -9.086086789933E-02 -3.267466996316E-01 -1.403032985098E-01
     15 F   6 C     3.267466996316E-01  2.358858317323E-01 -1.403032985098E-01
     16 F   6 C    -3.267466996316E-01 -9.086086789933E-02  1.403032985098E-01
     17 F   6 C     2.358858317323E-01  3.267466996316E-01  1.403032985098E-01
     18 F   6 C     9.086086789933E-02 -2.358858317323E-01  1.403032985098E-01
     19 F   6 C     2.358858317323E-01 -9.086086789933E-02  1.403032985098E-01
     20 F   6 C     9.086086789933E-02  3.267466996316E-01  1.403032985098E-01
     21 F   6 C    -3.267466996316E-01 -2.358858317323E-01  1.403032985098E-01
     22 F   6 C     3.267466996316E-01  9.086086789933E-02 -1.403032985098E-01
     23 F   6 C    -2.358858317323E-01 -3.267466996316E-01 -1.403032985098E-01
     24 F   6 C    -9.086086789933E-02  2.358858317323E-01 -1.403032985098E-01
     25 T   6 C    -1.869984764426E-01  4.269855644490E-02 -9.047940594190E-02
     26 F   6 C    -4.269855644490E-02 -2.296970328875E-01 -9.047940594190E-02
     27 F   6 C     2.296970328875E-01  1.869984764426E-01 -9.047940594190E-02
     28 F   6 C    -2.296970328875E-01 -4.269855644490E-02  9.047940594190E-02
     29 F   6 C     1.869984764426E-01  2.296970328875E-01  9.047940594190E-02
     30 F   6 C     4.269855644490E-02 -1.869984764426E-01  9.047940594190E-02
     31 F   6 C     1.869984764426E-01 -4.269855644490E-02  9.047940594190E-02
     32 F   6 C     4.269855644490E-02  2.296970328875E-01  9.047940594190E-02
     33 F   6 C    -2.296970328875E-01 -1.869984764426E-01  9.047940594190E-02
     34 F   6 C     2.296970328875E-01  4.269855644490E-02 -9.047940594190E-02
     35 F   6 C    -1.869984764426E-01 -2.296970328875E-01 -9.047940594190E-02
     36 F   6 C    -4.269855644490E-02  1.869984764426E-01 -9.047940594190E-02
     37 T   6 C    -4.790522811669E-01  1.875873186906E-01 -2.264909148562E-01
     38 F   6 C    -1.875873186906E-01  3.333604001425E-01 -2.264909148562E-01
     39 F   6 C    -3.333604001425E-01  4.790522811669E-01 -2.264909148562E-01
     40 F   6 C     3.333604001425E-01 -1.875873186906E-01  2.264909148562E-01
     41 F   6 C     4.790522811669E-01 -3.333604001425E-01  2.264909148562E-01
     42 F   6 C     1.875873186906E-01 -4.790522811669E-01  2.264909148562E-01
     43 F   6 C     4.790522811669E-01 -1.875873186906E-01  2.264909148562E-01
     44 F   6 C     1.875873186906E-01 -3.333604001425E-01  2.264909148562E-01
     45 F   6 C     3.333604001425E-01 -4.790522811669E-01  2.264909148562E-01
     46 F   6 C    -3.333604001425E-01  1.875873186906E-01 -2.264909148562E-01
     47 F   6 C    -4.790522811669E-01  3.333604001425E-01 -2.264909148562E-01
     48 F   6 C    -1.875873186906E-01  4.790522811669E-01 -2.264909148562E-01
     49 T   6 C     4.739036718809E-01  3.806901587653E-01 -1.274475909020E-01
     50 F   6 C    -3.806901587653E-01  9.321351311560E-02 -1.274475909020E-01
     51 F   6 C    -9.321351311560E-02 -4.739036718809E-01 -1.274475909020E-01
     52 F   6 C     9.321351311560E-02 -3.806901587653E-01  1.274475909020E-01
     53 F   6 C    -4.739036718809E-01 -9.321351311560E-02  1.274475909020E-01
     54 F   6 C     3.806901587653E-01  4.739036718809E-01  1.274475909020E-01
     55 F   6 C    -4.739036718809E-01 -3.806901587653E-01  1.274475909020E-01
     56 F   6 C     3.806901587653E-01 -9.321351311560E-02  1.274475909020E-01
     57 F   6 C     9.321351311560E-02  4.739036718809E-01  1.274475909020E-01
     58 F   6 C    -9.321351311560E-02  3.806901587653E-01 -1.274475909020E-01
     59 F   6 C     4.739036718809E-01  9.321351311560E-02 -1.274475909020E-01
     60 F   6 C    -3.806901587653E-01 -4.739036718809E-01 -1.274475909020E-01
     61 T   6 C     5.005980133685E-02  1.001196026737E-01  4.388669095389E-01
     62 F   6 C    -1.001196026737E-01 -5.005980133685E-02  4.388669095389E-01
     63 F   6 C     5.005980133685E-02 -5.005980133685E-02  4.388669095389E-01
     64 F   6 C    -5.005980133685E-02 -1.001196026737E-01 -4.388669095389E-01
     65 F   6 C    -5.005980133685E-02  5.005980133685E-02 -4.388669095389E-01
     66 F   6 C     1.001196026737E-01  5.005980133685E-02 -4.388669095389E-01
     67 T   6 C    -8.953953324900E-02  8.953953324900E-02 -2.144721145048E-01
     68 F   6 C    -8.953953324900E-02 -1.790790664980E-01 -2.144721145048E-01
     69 F   6 C     1.790790664980E-01  8.953953324900E-02 -2.144721145048E-01
     70 F   6 C    -1.790790664980E-01 -8.953953324900E-02  2.144721145048E-01
     71 F   6 C     8.953953324900E-02  1.790790664980E-01  2.144721145048E-01
     72 F   6 C     8.953953324900E-02 -8.953953324900E-02  2.144721145048E-01
     73 T   6 C     3.750276076541E-01  1.875138038270E-01 -2.059350348213E-01
     74 F   6 C    -1.875138038270E-01  1.875138038270E-01 -2.059350348213E-01
     75 F   6 C    -1.875138038270E-01 -3.750276076541E-01 -2.059350348213E-01
     76 F   6 C     1.875138038270E-01 -1.875138038270E-01  2.059350348213E-01
     77 F   6 C    -3.750276076541E-01 -1.875138038270E-01  2.059350348213E-01
     78 F   6 C     1.875138038270E-01  3.750276076541E-01  2.059350348213E-01
     79 T   6 C     4.713959126763E-01  2.356979563381E-01 -2.374409527403E-01
     80 F   6 C    -2.356979563381E-01  2.356979563381E-01 -2.374409527403E-01
     81 F   6 C    -2.356979563381E-01 -4.713959126763E-01 -2.374409527403E-01
     82 F   6 C     2.356979563381E-01 -2.356979563381E-01  2.374409527403E-01
     83 F   6 C    -4.713959126763E-01 -2.356979563381E-01  2.374409527403E-01
     84 F   6 C     2.356979563381E-01  4.713959126763E-01  2.374409527403E-01
     85 T   6 C    -3.820059115408E-01  2.359881769184E-01 -2.620986424474E-01
     86 F   6 C    -2.359881769184E-01  3.820059115408E-01 -2.620986424474E-01
     87 F   6 C    -3.820059115408E-01  3.820059115408E-01 -2.620986424474E-01
     88 F   6 C     3.820059115408E-01 -2.359881769184E-01  2.620986424474E-01
     89 F   6 C     3.820059115408E-01 -3.820059115408E-01  2.620986424474E-01
     90 F   6 C     2.359881769184E-01 -3.820059115408E-01  2.620986424474E-01
     91 T   6 C    -3.333333333333E-01  3.333333333333E-01 -2.869651999505E-01
     92 F   6 C     3.333333333333E-01 -3.333333333333E-01  2.869651999505E-01
     93 T   6 C     4.657644360157E-02 -4.767117781992E-01  6.453411824873E-02
     94 F   6 C     4.767117781992E-01 -4.767117781992E-01  6.453411824873E-02
     95 F   6 C     4.767117781992E-01 -4.657644360157E-02  6.453411824873E-02
     96 F   6 C    -4.767117781992E-01  4.767117781992E-01 -6.453411824873E-02
     97 F   6 C    -4.657644360157E-02  4.767117781992E-01 -6.453411824873E-02
     98 F   6 C    -4.767117781992E-01  4.657644360157E-02 -6.453411824873E-02

 T = ATOM BELONGING TO THE ASYMMETRIC UNIT

 ****   12 SYMMOPS - TRANSLATORS IN FRACTIONAL UNITS
 **** MATRICES AND TRANSLATORS IN THE CRYSTALLOGRAPHIC REFERENCE FRAME
   V INV                    ROTATION MATRICES                   TRANSLATORS
   1   1  1.00  0.00  0.00  0.00  1.00  0.00  0.00  0.00  1.00  0.00  0.00  0.00
   2   3  0.00 -1.00  0.00  1.00 -1.00  0.00  0.00  0.00  1.00  0.00  0.00  0.00
   3   2 -1.00  1.00  0.00 -1.00  0.00  0.00  0.00  0.00  1.00  0.00  0.00  0.00
   4   4  1.00 -1.00  0.00  0.00 -1.00  0.00  0.00  0.00 -1.00  0.00  0.00  0.00
   5   5 -1.00  0.00  0.00 -1.00  1.00  0.00  0.00  0.00 -1.00  0.00  0.00  0.00
   6   6 -0.00  1.00  0.00  1.00  0.00  0.00  0.00  0.00 -1.00  0.00  0.00  0.00
   7   7 -1.00  0.00  0.00 -0.00 -1.00  0.00  0.00  0.00 -1.00  0.00  0.00  0.00
   8   9 -0.00  1.00  0.00 -1.00  1.00  0.00  0.00  0.00 -1.00  0.00  0.00  0.00
   9   8  1.00 -1.00  0.00  1.00 -0.00  0.00  0.00  0.00 -1.00  0.00  0.00  0.00
  10  10 -1.00  1.00  0.00 -0.00  1.00  0.00  0.00  0.00  1.00  0.00  0.00  0.00
  11  11  1.00  0.00  0.00  1.00 -1.00  0.00  0.00  0.00  1.00  0.00  0.00  0.00
  12  12  0.00 -1.00  0.00 -1.00 -0.00  0.00  0.00  0.00  1.00  0.00  0.00  0.00

 DIRECT LATTICE VECTORS CARTESIAN COMPONENTS (ANGSTROM)
          X                    Y                    Z
   0.145513020403E+02  -0.840119815000E+01   0.000000000000E+00
   0.000000000000E+00   0.168023963000E+02   0.000000000000E+00
   0.000000000000E+00   0.000000000000E+00   0.324597001000E+01


 CARTESIAN COORDINATES - PRIMITIVE CELL
 *******************************************************************************
 *      ATOM          X(ANGSTROM)         Y(ANGSTROM)         Z(ANGSTROM)
 *******************************************************************************
    1     6 C    -4.817192007970E+00  3.557016037915E+00 -2.166423086809E-01
    2     6 C    -6.718702465179E-01 -5.950318672767E+00 -2.166423086809E-01
    3     6 C     5.489062254488E+00  2.393302634852E+00 -2.166423086809E-01
    4     6 C    -5.489062254488E+00  2.393302634852E+00  2.166423086809E-01
    5     6 C     4.817192007970E+00  3.557016037915E+00  2.166423086809E-01
    6     6 C     6.718702465179E-01 -5.950318672767E+00  2.166423086809E-01
    7     6 C     4.817192007970E+00 -3.557016037915E+00  2.166423086809E-01
    8     6 C     6.718702465179E-01  5.950318672767E+00  2.166423086809E-01
    9     6 C    -5.489062254488E+00 -2.393302634852E+00  2.166423086809E-01
   10     6 C     5.489062254488E+00 -2.393302634852E+00 -2.166423086809E-01
   11     6 C    -4.817192007970E+00 -3.557016037915E+00 -2.166423086809E-01
   12     6 C    -6.718702465179E-01  5.950318672767E+00 -2.166423086809E-01
   13     6 C    -3.432445984553E+00  3.508403923767E+00 -4.554202992669E-01
   14     6 C    -1.322143932443E+00 -4.726787381624E+00 -4.554202992669E-01
   15     6 C     4.754589916996E+00  1.218383457857E+00 -4.554202992669E-01
   16     6 C    -4.754589916996E+00  1.218383457857E+00  4.554202992669E-01
   17     6 C     3.432445984553E+00  3.508403923767E+00  4.554202992669E-01
   18     6 C     1.322143932443E+00 -4.726787381624E+00  4.554202992669E-01
   19     6 C     3.432445984553E+00 -3.508403923767E+00  4.554202992669E-01
   20     6 C     1.322143932443E+00  4.726787381624E+00  4.554202992669E-01
   21     6 C    -4.754589916996E+00 -1.218383457857E+00  4.554202992669E-01
   22     6 C     4.754589916996E+00 -1.218383457857E+00 -4.554202992669E-01
   23     6 C    -3.432445984553E+00 -3.508403923767E+00 -4.554202992669E-01
   24     6 C    -1.322143932443E+00  4.726787381624E+00 -4.554202992669E-01
   25     6 C    -2.721071311784E+00  2.288449321168E+00 -2.936934382100E-01
   26     6 C    -6.213195915126E-01 -3.500741542097E+00 -2.936934382100E-01
   27     6 C     3.342390903296E+00  1.212292220930E+00 -2.936934382100E-01
   28     6 C    -3.342390903296E+00  1.212292220930E+00  2.936934382100E-01
   29     6 C     2.721071311784E+00  2.288449321168E+00  2.936934382100E-01
   30     6 C     6.213195915126E-01 -3.500741542097E+00  2.936934382100E-01
   31     6 C     2.721071311784E+00 -2.288449321168E+00  2.936934382100E-01
   32     6 C     6.213195915126E-01  3.500741542097E+00  2.936934382100E-01
   33     6 C    -3.342390903296E+00 -1.212292220930E+00  2.936934382100E-01
   34     6 C     3.342390903296E+00 -1.212292220930E+00 -2.936934382100E-01
   35     6 C    -2.721071311784E+00 -2.288449321168E+00 -2.936934382100E-01
   36     6 C    -6.213195915126E-01  3.500741542097E+00 -2.936934382100E-01
   37     6 C     7.580467603922E+00 -1.224668542214E+00 -7.351827171607E-01
   38     6 C    -2.729639733188E+00  7.177211788668E+00 -7.351827171607E-01
   39     6 C    -4.850827870733E+00 -5.952543246454E+00 -7.351827171607E-01
   40     6 C     4.850827870733E+00 -5.952543246454E+00  7.351827171607E-01
   41     6 C    -7.580467603922E+00 -1.224668542214E+00  7.351827171607E-01
   42     6 C     2.729639733188E+00  7.177211788668E+00  7.351827171607E-01
   43     6 C    -7.580467603922E+00  1.224668542214E+00  7.351827171607E-01
   44     6 C     2.729639733188E+00 -7.177211788668E+00  7.351827171607E-01
   45     6 C     4.850827870733E+00  5.952543246454E+00  7.351827171607E-01
   46     6 C    -4.850827870733E+00  5.952543246454E+00 -7.351827171607E-01
   47     6 C     7.580467603922E+00  1.224668542214E+00 -7.351827171607E-01
   48     6 C    -2.729639733188E+00 -7.177211788668E+00 -7.351827171607E-01
   49     6 C     6.895915467524E+00  2.415148263600E+00 -4.136910579146E-01
   50     6 C    -5.539537483946E+00  4.764463845426E+00 -4.136910579146E-01
   51     6 C    -1.356377983578E+00 -7.179612109026E+00 -4.136910579146E-01
   52     6 C     1.356377983578E+00 -7.179612109026E+00  4.136910579146E-01
   53     6 C    -6.895915467524E+00  2.415148263600E+00  4.136910579146E-01
   54     6 C     5.539537483946E+00  4.764463845426E+00  4.136910579146E-01
   55     6 C    -6.895915467524E+00 -2.415148263600E+00  4.136910579146E-01
   56     6 C     5.539537483946E+00 -4.764463845426E+00  4.136910579146E-01
   57     6 C     1.356377983578E+00  7.179612109026E+00  4.136910579146E-01
   58     6 C    -1.356377983578E+00  7.179612109026E+00 -4.136910579146E-01
   59     6 C     6.895915467524E+00 -2.415148263600E+00 -4.136910579146E-01
   60     6 C    -5.539537483946E+00 -4.764463845426E+00 -4.136910579146E-01
   61     6 C     7.284352893276E-01  1.261686931142E+00  1.424548826745E+00
   62     6 C    -1.456870578655E+00  7.154883122846E-17  1.424548826745E+00
   63     6 C     7.284352893276E-01 -1.261686931142E+00  1.424548826745E+00
   64     6 C    -7.284352893276E-01 -1.261686931142E+00 -1.424548826745E+00
   65     6 C    -7.284352893276E-01  1.261686931142E+00 -1.424548826745E+00
   66     6 C     1.456870578655E+00  1.616312592857E-16 -1.424548826745E+00
   67     6 C    -1.302916792850E+00  2.256718083250E+00 -6.961700516639E-01
   68     6 C    -1.302916792850E+00 -2.256718083250E+00 -6.961700516639E-01
   69     6 C     2.605833585699E+00  9.554995863031E-17 -6.961700516639E-01
   70     6 C    -2.605833585699E+00 -9.554995863031E-17  6.961700516639E-01
   71     6 C     1.302916792850E+00  2.256718083250E+00  6.961700516639E-01
   72     6 C     1.302916792850E+00 -2.256718083250E+00  6.961700516639E-01
   73     6 C     5.457139992409E+00  4.691274753928E-17 -6.684589470382E-01
   74     6 C    -2.728569996204E+00  4.726021865434E+00 -6.684589470382E-01
   75     6 C    -2.728569996204E+00 -4.726021865434E+00 -6.684589470382E-01
   76     6 C     2.728569996204E+00 -4.726021865434E+00  6.684589470382E-01
   77     6 C    -5.457139992409E+00 -4.691274753928E-17  6.684589470382E-01
   78     6 C     2.728569996204E+00  4.726021865434E+00  6.684589470382E-01
   79     6 C     6.859424305894E+00  4.887541561143E-17 -7.707262117408E-01
   80     6 C    -3.429712152947E+00  5.940435704241E+00 -7.707262117408E-01
   81     6 C    -3.429712152947E+00 -5.940435704241E+00 -7.707262117408E-01
   82     6 C     3.429712152947E+00 -5.940435704241E+00  7.707262117408E-01
   83     6 C    -6.859424305894E+00 -4.887541561143E-17  7.707262117408E-01
   84     6 C     3.429712152947E+00  5.940435704241E+00  7.707262117408E-01
   85     6 C    -5.558683399993E+00  7.174474228023E+00 -8.507643330460E-01
   86     6 C    -3.433935240268E+00 -8.401198150000E+00 -8.507643330460E-01
   87     6 C    -5.558683399993E+00 -7.174474228023E+00 -8.507643330460E-01
   88     6 C    -8.992618640261E+00  1.226723921977E+00  8.507643330460E-01
   89     6 C    -8.992618640261E+00 -1.226723921977E+00  8.507643330460E-01
   90     6 C     3.433935240268E+00 -8.401198150000E+00  8.507643330460E-01
   91     6 C    -4.850434013418E+00 -8.401198150000E+00 -9.314804329530E-01
   92     6 C    -9.700868026836E+00 -1.860582596673E-15  9.314804329530E-01
   93     6 C     6.777478988073E-01 -8.401198150000E+00  2.094758124572E-01
   94     6 C    -7.614524969530E+00 -3.613652177271E+00  2.094758124572E-01
   95     6 C    -7.614524969530E+00  3.613652177271E+00  2.094758124572E-01
   96     6 C    -6.936777070723E+00 -4.787545972729E+00 -2.094758124572E-01
   97     6 C    -6.777478988073E-01 -8.401198150000E+00 -2.094758124572E-01
   98     6 C    -6.936777070723E+00  4.787545972729E+00 -2.094758124572E-01

 *******************************************************************************
 LOCAL ATOMIC FUNCTIONS BASIS SET
 *******************************************************************************
   ATOM   X(AU)   Y(AU)   Z(AU)  N. TYPE  EXPONENT  S COEF   P COEF   D/F/G COEF
 *******************************************************************************
   1 C   -9.103   6.722  -0.409
                                  1 S  
                                         1.358E+04 2.225E-04 0.000E+00 0.000E+00
                                         2.035E+03 1.723E-03 0.000E+00 0.000E+00
                                         4.632E+02 8.926E-03 0.000E+00 0.000E+00
                                         1.312E+02 3.573E-02 0.000E+00 0.000E+00
                                         4.285E+01 1.108E-01 0.000E+00 0.000E+00
                                         1.558E+01 2.430E-01 0.000E+00 0.000E+00
                                  2 S  
                                         6.207E+00 4.144E-01 0.000E+00 0.000E+00
                                         2.576E+00 2.374E-01 0.000E+00 0.000E+00
                                  3 S  
                                         4.941E-01 1.000E+00 0.000E+00 0.000E+00
                                  4 S  
                                         1.644E-01 1.000E+00 0.000E+00 0.000E+00
                           5-     7 P  
                                         3.470E+01 0.000E+00 5.333E-03 0.000E+00
                                         7.958E+00 0.000E+00 3.586E-02 0.000E+00
                                         2.378E+00 0.000E+00 1.422E-01 0.000E+00
                                         8.143E-01 0.000E+00 3.427E-01 0.000E+00
                           8-    10 P  
                                         5.662E-01 0.000E+00 1.000E+00 0.000E+00
                          11-    13 P  
                                         2.674E-01 0.000E+00 1.000E+00 0.000E+00
                          14-    18 D  
                                         8.792E-01 0.000E+00 0.000E+00 1.000E+00
   2 C   -1.270 -11.244  -0.409
   3 C   10.373   4.523  -0.409
   4 C  -10.373   4.523   0.409
   5 C    9.103   6.722   0.409
   6 C    1.270 -11.244   0.409
   7 C    9.103  -6.722   0.409
   8 C    1.270  11.244   0.409
   9 C  -10.373  -4.523   0.409
  10 C   10.373  -4.523  -0.409
  11 C   -9.103  -6.722  -0.409
  12 C   -1.270  11.244  -0.409
  13 C   -6.486   6.630  -0.861
  14 C   -2.498  -8.932  -0.861
  15 C    8.985   2.302  -0.861
  16 C   -8.985   2.302   0.861
  17 C    6.486   6.630   0.861
  18 C    2.498  -8.932   0.861
  19 C    6.486  -6.630   0.861
  20 C    2.498   8.932   0.861
  21 C   -8.985  -2.302   0.861
  22 C    8.985  -2.302  -0.861
  23 C   -6.486  -6.630  -0.861
  24 C   -2.498   8.932  -0.861
  25 C   -5.142   4.325  -0.555
  26 C   -1.174  -6.615  -0.555
  27 C    6.316   2.291  -0.555
  28 C   -6.316   2.291   0.555
  29 C    5.142   4.325   0.555
  30 C    1.174  -6.615   0.555
  31 C    5.142  -4.325   0.555
  32 C    1.174   6.615   0.555
  33 C   -6.316  -2.291   0.555
  34 C    6.316  -2.291  -0.555
  35 C   -5.142  -4.325  -0.555
  36 C   -1.174   6.615  -0.555
  37 C   14.325  -2.314  -1.389
  38 C   -5.158  13.563  -1.389
  39 C   -9.167 -11.249  -1.389
  40 C    9.167 -11.249   1.389
  41 C  -14.325  -2.314   1.389
  42 C    5.158  13.563   1.389
  43 C  -14.325   2.314   1.389
  44 C    5.158 -13.563   1.389
  45 C    9.167  11.249   1.389
  46 C   -9.167  11.249  -1.389
  47 C   14.325   2.314  -1.389
  48 C   -5.158 -13.563  -1.389
  49 C   13.031   4.564  -0.782
  50 C  -10.468   9.004  -0.782
  51 C   -2.563 -13.568  -0.782
  52 C    2.563 -13.568   0.782
  53 C  -13.031   4.564   0.782
  54 C   10.468   9.004   0.782
  55 C  -13.031  -4.564   0.782
  56 C   10.468  -9.004   0.782
  57 C    2.563  13.568   0.782
  58 C   -2.563  13.568  -0.782
  59 C   13.031  -4.564  -0.782
  60 C  -10.468  -9.004  -0.782
  61 C    1.377   2.384   2.692
  62 C   -2.753   0.000   2.692
  63 C    1.377  -2.384   2.692
  64 C   -1.377  -2.384  -2.692
  65 C   -1.377   2.384  -2.692
  66 C    2.753   0.000  -2.692
  67 C   -2.462   4.265  -1.316
  68 C   -2.462  -4.265  -1.316
  69 C    4.924   0.000  -1.316
  70 C   -4.924  -0.000   1.316
  71 C    2.462   4.265   1.316
  72 C    2.462  -4.265   1.316
  73 C   10.313   0.000  -1.263
  74 C   -5.156   8.931  -1.263
  75 C   -5.156  -8.931  -1.263
  76 C    5.156  -8.931   1.263
  77 C  -10.313  -0.000   1.263
  78 C    5.156   8.931   1.263
  79 C   12.962   0.000  -1.456
  80 C   -6.481  11.226  -1.456
  81 C   -6.481 -11.226  -1.456
  82 C    6.481 -11.226   1.456
  83 C  -12.962  -0.000   1.456
  84 C    6.481  11.226   1.456
  85 C  -10.504  13.558  -1.608
  86 C   -6.489 -15.876  -1.608
  87 C  -10.504 -13.558  -1.608
  88 C  -16.994   2.318   1.608
  89 C  -16.994  -2.318   1.608
  90 C    6.489 -15.876   1.608
  91 C   -9.166 -15.876  -1.760
  92 C  -18.332  -0.000   1.760
  93 C    1.281 -15.876   0.396
  94 C  -14.389  -6.829   0.396
  95 C  -14.389   6.829   0.396
  96 C  -13.109  -9.047  -0.396
  97 C   -1.281 -15.876  -0.396
  98 C  -13.109   9.047  -0.396
 INFORMATION **** SET_MPP **** PCRYSTAL CALCULATION
 INFORMATION **** READM2 **** NEW DEFAULT: FOCK/KS MATRIX MIXING SET TO 30 %
 INFORMATION **** READM2 **** NEW DEFAULT: FULL DIRECT SCF MODE
 INFORMATION **** READM2 **** NEW DEFAULT: COULOMB BIPOLAR BUFFER SET TO 32 Mb
 INFORMATION **** READM2 **** NEW DEFAULT: EXCHANGE BIPOLAR BUFFER SET TO 32 Mb

 *******************************************************************************
 NEW DEFAULT: DFT INTEGRATION GRID INCREASED TO XLGRID
 NEW DEFAULT: DIIS ACCELERATOR ACTIVE
 USE KEYWORD NODIIS TO TURN IT OFF
 *******************************************************************************

 INFORMATION **** DFTD3_INPUT **** PERFORM LATEST DISPERSION CORRECTION DFT-D3(BJ) WITH AUTOMATIC PARAMETER SETUP
 PLEASE CITE:
 (1) DFT-D3 Reference
  S. Grimme, J. Antony, S. Ehrlich, and H. Krieg, J. Chem. Phys. 132 (2010), 154104
 (2) BJ-Damping Reference
  S. Grimme, S. Ehrlich, and L. Goerigk, J. Comput. Chem. 32 (2011), 1456-1465
 (3) General DFT-D Review
  S. Grimme, A. Hansen, J. G. Brandenburg, and C. Bannwarth,
  Chem. Rev. 116 (2016), 5105-5154

 INFORMATION **** TOLINTEG **** COULOMB AND EXCHANGE SERIES TOLERANCES MODIFIED
 INFORMATION **** TOLDEE **** SCF TOL ON TOTAL ENERGY SET TO           9
 INFORMATION **** READM2 **** FULL DIRECT SCF (MONO AND BIEL INT) SELECTED
 INFORMATION **** BIPOSIZE **** COULOMB BIPOLAR BUFFER SET TO   110000000
 INFORMATION **** EXCHSIZE **** EXCHANGE BIPOLAR BUFFER SIZE SET TO   110000000
 INFORMATION **** MAXCYCLE **** MAX NUMBER OF SCF CYCLES SET TO        1600
 INFORMATION **** DIIS **** DIIS FOR SCF ACTIVE
 INFORMATION **** DIIS **** LEVEL SHIFTER DISABLED
 INFORMATION **** PPAN ****  MULLIKEN POPULATION ANALYSIS AT THE END OF SCF
 *******************************************************************************
 N. OF ATOMS PER CELL        98  COULOMB OVERLAP TOL         (T1) 10**   -8
 NUMBER OF SHELLS           784  COULOMB PENETRATION TOL     (T2) 10**   -8
 NUMBER OF AO              1764  EXCHANGE OVERLAP TOL        (T3) 10**   -8
 N. OF ELECTRONS PER CELL   588  EXCHANGE PSEUDO OVP (F(G))  (T4) 10**   -9
 CORE ELECTRONS PER CELL    196  EXCHANGE PSEUDO OVP (P(G))  (T5) 10**  -24
 N. OF SYMMETRY OPERATORS    12  POLE ORDER IN MONO ZONE                  4
 *******************************************************************************
 TYPE OF CALCULATION :  UNRESTRICTED OPEN SHELL
 KOHN-SHAM HAMILTONIAN

 (EXCHANGE)[CORRELATION] FUNCTIONAL:(BECKE 88)[LEE-YANG-PARR]

 NON-LOCAL WEIGHTING FACTOR (EXCHANGE) =           0.9000
 NON-LOCAL WEIGHTING FACTOR [CORRELATION] =        0.8100

 HYBRID EXCHANGE - PERCENTAGE OF FOCK EXCHANGE    20.0000

 SPIN POLARIZED DFT SELECTED

 CAPPA:IS1 15;IS2 15;IS3 15; K PTS MONK NET 349; SYMMOPS:K SPACE  12;G SPACE  12

 *******************************************************************************
 MAX NUMBER OF SCF CYCLES    1600  CONVERGENCE ON DELTAP        10**-19
 WEIGHT OF F(I) IN F(I+1)      30% CONVERGENCE ON ENERGY        10**- 9
 SHRINK. FACT.(MONKH.)   15 15 15  NUMBER OF K POINTS IN THE IBZ    349
 SHRINKING FACTOR(GILAT NET)   30  NUMBER OF K POINTS(GILAT NET)   2506
 *******************************************************************************
 *** K POINTS COORDINATES (OBLIQUE COORDINATES IN UNITS OF IS = 15)
   1-R(  0  0  0)   2-C(  1  0  0)   3-C(  2  0  0)   4-C(  3  0  0)
   5-C(  4  0  0)   6-C(  5  0  0)   7-C(  6  0  0)   8-C(  7  0  0)
   9-C(  1  1  0)  10-C(  2  1  0)  11-C(  3  1  0)  12-C(  4  1  0)
  13-C(  5  1  0)  14-C(  6  1  0)  15-C(  7  1  0)  16-C(  2  2  0)
  17-C(  3  2  0)  18-C(  4  2  0)  19-C(  5  2  0)  20-C(  6  2  0)
  21-C(  3  3  0)  22-C(  4  3  0)  23-C(  5  3  0)  24-C(  6  3  0)
  25-C(  4  4  0)  26-C(  5  4  0)  27-C(  5  5  0)  28-C(  0  0  1)
  29-C(  1  0  1)  30-C(  2  0  1)  31-C(  3  0  1)  32-C(  4  0  1)
  33-C(  5  0  1)  34-C(  6  0  1)  35-C(  7  0  1)  36-C(  8  0  1)
  37-C(  9  0  1)  38-C( 10  0  1)  39-C( 11  0  1)  40-C( 12  0  1)
  41-C( 13  0  1)  42-C( 14  0  1)  43-C(  1  1  1)  44-C(  2  1  1)
  45-C(  3  1  1)  46-C(  4  1  1)  47-C(  5  1  1)  48-C(  6  1  1)
  49-C(  7  1  1)  50-C(  8  1  1)  51-C(  9  1  1)  52-C( 10  1  1)
  53-C( 11  1  1)  54-C( 12  1  1)  55-C(  2  2  1)  56-C(  3  2  1)
  57-C(  4  2  1)  58-C(  5  2  1)  59-C(  6  2  1)  60-C(  7  2  1)
  61-C(  8  2  1)  62-C(  9  2  1)  63-C( 10  2  1)  64-C(  3  3  1)
  65-C(  4  3  1)  66-C(  5  3  1)  67-C(  6  3  1)  68-C(  7  3  1)
  69-C(  8  3  1)  70-C(  4  4  1)  71-C(  5  4  1)  72-C(  6  4  1)
  73-C(  5  5  1)  74-C(  0  0  2)  75-C(  1  0  2)  76-C(  2  0  2)
  77-C(  3  0  2)  78-C(  4  0  2)  79-C(  5  0  2)  80-C(  6  0  2)
  81-C(  7  0  2)  82-C(  8  0  2)  83-C(  9  0  2)  84-C( 10  0  2)
  85-C( 11  0  2)  86-C( 12  0  2)  87-C( 13  0  2)  88-C( 14  0  2)
  89-C(  1  1  2)  90-C(  2  1  2)  91-C(  3  1  2)  92-C(  4  1  2)
  93-C(  5  1  2)  94-C(  6  1  2)  95-C(  7  1  2)  96-C(  8  1  2)
  97-C(  9  1  2)  98-C( 10  1  2)  99-C( 11  1  2) 100-C( 12  1  2)
 101-C(  2  2  2) 102-C(  3  2  2) 103-C(  4  2  2) 104-C(  5  2  2)
 105-C(  6  2  2) 106-C(  7  2  2) 107-C(  8  2  2) 108-C(  9  2  2)
 109-C( 10  2  2) 110-C(  3  3  2) 111-C(  4  3  2) 112-C(  5  3  2)
 113-C(  6  3  2) 114-C(  7  3  2) 115-C(  8  3  2) 116-C(  4  4  2)
 117-C(  5  4  2) 118-C(  6  4  2) 119-C(  5  5  2) 120-C(  0  0  3)
 121-C(  1  0  3) 122-C(  2  0  3) 123-C(  3  0  3) 124-C(  4  0  3)
 125-C(  5  0  3) 126-C(  6  0  3) 127-C(  7  0  3) 128-C(  8  0  3)
 129-C(  9  0  3) 130-C( 10  0  3) 131-C( 11  0  3) 132-C( 12  0  3)
 133-C( 13  0  3) 134-C( 14  0  3) 135-C(  1  1  3) 136-C(  2  1  3)
 137-C(  3  1  3) 138-C(  4  1  3) 139-C(  5  1  3) 140-C(  6  1  3)
 141-C(  7  1  3) 142-C(  8  1  3) 143-C(  9  1  3) 144-C( 10  1  3)
 145-C( 11  1  3) 146-C( 12  1  3) 147-C(  2  2  3) 148-C(  3  2  3)
 149-C(  4  2  3) 150-C(  5  2  3) 151-C(  6  2  3) 152-C(  7  2  3)
 153-C(  8  2  3) 154-C(  9  2  3) 155-C( 10  2  3) 156-C(  3  3  3)
 157-C(  4  3  3) 158-C(  5  3  3) 159-C(  6  3  3) 160-C(  7  3  3)
 161-C(  8  3  3) 162-C(  4  4  3) 163-C(  5  4  3) 164-C(  6  4  3)
 165-C(  5  5  3) 166-C(  0  0  4) 167-C(  1  0  4) 168-C(  2  0  4)
 169-C(  3  0  4) 170-C(  4  0  4) 171-C(  5  0  4) 172-C(  6  0  4)
 173-C(  7  0  4) 174-C(  8  0  4) 175-C(  9  0  4) 176-C( 10  0  4)
 177-C( 11  0  4) 178-C( 12  0  4) 179-C( 13  0  4) 180-C( 14  0  4)
 181-C(  1  1  4) 182-C(  2  1  4) 183-C(  3  1  4) 184-C(  4  1  4)
 185-C(  5  1  4) 186-C(  6  1  4) 187-C(  7  1  4) 188-C(  8  1  4)
 189-C(  9  1  4) 190-C( 10  1  4) 191-C( 11  1  4) 192-C( 12  1  4)
 193-C(  2  2  4) 194-C(  3  2  4) 195-C(  4  2  4) 196-C(  5  2  4)
 197-C(  6  2  4) 198-C(  7  2  4) 199-C(  8  2  4) 200-C(  9  2  4)
 201-C( 10  2  4) 202-C(  3  3  4) 203-C(  4  3  4) 204-C(  5  3  4)
 205-C(  6  3  4) 206-C(  7  3  4) 207-C(  8  3  4) 208-C(  4  4  4)
 209-C(  5  4  4) 210-C(  6  4  4) 211-C(  5  5  4) 212-C(  0  0  5)
 213-C(  1  0  5) 214-C(  2  0  5) 215-C(  3  0  5) 216-C(  4  0  5)
 217-C(  5  0  5) 218-C(  6  0  5) 219-C(  7  0  5) 220-C(  8  0  5)
 221-C(  9  0  5) 222-C( 10  0  5) 223-C( 11  0  5) 224-C( 12  0  5)
 225-C( 13  0  5) 226-C( 14  0  5) 227-C(  1  1  5) 228-C(  2  1  5)
 229-C(  3  1  5) 230-C(  4  1  5) 231-C(  5  1  5) 232-C(  6  1  5)
 233-C(  7  1  5) 234-C(  8  1  5) 235-C(  9  1  5) 236-C( 10  1  5)
 237-C( 11  1  5) 238-C( 12  1  5) 239-C(  2  2  5) 240-C(  3  2  5)
 241-C(  4  2  5) 242-C(  5  2  5) 243-C(  6  2  5) 244-C(  7  2  5)
 245-C(  8  2  5) 246-C(  9  2  5) 247-C( 10  2  5) 248-C(  3  3  5)
 249-C(  4  3  5) 250-C(  5  3  5) 251-C(  6  3  5) 252-C(  7  3  5)
 253-C(  8  3  5) 254-C(  4  4  5) 255-C(  5  4  5) 256-C(  6  4  5)
 257-C(  5  5  5) 258-C(  0  0  6) 259-C(  1  0  6) 260-C(  2  0  6)
 261-C(  3  0  6) 262-C(  4  0  6) 263-C(  5  0  6) 264-C(  6  0  6)
 265-C(  7  0  6) 266-C(  8  0  6) 267-C(  9  0  6) 268-C( 10  0  6)
 269-C( 11  0  6) 270-C( 12  0  6) 271-C( 13  0  6) 272-C( 14  0  6)
 273-C(  1  1  6) 274-C(  2  1  6) 275-C(  3  1  6) 276-C(  4  1  6)
 277-C(  5  1  6) 278-C(  6  1  6) 279-C(  7  1  6) 280-C(  8  1  6)
 281-C(  9  1  6) 282-C( 10  1  6) 283-C( 11  1  6) 284-C( 12  1  6)
 285-C(  2  2  6) 286-C(  3  2  6) 287-C(  4  2  6) 288-C(  5  2  6)
 289-C(  6  2  6) 290-C(  7  2  6) 291-C(  8  2  6) 292-C(  9  2  6)
 293-C( 10  2  6) 294-C(  3  3  6) 295-C(  4  3  6) 296-C(  5  3  6)
 297-C(  6  3  6) 298-C(  7  3  6) 299-C(  8  3  6) 300-C(  4  4  6)
 301-C(  5  4  6) 302-C(  6  4  6) 303-C(  5  5  6) 304-C(  0  0  7)
 305-C(  1  0  7) 306-C(  2  0  7) 307-C(  3  0  7) 308-C(  4  0  7)
 309-C(  5  0  7) 310-C(  6  0  7) 311-C(  7  0  7) 312-C(  8  0  7)
 313-C(  9  0  7) 314-C( 10  0  7) 315-C( 11  0  7) 316-C( 12  0  7)
 317-C( 13  0  7) 318-C( 14  0  7) 319-C(  1  1  7) 320-C(  2  1  7)
 321-C(  3  1  7) 322-C(  4  1  7) 323-C(  5  1  7) 324-C(  6  1  7)
 325-C(  7  1  7) 326-C(  8  1  7) 327-C(  9  1  7) 328-C( 10  1  7)
 329-C( 11  1  7) 330-C( 12  1  7) 331-C(  2  2  7) 332-C(  3  2  7)
 333-C(  4  2  7) 334-C(  5  2  7) 335-C(  6  2  7) 336-C(  7  2  7)
 337-C(  8  2  7) 338-C(  9  2  7) 339-C( 10  2  7) 340-C(  3  3  7)
 341-C(  4  3  7) 342-C(  5  3  7) 343-C(  6  3  7) 344-C(  7  3  7)
 345-C(  8  3  7) 346-C(  4  4  7) 347-C(  5  4  7) 348-C(  6  4  7)
 349-C(  5  5  7)

 DIRECT LATTICE VECTORS COMPON. (A.U.)     RECIP. LATTICE VECTORS COMPON. (A.U.) 
        X            Y            Z              X            Y            Z
   27.4979757  -15.8759637    0.0000000      0.2284963    0.0000000    0.0000000
    0.0000000   31.7519274    0.0000000      0.1142481    0.1978836    0.0000000
    0.0000000    0.0000000    6.1339944      0.0000000    0.0000000    1.0243220

 DISK SPACE FOR EIGENVECTORS (FTN 10)  2168852112 REALS

 SYMMETRY ADAPTION OF THE BLOCH FUNCTIONS ENABLED
 TTTTTTTTTTTTTTTTTTTTTTTTTTTTTT gordsh1     TELAPSE        1.88 TCPU        0.69

 MATRIX SIZE: P(G) 8175908, F(G)  934564, P(G) IRR  361827, F(G) IRR   85696
 MAX G-VECTOR INDEX FOR 1- AND 2-ELECTRON INTEGRALS 149

 TTTTTTTTTTTTTTTTTTTTTTTTTTTTTT INPUT       TELAPSE        1.94 TCPU        0.75

 NEIGHBORS OF THE NON-EQUIVALENT ATOMS

 N = NUMBER OF NEIGHBORS AT DISTANCE R
    ATOM  N     R/ANG      R/AU   NEIGHBORS (ATOM LABELS AND CELL INDICES)
   1 C    1     1.4060     2.6570   13 C    0 0 0
   1 C    1     1.4119     2.6680    4 C    0 0 0
   1 C    1     1.4208     2.6848   50 C    0 0 0
   1 C    1     2.4341     4.5998   16 C    0 0 0
   1 C    1     2.4358     4.6030   74 C    0 0 0
   1 C    1     2.4509     4.6315   98 C    0 0 0

  13 C    1     1.4060     2.6570    1 C    0 0 0
  13 C    1     1.4214     2.6861   25 C    0 0 0
  13 C    1     1.4225     2.6881   74 C    0 0 0
  13 C    1     2.4169     4.5673   28 C    0 0 0
  13 C    1     2.4341     4.5998    4 C    0 0 0
  13 C    1     2.4368     4.6048   24 C    0 0 0

  25 C    1     1.3745     2.5974   28 C    0 0 0
  25 C    1     1.4214     2.6861   13 C    0 0 0
  25 C    1     1.4745     2.7864   67 C    0 0 0
  25 C    1     2.4169     4.5673   16 C    0 0 0
  25 C    1     2.4246     4.5818   36 C    0 0 0
  25 C    1     2.4513     4.6323    1 C    0 0 0

  37 C    1     1.4104     2.6653   59 C    0 0 0
  37 C    1     1.4169     2.6775   85 C    1 0 0
  37 C    1     1.4216     2.6865   79 C    0 0 0
  37 C    1     2.4464     4.6230   98 C    1 0 0
  37 C    1     2.4480     4.6260   46 C    1 0 0
  37 C    1     2.4493     4.6286   47 C    0 0 0

  49 C    1     1.4104     2.6653   47 C    0 0 0
  49 C    1     1.4123     2.6688   96 C    1 1 0
  49 C    1     1.4208     2.6848    3 C    0 0 0
  49 C    1     2.4417     4.6141   79 C    0 0 0
  49 C    1     2.4432     4.6169   60 C    1 1 0
  49 C    1     2.4494     4.6287   87 C    1 1 0

  61 C    1     1.3604     2.5708   71 C    0 0 0
  61 C    2     1.5100     2.8534   65 C    0 0 1   66 C    0 0 1
  61 C    2     2.5107     4.7446   29 C    0 0 0   32 C    0 0 0
  61 C    2     2.5234     4.7685   62 C    0 0 0   63 C    0 0 0
  61 C    2     2.5264     4.7742   67 C    0 0 1   69 C    0 0 1
  61 C    1     2.7674     5.2296   71 C    0 0 1

  67 C    1     1.3604     2.5708   65 C    0 0 0
  67 C    2     1.4745     2.7864   25 C    0 0 0   36 C    0 0 0
  67 C    2     2.4818     4.6900   13 C    0 0 0   24 C    0 0 0
  67 C    2     2.4960     4.7168   28 C    0 0 0   32 C    0 0 0
  67 C    2     2.5264     4.7742   61 C    0 0-1   62 C    0 0-1
  67 C    1     2.7674     5.2296   65 C    0 0 1

  73 C    1     1.4060     2.6570   79 C    0 0 0
  73 C    2     1.4225     2.6881   15 C    0 0 0   22 C    0 0 0
  73 C    2     2.4358     4.6030    3 C    0 0 0   10 C    0 0 0
  73 C    2     2.4521     4.6338   37 C    0 0 0   47 C    0 0 0
  73 C    2     2.4662     4.6605   27 C    0 0 0   34 C    0 0 0
  73 C    2     2.8228     5.3342   49 C    0 0 0   59 C    0 0 0

  79 C    1     1.4060     2.6570   73 C    0 0 0
  79 C    2     1.4216     2.6865   37 C    0 0 0   47 C    0 0 0
  79 C    2     2.4417     4.6141   49 C    0 0 0   59 C    0 0 0
  79 C    2     2.4524     4.6343   15 C    0 0 0   22 C    0 0 0
  79 C    2     2.4621     4.6526   85 C    1 0 0   87 C    1 1 0
  79 C    2     2.8130     5.3157    3 C    0 0 0   10 C    0 0 0

  85 C    2     1.4169     2.6775   37 C   -1 0 0   46 C    0 0 0
  85 C    1     1.4188     2.6811   91 C    0 1 0
  85 C    2     2.4494     4.6287   50 C    0 0 0   59 C   -1 0 0
  85 C    2     2.4534     4.6363   86 C    0 1 0   87 C    0 1 0
  85 C    2     2.4621     4.6526   79 C   -1 0 0   80 C    0 0 0
  85 C    1     2.8298     5.3476   98 C    0 0 0

  91 C    3     1.4188     2.6811   85 C    0-1 0   86 C    0 0 0   87 C    0 0 0
  91 C    6     2.4565     4.6421   37 C   -1-1 0   38 C    0-1 0   39 C    0 0 0
                                    46 C    0-1 0   47 C   -1-1 0   48 C    0 0 0
  91 C    3     2.8460     5.3781   79 C   -1-1 0   80 C    0-1 0   81 C    0 0 0
  91 C    2     3.2460     6.1340   91 C    0 0-1   91 C    0 0 1
  91 C    3     3.4678     6.5531   85 C    0-1-1   86 C    0 0-1   87 C    0 0-1
  91 C    3     3.6157     6.8327   85 C    0-1 1   86 C    0 0 1   87 C    0 0 1

  93 C    2     1.4123     2.6688   52 C    0 0 0   57 C    0-1 0
  93 C    1     1.4188     2.6811   97 C    0 0 0
  93 C    2     2.4464     4.6230   42 C    0-1 0   44 C    0 0 0
  93 C    2     2.4509     4.6315    6 C    0 0 0    8 C    0-1 0
  93 C    2     2.4532     4.6359   51 C    0 0 0   58 C    0-1 0
  93 C    1     2.8298     5.3476   90 C    0 0 0


 SYMMETRY ALLOWED INTERNAL DEGREE(S) OF FREEDOM:  28
 TTTTTTTTTTTTTTTTTTTTTTTTTTTTTT SYMM        TELAPSE        2.16 TCPU        0.95
 TTTTTTTTTTTTTTTTTTTTTTTTTTTTTT INT_SCREEN  TELAPSE        2.19 TCPU        0.98

 DFT PARAMETERS

     ATOM       ELECTRONS   NET CHARGE   R(ANGSTROM)
   1   6  C       6.0000      0.0000     0.77000000

 SIZE OF GRID=     249035
 TTTTTTTTTTTTTTTTTTTTTTTTTTTTTT MAKE_GRID2  TELAPSE        3.00 TCPU        1.80
 BECKE WEIGHT FUNCTION
 RADSAFE =     2.00
 TOLERANCES - DENSITY:10**- 6; POTENTIAL:10**- 9; GRID WGT:10**-14

 RADIAL INTEGRATION  - INTERVALS (POINTS,UPPER LIMIT):            1( 75,  4.0*R)

 ANGULAR INTEGRATION - INTERVALS (ACCURACY LEVEL [N. POINTS] UPPER LIMIT):
  1(  4[  86]   0.2)  2(  8[ 194]   0.5)  3( 12[ 350]   0.9)  4( 16[ 974]   3.5)
  5( 12[ 350]9999.0)
 TTTTTTTTTTTTTTTTTTTTTTTTTTTTTT INT_CALC    TELAPSE        3.04 TCPU        1.83
 EEEEEEEEEE INT_CALC TERMINATION  DATE 21 01 2026 TIME 13:37:23.8

 *******************************************************************************
 ./3^12T1-CA_sp_B3LYP-D3-D3_optimized                                            
 CRYSTAL - SCF - TYPE OF CALCULATION :  UNRESTRICTED OPEN SHELL
 *******************************************************************************

 CAPPA:IS1 15;IS2 15;IS3 15; K PTS MONK NET 349; SYMMOPS:K SPACE  12;G SPACE  12

 TTTTTTTTTTTTTTTTTTTTTTTTTTTTTT SDIK        TELAPSE      572.10 TCPU      567.56

 AAAAAAAAAAAAAAAAAAAAAAAAAAAAAAAAAAAAAAAAAAAAAAAAAAAAAAAAAAAAAAAAAAAAAAAAAAAAAAA
         ATOMIC WAVEFUNCTION(S)


 NUCLEAR CHARGE  6.0  SYMMETRY SPECIES            S    P
 N. ELECTRONS    6.0  NUMBER OF PRIMITIVE GTOS   10    6
                      NUMBER OF CONTRACTED GTOS   4    3
                      NUMBER OF CLOSED SHELLS     2    0
                      OPEN SHELL OCCUPATION       0    2

  ZNUC  SCFIT    TOTAL HF ENERGY   KINETIC ENERGY   VIRIAL THEOREM ACCURACY
   6.0    10    -3.766702350E+01  3.783137943E+01 -1.995655566E+00  1.6E-06

 AAAAAAAAAAAAAAAAAAAAAAAAAAAAAAAAAAAAAAAAAAAAAAAAAAAAAAAAAAAAAAAAAAAAAAAAAAAAAAA

 CHARGE NORMALIZATION FACTOR   1.00000000
 TOTAL ATOMIC CHARGES:
   6.0000000   6.0000000   6.0000000   6.0000000   6.0000000   6.0000000
   6.0000000   6.0000000   6.0000000   6.0000000   6.0000000   6.0000000
   6.0000000   6.0000000   6.0000000   6.0000000   6.0000000   6.0000000
   6.0000000   6.0000000   6.0000000   6.0000000   6.0000000   6.0000000
   6.0000000   6.0000000   6.0000000   6.0000000   6.0000000   6.0000000
   6.0000000   6.0000000   6.0000000   6.0000000   6.0000000   6.0000000
   6.0000000   6.0000000   6.0000000   6.0000000   6.0000000   6.0000000
   6.0000000   6.0000000   6.0000000   6.0000000   6.0000000   6.0000000
   6.0000000   6.0000000   6.0000000   6.0000000   6.0000000   6.0000000
   6.0000000   6.0000000   6.0000000   6.0000000   6.0000000   6.0000000
   6.0000000   6.0000000   6.0000000   6.0000000   6.0000000   6.0000000
   6.0000000   6.0000000   6.0000000   6.0000000   6.0000000   6.0000000
   6.0000000   6.0000000   6.0000000   6.0000000   6.0000000   6.0000000
   6.0000000   6.0000000   6.0000000   6.0000000   6.0000000   6.0000000
   6.0000000   6.0000000   6.0000000   6.0000000   6.0000000   6.0000000
   6.0000000   6.0000000   6.0000000   6.0000000   6.0000000   6.0000000
   6.0000000   6.0000000
 SUMMED SPIN DENSITY           0.00000000
 TOTAL ATOMIC SPINS  :
   0.0000000   0.0000000   0.0000000   0.0000000   0.0000000   0.0000000
   0.0000000   0.0000000   0.0000000   0.0000000   0.0000000   0.0000000
   0.0000000   0.0000000   0.0000000   0.0000000   0.0000000   0.0000000
   0.0000000   0.0000000   0.0000000   0.0000000   0.0000000   0.0000000
   0.0000000   0.0000000   0.0000000   0.0000000   0.0000000   0.0000000
   0.0000000   0.0000000   0.0000000   0.0000000   0.0000000   0.0000000
   0.0000000   0.0000000   0.0000000   0.0000000   0.0000000   0.0000000
   0.0000000   0.0000000   0.0000000   0.0000000   0.0000000   0.0000000
   0.0000000   0.0000000   0.0000000   0.0000000   0.0000000   0.0000000
   0.0000000   0.0000000   0.0000000   0.0000000   0.0000000   0.0000000
   0.0000000   0.0000000   0.0000000   0.0000000   0.0000000   0.0000000
   0.0000000   0.0000000   0.0000000   0.0000000   0.0000000   0.0000000
   0.0000000   0.0000000   0.0000000   0.0000000   0.0000000   0.0000000
   0.0000000   0.0000000   0.0000000   0.0000000   0.0000000   0.0000000
   0.0000000   0.0000000   0.0000000   0.0000000   0.0000000   0.0000000
   0.0000000   0.0000000   0.0000000   0.0000000   0.0000000   0.0000000
   0.0000000   0.0000000
 TTTTTTTTTTTTTTTTTTTTTTTTTTTTTT MOQGAD      TELAPSE      572.18 TCPU      567.64
 TTTTTTTTTTTTTTTTTTTTTTTTTTTTTT SHELLXN     TELAPSE      666.45 TCPU      661.91
 TTTTTTTTTTTTTTTTTTTTTTTTTTTTTT MONMO3      TELAPSE      667.07 TCPU      662.52
 NUMERICALLY INTEGRATED DENSITY    294.0001390863    294.0001390863
 TTTTTTTTTTTTTTTTTTTTTTTTTTTTTT NUMDFT      TELAPSE      669.34 TCPU      664.79
 CYC   0 ETOT(AU) -3.763503157176E+03 DETOT -3.76E+03 tst  0.00E+00 PX  1.00E+00
 TTTTTTTTTTTTTTTTTTTTTTTTTTTTTT DIIS        TELAPSE      676.39 TCPU      668.15
 TTTTTTTTTTTTTTTTTTTTTTTTTTTTTT FDIK        TELAPSE     9569.64 TCPU     9557.04
 POSSIBLY CONDUCTING STATE - EFERMI(AU) -1.7914907E-01 (RES. CHARGE  1.93E-11;IT.  8)
 TTTTTTTTTTTTTTTTTTTTTTTTTTTTTT PDIG        TELAPSE     9622.62 TCPU     9609.02
 CHARGE NORMALIZATION FACTOR   1.00000000
 TOTAL ATOMIC CHARGES:
   6.0054993   6.0054993   6.0054993   6.0054993   6.0054993   6.0054993
   6.0054993   6.0054993   6.0054993   6.0054993   6.0054993   6.0054993
   6.0082982   6.0082982   6.0082982   6.0082982   6.0082982   6.0082982
   6.0082982   6.0082982   6.0082982   6.0082982   6.0082982   6.0082982
   6.0009913   6.0009913   6.0009913   6.0009913   6.0009913   6.0009913
   6.0009913   6.0009913   6.0009913   6.0009913   6.0009913   6.0009913
   6.0009038   6.0009038   6.0009038   6.0009038   6.0009038   6.0009038
   6.0009038   6.0009038   6.0009038   6.0009038   6.0009038   6.0009038
   5.9998800   5.9998800   5.9998800   5.9998800   5.9998800   5.9998800
   5.9998800   5.9998800   5.9998800   5.9998800   5.9998800   5.9998800
   5.9612715   5.9612715   5.9612715   5.9612715   5.9612715   5.9612715
   6.0149004   6.0149004   6.0149004   6.0149004   6.0149004   6.0149004
   6.0022835   6.0022835   6.0022835   6.0022835   6.0022835   6.0022835
   5.9947143   5.9947143   5.9947143   5.9947143   5.9947143   5.9947143
   5.9978029   5.9978029   5.9978029   5.9978029   5.9978029   5.9978029
   5.9910139   5.9910139   6.0008776   6.0008776   6.0008776   6.0008776
   6.0008776   6.0008776
 SUMMED SPIN DENSITY           0.00000000
 TOTAL ATOMIC SPINS  :
   0.0000000   0.0000000   0.0000000   0.0000000   0.0000000   0.0000000
   0.0000000   0.0000000   0.0000000   0.0000000   0.0000000   0.0000000
  -0.0000000  -0.0000000  -0.0000000  -0.0000000  -0.0000000  -0.0000000
  -0.0000000  -0.0000000  -0.0000000  -0.0000000  -0.0000000  -0.0000000
   0.0000000   0.0000000   0.0000000   0.0000000   0.0000000   0.0000000
   0.0000000   0.0000000   0.0000000   0.0000000   0.0000000   0.0000000
  -0.0000000  -0.0000000  -0.0000000  -0.0000000  -0.0000000  -0.0000000
  -0.0000000  -0.0000000  -0.0000000  -0.0000000  -0.0000000  -0.0000000
  -0.0000000  -0.0000000  -0.0000000  -0.0000000  -0.0000000  -0.0000000
  -0.0000000  -0.0000000  -0.0000000  -0.0000000  -0.0000000  -0.0000000
  -0.0000000  -0.0000000  -0.0000000  -0.0000000  -0.0000000  -0.0000000
  -0.0000000  -0.0000000  -0.0000000  -0.0000000  -0.0000000  -0.0000000
   0.0000000   0.0000000   0.0000000   0.0000000   0.0000000   0.0000000
  -0.0000000  -0.0000000  -0.0000000  -0.0000000  -0.0000000  -0.0000000
   0.0000000   0.0000000   0.0000000   0.0000000   0.0000000   0.0000000
  -0.0000000  -0.0000000   0.0000000   0.0000000   0.0000000   0.0000000
   0.0000000   0.0000000
 TTTTTTTTTTTTTTTTTTTTTTTTTTTTTT MOQGAD      TELAPSE     9622.67 TCPU     9609.07
 TTTTTTTTTTTTTTTTTTTTTTTTTTTTTT SHELLXN     TELAPSE     9722.66 TCPU     9709.03
 TTTTTTTTTTTTTTTTTTTTTTTTTTTTTT MONMO3      TELAPSE     9723.28 TCPU     9709.66
 NUMERICALLY INTEGRATED DENSITY    294.0000775505    294.0000775505
 TTTTTTTTTTTTTTTTTTTTTTTTTTTTTT NUMDFT      TELAPSE     9725.59 TCPU     9711.96
 CYC   1 ETOT(AU) -3.733161701577E+03 DETOT  3.03E+01 tst  0.00E+00 PX  1.00E+00
 TTTTTTTTTTTTTTTTTTTTTTTTTTTTTT DIIS        TELAPSE     9732.03 TCPU     9716.03
 DIIS TEST: 0.27307E+01 AT SCF   CYCLE   1 - MIX   30 %
 TTTTTTTTTTTTTTTTTTTTTTTTTTTTTT FDIK        TELAPSE    12256.66 TCPU    12236.60
 POSSIBLY CONDUCTING STATE - EFERMI(AU) -1.2308326E-01 (RES. CHARGE  1.48E-12;IT. 14)
 TTTTTTTTTTTTTTTTTTTTTTTTTTTTTT PDIG        TELAPSE    12309.81 TCPU    12288.57
 CHARGE NORMALIZATION FACTOR   1.00000000
 TOTAL ATOMIC CHARGES:
   5.9675451   5.9675451   5.9675451   5.9675451   5.9675451   5.9675451
   5.9675451   5.9675451   5.9675451   5.9675451   5.9675451   5.9675451
   5.9848743   5.9848743   5.9848743   5.9848743   5.9848743   5.9848743
   5.9848743   5.9848743   5.9848743   5.9848743   5.9848743   5.9848743
   6.0177706   6.0177706   6.0177706   6.0177706   6.0177706   6.0177706
   6.0177706   6.0177706   6.0177706   6.0177706   6.0177706   6.0177706
   5.9923269   5.9923269   5.9923269   5.9923269   5.9923269   5.9923269
   5.9923269   5.9923269   5.9923269   5.9923269   5.9923269   5.9923269
   5.9863777   5.9863777   5.9863777   5.9863777   5.9863777   5.9863777
   5.9863777   5.9863777   5.9863777   5.9863777   5.9863777   5.9863777
   6.1663338   6.1663338   6.1663338   6.1663338   6.1663338   6.1663338
   5.9773693   5.9773693   5.9773693   5.9773693   5.9773693   5.9773693
   5.9993242   5.9993242   5.9993242   5.9993242   5.9993242   5.9993242
   5.9852487   5.9852487   5.9852487   5.9852487   5.9852487   5.9852487
   5.9955360   5.9955360   5.9955360   5.9955360   5.9955360   5.9955360
   5.9960929   5.9960929   5.9797009   5.9797009   5.9797009   5.9797009
   5.9797009   5.9797009
 SUMMED SPIN DENSITY           0.00000000
 TOTAL ATOMIC SPINS  :
   0.0000000   0.0000000   0.0000000   0.0000000   0.0000000   0.0000000
   0.0000000   0.0000000   0.0000000   0.0000000   0.0000000   0.0000000
   0.0000000   0.0000000   0.0000000   0.0000000   0.0000000   0.0000000
   0.0000000   0.0000000   0.0000000   0.0000000   0.0000000   0.0000000
   0.0000000   0.0000000   0.0000000   0.0000000   0.0000000   0.0000000
   0.0000000   0.0000000   0.0000000   0.0000000   0.0000000   0.0000000
   0.0000000   0.0000000   0.0000000   0.0000000   0.0000000   0.0000000
   0.0000000   0.0000000   0.0000000   0.0000000   0.0000000   0.0000000
   0.0000000   0.0000000   0.0000000   0.0000000   0.0000000   0.0000000
   0.0000000   0.0000000   0.0000000   0.0000000   0.0000000   0.0000000
   0.0000000   0.0000000   0.0000000   0.0000000   0.0000000   0.0000000
  -0.0000000  -0.0000000  -0.0000000  -0.0000000  -0.0000000  -0.0000000
  -0.0000000  -0.0000000  -0.0000000  -0.0000000  -0.0000000  -0.0000000
  -0.0000000  -0.0000000  -0.0000000  -0.0000000  -0.0000000  -0.0000000
  -0.0000000  -0.0000000  -0.0000000  -0.0000000  -0.0000000  -0.0000000
   0.0000000   0.0000000  -0.0000000  -0.0000000  -0.0000000  -0.0000000
  -0.0000000  -0.0000000
 TTTTTTTTTTTTTTTTTTTTTTTTTTTTTT MOQGAD      TELAPSE    12309.86 TCPU    12288.62
 TTTTTTTTTTTTTTTTTTTTTTTTTTTTTT SHELLXN     TELAPSE    12409.93 TCPU    12388.55
 TTTTTTTTTTTTTTTTTTTTTTTTTTTTTT MONMO3      TELAPSE    12410.55 TCPU    12389.17
 NUMERICALLY INTEGRATED DENSITY    294.0000858196    294.0000858196
 TTTTTTTTTTTTTTTTTTTTTTTTTTTTTT NUMDFT      TELAPSE    12412.86 TCPU    12391.47
 CYC   2 ETOT(AU) -3.733226783368E+03 DETOT -6.51E-02 tst  1.28E-02 PX  8.74E-02
 TTTTTTTTTTTTTTTTTTTTTTTTTTTTTT DIIS        TELAPSE    12419.46 TCPU    12395.51
 DIIS TEST: 0.74604E+01 AT SCF   CYCLE   2 - DIIS ACTIVE - HISTORY:     2 CYCLES
 TTTTTTTTTTTTTTTTTTTTTTTTTTTTTT FDIK        TELAPSE    14471.75 TCPU    14442.60
 POSSIBLY CONDUCTING STATE - EFERMI(AU) -9.5303657E-02 (RES. CHARGE  4.44E-10;IT.  8)
 TTTTTTTTTTTTTTTTTTTTTTTTTTTTTT PDIG        TELAPSE    14529.00 TCPU    14496.44
 CHARGE NORMALIZATION FACTOR   1.00000000
 TOTAL ATOMIC CHARGES:
   6.0165644   6.0165644   6.0165644   6.0165644   6.0165644   6.0165644
   6.0165644   6.0165644   6.0165644   6.0165644   6.0165644   6.0165644
   5.9959245   5.9959245   5.9959245   5.9959245   5.9959245   5.9959245
   5.9959245   5.9959245   5.9959245   5.9959245   5.9959245   5.9959245
   5.9504421   5.9504421   5.9504421   5.9504421   5.9504421   5.9504421
   5.9504421   5.9504421   5.9504421   5.9504421   5.9504421   5.9504421
   6.0303624   6.0303624   6.0303624   6.0303624   6.0303624   6.0303624
   6.0303624   6.0303624   6.0303624   6.0303624   6.0303624   6.0303624
   6.0208052   6.0208052   6.0208052   6.0208052   6.0208052   6.0208052
   6.0208052   6.0208052   6.0208052   6.0208052   6.0208052   6.0208052
   5.8808662   5.8808662   5.8808662   5.8808662   5.8808662   5.8808662
   6.0013961   6.0013961   6.0013961   6.0013961   6.0013961   6.0013961
   5.9954534   5.9954534   5.9954534   5.9954534   5.9954534   5.9954534
   6.0223445   6.0223445   6.0223445   6.0223445   6.0223445   6.0223445
   6.0254294   6.0254294   6.0254294   6.0254294   6.0254294   6.0254294
   6.0431068   6.0431068   6.0319442   6.0319442   6.0319442   6.0319442
   6.0319442   6.0319442
 SUMMED SPIN DENSITY          -0.00000000
 TOTAL ATOMIC SPINS  :
   0.0000000   0.0000000   0.0000000   0.0000000   0.0000000   0.0000000
   0.0000000   0.0000000   0.0000000   0.0000000   0.0000000   0.0000000
   0.0000000   0.0000000   0.0000000   0.0000000   0.0000000   0.0000000
   0.0000000   0.0000000   0.0000000   0.0000000   0.0000000   0.0000000
   0.0000000   0.0000000   0.0000000   0.0000000   0.0000000   0.0000000
   0.0000000   0.0000000   0.0000000   0.0000000   0.0000000   0.0000000
   0.0000000   0.0000000   0.0000000   0.0000000   0.0000000   0.0000000
   0.0000000   0.0000000   0.0000000   0.0000000   0.0000000   0.0000000
   0.0000000   0.0000000   0.0000000   0.0000000   0.0000000   0.0000000
   0.0000000   0.0000000   0.0000000   0.0000000   0.0000000   0.0000000
   0.0000000   0.0000000   0.0000000   0.0000000   0.0000000   0.0000000
  -0.0000000  -0.0000000  -0.0000000  -0.0000000  -0.0000000  -0.0000000
  -0.0000000  -0.0000000  -0.0000000  -0.0000000  -0.0000000  -0.0000000
  -0.0000000  -0.0000000  -0.0000000  -0.0000000  -0.0000000  -0.0000000
  -0.0000000  -0.0000000  -0.0000000  -0.0000000  -0.0000000  -0.0000000
   0.0000000   0.0000000   0.0000000   0.0000000   0.0000000   0.0000000
   0.0000000   0.0000000
 TTTTTTTTTTTTTTTTTTTTTTTTTTTTTT MOQGAD      TELAPSE    14529.05 TCPU    14496.49
 TTTTTTTTTTTTTTTTTTTTTTTTTTTTTT SHELLXN     TELAPSE    14629.07 TCPU    14596.40
 TTTTTTTTTTTTTTTTTTTTTTTTTTTTTT MONMO3      TELAPSE    14629.69 TCPU    14597.03
 NUMERICALLY INTEGRATED DENSITY    294.0000782131    294.0000782131
 TTTTTTTTTTTTTTTTTTTTTTTTTTTTTT NUMDFT      TELAPSE    14632.00 TCPU    14599.34
 CYC   3 ETOT(AU) -3.733142170002E+03 DETOT  8.46E-02 tst  1.16E-01 PX  6.17E-02
 TTTTTTTTTTTTTTTTTTTTTTTTTTTTTT DIIS        TELAPSE    14638.54 TCPU    14603.26
 DIIS TEST: 0.10611E+02 AT SCF   CYCLE   3 - DIIS ACTIVE - HISTORY:     3 CYCLES
 TTTTTTTTTTTTTTTTTTTTTTTTTTTTTT FDIK        TELAPSE    16748.98 TCPU    16704.25
 POSSIBLY CONDUCTING STATE - EFERMI(AU) -1.0616443E-01 (RES. CHARGE  0.00E+00;IT. 14)
 TTTTTTTTTTTTTTTTTTTTTTTTTTTTTT PDIG        TELAPSE    16802.55 TCPU    16756.42
 CHARGE NORMALIZATION FACTOR   1.00000000
 TOTAL ATOMIC CHARGES:
   6.0050115   6.0050115   6.0050115   6.0050115   6.0050115   6.0050115
   6.0050115   6.0050115   6.0050115   6.0050115   6.0050115   6.0050115
   6.0335531   6.0335531   6.0335531   6.0335531   6.0335531   6.0335531
   6.0335531   6.0335531   6.0335531   6.0335531   6.0335531   6.0335531
   6.0330603   6.0330603   6.0330603   6.0330603   6.0330603   6.0330603
   6.0330603   6.0330603   6.0330603   6.0330603   6.0330603   6.0330603
   5.9785118   5.9785118   5.9785118   5.9785118   5.9785118   5.9785118
   5.9785118   5.9785118   5.9785118   5.9785118   5.9785118   5.9785118
   5.9920168   5.9920168   5.9920168   5.9920168   5.9920168   5.9920168
   5.9920168   5.9920168   5.9920168   5.9920168   5.9920168   5.9920168
   5.9373376   5.9373376   5.9373376   5.9373376   5.9373376   5.9373376
   6.0327995   6.0327995   6.0327995   6.0327995   6.0327995   6.0327995
   6.0240872   6.0240872   6.0240872   6.0240872   6.0240872   6.0240872
   5.9793612   5.9793612   5.9793612   5.9793612   5.9793612   5.9793612
   5.9700371   5.9700371   5.9700371   5.9700371   5.9700371   5.9700371
   5.9530457   5.9530457   5.9877219   5.9877219   5.9877219   5.9877219
   5.9877219   5.9877219
 SUMMED SPIN DENSITY          -0.00000000
 TOTAL ATOMIC SPINS  :
  -0.0000000  -0.0000000  -0.0000000  -0.0000000  -0.0000000  -0.0000000
  -0.0000000  -0.0000000  -0.0000000  -0.0000000  -0.0000000  -0.0000000
   0.0000000   0.0000000   0.0000000   0.0000000   0.0000000   0.0000000
   0.0000000   0.0000000   0.0000000   0.0000000   0.0000000   0.0000000
   0.0000000   0.0000000   0.0000000   0.0000000   0.0000000   0.0000000
   0.0000000   0.0000000   0.0000000   0.0000000   0.0000000   0.0000000
  -0.0000000  -0.0000000  -0.0000000  -0.0000000  -0.0000000  -0.0000000
  -0.0000000  -0.0000000  -0.0000000  -0.0000000  -0.0000000  -0.0000000
   0.0000000   0.0000000   0.0000000   0.0000000   0.0000000   0.0000000
   0.0000000   0.0000000   0.0000000   0.0000000   0.0000000   0.0000000
   0.0000000   0.0000000   0.0000000   0.0000000   0.0000000   0.0000000
  -0.0000000  -0.0000000  -0.0000000  -0.0000000  -0.0000000  -0.0000000
  -0.0000000  -0.0000000  -0.0000000  -0.0000000  -0.0000000  -0.0000000
  -0.0000000  -0.0000000  -0.0000000  -0.0000000  -0.0000000  -0.0000000
   0.0000000   0.0000000   0.0000000   0.0000000   0.0000000   0.0000000
  -0.0000000  -0.0000000  -0.0000000  -0.0000000  -0.0000000  -0.0000000
  -0.0000000  -0.0000000
 TTTTTTTTTTTTTTTTTTTTTTTTTTTTTT MOQGAD      TELAPSE    16802.60 TCPU    16756.47
 TTTTTTTTTTTTTTTTTTTTTTTTTTTTTT SHELLXN     TELAPSE    16902.50 TCPU    16856.32
 TTTTTTTTTTTTTTTTTTTTTTTTTTTTTT MONMO3      TELAPSE    16903.13 TCPU    16856.94
 NUMERICALLY INTEGRATED DENSITY    294.0000799508    294.0000799508
 TTTTTTTTTTTTTTTTTTTTTTTTTTTTTT NUMDFT      TELAPSE    16905.43 TCPU    16859.25
 CYC   4 ETOT(AU) -3.733368602149E+03 DETOT -2.26E-01 tst  2.32E-02 PX  3.98E-02
 TTTTTTTTTTTTTTTTTTTTTTTTTTTTTT DIIS        TELAPSE    16911.67 TCPU    16863.15
 DIIS TEST: 0.20701E+01 AT SCF   CYCLE   4 - DIIS ACTIVE - HISTORY:     4 CYCLES
 TTTTTTTTTTTTTTTTTTTTTTTTTTTTTT FDIK        TELAPSE    19077.75 TCPU    19025.97
 POSSIBLY CONDUCTING STATE - EFERMI(AU) -1.0844952E-01 (RES. CHARGE  8.98E-12;IT. 10)
 TTTTTTTTTTTTTTTTTTTTTTTTTTTTTT PDIG        TELAPSE    19131.22 TCPU    19077.89
 CHARGE NORMALIZATION FACTOR   1.00000000
 TOTAL ATOMIC CHARGES:
   5.9967920   5.9967920   5.9967920   5.9967920   5.9967920   5.9967920
   5.9967920   5.9967920   5.9967920   5.9967920   5.9967920   5.9967920
   5.9959399   5.9959399   5.9959399   5.9959399   5.9959399   5.9959399
   5.9959399   5.9959399   5.9959399   5.9959399   5.9959399   5.9959399
   5.9980255   5.9980255   5.9980255   5.9980255   5.9980255   5.9980255
   5.9980255   5.9980255   5.9980255   5.9980255   5.9980255   5.9980255
   6.0050642   6.0050642   6.0050642   6.0050642   6.0050642   6.0050642
   6.0050642   6.0050642   6.0050642   6.0050642   6.0050642   6.0050642
   5.9998600   5.9998600   5.9998600   5.9998600   5.9998600   5.9998600
   5.9998600   5.9998600   5.9998600   5.9998600   5.9998600   5.9998600
   6.0144785   6.0144785   6.0144785   6.0144785   6.0144785   6.0144785
   5.9922750   5.9922750   5.9922750   5.9922750   5.9922750   5.9922750
   5.9951088   5.9951088   5.9951088   5.9951088   5.9951088   5.9951088
   5.9985066   5.9985066   5.9985066   5.9985066   5.9985066   5.9985066
   6.0067110   6.0067110   6.0067110   6.0067110   6.0067110   6.0067110
   6.0061497   6.0061497   5.9995069   5.9995069   5.9995069   5.9995069
   5.9995069   5.9995069
 SUMMED SPIN DENSITY          -0.00000000
 TOTAL ATOMIC SPINS  :
   0.0000000   0.0000000   0.0000000   0.0000000   0.0000000   0.0000000
   0.0000000   0.0000000   0.0000000   0.0000000   0.0000000   0.0000000
   0.0000000   0.0000000   0.0000000   0.0000000   0.0000000   0.0000000
   0.0000000   0.0000000   0.0000000   0.0000000   0.0000000   0.0000000
  -0.0000000  -0.0000000  -0.0000000  -0.0000000  -0.0000000  -0.0000000
  -0.0000000  -0.0000000  -0.0000000  -0.0000000  -0.0000000  -0.0000000
   0.0000000   0.0000000   0.0000000   0.0000000   0.0000000   0.0000000
   0.0000000   0.0000000   0.0000000   0.0000000   0.0000000   0.0000000
  -0.0000000  -0.0000000  -0.0000000  -0.0000000  -0.0000000  -0.0000000
  -0.0000000  -0.0000000  -0.0000000  -0.0000000  -0.0000000  -0.0000000
   0.0000000   0.0000000   0.0000000   0.0000000   0.0000000   0.0000000
  -0.0000000  -0.0000000  -0.0000000  -0.0000000  -0.0000000  -0.0000000
   0.0000000   0.0000000   0.0000000   0.0000000   0.0000000   0.0000000
   0.0000000   0.0000000   0.0000000   0.0000000   0.0000000   0.0000000
   0.0000000   0.0000000   0.0000000   0.0000000   0.0000000   0.0000000
   0.0000000   0.0000000   0.0000000   0.0000000   0.0000000   0.0000000
   0.0000000   0.0000000
 TTTTTTTTTTTTTTTTTTTTTTTTTTTTTT MOQGAD      TELAPSE    19131.27 TCPU    19077.95
 TTTTTTTTTTTTTTTTTTTTTTTTTTTTTT SHELLXN     TELAPSE    19231.71 TCPU    19178.28
 TTTTTTTTTTTTTTTTTTTTTTTTTTTTTT MONMO3      TELAPSE    19232.33 TCPU    19178.90
 NUMERICALLY INTEGRATED DENSITY    294.0000802668    294.0000802668
 TTTTTTTTTTTTTTTTTTTTTTTTTTTTTT NUMDFT      TELAPSE    19234.64 TCPU    19181.21
 CYC   5 ETOT(AU) -3.733424923315E+03 DETOT -5.63E-02 tst  3.95E-04 PX  1.76E-02
 TTTTTTTTTTTTTTTTTTTTTTTTTTTTTT DIIS        TELAPSE    19241.31 TCPU    19185.16
 DIIS TEST: 0.49866E-01 AT SCF   CYCLE   5 - DIIS ACTIVE - HISTORY:     5 CYCLES
 TTTTTTTTTTTTTTTTTTTTTTTTTTTTTT FDIK        TELAPSE    21730.53 TCPU    21670.30
 POSSIBLY CONDUCTING STATE - EFERMI(AU) -1.1006009E-01 (RES. CHARGE  0.00E+00;IT. 10)
 TTTTTTTTTTTTTTTTTTTTTTTTTTTTTT PDIG        TELAPSE    21783.76 TCPU    21722.11
 CHARGE NORMALIZATION FACTOR   1.00000000
 TOTAL ATOMIC CHARGES:
   5.9929916   5.9929916   5.9929916   5.9929916   5.9929916   5.9929916
   5.9929916   5.9929916   5.9929916   5.9929916   5.9929916   5.9929916
   6.0011742   6.0011742   6.0011742   6.0011742   6.0011742   6.0011742
   6.0011742   6.0011742   6.0011742   6.0011742   6.0011742   6.0011742
   5.9966479   5.9966479   5.9966479   5.9966479   5.9966479   5.9966479
   5.9966479   5.9966479   5.9966479   5.9966479   5.9966479   5.9966479
   6.0007495   6.0007495   6.0007495   6.0007495   6.0007495   6.0007495
   6.0007495   6.0007495   6.0007495   6.0007495   6.0007495   6.0007495
   6.0013796   6.0013796   6.0013796   6.0013796   6.0013796   6.0013796
   6.0013796   6.0013796   6.0013796   6.0013796   6.0013796   6.0013796
   6.0082260   6.0082260   6.0082260   6.0082260   6.0082260   6.0082260
   6.0019794   6.0019794   6.0019794   6.0019794   6.0019794   6.0019794
   6.0088664   6.0088664   6.0088664   6.0088664   6.0088664   6.0088664
   5.9974834   5.9974834   5.9974834   5.9974834   5.9974834   5.9974834
   5.9961567   5.9961567   5.9961567   5.9961567   5.9961567   5.9961567
   5.9963873   5.9963873   6.0026066   6.0026066   6.0026066   6.0026066
   6.0026066   6.0026066
 SUMMED SPIN DENSITY           0.00000000
 TOTAL ATOMIC SPINS  :
  -0.0000000  -0.0000000  -0.0000000  -0.0000000  -0.0000000  -0.0000000
  -0.0000000  -0.0000000  -0.0000000  -0.0000000  -0.0000000  -0.0000000
   0.0000000   0.0000000   0.0000000   0.0000000   0.0000000   0.0000000
   0.0000000   0.0000000   0.0000000   0.0000000   0.0000000   0.0000000
  -0.0000000  -0.0000000  -0.0000000  -0.0000000  -0.0000000  -0.0000000
  -0.0000000  -0.0000000  -0.0000000  -0.0000000  -0.0000000  -0.0000000
   0.0000000   0.0000000   0.0000000   0.0000000   0.0000000   0.0000000
   0.0000000   0.0000000   0.0000000   0.0000000   0.0000000   0.0000000
  -0.0000000  -0.0000000  -0.0000000  -0.0000000  -0.0000000  -0.0000000
  -0.0000000  -0.0000000  -0.0000000  -0.0000000  -0.0000000  -0.0000000
   0.0000000   0.0000000   0.0000000   0.0000000   0.0000000   0.0000000
  -0.0000000  -0.0000000  -0.0000000  -0.0000000  -0.0000000  -0.0000000
  -0.0000000  -0.0000000  -0.0000000  -0.0000000  -0.0000000  -0.0000000
  -0.0000000  -0.0000000  -0.0000000  -0.0000000  -0.0000000  -0.0000000
  -0.0000000  -0.0000000  -0.0000000  -0.0000000  -0.0000000  -0.0000000
   0.0000000   0.0000000   0.0000000   0.0000000   0.0000000   0.0000000
   0.0000000   0.0000000
 TTTTTTTTTTTTTTTTTTTTTTTTTTTTTT MOQGAD      TELAPSE    21783.82 TCPU    21722.16
 TTTTTTTTTTTTTTTTTTTTTTTTTTTTTT SHELLXN     TELAPSE    21883.33 TCPU    21821.54
 TTTTTTTTTTTTTTTTTTTTTTTTTTTTTT MONMO3      TELAPSE    21883.95 TCPU    21822.16
 NUMERICALLY INTEGRATED DENSITY    294.0000803068    294.0000803068
 TTTTTTTTTTTTTTTTTTTTTTTTTTTTTT NUMDFT      TELAPSE    21886.26 TCPU    21824.47
 CYC   6 ETOT(AU) -3.733426292556E+03 DETOT -1.37E-03 tst  5.73E-05 PX  3.87E-03
 TTTTTTTTTTTTTTTTTTTTTTTTTTTTTT DIIS        TELAPSE    21892.70 TCPU    21828.50
 DIIS TEST: 0.86636E-02 AT SCF   CYCLE   6 - DIIS ACTIVE - HISTORY:     6 CYCLES
 TTTTTTTTTTTTTTTTTTTTTTTTTTTTTT FDIK        TELAPSE    23979.88 TCPU    23912.24
 POSSIBLY CONDUCTING STATE - EFERMI(AU) -1.0989752E-01 (RES. CHARGE  1.14E-13;IT.  8)
 TTTTTTTTTTTTTTTTTTTTTTTTTTTTTT PDIG        TELAPSE    24033.42 TCPU    23964.09
 CHARGE NORMALIZATION FACTOR   1.00000000
 TOTAL ATOMIC CHARGES:
   5.9959322   5.9959322   5.9959322   5.9959322   5.9959322   5.9959322
   5.9959322   5.9959322   5.9959322   5.9959322   5.9959322   5.9959322
   6.0006477   6.0006477   6.0006477   6.0006477   6.0006477   6.0006477
   6.0006477   6.0006477   6.0006477   6.0006477   6.0006477   6.0006477
   6.0016518   6.0016518   6.0016518   6.0016518   6.0016518   6.0016518
   6.0016518   6.0016518   6.0016518   6.0016518   6.0016518   6.0016518
   6.0017954   6.0017954   6.0017954   6.0017954   6.0017954   6.0017954
   6.0017954   6.0017954   6.0017954   6.0017954   6.0017954   6.0017954
   5.9986264   5.9986264   5.9986264   5.9986264   5.9986264   5.9986264
   5.9986264   5.9986264   5.9986264   5.9986264   5.9986264   5.9986264
   6.0061396   6.0061396   6.0061396   6.0061396   6.0061396   6.0061396
   6.0005676   6.0005676   6.0005676   6.0005676   6.0005676   6.0005676
   5.9997351   5.9997351   5.9997351   5.9997351   5.9997351   5.9997351
   5.9960187   5.9960187   5.9960187   5.9960187   5.9960187   5.9960187
   6.0026602   6.0026602   6.0026602   6.0026602   6.0026602   6.0026602
   6.0027729   6.0027729   5.9966474   5.9966474   5.9966474   5.9966474
   5.9966474   5.9966474
 SUMMED SPIN DENSITY          -0.00000000
 TOTAL ATOMIC SPINS  :
  -0.0000000  -0.0000000  -0.0000000  -0.0000000  -0.0000000  -0.0000000
  -0.0000000  -0.0000000  -0.0000000  -0.0000000  -0.0000000  -0.0000000
   0.0000000   0.0000000   0.0000000   0.0000000   0.0000000   0.0000000
   0.0000000   0.0000000   0.0000000   0.0000000   0.0000000   0.0000000
  -0.0000000  -0.0000000  -0.0000000  -0.0000000  -0.0000000  -0.0000000
  -0.0000000  -0.0000000  -0.0000000  -0.0000000  -0.0000000  -0.0000000
  -0.0000000  -0.0000000  -0.0000000  -0.0000000  -0.0000000  -0.0000000
  -0.0000000  -0.0000000  -0.0000000  -0.0000000  -0.0000000  -0.0000000
   0.0000000   0.0000000   0.0000000   0.0000000   0.0000000   0.0000000
   0.0000000   0.0000000   0.0000000   0.0000000   0.0000000   0.0000000
   0.0000000   0.0000000   0.0000000   0.0000000   0.0000000   0.0000000
  -0.0000000  -0.0000000  -0.0000000  -0.0000000  -0.0000000  -0.0000000
  -0.0000000  -0.0000000  -0.0000000  -0.0000000  -0.0000000  -0.0000000
   0.0000000   0.0000000   0.0000000   0.0000000   0.0000000   0.0000000
   0.0000000   0.0000000   0.0000000   0.0000000   0.0000000   0.0000000
   0.0000000   0.0000000   0.0000000   0.0000000   0.0000000   0.0000000
   0.0000000   0.0000000
 TTTTTTTTTTTTTTTTTTTTTTTTTTTTTT MOQGAD      TELAPSE    24033.47 TCPU    23964.14
 TTTTTTTTTTTTTTTTTTTTTTTTTTTTTT SHELLXN     TELAPSE    24133.35 TCPU    24063.97
 TTTTTTTTTTTTTTTTTTTTTTTTTTTTTT MONMO3      TELAPSE    24133.98 TCPU    24064.59
 NUMERICALLY INTEGRATED DENSITY    294.0000802242    294.0000802242
 TTTTTTTTTTTTTTTTTTTTTTTTTTTTTT NUMDFT      TELAPSE    24136.29 TCPU    24066.90
 CYC   7 ETOT(AU) -3.733426477623E+03 DETOT -1.85E-04 tst  2.20E-06 PX  1.99E-03
 TTTTTTTTTTTTTTTTTTTTTTTTTTTTTT DIIS        TELAPSE    24143.24 TCPU    24070.59
 DIIS TEST: 0.24207E-02 AT SCF   CYCLE   7 - DIIS ACTIVE - HISTORY:     7 CYCLES
 TTTTTTTTTTTTTTTTTTTTTTTTTTTTTT FDIK        TELAPSE    26267.99 TCPU    26191.44
 POSSIBLY CONDUCTING STATE - EFERMI(AU) -1.0981921E-01 (RES. CHARGE  1.93E-10;IT.  6)
 TTTTTTTTTTTTTTTTTTTTTTTTTTTTTT PDIG        TELAPSE    26321.81 TCPU    26243.63
 CHARGE NORMALIZATION FACTOR   1.00000000
 TOTAL ATOMIC CHARGES:
   5.9968294   5.9968294   5.9968294   5.9968294   5.9968294   5.9968294
   5.9968294   5.9968294   5.9968294   5.9968294   5.9968294   5.9968294
   6.0003061   6.0003061   6.0003061   6.0003061   6.0003061   6.0003061
   6.0003061   6.0003061   6.0003061   6.0003061   6.0003061   6.0003061
   6.0005288   6.0005288   6.0005288   6.0005288   6.0005288   6.0005288
   6.0005288   6.0005288   6.0005288   6.0005288   6.0005288   6.0005288
   6.0011335   6.0011335   6.0011335   6.0011335   6.0011335   6.0011335
   6.0011335   6.0011335   6.0011335   6.0011335   6.0011335   6.0011335
   6.0001200   6.0001200   6.0001200   6.0001200   6.0001200   6.0001200
   6.0001200   6.0001200   6.0001200   6.0001200   6.0001200   6.0001200
   6.0087644   6.0087644   6.0087644   6.0087644   6.0087644   6.0087644
   5.9982319   5.9982319   5.9982319   5.9982319   5.9982319   5.9982319
   6.0006924   6.0006924   6.0006924   6.0006924   6.0006924   6.0006924
   5.9961432   5.9961432   5.9961432   5.9961432   5.9961432   5.9961432
   5.9996491   5.9996491   5.9996491   5.9996491   5.9996491   5.9996491
   5.9972795   5.9972795   5.9995903   5.9995903   5.9995903   5.9995903
   5.9995903   5.9995903
 SUMMED SPIN DENSITY          -0.00000000
 TOTAL ATOMIC SPINS  :
  -0.0000000  -0.0000000  -0.0000000  -0.0000000  -0.0000000  -0.0000000
  -0.0000000  -0.0000000  -0.0000000  -0.0000000  -0.0000000  -0.0000000
   0.0000000   0.0000000   0.0000000   0.0000000   0.0000000   0.0000000
   0.0000000   0.0000000   0.0000000   0.0000000   0.0000000   0.0000000
  -0.0000000  -0.0000000  -0.0000000  -0.0000000  -0.0000000  -0.0000000
  -0.0000000  -0.0000000  -0.0000000  -0.0000000  -0.0000000  -0.0000000
  -0.0000000  -0.0000000  -0.0000000  -0.0000000  -0.0000000  -0.0000000
  -0.0000000  -0.0000000  -0.0000000  -0.0000000  -0.0000000  -0.0000000
   0.0000000   0.0000000   0.0000000   0.0000000   0.0000000   0.0000000
   0.0000000   0.0000000   0.0000000   0.0000000   0.0000000   0.0000000
  -0.0000000  -0.0000000  -0.0000000  -0.0000000  -0.0000000  -0.0000000
   0.0000000   0.0000000   0.0000000   0.0000000   0.0000000   0.0000000
  -0.0000000  -0.0000000  -0.0000000  -0.0000000  -0.0000000  -0.0000000
   0.0000000   0.0000000   0.0000000   0.0000000   0.0000000   0.0000000
   0.0000000   0.0000000   0.0000000   0.0000000   0.0000000   0.0000000
   0.0000000   0.0000000   0.0000000   0.0000000   0.0000000   0.0000000
   0.0000000   0.0000000
 TTTTTTTTTTTTTTTTTTTTTTTTTTTTTT MOQGAD      TELAPSE    26321.86 TCPU    26243.68
 TTTTTTTTTTTTTTTTTTTTTTTTTTTTTT SHELLXN     TELAPSE    26422.08 TCPU    26343.81
 TTTTTTTTTTTTTTTTTTTTTTTTTTTTTT MONMO3      TELAPSE    26422.71 TCPU    26344.43
 NUMERICALLY INTEGRATED DENSITY    294.0000802727    294.0000802728
 TTTTTTTTTTTTTTTTTTTTTTTTTTTTTT NUMDFT      TELAPSE    26425.01 TCPU    26346.74
 CYC   8 ETOT(AU) -3.733426527349E+03 DETOT -4.97E-05 tst  6.14E-07 PX  1.30E-03
 TTTTTTTTTTTTTTTTTTTTTTTTTTTTTT DIIS        TELAPSE    26433.23 TCPU    26350.42
 DIIS TEST: 0.80817E-03 AT SCF   CYCLE   8 - DIIS ACTIVE - HISTORY:     8 CYCLES
 TTTTTTTTTTTTTTTTTTTTTTTTTTTTTT FDIK        TELAPSE    28410.89 TCPU    28316.22
 POSSIBLY CONDUCTING STATE - EFERMI(AU) -1.0986111E-01 (RES. CHARGE  3.37E-10;IT.  6)
 TTTTTTTTTTTTTTTTTTTTTTTTTTTTTT PDIG        TELAPSE    28466.23 TCPU    28369.86
 CHARGE NORMALIZATION FACTOR   1.00000000
 TOTAL ATOMIC CHARGES:
   5.9954279   5.9954279   5.9954279   5.9954279   5.9954279   5.9954279
   5.9954279   5.9954279   5.9954279   5.9954279   5.9954279   5.9954279
   6.0006093   6.0006093   6.0006093   6.0006093   6.0006093   6.0006093
   6.0006093   6.0006093   6.0006093   6.0006093   6.0006093   6.0006093
   6.0004619   6.0004619   6.0004619   6.0004619   6.0004619   6.0004619
   6.0004619   6.0004619   6.0004619   6.0004619   6.0004619   6.0004619
   6.0014615   6.0014615   6.0014615   6.0014615   6.0014615   6.0014615
   6.0014615   6.0014615   6.0014615   6.0014615   6.0014615   6.0014615
   5.9994732   5.9994732   5.9994732   5.9994732   5.9994732   5.9994732
   5.9994732   5.9994732   5.9994732   5.9994732   5.9994732   5.9994732
   6.0077661   6.0077661   6.0077661   6.0077661   6.0077661   6.0077661
   5.9995411   5.9995411   5.9995411   5.9995411   5.9995411   5.9995411
   6.0023468   6.0023468   6.0023468   6.0023468   6.0023468   6.0023468
   5.9967775   5.9967775   5.9967775   5.9967775   5.9967775   5.9967775
   6.0002922   6.0002922   6.0002922   6.0002922   6.0002922   6.0002922
   5.9989647   5.9989647   5.9987539   5.9987539   5.9987539   5.9987539
   5.9987539   5.9987539
 SUMMED SPIN DENSITY          -0.00000000
 TOTAL ATOMIC SPINS  :
  -0.0000000  -0.0000000  -0.0000000  -0.0000000  -0.0000000  -0.0000000
  -0.0000000  -0.0000000  -0.0000000  -0.0000000  -0.0000000  -0.0000000
  -0.0000000  -0.0000000  -0.0000000  -0.0000000  -0.0000000  -0.0000000
  -0.0000000  -0.0000000  -0.0000000  -0.0000000  -0.0000000  -0.0000000
   0.0000000   0.0000000   0.0000000   0.0000000   0.0000000   0.0000000
   0.0000000   0.0000000   0.0000000   0.0000000   0.0000000   0.0000000
  -0.0000000  -0.0000000  -0.0000000  -0.0000000  -0.0000000  -0.0000000
  -0.0000000  -0.0000000  -0.0000000  -0.0000000  -0.0000000  -0.0000000
  -0.0000000  -0.0000000  -0.0000000  -0.0000000  -0.0000000  -0.0000000
  -0.0000000  -0.0000000  -0.0000000  -0.0000000  -0.0000000  -0.0000000
   0.0000000   0.0000000   0.0000000   0.0000000   0.0000000   0.0000000
  -0.0000000  -0.0000000  -0.0000000  -0.0000000  -0.0000000  -0.0000000
   0.0000000   0.0000000   0.0000000   0.0000000   0.0000000   0.0000000
   0.0000000   0.0000000   0.0000000   0.0000000   0.0000000   0.0000000
   0.0000000   0.0000000   0.0000000   0.0000000   0.0000000   0.0000000
  -0.0000000  -0.0000000   0.0000000   0.0000000   0.0000000   0.0000000
   0.0000000   0.0000000
 TTTTTTTTTTTTTTTTTTTTTTTTTTTTTT MOQGAD      TELAPSE    28466.28 TCPU    28369.91
 TTTTTTTTTTTTTTTTTTTTTTTTTTTTTT SHELLXN     TELAPSE    28566.31 TCPU    28469.83
 TTTTTTTTTTTTTTTTTTTTTTTTTTTTTT MONMO3      TELAPSE    28566.93 TCPU    28470.46
 NUMERICALLY INTEGRATED DENSITY    294.0000802501    294.0000802501
 TTTTTTTTTTTTTTTTTTTTTTTTTTTTTT NUMDFT      TELAPSE    28569.24 TCPU    28472.76
 CYC   9 ETOT(AU) -3.733426550334E+03 DETOT -2.30E-05 tst  1.36E-07 PX  3.62E-04
 TTTTTTTTTTTTTTTTTTTTTTTTTTTTTT DIIS        TELAPSE    28575.77 TCPU    28477.03
 DIIS TEST: 0.45084E-04 AT SCF   CYCLE   9 - DIIS ACTIVE - HISTORY:     9 CYCLES
 TTTTTTTTTTTTTTTTTTTTTTTTTTTTTT FDIK        TELAPSE    30833.44 TCPU    30719.15
 POSSIBLY CONDUCTING STATE - EFERMI(AU) -1.0986531E-01 (RES. CHARGE  1.73E-11;IT.  6)
 TTTTTTTTTTTTTTTTTTTTTTTTTTTTTT PDIG        TELAPSE    30886.14 TCPU    30770.60
 CHARGE NORMALIZATION FACTOR   1.00000000
 TOTAL ATOMIC CHARGES:
   5.9956726   5.9956726   5.9956726   5.9956726   5.9956726   5.9956726
   5.9956726   5.9956726   5.9956726   5.9956726   5.9956726   5.9956726
   6.0005650   6.0005650   6.0005650   6.0005650   6.0005650   6.0005650
   6.0005650   6.0005650   6.0005650   6.0005650   6.0005650   6.0005650
   6.0004380   6.0004380   6.0004380   6.0004380   6.0004380   6.0004380
   6.0004380   6.0004380   6.0004380   6.0004380   6.0004380   6.0004380
   6.0012448   6.0012448   6.0012448   6.0012448   6.0012448   6.0012448
   6.0012448   6.0012448   6.0012448   6.0012448   6.0012448   6.0012448
   5.9997276   5.9997276   5.9997276   5.9997276   5.9997276   5.9997276
   5.9997276   5.9997276   5.9997276   5.9997276   5.9997276   5.9997276
   6.0076477   6.0076477   6.0076477   6.0076477   6.0076477   6.0076477
   5.9998487   5.9998487   5.9998487   5.9998487   5.9998487   5.9998487
   6.0018439   6.0018439   6.0018439   6.0018439   6.0018439   6.0018439
   5.9962119   5.9962119   5.9962119   5.9962119   5.9962119   5.9962119
   6.0003338   6.0003338   6.0003338   6.0003338   6.0003338   6.0003338
   5.9994189   5.9994189   5.9990117   5.9990117   5.9990117   5.9990117
   5.9990117   5.9990117
 SUMMED SPIN DENSITY          -0.00000000
 TOTAL ATOMIC SPINS  :
  -0.0000000  -0.0000000  -0.0000000  -0.0000000  -0.0000000  -0.0000000
  -0.0000000  -0.0000000  -0.0000000  -0.0000000  -0.0000000  -0.0000000
  -0.0000000  -0.0000000  -0.0000000  -0.0000000  -0.0000000  -0.0000000
  -0.0000000  -0.0000000  -0.0000000  -0.0000000  -0.0000000  -0.0000000
   0.0000000   0.0000000   0.0000000   0.0000000   0.0000000   0.0000000
   0.0000000   0.0000000   0.0000000   0.0000000   0.0000000   0.0000000
   0.0000000   0.0000000   0.0000000   0.0000000   0.0000000   0.0000000
   0.0000000   0.0000000   0.0000000   0.0000000   0.0000000   0.0000000
  -0.0000000  -0.0000000  -0.0000000  -0.0000000  -0.0000000  -0.0000000
  -0.0000000  -0.0000000  -0.0000000  -0.0000000  -0.0000000  -0.0000000
   0.0000000   0.0000000   0.0000000   0.0000000   0.0000000   0.0000000
  -0.0000000  -0.0000000  -0.0000000  -0.0000000  -0.0000000  -0.0000000
  -0.0000000  -0.0000000  -0.0000000  -0.0000000  -0.0000000  -0.0000000
   0.0000000   0.0000000   0.0000000   0.0000000   0.0000000   0.0000000
   0.0000000   0.0000000   0.0000000   0.0000000   0.0000000   0.0000000
  -0.0000000  -0.0000000   0.0000000   0.0000000   0.0000000   0.0000000
   0.0000000   0.0000000
 TTTTTTTTTTTTTTTTTTTTTTTTTTTTTT MOQGAD      TELAPSE    30886.19 TCPU    30770.65
 TTTTTTTTTTTTTTTTTTTTTTTTTTTTTT SHELLXN     TELAPSE    30985.69 TCPU    30870.07
 TTTTTTTTTTTTTTTTTTTTTTTTTTTTTT MONMO3      TELAPSE    30986.32 TCPU    30870.71
 NUMERICALLY INTEGRATED DENSITY    294.0000802543    294.0000802543
 TTTTTTTTTTTTTTTTTTTTTTTTTTTTTT NUMDFT      TELAPSE    30988.62 TCPU    30873.01
 CYC  10 ETOT(AU) -3.733426551636E+03 DETOT -1.30E-06 tst  1.46E-08 PX  1.23E-04
 TTTTTTTTTTTTTTTTTTTTTTTTTTTTTT DIIS        TELAPSE    30995.39 TCPU    30877.33
 DIIS TEST: 0.10953E-04 AT SCF   CYCLE  10 - DIIS ACTIVE - HISTORY:    10 CYCLES
 TTTTTTTTTTTTTTTTTTTTTTTTTTTTTT FDIK        TELAPSE    33129.55 TCPU    33007.31
 POSSIBLY CONDUCTING STATE - EFERMI(AU) -1.0986466E-01 (RES. CHARGE  1.14E-13;IT.  6)
 TTTTTTTTTTTTTTTTTTTTTTTTTTTTTT PDIG        TELAPSE    33183.22 TCPU    33059.58
 CHARGE NORMALIZATION FACTOR   1.00000000
 TOTAL ATOMIC CHARGES:
   5.9957440   5.9957440   5.9957440   5.9957440   5.9957440   5.9957440
   5.9957440   5.9957440   5.9957440   5.9957440   5.9957440   5.9957440
   6.0006126   6.0006126   6.0006126   6.0006126   6.0006126   6.0006126
   6.0006126   6.0006126   6.0006126   6.0006126   6.0006126   6.0006126
   6.0004276   6.0004276   6.0004276   6.0004276   6.0004276   6.0004276
   6.0004276   6.0004276   6.0004276   6.0004276   6.0004276   6.0004276
   6.0013562   6.0013562   6.0013562   6.0013562   6.0013562   6.0013562
   6.0013562   6.0013562   6.0013562   6.0013562   6.0013562   6.0013562
   5.9996219   5.9996219   5.9996219   5.9996219   5.9996219   5.9996219
   5.9996219   5.9996219   5.9996219   5.9996219   5.9996219   5.9996219
   6.0077831   6.0077831   6.0077831   6.0077831   6.0077831   6.0077831
   5.9995710   5.9995710   5.9995710   5.9995710   5.9995710   5.9995710
   6.0018953   6.0018953   6.0018953   6.0018953   6.0018953   6.0018953
   5.9964900   5.9964900   5.9964900   5.9964900   5.9964900   5.9964900
   6.0002806   6.0002806   6.0002806   6.0002806   6.0002806   6.0002806
   5.9990634   5.9990634   5.9987677   5.9987677   5.9987677   5.9987677
   5.9987677   5.9987677
 SUMMED SPIN DENSITY          -0.00000000
 TOTAL ATOMIC SPINS  :
  -0.0000000  -0.0000000  -0.0000000  -0.0000000  -0.0000000  -0.0000000
  -0.0000000  -0.0000000  -0.0000000  -0.0000000  -0.0000000  -0.0000000
   0.0000000   0.0000000   0.0000000   0.0000000   0.0000000   0.0000000
   0.0000000   0.0000000   0.0000000   0.0000000   0.0000000   0.0000000
  -0.0000000  -0.0000000  -0.0000000  -0.0000000  -0.0000000  -0.0000000
  -0.0000000  -0.0000000  -0.0000000  -0.0000000  -0.0000000  -0.0000000
  -0.0000000  -0.0000000  -0.0000000  -0.0000000  -0.0000000  -0.0000000
  -0.0000000  -0.0000000  -0.0000000  -0.0000000  -0.0000000  -0.0000000
  -0.0000000  -0.0000000  -0.0000000  -0.0000000  -0.0000000  -0.0000000
  -0.0000000  -0.0000000  -0.0000000  -0.0000000  -0.0000000  -0.0000000
   0.0000000   0.0000000   0.0000000   0.0000000   0.0000000   0.0000000
   0.0000000   0.0000000   0.0000000   0.0000000   0.0000000   0.0000000
  -0.0000000  -0.0000000  -0.0000000  -0.0000000  -0.0000000  -0.0000000
   0.0000000   0.0000000   0.0000000   0.0000000   0.0000000   0.0000000
   0.0000000   0.0000000   0.0000000   0.0000000   0.0000000   0.0000000
  -0.0000000  -0.0000000   0.0000000   0.0000000   0.0000000   0.0000000
   0.0000000   0.0000000
 TTTTTTTTTTTTTTTTTTTTTTTTTTTTTT MOQGAD      TELAPSE    33183.28 TCPU    33059.63
 TTTTTTTTTTTTTTTTTTTTTTTTTTTTTT SHELLXN     TELAPSE    33282.64 TCPU    33158.92
 TTTTTTTTTTTTTTTTTTTTTTTTTTTTTT MONMO3      TELAPSE    33283.26 TCPU    33159.54
 NUMERICALLY INTEGRATED DENSITY    294.0000802554    294.0000802554
 TTTTTTTTTTTTTTTTTTTTTTTTTTTTTT NUMDFT      TELAPSE    33285.55 TCPU    33161.83
 CYC  11 ETOT(AU) -3.733426551999E+03 DETOT -3.62E-07 tst  4.11E-09 PX  6.80E-05
 TTTTTTTTTTTTTTTTTTTTTTTTTTTTTT DIIS        TELAPSE    33292.25 TCPU    33165.81
 DIIS TEST: 0.15778E-05 AT SCF   CYCLE  11 - DIIS ACTIVE - HISTORY:    11 CYCLES
 TTTTTTTTTTTTTTTTTTTTTTTTTTTTTT FDIK        TELAPSE    35054.41 TCPU    34917.57
 POSSIBLY CONDUCTING STATE - EFERMI(AU) -1.0986587E-01 (RES. CHARGE  2.27E-13;IT.  6)
 TTTTTTTTTTTTTTTTTTTTTTTTTTTTTT PDIG        TELAPSE    35107.81 TCPU    34969.64
 CHARGE NORMALIZATION FACTOR   1.00000000
 TOTAL ATOMIC CHARGES:
   5.9956700   5.9956700   5.9956700   5.9956700   5.9956700   5.9956700
   5.9956700   5.9956700   5.9956700   5.9956700   5.9956700   5.9956700
   6.0005662   6.0005662   6.0005662   6.0005662   6.0005662   6.0005662
   6.0005662   6.0005662   6.0005662   6.0005662   6.0005662   6.0005662
   6.0005015   6.0005015   6.0005015   6.0005015   6.0005015   6.0005015
   6.0005015   6.0005015   6.0005015   6.0005015   6.0005015   6.0005015
   6.0013442   6.0013442   6.0013442   6.0013442   6.0013442   6.0013442
   6.0013442   6.0013442   6.0013442   6.0013442   6.0013442   6.0013442
   5.9996299   5.9996299   5.9996299   5.9996299   5.9996299   5.9996299
   5.9996299   5.9996299   5.9996299   5.9996299   5.9996299   5.9996299
   6.0077281   6.0077281   6.0077281   6.0077281   6.0077281   6.0077281
   5.9996101   5.9996101   5.9996101   5.9996101   5.9996101   5.9996101
   6.0018877   6.0018877   6.0018877   6.0018877   6.0018877   6.0018877
   5.9964575   5.9964575   5.9964575   5.9964575   5.9964575   5.9964575
   6.0003043   6.0003043   6.0003043   6.0003043   6.0003043   6.0003043
   5.9990620   5.9990620   5.9989014   5.9989014   5.9989014   5.9989014
   5.9989014   5.9989014
 SUMMED SPIN DENSITY          -0.00000000
 TOTAL ATOMIC SPINS  :
  -0.0000000  -0.0000000  -0.0000000  -0.0000000  -0.0000000  -0.0000000
  -0.0000000  -0.0000000  -0.0000000  -0.0000000  -0.0000000  -0.0000000
   0.0000000   0.0000000   0.0000000   0.0000000   0.0000000   0.0000000
   0.0000000   0.0000000   0.0000000   0.0000000   0.0000000   0.0000000
  -0.0000000  -0.0000000  -0.0000000  -0.0000000  -0.0000000  -0.0000000
  -0.0000000  -0.0000000  -0.0000000  -0.0000000  -0.0000000  -0.0000000
   0.0000000   0.0000000   0.0000000   0.0000000   0.0000000   0.0000000
   0.0000000   0.0000000   0.0000000   0.0000000   0.0000000   0.0000000
   0.0000000   0.0000000   0.0000000   0.0000000   0.0000000   0.0000000
   0.0000000   0.0000000   0.0000000   0.0000000   0.0000000   0.0000000
  -0.0000000  -0.0000000  -0.0000000  -0.0000000  -0.0000000  -0.0000000
   0.0000000   0.0000000   0.0000000   0.0000000   0.0000000   0.0000000
  -0.0000000  -0.0000000  -0.0000000  -0.0000000  -0.0000000  -0.0000000
   0.0000000   0.0000000   0.0000000   0.0000000   0.0000000   0.0000000
  -0.0000000  -0.0000000  -0.0000000  -0.0000000  -0.0000000  -0.0000000
  -0.0000000  -0.0000000  -0.0000000  -0.0000000  -0.0000000  -0.0000000
  -0.0000000  -0.0000000
 TTTTTTTTTTTTTTTTTTTTTTTTTTTTTT MOQGAD      TELAPSE    35107.86 TCPU    34969.69
 TTTTTTTTTTTTTTTTTTTTTTTTTTTTTT SHELLXN     TELAPSE    35208.04 TCPU    35069.80
 TTTTTTTTTTTTTTTTTTTTTTTTTTTTTT MONMO3      TELAPSE    35208.67 TCPU    35070.43
 NUMERICALLY INTEGRATED DENSITY    294.0000802549    294.0000802549
 TTTTTTTTTTTTTTTTTTTTTTTTTTTTTT NUMDFT      TELAPSE    35210.98 TCPU    35072.74
 CYC  12 ETOT(AU) -3.733426552024E+03 DETOT -2.56E-08 tst  2.03E-10 PX  2.40E-05
 TTTTTTTTTTTTTTTTTTTTTTTTTTTTTT DIIS        TELAPSE    35217.21 TCPU    35076.93
 DIIS TEST: 0.35187E-06 AT SCF   CYCLE  12 - DIIS ACTIVE - HISTORY:    12 CYCLES
 TTTTTTTTTTTTTTTTTTTTTTTTTTTTTT FDIK        TELAPSE    37344.12 TCPU    37188.58
 POSSIBLY CONDUCTING STATE - EFERMI(AU) -1.0986554E-01 (RES. CHARGE  0.00E+00;IT.  6)
 TTTTTTTTTTTTTTTTTTTTTTTTTTTTTT PDIG        TELAPSE    37397.42 TCPU    37239.73
 CHARGE NORMALIZATION FACTOR   1.00000000
 TOTAL ATOMIC CHARGES:
   5.9957014   5.9957014   5.9957014   5.9957014   5.9957014   5.9957014
   5.9957014   5.9957014   5.9957014   5.9957014   5.9957014   5.9957014
   6.0005843   6.0005843   6.0005843   6.0005843   6.0005843   6.0005843
   6.0005843   6.0005843   6.0005843   6.0005843   6.0005843   6.0005843
   6.0004628   6.0004628   6.0004628   6.0004628   6.0004628   6.0004628
   6.0004628   6.0004628   6.0004628   6.0004628   6.0004628   6.0004628
   6.0013289   6.0013289   6.0013289   6.0013289   6.0013289   6.0013289
   6.0013289   6.0013289   6.0013289   6.0013289   6.0013289   6.0013289
   5.9996350   5.9996350   5.9996350   5.9996350   5.9996350   5.9996350
   5.9996350   5.9996350   5.9996350   5.9996350   5.9996350   5.9996350
   6.0077448   6.0077448   6.0077448   6.0077448   6.0077448   6.0077448
   5.9996177   5.9996177   5.9996177   5.9996177   5.9996177   5.9996177
   6.0019044   6.0019044   6.0019044   6.0019044   6.0019044   6.0019044
   5.9964355   5.9964355   5.9964355   5.9964355   5.9964355   5.9964355
   6.0003039   6.0003039   6.0003039   6.0003039   6.0003039   6.0003039
   5.9991239   5.9991239   5.9988609   5.9988609   5.9988609   5.9988609
   5.9988609   5.9988609
 SUMMED SPIN DENSITY          -0.00000000
 TOTAL ATOMIC SPINS  :
  -0.0000000  -0.0000000  -0.0000000  -0.0000000  -0.0000000  -0.0000000
  -0.0000000  -0.0000000  -0.0000000  -0.0000000  -0.0000000  -0.0000000
   0.0000000   0.0000000   0.0000000   0.0000000   0.0000000   0.0000000
   0.0000000   0.0000000   0.0000000   0.0000000   0.0000000   0.0000000
  -0.0000000  -0.0000000  -0.0000000  -0.0000000  -0.0000000  -0.0000000
  -0.0000000  -0.0000000  -0.0000000  -0.0000000  -0.0000000  -0.0000000
   0.0000000   0.0000000   0.0000000   0.0000000   0.0000000   0.0000000
   0.0000000   0.0000000   0.0000000   0.0000000   0.0000000   0.0000000
   0.0000000   0.0000000   0.0000000   0.0000000   0.0000000   0.0000000
   0.0000000   0.0000000   0.0000000   0.0000000   0.0000000   0.0000000
   0.0000000   0.0000000   0.0000000   0.0000000   0.0000000   0.0000000
   0.0000000   0.0000000   0.0000000   0.0000000   0.0000000   0.0000000
  -0.0000000  -0.0000000  -0.0000000  -0.0000000  -0.0000000  -0.0000000
   0.0000000   0.0000000   0.0000000   0.0000000   0.0000000   0.0000000
  -0.0000000  -0.0000000  -0.0000000  -0.0000000  -0.0000000  -0.0000000
   0.0000000   0.0000000  -0.0000000  -0.0000000  -0.0000000  -0.0000000
  -0.0000000  -0.0000000
 TTTTTTTTTTTTTTTTTTTTTTTTTTTTTT MOQGAD      TELAPSE    37397.47 TCPU    37239.78
 TTTTTTTTTTTTTTTTTTTTTTTTTTTTTT SHELLXN     TELAPSE    37497.45 TCPU    37339.68
 TTTTTTTTTTTTTTTTTTTTTTTTTTTTTT MONMO3      TELAPSE    37498.07 TCPU    37340.30
 NUMERICALLY INTEGRATED DENSITY    294.0000802550    294.0000802550
 TTTTTTTTTTTTTTTTTTTTTTTTTTTTTT NUMDFT      TELAPSE    37500.37 TCPU    37342.60
 CYC  13 ETOT(AU) -3.733426552047E+03 DETOT -2.32E-08 tst  3.96E-11 PX  9.44E-06
 TTTTTTTTTTTTTTTTTTTTTTTTTTTTTT DIIS        TELAPSE    37506.82 TCPU    37346.29
 DIIS TEST: 0.98374E-08 AT SCF   CYCLE  13 - DIIS ACTIVE - HISTORY:    13 CYCLES
 TTTTTTTTTTTTTTTTTTTTTTTTTTTTTT FDIK        TELAPSE    39608.29 TCPU    39443.62
 POSSIBLY CONDUCTING STATE - EFERMI(AU) -1.0986497E-01 (RES. CHARGE  1.14E-13;IT.  6)
 TTTTTTTTTTTTTTTTTTTTTTTTTTTTTT PDIG        TELAPSE    39662.47 TCPU    39496.29
 CHARGE NORMALIZATION FACTOR   1.00000000
 TOTAL ATOMIC CHARGES:
   5.9956989   5.9956989   5.9956989   5.9956989   5.9956989   5.9956989
   5.9956989   5.9956989   5.9956989   5.9956989   5.9956989   5.9956989
   6.0005847   6.0005847   6.0005847   6.0005847   6.0005847   6.0005847
   6.0005847   6.0005847   6.0005847   6.0005847   6.0005847   6.0005847
   6.0004624   6.0004624   6.0004624   6.0004624   6.0004624   6.0004624
   6.0004624   6.0004624   6.0004624   6.0004624   6.0004624   6.0004624
   6.0013360   6.0013360   6.0013360   6.0013360   6.0013360   6.0013360
   6.0013360   6.0013360   6.0013360   6.0013360   6.0013360   6.0013360
   5.9996390   5.9996390   5.9996390   5.9996390   5.9996390   5.9996390
   5.9996390   5.9996390   5.9996390   5.9996390   5.9996390   5.9996390
   6.0077396   6.0077396   6.0077396   6.0077396   6.0077396   6.0077396
   5.9996279   5.9996279   5.9996279   5.9996279   5.9996279   5.9996279
   6.0018914   6.0018914   6.0018914   6.0018914   6.0018914   6.0018914
   5.9964416   5.9964416   5.9964416   5.9964416   5.9964416   5.9964416
   6.0002977   6.0002977   6.0002977   6.0002977   6.0002977   6.0002977
   5.9991070   5.9991070   5.9988573   5.9988573   5.9988573   5.9988573
   5.9988573   5.9988573
 SUMMED SPIN DENSITY          -0.00000000
 TOTAL ATOMIC SPINS  :
   0.0000000   0.0000000   0.0000000   0.0000000   0.0000000   0.0000000
   0.0000000   0.0000000   0.0000000   0.0000000   0.0000000   0.0000000
   0.0000000   0.0000000   0.0000000   0.0000000   0.0000000   0.0000000
   0.0000000   0.0000000   0.0000000   0.0000000   0.0000000   0.0000000
  -0.0000000  -0.0000000  -0.0000000  -0.0000000  -0.0000000  -0.0000000
  -0.0000000  -0.0000000  -0.0000000  -0.0000000  -0.0000000  -0.0000000
   0.0000000   0.0000000   0.0000000   0.0000000   0.0000000   0.0000000
   0.0000000   0.0000000   0.0000000   0.0000000   0.0000000   0.0000000
  -0.0000000  -0.0000000  -0.0000000  -0.0000000  -0.0000000  -0.0000000
  -0.0000000  -0.0000000  -0.0000000  -0.0000000  -0.0000000  -0.0000000
  -0.0000000  -0.0000000  -0.0000000  -0.0000000  -0.0000000  -0.0000000
   0.0000000   0.0000000   0.0000000   0.0000000   0.0000000   0.0000000
   0.0000000   0.0000000   0.0000000   0.0000000   0.0000000   0.0000000
   0.0000000   0.0000000   0.0000000   0.0000000   0.0000000   0.0000000
   0.0000000   0.0000000   0.0000000   0.0000000   0.0000000   0.0000000
  -0.0000000  -0.0000000  -0.0000000  -0.0000000  -0.0000000  -0.0000000
  -0.0000000  -0.0000000
 TTTTTTTTTTTTTTTTTTTTTTTTTTTTTT MOQGAD      TELAPSE    39662.52 TCPU    39496.34
 TTTTTTTTTTTTTTTTTTTTTTTTTTTTTT SHELLXN     TELAPSE    39762.69 TCPU    39596.45
 TTTTTTTTTTTTTTTTTTTTTTTTTTTTTT MONMO3      TELAPSE    39763.32 TCPU    39597.08
 NUMERICALLY INTEGRATED DENSITY    294.0000802550    294.0000802550
 TTTTTTTTTTTTTTTTTTTTTTTTTTTTTT NUMDFT      TELAPSE    39765.64 TCPU    39599.38
 CYC  14 ETOT(AU) -3.733426552048E+03 DETOT -5.56E-10 tst  2.47E-11 PX  3.13E-06
 TTTTTTTTTTTTTTTTTTTTTTTTTTTTTT DIIS        TELAPSE    39772.14 TCPU    39603.14
 DIIS TEST: 0.40990E-08 AT SCF   CYCLE  14 - DIIS ACTIVE - HISTORY:    14 CYCLES
 TTTTTTTTTTTTTTTTTTTTTTTTTTTTTT FDIK        TELAPSE    41294.15 TCPU    41122.26
 POSSIBLY CONDUCTING STATE - EFERMI(AU) -1.0986517E-01 (RES. CHARGE  2.51E-10;IT.  4)
 TTTTTTTTTTTTTTTTTTTTTTTTTTTTTT PDIG        TELAPSE    41346.96 TCPU    41173.67
 CHARGE NORMALIZATION FACTOR   1.00000000
 TOTAL ATOMIC CHARGES:
   5.9956994   5.9956994   5.9956994   5.9956994   5.9956994   5.9956994
   5.9956994   5.9956994   5.9956994   5.9956994   5.9956994   5.9956994
   6.0005854   6.0005854   6.0005854   6.0005854   6.0005854   6.0005854
   6.0005854   6.0005854   6.0005854   6.0005854   6.0005854   6.0005854
   6.0004636   6.0004636   6.0004636   6.0004636   6.0004636   6.0004636
   6.0004636   6.0004636   6.0004636   6.0004636   6.0004636   6.0004636
   6.0013326   6.0013326   6.0013326   6.0013326   6.0013326   6.0013326
   6.0013326   6.0013326   6.0013326   6.0013326   6.0013326   6.0013326
   5.9996361   5.9996361   5.9996361   5.9996361   5.9996361   5.9996361
   5.9996361   5.9996361   5.9996361   5.9996361   5.9996361   5.9996361
   6.0077424   6.0077424   6.0077424   6.0077424   6.0077424   6.0077424
   5.9996207   5.9996207   5.9996207   5.9996207   5.9996207   5.9996207
   6.0018966   6.0018966   6.0018966   6.0018966   6.0018966   6.0018966
   5.9964398   5.9964398   5.9964398   5.9964398   5.9964398   5.9964398
   6.0003007   6.0003007   6.0003007   6.0003007   6.0003007   6.0003007
   5.9991132   5.9991132   5.9988611   5.9988611   5.9988611   5.9988611
   5.9988611   5.9988611
 SUMMED SPIN DENSITY          -0.00000000
 TOTAL ATOMIC SPINS  :
  -0.0000000  -0.0000000  -0.0000000  -0.0000000  -0.0000000  -0.0000000
  -0.0000000  -0.0000000  -0.0000000  -0.0000000  -0.0000000  -0.0000000
  -0.0000000  -0.0000000  -0.0000000  -0.0000000  -0.0000000  -0.0000000
  -0.0000000  -0.0000000  -0.0000000  -0.0000000  -0.0000000  -0.0000000
  -0.0000000  -0.0000000  -0.0000000  -0.0000000  -0.0000000  -0.0000000
  -0.0000000  -0.0000000  -0.0000000  -0.0000000  -0.0000000  -0.0000000
   0.0000000   0.0000000   0.0000000   0.0000000   0.0000000   0.0000000
   0.0000000   0.0000000   0.0000000   0.0000000   0.0000000   0.0000000
  -0.0000000  -0.0000000  -0.0000000  -0.0000000  -0.0000000  -0.0000000
  -0.0000000  -0.0000000  -0.0000000  -0.0000000  -0.0000000  -0.0000000
  -0.0000000  -0.0000000  -0.0000000  -0.0000000  -0.0000000  -0.0000000
   0.0000000   0.0000000   0.0000000   0.0000000   0.0000000   0.0000000
   0.0000000   0.0000000   0.0000000   0.0000000   0.0000000   0.0000000
  -0.0000000  -0.0000000  -0.0000000  -0.0000000  -0.0000000  -0.0000000
  -0.0000000  -0.0000000  -0.0000000  -0.0000000  -0.0000000  -0.0000000
   0.0000000   0.0000000  -0.0000000  -0.0000000  -0.0000000  -0.0000000
  -0.0000000  -0.0000000
 TTTTTTTTTTTTTTTTTTTTTTTTTTTTTT MOQGAD      TELAPSE    41347.01 TCPU    41173.72
 TTTTTTTTTTTTTTTTTTTTTTTTTTTTTT SHELLXN     TELAPSE    41447.01 TCPU    41273.72
 +++ ENERGIES IN A.U. +++
 ::: EXT EL-POLE                                  -1.3499140275608E+04
 ::: EXT EL-SPHEROPOLE                             1.2430190455435E+02
 ::: BIELET ZONE E-E                               1.4271223793013E+04
 ::: TOTAL E-E                                     8.9638542195996E+02
 ::: TOTAL E-N + N-E                              -6.9011262653283E+03
 ::: TOTAL N-N                                    -1.0207974465997E+03
 ::: KINETIC ENERGY                                3.7230675133903E+03
 ::: PSEUDO TOTAL   ENERGY                        -3.3024707765777E+03
 ::: VIRIAL COEFFICIENT                            1.0598668343198E+00
 TTTTTTTTTTTTTTTTTTTTTTTTTTTTTT MONMO3      TELAPSE    41447.63 TCPU    41274.34
 NUMERICALLY INTEGRATED DENSITY    294.0000802551    294.0000802551
 EXCHANGE ENERGY: -0.406382068433E+03  CORRELATION ENERGY: -0.245737070383E+02
 TTTTTTTTTTTTTTTTTTTTTTTTTTTTTT NUMDFT      TELAPSE    41449.94 TCPU    41276.64
 CYC  15 ETOT(AU) -3.733426552049E+03 DETOT -7.10E-10 tst  8.25E-12 PX  3.13E-06

 == SCF ENDED - CONVERGENCE ON ENERGY      E(AU) -3.7334265520488E+03 CYCLES  15


 ENERGY EXPRESSION=HARTREE+FOCK EXCH*0.20000+(BECKE      EXCH)*0.80000+LYP        CORR


 TOTAL ENERGY(DFT)(AU)( 15) -3.7334265520488E+03 DE-7.1E-10 tester 8.3E-12
 TTTTTTTTTTTTTTTTTTTTTTTTTTTTTT EDFT        TELAPSE    41449.99 TCPU    41276.67
 
 INFORMATION **** DFTD3 ENERGY **** CALCULATE DFTD3 ENERGY

           DFT-D V3(BJ)
 DF                                         b3-lyp    
 parameters
 s6       :    1.0000
 s8       :    1.9889
 a1       :    0.3981
 a2       :    4.4211
 k1 k3    :   16.0000   -4.0000
 Cutoff   :   50.2022
 CN-Cutoff:   21.1671
 ABC-Cutoff:   21.1671
 
 Edisp /kcal,au:  -617.8909 -0.98467171

 E6    /kcal :  -298.9632
 E8    /kcal :  -318.9277
 
 INFORMATION **** DFTD3 ENERGY **** NORMAL TERMINATION OF DFTD3 MODULE

 *******************************************************************************

 DFT-D3 DISPERSION ENERGY CORRECTION

 D3 DISPERSION ENERGY (AU)       -9.8467170715070E-01
 TOTAL ENERGY + DISP (AU)        -3.7344112237559E+03

 *******************************************************************************


 NEIGHBORS OF THE NON-EQUIVALENT ATOMS

 N = NUMBER OF NEIGHBORS AT DISTANCE R
    ATOM  N     R/ANG      R/AU   NEIGHBORS (ATOM LABELS AND CELL INDICES)
   1 C    1     1.4060     2.6570   13 C    0 0 0
   1 C    1     1.4119     2.6680    4 C    0 0 0
   1 C    1     1.4208     2.6848   50 C    0 0 0
   1 C    1     2.4341     4.5998   16 C    0 0 0
   1 C    1     2.4358     4.6030   74 C    0 0 0
   1 C    1     2.4509     4.6315   98 C    0 0 0

  13 C    1     1.4060     2.6570    1 C    0 0 0
  13 C    1     1.4214     2.6861   25 C    0 0 0
  13 C    1     1.4225     2.6881   74 C    0 0 0
  13 C    1     2.4169     4.5673   28 C    0 0 0
  13 C    1     2.4341     4.5998    4 C    0 0 0
  13 C    1     2.4368     4.6048   24 C    0 0 0

  25 C    1     1.3745     2.5974   28 C    0 0 0
  25 C    1     1.4214     2.6861   13 C    0 0 0
  25 C    1     1.4745     2.7864   67 C    0 0 0
  25 C    1     2.4169     4.5673   16 C    0 0 0
  25 C    1     2.4246     4.5818   36 C    0 0 0
  25 C    1     2.4513     4.6323    1 C    0 0 0

  37 C    1     1.4104     2.6653   59 C    0 0 0
  37 C    1     1.4169     2.6775   85 C    1 0 0
  37 C    1     1.4216     2.6865   79 C    0 0 0
  37 C    1     2.4464     4.6230   98 C    1 0 0
  37 C    1     2.4480     4.6260   46 C    1 0 0
  37 C    1     2.4493     4.6286   47 C    0 0 0

  49 C    1     1.4104     2.6653   47 C    0 0 0
  49 C    1     1.4123     2.6688   96 C    1 1 0
  49 C    1     1.4208     2.6848    3 C    0 0 0
  49 C    1     2.4417     4.6141   79 C    0 0 0
  49 C    1     2.4432     4.6169   60 C    1 1 0
  49 C    1     2.4494     4.6287   87 C    1 1 0

  61 C    1     1.3604     2.5708   71 C    0 0 0
  61 C    2     1.5100     2.8534   65 C    0 0 1   66 C    0 0 1
  61 C    2     2.5107     4.7446   29 C    0 0 0   32 C    0 0 0
  61 C    2     2.5234     4.7685   62 C    0 0 0   63 C    0 0 0
  61 C    2     2.5264     4.7742   67 C    0 0 1   69 C    0 0 1
  61 C    1     2.7674     5.2296   71 C    0 0 1

  67 C    1     1.3604     2.5708   65 C    0 0 0
  67 C    2     1.4745     2.7864   25 C    0 0 0   36 C    0 0 0
  67 C    2     2.4818     4.6900   13 C    0 0 0   24 C    0 0 0
  67 C    2     2.4960     4.7168   28 C    0 0 0   32 C    0 0 0
  67 C    2     2.5264     4.7742   61 C    0 0-1   62 C    0 0-1
  67 C    1     2.7674     5.2296   65 C    0 0 1

  73 C    1     1.4060     2.6570   79 C    0 0 0
  73 C    2     1.4225     2.6881   15 C    0 0 0   22 C    0 0 0
  73 C    2     2.4358     4.6030    3 C    0 0 0   10 C    0 0 0
  73 C    2     2.4521     4.6338   37 C    0 0 0   47 C    0 0 0
  73 C    2     2.4662     4.6605   27 C    0 0 0   34 C    0 0 0
  73 C    2     2.8228     5.3342   49 C    0 0 0   59 C    0 0 0

  79 C    1     1.4060     2.6570   73 C    0 0 0
  79 C    2     1.4216     2.6865   37 C    0 0 0   47 C    0 0 0
  79 C    2     2.4417     4.6141   49 C    0 0 0   59 C    0 0 0
  79 C    2     2.4524     4.6343   15 C    0 0 0   22 C    0 0 0
  79 C    2     2.4621     4.6526   85 C    1 0 0   87 C    1 1 0
  79 C    2     2.8130     5.3157    3 C    0 0 0   10 C    0 0 0

  85 C    2     1.4169     2.6775   37 C   -1 0 0   46 C    0 0 0
  85 C    1     1.4188     2.6811   91 C    0 1 0
  85 C    2     2.4494     4.6287   50 C    0 0 0   59 C   -1 0 0
  85 C    2     2.4534     4.6363   86 C    0 1 0   87 C    0 1 0
  85 C    2     2.4621     4.6526   79 C   -1 0 0   80 C    0 0 0
  85 C    1     2.8298     5.3476   98 C    0 0 0

  91 C    3     1.4188     2.6811   85 C    0-1 0   86 C    0 0 0   87 C    0 0 0
  91 C    6     2.4565     4.6421   37 C   -1-1 0   38 C    0-1 0   39 C    0 0 0
                                    46 C    0-1 0   47 C   -1-1 0   48 C    0 0 0
  91 C    3     2.8460     5.3781   79 C   -1-1 0   80 C    0-1 0   81 C    0 0 0
  91 C    2     3.2460     6.1340   91 C    0 0-1   91 C    0 0 1
  91 C    3     3.4678     6.5531   85 C    0-1-1   86 C    0 0-1   87 C    0 0-1
  91 C    3     3.6157     6.8327   85 C    0-1 1   86 C    0 0 1   87 C    0 0 1

  93 C    2     1.4123     2.6688   52 C    0 0 0   57 C    0-1 0
  93 C    1     1.4188     2.6811   97 C    0 0 0
  93 C    2     2.4464     4.6230   42 C    0-1 0   44 C    0 0 0
  93 C    2     2.4509     4.6315    6 C    0 0 0    8 C    0-1 0
  93 C    2     2.4532     4.6359   51 C    0 0 0   58 C    0-1 0
  93 C    1     2.8298     5.3476   90 C    0 0 0

 TTTTTTTTTTTTTTTTTTTTTTTTTTTTTT AFTER FIRST TELAPSE    41450.46 TCPU    41277.10
 MMMMMMMMMMMMMMMMMMMMMMMMMMMMMMMMMMMMMMMMMMMMMMMMMMMMMMMMMMMMMMMMMMMMMMMMMMMMMMM
     ALPHA+BETA ELECTRONS
 MULLIKEN POPULATION ANALYSIS - NO. OF ELECTRONS  588.000000

  ATOM    Z CHARGE  A.O. POPULATION

   1 C    6  5.996  0.854  1.121  0.765  0.396  0.495  0.488  0.395  0.014
                    0.012 -0.051  0.413  0.429  0.625  0.004  0.006  0.005
                    0.012  0.012
   2 C    6  5.996  0.854  1.121  0.765  0.396  0.488  0.495  0.395  0.008
                    0.018 -0.051  0.436  0.405  0.625  0.004  0.005  0.006
                    0.012  0.012
   3 C    6  5.996  0.854  1.121  0.765  0.396  0.492  0.491  0.395  0.017
                    0.009 -0.051  0.413  0.428  0.625  0.004  0.006  0.005
                    0.012  0.012
   4 C    6  5.996  0.854  1.121  0.765  0.396  0.492  0.491  0.395  0.017
                    0.009 -0.051  0.413  0.428  0.625  0.004  0.006  0.005
                    0.012  0.012
   5 C    6  5.996  0.854  1.121  0.765  0.396  0.495  0.488  0.395  0.014
                    0.012 -0.051  0.413  0.429  0.625  0.004  0.006  0.005
                    0.012  0.012
   6 C    6  5.996  0.854  1.121  0.765  0.396  0.488  0.495  0.395  0.008
                    0.018 -0.051  0.436  0.405  0.625  0.004  0.005  0.006
                    0.012  0.012
   7 C    6  5.996  0.854  1.121  0.765  0.396  0.495  0.488  0.395  0.014
                    0.012 -0.051  0.413  0.429  0.625  0.004  0.006  0.005
                    0.012  0.012
   8 C    6  5.996  0.854  1.121  0.765  0.396  0.488  0.495  0.395  0.008
                    0.018 -0.051  0.436  0.405  0.625  0.004  0.005  0.006
                    0.012  0.012
   9 C    6  5.996  0.854  1.121  0.765  0.396  0.492  0.491  0.395  0.017
                    0.009 -0.051  0.413  0.428  0.625  0.004  0.006  0.005
                    0.012  0.012
  10 C    6  5.996  0.854  1.121  0.765  0.396  0.492  0.491  0.395  0.017
                    0.009 -0.051  0.413  0.428  0.625  0.004  0.006  0.005
                    0.012  0.012
  11 C    6  5.996  0.854  1.121  0.765  0.396  0.495  0.488  0.395  0.014
                    0.012 -0.051  0.413  0.429  0.625  0.004  0.006  0.005
                    0.012  0.012
  12 C    6  5.996  0.854  1.121  0.765  0.396  0.488  0.495  0.395  0.008
                    0.018 -0.051  0.436  0.405  0.625  0.004  0.005  0.006
                    0.012  0.012
  13 C    6  6.001  0.854  1.121  0.764  0.401  0.495  0.487  0.393  0.012
                    0.016 -0.059  0.418  0.411  0.648  0.004  0.005  0.005
                    0.012  0.013
  14 C    6  6.001  0.854  1.121  0.764  0.401  0.487  0.494  0.393  0.013
                    0.015 -0.059  0.424  0.406  0.648  0.004  0.005  0.005
                    0.013  0.012
  15 C    6  6.001  0.854  1.121  0.764  0.401  0.490  0.492  0.393  0.017
                    0.011 -0.059  0.402  0.427  0.648  0.004  0.005  0.005
                    0.012  0.012
  16 C    6  6.001  0.854  1.121  0.764  0.401  0.490  0.492  0.393  0.017
                    0.011 -0.059  0.402  0.427  0.648  0.004  0.005  0.005
                    0.012  0.012
  17 C    6  6.001  0.854  1.121  0.764  0.401  0.495  0.487  0.393  0.012
                    0.016 -0.059  0.418  0.411  0.648  0.004  0.005  0.005
                    0.012  0.013
  18 C    6  6.001  0.854  1.121  0.764  0.401  0.487  0.494  0.393  0.013
                    0.015 -0.059  0.424  0.406  0.648  0.004  0.005  0.005
                    0.013  0.012
  19 C    6  6.001  0.854  1.121  0.764  0.401  0.495  0.487  0.393  0.012
                    0.016 -0.059  0.418  0.411  0.648  0.004  0.005  0.005
                    0.012  0.013
  20 C    6  6.001  0.854  1.121  0.764  0.401  0.487  0.494  0.393  0.013
                    0.015 -0.059  0.424  0.406  0.648  0.004  0.005  0.005
                    0.013  0.012
  21 C    6  6.001  0.854  1.121  0.764  0.401  0.490  0.492  0.393  0.017
                    0.011 -0.059  0.402  0.427  0.648  0.004  0.005  0.005
                    0.012  0.012
  22 C    6  6.001  0.854  1.121  0.764  0.401  0.490  0.492  0.393  0.017
                    0.011 -0.059  0.402  0.427  0.648  0.004  0.005  0.005
                    0.012  0.012
  23 C    6  6.001  0.854  1.121  0.764  0.401  0.495  0.487  0.393  0.012
                    0.016 -0.059  0.418  0.411  0.648  0.004  0.005  0.005
                    0.012  0.013
  24 C    6  6.001  0.854  1.121  0.764  0.401  0.487  0.494  0.393  0.013
                    0.015 -0.059  0.424  0.406  0.648  0.004  0.005  0.005
                    0.013  0.012
  25 C    6  6.000  0.854  1.121  0.766  0.406  0.468  0.493  0.404  0.014
                    0.006 -0.044  0.429  0.437  0.607  0.005  0.006  0.006
                    0.012  0.011
  26 C    6  6.000  0.854  1.121  0.766  0.406  0.486  0.475  0.404  0.001
                    0.019 -0.044  0.447  0.419  0.607  0.005  0.006  0.006
                    0.011  0.012
  27 C    6  6.000  0.854  1.121  0.766  0.406  0.487  0.474  0.404  0.015
                    0.005 -0.044  0.423  0.443  0.607  0.005  0.006  0.006
                    0.012  0.011
  28 C    6  6.000  0.854  1.121  0.766  0.406  0.487  0.474  0.404  0.015
                    0.005 -0.044  0.423  0.443  0.607  0.005  0.006  0.006
                    0.012  0.011
  29 C    6  6.000  0.854  1.121  0.766  0.406  0.468  0.493  0.404  0.014
                    0.006 -0.044  0.429  0.437  0.607  0.005  0.006  0.006
                    0.012  0.011
  30 C    6  6.000  0.854  1.121  0.766  0.406  0.486  0.475  0.404  0.001
                    0.019 -0.044  0.447  0.419  0.607  0.005  0.006  0.006
                    0.011  0.012
  31 C    6  6.000  0.854  1.121  0.766  0.406  0.468  0.493  0.404  0.014
                    0.006 -0.044  0.429  0.437  0.607  0.005  0.006  0.006
                    0.012  0.011
  32 C    6  6.000  0.854  1.121  0.766  0.406  0.486  0.475  0.404  0.001
                    0.019 -0.044  0.447  0.419  0.607  0.005  0.006  0.006
                    0.011  0.012
  33 C    6  6.000  0.854  1.121  0.766  0.406  0.487  0.474  0.404  0.015
                    0.005 -0.044  0.423  0.443  0.607  0.005  0.006  0.006
                    0.012  0.011
  34 C    6  6.000  0.854  1.121  0.766  0.406  0.487  0.474  0.404  0.015
                    0.005 -0.044  0.423  0.443  0.607  0.005  0.006  0.006
                    0.012  0.011
  35 C    6  6.000  0.854  1.121  0.766  0.406  0.468  0.493  0.404  0.014
                    0.006 -0.044  0.429  0.437  0.607  0.005  0.006  0.006
                    0.012  0.011
  36 C    6  6.000  0.854  1.121  0.766  0.406  0.486  0.475  0.404  0.001
                    0.019 -0.044  0.447  0.419  0.607  0.005  0.006  0.006
                    0.011  0.012
  37 C    6  6.001  0.854  1.121  0.765  0.399  0.493  0.492  0.389  0.016
                    0.014 -0.060  0.415  0.419  0.646  0.004  0.005  0.005
                    0.012  0.012
  38 C    6  6.001  0.854  1.121  0.765  0.399  0.493  0.493  0.389  0.012
                    0.017 -0.060  0.422  0.411  0.646  0.004  0.005  0.005
                    0.012  0.012
  39 C    6  6.001  0.854  1.121  0.765  0.399  0.492  0.493  0.389  0.016
                    0.013 -0.060  0.413  0.420  0.646  0.004  0.005  0.005
                    0.012  0.012
  40 C    6  6.001  0.854  1.121  0.765  0.399  0.492  0.493  0.389  0.016
                    0.013 -0.060  0.413  0.420  0.646  0.004  0.005  0.005
                    0.012  0.012
  41 C    6  6.001  0.854  1.121  0.765  0.399  0.493  0.492  0.389  0.016
                    0.014 -0.060  0.415  0.419  0.646  0.004  0.005  0.005
                    0.012  0.012
  42 C    6  6.001  0.854  1.121  0.765  0.399  0.493  0.493  0.389  0.012
                    0.017 -0.060  0.422  0.411  0.646  0.004  0.005  0.005
                    0.012  0.012
  43 C    6  6.001  0.854  1.121  0.765  0.399  0.493  0.492  0.389  0.016
                    0.014 -0.060  0.415  0.419  0.646  0.004  0.005  0.005
                    0.012  0.012
  44 C    6  6.001  0.854  1.121  0.765  0.399  0.493  0.493  0.389  0.012
                    0.017 -0.060  0.422  0.411  0.646  0.004  0.005  0.005
                    0.012  0.012
  45 C    6  6.001  0.854  1.121  0.765  0.399  0.492  0.493  0.389  0.016
                    0.013 -0.060  0.413  0.420  0.646  0.004  0.005  0.005
                    0.012  0.012
  46 C    6  6.001  0.854  1.121  0.765  0.399  0.492  0.493  0.389  0.016
                    0.013 -0.060  0.413  0.420  0.646  0.004  0.005  0.005
                    0.012  0.012
  47 C    6  6.001  0.854  1.121  0.765  0.399  0.493  0.492  0.389  0.016
                    0.014 -0.060  0.415  0.419  0.646  0.004  0.005  0.005
                    0.012  0.012
  48 C    6  6.001  0.854  1.121  0.765  0.399  0.493  0.493  0.389  0.012
                    0.017 -0.060  0.422  0.411  0.646  0.004  0.005  0.005
                    0.012  0.012
  49 C    6  6.000  0.854  1.121  0.765  0.400  0.492  0.492  0.393  0.017
                    0.012 -0.056  0.413  0.422  0.636  0.004  0.005  0.005
                    0.012  0.012
  50 C    6  6.000  0.854  1.121  0.765  0.400  0.494  0.489  0.393  0.016
                    0.013 -0.056  0.413  0.422  0.636  0.004  0.005  0.005
                    0.012  0.012
  51 C    6  6.000  0.854  1.121  0.765  0.400  0.490  0.494  0.393  0.011
                    0.018 -0.056  0.427  0.408  0.636  0.004  0.005  0.005
                    0.012  0.012
  52 C    6  6.000  0.854  1.121  0.765  0.400  0.490  0.494  0.393  0.011
                    0.018 -0.056  0.427  0.408  0.636  0.004  0.005  0.005
                    0.012  0.012
  53 C    6  6.000  0.854  1.121  0.765  0.400  0.492  0.492  0.393  0.017
                    0.012 -0.056  0.413  0.422  0.636  0.004  0.005  0.005
                    0.012  0.012
  54 C    6  6.000  0.854  1.121  0.765  0.400  0.494  0.489  0.393  0.016
                    0.013 -0.056  0.413  0.422  0.636  0.004  0.005  0.005
                    0.012  0.012
  55 C    6  6.000  0.854  1.121  0.765  0.400  0.492  0.492  0.393  0.017
                    0.012 -0.056  0.413  0.422  0.636  0.004  0.005  0.005
                    0.012  0.012
  56 C    6  6.000  0.854  1.121  0.765  0.400  0.494  0.489  0.393  0.016
                    0.013 -0.056  0.413  0.422  0.636  0.004  0.005  0.005
                    0.012  0.012
  57 C    6  6.000  0.854  1.121  0.765  0.400  0.490  0.494  0.393  0.011
                    0.018 -0.056  0.427  0.408  0.636  0.004  0.005  0.005
                    0.012  0.012
  58 C    6  6.000  0.854  1.121  0.765  0.400  0.490  0.494  0.393  0.011
                    0.018 -0.056  0.427  0.408  0.636  0.004  0.005  0.005
                    0.012  0.012
  59 C    6  6.000  0.854  1.121  0.765  0.400  0.492  0.492  0.393  0.017
                    0.012 -0.056  0.413  0.422  0.636  0.004  0.005  0.005
                    0.012  0.012
  60 C    6  6.000  0.854  1.121  0.765  0.400  0.494  0.489  0.393  0.016
                    0.013 -0.056  0.413  0.422  0.636  0.004  0.005  0.005
                    0.012  0.012
  61 C    6  6.008  0.854  1.121  0.762  0.424  0.449  0.460  0.423  0.012
                   -0.001 -0.045  0.443  0.460  0.608  0.006  0.006  0.006
                    0.010  0.009
  62 C    6  6.008  0.854  1.121  0.762  0.424  0.465  0.443  0.423 -0.007
                    0.018 -0.045  0.468  0.435  0.608  0.006  0.006  0.006
                    0.009  0.011
  63 C    6  6.008  0.854  1.121  0.762  0.424  0.449  0.460  0.423  0.012
                   -0.001 -0.045  0.443  0.460  0.608  0.006  0.006  0.006
                    0.010  0.009
  64 C    6  6.008  0.854  1.121  0.762  0.424  0.449  0.460  0.423  0.012
                   -0.001 -0.045  0.443  0.460  0.608  0.006  0.006  0.006
                    0.010  0.009
  65 C    6  6.008  0.854  1.121  0.762  0.424  0.449  0.460  0.423  0.012
                   -0.001 -0.045  0.443  0.460  0.608  0.006  0.006  0.006
                    0.010  0.009
  66 C    6  6.008  0.854  1.121  0.762  0.424  0.465  0.443  0.423 -0.007
                    0.018 -0.045  0.468  0.435  0.608  0.006  0.006  0.006
                    0.009  0.011
  67 C    6  6.000  0.854  1.121  0.763  0.411  0.466  0.469  0.419  0.013
                    0.004 -0.041  0.441  0.443  0.597  0.006  0.006  0.006
                    0.011  0.010
  68 C    6  6.000  0.854  1.121  0.763  0.411  0.466  0.469  0.419  0.013
                    0.004 -0.041  0.441  0.443  0.597  0.006  0.006  0.006
                    0.011  0.010
  69 C    6  6.000  0.854  1.121  0.763  0.411  0.470  0.465  0.419  0.000
                    0.017 -0.041  0.444  0.440  0.597  0.006  0.006  0.006
                    0.009  0.012
  70 C    6  6.000  0.854  1.121  0.763  0.411  0.470  0.465  0.419  0.000
                    0.017 -0.041  0.444  0.440  0.597  0.006  0.006  0.006
                    0.009  0.012
  71 C    6  6.000  0.854  1.121  0.763  0.411  0.466  0.469  0.419  0.013
                    0.004 -0.041  0.441  0.443  0.597  0.006  0.006  0.006
                    0.011  0.010
  72 C    6  6.000  0.854  1.121  0.763  0.411  0.466  0.469  0.419  0.013
                    0.004 -0.041  0.441  0.443  0.597  0.006  0.006  0.006
                    0.011  0.010
  73 C    6  6.002  0.854  1.121  0.764  0.399  0.495  0.489  0.390  0.014
                    0.016 -0.062  0.412  0.417  0.654  0.004  0.005  0.006
                    0.012  0.013
  74 C    6  6.002  0.854  1.121  0.764  0.399  0.491  0.494  0.390  0.015
                    0.015 -0.062  0.416  0.413  0.654  0.004  0.005  0.005
                    0.012  0.012
  75 C    6  6.002  0.854  1.121  0.764  0.399  0.491  0.494  0.390  0.015
                    0.015 -0.062  0.416  0.413  0.654  0.004  0.005  0.005
                    0.012  0.012
  76 C    6  6.002  0.854  1.121  0.764  0.399  0.491  0.494  0.390  0.015
                    0.015 -0.062  0.416  0.413  0.654  0.004  0.005  0.005
                    0.012  0.012
  77 C    6  6.002  0.854  1.121  0.764  0.399  0.495  0.489  0.390  0.014
                    0.016 -0.062  0.412  0.417  0.654  0.004  0.005  0.006
                    0.012  0.013
  78 C    6  6.002  0.854  1.121  0.764  0.399  0.491  0.494  0.390  0.015
                    0.015 -0.062  0.416  0.413  0.654  0.004  0.005  0.005
                    0.012  0.012
  79 C    6  5.996  0.854  1.121  0.764  0.397  0.496  0.491  0.388  0.016
                    0.017 -0.064  0.409  0.413  0.656  0.004  0.005  0.005
                    0.012  0.013
  80 C    6  5.996  0.854  1.121  0.764  0.397  0.493  0.495  0.388  0.017
                    0.016 -0.064  0.412  0.410  0.656  0.004  0.005  0.005
                    0.013  0.013
  81 C    6  5.996  0.854  1.121  0.764  0.397  0.493  0.495  0.388  0.017
                    0.016 -0.064  0.412  0.410  0.656  0.004  0.005  0.005
                    0.013  0.013
  82 C    6  5.996  0.854  1.121  0.764  0.397  0.493  0.495  0.388  0.017
                    0.016 -0.064  0.412  0.410  0.656  0.004  0.005  0.005
                    0.013  0.013
  83 C    6  5.996  0.854  1.121  0.764  0.397  0.496  0.491  0.388  0.016
                    0.017 -0.064  0.409  0.413  0.656  0.004  0.005  0.005
                    0.012  0.013
  84 C    6  5.996  0.854  1.121  0.764  0.397  0.493  0.495  0.388  0.017
                    0.016 -0.064  0.412  0.410  0.656  0.004  0.005  0.005
                    0.013  0.013
  85 C    6  6.000  0.854  1.121  0.764  0.399  0.493  0.492  0.390  0.016
                    0.016 -0.064  0.412  0.413  0.656  0.004  0.005  0.005
                    0.013  0.013
  86 C    6  6.000  0.854  1.121  0.764  0.399  0.492  0.494  0.390  0.016
                    0.017 -0.064  0.414  0.412  0.656  0.004  0.005  0.005
                    0.013  0.013
  87 C    6  6.000  0.854  1.121  0.764  0.399  0.493  0.492  0.390  0.016
                    0.016 -0.064  0.412  0.413  0.656  0.004  0.005  0.005
                    0.013  0.013
  88 C    6  6.000  0.854  1.121  0.764  0.399  0.493  0.492  0.390  0.016
                    0.016 -0.064  0.412  0.413  0.656  0.004  0.005  0.005
                    0.013  0.013
  89 C    6  6.000  0.854  1.121  0.764  0.399  0.493  0.492  0.390  0.016
                    0.016 -0.064  0.412  0.413  0.656  0.004  0.005  0.005
                    0.013  0.013
  90 C    6  6.000  0.854  1.121  0.764  0.399  0.492  0.494  0.390  0.016
                    0.017 -0.064  0.414  0.412  0.656  0.004  0.005  0.005
                    0.013  0.013
  91 C    6  5.999  0.854  1.121  0.765  0.400  0.493  0.493  0.386  0.017
                    0.017 -0.065  0.412  0.412  0.657  0.004  0.005  0.005
                    0.013  0.013
  92 C    6  5.999  0.854  1.121  0.765  0.400  0.493  0.493  0.386  0.017
                    0.017 -0.065  0.412  0.412  0.657  0.004  0.005  0.005
                    0.013  0.013
  93 C    6  5.999  0.854  1.121  0.765  0.398  0.485  0.496  0.395  0.010
                    0.017 -0.054  0.431  0.408  0.633  0.004  0.005  0.006
                    0.012  0.012
  94 C    6  5.999  0.854  1.121  0.765  0.398  0.494  0.488  0.395  0.016
                    0.012 -0.054  0.414  0.425  0.633  0.004  0.006  0.005
                    0.012  0.012
  95 C    6  5.999  0.854  1.121  0.765  0.398  0.494  0.488  0.395  0.016
                    0.012 -0.054  0.414  0.425  0.633  0.004  0.006  0.005
                    0.012  0.012
  96 C    6  5.999  0.854  1.121  0.765  0.398  0.494  0.488  0.395  0.016
                    0.012 -0.054  0.414  0.425  0.633  0.004  0.006  0.005
                    0.012  0.012
  97 C    6  5.999  0.854  1.121  0.765  0.398  0.485  0.496  0.395  0.010
                    0.017 -0.054  0.431  0.408  0.633  0.004  0.005  0.006
                    0.012  0.012
  98 C    6  5.999  0.854  1.121  0.765  0.398  0.494  0.488  0.395  0.016
                    0.012 -0.054  0.414  0.425  0.633  0.004  0.006  0.005
                    0.012  0.012

  ATOM    Z CHARGE  SHELL POPULATION

   1 C    6  5.996  0.854  1.121  0.765  0.396  1.378 -0.024  1.467  0.039
   2 C    6  5.996  0.854  1.121  0.765  0.396  1.378 -0.024  1.467  0.039
   3 C    6  5.996  0.854  1.121  0.765  0.396  1.378 -0.024  1.467  0.039
   4 C    6  5.996  0.854  1.121  0.765  0.396  1.378 -0.024  1.467  0.039
   5 C    6  5.996  0.854  1.121  0.765  0.396  1.378 -0.024  1.467  0.039
   6 C    6  5.996  0.854  1.121  0.765  0.396  1.378 -0.024  1.467  0.039
   7 C    6  5.996  0.854  1.121  0.765  0.396  1.378 -0.024  1.467  0.039
   8 C    6  5.996  0.854  1.121  0.765  0.396  1.378 -0.024  1.467  0.039
   9 C    6  5.996  0.854  1.121  0.765  0.396  1.378 -0.024  1.467  0.039
  10 C    6  5.996  0.854  1.121  0.765  0.396  1.378 -0.024  1.467  0.039
  11 C    6  5.996  0.854  1.121  0.765  0.396  1.378 -0.024  1.467  0.039
  12 C    6  5.996  0.854  1.121  0.765  0.396  1.378 -0.024  1.467  0.039
  13 C    6  6.001  0.854  1.121  0.764  0.401  1.375 -0.031  1.477  0.039
  14 C    6  6.001  0.854  1.121  0.764  0.401  1.375 -0.031  1.477  0.039
  15 C    6  6.001  0.854  1.121  0.764  0.401  1.375 -0.031  1.477  0.039
  16 C    6  6.001  0.854  1.121  0.764  0.401  1.375 -0.031  1.477  0.039
  17 C    6  6.001  0.854  1.121  0.764  0.401  1.375 -0.031  1.477  0.039
  18 C    6  6.001  0.854  1.121  0.764  0.401  1.375 -0.031  1.477  0.039
  19 C    6  6.001  0.854  1.121  0.764  0.401  1.375 -0.031  1.477  0.039
  20 C    6  6.001  0.854  1.121  0.764  0.401  1.375 -0.031  1.477  0.039
  21 C    6  6.001  0.854  1.121  0.764  0.401  1.375 -0.031  1.477  0.039
  22 C    6  6.001  0.854  1.121  0.764  0.401  1.375 -0.031  1.477  0.039
  23 C    6  6.001  0.854  1.121  0.764  0.401  1.375 -0.031  1.477  0.039
  24 C    6  6.001  0.854  1.121  0.764  0.401  1.375 -0.031  1.477  0.039
  25 C    6  6.000  0.854  1.121  0.766  0.406  1.365 -0.024  1.473  0.040
  26 C    6  6.000  0.854  1.121  0.766  0.406  1.365 -0.024  1.473  0.040
  27 C    6  6.000  0.854  1.121  0.766  0.406  1.365 -0.024  1.473  0.040
  28 C    6  6.000  0.854  1.121  0.766  0.406  1.365 -0.024  1.473  0.040
  29 C    6  6.000  0.854  1.121  0.766  0.406  1.365 -0.024  1.473  0.040
  30 C    6  6.000  0.854  1.121  0.766  0.406  1.365 -0.024  1.473  0.040
  31 C    6  6.000  0.854  1.121  0.766  0.406  1.365 -0.024  1.473  0.040
  32 C    6  6.000  0.854  1.121  0.766  0.406  1.365 -0.024  1.473  0.040
  33 C    6  6.000  0.854  1.121  0.766  0.406  1.365 -0.024  1.473  0.040
  34 C    6  6.000  0.854  1.121  0.766  0.406  1.365 -0.024  1.473  0.040
  35 C    6  6.000  0.854  1.121  0.766  0.406  1.365 -0.024  1.473  0.040
  36 C    6  6.000  0.854  1.121  0.766  0.406  1.365 -0.024  1.473  0.040
  37 C    6  6.001  0.854  1.121  0.765  0.399  1.375 -0.030  1.479  0.039
  38 C    6  6.001  0.854  1.121  0.765  0.399  1.375 -0.030  1.479  0.039
  39 C    6  6.001  0.854  1.121  0.765  0.399  1.375 -0.030  1.479  0.039
  40 C    6  6.001  0.854  1.121  0.765  0.399  1.375 -0.030  1.479  0.039
  41 C    6  6.001  0.854  1.121  0.765  0.399  1.375 -0.030  1.479  0.039
  42 C    6  6.001  0.854  1.121  0.765  0.399  1.375 -0.030  1.479  0.039
  43 C    6  6.001  0.854  1.121  0.765  0.399  1.375 -0.030  1.479  0.039
  44 C    6  6.001  0.854  1.121  0.765  0.399  1.375 -0.030  1.479  0.039
  45 C    6  6.001  0.854  1.121  0.765  0.399  1.375 -0.030  1.479  0.039
  46 C    6  6.001  0.854  1.121  0.765  0.399  1.375 -0.030  1.479  0.039
  47 C    6  6.001  0.854  1.121  0.765  0.399  1.375 -0.030  1.479  0.039
  48 C    6  6.001  0.854  1.121  0.765  0.399  1.375 -0.030  1.479  0.039
  49 C    6  6.000  0.854  1.121  0.765  0.400  1.377 -0.027  1.471  0.039
  50 C    6  6.000  0.854  1.121  0.765  0.400  1.377 -0.027  1.471  0.039
  51 C    6  6.000  0.854  1.121  0.765  0.400  1.377 -0.027  1.471  0.039
  52 C    6  6.000  0.854  1.121  0.765  0.400  1.377 -0.027  1.471  0.039
  53 C    6  6.000  0.854  1.121  0.765  0.400  1.377 -0.027  1.471  0.039
  54 C    6  6.000  0.854  1.121  0.765  0.400  1.377 -0.027  1.471  0.039
  55 C    6  6.000  0.854  1.121  0.765  0.400  1.377 -0.027  1.471  0.039
  56 C    6  6.000  0.854  1.121  0.765  0.400  1.377 -0.027  1.471  0.039
  57 C    6  6.000  0.854  1.121  0.765  0.400  1.377 -0.027  1.471  0.039
  58 C    6  6.000  0.854  1.121  0.765  0.400  1.377 -0.027  1.471  0.039
  59 C    6  6.000  0.854  1.121  0.765  0.400  1.377 -0.027  1.471  0.039
  60 C    6  6.000  0.854  1.121  0.765  0.400  1.377 -0.027  1.471  0.039
  61 C    6  6.008  0.854  1.121  0.762  0.424  1.332 -0.034  1.511  0.038
  62 C    6  6.008  0.854  1.121  0.762  0.424  1.332 -0.034  1.511  0.038
  63 C    6  6.008  0.854  1.121  0.762  0.424  1.332 -0.034  1.511  0.038
  64 C    6  6.008  0.854  1.121  0.762  0.424  1.332 -0.034  1.511  0.038
  65 C    6  6.008  0.854  1.121  0.762  0.424  1.332 -0.034  1.511  0.038
  66 C    6  6.008  0.854  1.121  0.762  0.424  1.332 -0.034  1.511  0.038
  67 C    6  6.000  0.854  1.121  0.763  0.411  1.354 -0.024  1.481  0.039
  68 C    6  6.000  0.854  1.121  0.763  0.411  1.354 -0.024  1.481  0.039
  69 C    6  6.000  0.854  1.121  0.763  0.411  1.354 -0.024  1.481  0.039
  70 C    6  6.000  0.854  1.121  0.763  0.411  1.354 -0.024  1.481  0.039
  71 C    6  6.000  0.854  1.121  0.763  0.411  1.354 -0.024  1.481  0.039
  72 C    6  6.000  0.854  1.121  0.763  0.411  1.354 -0.024  1.481  0.039
  73 C    6  6.002  0.854  1.121  0.764  0.399  1.374 -0.032  1.483  0.039
  74 C    6  6.002  0.854  1.121  0.764  0.399  1.374 -0.032  1.483  0.039
  75 C    6  6.002  0.854  1.121  0.764  0.399  1.374 -0.032  1.483  0.039
  76 C    6  6.002  0.854  1.121  0.764  0.399  1.374 -0.032  1.483  0.039
  77 C    6  6.002  0.854  1.121  0.764  0.399  1.374 -0.032  1.483  0.039
  78 C    6  6.002  0.854  1.121  0.764  0.399  1.374 -0.032  1.483  0.039
  79 C    6  5.996  0.854  1.121  0.764  0.397  1.376 -0.031  1.478  0.039
  80 C    6  5.996  0.854  1.121  0.764  0.397  1.376 -0.031  1.478  0.039
  81 C    6  5.996  0.854  1.121  0.764  0.397  1.376 -0.031  1.478  0.039
  82 C    6  5.996  0.854  1.121  0.764  0.397  1.376 -0.031  1.478  0.039
  83 C    6  5.996  0.854  1.121  0.764  0.397  1.376 -0.031  1.478  0.039
  84 C    6  5.996  0.854  1.121  0.764  0.397  1.376 -0.031  1.478  0.039
  85 C    6  6.000  0.854  1.121  0.764  0.399  1.375 -0.032  1.481  0.039
  86 C    6  6.000  0.854  1.121  0.764  0.399  1.375 -0.032  1.481  0.039
  87 C    6  6.000  0.854  1.121  0.764  0.399  1.375 -0.032  1.481  0.039
  88 C    6  6.000  0.854  1.121  0.764  0.399  1.375 -0.032  1.481  0.039
  89 C    6  6.000  0.854  1.121  0.764  0.399  1.375 -0.032  1.481  0.039
  90 C    6  6.000  0.854  1.121  0.764  0.399  1.375 -0.032  1.481  0.039
  91 C    6  5.999  0.854  1.121  0.765  0.400  1.372 -0.032  1.481  0.039
  92 C    6  5.999  0.854  1.121  0.765  0.400  1.372 -0.032  1.481  0.039
  93 C    6  5.999  0.854  1.121  0.765  0.398  1.377 -0.026  1.473  0.039
  94 C    6  5.999  0.854  1.121  0.765  0.398  1.377 -0.026  1.473  0.039
  95 C    6  5.999  0.854  1.121  0.765  0.398  1.377 -0.026  1.473  0.039
  96 C    6  5.999  0.854  1.121  0.765  0.398  1.377 -0.026  1.473  0.039
  97 C    6  5.999  0.854  1.121  0.765  0.398  1.377 -0.026  1.473  0.039
  98 C    6  5.999  0.854  1.121  0.765  0.398  1.377 -0.026  1.473  0.039

 OVERLAP POPULATION CONDENSED TO ATOMS FOR FIRST   6 NEIGHBORS

 ATOM A   1 C    ATOM B     CELL      R(AB)/AU R(AB)/ANG    OVPOP(AB)
                 13 C    (  0  0  0)     2.657     1.406     0.456
                  4 C    (  0  0  0)     2.668     1.412     0.450
                 50 C    (  0  0  0)     2.685     1.421     0.442
                 16 C    (  0  0  0)     4.600     2.434    -0.029
                 74 C    (  0  0  0)     4.603     2.436    -0.023
                 98 C    (  0  0  0)     4.632     2.451    -0.029

 ATOM A  13 C    ATOM B     CELL      R(AB)/AU R(AB)/ANG    OVPOP(AB)
                  1 C    (  0  0  0)     2.657     1.406     0.456
                 25 C    (  0  0  0)     2.686     1.421     0.423
                 74 C    (  0  0  0)     2.688     1.422     0.427
                 28 C    (  0  0  0)     4.567     2.417    -0.023
                  4 C    (  0  0  0)     4.600     2.434    -0.029
                 24 C    (  0  0  0)     4.605     2.437    -0.025

 ATOM A  25 C    ATOM B     CELL      R(AB)/AU R(AB)/ANG    OVPOP(AB)
                 28 C    (  0  0  0)     2.597     1.374     0.489
                 13 C    (  0  0  0)     2.686     1.421     0.423
                 67 C    (  0  0  0)     2.786     1.475     0.349
                 16 C    (  0  0  0)     4.567     2.417    -0.023
                 36 C    (  0  0  0)     4.582     2.425    -0.013
                  1 C    (  0  0  0)     4.632     2.451    -0.027

 ATOM A  37 C    ATOM B     CELL      R(AB)/AU R(AB)/ANG    OVPOP(AB)
                 59 C    (  0  0  0)     2.665     1.410     0.453
                 85 C    (  1  0  0)     2.678     1.417     0.450
                 79 C    (  0  0  0)     2.686     1.422     0.438
                 98 C    (  1  0  0)     4.623     2.446    -0.027
                 46 C    (  1  0  0)     4.626     2.448    -0.027
                 47 C    (  0  0  0)     4.629     2.449    -0.023

 ATOM A  49 C    ATOM B     CELL      R(AB)/AU R(AB)/ANG    OVPOP(AB)
                 47 C    (  0  0  0)     2.665     1.410     0.453
                 96 C    (  1  1  0)     2.669     1.412     0.453
                  3 C    (  0  0  0)     2.685     1.421     0.442
                 79 C    (  0  0  0)     4.614     2.442    -0.027
                 60 C    (  1  1  0)     4.617     2.443    -0.028
                 87 C    (  1  1  0)     4.629     2.449    -0.027

 ATOM A  61 C    ATOM B     CELL      R(AB)/AU R(AB)/ANG    OVPOP(AB)
                 71 C    (  0  0  0)     2.571     1.360     0.556
                 65 C    (  0  0  1)     2.853     1.510     0.342
                 29 C    (  0  0  0)     4.745     2.511    -0.027
                 62 C    (  0  0  0)     4.768     2.523    -0.016
                 67 C    (  0  0  1)     4.774     2.526    -0.024
                 71 C    (  0  0  1)     5.230     2.767     0.017

 ATOM A  67 C    ATOM B     CELL      R(AB)/AU R(AB)/ANG    OVPOP(AB)
                 65 C    (  0  0  0)     2.571     1.360     0.556
                 25 C    (  0  0  0)     2.786     1.475     0.349
                 13 C    (  0  0  0)     4.690     2.482    -0.023
                 28 C    (  0  0  0)     4.717     2.496    -0.030
                 61 C    (  0  0 -1)     4.774     2.526    -0.024
                 65 C    (  0  0  1)     5.230     2.767     0.017

 ATOM A  73 C    ATOM B     CELL      R(AB)/AU R(AB)/ANG    OVPOP(AB)
                 79 C    (  0  0  0)     2.657     1.406     0.467
                 15 C    (  0  0  0)     2.688     1.422     0.427
                  3 C    (  0  0  0)     4.603     2.436    -0.023
                 37 C    (  0  0  0)     4.634     2.452    -0.027
                 27 C    (  0  0  0)     4.660     2.466    -0.029
                 49 C    (  0  0  0)     5.334     2.823    -0.011

 ATOM A  79 C    ATOM B     CELL      R(AB)/AU R(AB)/ANG    OVPOP(AB)
                 73 C    (  0  0  0)     2.657     1.406     0.467
                 37 C    (  0  0  0)     2.686     1.422     0.438
                 49 C    (  0  0  0)     4.614     2.442    -0.027
                 15 C    (  0  0  0)     4.634     2.452    -0.029
                 85 C    (  1  0  0)     4.653     2.462    -0.026
                  3 C    (  0  0  0)     5.316     2.813    -0.010

 ATOM A  85 C    ATOM B     CELL      R(AB)/AU R(AB)/ANG    OVPOP(AB)
                 37 C    ( -1  0  0)     2.678     1.417     0.450
                 91 C    (  0  1  0)     2.681     1.419     0.448
                 50 C    (  0  0  0)     4.629     2.449    -0.027
                 86 C    (  0  1  0)     4.636     2.453    -0.027
                 79 C    ( -1  0  0)     4.653     2.462    -0.026
                 98 C    (  0  0  0)     5.348     2.830    -0.010

 ATOM A  91 C    ATOM B     CELL      R(AB)/AU R(AB)/ANG    OVPOP(AB)
                 85 C    (  0 -1  0)     2.681     1.419     0.448
                 37 C    ( -1 -1  0)     4.642     2.457    -0.026
                 79 C    ( -1 -1  0)     5.378     2.846    -0.011
                 91 C    (  0  0 -1)     6.134     3.246     0.010
                 85 C    (  0 -1 -1)     6.553     3.468     0.002
                 85 C    (  0 -1  1)     6.833     3.616    -0.000

 ATOM A  93 C    ATOM B     CELL      R(AB)/AU R(AB)/ANG    OVPOP(AB)
                 52 C    (  0  0  0)     2.669     1.412     0.453
                 97 C    (  0  0  0)     2.681     1.419     0.444
                 42 C    (  0 -1  0)     4.623     2.446    -0.027
                  6 C    (  0  0  0)     4.632     2.451    -0.029
                 51 C    (  0  0  0)     4.636     2.453    -0.028
                 90 C    (  0  0  0)     5.348     2.830    -0.010
 TTTTTTTTTTTTTTTTTTTTTTTTTTTTTT AFTER FIRST TELAPSE    41450.77 TCPU    41277.19
 MMMMMMMMMMMMMMMMMMMMMMMMMMMMMMMMMMMMMMMMMMMMMMMMMMMMMMMMMMMMMMMMMMMMMMMMMMMMMMM
     ALPHA-BETA ELECTRONS
 MULLIKEN POPULATION ANALYSIS - NO. OF ELECTRONS   -0.000000

  ATOM    Z CHARGE  A.O. POPULATION

   1 C    6 -0.000  0.000  0.000  0.000 -0.000 -0.000  0.000 -0.000  0.000
                   -0.000 -0.000 -0.000  0.000  0.000  0.000  0.000 -0.000
                   -0.000  0.000
   2 C    6 -0.000  0.000  0.000  0.000 -0.000  0.000 -0.000 -0.000 -0.000
                    0.000 -0.000  0.000 -0.000  0.000  0.000 -0.000  0.000
                    0.000 -0.000
   3 C    6 -0.000  0.000  0.000  0.000 -0.000 -0.000  0.000 -0.000  0.000
                    0.000 -0.000 -0.000 -0.000  0.000  0.000  0.000  0.000
                   -0.000 -0.000
   4 C    6 -0.000  0.000  0.000  0.000 -0.000 -0.000  0.000 -0.000  0.000
                    0.000 -0.000 -0.000 -0.000  0.000  0.000  0.000  0.000
                   -0.000 -0.000
   5 C    6 -0.000  0.000  0.000  0.000 -0.000 -0.000  0.000 -0.000  0.000
                   -0.000 -0.000 -0.000  0.000  0.000  0.000  0.000 -0.000
                   -0.000  0.000
   6 C    6 -0.000  0.000  0.000  0.000 -0.000  0.000 -0.000 -0.000 -0.000
                    0.000 -0.000  0.000 -0.000  0.000  0.000 -0.000  0.000
                    0.000 -0.000
   7 C    6 -0.000  0.000  0.000  0.000 -0.000 -0.000  0.000 -0.000  0.000
                   -0.000 -0.000 -0.000  0.000  0.000  0.000  0.000 -0.000
                   -0.000  0.000
   8 C    6 -0.000  0.000  0.000  0.000 -0.000  0.000 -0.000 -0.000 -0.000
                    0.000 -0.000  0.000 -0.000  0.000  0.000 -0.000  0.000
                    0.000 -0.000
   9 C    6 -0.000  0.000  0.000  0.000 -0.000 -0.000  0.000 -0.000  0.000
                    0.000 -0.000 -0.000 -0.000  0.000  0.000  0.000  0.000
                   -0.000 -0.000
  10 C    6 -0.000  0.000  0.000  0.000 -0.000 -0.000  0.000 -0.000  0.000
                    0.000 -0.000 -0.000 -0.000  0.000  0.000  0.000  0.000
                   -0.000 -0.000
  11 C    6 -0.000  0.000  0.000  0.000 -0.000 -0.000  0.000 -0.000  0.000
                   -0.000 -0.000 -0.000  0.000  0.000  0.000  0.000 -0.000
                   -0.000  0.000
  12 C    6 -0.000  0.000  0.000  0.000 -0.000  0.000 -0.000 -0.000 -0.000
                    0.000 -0.000  0.000 -0.000  0.000  0.000 -0.000  0.000
                    0.000 -0.000
  13 C    6 -0.000 -0.000  0.000 -0.000 -0.000  0.000  0.000  0.000 -0.000
                   -0.000 -0.000  0.000  0.000  0.000 -0.000 -0.000 -0.000
                    0.000  0.000
  14 C    6 -0.000 -0.000  0.000 -0.000 -0.000  0.000  0.000  0.000  0.000
                   -0.000 -0.000 -0.000  0.000  0.000 -0.000 -0.000 -0.000
                    0.000  0.000
  15 C    6 -0.000 -0.000  0.000 -0.000 -0.000  0.000  0.000  0.000 -0.000
                    0.000 -0.000  0.000 -0.000  0.000 -0.000 -0.000 -0.000
                    0.000  0.000
  16 C    6 -0.000 -0.000  0.000 -0.000 -0.000  0.000  0.000  0.000 -0.000
                    0.000 -0.000  0.000 -0.000  0.000 -0.000 -0.000 -0.000
                    0.000  0.000
  17 C    6 -0.000 -0.000  0.000 -0.000 -0.000  0.000  0.000  0.000 -0.000
                   -0.000 -0.000  0.000  0.000  0.000 -0.000 -0.000 -0.000
                    0.000  0.000
  18 C    6 -0.000 -0.000  0.000 -0.000 -0.000  0.000  0.000  0.000  0.000
                   -0.000 -0.000 -0.000  0.000  0.000 -0.000 -0.000 -0.000
                    0.000  0.000
  19 C    6 -0.000 -0.000  0.000 -0.000 -0.000  0.000  0.000  0.000 -0.000
                   -0.000 -0.000  0.000  0.000  0.000 -0.000 -0.000 -0.000
                    0.000  0.000
  20 C    6 -0.000 -0.000  0.000 -0.000 -0.000  0.000  0.000  0.000  0.000
                   -0.000 -0.000 -0.000  0.000  0.000 -0.000 -0.000 -0.000
                    0.000  0.000
  21 C    6 -0.000 -0.000  0.000 -0.000 -0.000  0.000  0.000  0.000 -0.000
                    0.000 -0.000  0.000 -0.000  0.000 -0.000 -0.000 -0.000
                    0.000  0.000
  22 C    6 -0.000 -0.000  0.000 -0.000 -0.000  0.000  0.000  0.000 -0.000
                    0.000 -0.000  0.000 -0.000  0.000 -0.000 -0.000 -0.000
                    0.000  0.000
  23 C    6 -0.000 -0.000  0.000 -0.000 -0.000  0.000  0.000  0.000 -0.000
                   -0.000 -0.000  0.000  0.000  0.000 -0.000 -0.000 -0.000
                    0.000  0.000
  24 C    6 -0.000 -0.000  0.000 -0.000 -0.000  0.000  0.000  0.000  0.000
                   -0.000 -0.000 -0.000  0.000  0.000 -0.000 -0.000 -0.000
                    0.000  0.000
  25 C    6 -0.000  0.000 -0.000  0.000 -0.000  0.000 -0.000 -0.000  0.000
                    0.000  0.000 -0.000 -0.000 -0.000  0.000 -0.000 -0.000
                    0.000 -0.000
  26 C    6 -0.000  0.000 -0.000  0.000 -0.000 -0.000 -0.000 -0.000  0.000
                    0.000  0.000 -0.000 -0.000 -0.000  0.000  0.000 -0.000
                    0.000 -0.000
  27 C    6 -0.000  0.000 -0.000  0.000 -0.000 -0.000  0.000 -0.000  0.000
                    0.000  0.000 -0.000 -0.000 -0.000  0.000 -0.000  0.000
                   -0.000  0.000
  28 C    6 -0.000  0.000 -0.000  0.000 -0.000 -0.000  0.000 -0.000  0.000
                    0.000  0.000 -0.000 -0.000 -0.000  0.000 -0.000  0.000
                   -0.000  0.000
  29 C    6 -0.000  0.000 -0.000  0.000 -0.000  0.000 -0.000 -0.000  0.000
                    0.000  0.000 -0.000 -0.000 -0.000  0.000 -0.000 -0.000
                    0.000 -0.000
  30 C    6 -0.000  0.000 -0.000  0.000 -0.000 -0.000 -0.000 -0.000  0.000
                    0.000  0.000 -0.000 -0.000 -0.000  0.000  0.000 -0.000
                    0.000 -0.000
  31 C    6 -0.000  0.000 -0.000  0.000 -0.000  0.000 -0.000 -0.000  0.000
                    0.000  0.000 -0.000 -0.000 -0.000  0.000 -0.000 -0.000
                    0.000 -0.000
  32 C    6 -0.000  0.000 -0.000  0.000 -0.000 -0.000 -0.000 -0.000  0.000
                    0.000  0.000 -0.000 -0.000 -0.000  0.000  0.000 -0.000
                    0.000 -0.000
  33 C    6 -0.000  0.000 -0.000  0.000 -0.000 -0.000  0.000 -0.000  0.000
                    0.000  0.000 -0.000 -0.000 -0.000  0.000 -0.000  0.000
                   -0.000  0.000
  34 C    6 -0.000  0.000 -0.000  0.000 -0.000 -0.000  0.000 -0.000  0.000
                    0.000  0.000 -0.000 -0.000 -0.000  0.000 -0.000  0.000
                   -0.000  0.000
  35 C    6 -0.000  0.000 -0.000  0.000 -0.000  0.000 -0.000 -0.000  0.000
                    0.000  0.000 -0.000 -0.000 -0.000  0.000 -0.000 -0.000
                    0.000 -0.000
  36 C    6 -0.000  0.000 -0.000  0.000 -0.000 -0.000 -0.000 -0.000  0.000
                    0.000  0.000 -0.000 -0.000 -0.000  0.000  0.000 -0.000
                    0.000 -0.000
  37 C    6  0.000  0.000  0.000 -0.000  0.000  0.000  0.000  0.000 -0.000
                   -0.000 -0.000 -0.000  0.000 -0.000  0.000 -0.000  0.000
                    0.000  0.000
  38 C    6  0.000  0.000  0.000 -0.000  0.000  0.000  0.000  0.000 -0.000
                   -0.000 -0.000  0.000 -0.000 -0.000  0.000 -0.000 -0.000
                    0.000  0.000
  39 C    6  0.000  0.000  0.000 -0.000  0.000  0.000  0.000  0.000 -0.000
                   -0.000 -0.000  0.000  0.000 -0.000  0.000  0.000 -0.000
                    0.000  0.000
  40 C    6  0.000  0.000  0.000 -0.000  0.000  0.000  0.000  0.000 -0.000
                   -0.000 -0.000  0.000  0.000 -0.000  0.000  0.000 -0.000
                    0.000  0.000
  41 C    6  0.000  0.000  0.000 -0.000  0.000  0.000  0.000  0.000 -0.000
                   -0.000 -0.000 -0.000  0.000 -0.000  0.000 -0.000  0.000
                    0.000  0.000
  42 C    6  0.000  0.000  0.000 -0.000  0.000  0.000  0.000  0.000 -0.000
                   -0.000 -0.000  0.000 -0.000 -0.000  0.000 -0.000 -0.000
                    0.000  0.000
  43 C    6  0.000  0.000  0.000 -0.000  0.000  0.000  0.000  0.000 -0.000
                   -0.000 -0.000 -0.000  0.000 -0.000  0.000 -0.000  0.000
                    0.000  0.000
  44 C    6  0.000  0.000  0.000 -0.000  0.000  0.000  0.000  0.000 -0.000
                   -0.000 -0.000  0.000 -0.000 -0.000  0.000 -0.000 -0.000
                    0.000  0.000
  45 C    6  0.000  0.000  0.000 -0.000  0.000  0.000  0.000  0.000 -0.000
                   -0.000 -0.000  0.000  0.000 -0.000  0.000  0.000 -0.000
                    0.000  0.000
  46 C    6  0.000  0.000  0.000 -0.000  0.000  0.000  0.000  0.000 -0.000
                   -0.000 -0.000  0.000  0.000 -0.000  0.000  0.000 -0.000
                    0.000  0.000
  47 C    6  0.000  0.000  0.000 -0.000  0.000  0.000  0.000  0.000 -0.000
                   -0.000 -0.000 -0.000  0.000 -0.000  0.000 -0.000  0.000
                    0.000  0.000
  48 C    6  0.000  0.000  0.000 -0.000  0.000  0.000  0.000  0.000 -0.000
                   -0.000 -0.000  0.000 -0.000 -0.000  0.000 -0.000 -0.000
                    0.000  0.000
  49 C    6 -0.000  0.000 -0.000 -0.000  0.000 -0.000  0.000  0.000  0.000
                   -0.000 -0.000 -0.000 -0.000  0.000  0.000  0.000 -0.000
                    0.000  0.000
  50 C    6 -0.000  0.000 -0.000 -0.000  0.000  0.000 -0.000  0.000 -0.000
                    0.000 -0.000  0.000 -0.000  0.000  0.000 -0.000  0.000
                    0.000  0.000
  51 C    6 -0.000  0.000 -0.000 -0.000  0.000  0.000 -0.000  0.000  0.000
                    0.000 -0.000 -0.000 -0.000  0.000  0.000 -0.000 -0.000
                    0.000  0.000
  52 C    6 -0.000  0.000 -0.000 -0.000  0.000  0.000 -0.000  0.000  0.000
                    0.000 -0.000 -0.000 -0.000  0.000  0.000 -0.000 -0.000
                    0.000  0.000
  53 C    6 -0.000  0.000 -0.000 -0.000  0.000 -0.000  0.000  0.000  0.000
                   -0.000 -0.000 -0.000 -0.000  0.000  0.000  0.000 -0.000
                    0.000  0.000
  54 C    6 -0.000  0.000 -0.000 -0.000  0.000  0.000 -0.000  0.000 -0.000
                    0.000 -0.000  0.000 -0.000  0.000  0.000 -0.000  0.000
                    0.000  0.000
  55 C    6 -0.000  0.000 -0.000 -0.000  0.000 -0.000  0.000  0.000  0.000
                   -0.000 -0.000 -0.000 -0.000  0.000  0.000  0.000 -0.000
                    0.000  0.000
  56 C    6 -0.000  0.000 -0.000 -0.000  0.000  0.000 -0.000  0.000 -0.000
                    0.000 -0.000  0.000 -0.000  0.000  0.000 -0.000  0.000
                    0.000  0.000
  57 C    6 -0.000  0.000 -0.000 -0.000  0.000  0.000 -0.000  0.000  0.000
                    0.000 -0.000 -0.000 -0.000  0.000  0.000 -0.000 -0.000
                    0.000  0.000
  58 C    6 -0.000  0.000 -0.000 -0.000  0.000  0.000 -0.000  0.000  0.000
                    0.000 -0.000 -0.000 -0.000  0.000  0.000 -0.000 -0.000
                    0.000  0.000
  59 C    6 -0.000  0.000 -0.000 -0.000  0.000 -0.000  0.000  0.000  0.000
                   -0.000 -0.000 -0.000 -0.000  0.000  0.000  0.000 -0.000
                    0.000  0.000
  60 C    6 -0.000  0.000 -0.000 -0.000  0.000  0.000 -0.000  0.000 -0.000
                    0.000 -0.000  0.000 -0.000  0.000  0.000 -0.000  0.000
                    0.000  0.000
  61 C    6 -0.000 -0.000 -0.000 -0.000  0.000 -0.000 -0.000 -0.000  0.000
                   -0.000 -0.000 -0.000  0.000  0.000 -0.000  0.000 -0.000
                   -0.000 -0.000
  62 C    6 -0.000 -0.000 -0.000 -0.000  0.000 -0.000 -0.000 -0.000 -0.000
                    0.000 -0.000  0.000 -0.000  0.000 -0.000 -0.000  0.000
                   -0.000 -0.000
  63 C    6 -0.000 -0.000 -0.000 -0.000  0.000 -0.000 -0.000 -0.000  0.000
                   -0.000 -0.000 -0.000  0.000  0.000 -0.000  0.000 -0.000
                   -0.000 -0.000
  64 C    6 -0.000 -0.000 -0.000 -0.000  0.000 -0.000 -0.000 -0.000  0.000
                   -0.000 -0.000 -0.000  0.000  0.000 -0.000  0.000 -0.000
                   -0.000 -0.000
  65 C    6 -0.000 -0.000 -0.000 -0.000  0.000 -0.000 -0.000 -0.000  0.000
                   -0.000 -0.000 -0.000  0.000  0.000 -0.000  0.000 -0.000
                   -0.000 -0.000
  66 C    6 -0.000 -0.000 -0.000 -0.000  0.000 -0.000 -0.000 -0.000 -0.000
                    0.000 -0.000  0.000 -0.000  0.000 -0.000 -0.000  0.000
                   -0.000 -0.000
  67 C    6  0.000 -0.000  0.000  0.000 -0.000  0.000  0.000  0.000 -0.000
                   -0.000 -0.000  0.000  0.000  0.000  0.000  0.000 -0.000
                    0.000  0.000
  68 C    6  0.000 -0.000  0.000  0.000 -0.000  0.000  0.000  0.000 -0.000
                   -0.000 -0.000  0.000  0.000  0.000  0.000  0.000 -0.000
                    0.000  0.000
  69 C    6  0.000 -0.000  0.000  0.000 -0.000  0.000  0.000  0.000 -0.000
                   -0.000 -0.000  0.000  0.000  0.000  0.000 -0.000  0.000
                    0.000  0.000
  70 C    6  0.000 -0.000  0.000  0.000 -0.000  0.000  0.000  0.000 -0.000
                   -0.000 -0.000  0.000  0.000  0.000  0.000 -0.000  0.000
                    0.000  0.000
  71 C    6  0.000 -0.000  0.000  0.000 -0.000  0.000  0.000  0.000 -0.000
                   -0.000 -0.000  0.000  0.000  0.000  0.000  0.000 -0.000
                    0.000  0.000
  72 C    6  0.000 -0.000  0.000  0.000 -0.000  0.000  0.000  0.000 -0.000
                   -0.000 -0.000  0.000  0.000  0.000  0.000  0.000 -0.000
                    0.000  0.000
  73 C    6  0.000  0.000 -0.000 -0.000  0.000 -0.000 -0.000 -0.000  0.000
                    0.000  0.000 -0.000  0.000 -0.000  0.000  0.000  0.000
                   -0.000 -0.000
  74 C    6  0.000  0.000 -0.000 -0.000  0.000 -0.000 -0.000 -0.000  0.000
                    0.000  0.000  0.000 -0.000 -0.000  0.000  0.000  0.000
                   -0.000 -0.000
  75 C    6  0.000  0.000 -0.000 -0.000  0.000 -0.000 -0.000 -0.000  0.000
                    0.000  0.000  0.000 -0.000 -0.000  0.000  0.000  0.000
                   -0.000 -0.000
  76 C    6  0.000  0.000 -0.000 -0.000  0.000 -0.000 -0.000 -0.000  0.000
                    0.000  0.000  0.000 -0.000 -0.000  0.000  0.000  0.000
                   -0.000 -0.000
  77 C    6  0.000  0.000 -0.000 -0.000  0.000 -0.000 -0.000 -0.000  0.000
                    0.000  0.000 -0.000  0.000 -0.000  0.000  0.000  0.000
                   -0.000 -0.000
  78 C    6  0.000  0.000 -0.000 -0.000  0.000 -0.000 -0.000 -0.000  0.000
                    0.000  0.000  0.000 -0.000 -0.000  0.000  0.000  0.000
                   -0.000 -0.000
  79 C    6 -0.000  0.000 -0.000  0.000  0.000  0.000  0.000  0.000  0.000
                   -0.000 -0.000 -0.000 -0.000  0.000 -0.000  0.000 -0.000
                   -0.000  0.000
  80 C    6 -0.000  0.000 -0.000  0.000  0.000  0.000  0.000  0.000 -0.000
                   -0.000 -0.000 -0.000 -0.000  0.000 -0.000 -0.000 -0.000
                    0.000  0.000
  81 C    6 -0.000  0.000 -0.000  0.000  0.000  0.000  0.000  0.000 -0.000
                   -0.000 -0.000 -0.000 -0.000  0.000 -0.000 -0.000 -0.000
                    0.000  0.000
  82 C    6 -0.000  0.000 -0.000  0.000  0.000  0.000  0.000  0.000 -0.000
                   -0.000 -0.000 -0.000 -0.000  0.000 -0.000 -0.000 -0.000
                    0.000  0.000
  83 C    6 -0.000  0.000 -0.000  0.000  0.000  0.000  0.000  0.000  0.000
                   -0.000 -0.000 -0.000 -0.000  0.000 -0.000  0.000 -0.000
                   -0.000  0.000
  84 C    6 -0.000  0.000 -0.000  0.000  0.000  0.000  0.000  0.000 -0.000
                   -0.000 -0.000 -0.000 -0.000  0.000 -0.000 -0.000 -0.000
                    0.000  0.000
  85 C    6 -0.000  0.000 -0.000 -0.000  0.000 -0.000 -0.000 -0.000  0.000
                    0.000  0.000  0.000 -0.000  0.000 -0.000  0.000 -0.000
                    0.000 -0.000
  86 C    6 -0.000  0.000 -0.000 -0.000  0.000 -0.000 -0.000 -0.000  0.000
                    0.000  0.000 -0.000  0.000  0.000 -0.000 -0.000  0.000
                   -0.000  0.000
  87 C    6 -0.000  0.000 -0.000 -0.000  0.000 -0.000 -0.000 -0.000  0.000
                    0.000  0.000  0.000 -0.000  0.000 -0.000  0.000 -0.000
                    0.000 -0.000
  88 C    6 -0.000  0.000 -0.000 -0.000  0.000 -0.000 -0.000 -0.000  0.000
                    0.000  0.000  0.000 -0.000  0.000 -0.000  0.000 -0.000
                    0.000 -0.000
  89 C    6 -0.000  0.000 -0.000 -0.000  0.000 -0.000 -0.000 -0.000  0.000
                    0.000  0.000  0.000 -0.000  0.000 -0.000  0.000 -0.000
                    0.000 -0.000
  90 C    6 -0.000  0.000 -0.000 -0.000  0.000 -0.000 -0.000 -0.000  0.000
                    0.000  0.000 -0.000  0.000  0.000 -0.000 -0.000  0.000
                   -0.000  0.000
  91 C    6  0.000 -0.000 -0.000  0.000  0.000 -0.000 -0.000  0.000  0.000
                    0.000 -0.000 -0.000 -0.000  0.000  0.000  0.000  0.000
                   -0.000 -0.000
  92 C    6  0.000 -0.000 -0.000  0.000  0.000 -0.000 -0.000  0.000  0.000
                    0.000 -0.000 -0.000 -0.000  0.000  0.000  0.000  0.000
                   -0.000 -0.000
  93 C    6 -0.000  0.000 -0.000  0.000  0.000 -0.000 -0.000 -0.000  0.000
                    0.000  0.000  0.000 -0.000 -0.000  0.000 -0.000  0.000
                   -0.000 -0.000
  94 C    6 -0.000  0.000 -0.000  0.000  0.000 -0.000 -0.000 -0.000  0.000
                    0.000  0.000 -0.000 -0.000 -0.000  0.000  0.000 -0.000
                   -0.000 -0.000
  95 C    6 -0.000  0.000 -0.000  0.000  0.000 -0.000 -0.000 -0.000  0.000
                    0.000  0.000 -0.000 -0.000 -0.000  0.000  0.000 -0.000
                   -0.000 -0.000
  96 C    6 -0.000  0.000 -0.000  0.000  0.000 -0.000 -0.000 -0.000  0.000
                    0.000  0.000 -0.000 -0.000 -0.000  0.000  0.000 -0.000
                   -0.000 -0.000
  97 C    6 -0.000  0.000 -0.000  0.000  0.000 -0.000 -0.000 -0.000  0.000
                    0.000  0.000  0.000 -0.000 -0.000  0.000 -0.000  0.000
                   -0.000 -0.000
  98 C    6 -0.000  0.000 -0.000  0.000  0.000 -0.000 -0.000 -0.000  0.000
                    0.000  0.000 -0.000 -0.000 -0.000  0.000  0.000 -0.000
                   -0.000 -0.000

  ATOM    Z CHARGE  SHELL POPULATION

   1 C    6 -0.000  0.000  0.000  0.000 -0.000  0.000 -0.000 -0.000 -0.000
   2 C    6 -0.000  0.000  0.000  0.000 -0.000  0.000 -0.000 -0.000 -0.000
   3 C    6 -0.000  0.000  0.000  0.000 -0.000  0.000 -0.000 -0.000 -0.000
   4 C    6 -0.000  0.000  0.000  0.000 -0.000  0.000 -0.000 -0.000 -0.000
   5 C    6 -0.000  0.000  0.000  0.000 -0.000  0.000 -0.000 -0.000 -0.000
   6 C    6 -0.000  0.000  0.000  0.000 -0.000  0.000 -0.000 -0.000 -0.000
   7 C    6 -0.000  0.000  0.000  0.000 -0.000  0.000 -0.000 -0.000 -0.000
   8 C    6 -0.000  0.000  0.000  0.000 -0.000  0.000 -0.000 -0.000 -0.000
   9 C    6 -0.000  0.000  0.000  0.000 -0.000  0.000 -0.000 -0.000 -0.000
  10 C    6 -0.000  0.000  0.000  0.000 -0.000  0.000 -0.000 -0.000 -0.000
  11 C    6 -0.000  0.000  0.000  0.000 -0.000  0.000 -0.000 -0.000 -0.000
  12 C    6 -0.000  0.000  0.000  0.000 -0.000  0.000 -0.000 -0.000 -0.000
  13 C    6 -0.000 -0.000  0.000 -0.000 -0.000  0.000 -0.000  0.000  0.000
  14 C    6 -0.000 -0.000  0.000 -0.000 -0.000  0.000 -0.000  0.000  0.000
  15 C    6 -0.000 -0.000  0.000 -0.000 -0.000  0.000 -0.000  0.000  0.000
  16 C    6 -0.000 -0.000  0.000 -0.000 -0.000  0.000 -0.000  0.000  0.000
  17 C    6 -0.000 -0.000  0.000 -0.000 -0.000  0.000 -0.000  0.000  0.000
  18 C    6 -0.000 -0.000  0.000 -0.000 -0.000  0.000 -0.000  0.000  0.000
  19 C    6 -0.000 -0.000  0.000 -0.000 -0.000  0.000 -0.000  0.000  0.000
  20 C    6 -0.000 -0.000  0.000 -0.000 -0.000  0.000 -0.000  0.000  0.000
  21 C    6 -0.000 -0.000  0.000 -0.000 -0.000  0.000 -0.000  0.000  0.000
  22 C    6 -0.000 -0.000  0.000 -0.000 -0.000  0.000 -0.000  0.000  0.000
  23 C    6 -0.000 -0.000  0.000 -0.000 -0.000  0.000 -0.000  0.000  0.000
  24 C    6 -0.000 -0.000  0.000 -0.000 -0.000  0.000 -0.000  0.000  0.000
  25 C    6 -0.000  0.000 -0.000  0.000 -0.000 -0.000  0.000 -0.000 -0.000
  26 C    6 -0.000  0.000 -0.000  0.000 -0.000 -0.000  0.000 -0.000 -0.000
  27 C    6 -0.000  0.000 -0.000  0.000 -0.000 -0.000  0.000 -0.000 -0.000
  28 C    6 -0.000  0.000 -0.000  0.000 -0.000 -0.000  0.000 -0.000 -0.000
  29 C    6 -0.000  0.000 -0.000  0.000 -0.000 -0.000  0.000 -0.000 -0.000
  30 C    6 -0.000  0.000 -0.000  0.000 -0.000 -0.000  0.000 -0.000 -0.000
  31 C    6 -0.000  0.000 -0.000  0.000 -0.000 -0.000  0.000 -0.000 -0.000
  32 C    6 -0.000  0.000 -0.000  0.000 -0.000 -0.000  0.000 -0.000 -0.000
  33 C    6 -0.000  0.000 -0.000  0.000 -0.000 -0.000  0.000 -0.000 -0.000
  34 C    6 -0.000  0.000 -0.000  0.000 -0.000 -0.000  0.000 -0.000 -0.000
  35 C    6 -0.000  0.000 -0.000  0.000 -0.000 -0.000  0.000 -0.000 -0.000
  36 C    6 -0.000  0.000 -0.000  0.000 -0.000 -0.000  0.000 -0.000 -0.000
  37 C    6  0.000  0.000  0.000 -0.000  0.000  0.000 -0.000  0.000  0.000
  38 C    6  0.000  0.000  0.000 -0.000  0.000  0.000 -0.000  0.000  0.000
  39 C    6  0.000  0.000  0.000 -0.000  0.000  0.000 -0.000  0.000  0.000
  40 C    6  0.000  0.000  0.000 -0.000  0.000  0.000 -0.000  0.000  0.000
  41 C    6  0.000  0.000  0.000 -0.000  0.000  0.000 -0.000  0.000  0.000
  42 C    6  0.000  0.000  0.000 -0.000  0.000  0.000 -0.000  0.000  0.000
  43 C    6  0.000  0.000  0.000 -0.000  0.000  0.000 -0.000  0.000  0.000
  44 C    6  0.000  0.000  0.000 -0.000  0.000  0.000 -0.000  0.000  0.000
  45 C    6  0.000  0.000  0.000 -0.000  0.000  0.000 -0.000  0.000  0.000
  46 C    6  0.000  0.000  0.000 -0.000  0.000  0.000 -0.000  0.000  0.000
  47 C    6  0.000  0.000  0.000 -0.000  0.000  0.000 -0.000  0.000  0.000
  48 C    6  0.000  0.000  0.000 -0.000  0.000  0.000 -0.000  0.000  0.000
  49 C    6 -0.000  0.000 -0.000 -0.000  0.000  0.000  0.000 -0.000  0.000
  50 C    6 -0.000  0.000 -0.000 -0.000  0.000  0.000  0.000 -0.000  0.000
  51 C    6 -0.000  0.000 -0.000 -0.000  0.000  0.000  0.000 -0.000  0.000
  52 C    6 -0.000  0.000 -0.000 -0.000  0.000  0.000  0.000 -0.000  0.000
  53 C    6 -0.000  0.000 -0.000 -0.000  0.000  0.000  0.000 -0.000  0.000
  54 C    6 -0.000  0.000 -0.000 -0.000  0.000  0.000  0.000 -0.000  0.000
  55 C    6 -0.000  0.000 -0.000 -0.000  0.000  0.000  0.000 -0.000  0.000
  56 C    6 -0.000  0.000 -0.000 -0.000  0.000  0.000  0.000 -0.000  0.000
  57 C    6 -0.000  0.000 -0.000 -0.000  0.000  0.000  0.000 -0.000  0.000
  58 C    6 -0.000  0.000 -0.000 -0.000  0.000  0.000  0.000 -0.000  0.000
  59 C    6 -0.000  0.000 -0.000 -0.000  0.000  0.000  0.000 -0.000  0.000
  60 C    6 -0.000  0.000 -0.000 -0.000  0.000  0.000  0.000 -0.000  0.000
  61 C    6 -0.000 -0.000 -0.000 -0.000  0.000 -0.000 -0.000  0.000 -0.000
  62 C    6 -0.000 -0.000 -0.000 -0.000  0.000 -0.000 -0.000  0.000 -0.000
  63 C    6 -0.000 -0.000 -0.000 -0.000  0.000 -0.000 -0.000  0.000 -0.000
  64 C    6 -0.000 -0.000 -0.000 -0.000  0.000 -0.000 -0.000  0.000 -0.000
  65 C    6 -0.000 -0.000 -0.000 -0.000  0.000 -0.000 -0.000  0.000 -0.000
  66 C    6 -0.000 -0.000 -0.000 -0.000  0.000 -0.000 -0.000  0.000 -0.000
  67 C    6  0.000 -0.000  0.000  0.000 -0.000  0.000 -0.000  0.000  0.000
  68 C    6  0.000 -0.000  0.000  0.000 -0.000  0.000 -0.000  0.000  0.000
  69 C    6  0.000 -0.000  0.000  0.000 -0.000  0.000 -0.000  0.000  0.000
  70 C    6  0.000 -0.000  0.000  0.000 -0.000  0.000 -0.000  0.000  0.000
  71 C    6  0.000 -0.000  0.000  0.000 -0.000  0.000 -0.000  0.000  0.000
  72 C    6  0.000 -0.000  0.000  0.000 -0.000  0.000 -0.000  0.000  0.000
  73 C    6  0.000  0.000 -0.000 -0.000  0.000 -0.000  0.000 -0.000 -0.000
  74 C    6  0.000  0.000 -0.000 -0.000  0.000 -0.000  0.000 -0.000 -0.000
  75 C    6  0.000  0.000 -0.000 -0.000  0.000 -0.000  0.000 -0.000 -0.000
  76 C    6  0.000  0.000 -0.000 -0.000  0.000 -0.000  0.000 -0.000 -0.000
  77 C    6  0.000  0.000 -0.000 -0.000  0.000 -0.000  0.000 -0.000 -0.000
  78 C    6  0.000  0.000 -0.000 -0.000  0.000 -0.000  0.000 -0.000 -0.000
  79 C    6 -0.000  0.000 -0.000  0.000  0.000  0.000 -0.000 -0.000  0.000
  80 C    6 -0.000  0.000 -0.000  0.000  0.000  0.000 -0.000 -0.000  0.000
  81 C    6 -0.000  0.000 -0.000  0.000  0.000  0.000 -0.000 -0.000  0.000
  82 C    6 -0.000  0.000 -0.000  0.000  0.000  0.000 -0.000 -0.000  0.000
  83 C    6 -0.000  0.000 -0.000  0.000  0.000  0.000 -0.000 -0.000  0.000
  84 C    6 -0.000  0.000 -0.000  0.000  0.000  0.000 -0.000 -0.000  0.000
  85 C    6 -0.000  0.000 -0.000 -0.000  0.000 -0.000  0.000 -0.000  0.000
  86 C    6 -0.000  0.000 -0.000 -0.000  0.000 -0.000  0.000 -0.000  0.000
  87 C    6 -0.000  0.000 -0.000 -0.000  0.000 -0.000  0.000 -0.000  0.000
  88 C    6 -0.000  0.000 -0.000 -0.000  0.000 -0.000  0.000 -0.000  0.000
  89 C    6 -0.000  0.000 -0.000 -0.000  0.000 -0.000  0.000 -0.000  0.000
  90 C    6 -0.000  0.000 -0.000 -0.000  0.000 -0.000  0.000 -0.000  0.000
  91 C    6  0.000 -0.000 -0.000  0.000  0.000 -0.000  0.000 -0.000  0.000
  92 C    6  0.000 -0.000 -0.000  0.000  0.000 -0.000  0.000 -0.000  0.000
  93 C    6 -0.000  0.000 -0.000  0.000  0.000 -0.000  0.000 -0.000 -0.000
  94 C    6 -0.000  0.000 -0.000  0.000  0.000 -0.000  0.000 -0.000 -0.000
  95 C    6 -0.000  0.000 -0.000  0.000  0.000 -0.000  0.000 -0.000 -0.000
  96 C    6 -0.000  0.000 -0.000  0.000  0.000 -0.000  0.000 -0.000 -0.000
  97 C    6 -0.000  0.000 -0.000  0.000  0.000 -0.000  0.000 -0.000 -0.000
  98 C    6 -0.000  0.000 -0.000  0.000  0.000 -0.000  0.000 -0.000 -0.000

 OVERLAP POPULATION CONDENSED TO ATOMS FOR FIRST   6 NEIGHBORS

 ATOM A   1 C    ATOM B     CELL      R(AB)/AU R(AB)/ANG    OVPOP(AB)
                 13 C    (  0  0  0)     2.657     1.406     0.000
                  4 C    (  0  0  0)     2.668     1.412     0.000
                 50 C    (  0  0  0)     2.685     1.421    -0.000
                 16 C    (  0  0  0)     4.600     2.434    -0.000
                 74 C    (  0  0  0)     4.603     2.436     0.000
                 98 C    (  0  0  0)     4.632     2.451     0.000

 ATOM A  13 C    ATOM B     CELL      R(AB)/AU R(AB)/ANG    OVPOP(AB)
                  1 C    (  0  0  0)     2.657     1.406     0.000
                 25 C    (  0  0  0)     2.686     1.421     0.000
                 74 C    (  0  0  0)     2.688     1.422     0.000
                 28 C    (  0  0  0)     4.567     2.417    -0.000
                  4 C    (  0  0  0)     4.600     2.434    -0.000
                 24 C    (  0  0  0)     4.605     2.437     0.000

 ATOM A  25 C    ATOM B     CELL      R(AB)/AU R(AB)/ANG    OVPOP(AB)
                 28 C    (  0  0  0)     2.597     1.374     0.000
                 13 C    (  0  0  0)     2.686     1.421     0.000
                 67 C    (  0  0  0)     2.786     1.475    -0.000
                 16 C    (  0  0  0)     4.567     2.417    -0.000
                 36 C    (  0  0  0)     4.582     2.425    -0.000
                  1 C    (  0  0  0)     4.632     2.451    -0.000

 ATOM A  37 C    ATOM B     CELL      R(AB)/AU R(AB)/ANG    OVPOP(AB)
                 59 C    (  0  0  0)     2.665     1.410    -0.000
                 85 C    (  1  0  0)     2.678     1.417    -0.000
                 79 C    (  0  0  0)     2.686     1.422    -0.000
                 98 C    (  1  0  0)     4.623     2.446     0.000
                 46 C    (  1  0  0)     4.626     2.448     0.000
                 47 C    (  0  0  0)     4.629     2.449    -0.000

 ATOM A  49 C    ATOM B     CELL      R(AB)/AU R(AB)/ANG    OVPOP(AB)
                 47 C    (  0  0  0)     2.665     1.410    -0.000
                 96 C    (  1  1  0)     2.669     1.412    -0.000
                  3 C    (  0  0  0)     2.685     1.421    -0.000
                 79 C    (  0  0  0)     4.614     2.442    -0.000
                 60 C    (  1  1  0)     4.617     2.443    -0.000
                 87 C    (  1  1  0)     4.629     2.449    -0.000

 ATOM A  61 C    ATOM B     CELL      R(AB)/AU R(AB)/ANG    OVPOP(AB)
                 71 C    (  0  0  0)     2.571     1.360     0.000
                 65 C    (  0  0  1)     2.853     1.510     0.000
                 29 C    (  0  0  0)     4.745     2.511    -0.000
                 62 C    (  0  0  0)     4.768     2.523     0.000
                 67 C    (  0  0  1)     4.774     2.526     0.000
                 71 C    (  0  0  1)     5.230     2.767    -0.000

 ATOM A  67 C    ATOM B     CELL      R(AB)/AU R(AB)/ANG    OVPOP(AB)
                 65 C    (  0  0  0)     2.571     1.360     0.000
                 25 C    (  0  0  0)     2.786     1.475    -0.000
                 13 C    (  0  0  0)     4.690     2.482     0.000
                 28 C    (  0  0  0)     4.717     2.496     0.000
                 61 C    (  0  0 -1)     4.774     2.526     0.000
                 65 C    (  0  0  1)     5.230     2.767    -0.000

 ATOM A  73 C    ATOM B     CELL      R(AB)/AU R(AB)/ANG    OVPOP(AB)
                 79 C    (  0  0  0)     2.657     1.406    -0.000
                 15 C    (  0  0  0)     2.688     1.422     0.000
                  3 C    (  0  0  0)     4.603     2.436     0.000
                 37 C    (  0  0  0)     4.634     2.452     0.000
                 27 C    (  0  0  0)     4.660     2.466    -0.000
                 49 C    (  0  0  0)     5.334     2.823     0.000

 ATOM A  79 C    ATOM B     CELL      R(AB)/AU R(AB)/ANG    OVPOP(AB)
                 73 C    (  0  0  0)     2.657     1.406    -0.000
                 37 C    (  0  0  0)     2.686     1.422    -0.000
                 49 C    (  0  0  0)     4.614     2.442    -0.000
                 15 C    (  0  0  0)     4.634     2.452    -0.000
                 85 C    (  1  0  0)     4.653     2.462    -0.000
                  3 C    (  0  0  0)     5.316     2.813     0.000

 ATOM A  85 C    ATOM B     CELL      R(AB)/AU R(AB)/ANG    OVPOP(AB)
                 37 C    ( -1  0  0)     2.678     1.417    -0.000
                 91 C    (  0  1  0)     2.681     1.419    -0.000
                 50 C    (  0  0  0)     4.629     2.449    -0.000
                 86 C    (  0  1  0)     4.636     2.453     0.000
                 79 C    ( -1  0  0)     4.653     2.462    -0.000
                 98 C    (  0  0  0)     5.348     2.830    -0.000

 ATOM A  91 C    ATOM B     CELL      R(AB)/AU R(AB)/ANG    OVPOP(AB)
                 85 C    (  0 -1  0)     2.681     1.419    -0.000
                 37 C    ( -1 -1  0)     4.642     2.457    -0.000
                 79 C    ( -1 -1  0)     5.378     2.846     0.000
                 91 C    (  0  0 -1)     6.134     3.246     0.000
                 85 C    (  0 -1 -1)     6.553     3.468     0.000
                 85 C    (  0 -1  1)     6.833     3.616    -0.000

 ATOM A  93 C    ATOM B     CELL      R(AB)/AU R(AB)/ANG    OVPOP(AB)
                 52 C    (  0  0  0)     2.669     1.412    -0.000
                 97 C    (  0  0  0)     2.681     1.419     0.000
                 42 C    (  0 -1  0)     4.623     2.446     0.000
                  6 C    (  0  0  0)     4.632     2.451     0.000
                 51 C    (  0  0  0)     4.636     2.453    -0.000
                 90 C    (  0  0  0)     5.348     2.830    -0.000
 EIGENVECTORS IN FORTRAN UNIT 10
 TTTTTTTTTTTTTTTTTTTTTTTTTTTTTT END         TELAPSE    41452.99 TCPU    41279.15
 EEEEEEEEEE TERMINATION  DATE 22 01 2026 TIME 01:08:13.8
NODE    0 CPU TIME =     41279.153
NODE    1 CPU TIME =     41246.994
NODE    2 CPU TIME =     41274.902
NODE    3 CPU TIME =     41285.571
NODE    4 CPU TIME =     41271.310
NODE    5 CPU TIME =     41290.531
NODE    6 CPU TIME =     41277.235
NODE    7 CPU TIME =     41277.830
NODE    8 CPU TIME =     41265.878
NODE    9 CPU TIME =     41278.437
NODE   10 CPU TIME =     41276.390
NODE   11 CPU TIME =     41279.614
NODE   12 CPU TIME =     41312.838
NODE   13 CPU TIME =     41219.731
NODE   14 CPU TIME =     41287.989
NODE   15 CPU TIME =     41259.441
NODE   16 CPU TIME =     41247.327
NODE   17 CPU TIME =     41277.376
NODE   18 CPU TIME =     41262.620
NODE   19 CPU TIME =     41280.745
NODE   20 CPU TIME =     41267.688
NODE   21 CPU TIME =     41264.996
NODE   22 CPU TIME =     41282.895
NODE   23 CPU TIME =     41214.825
    TOTAL CPU TIME =    990482.318
