MPI startup(): Warning: I_MPI_PMI_LIBRARY will be ignored since the hydra process manager was found
MPI startup(): Warning: I_MPI_PMI_LIBRARY will be ignored since the hydra process manager was found
MPI startup(): Warning: I_MPI_PMI_LIBRARY will be ignored since the hydra process manager was found
MPI startup(): Warning: I_MPI_PMI_LIBRARY will be ignored since the hydra process manager was found
MPI startup(): Warning: I_MPI_PMI_LIBRARY will be ignored since the hydra process manager was found
MPI startup(): Warning: I_MPI_PMI_LIBRARY will be ignored since the hydra process manager was found
MPI startup(): Warning: I_MPI_PMI_LIBRARY will be ignored since the hydra process manager was found
MPI startup(): Warning: I_MPI_PMI_LIBRARY will be ignored since the hydra process manager was found
MPI startup(): Warning: I_MPI_PMI_LIBRARY will be ignored since the hydra process manager was found
MPI startup(): Warning: I_MPI_PMI_LIBRARY will be ignored since the hydra process manager was found
MPI startup(): Warning: I_MPI_PMI_LIBRARY will be ignored since the hydra process manager was found
MPI startup(): Warning: I_MPI_PMI_LIBRARY will be ignored since the hydra process manager was found
MPI startup(): Warning: I_MPI_PMI_LIBRARY will be ignored since the hydra process manager was found
MPI startup(): Warning: I_MPI_PMI_LIBRARY will be ignored since the hydra process manager was found
MPI startup(): Warning: I_MPI_PMI_LIBRARY will be ignored since the hydra process manager was found
MPI startup(): Warning: I_MPI_PMI_LIBRARY will be ignored since the hydra process manager was found
MPI startup(): Warning: I_MPI_PMI_LIBRARY will be ignored since the hydra process manager was found
MPI startup(): Warning: I_MPI_PMI_LIBRARY will be ignored since the hydra process manager was found
MPI startup(): Warning: I_MPI_PMI_LIBRARY will be ignored since the hydra process manager was found
MPI startup(): Warning: I_MPI_PMI_LIBRARY will be ignored since the hydra process manager was found
MPI startup(): Warning: I_MPI_PMI_LIBRARY will be ignored since the hydra process manager was found
MPI startup(): Warning: I_MPI_PMI_LIBRARY will be ignored since the hydra process manager was found
MPI startup(): Warning: I_MPI_PMI_LIBRARY will be ignored since the hydra process manager was found
MPI startup(): Warning: I_MPI_PMI_LIBRARY will be ignored since the hydra process manager was found
MPI startup(): Warning: I_MPI_PMI_LIBRARY will be ignored since the hydra process manager was found
MPI startup(): Warning: I_MPI_PMI_LIBRARY will be ignored since the hydra process manager was found
MPI startup(): Warning: I_MPI_PMI_LIBRARY will be ignored since the hydra process manager was found
MPI startup(): Warning: I_MPI_PMI_LIBRARY will be ignored since the hydra process manager was found
MPI startup(): Warning: I_MPI_PMI_LIBRARY will be ignored since the hydra process manager was found
MPI startup(): Warning: I_MPI_PMI_LIBRARY will be ignored since the hydra process manager was found
MPI startup(): Warning: I_MPI_PMI_LIBRARY will be ignored since the hydra process manager was found
MPI startup(): Warning: I_MPI_PMI_LIBRARY will be ignored since the hydra process manager was found
 PROCESS           23  OF           32  WORKING
 PROCESS           26  OF           32  WORKING
 PROCESS           27  OF           32  WORKING
 PROCESS           21  OF           32  WORKING
 PROCESS            5  OF           32  WORKING
 PROCESS            6  OF           32  WORKING
 PROCESS            8  OF           32  WORKING
 PROCESS           16  OF           32  WORKING
 PROCESS           18  OF           32  WORKING
 PROCESS           22  OF           32  WORKING
 PROCESS           31  OF           32  WORKING
 PROCESS           11  OF           32  WORKING
 PROCESS           14  OF           32  WORKING
 PROCESS           28  OF           32  WORKING
 PROCESS           29  OF           32  WORKING
 PROCESS           19  OF           32  WORKING
 PROCESS           24  OF           32  WORKING
 PROCESS            2  OF           32  WORKING
 PROCESS            3  OF           32  WORKING
 PROCESS           17  OF           32  WORKING
 PROCESS           25  OF           32  WORKING
 PROCESS            1  OF           32  WORKING
 PROCESS            7  OF           32  WORKING
 PROCESS           12  OF           32  WORKING
 PROCESS           13  OF           32  WORKING
 PROCESS           30  OF           32  WORKING
 PROCESS           15  OF           32  WORKING
 PROCESS            0  OF           32  WORKING
 PROCESS            4  OF           32  WORKING
 PROCESS           10  OF           32  WORKING
 PROCESS           20  OF           32  WORKING

         
 *******************************************************************************
 *                                                                             *
 *                               CRYSTAL23                                     *
 *                      public : 1.0.1 - October 2022                          *
 *                       HTTP://WWW.CRYSTAL.UNITO.IT                           *
 *                                                                             *
 *                              MAIN AUTHORS                                   *
 *                                                                             *
 *  R. DOVESI(1,11), V.R. SAUNDERS(2), C. ROETTI(1,11), R. ORLANDO(1,11),      *
 *  C.M. ZICOVICH-WILSON(1,3), F. PASCALE(4), B. CIVALLERI(1,11),              *
 *  K. DOLL(5), N.M. HARRISON(6), I.J. BUSH(7), Ph. D'ARCO(8),                 *
 *  M. LLUNELL(9), M. CAUSA'(10), Y. NOEL(8), L. MASCHIO(1,11), A. ERBA(1,11)  *
 *  M. RE'RAT(14), S. CASASSA(1,11), B.G. SEARLE(2), J.K. DESMARAIS(1)         *
 *                                                                             *
 *        CONTRIBUTIONS TO THE CODE HAVE ALSO BEEN GIVEN BY                    *
 *                                                                             *
 *  M. FERRABONE(1,11), M. DE LA PIERRE(1,11), M. FERRERO(1,11),               *
 *  J. BAIMA(1,11), E. ALBANESE(1,11), M.F. PEINTINGER(12), R. BAST(13),       *
 *  B. KIRTMAN(15), V. LACIVITA(1,11), R. DEMICHELIS(1,16)                     *
 *  G. BRANDEBURG(17), S. SALUSTRO(1,11), G. SANSONE(1,11)                     *
 *  M.T. RUGGIERO(18), L.E. DAGA(1), L. DONA'(1), A. COSSARD(1)                *
 *                                                                             *
 * (1) THEORETICAL CHEMISTRY GROUP - UNIVERSITA' DI TORINO - TORINO (ITALY)    *
 * (2) SCIENTIFIC COMPUTING DEPARTMENT - STFC DARESBURY (UK)                   *
 * (3) UNIVERSIDAD AUTONOMA DEL ESTADO DE MORELOS - CUERNAVACA (MEXICO)        *
 * (4) UNIVERSITE' DE LORRAINE - NANCY (FRANCE)                                *
 * (5) UNIVERSITAET STUTTGART- STUTTGART (GERMANY)                             *
 * (6) IMPERIAL COLLEGE - LONDON (UK)                                          *
 * (7) SCIENTIFIC COMPUTING DEPARTMENT - STFC RAL (UK)                         *
 * (8) UPMC - SORBONNE UNIVERSITES - PARIS (FRANCE)                            *
 * (9) UNIVERSIDAD DE BARCELONA - BARCELONA (SPAIN)                            *
 *(10) UNIVERSITA' DI NAPOLI "FEDERICO II" - NAPOLI (ITALY)                    *
 *(11) NIS - NANOSTRUCTURED INTERFACES AND SURFACES - TORINO (ITALY)           *
 *(12) MPI FUER CHEMISCHE ENERGIEKONVERSION - MUELHEIM AN DER RUHR (GERMANY)   *
 *(13) UNIVERSITY OF TROMSO - TROMSO (NORWAY)                                  *
 *(14) UNIVERSITE' DE PAU ET DES PAYS DE L'ADOUR - PAU (FRANCE)                *
 *(15) UNIVERSITY OF CALIFORNIA SANTA BARBARA - SANTA BARBARA (USA)            *
 *(16) CURTIN UNIVERSITY - PERTH (AUSTRALIA)                                   *
 *(17) UNIVERSITY COLLEGE LONDON - LONDON (UK)                                 *
 *(18) UNIVERSITY OF VERMONT - BURLINGTON (USA)                                *
 *                                                                             *
 *******************************************************************************
 EEEEEEEEEE STARTING  DATE 30 01 2026 TIME 21:29:19.1
 ./3^15T1-CA_rev1_sp_B3LYP-D3-D3_optimized                                       
 PROCESS            9  OF           32  WORKING

 CRYSTAL CALCULATION
 (INPUT ACCORDING TO THE INTERNATIONAL TABLES FOR X-RAY CRYSTALLOGRAPHY)
 CRYSTAL FAMILY                       :  MONOCLINIC  
 CRYSTAL CLASS  (GROTH - 1921)        :  MONOCLINIC PRISMATIC                 

 SPACE GROUP (CENTROSYMMETRIC)        :  P 2/M           

 LATTICE PARAMETERS  (ANGSTROMS AND DEGREES) - CONVENTIONAL CELL
        A           B           C        ALPHA        BETA       GAMMA
     3.26639    21.06515     4.91127    90.00000   109.44093    90.00000


 NUMBER OF IRREDUCIBLE ATOMS IN THE CONVENTIONAL CELL:   15

 INPUT COORDINATES

 ATOM AT. N.              COORDINATES
   1   6    -3.035289289478E-01 -1.672957088398E-01  2.614984564418E-01
   2   6     4.356054774346E-01 -2.319730391116E-01 -2.615564386340E-01
   3   6    -2.597095866619E-01 -3.349553133613E-02  2.528896810110E-01
   4   6     4.910610765709E-01 -3.657638682260E-01 -2.519432837939E-01
   5   6    -4.959776378433E-01  4.328070964240E-01  2.508034702215E-01
   6   6    -5.000000000000E-01 -2.653500438067E-01 -2.496255456309E-20
   7   6    -5.000000000000E-01 -1.339294465603E-01 -1.257421633207E-20
   8   6    -5.000000000000E-01 -3.326677403490E-01 -1.315631079459E-20
   9   6    -5.000000000000E-01 -6.652789369540E-02 -3.057462921608E-20
  10   6    -5.000000000000E-01  4.663387829307E-01 -2.321627117553E-20
  11   6    -5.000000000000E-01 -2.644919633353E-01 -5.000000000000E-01
  12   6    -5.000000000000E-01 -3.315255864532E-01 -5.000000000000E-01
  13   6    -5.000000000000E-01  4.666109180281E-01 -5.000000000000E-01
  14   6    -2.776941248346E-17 -1.347429687718E-01 -5.000000000000E-01
  15   6    -2.776941248346E-17 -6.787942722536E-02 -5.000000000000E-01

 *******************************************************************************

 << INFORMATION >>: FROM NOW ON, ALL COORDINATES REFER TO THE PRIMITIVE CELL

 *******************************************************************************

 LATTICE PARAMETERS  (ANGSTROMS AND DEGREES) - PRIMITIVE CELL
       A          B          C        ALPHA      BETA     GAMMA        VOLUME
    3.26639   21.06515    4.91127    90.00000 109.44093  90.00000    318.662337

 COORDINATES OF THE EQUIVALENT ATOMS (FRACTIONAL UNITS)

 N. ATOM EQUIV AT. N.          X                  Y                  Z

   1   1   1    6 C    -3.03528928948E-01 -1.67295708840E-01  2.61498456442E-01
   2   1   2    6 C     3.03528928948E-01 -1.67295708840E-01 -2.61498456442E-01
   3   1   3    6 C     3.03528928948E-01  1.67295708840E-01 -2.61498456442E-01
   4   1   4    6 C    -3.03528928948E-01  1.67295708840E-01  2.61498456442E-01

   5   2   1    6 C     4.35605477435E-01 -2.31973039112E-01 -2.61556438634E-01
   6   2   2    6 C    -4.35605477435E-01 -2.31973039112E-01  2.61556438634E-01
   7   2   3    6 C    -4.35605477435E-01  2.31973039112E-01  2.61556438634E-01
   8   2   4    6 C     4.35605477435E-01  2.31973039112E-01 -2.61556438634E-01

   9   3   1    6 C    -2.59709586662E-01 -3.34955313361E-02  2.52889681011E-01
  10   3   2    6 C     2.59709586662E-01 -3.34955313361E-02 -2.52889681011E-01
  11   3   3    6 C     2.59709586662E-01  3.34955313361E-02 -2.52889681011E-01
  12   3   4    6 C    -2.59709586662E-01  3.34955313361E-02  2.52889681011E-01

  13   4   1    6 C     4.91061076571E-01 -3.65763868226E-01 -2.51943283794E-01
  14   4   2    6 C    -4.91061076571E-01 -3.65763868226E-01  2.51943283794E-01
  15   4   3    6 C    -4.91061076571E-01  3.65763868226E-01  2.51943283794E-01
  16   4   4    6 C     4.91061076571E-01  3.65763868226E-01 -2.51943283794E-01

  17   5   1    6 C    -4.95977637843E-01  4.32807096424E-01  2.50803470222E-01
  18   5   2    6 C     4.95977637843E-01  4.32807096424E-01 -2.50803470222E-01
  19   5   3    6 C     4.95977637843E-01 -4.32807096424E-01 -2.50803470222E-01
  20   5   4    6 C    -4.95977637843E-01 -4.32807096424E-01  2.50803470222E-01

  21   6   1    6 C     5.00000000000E-01 -2.65350043807E-01 -2.49625545631E-20
  22   6   2    6 C    -5.00000000000E-01  2.65350043807E-01  2.49625545631E-20

  23   7   1    6 C     5.00000000000E-01 -1.33929446560E-01 -1.25742163321E-20
  24   7   2    6 C    -5.00000000000E-01  1.33929446560E-01  1.25742163321E-20

  25   8   1    6 C     5.00000000000E-01 -3.32667740349E-01 -1.31563107946E-20
  26   8   2    6 C    -5.00000000000E-01  3.32667740349E-01  1.31563107946E-20

  27   9   1    6 C     5.00000000000E-01 -6.65278936954E-02 -3.05746292161E-20
  28   9   2    6 C    -5.00000000000E-01  6.65278936954E-02  3.05746292161E-20

  29  10   1    6 C     5.00000000000E-01  4.66338782931E-01 -2.32162711755E-20
  30  10   2    6 C    -5.00000000000E-01 -4.66338782931E-01  2.32162711755E-20

  31  11   1    6 C     5.00000000000E-01 -2.64491963335E-01  5.00000000000E-01
  32  11   2    6 C    -5.00000000000E-01  2.64491963335E-01 -5.00000000000E-01

  33  12   1    6 C     5.00000000000E-01 -3.31525586453E-01  5.00000000000E-01
  34  12   2    6 C    -5.00000000000E-01  3.31525586453E-01 -5.00000000000E-01

  35  13   1    6 C     5.00000000000E-01  4.66610918028E-01  5.00000000000E-01
  36  13   2    6 C    -5.00000000000E-01 -4.66610918028E-01 -5.00000000000E-01

  37  14   1    6 C    -2.77694124835E-17 -1.34742968772E-01  5.00000000000E-01
  38  14   2    6 C     2.77694124835E-17  1.34742968772E-01 -5.00000000000E-01

  39  15   1    6 C    -2.77694124835E-17 -6.78794272254E-02  5.00000000000E-01
  40  15   2    6 C     2.77694124835E-17  6.78794272254E-02 -5.00000000000E-01

 NUMBER OF SYMMETRY OPERATORS         :    4
 *******************************************************************************
 * GEOMETRY EDITING - INPUT COORDINATES ARE GIVEN IN ANGSTROM         
 *******************************************************************************

 GEOMETRY NOW FULLY CONSISTENT WITH THE GROUP

 GCALCO - MAX INDICES DIRECT LATTICE VECTOR    34     4    22
 NO.OF VECTORS CREATED 6999 STARS 2097 RMAX   153.59042 BOHR

 GEOMETRY FOR WAVE FUNCTION - DIMENSIONALITY OF THE SYSTEM    3
 (NON PERIODIC DIRECTION: LATTICE PARAMETER FORMALLY SET TO 500)
 *******************************************************************************
 LATTICE PARAMETERS (ANGSTROMS AND DEGREES) - BOHR = 0.5291772083 ANGSTROM
 PRIMITIVE CELL - CENTRING CODE 1/0 VOLUME=   318.662337 - DENSITY  2.501 g/cm^3
         A              B              C           ALPHA      BETA       GAMMA 
     3.26638884    21.06514761     4.91126656    90.000000 109.440932  90.000000
 *******************************************************************************
 ATOMS IN THE ASYMMETRIC UNIT   15 - ATOMS IN THE UNIT CELL:   40
     ATOM                 X/A                 Y/B                 Z/C    
 *******************************************************************************
      1 T   6 C    -3.035289289478E-01 -1.672957088398E-01  2.614984564418E-01
      2 F   6 C     3.035289289478E-01 -1.672957088398E-01 -2.614984564418E-01
      3 F   6 C     3.035289289478E-01  1.672957088398E-01 -2.614984564418E-01
      4 F   6 C    -3.035289289478E-01  1.672957088398E-01  2.614984564418E-01
      5 T   6 C     4.356054774346E-01 -2.319730391116E-01 -2.615564386340E-01
      6 F   6 C    -4.356054774346E-01 -2.319730391116E-01  2.615564386340E-01
      7 F   6 C    -4.356054774346E-01  2.319730391116E-01  2.615564386340E-01
      8 F   6 C     4.356054774346E-01  2.319730391116E-01 -2.615564386340E-01
      9 T   6 C    -2.597095866619E-01 -3.349553133613E-02  2.528896810110E-01
     10 F   6 C     2.597095866619E-01 -3.349553133613E-02 -2.528896810110E-01
     11 F   6 C     2.597095866619E-01  3.349553133613E-02 -2.528896810110E-01
     12 F   6 C    -2.597095866619E-01  3.349553133613E-02  2.528896810110E-01
     13 T   6 C     4.910610765709E-01 -3.657638682260E-01 -2.519432837939E-01
     14 F   6 C    -4.910610765709E-01 -3.657638682260E-01  2.519432837939E-01
     15 F   6 C    -4.910610765709E-01  3.657638682260E-01  2.519432837939E-01
     16 F   6 C     4.910610765709E-01  3.657638682260E-01 -2.519432837939E-01
     17 T   6 C    -4.959776378433E-01  4.328070964240E-01  2.508034702215E-01
     18 F   6 C     4.959776378433E-01  4.328070964240E-01 -2.508034702215E-01
     19 F   6 C     4.959776378433E-01 -4.328070964240E-01 -2.508034702215E-01
     20 F   6 C    -4.959776378433E-01 -4.328070964240E-01  2.508034702215E-01
     21 T   6 C     5.000000000000E-01 -2.653500438067E-01  7.028197070532E-36
     22 F   6 C     5.000000000000E-01  2.653500438067E-01 -7.028197070532E-36
     23 T   6 C     5.000000000000E-01 -1.339294465603E-01  4.037531649862E-36
     24 F   6 C     5.000000000000E-01  1.339294465603E-01 -4.037531649862E-36
     25 T   6 C     5.000000000000E-01 -3.326677403490E-01  4.016157364039E-36
     26 F   6 C     5.000000000000E-01  3.326677403490E-01 -4.016157364039E-36
     27 T   6 C     5.000000000000E-01 -6.652789369540E-02  6.493040175150E-36
     28 F   6 C     5.000000000000E-01  6.652789369540E-02 -6.493040175150E-36
     29 T   6 C     5.000000000000E-01  4.663387829307E-01  8.322831500231E-36
     30 F   6 C     5.000000000000E-01 -4.663387829307E-01 -8.322831500231E-36
     31 T   6 C     5.000000000000E-01 -2.644919633353E-01 -5.000000000000E-01
     32 F   6 C     5.000000000000E-01  2.644919633353E-01 -5.000000000000E-01
     33 T   6 C     5.000000000000E-01 -3.315255864532E-01 -5.000000000000E-01
     34 F   6 C     5.000000000000E-01  3.315255864532E-01 -5.000000000000E-01
     35 T   6 C     5.000000000000E-01  4.666109180281E-01 -5.000000000000E-01
     36 F   6 C     5.000000000000E-01 -4.666109180281E-01 -5.000000000000E-01
     37 T   6 C    -1.533406478144E-16 -1.347429687718E-01 -5.000000000000E-01
     38 F   6 C     1.319280587934E-17  1.347429687718E-01 -5.000000000000E-01
     39 T   6 C    -1.533406478144E-16 -6.787942722536E-02 -5.000000000000E-01
     40 F   6 C     1.319280587934E-17  6.787942722536E-02 -5.000000000000E-01

 T = ATOM BELONGING TO THE ASYMMETRIC UNIT

 ****    4 SYMMOPS - TRANSLATORS IN FRACTIONAL UNITS
 **** MATRICES AND TRANSLATORS IN THE CRYSTALLOGRAPHIC REFERENCE FRAME
   V INV                    ROTATION MATRICES                   TRANSLATORS
   1   1  1.00  0.00  0.00  0.00  1.00  0.00  0.00  0.00  1.00  0.00  0.00  0.00
   2   2 -1.00  0.00  0.00  0.00  1.00  0.00  0.00  0.00 -1.00  0.00  0.00  0.00
   3   3 -1.00  0.00  0.00  0.00 -1.00 -0.00  0.00  0.00 -1.00  0.00  0.00  0.00
   4   4  1.00  0.00 -0.00 -0.00 -1.00 -0.00  0.00  0.00  1.00  0.00  0.00  0.00

 DIRECT LATTICE VECTORS CARTESIAN COMPONENTS (ANGSTROM)
          X                    Y                    Z
   0.326638884000E+01   0.200008631884E-15   0.000000000000E+00
   0.000000000000E+00   0.210651476100E+02   0.000000000000E+00
  -0.163464083385E+01   0.300728343623E-15   0.463125129611E+01


 CARTESIAN COORDINATES - PRIMITIVE CELL
 *******************************************************************************
 *      ATOM          X(ANGSTROM)         Y(ANGSTROM)         Z(ANGSTROM)
 *******************************************************************************
    1     6 C    -1.418899561021E+00 -3.524108801230E+00  1.211065065326E+00
    2     6 C     1.418899561021E+00 -3.524108801230E+00 -1.211065065326E+00
    3     6 C     1.418899561021E+00  3.524108801230E+00 -1.211065065326E+00
    4     6 C    -1.418899561021E+00  3.524108801230E+00  1.211065065326E+00
    5     6 C    -1.415981134917E+00 -4.886546310426E+00 -1.211333595429E+00
    6     6 C     1.415981134917E+00 -4.886546310426E+00  1.211333595429E+00
    7     6 C     1.415981134917E+00  4.886546310426E+00  1.211333595429E+00
    8     6 C    -1.415981134917E+00  4.886546310426E+00 -1.211333595429E+00
    9     6 C    -1.261696294553E+00 -7.055883118710E-01  1.171195662954E+00
   10     6 C     1.261696294553E+00 -7.055883118710E-01 -1.171195662954E+00
   11     6 C     1.261696294553E+00  7.055883118710E-01 -1.171195662954E+00
   12     6 C    -1.261696294553E+00  7.055883118710E-01  1.171195662954E+00
   13     6 C    -1.250555640227E+00 -7.704869874585E+00 -1.166812659616E+00
   14     6 C     1.250555640227E+00 -7.704869874585E+00  1.166812659616E+00
   15     6 C     1.250555640227E+00  7.704869874585E+00  1.166812659616E+00
   16     6 C    -1.250555640227E+00  7.704869874585E+00 -1.166812659616E+00
   17     6 C     1.236359425164E+00  9.117145372827E+00  1.161533896531E+00
   18     6 C    -1.236359425164E+00  9.117145372827E+00 -1.161533896531E+00
   19     6 C    -1.236359425164E+00 -9.117145372827E+00 -1.161533896531E+00
   20     6 C     1.236359425164E+00 -9.117145372827E+00  1.161533896531E+00
   21     6 C     1.633194420000E+00 -5.589637841108E+00  3.254934679219E-35
   22     6 C     1.633194420000E+00  5.589637841108E+00 -3.254934679219E-35
   23     6 C     1.633194420000E+00 -2.821243561118E+00  1.869882368649E-35
   24     6 C     1.633194420000E+00  2.821243561118E+00 -1.869882368649E-35
   25     6 C     1.633194420000E+00 -7.007695055537E+00  1.859983399757E-35
   26     6 C     1.633194420000E+00  7.007695055537E+00 -1.859983399757E-35
   27     6 C     1.633194420000E+00 -1.401419900876E+00  3.007090072683E-35
   28     6 C     1.633194420000E+00  1.401419900876E+00 -3.007090072683E-35
   29     6 C     1.633194420000E+00  9.823495298703E+00  3.854512417272E-35
   30     6 C     1.633194420000E+00 -9.823495298703E+00 -3.854512417272E-35
   31     6 C     8.158740030748E-01 -5.571562249317E+00  2.315625648053E+00
   32     6 C     8.158740030748E-01  5.571562249317E+00  2.315625648053E+00
   33     6 C     8.158740030748E-01 -6.983635415128E+00  2.315625648053E+00
   34     6 C     8.158740030748E-01  6.983635415128E+00  2.315625648053E+00
   35     6 C     8.158740030748E-01  9.829227864700E+00  2.315625648053E+00
   36     6 C     8.158740030748E-01 -9.829227864700E+00  2.315625648053E+00
   37     6 C    -8.173204169252E-01 -2.838380526588E+00  2.315625648053E+00
   38     6 C    -8.173204169252E-01  2.838380526588E+00  2.315625648053E+00
   39     6 C    -8.173204169252E-01 -1.429890154184E+00  2.315625648053E+00
   40     6 C    -8.173204169252E-01  1.429890154184E+00  2.315625648053E+00

 *******************************************************************************
 LOCAL ATOMIC FUNCTIONS BASIS SET
 *******************************************************************************
   ATOM   X(AU)   Y(AU)   Z(AU)  N. TYPE  EXPONENT  S COEF   P COEF   D/F/G COEF
 *******************************************************************************
   1 C   -2.681  -6.660   2.289
                                  1 S  
                                         1.358E+04 2.225E-04 0.000E+00 0.000E+00
                                         2.035E+03 1.723E-03 0.000E+00 0.000E+00
                                         4.632E+02 8.926E-03 0.000E+00 0.000E+00
                                         1.312E+02 3.573E-02 0.000E+00 0.000E+00
                                         4.285E+01 1.108E-01 0.000E+00 0.000E+00
                                         1.558E+01 2.430E-01 0.000E+00 0.000E+00
                                  2 S  
                                         6.207E+00 4.144E-01 0.000E+00 0.000E+00
                                         2.576E+00 2.374E-01 0.000E+00 0.000E+00
                                  3 S  
                                         4.941E-01 1.000E+00 0.000E+00 0.000E+00
                                  4 S  
                                         1.644E-01 1.000E+00 0.000E+00 0.000E+00
                           5-     7 P  
                                         3.470E+01 0.000E+00 5.333E-03 0.000E+00
                                         7.958E+00 0.000E+00 3.586E-02 0.000E+00
                                         2.378E+00 0.000E+00 1.422E-01 0.000E+00
                                         8.143E-01 0.000E+00 3.427E-01 0.000E+00
                           8-    10 P  
                                         5.662E-01 0.000E+00 1.000E+00 0.000E+00
                          11-    13 P  
                                         2.674E-01 0.000E+00 1.000E+00 0.000E+00
                          14-    18 D  
                                         8.792E-01 0.000E+00 0.000E+00 1.000E+00
   2 C    2.681  -6.660  -2.289
   3 C    2.681   6.660  -2.289
   4 C   -2.681   6.660   2.289
   5 C   -2.676  -9.234  -2.289
   6 C    2.676  -9.234   2.289
   7 C    2.676   9.234   2.289
   8 C   -2.676   9.234  -2.289
   9 C   -2.384  -1.333   2.213
  10 C    2.384  -1.333  -2.213
  11 C    2.384   1.333  -2.213
  12 C   -2.384   1.333   2.213
  13 C   -2.363 -14.560  -2.205
  14 C    2.363 -14.560   2.205
  15 C    2.363  14.560   2.205
  16 C   -2.363  14.560  -2.205
  17 C    2.336  17.229   2.195
  18 C   -2.336  17.229  -2.195
  19 C   -2.336 -17.229  -2.195
  20 C    2.336 -17.229   2.195
  21 C    3.086 -10.563   0.000
  22 C    3.086  10.563  -0.000
  23 C    3.086  -5.331   0.000
  24 C    3.086   5.331  -0.000
  25 C    3.086 -13.243   0.000
  26 C    3.086  13.243  -0.000
  27 C    3.086  -2.648   0.000
  28 C    3.086   2.648  -0.000
  29 C    3.086  18.564   0.000
  30 C    3.086 -18.564  -0.000
  31 C    1.542 -10.529   4.376
  32 C    1.542  10.529   4.376
  33 C    1.542 -13.197   4.376
  34 C    1.542  13.197   4.376
  35 C    1.542  18.575   4.376
  36 C    1.542 -18.575   4.376
  37 C   -1.545  -5.364   4.376
  38 C   -1.545   5.364   4.376
  39 C   -1.545  -2.702   4.376
  40 C   -1.545   2.702   4.376
 INFORMATION **** SET_MPP **** PCRYSTAL CALCULATION
 INFORMATION **** READM2 **** NEW DEFAULT: FOCK/KS MATRIX MIXING SET TO 30 %
 INFORMATION **** READM2 **** NEW DEFAULT: FULL DIRECT SCF MODE
 INFORMATION **** READM2 **** NEW DEFAULT: COULOMB BIPOLAR BUFFER SET TO 32 Mb
 INFORMATION **** READM2 **** NEW DEFAULT: EXCHANGE BIPOLAR BUFFER SET TO 32 Mb

 *******************************************************************************
 NEW DEFAULT: DFT INTEGRATION GRID INCREASED TO XLGRID
 NEW DEFAULT: DIIS ACCELERATOR ACTIVE
 USE KEYWORD NODIIS TO TURN IT OFF
 *******************************************************************************

 INFORMATION **** DFTD3_INPUT **** PERFORM LATEST DISPERSION CORRECTION DFT-D3(BJ) WITH AUTOMATIC PARAMETER SETUP
 PLEASE CITE:
 (1) DFT-D3 Reference
  S. Grimme, J. Antony, S. Ehrlich, and H. Krieg, J. Chem. Phys. 132 (2010), 154104
 (2) BJ-Damping Reference
  S. Grimme, S. Ehrlich, and L. Goerigk, J. Comput. Chem. 32 (2011), 1456-1465
 (3) General DFT-D Review
  S. Grimme, A. Hansen, J. G. Brandenburg, and C. Bannwarth,
  Chem. Rev. 116 (2016), 5105-5154

 INFORMATION **** TOLINTEG **** COULOMB AND EXCHANGE SERIES TOLERANCES MODIFIED
 INFORMATION **** TOLDEE **** SCF TOL ON TOTAL ENERGY SET TO           9
 INFORMATION **** READM2 **** FULL DIRECT SCF (MONO AND BIEL INT) SELECTED
 INFORMATION **** BIPOSIZE **** COULOMB BIPOLAR BUFFER SET TO   110000000
 INFORMATION **** EXCHSIZE **** EXCHANGE BIPOLAR BUFFER SIZE SET TO   110000000
 INFORMATION **** MAXCYCLE **** MAX NUMBER OF SCF CYCLES SET TO         800
 INFORMATION **** DIIS **** DIIS FOR SCF ACTIVE
 INFORMATION **** DIIS **** LEVEL SHIFTER DISABLED
 INFORMATION **** PPAN ****  MULLIKEN POPULATION ANALYSIS AT THE END OF SCF
 *******************************************************************************
 N. OF ATOMS PER CELL        40  COULOMB OVERLAP TOL         (T1) 10**   -8
 NUMBER OF SHELLS           320  COULOMB PENETRATION TOL     (T2) 10**   -8
 NUMBER OF AO               720  EXCHANGE OVERLAP TOL        (T3) 10**   -8
 N. OF ELECTRONS PER CELL   240  EXCHANGE PSEUDO OVP (F(G))  (T4) 10**   -9
 CORE ELECTRONS PER CELL     80  EXCHANGE PSEUDO OVP (P(G))  (T5) 10**  -24
 N. OF SYMMETRY OPERATORS     4  POLE ORDER IN MONO ZONE                  4
 *******************************************************************************
 TYPE OF CALCULATION :  UNRESTRICTED OPEN SHELL
 KOHN-SHAM HAMILTONIAN

 (EXCHANGE)[CORRELATION] FUNCTIONAL:(BECKE 88)[LEE-YANG-PARR]

 NON-LOCAL WEIGHTING FACTOR (EXCHANGE) =           0.9000
 NON-LOCAL WEIGHTING FACTOR [CORRELATION] =        0.8100

 HYBRID EXCHANGE - PERCENTAGE OF FOCK EXCHANGE    20.0000

 SPIN POLARIZED DFT SELECTED

 CAPPA:IS1 15;IS2 15;IS3 15; K PTS MONK NET 904; SYMMOPS:K SPACE   4;G SPACE   4

 *******************************************************************************
 MAX NUMBER OF SCF CYCLES     800  CONVERGENCE ON DELTAP        10**-19
 WEIGHT OF F(I) IN F(I+1)      30% CONVERGENCE ON ENERGY        10**- 9
 SHRINK. FACT.(MONKH.)   15 15 15  NUMBER OF K POINTS IN THE IBZ    904
 SHRINKING FACTOR(GILAT NET)   30  NUMBER OF K POINTS(GILAT NET)   7232
 *******************************************************************************
 *** K POINTS COORDINATES (OBLIQUE COORDINATES IN UNITS OF IS = 15)
   1-R(  0  0  0)   2-C(  1  0  0)   3-C(  2  0  0)   4-C(  3  0  0)
   5-C(  4  0  0)   6-C(  5  0  0)   7-C(  6  0  0)   8-C(  7  0  0)
   9-C(  0  1  0)  10-C(  1  1  0)  11-C(  2  1  0)  12-C(  3  1  0)
  13-C(  4  1  0)  14-C(  5  1  0)  15-C(  6  1  0)  16-C(  7  1  0)
  17-C(  0  2  0)  18-C(  1  2  0)  19-C(  2  2  0)  20-C(  3  2  0)
  21-C(  4  2  0)  22-C(  5  2  0)  23-C(  6  2  0)  24-C(  7  2  0)
  25-C(  0  3  0)  26-C(  1  3  0)  27-C(  2  3  0)  28-C(  3  3  0)
  29-C(  4  3  0)  30-C(  5  3  0)  31-C(  6  3  0)  32-C(  7  3  0)
  33-C(  0  4  0)  34-C(  1  4  0)  35-C(  2  4  0)  36-C(  3  4  0)
  37-C(  4  4  0)  38-C(  5  4  0)  39-C(  6  4  0)  40-C(  7  4  0)
  41-C(  0  5  0)  42-C(  1  5  0)  43-C(  2  5  0)  44-C(  3  5  0)
  45-C(  4  5  0)  46-C(  5  5  0)  47-C(  6  5  0)  48-C(  7  5  0)
  49-C(  0  6  0)  50-C(  1  6  0)  51-C(  2  6  0)  52-C(  3  6  0)
  53-C(  4  6  0)  54-C(  5  6  0)  55-C(  6  6  0)  56-C(  7  6  0)
  57-C(  0  7  0)  58-C(  1  7  0)  59-C(  2  7  0)  60-C(  3  7  0)
  61-C(  4  7  0)  62-C(  5  7  0)  63-C(  6  7  0)  64-C(  7  7  0)
  65-C(  0  0  1)  66-C(  1  0  1)  67-C(  2  0  1)  68-C(  3  0  1)
  69-C(  4  0  1)  70-C(  5  0  1)  71-C(  6  0  1)  72-C(  7  0  1)
  73-C(  8  0  1)  74-C(  9  0  1)  75-C( 10  0  1)  76-C( 11  0  1)
  77-C( 12  0  1)  78-C( 13  0  1)  79-C( 14  0  1)  80-C(  0  1  1)
  81-C(  1  1  1)  82-C(  2  1  1)  83-C(  3  1  1)  84-C(  4  1  1)
  85-C(  5  1  1)  86-C(  6  1  1)  87-C(  7  1  1)  88-C(  8  1  1)
  89-C(  9  1  1)  90-C( 10  1  1)  91-C( 11  1  1)  92-C( 12  1  1)
  93-C( 13  1  1)  94-C( 14  1  1)  95-C(  0  2  1)  96-C(  1  2  1)
  97-C(  2  2  1)  98-C(  3  2  1)  99-C(  4  2  1) 100-C(  5  2  1)
 101-C(  6  2  1) 102-C(  7  2  1) 103-C(  8  2  1) 104-C(  9  2  1)
 105-C( 10  2  1) 106-C( 11  2  1) 107-C( 12  2  1) 108-C( 13  2  1)
 109-C( 14  2  1) 110-C(  0  3  1) 111-C(  1  3  1) 112-C(  2  3  1)
 113-C(  3  3  1) 114-C(  4  3  1) 115-C(  5  3  1) 116-C(  6  3  1)
 117-C(  7  3  1) 118-C(  8  3  1) 119-C(  9  3  1) 120-C( 10  3  1)
 121-C( 11  3  1) 122-C( 12  3  1) 123-C( 13  3  1) 124-C( 14  3  1)
 125-C(  0  4  1) 126-C(  1  4  1) 127-C(  2  4  1) 128-C(  3  4  1)
 129-C(  4  4  1) 130-C(  5  4  1) 131-C(  6  4  1) 132-C(  7  4  1)
 133-C(  8  4  1) 134-C(  9  4  1) 135-C( 10  4  1) 136-C( 11  4  1)
 137-C( 12  4  1) 138-C( 13  4  1) 139-C( 14  4  1) 140-C(  0  5  1)
 141-C(  1  5  1) 142-C(  2  5  1) 143-C(  3  5  1) 144-C(  4  5  1)
 145-C(  5  5  1) 146-C(  6  5  1) 147-C(  7  5  1) 148-C(  8  5  1)
 149-C(  9  5  1) 150-C( 10  5  1) 151-C( 11  5  1) 152-C( 12  5  1)
 153-C( 13  5  1) 154-C( 14  5  1) 155-C(  0  6  1) 156-C(  1  6  1)
 157-C(  2  6  1) 158-C(  3  6  1) 159-C(  4  6  1) 160-C(  5  6  1)
 161-C(  6  6  1) 162-C(  7  6  1) 163-C(  8  6  1) 164-C(  9  6  1)
 165-C( 10  6  1) 166-C( 11  6  1) 167-C( 12  6  1) 168-C( 13  6  1)
 169-C( 14  6  1) 170-C(  0  7  1) 171-C(  1  7  1) 172-C(  2  7  1)
 173-C(  3  7  1) 174-C(  4  7  1) 175-C(  5  7  1) 176-C(  6  7  1)
 177-C(  7  7  1) 178-C(  8  7  1) 179-C(  9  7  1) 180-C( 10  7  1)
 181-C( 11  7  1) 182-C( 12  7  1) 183-C( 13  7  1) 184-C( 14  7  1)
 185-C(  0  0  2) 186-C(  1  0  2) 187-C(  2  0  2) 188-C(  3  0  2)
 189-C(  4  0  2) 190-C(  5  0  2) 191-C(  6  0  2) 192-C(  7  0  2)
 193-C(  8  0  2) 194-C(  9  0  2) 195-C( 10  0  2) 196-C( 11  0  2)
 197-C( 12  0  2) 198-C( 13  0  2) 199-C( 14  0  2) 200-C(  0  1  2)
 201-C(  1  1  2) 202-C(  2  1  2) 203-C(  3  1  2) 204-C(  4  1  2)
 205-C(  5  1  2) 206-C(  6  1  2) 207-C(  7  1  2) 208-C(  8  1  2)
 209-C(  9  1  2) 210-C( 10  1  2) 211-C( 11  1  2) 212-C( 12  1  2)
 213-C( 13  1  2) 214-C( 14  1  2) 215-C(  0  2  2) 216-C(  1  2  2)
 217-C(  2  2  2) 218-C(  3  2  2) 219-C(  4  2  2) 220-C(  5  2  2)
 221-C(  6  2  2) 222-C(  7  2  2) 223-C(  8  2  2) 224-C(  9  2  2)
 225-C( 10  2  2) 226-C( 11  2  2) 227-C( 12  2  2) 228-C( 13  2  2)
 229-C( 14  2  2) 230-C(  0  3  2) 231-C(  1  3  2) 232-C(  2  3  2)
 233-C(  3  3  2) 234-C(  4  3  2) 235-C(  5  3  2) 236-C(  6  3  2)
 237-C(  7  3  2) 238-C(  8  3  2) 239-C(  9  3  2) 240-C( 10  3  2)
 241-C( 11  3  2) 242-C( 12  3  2) 243-C( 13  3  2) 244-C( 14  3  2)
 245-C(  0  4  2) 246-C(  1  4  2) 247-C(  2  4  2) 248-C(  3  4  2)
 249-C(  4  4  2) 250-C(  5  4  2) 251-C(  6  4  2) 252-C(  7  4  2)
 253-C(  8  4  2) 254-C(  9  4  2) 255-C( 10  4  2) 256-C( 11  4  2)
 257-C( 12  4  2) 258-C( 13  4  2) 259-C( 14  4  2) 260-C(  0  5  2)
 261-C(  1  5  2) 262-C(  2  5  2) 263-C(  3  5  2) 264-C(  4  5  2)
 265-C(  5  5  2) 266-C(  6  5  2) 267-C(  7  5  2) 268-C(  8  5  2)
 269-C(  9  5  2) 270-C( 10  5  2) 271-C( 11  5  2) 272-C( 12  5  2)
 273-C( 13  5  2) 274-C( 14  5  2) 275-C(  0  6  2) 276-C(  1  6  2)
 277-C(  2  6  2) 278-C(  3  6  2) 279-C(  4  6  2) 280-C(  5  6  2)
 281-C(  6  6  2) 282-C(  7  6  2) 283-C(  8  6  2) 284-C(  9  6  2)
 285-C( 10  6  2) 286-C( 11  6  2) 287-C( 12  6  2) 288-C( 13  6  2)
 289-C( 14  6  2) 290-C(  0  7  2) 291-C(  1  7  2) 292-C(  2  7  2)
 293-C(  3  7  2) 294-C(  4  7  2) 295-C(  5  7  2) 296-C(  6  7  2)
 297-C(  7  7  2) 298-C(  8  7  2) 299-C(  9  7  2) 300-C( 10  7  2)
 301-C( 11  7  2) 302-C( 12  7  2) 303-C( 13  7  2) 304-C( 14  7  2)
 305-C(  0  0  3) 306-C(  1  0  3) 307-C(  2  0  3) 308-C(  3  0  3)
 309-C(  4  0  3) 310-C(  5  0  3) 311-C(  6  0  3) 312-C(  7  0  3)
 313-C(  8  0  3) 314-C(  9  0  3) 315-C( 10  0  3) 316-C( 11  0  3)
 317-C( 12  0  3) 318-C( 13  0  3) 319-C( 14  0  3) 320-C(  0  1  3)
 321-C(  1  1  3) 322-C(  2  1  3) 323-C(  3  1  3) 324-C(  4  1  3)
 325-C(  5  1  3) 326-C(  6  1  3) 327-C(  7  1  3) 328-C(  8  1  3)
 329-C(  9  1  3) 330-C( 10  1  3) 331-C( 11  1  3) 332-C( 12  1  3)
 333-C( 13  1  3) 334-C( 14  1  3) 335-C(  0  2  3) 336-C(  1  2  3)
 337-C(  2  2  3) 338-C(  3  2  3) 339-C(  4  2  3) 340-C(  5  2  3)
 341-C(  6  2  3) 342-C(  7  2  3) 343-C(  8  2  3) 344-C(  9  2  3)
 345-C( 10  2  3) 346-C( 11  2  3) 347-C( 12  2  3) 348-C( 13  2  3)
 349-C( 14  2  3) 350-C(  0  3  3) 351-C(  1  3  3) 352-C(  2  3  3)
 353-C(  3  3  3) 354-C(  4  3  3) 355-C(  5  3  3) 356-C(  6  3  3)
 357-C(  7  3  3) 358-C(  8  3  3) 359-C(  9  3  3) 360-C( 10  3  3)
 361-C( 11  3  3) 362-C( 12  3  3) 363-C( 13  3  3) 364-C( 14  3  3)
 365-C(  0  4  3) 366-C(  1  4  3) 367-C(  2  4  3) 368-C(  3  4  3)
 369-C(  4  4  3) 370-C(  5  4  3) 371-C(  6  4  3) 372-C(  7  4  3)
 373-C(  8  4  3) 374-C(  9  4  3) 375-C( 10  4  3) 376-C( 11  4  3)
 377-C( 12  4  3) 378-C( 13  4  3) 379-C( 14  4  3) 380-C(  0  5  3)
 381-C(  1  5  3) 382-C(  2  5  3) 383-C(  3  5  3) 384-C(  4  5  3)
 385-C(  5  5  3) 386-C(  6  5  3) 387-C(  7  5  3) 388-C(  8  5  3)
 389-C(  9  5  3) 390-C( 10  5  3) 391-C( 11  5  3) 392-C( 12  5  3)
 393-C( 13  5  3) 394-C( 14  5  3) 395-C(  0  6  3) 396-C(  1  6  3)
 397-C(  2  6  3) 398-C(  3  6  3) 399-C(  4  6  3) 400-C(  5  6  3)
 401-C(  6  6  3) 402-C(  7  6  3) 403-C(  8  6  3) 404-C(  9  6  3)
 405-C( 10  6  3) 406-C( 11  6  3) 407-C( 12  6  3) 408-C( 13  6  3)
 409-C( 14  6  3) 410-C(  0  7  3) 411-C(  1  7  3) 412-C(  2  7  3)
 413-C(  3  7  3) 414-C(  4  7  3) 415-C(  5  7  3) 416-C(  6  7  3)
 417-C(  7  7  3) 418-C(  8  7  3) 419-C(  9  7  3) 420-C( 10  7  3)
 421-C( 11  7  3) 422-C( 12  7  3) 423-C( 13  7  3) 424-C( 14  7  3)
 425-C(  0  0  4) 426-C(  1  0  4) 427-C(  2  0  4) 428-C(  3  0  4)
 429-C(  4  0  4) 430-C(  5  0  4) 431-C(  6  0  4) 432-C(  7  0  4)
 433-C(  8  0  4) 434-C(  9  0  4) 435-C( 10  0  4) 436-C( 11  0  4)
 437-C( 12  0  4) 438-C( 13  0  4) 439-C( 14  0  4) 440-C(  0  1  4)
 441-C(  1  1  4) 442-C(  2  1  4) 443-C(  3  1  4) 444-C(  4  1  4)
 445-C(  5  1  4) 446-C(  6  1  4) 447-C(  7  1  4) 448-C(  8  1  4)
 449-C(  9  1  4) 450-C( 10  1  4) 451-C( 11  1  4) 452-C( 12  1  4)
 453-C( 13  1  4) 454-C( 14  1  4) 455-C(  0  2  4) 456-C(  1  2  4)
 457-C(  2  2  4) 458-C(  3  2  4) 459-C(  4  2  4) 460-C(  5  2  4)
 461-C(  6  2  4) 462-C(  7  2  4) 463-C(  8  2  4) 464-C(  9  2  4)
 465-C( 10  2  4) 466-C( 11  2  4) 467-C( 12  2  4) 468-C( 13  2  4)
 469-C( 14  2  4) 470-C(  0  3  4) 471-C(  1  3  4) 472-C(  2  3  4)
 473-C(  3  3  4) 474-C(  4  3  4) 475-C(  5  3  4) 476-C(  6  3  4)
 477-C(  7  3  4) 478-C(  8  3  4) 479-C(  9  3  4) 480-C( 10  3  4)
 481-C( 11  3  4) 482-C( 12  3  4) 483-C( 13  3  4) 484-C( 14  3  4)
 485-C(  0  4  4) 486-C(  1  4  4) 487-C(  2  4  4) 488-C(  3  4  4)
 489-C(  4  4  4) 490-C(  5  4  4) 491-C(  6  4  4) 492-C(  7  4  4)
 493-C(  8  4  4) 494-C(  9  4  4) 495-C( 10  4  4) 496-C( 11  4  4)
 497-C( 12  4  4) 498-C( 13  4  4) 499-C( 14  4  4) 500-C(  0  5  4)
 501-C(  1  5  4) 502-C(  2  5  4) 503-C(  3  5  4) 504-C(  4  5  4)
 505-C(  5  5  4) 506-C(  6  5  4) 507-C(  7  5  4) 508-C(  8  5  4)
 509-C(  9  5  4) 510-C( 10  5  4) 511-C( 11  5  4) 512-C( 12  5  4)
 513-C( 13  5  4) 514-C( 14  5  4) 515-C(  0  6  4) 516-C(  1  6  4)
 517-C(  2  6  4) 518-C(  3  6  4) 519-C(  4  6  4) 520-C(  5  6  4)
 521-C(  6  6  4) 522-C(  7  6  4) 523-C(  8  6  4) 524-C(  9  6  4)
 525-C( 10  6  4) 526-C( 11  6  4) 527-C( 12  6  4) 528-C( 13  6  4)
 529-C( 14  6  4) 530-C(  0  7  4) 531-C(  1  7  4) 532-C(  2  7  4)
 533-C(  3  7  4) 534-C(  4  7  4) 535-C(  5  7  4) 536-C(  6  7  4)
 537-C(  7  7  4) 538-C(  8  7  4) 539-C(  9  7  4) 540-C( 10  7  4)
 541-C( 11  7  4) 542-C( 12  7  4) 543-C( 13  7  4) 544-C( 14  7  4)
 545-C(  0  0  5) 546-C(  1  0  5) 547-C(  2  0  5) 548-C(  3  0  5)
 549-C(  4  0  5) 550-C(  5  0  5) 551-C(  6  0  5) 552-C(  7  0  5)
 553-C(  8  0  5) 554-C(  9  0  5) 555-C( 10  0  5) 556-C( 11  0  5)
 557-C( 12  0  5) 558-C( 13  0  5) 559-C( 14  0  5) 560-C(  0  1  5)
 561-C(  1  1  5) 562-C(  2  1  5) 563-C(  3  1  5) 564-C(  4  1  5)
 565-C(  5  1  5) 566-C(  6  1  5) 567-C(  7  1  5) 568-C(  8  1  5)
 569-C(  9  1  5) 570-C( 10  1  5) 571-C( 11  1  5) 572-C( 12  1  5)
 573-C( 13  1  5) 574-C( 14  1  5) 575-C(  0  2  5) 576-C(  1  2  5)
 577-C(  2  2  5) 578-C(  3  2  5) 579-C(  4  2  5) 580-C(  5  2  5)
 581-C(  6  2  5) 582-C(  7  2  5) 583-C(  8  2  5) 584-C(  9  2  5)
 585-C( 10  2  5) 586-C( 11  2  5) 587-C( 12  2  5) 588-C( 13  2  5)
 589-C( 14  2  5) 590-C(  0  3  5) 591-C(  1  3  5) 592-C(  2  3  5)
 593-C(  3  3  5) 594-C(  4  3  5) 595-C(  5  3  5) 596-C(  6  3  5)
 597-C(  7  3  5) 598-C(  8  3  5) 599-C(  9  3  5) 600-C( 10  3  5)
 601-C( 11  3  5) 602-C( 12  3  5) 603-C( 13  3  5) 604-C( 14  3  5)
 605-C(  0  4  5) 606-C(  1  4  5) 607-C(  2  4  5) 608-C(  3  4  5)
 609-C(  4  4  5) 610-C(  5  4  5) 611-C(  6  4  5) 612-C(  7  4  5)
 613-C(  8  4  5) 614-C(  9  4  5) 615-C( 10  4  5) 616-C( 11  4  5)
 617-C( 12  4  5) 618-C( 13  4  5) 619-C( 14  4  5) 620-C(  0  5  5)
 621-C(  1  5  5) 622-C(  2  5  5) 623-C(  3  5  5) 624-C(  4  5  5)
 625-C(  5  5  5) 626-C(  6  5  5) 627-C(  7  5  5) 628-C(  8  5  5)
 629-C(  9  5  5) 630-C( 10  5  5) 631-C( 11  5  5) 632-C( 12  5  5)
 633-C( 13  5  5) 634-C( 14  5  5) 635-C(  0  6  5) 636-C(  1  6  5)
 637-C(  2  6  5) 638-C(  3  6  5) 639-C(  4  6  5) 640-C(  5  6  5)
 641-C(  6  6  5) 642-C(  7  6  5) 643-C(  8  6  5) 644-C(  9  6  5)
 645-C( 10  6  5) 646-C( 11  6  5) 647-C( 12  6  5) 648-C( 13  6  5)
 649-C( 14  6  5) 650-C(  0  7  5) 651-C(  1  7  5) 652-C(  2  7  5)
 653-C(  3  7  5) 654-C(  4  7  5) 655-C(  5  7  5) 656-C(  6  7  5)
 657-C(  7  7  5) 658-C(  8  7  5) 659-C(  9  7  5) 660-C( 10  7  5)
 661-C( 11  7  5) 662-C( 12  7  5) 663-C( 13  7  5) 664-C( 14  7  5)
 665-C(  0  0  6) 666-C(  1  0  6) 667-C(  2  0  6) 668-C(  3  0  6)
 669-C(  4  0  6) 670-C(  5  0  6) 671-C(  6  0  6) 672-C(  7  0  6)
 673-C(  8  0  6) 674-C(  9  0  6) 675-C( 10  0  6) 676-C( 11  0  6)
 677-C( 12  0  6) 678-C( 13  0  6) 679-C( 14  0  6) 680-C(  0  1  6)
 681-C(  1  1  6) 682-C(  2  1  6) 683-C(  3  1  6) 684-C(  4  1  6)
 685-C(  5  1  6) 686-C(  6  1  6) 687-C(  7  1  6) 688-C(  8  1  6)
 689-C(  9  1  6) 690-C( 10  1  6) 691-C( 11  1  6) 692-C( 12  1  6)
 693-C( 13  1  6) 694-C( 14  1  6) 695-C(  0  2  6) 696-C(  1  2  6)
 697-C(  2  2  6) 698-C(  3  2  6) 699-C(  4  2  6) 700-C(  5  2  6)
 701-C(  6  2  6) 702-C(  7  2  6) 703-C(  8  2  6) 704-C(  9  2  6)
 705-C( 10  2  6) 706-C( 11  2  6) 707-C( 12  2  6) 708-C( 13  2  6)
 709-C( 14  2  6) 710-C(  0  3  6) 711-C(  1  3  6) 712-C(  2  3  6)
 713-C(  3  3  6) 714-C(  4  3  6) 715-C(  5  3  6) 716-C(  6  3  6)
 717-C(  7  3  6) 718-C(  8  3  6) 719-C(  9  3  6) 720-C( 10  3  6)
 721-C( 11  3  6) 722-C( 12  3  6) 723-C( 13  3  6) 724-C( 14  3  6)
 725-C(  0  4  6) 726-C(  1  4  6) 727-C(  2  4  6) 728-C(  3  4  6)
 729-C(  4  4  6) 730-C(  5  4  6) 731-C(  6  4  6) 732-C(  7  4  6)
 733-C(  8  4  6) 734-C(  9  4  6) 735-C( 10  4  6) 736-C( 11  4  6)
 737-C( 12  4  6) 738-C( 13  4  6) 739-C( 14  4  6) 740-C(  0  5  6)
 741-C(  1  5  6) 742-C(  2  5  6) 743-C(  3  5  6) 744-C(  4  5  6)
 745-C(  5  5  6) 746-C(  6  5  6) 747-C(  7  5  6) 748-C(  8  5  6)
 749-C(  9  5  6) 750-C( 10  5  6) 751-C( 11  5  6) 752-C( 12  5  6)
 753-C( 13  5  6) 754-C( 14  5  6) 755-C(  0  6  6) 756-C(  1  6  6)
 757-C(  2  6  6) 758-C(  3  6  6) 759-C(  4  6  6) 760-C(  5  6  6)
 761-C(  6  6  6) 762-C(  7  6  6) 763-C(  8  6  6) 764-C(  9  6  6)
 765-C( 10  6  6) 766-C( 11  6  6) 767-C( 12  6  6) 768-C( 13  6  6)
 769-C( 14  6  6) 770-C(  0  7  6) 771-C(  1  7  6) 772-C(  2  7  6)
 773-C(  3  7  6) 774-C(  4  7  6) 775-C(  5  7  6) 776-C(  6  7  6)
 777-C(  7  7  6) 778-C(  8  7  6) 779-C(  9  7  6) 780-C( 10  7  6)
 781-C( 11  7  6) 782-C( 12  7  6) 783-C( 13  7  6) 784-C( 14  7  6)
 785-C(  0  0  7) 786-C(  1  0  7) 787-C(  2  0  7) 788-C(  3  0  7)
 789-C(  4  0  7) 790-C(  5  0  7) 791-C(  6  0  7) 792-C(  7  0  7)
 793-C(  8  0  7) 794-C(  9  0  7) 795-C( 10  0  7) 796-C( 11  0  7)
 797-C( 12  0  7) 798-C( 13  0  7) 799-C( 14  0  7) 800-C(  0  1  7)
 801-C(  1  1  7) 802-C(  2  1  7) 803-C(  3  1  7) 804-C(  4  1  7)
 805-C(  5  1  7) 806-C(  6  1  7) 807-C(  7  1  7) 808-C(  8  1  7)
 809-C(  9  1  7) 810-C( 10  1  7) 811-C( 11  1  7) 812-C( 12  1  7)
 813-C( 13  1  7) 814-C( 14  1  7) 815-C(  0  2  7) 816-C(  1  2  7)
 817-C(  2  2  7) 818-C(  3  2  7) 819-C(  4  2  7) 820-C(  5  2  7)
 821-C(  6  2  7) 822-C(  7  2  7) 823-C(  8  2  7) 824-C(  9  2  7)
 825-C( 10  2  7) 826-C( 11  2  7) 827-C( 12  2  7) 828-C( 13  2  7)
 829-C( 14  2  7) 830-C(  0  3  7) 831-C(  1  3  7) 832-C(  2  3  7)
 833-C(  3  3  7) 834-C(  4  3  7) 835-C(  5  3  7) 836-C(  6  3  7)
 837-C(  7  3  7) 838-C(  8  3  7) 839-C(  9  3  7) 840-C( 10  3  7)
 841-C( 11  3  7) 842-C( 12  3  7) 843-C( 13  3  7) 844-C( 14  3  7)
 845-C(  0  4  7) 846-C(  1  4  7) 847-C(  2  4  7) 848-C(  3  4  7)
 849-C(  4  4  7) 850-C(  5  4  7) 851-C(  6  4  7) 852-C(  7  4  7)
 853-C(  8  4  7) 854-C(  9  4  7) 855-C( 10  4  7) 856-C( 11  4  7)
 857-C( 12  4  7) 858-C( 13  4  7) 859-C( 14  4  7) 860-C(  0  5  7)
 861-C(  1  5  7) 862-C(  2  5  7) 863-C(  3  5  7) 864-C(  4  5  7)
 865-C(  5  5  7) 866-C(  6  5  7) 867-C(  7  5  7) 868-C(  8  5  7)
 869-C(  9  5  7) 870-C( 10  5  7) 871-C( 11  5  7) 872-C( 12  5  7)
 873-C( 13  5  7) 874-C( 14  5  7) 875-C(  0  6  7) 876-C(  1  6  7)
 877-C(  2  6  7) 878-C(  3  6  7) 879-C(  4  6  7) 880-C(  5  6  7)
 881-C(  6  6  7) 882-C(  7  6  7) 883-C(  8  6  7) 884-C(  9  6  7)
 885-C( 10  6  7) 886-C( 11  6  7) 887-C( 12  6  7) 888-C( 13  6  7)
 889-C( 14  6  7) 890-C(  0  7  7) 891-C(  1  7  7) 892-C(  2  7  7)
 893-C(  3  7  7) 894-C(  4  7  7) 895-C(  5  7  7) 896-C(  6  7  7)
 897-C(  7  7  7) 898-C(  8  7  7) 899-C(  9  7  7) 900-C( 10  7  7)
 901-C( 11  7  7) 902-C( 12  7  7) 903-C( 13  7  7) 904-C( 14  7  7)

 DIRECT LATTICE VECTORS COMPON. (A.U.)     RECIP. LATTICE VECTORS COMPON. (A.U.) 
        X            Y            Z              X            Y            Z
    6.1725804    0.0000000    0.0000000      1.0179188    0.0000000    0.3592834
    0.0000000   39.8073600    0.0000000     -0.0000000    0.1578398   -0.0000000
   -3.0890235    0.0000000    8.7517966      0.0000000    0.0000000    0.7179309

 DISK SPACE FOR EIGENVECTORS (FTN 10)   936748800 REALS

 SYMMETRY ADAPTION OF THE BLOCH FUNCTIONS ENABLED
 TTTTTTTTTTTTTTTTTTTTTTTTTTTTTT gordsh1     TELAPSE        1.90 TCPU        0.86

 MATRIX SIZE: P(G) 3384006, F(G)  387368, P(G) IRR  435118, F(G) IRR  102010
 MAX G-VECTOR INDEX FOR 1- AND 2-ELECTRON INTEGRALS 267

 TTTTTTTTTTTTTTTTTTTTTTTTTTTTTT INPUT       TELAPSE        1.91 TCPU        0.88

 NEIGHBORS OF THE NON-EQUIVALENT ATOMS

 N = NUMBER OF NEIGHBORS AT DISTANCE R
    ATOM  N     R/ANG      R/AU   NEIGHBORS (ATOM LABELS AND CELL INDICES)
   1 C    1     1.4166     2.6769   23 C   -1 0 0
   1 C    1     1.4291     2.7007    6 C   -1 0 0
   1 C    1     1.4325     2.7071   37 C    0 0 0
   1 C    1     2.4040     4.5428   21 C   -1 0 0
   1 C    1     2.4429     4.6164   39 C    0 0 0
   1 C    1     2.4532     4.6360   27 C   -1 0 0

   5 C    1     1.4173     2.6784   21 C   -1 0 0
   5 C    1     1.4291     2.7007    2 C   -1 0 0
   5 C    1     1.4314     2.7049   31 C   -1 0-1
   5 C    1     2.4042     4.5432   23 C   -1 0 0
   5 C    1     2.4449     4.6201   33 C   -1 0-1
   5 C    1     2.4523     4.6342   25 C   -1 0 0

   9 C    1     1.4112     2.6667   12 C    0 0 0
   9 C    1     1.4121     2.6684   27 C   -1 0 0
   9 C    1     1.4254     2.6936   39 C    0 0 0
   9 C    1     2.4391     4.6092   28 C   -1 0 0
   9 C    1     2.4466     4.6233   23 C   -1 0 0
   9 C    1     2.4554     4.6399   10 C    0 0 1

  13 C    1     1.4121     2.6684   25 C   -1 0 0
  13 C    1     1.4124     2.6690   19 C    0 0 0
  13 C    1     1.4244     2.6917   33 C   -1 0-1
  13 C    1     2.4458     4.6219   21 C   -1 0 0
  13 C    1     2.4488     4.6275   30 C   -1 0 0
  13 C    1     2.4539     4.6372   36 C   -1 0-1

  17 C    1     1.4124     2.6690   15 C    0 0 0
  17 C    1     1.4162     2.6762   29 C    0 0 0
  17 C    1     1.4198     2.6830   35 C    0 0 0
  17 C    1     2.4406     4.6120   26 C    0 0 0
  17 C    1     2.4491     4.6281   36 C    0 1 0
  17 C    1     2.4536     4.6366   30 C    0 1 0

  21 C    2     1.4173     2.6784    5 C    1 0 0    6 C    0 0 0
  21 C    1     1.4181     2.6797   25 C    0 0 0
  21 C    2     2.4040     4.5428    1 C    1 0 0    2 C    0 0 0
  21 C    2     2.4458     4.6219   13 C    1 0 0   14 C    0 0 0
  21 C    2     2.4557     4.6406   31 C    0 0 0   31 C    0 0-1
  21 C    1     2.7684     5.2315   23 C    0 0 0

  23 C    2     1.4166     2.6769    1 C    1 0 0    2 C    0 0 0
  23 C    1     1.4198     2.6831   27 C    0 0 0
  23 C    2     2.4042     4.5432    5 C    1 0 0    6 C    0 0 0
  23 C    2     2.4466     4.6233    9 C    1 0 0   10 C    0 0 0
  23 C    2     2.4552     4.6397   37 C    1 0 0   37 C    0 0-1
  23 C    1     2.7684     5.2315   21 C    0 0 0

  25 C    2     1.4121     2.6684   13 C    1 0 0   14 C    0 0 0
  25 C    1     1.4181     2.6797   21 C    0 0 0
  25 C    2     2.4406     4.6120   19 C    1 0 0   20 C    0 0 0
  25 C    2     2.4523     4.6342    5 C    1 0 0    6 C    0 0 0
  25 C    2     2.4558     4.6407   33 C    0 0 0   33 C    0 0-1
  25 C    1     2.8158     5.3211   30 C    0 0 0

  27 C    2     1.4121     2.6684    9 C    1 0 0   10 C    0 0 0
  27 C    1     1.4198     2.6831   23 C    0 0 0
  27 C    2     2.4391     4.6092   11 C    0 0 0   12 C    1 0 0
  27 C    2     2.4532     4.6360    1 C    1 0 0    2 C    0 0 0
  27 C    2     2.4553     4.6399   39 C    1 0 0   39 C    0 0-1
  27 C    1     2.8028     5.2966   28 C    0 0 0

  29 C    2     1.4162     2.6762   17 C    0 0 0   18 C    1 0 0
  29 C    1     1.4182     2.6799   30 C    0 1 0
  29 C    2     2.4488     4.6275   15 C    0 0 0   16 C    1 0 0
  29 C    2     2.4536     4.6366   19 C    1 1 0   20 C    0 1 0
  29 C    2     2.4556     4.6405   35 C    0 0 0   35 C    0 0-1
  29 C    1     2.8158     5.3211   26 C    0 0 0

  31 C    1     1.4121     2.6684   33 C    0 0 0
  31 C    2     1.4314     2.7049    5 C    1 0 1    6 C    0 0 0
  31 C    2     2.4557     4.6406   21 C    0 0 0   21 C    0 0 1
  31 C    2     2.4617     4.6518   13 C    1 0 1   14 C    0 0 0
  31 C    2     2.5449     4.8091    1 C    1 0 0    2 C    0 0 1
  31 C    2     2.8448     5.3758   25 C    0 0 0   25 C    0 0 1

  33 C    1     1.4121     2.6684   31 C    0 0 0
  33 C    2     1.4244     2.6917   13 C    1 0 1   14 C    0 0 0
  33 C    2     2.4449     4.6201    5 C    1 0 1    6 C    0 0 0
  33 C    2     2.4558     4.6407   25 C    0 0 0   25 C    0 0 1
  33 C    2     2.4618     4.6522   19 C    1 0 1   20 C    0 0 0
  33 C    2     2.8237     5.3360   21 C    0 0 0   21 C    0 0 1

  35 C    1     1.4067     2.6583   36 C    0 1 0
  35 C    2     1.4198     2.6830   17 C    0 0 0   18 C    1 0 1
  35 C    2     2.4491     4.6281   19 C    1 1 1   20 C    0 1 0
  35 C    2     2.4539     4.6372   15 C    0 0 0   16 C    1 0 1
  35 C    2     2.4556     4.6405   29 C    0 0 0   29 C    0 0 1
  35 C    2     2.8329     5.3533   30 C    0 1 0   30 C    0 1 1

  37 C    1     1.4085     2.6617   39 C    0 0 0
  37 C    2     1.4325     2.7071    1 C    0 0 0    2 C    0 0 1
  37 C    2     2.4552     4.6397   23 C   -1 0 0   23 C    0 0 1
  37 C    2     2.4609     4.6504    9 C    0 0 0   10 C    0 0 1
  37 C    2     2.5459     4.8111    5 C    1 0 1    6 C   -1 0 0
  37 C    2     2.8448     5.3758   27 C   -1 0 0   27 C    0 0 1

  39 C    1     1.4085     2.6617   37 C    0 0 0
  39 C    2     1.4254     2.6936    9 C    0 0 0   10 C    0 0 1
  39 C    2     2.4429     4.6164    1 C    0 0 0    2 C    0 0 1
  39 C    2     2.4553     4.6399   27 C   -1 0 0   27 C    0 0 1
  39 C    2     2.4632     4.6548   11 C    0 0 1   12 C    0 0 0
  39 C    2     2.8220     5.3328   23 C   -1 0 0   23 C    0 0 1


 SYMMETRY ALLOWED INTERNAL DEGREE(S) OF FREEDOM:  25
 TTTTTTTTTTTTTTTTTTTTTTTTTTTTTT SYMM        TELAPSE        2.10 TCPU        1.05
 TTTTTTTTTTTTTTTTTTTTTTTTTTTTTT INT_SCREEN  TELAPSE        2.11 TCPU        1.06

 DFT PARAMETERS

     ATOM       ELECTRONS   NET CHARGE   R(ANGSTROM)
   1   6  C       6.0000      0.0000     0.77000000

 SIZE OF GRID=     296595
 TTTTTTTTTTTTTTTTTTTTTTTTTTTTTT MAKE_GRID2  TELAPSE        3.02 TCPU        1.97
 BECKE WEIGHT FUNCTION
 RADSAFE =     2.00
 TOLERANCES - DENSITY:10**- 6; POTENTIAL:10**- 9; GRID WGT:10**-14

 RADIAL INTEGRATION  - INTERVALS (POINTS,UPPER LIMIT):            1( 75,  4.0*R)

 ANGULAR INTEGRATION - INTERVALS (ACCURACY LEVEL [N. POINTS] UPPER LIMIT):
  1(  4[  86]   0.2)  2(  8[ 194]   0.5)  3( 12[ 350]   0.9)  4( 16[ 974]   3.5)
  5( 12[ 350]9999.0)
 TTTTTTTTTTTTTTTTTTTTTTTTTTTTTT INT_CALC    TELAPSE        3.05 TCPU        2.00
 EEEEEEEEEE INT_CALC TERMINATION  DATE 30 01 2026 TIME 21:29:21.0

 *******************************************************************************
 ./3^15T1-CA_rev1_sp_B3LYP-D3-D3_optimized                                       
 CRYSTAL - SCF - TYPE OF CALCULATION :  UNRESTRICTED OPEN SHELL
 *******************************************************************************

 CAPPA:IS1 15;IS2 15;IS3 15; K PTS MONK NET 904; SYMMOPS:K SPACE   4;G SPACE   4

 TTTTTTTTTTTTTTTTTTTTTTTTTTTTTT SDIK        TELAPSE       50.93 TCPU       49.03

 AAAAAAAAAAAAAAAAAAAAAAAAAAAAAAAAAAAAAAAAAAAAAAAAAAAAAAAAAAAAAAAAAAAAAAAAAAAAAAA
         ATOMIC WAVEFUNCTION(S)


 NUCLEAR CHARGE  6.0  SYMMETRY SPECIES            S    P
 N. ELECTRONS    6.0  NUMBER OF PRIMITIVE GTOS   10    6
                      NUMBER OF CONTRACTED GTOS   4    3
                      NUMBER OF CLOSED SHELLS     2    0
                      OPEN SHELL OCCUPATION       0    2

  ZNUC  SCFIT    TOTAL HF ENERGY   KINETIC ENERGY   VIRIAL THEOREM ACCURACY
   6.0    10    -3.766702350E+01  3.783137943E+01 -1.995655566E+00  1.6E-06

 AAAAAAAAAAAAAAAAAAAAAAAAAAAAAAAAAAAAAAAAAAAAAAAAAAAAAAAAAAAAAAAAAAAAAAAAAAAAAAA

 CHARGE NORMALIZATION FACTOR   1.00000000
 TOTAL ATOMIC CHARGES:
   6.0000000   6.0000000   6.0000000   6.0000000   6.0000000   6.0000000
   6.0000000   6.0000000   6.0000000   6.0000000   6.0000000   6.0000000
   6.0000000   6.0000000   6.0000000   6.0000000   6.0000000   6.0000000
   6.0000000   6.0000000   6.0000000   6.0000000   6.0000000   6.0000000
   6.0000000   6.0000000   6.0000000   6.0000000   6.0000000   6.0000000
   6.0000000   6.0000000   6.0000000   6.0000000   6.0000000   6.0000000
   6.0000000   6.0000000   6.0000000   6.0000000
 SUMMED SPIN DENSITY           0.00000000
 TOTAL ATOMIC SPINS  :
   0.0000000   0.0000000   0.0000000   0.0000000   0.0000000   0.0000000
   0.0000000   0.0000000   0.0000000   0.0000000   0.0000000   0.0000000
   0.0000000   0.0000000   0.0000000   0.0000000   0.0000000   0.0000000
   0.0000000   0.0000000   0.0000000   0.0000000   0.0000000   0.0000000
   0.0000000   0.0000000   0.0000000   0.0000000   0.0000000   0.0000000
   0.0000000   0.0000000   0.0000000   0.0000000   0.0000000   0.0000000
   0.0000000   0.0000000   0.0000000   0.0000000
 TTTTTTTTTTTTTTTTTTTTTTTTTTTTTT MOQGAD      TELAPSE       50.98 TCPU       49.08
 TTTTTTTTTTTTTTTTTTTTTTTTTTTTTT SHELLXN     TELAPSE      124.51 TCPU      122.57
 TTTTTTTTTTTTTTTTTTTTTTTTTTTTTT MONMO3      TELAPSE      124.77 TCPU      122.84
 NUMERICALLY INTEGRATED DENSITY    120.0000061209    120.0000061209
 TTTTTTTTTTTTTTTTTTTTTTTTTTTTTT NUMDFT      TELAPSE      126.74 TCPU      124.80
 CYC   0 ETOT(AU) -1.536171023819E+03 DETOT -1.54E+03 tst  0.00E+00 PX  1.00E+00
 TTTTTTTTTTTTTTTTTTTTTTTTTTTTTT DIIS        TELAPSE      132.60 TCPU      130.34
 TTTTTTTTTTTTTTTTTTTTTTTTTTTTTT FDIK        TELAPSE     2010.67 TCPU     2002.73
 POSSIBLY CONDUCTING STATE - EFERMI(AU) -1.7933661E-01 (RES. CHARGE  8.53E-14;IT. 12)
 TTTTTTTTTTTTTTTTTTTTTTTTTTTTTT PDIG        TELAPSE     2022.85 TCPU     2014.79
 CHARGE NORMALIZATION FACTOR   1.00000000
 TOTAL ATOMIC CHARGES:
   6.0026463   6.0026463   6.0026463   6.0026463   5.9899023   5.9899023
   5.9899023   5.9899023   5.9998413   5.9998413   5.9998413   5.9998413
   6.0019660   6.0019660   6.0019660   6.0019660   5.9993023   5.9993023
   5.9993023   5.9993023   6.0166569   6.0166569   6.0162298   6.0162298
   6.0042182   6.0042182   6.0056559   6.0056559   5.9985968   5.9985968
   5.9800376   5.9800376   6.0062675   6.0062675   6.0019672   6.0019672
   5.9737066   5.9737066   6.0093470   6.0093470
 SUMMED SPIN DENSITY           0.00000000
 TOTAL ATOMIC SPINS  :
   0.0000000   0.0000000   0.0000000   0.0000000  -0.0000000  -0.0000000
  -0.0000000  -0.0000000   0.0000000   0.0000000   0.0000000   0.0000000
  -0.0000000  -0.0000000  -0.0000000  -0.0000000  -0.0000000  -0.0000000
  -0.0000000  -0.0000000   0.0000000   0.0000000  -0.0000000  -0.0000000
   0.0000000   0.0000000  -0.0000000  -0.0000000   0.0000000   0.0000000
   0.0000000   0.0000000  -0.0000000  -0.0000000   0.0000000   0.0000000
   0.0000000   0.0000000  -0.0000000  -0.0000000
 TTTTTTTTTTTTTTTTTTTTTTTTTTTTTT MOQGAD      TELAPSE     2022.88 TCPU     2014.83
 TTTTTTTTTTTTTTTTTTTTTTTTTTTTTT SHELLXN     TELAPSE     2100.03 TCPU     2091.95
 TTTTTTTTTTTTTTTTTTTTTTTTTTTTTT MONMO3      TELAPSE     2100.29 TCPU     2092.22
 NUMERICALLY INTEGRATED DENSITY    120.0000026175    120.0000026175
 TTTTTTTTTTTTTTTTTTTTTTTTTTTTTT NUMDFT      TELAPSE     2102.25 TCPU     2094.17
 CYC   1 ETOT(AU) -1.523771672322E+03 DETOT  1.24E+01 tst  0.00E+00 PX  1.00E+00
 TTTTTTTTTTTTTTTTTTTTTTTTTTTTTT DIIS        TELAPSE     2108.56 TCPU     2100.38
 DIIS TEST: 0.51159E+00 AT SCF   CYCLE   1 - MIX   30 %
 TTTTTTTTTTTTTTTTTTTTTTTTTTTTTT FDIK        TELAPSE     2465.36 TCPU     2454.22
 POSSIBLY CONDUCTING STATE - EFERMI(AU) -1.2138212E-01 (RES. CHARGE  1.40E-10;IT. 10)
 TTTTTTTTTTTTTTTTTTTTTTTTTTTTTT PDIG        TELAPSE     2477.53 TCPU     2466.18
 CHARGE NORMALIZATION FACTOR   1.00000000
 TOTAL ATOMIC CHARGES:
   6.0359116   6.0359116   6.0359116   6.0359116   6.0345559   6.0345559
   6.0345559   6.0345559   5.9792040   5.9792040   5.9792040   5.9792040
   5.9881316   5.9881316   5.9881316   5.9881316   5.9884467   5.9884467
   5.9884467   5.9884467   5.9965808   5.9965808   5.9885960   5.9885960
   5.9852141   5.9852141   5.9799668   5.9799668   5.9916877   5.9916877
   6.0163994   6.0163994   6.0009363   6.0009363   5.9895235   5.9895235
   6.0047229   6.0047229   5.9938728   5.9938728
 SUMMED SPIN DENSITY           0.00000000
 TOTAL ATOMIC SPINS  :
  -0.0000000  -0.0000000  -0.0000000  -0.0000000  -0.0000000  -0.0000000
  -0.0000000  -0.0000000   0.0000000   0.0000000   0.0000000   0.0000000
   0.0000000   0.0000000   0.0000000   0.0000000   0.0000000   0.0000000
   0.0000000   0.0000000   0.0000000   0.0000000   0.0000000   0.0000000
  -0.0000000  -0.0000000  -0.0000000  -0.0000000   0.0000000   0.0000000
   0.0000000   0.0000000  -0.0000000  -0.0000000  -0.0000000  -0.0000000
   0.0000000   0.0000000  -0.0000000  -0.0000000
 TTTTTTTTTTTTTTTTTTTTTTTTTTTTTT MOQGAD      TELAPSE     2477.56 TCPU     2466.21
 TTTTTTTTTTTTTTTTTTTTTTTTTTTTTT SHELLXN     TELAPSE     2554.80 TCPU     2543.38
 TTTTTTTTTTTTTTTTTTTTTTTTTTTTTT MONMO3      TELAPSE     2555.06 TCPU     2543.65
 NUMERICALLY INTEGRATED DENSITY    120.0000041167    120.0000041167
 TTTTTTTTTTTTTTTTTTTTTTTTTTTTTT NUMDFT      TELAPSE     2557.00 TCPU     2545.58
 CYC   2 ETOT(AU) -1.523859865734E+03 DETOT -8.82E-02 tst  6.94E-04 PX  6.32E-02
 TTTTTTTTTTTTTTTTTTTTTTTTTTTTTT DIIS        TELAPSE     2563.32 TCPU     2551.57
 DIIS TEST: 0.23387E+00 AT SCF   CYCLE   2 - DIIS ACTIVE - HISTORY:     2 CYCLES
 TTTTTTTTTTTTTTTTTTTTTTTTTTTTTT FDIK        TELAPSE     2844.90 TCPU     2830.42
 POSSIBLY CONDUCTING STATE - EFERMI(AU) -9.3292755E-02 (RES. CHARGE  5.20E-12;IT. 12)
 TTTTTTTTTTTTTTTTTTTTTTTTTTTTTT PDIG        TELAPSE     2857.11 TCPU     2842.34
 CHARGE NORMALIZATION FACTOR   1.00000000
 TOTAL ATOMIC CHARGES:
   5.9310182   5.9310182   5.9310182   5.9310182   5.9428823   5.9428823
   5.9428823   5.9428823   6.0360964   6.0360964   6.0360964   6.0360964
   6.0198058   6.0198058   6.0198058   6.0198058   6.0513208   6.0513208
   6.0513208   6.0513208   5.9871709   5.9871709   5.9977018   5.9977018
   6.0124170   6.0124170   6.0254014   6.0254014   6.0452207   6.0452207
   5.9103450   5.9103450   6.0286611   6.0286611   6.0531957   6.0531957
   5.9390095   5.9390095   6.0386301   6.0386301
 SUMMED SPIN DENSITY           0.00000000
 TOTAL ATOMIC SPINS  :
   0.0000000   0.0000000   0.0000000   0.0000000  -0.0000000  -0.0000000
  -0.0000000  -0.0000000   0.0000000   0.0000000   0.0000000   0.0000000
   0.0000000   0.0000000   0.0000000   0.0000000   0.0000000   0.0000000
   0.0000000   0.0000000   0.0000000   0.0000000  -0.0000000  -0.0000000
   0.0000000   0.0000000  -0.0000000  -0.0000000   0.0000000   0.0000000
  -0.0000000  -0.0000000  -0.0000000  -0.0000000  -0.0000000  -0.0000000
   0.0000000   0.0000000  -0.0000000  -0.0000000
 TTTTTTTTTTTTTTTTTTTTTTTTTTTTTT MOQGAD      TELAPSE     2857.14 TCPU     2842.37
 TTTTTTTTTTTTTTTTTTTTTTTTTTTTTT SHELLXN     TELAPSE     2934.40 TCPU     2919.55
 TTTTTTTTTTTTTTTTTTTTTTTTTTTTTT MONMO3      TELAPSE     2934.67 TCPU     2919.82
 NUMERICALLY INTEGRATED DENSITY    120.0000047512    120.0000047512
 TTTTTTTTTTTTTTTTTTTTTTTTTTTTTT NUMDFT      TELAPSE     2936.62 TCPU     2921.76
 CYC   3 ETOT(AU) -1.523752145818E+03 DETOT  1.08E-01 tst  1.77E-02 PX  3.11E-02
 TTTTTTTTTTTTTTTTTTTTTTTTTTTTTT DIIS        TELAPSE     2942.76 TCPU     2927.69
 DIIS TEST: 0.31274E+01 AT SCF   CYCLE   3 - DIIS ACTIVE - HISTORY:     3 CYCLES
 TTTTTTTTTTTTTTTTTTTTTTTTTTTTTT FDIK        TELAPSE     3162.24 TCPU     3144.91
 POSSIBLY CONDUCTING STATE - EFERMI(AU) -1.0701870E-01 (RES. CHARGE  8.31E-10;IT. 10)
 TTTTTTTTTTTTTTTTTTTTTTTTTTTTTT PDIG        TELAPSE     3174.37 TCPU     3156.87
 CHARGE NORMALIZATION FACTOR   1.00000000
 TOTAL ATOMIC CHARGES:
   6.0062666   6.0062666   6.0062666   6.0062666   5.9712621   5.9712621
   5.9712621   5.9712621   6.0263428   6.0263428   6.0263428   6.0263428
   5.9990641   5.9990641   5.9990641   5.9990641   5.9915219   5.9915219
   5.9915219   5.9915219   6.0079252   6.0079252   6.0221474   6.0221474
   6.0020984   6.0020984   6.0314032   6.0314032   5.9910302   5.9910302
   5.9651007   5.9651007   5.9962131   5.9962131   5.9905074   5.9905074
   5.9637630   5.9637630   6.0408966   6.0408966
 SUMMED SPIN DENSITY           0.00000000
 TOTAL ATOMIC SPINS  :
   0.0000000   0.0000000   0.0000000   0.0000000   0.0000000   0.0000000
   0.0000000   0.0000000   0.0000000   0.0000000   0.0000000   0.0000000
   0.0000000   0.0000000   0.0000000   0.0000000   0.0000000   0.0000000
   0.0000000   0.0000000   0.0000000   0.0000000  -0.0000000  -0.0000000
   0.0000000   0.0000000   0.0000000   0.0000000   0.0000000   0.0000000
  -0.0000000  -0.0000000  -0.0000000  -0.0000000  -0.0000000  -0.0000000
   0.0000000   0.0000000  -0.0000000  -0.0000000
 TTTTTTTTTTTTTTTTTTTTTTTTTTTTTT MOQGAD      TELAPSE     3174.41 TCPU     3156.91
 TTTTTTTTTTTTTTTTTTTTTTTTTTTTTT SHELLXN     TELAPSE     3251.67 TCPU     3234.07
 TTTTTTTTTTTTTTTTTTTTTTTTTTTTTT MONMO3      TELAPSE     3251.93 TCPU     3234.34
 NUMERICALLY INTEGRATED DENSITY    120.0000045434    120.0000045434
 TTTTTTTTTTTTTTTTTTTTTTTTTTTTTT NUMDFT      TELAPSE     3253.88 TCPU     3236.28
 CYC   4 ETOT(AU) -1.523845373282E+03 DETOT -9.32E-02 tst  4.26E-02 PX  2.48E-02
 TTTTTTTTTTTTTTTTTTTTTTTTTTTTTT DIIS        TELAPSE     3260.04 TCPU     3242.29
 DIIS TEST: 0.59070E+00 AT SCF   CYCLE   4 - DIIS ACTIVE - HISTORY:     4 CYCLES
 TTTTTTTTTTTTTTTTTTTTTTTTTTTTTT FDIK        TELAPSE     3471.67 TCPU     3451.80
 POSSIBLY CONDUCTING STATE - EFERMI(AU) -1.0762317E-01 (RES. CHARGE  7.96E-13;IT. 10)
 TTTTTTTTTTTTTTTTTTTTTTTTTTTTTT PDIG        TELAPSE     3483.79 TCPU     3463.69
 CHARGE NORMALIZATION FACTOR   1.00000000
 TOTAL ATOMIC CHARGES:
   5.9928135   5.9928135   5.9928135   5.9928135   6.0052368   6.0052368
   6.0052368   6.0052368   5.9848695   5.9848695   5.9848695   5.9848695
   6.0084696   6.0084696   6.0084696   6.0084696   6.0088288   6.0088288
   6.0088288   6.0088288   6.0160330   6.0160330   6.0034416   6.0034416
   6.0135512   6.0135512   5.9936853   5.9936853   6.0061269   6.0061269
   5.9756522   5.9756522   6.0209014   6.0209014   6.0098292   6.0098292
   5.9704958   5.9704958   5.9898470   5.9898470
 SUMMED SPIN DENSITY           0.00000000
 TOTAL ATOMIC SPINS  :
   0.0000000   0.0000000   0.0000000   0.0000000   0.0000000   0.0000000
   0.0000000   0.0000000   0.0000000   0.0000000   0.0000000   0.0000000
   0.0000000   0.0000000   0.0000000   0.0000000  -0.0000000  -0.0000000
  -0.0000000  -0.0000000   0.0000000   0.0000000  -0.0000000  -0.0000000
   0.0000000   0.0000000   0.0000000   0.0000000   0.0000000   0.0000000
  -0.0000000  -0.0000000  -0.0000000  -0.0000000  -0.0000000  -0.0000000
   0.0000000   0.0000000  -0.0000000  -0.0000000
 TTTTTTTTTTTTTTTTTTTTTTTTTTTTTT MOQGAD      TELAPSE     3483.83 TCPU     3463.72
 TTTTTTTTTTTTTTTTTTTTTTTTTTTTTT SHELLXN     TELAPSE     3561.10 TCPU     3540.91
 TTTTTTTTTTTTTTTTTTTTTTTTTTTTTT MONMO3      TELAPSE     3561.36 TCPU     3541.18
 NUMERICALLY INTEGRATED DENSITY    120.0000043913    120.0000043913
 TTTTTTTTTTTTTTTTTTTTTTTTTTTTTT NUMDFT      TELAPSE     3563.31 TCPU     3543.12
 CYC   5 ETOT(AU) -1.523856330655E+03 DETOT -1.10E-02 tst  3.83E-03 PX  1.89E-02
 TTTTTTTTTTTTTTTTTTTTTTTTTTTTTT DIIS        TELAPSE     3569.45 TCPU     3549.18
 DIIS TEST: 0.35237E+00 AT SCF   CYCLE   5 - DIIS ACTIVE - HISTORY:     5 CYCLES
 TTTTTTTTTTTTTTTTTTTTTTTTTTTTTT FDIK        TELAPSE     3822.08 TCPU     3799.45
 POSSIBLY CONDUCTING STATE - EFERMI(AU) -1.1181074E-01 (RES. CHARGE  2.07E-12;IT. 10)
 TTTTTTTTTTTTTTTTTTTTTTTTTTTTTT PDIG        TELAPSE     3834.16 TCPU     3811.32
 CHARGE NORMALIZATION FACTOR   1.00000000
 TOTAL ATOMIC CHARGES:
   6.0185169   6.0185169   6.0185169   6.0185169   6.0087037   6.0087037
   6.0087037   6.0087037   5.9946128   5.9946128   5.9946128   5.9946128
   5.9907889   5.9907889   5.9907889   5.9907889   6.0022846   6.0022846
   6.0022846   6.0022846   5.9929500   5.9929500   5.9952978   5.9952978
   5.9857058   5.9857058   5.9946230   5.9946230   6.0071163   6.0071163
   5.9896996   5.9896996   5.9985817   5.9985817   6.0075494   6.0075494
   5.9894482   5.9894482   6.0092144   6.0092144
 SUMMED SPIN DENSITY           0.00000000
 TOTAL ATOMIC SPINS  :
   0.0000000   0.0000000   0.0000000   0.0000000   0.0000000   0.0000000
   0.0000000   0.0000000   0.0000000   0.0000000   0.0000000   0.0000000
   0.0000000   0.0000000   0.0000000   0.0000000   0.0000000   0.0000000
   0.0000000   0.0000000  -0.0000000  -0.0000000  -0.0000000  -0.0000000
   0.0000000   0.0000000   0.0000000   0.0000000   0.0000000   0.0000000
  -0.0000000  -0.0000000  -0.0000000  -0.0000000  -0.0000000  -0.0000000
   0.0000000   0.0000000  -0.0000000  -0.0000000
 TTTTTTTTTTTTTTTTTTTTTTTTTTTTTT MOQGAD      TELAPSE     3834.19 TCPU     3811.35
 TTTTTTTTTTTTTTTTTTTTTTTTTTTTTT SHELLXN     TELAPSE     3911.47 TCPU     3888.59
 TTTTTTTTTTTTTTTTTTTTTTTTTTTTTT MONMO3      TELAPSE     3911.74 TCPU     3888.85
 NUMERICALLY INTEGRATED DENSITY    120.0000043290    120.0000043290
 TTTTTTTTTTTTTTTTTTTTTTTTTTTTTT NUMDFT      TELAPSE     3913.68 TCPU     3890.79
 CYC   6 ETOT(AU) -1.523871793836E+03 DETOT -1.55E-02 tst  1.05E-03 PX  8.98E-03
 TTTTTTTTTTTTTTTTTTTTTTTTTTTTTT DIIS        TELAPSE     3919.64 TCPU     3895.99
 DIIS TEST: 0.13202E-01 AT SCF   CYCLE   6 - DIIS ACTIVE - HISTORY:     6 CYCLES
 TTTTTTTTTTTTTTTTTTTTTTTTTTTTTT FDIK        TELAPSE     4210.61 TCPU     4183.77
 POSSIBLY CONDUCTING STATE - EFERMI(AU) -1.1175781E-01 (RES. CHARGE  2.46E-11;IT.  6)
 TTTTTTTTTTTTTTTTTTTTTTTTTTTTTT PDIG        TELAPSE     4222.78 TCPU     4195.71
 CHARGE NORMALIZATION FACTOR   1.00000000
 TOTAL ATOMIC CHARGES:
   6.0107786   6.0107786   6.0107786   6.0107786   6.0083645   6.0083645
   6.0083645   6.0083645   5.9960205   5.9960205   5.9960205   5.9960205
   6.0000550   6.0000550   6.0000550   6.0000550   5.9956768   5.9956768
   5.9956768   5.9956768   6.0041807   6.0041807   5.9975857   5.9975857
   6.0008357   6.0008357   5.9980553   5.9980553   5.9948575   5.9948575
   5.9905314   5.9905314   6.0096178   6.0096178   5.9949312   5.9949312
   5.9808480   5.9808480   6.0067656   6.0067656
 SUMMED SPIN DENSITY           0.00000000
 TOTAL ATOMIC SPINS  :
   0.0000000   0.0000000   0.0000000   0.0000000   0.0000000   0.0000000
   0.0000000   0.0000000   0.0000000   0.0000000   0.0000000   0.0000000
  -0.0000000  -0.0000000  -0.0000000  -0.0000000  -0.0000000  -0.0000000
  -0.0000000  -0.0000000  -0.0000000  -0.0000000  -0.0000000  -0.0000000
   0.0000000   0.0000000  -0.0000000  -0.0000000   0.0000000   0.0000000
  -0.0000000  -0.0000000  -0.0000000  -0.0000000  -0.0000000  -0.0000000
  -0.0000000  -0.0000000  -0.0000000  -0.0000000
 TTTTTTTTTTTTTTTTTTTTTTTTTTTTTT MOQGAD      TELAPSE     4222.81 TCPU     4195.74
 TTTTTTTTTTTTTTTTTTTTTTTTTTTTTT SHELLXN     TELAPSE     4300.08 TCPU     4272.93
 TTTTTTTTTTTTTTTTTTTTTTTTTTTTTT MONMO3      TELAPSE     4300.35 TCPU     4273.20
 NUMERICALLY INTEGRATED DENSITY    120.0000043847    120.0000043847
 TTTTTTTTTTTTTTTTTTTTTTTTTTTTTT NUMDFT      TELAPSE     4302.29 TCPU     4275.14
 CYC   7 ETOT(AU) -1.523872218327E+03 DETOT -4.24E-04 tst  2.39E-05 PX  3.68E-03
 TTTTTTTTTTTTTTTTTTTTTTTTTTTTTT DIIS        TELAPSE     4308.46 TCPU     4280.95
 DIIS TEST: 0.52964E-02 AT SCF   CYCLE   7 - DIIS ACTIVE - HISTORY:     7 CYCLES
 TTTTTTTTTTTTTTTTTTTTTTTTTTTTTT FDIK        TELAPSE     4576.35 TCPU     4546.51
 POSSIBLY CONDUCTING STATE - EFERMI(AU) -1.1172661E-01 (RES. CHARGE  4.04E-11;IT.  6)
 TTTTTTTTTTTTTTTTTTTTTTTTTTTTTT PDIG        TELAPSE     4588.48 TCPU     4558.42
 CHARGE NORMALIZATION FACTOR   1.00000000
 TOTAL ATOMIC CHARGES:
   6.0134971   6.0134971   6.0134971   6.0134971   6.0053777   6.0053777
   6.0053777   6.0053777   5.9937978   5.9937978   5.9937978   5.9937978
   5.9971146   5.9971146   5.9971146   5.9971146   5.9988020   5.9988020
   5.9988020   5.9988020   6.0041159   6.0041159   6.0037178   6.0037178
   5.9979363   5.9979363   5.9998444   5.9998444   6.0002115   6.0002115
   5.9844721   5.9844721   6.0043946   6.0043946   6.0004520   6.0004520
   5.9819120   5.9819120   6.0057651   6.0057651
 SUMMED SPIN DENSITY           0.00000000
 TOTAL ATOMIC SPINS  :
   0.0000000   0.0000000   0.0000000   0.0000000  -0.0000000  -0.0000000
  -0.0000000  -0.0000000   0.0000000   0.0000000   0.0000000   0.0000000
  -0.0000000  -0.0000000  -0.0000000  -0.0000000  -0.0000000  -0.0000000
  -0.0000000  -0.0000000   0.0000000   0.0000000  -0.0000000  -0.0000000
   0.0000000   0.0000000   0.0000000   0.0000000   0.0000000   0.0000000
   0.0000000   0.0000000  -0.0000000  -0.0000000   0.0000000   0.0000000
  -0.0000000  -0.0000000  -0.0000000  -0.0000000
 TTTTTTTTTTTTTTTTTTTTTTTTTTTTTT MOQGAD      TELAPSE     4588.52 TCPU     4558.45
 TTTTTTTTTTTTTTTTTTTTTTTTTTTTTT SHELLXN     TELAPSE     4665.80 TCPU     4635.68
 TTTTTTTTTTTTTTTTTTTTTTTTTTTTTT MONMO3      TELAPSE     4666.07 TCPU     4635.94
 NUMERICALLY INTEGRATED DENSITY    120.0000043763    120.0000043763
 TTTTTTTTTTTTTTTTTTTTTTTTTTTTTT NUMDFT      TELAPSE     4668.01 TCPU     4637.87
 CYC   8 ETOT(AU) -1.523872441106E+03 DETOT -2.23E-04 tst  4.19E-06 PX  1.56E-03
 TTTTTTTTTTTTTTTTTTTTTTTTTTTTTT DIIS        TELAPSE     4674.16 TCPU     4643.92
 DIIS TEST: 0.47125E-03 AT SCF   CYCLE   8 - DIIS ACTIVE - HISTORY:     8 CYCLES
 TTTTTTTTTTTTTTTTTTTTTTTTTTTTTT FDIK        TELAPSE     4960.29 TCPU     4914.32
 POSSIBLY CONDUCTING STATE - EFERMI(AU) -1.1165755E-01 (RES. CHARGE  1.68E-10;IT.  6)
 TTTTTTTTTTTTTTTTTTTTTTTTTTTTTT PDIG        TELAPSE     4972.42 TCPU     4926.24
 CHARGE NORMALIZATION FACTOR   1.00000000
 TOTAL ATOMIC CHARGES:
   6.0117172   6.0117172   6.0117172   6.0117172   6.0062673   6.0062673
   6.0062673   6.0062673   5.9959384   5.9959384   5.9959384   5.9959384
   5.9973087   5.9973087   5.9973087   5.9973087   5.9988098   5.9988098
   5.9988098   5.9988098   6.0022472   6.0022472   5.9992118   5.9992118
   5.9968442   5.9968442   5.9982477   5.9982477   6.0000421   6.0000421
   5.9874945   5.9874945   6.0059780   6.0059780   6.0005060   6.0005060
   5.9816788   5.9816788   6.0076669   6.0076669
 SUMMED SPIN DENSITY           0.00000000
 TOTAL ATOMIC SPINS  :
   0.0000000   0.0000000   0.0000000   0.0000000  -0.0000000  -0.0000000
  -0.0000000  -0.0000000  -0.0000000  -0.0000000  -0.0000000  -0.0000000
  -0.0000000  -0.0000000  -0.0000000  -0.0000000  -0.0000000  -0.0000000
  -0.0000000  -0.0000000   0.0000000   0.0000000  -0.0000000  -0.0000000
   0.0000000   0.0000000   0.0000000   0.0000000   0.0000000   0.0000000
   0.0000000   0.0000000  -0.0000000  -0.0000000  -0.0000000  -0.0000000
  -0.0000000  -0.0000000   0.0000000   0.0000000
 TTTTTTTTTTTTTTTTTTTTTTTTTTTTTT MOQGAD      TELAPSE     4972.45 TCPU     4926.27
 TTTTTTTTTTTTTTTTTTTTTTTTTTTTTT SHELLXN     TELAPSE     5049.64 TCPU     5003.07
 TTTTTTTTTTTTTTTTTTTTTTTTTTTTTT MONMO3      TELAPSE     5049.90 TCPU     5003.34
 NUMERICALLY INTEGRATED DENSITY    120.0000043817    120.0000043817
 TTTTTTTTTTTTTTTTTTTTTTTTTTTTTT NUMDFT      TELAPSE     5051.85 TCPU     5005.28
 CYC   9 ETOT(AU) -1.523872463441E+03 DETOT -2.23E-05 tst  4.28E-07 PX  7.46E-04
 TTTTTTTTTTTTTTTTTTTTTTTTTTTTTT DIIS        TELAPSE     5058.02 TCPU     5011.22
 DIIS TEST: 0.49913E-04 AT SCF   CYCLE   9 - DIIS ACTIVE - HISTORY:     9 CYCLES
 TTTTTTTTTTTTTTTTTTTTTTTTTTTTTT FDIK        TELAPSE     5384.41 TCPU     5334.52
 POSSIBLY CONDUCTING STATE - EFERMI(AU) -1.1167926E-01 (RES. CHARGE  1.73E-10;IT.  4)
 TTTTTTTTTTTTTTTTTTTTTTTTTTTTTT PDIG        TELAPSE     5396.53 TCPU     5346.38
 CHARGE NORMALIZATION FACTOR   1.00000000
 TOTAL ATOMIC CHARGES:
   6.0123090   6.0123090   6.0123090   6.0123090   6.0060350   6.0060350
   6.0060350   6.0060350   5.9953140   5.9953140   5.9953140   5.9953140
   5.9976806   5.9976806   5.9976806   5.9976806   5.9987823   5.9987823
   5.9987823   5.9987823   6.0020661   6.0020661   5.9999656   5.9999656
   5.9972060   5.9972060   5.9986053   5.9986053   5.9997481   5.9997481
   5.9867875   5.9867875   6.0058158   6.0058158   5.9999921   5.9999921
   5.9823277   5.9823277   6.0072439   6.0072439
 SUMMED SPIN DENSITY           0.00000000
 TOTAL ATOMIC SPINS  :
   0.0000000   0.0000000   0.0000000   0.0000000  -0.0000000  -0.0000000
  -0.0000000  -0.0000000  -0.0000000  -0.0000000  -0.0000000  -0.0000000
  -0.0000000  -0.0000000  -0.0000000  -0.0000000  -0.0000000  -0.0000000
  -0.0000000  -0.0000000   0.0000000   0.0000000  -0.0000000  -0.0000000
   0.0000000   0.0000000   0.0000000   0.0000000   0.0000000   0.0000000
   0.0000000   0.0000000  -0.0000000  -0.0000000  -0.0000000  -0.0000000
   0.0000000   0.0000000   0.0000000   0.0000000
 TTTTTTTTTTTTTTTTTTTTTTTTTTTTTT MOQGAD      TELAPSE     5396.57 TCPU     5346.42
 TTTTTTTTTTTTTTTTTTTTTTTTTTTTTT SHELLXN     TELAPSE     5473.82 TCPU     5423.57
 TTTTTTTTTTTTTTTTTTTTTTTTTTTTTT MONMO3      TELAPSE     5474.09 TCPU     5423.84
 NUMERICALLY INTEGRATED DENSITY    120.0000043813    120.0000043813
 TTTTTTTTTTTTTTTTTTTTTTTTTTTTTT NUMDFT      TELAPSE     5476.05 TCPU     5425.79
 CYC  10 ETOT(AU) -1.523872466043E+03 DETOT -2.60E-06 tst  4.45E-08 PX  1.59E-04
 TTTTTTTTTTTTTTTTTTTTTTTTTTTTTT DIIS        TELAPSE     5482.19 TCPU     5431.69
 DIIS TEST: 0.61931E-05 AT SCF   CYCLE  10 - DIIS ACTIVE - HISTORY:    10 CYCLES
 TTTTTTTTTTTTTTTTTTTTTTTTTTTTTT FDIK        TELAPSE     5704.93 TCPU     5651.97
 POSSIBLY CONDUCTING STATE - EFERMI(AU) -1.1167288E-01 (RES. CHARGE  2.24E-11;IT.  6)
 TTTTTTTTTTTTTTTTTTTTTTTTTTTTTT PDIG        TELAPSE     5717.00 TCPU     5663.77
 CHARGE NORMALIZATION FACTOR   1.00000000
 TOTAL ATOMIC CHARGES:
   6.0121688   6.0121688   6.0121688   6.0121688   6.0062007   6.0062007
   6.0062007   6.0062007   5.9954283   5.9954283   5.9954283   5.9954283
   5.9973857   5.9973857   5.9973857   5.9973857   5.9987125   5.9987125
   5.9987125   5.9987125   6.0025296   6.0025296   6.0000686   6.0000686
   5.9971875   5.9971875   5.9986232   5.9986232   5.9998880   5.9998880
   5.9869258   5.9869258   6.0056891   6.0056891   6.0002297   6.0002297
   5.9818762   5.9818762   6.0071903   6.0071903
 SUMMED SPIN DENSITY           0.00000000
 TOTAL ATOMIC SPINS  :
   0.0000000   0.0000000   0.0000000   0.0000000  -0.0000000  -0.0000000
  -0.0000000  -0.0000000  -0.0000000  -0.0000000  -0.0000000  -0.0000000
  -0.0000000  -0.0000000  -0.0000000  -0.0000000  -0.0000000  -0.0000000
  -0.0000000  -0.0000000   0.0000000   0.0000000   0.0000000   0.0000000
   0.0000000   0.0000000   0.0000000   0.0000000   0.0000000   0.0000000
   0.0000000   0.0000000  -0.0000000  -0.0000000  -0.0000000  -0.0000000
   0.0000000   0.0000000  -0.0000000  -0.0000000
 TTTTTTTTTTTTTTTTTTTTTTTTTTTTTT MOQGAD      TELAPSE     5717.04 TCPU     5663.80
 TTTTTTTTTTTTTTTTTTTTTTTTTTTTTT SHELLXN     TELAPSE     5794.33 TCPU     5741.01
 TTTTTTTTTTTTTTTTTTTTTTTTTTTTTT MONMO3      TELAPSE     5794.60 TCPU     5741.28
 NUMERICALLY INTEGRATED DENSITY    120.0000043808    120.0000043808
 TTTTTTTTTTTTTTTTTTTTTTTTTTTTTT NUMDFT      TELAPSE     5796.53 TCPU     5743.22
 CYC  11 ETOT(AU) -1.523872466355E+03 DETOT -3.12E-07 tst  4.47E-09 PX  7.18E-05
 TTTTTTTTTTTTTTTTTTTTTTTTTTTTTT DIIS        TELAPSE     5802.69 TCPU     5749.04
 DIIS TEST: 0.33029E-06 AT SCF   CYCLE  11 - DIIS ACTIVE - HISTORY:    11 CYCLES
 TTTTTTTTTTTTTTTTTTTTTTTTTTTTTT FDIK        TELAPSE     6180.61 TCPU     6111.92
 POSSIBLY CONDUCTING STATE - EFERMI(AU) -1.1167390E-01 (RES. CHARGE  2.84E-14;IT.  6)
 TTTTTTTTTTTTTTTTTTTTTTTTTTTTTT PDIG        TELAPSE     6196.40 TCPU     6127.52
 CHARGE NORMALIZATION FACTOR   1.00000000
 TOTAL ATOMIC CHARGES:
   6.0122004   6.0122004   6.0122004   6.0122004   6.0061209   6.0061209
   6.0061209   6.0061209   5.9954120   5.9954120   5.9954120   5.9954120
   5.9974347   5.9974347   5.9974347   5.9974347   5.9987194   5.9987194
   5.9987194   5.9987194   6.0024785   6.0024785   6.0000718   6.0000718
   5.9971652   5.9971652   5.9985683   5.9985683   5.9998567   5.9998567
   5.9869206   5.9869206   6.0057551   6.0057551   6.0002147   6.0002147
   5.9819441   5.9819441   6.0072501   6.0072501
 SUMMED SPIN DENSITY           0.00000000
 TOTAL ATOMIC SPINS  :
   0.0000000   0.0000000   0.0000000   0.0000000  -0.0000000  -0.0000000
  -0.0000000  -0.0000000   0.0000000   0.0000000   0.0000000   0.0000000
   0.0000000   0.0000000   0.0000000   0.0000000  -0.0000000  -0.0000000
  -0.0000000  -0.0000000   0.0000000   0.0000000   0.0000000   0.0000000
   0.0000000   0.0000000  -0.0000000  -0.0000000  -0.0000000  -0.0000000
  -0.0000000  -0.0000000  -0.0000000  -0.0000000   0.0000000   0.0000000
  -0.0000000  -0.0000000  -0.0000000  -0.0000000
 TTTTTTTTTTTTTTTTTTTTTTTTTTTTTT MOQGAD      TELAPSE     6196.43 TCPU     6127.55
 TTTTTTTTTTTTTTTTTTTTTTTTTTTTTT SHELLXN     TELAPSE     6275.24 TCPU     6206.27
 TTTTTTTTTTTTTTTTTTTTTTTTTTTTTT MONMO3      TELAPSE     6275.51 TCPU     6206.53
 NUMERICALLY INTEGRATED DENSITY    120.0000043810    120.0000043810
 TTTTTTTTTTTTTTTTTTTTTTTTTTTTTT NUMDFT      TELAPSE     6277.44 TCPU     6208.46
 CYC  12 ETOT(AU) -1.523872466363E+03 DETOT -8.06E-09 tst  3.01E-10 PX  1.73E-05
 TTTTTTTTTTTTTTTTTTTTTTTTTTTTTT DIIS        TELAPSE     6283.59 TCPU     6214.37
 DIIS TEST: 0.39487E-07 AT SCF   CYCLE  12 - DIIS ACTIVE - HISTORY:    12 CYCLES
 TTTTTTTTTTTTTTTTTTTTTTTTTTTTTT FDIK        TELAPSE     6564.19 TCPU     6487.02
 POSSIBLY CONDUCTING STATE - EFERMI(AU) -1.1167264E-01 (RES. CHARGE  0.00E+00;IT.  6)
 TTTTTTTTTTTTTTTTTTTTTTTTTTTTTT PDIG        TELAPSE     6576.31 TCPU     6498.91
 CHARGE NORMALIZATION FACTOR   1.00000000
 TOTAL ATOMIC CHARGES:
   6.0121872   6.0121872   6.0121872   6.0121872   6.0061593   6.0061593
   6.0061593   6.0061593   5.9954183   5.9954183   5.9954183   5.9954183
   5.9974395   5.9974395   5.9974395   5.9974395   5.9987290   5.9987290
   5.9987290   5.9987290   6.0024483   6.0024483   6.0000453   6.0000453
   5.9971793   5.9971793   5.9986125   5.9986125   5.9998687   5.9998687
   5.9869123   5.9869123   6.0057175   6.0057175   6.0001882   6.0001882
   5.9819512   5.9819512   6.0072101   6.0072101
 SUMMED SPIN DENSITY           0.00000000
 TOTAL ATOMIC SPINS  :
  -0.0000000  -0.0000000  -0.0000000  -0.0000000   0.0000000   0.0000000
   0.0000000   0.0000000   0.0000000   0.0000000   0.0000000   0.0000000
  -0.0000000  -0.0000000  -0.0000000  -0.0000000   0.0000000   0.0000000
   0.0000000   0.0000000   0.0000000   0.0000000  -0.0000000  -0.0000000
  -0.0000000  -0.0000000  -0.0000000  -0.0000000   0.0000000   0.0000000
  -0.0000000  -0.0000000   0.0000000   0.0000000  -0.0000000  -0.0000000
   0.0000000   0.0000000  -0.0000000  -0.0000000
 TTTTTTTTTTTTTTTTTTTTTTTTTTTTTT MOQGAD      TELAPSE     6576.34 TCPU     6498.95
 TTTTTTTTTTTTTTTTTTTTTTTTTTTTTT SHELLXN     TELAPSE     6654.00 TCPU     6576.50
 TTTTTTTTTTTTTTTTTTTTTTTTTTTTTT MONMO3      TELAPSE     6654.27 TCPU     6576.76
 NUMERICALLY INTEGRATED DENSITY    120.0000043810    120.0000043810
 TTTTTTTTTTTTTTTTTTTTTTTTTTTTTT NUMDFT      TELAPSE     6656.21 TCPU     6578.70
 CYC  13 ETOT(AU) -1.523872466378E+03 DETOT -1.48E-08 tst  7.89E-11 PX  6.91E-06
 TTTTTTTTTTTTTTTTTTTTTTTTTTTTTT DIIS        TELAPSE     6662.38 TCPU     6584.79
 DIIS TEST: 0.11395E-07 AT SCF   CYCLE  13 - DIIS ACTIVE - HISTORY:    13 CYCLES
 TTTTTTTTTTTTTTTTTTTTTTTTTTTTTT FDIK        TELAPSE     6992.56 TCPU     6906.50
 POSSIBLY CONDUCTING STATE - EFERMI(AU) -1.1167260E-01 (RES. CHARGE  1.45E-12;IT.  4)
 TTTTTTTTTTTTTTTTTTTTTTTTTTTTTT PDIG        TELAPSE     7004.65 TCPU     6918.34
 CHARGE NORMALIZATION FACTOR   1.00000000
 TOTAL ATOMIC CHARGES:
   6.0121903   6.0121903   6.0121903   6.0121903   6.0061509   6.0061509
   6.0061509   6.0061509   5.9954149   5.9954149   5.9954149   5.9954149
   5.9974368   5.9974368   5.9974368   5.9974368   5.9987242   5.9987242
   5.9987242   5.9987242   6.0024554   6.0024554   6.0000515   6.0000515
   5.9971741   5.9971741   5.9985960   5.9985960   5.9998599   5.9998599
   5.9869147   5.9869147   6.0057313   6.0057313   6.0002011   6.0002011
   5.9819548   5.9819548   6.0072269   6.0072269
 SUMMED SPIN DENSITY           0.00000000
 TOTAL ATOMIC SPINS  :
   0.0000000   0.0000000   0.0000000   0.0000000  -0.0000000  -0.0000000
  -0.0000000  -0.0000000   0.0000000   0.0000000   0.0000000   0.0000000
  -0.0000000  -0.0000000  -0.0000000  -0.0000000   0.0000000   0.0000000
   0.0000000   0.0000000   0.0000000   0.0000000  -0.0000000  -0.0000000
  -0.0000000  -0.0000000  -0.0000000  -0.0000000  -0.0000000  -0.0000000
  -0.0000000  -0.0000000   0.0000000   0.0000000  -0.0000000  -0.0000000
  -0.0000000  -0.0000000  -0.0000000  -0.0000000
 TTTTTTTTTTTTTTTTTTTTTTTTTTTTTT MOQGAD      TELAPSE     7004.69 TCPU     6918.38
 TTTTTTTTTTTTTTTTTTTTTTTTTTTTTT SHELLXN     TELAPSE     7083.01 TCPU     6996.63
 TTTTTTTTTTTTTTTTTTTTTTTTTTTTTT MONMO3      TELAPSE     7083.28 TCPU     6996.90
 NUMERICALLY INTEGRATED DENSITY    120.0000043810    120.0000043810
 TTTTTTTTTTTTTTTTTTTTTTTTTTTTTT NUMDFT      TELAPSE     7085.22 TCPU     6998.83
 CYC  14 ETOT(AU) -1.523872466377E+03 DETOT  1.69E-09 tst  1.16E-11 PX  2.90E-06
 TTTTTTTTTTTTTTTTTTTTTTTTTTTTTT DIIS        TELAPSE     7091.46 TCPU     7004.94
 DIIS TEST: 0.48816E-09 AT SCF   CYCLE  14 - DIIS ACTIVE - HISTORY:    14 CYCLES
 TTTTTTTTTTTTTTTTTTTTTTTTTTTTTT FDIK        TELAPSE     7276.35 TCPU     7187.70
 POSSIBLY CONDUCTING STATE - EFERMI(AU) -1.1167253E-01 (RES. CHARGE  2.94E-11;IT.  4)
 TTTTTTTTTTTTTTTTTTTTTTTTTTTTTT PDIG        TELAPSE     7288.61 TCPU     7199.74
 CHARGE NORMALIZATION FACTOR   1.00000000
 TOTAL ATOMIC CHARGES:
   6.0121929   6.0121929   6.0121929   6.0121929   6.0061488   6.0061488
   6.0061488   6.0061488   5.9954156   5.9954156   5.9954156   5.9954156
   5.9974371   5.9974371   5.9974371   5.9974371   5.9987246   5.9987246
   5.9987246   5.9987246   6.0024556   6.0024556   6.0000524   6.0000524
   5.9971734   5.9971734   5.9985961   5.9985961   5.9998637   5.9998637
   5.9869174   5.9869174   6.0057304   6.0057304   6.0001963   6.0001963
   5.9819525   5.9819525   6.0072244   6.0072244
 SUMMED SPIN DENSITY           0.00000000
 TOTAL ATOMIC SPINS  :
   0.0000000   0.0000000   0.0000000   0.0000000  -0.0000000  -0.0000000
  -0.0000000  -0.0000000   0.0000000   0.0000000   0.0000000   0.0000000
   0.0000000   0.0000000   0.0000000   0.0000000   0.0000000   0.0000000
   0.0000000   0.0000000  -0.0000000  -0.0000000  -0.0000000  -0.0000000
  -0.0000000  -0.0000000  -0.0000000  -0.0000000  -0.0000000  -0.0000000
   0.0000000   0.0000000   0.0000000   0.0000000  -0.0000000  -0.0000000
  -0.0000000  -0.0000000  -0.0000000  -0.0000000
 TTTTTTTTTTTTTTTTTTTTTTTTTTTTTT MOQGAD      TELAPSE     7288.64 TCPU     7199.77
 TTTTTTTTTTTTTTTTTTTTTTTTTTTTTT SHELLXN     TELAPSE     7366.90 TCPU     7277.86
 TTTTTTTTTTTTTTTTTTTTTTTTTTTTTT MONMO3      TELAPSE     7367.17 TCPU     7278.12
 NUMERICALLY INTEGRATED DENSITY    120.0000043810    120.0000043810
 TTTTTTTTTTTTTTTTTTTTTTTTTTTTTT NUMDFT      TELAPSE     7369.17 TCPU     7280.13
 CYC  15 ETOT(AU) -1.523872466378E+03 DETOT -1.04E-09 tst  8.22E-13 PX  7.13E-07
 TTTTTTTTTTTTTTTTTTTTTTTTTTTTTT DIIS        TELAPSE     7375.40 TCPU     7286.22
 DIIS TEST: 0.15117E-09 AT SCF   CYCLE  15 - DIIS ACTIVE - HISTORY:    15 CYCLES
 TTTTTTTTTTTTTTTTTTTTTTTTTTTTTT FDIK        TELAPSE     7471.62 TCPU     7368.89
 POSSIBLY CONDUCTING STATE - EFERMI(AU) -1.1167247E-01 (RES. CHARGE  3.27E-11;IT.  4)
 TTTTTTTTTTTTTTTTTTTTTTTTTTTTTT PDIG        TELAPSE     7483.69 TCPU     7380.69
 CHARGE NORMALIZATION FACTOR   1.00000000
 TOTAL ATOMIC CHARGES:
   6.0121923   6.0121923   6.0121923   6.0121923   6.0061495   6.0061495
   6.0061495   6.0061495   5.9954154   5.9954154   5.9954154   5.9954154
   5.9974370   5.9974370   5.9974370   5.9974370   5.9987247   5.9987247
   5.9987247   5.9987247   6.0024556   6.0024556   6.0000523   6.0000523
   5.9971739   5.9971739   5.9985966   5.9985966   5.9998617   5.9998617
   5.9869161   5.9869161   6.0057299   6.0057299   6.0001980   6.0001980
   5.9819533   5.9819533   6.0072247   6.0072247
 SUMMED SPIN DENSITY           0.00000000
 TOTAL ATOMIC SPINS  :
  -0.0000000  -0.0000000  -0.0000000  -0.0000000   0.0000000   0.0000000
   0.0000000   0.0000000   0.0000000   0.0000000   0.0000000   0.0000000
  -0.0000000  -0.0000000  -0.0000000  -0.0000000   0.0000000   0.0000000
   0.0000000   0.0000000  -0.0000000  -0.0000000   0.0000000   0.0000000
  -0.0000000  -0.0000000  -0.0000000  -0.0000000  -0.0000000  -0.0000000
  -0.0000000  -0.0000000  -0.0000000  -0.0000000  -0.0000000  -0.0000000
  -0.0000000  -0.0000000  -0.0000000  -0.0000000
 TTTTTTTTTTTTTTTTTTTTTTTTTTTTTT MOQGAD      TELAPSE     7483.73 TCPU     7380.72
 TTTTTTTTTTTTTTTTTTTTTTTTTTTTTT SHELLXN     TELAPSE     7561.91 TCPU     7458.80
 TTTTTTTTTTTTTTTTTTTTTTTTTTTTTT MONMO3      TELAPSE     7562.18 TCPU     7459.06
 NUMERICALLY INTEGRATED DENSITY    120.0000043810    120.0000043810
 TTTTTTTTTTTTTTTTTTTTTTTTTTTTTT NUMDFT      TELAPSE     7564.12 TCPU     7461.00
 CYC  16 ETOT(AU) -1.523872466378E+03 DETOT -3.26E-10 tst  1.40E-13 PX  3.85E-07
 TTTTTTTTTTTTTTTTTTTTTTTTTTTTTT DIIS        TELAPSE     7570.48 TCPU     7467.18
 DIIS TEST: 0.50584E-10 AT SCF   CYCLE  16 - DIIS ACTIVE - HISTORY:    16 CYCLES
 TTTTTTTTTTTTTTTTTTTTTTTTTTTTTT FDIK        TELAPSE     7630.90 TCPU     7525.92
 POSSIBLY CONDUCTING STATE - EFERMI(AU) -1.1167243E-01 (RES. CHARGE  2.30E-12;IT.  4)
 TTTTTTTTTTTTTTTTTTTTTTTTTTTTTT PDIG        TELAPSE     7642.86 TCPU     7537.85
 CHARGE NORMALIZATION FACTOR   1.00000000
 TOTAL ATOMIC CHARGES:
   6.0121922   6.0121922   6.0121922   6.0121922   6.0061496   6.0061496
   6.0061496   6.0061496   5.9954153   5.9954153   5.9954153   5.9954153
   5.9974370   5.9974370   5.9974370   5.9974370   5.9987246   5.9987246
   5.9987246   5.9987246   6.0024555   6.0024555   6.0000524   6.0000524
   5.9971739   5.9971739   5.9985967   5.9985967   5.9998619   5.9998619
   5.9869159   5.9869159   6.0057301   6.0057301   6.0001979   6.0001979
   5.9819535   5.9819535   6.0072249   6.0072249
 SUMMED SPIN DENSITY          -0.00000000
 TOTAL ATOMIC SPINS  :
  -0.0000000  -0.0000000  -0.0000000  -0.0000000   0.0000000   0.0000000
   0.0000000   0.0000000   0.0000000   0.0000000   0.0000000   0.0000000
  -0.0000000  -0.0000000  -0.0000000  -0.0000000   0.0000000   0.0000000
   0.0000000   0.0000000  -0.0000000  -0.0000000   0.0000000   0.0000000
  -0.0000000  -0.0000000  -0.0000000  -0.0000000  -0.0000000  -0.0000000
   0.0000000   0.0000000   0.0000000   0.0000000  -0.0000000  -0.0000000
  -0.0000000  -0.0000000  -0.0000000  -0.0000000
 TTTTTTTTTTTTTTTTTTTTTTTTTTTTTT MOQGAD      TELAPSE     7642.89 TCPU     7537.88
 TTTTTTTTTTTTTTTTTTTTTTTTTTTTTT SHELLXN     TELAPSE     7721.26 TCPU     7616.23
 +++ ENERGIES IN A.U. +++
 ::: EXT EL-POLE                                  -5.5869733402332E+03
 ::: EXT EL-SPHEROPOLE                             5.1546779934674E+01
 ::: BIELET ZONE E-E                               5.8925661377866E+03
 ::: TOTAL E-E                                     3.5713957748805E+02
 ::: TOTAL E-N + N-E                              -2.7976106146708E+03
 ::: TOTAL N-N                                    -4.2706078407029E+02
 ::: KINETIC ENERGY                                1.5195603750516E+03
 ::: PSEUDO TOTAL   ENERGY                        -1.3479714462014E+03
 ::: VIRIAL COEFFICIENT                            1.0598385439277E+00
 TTTTTTTTTTTTTTTTTTTTTTTTTTTTTT MONMO3      TELAPSE     7721.52 TCPU     7616.50
 NUMERICALLY INTEGRATED DENSITY    120.0000043810    120.0000043810
 EXCHANGE ENERGY: -0.165865797295E+03  CORRELATION ENERGY: -0.100352228818E+02
 TTTTTTTTTTTTTTTTTTTTTTTTTTTTTT NUMDFT      TELAPSE     7723.50 TCPU     7618.46
 CYC  17 ETOT(AU) -1.523872466378E+03 DETOT -3.53E-10 tst  8.52E-14 PX  3.85E-07

 == SCF ENDED - CONVERGENCE ON ENERGY      E(AU) -1.5238724663783E+03 CYCLES  17


 ENERGY EXPRESSION=HARTREE+FOCK EXCH*0.20000+(BECKE      EXCH)*0.80000+LYP        CORR


 TOTAL ENERGY(DFT)(AU)( 17) -1.5238724663783E+03 DE-3.5E-10 tester 8.5E-14
 TTTTTTTTTTTTTTTTTTTTTTTTTTTTTT EDFT        TELAPSE     7723.55 TCPU     7618.51
 
 INFORMATION **** DFTD3 ENERGY **** CALCULATE DFTD3 ENERGY

           DFT-D V3(BJ)
 DF                                         b3-lyp    
 parameters
 s6       :    1.0000
 s8       :    1.9889
 a1       :    0.3981
 a2       :    4.4211
 k1 k3    :   16.0000   -4.0000
 Cutoff   :   50.2022
 CN-Cutoff:   21.1671
 ABC-Cutoff:   21.1671
 
 Edisp /kcal,au:  -256.7994 -0.40923589

 E6    /kcal :  -124.0832
 E8    /kcal :  -132.7162
 
 INFORMATION **** DFTD3 ENERGY **** NORMAL TERMINATION OF DFTD3 MODULE

 *******************************************************************************

 DFT-D3 DISPERSION ENERGY CORRECTION

 D3 DISPERSION ENERGY (AU)       -4.0923589284501E-01
 TOTAL ENERGY + DISP (AU)        -1.5242817022711E+03

 *******************************************************************************


 NEIGHBORS OF THE NON-EQUIVALENT ATOMS

 N = NUMBER OF NEIGHBORS AT DISTANCE R
    ATOM  N     R/ANG      R/AU   NEIGHBORS (ATOM LABELS AND CELL INDICES)
   1 C    1     1.4166     2.6769   23 C   -1 0 0
   1 C    1     1.4291     2.7007    6 C   -1 0 0
   1 C    1     1.4325     2.7071   37 C    0 0 0
   1 C    1     2.4040     4.5428   21 C   -1 0 0
   1 C    1     2.4429     4.6164   39 C    0 0 0
   1 C    1     2.4532     4.6360   27 C   -1 0 0

   5 C    1     1.4173     2.6784   21 C   -1 0 0
   5 C    1     1.4291     2.7007    2 C   -1 0 0
   5 C    1     1.4314     2.7049   31 C   -1 0-1
   5 C    1     2.4042     4.5432   23 C   -1 0 0
   5 C    1     2.4449     4.6201   33 C   -1 0-1
   5 C    1     2.4523     4.6342   25 C   -1 0 0

   9 C    1     1.4112     2.6667   12 C    0 0 0
   9 C    1     1.4121     2.6684   27 C   -1 0 0
   9 C    1     1.4254     2.6936   39 C    0 0 0
   9 C    1     2.4391     4.6092   28 C   -1 0 0
   9 C    1     2.4466     4.6233   23 C   -1 0 0
   9 C    1     2.4554     4.6399   10 C    0 0 1

  13 C    1     1.4121     2.6684   25 C   -1 0 0
  13 C    1     1.4124     2.6690   19 C    0 0 0
  13 C    1     1.4244     2.6917   33 C   -1 0-1
  13 C    1     2.4458     4.6219   21 C   -1 0 0
  13 C    1     2.4488     4.6275   30 C   -1 0 0
  13 C    1     2.4539     4.6372   36 C   -1 0-1

  17 C    1     1.4124     2.6690   15 C    0 0 0
  17 C    1     1.4162     2.6762   29 C    0 0 0
  17 C    1     1.4198     2.6830   35 C    0 0 0
  17 C    1     2.4406     4.6120   26 C    0 0 0
  17 C    1     2.4491     4.6281   36 C    0 1 0
  17 C    1     2.4536     4.6366   30 C    0 1 0

  21 C    2     1.4173     2.6784    5 C    1 0 0    6 C    0 0 0
  21 C    1     1.4181     2.6797   25 C    0 0 0
  21 C    2     2.4040     4.5428    1 C    1 0 0    2 C    0 0 0
  21 C    2     2.4458     4.6219   13 C    1 0 0   14 C    0 0 0
  21 C    2     2.4557     4.6406   31 C    0 0 0   31 C    0 0-1
  21 C    1     2.7684     5.2315   23 C    0 0 0

  23 C    2     1.4166     2.6769    1 C    1 0 0    2 C    0 0 0
  23 C    1     1.4198     2.6831   27 C    0 0 0
  23 C    2     2.4042     4.5432    5 C    1 0 0    6 C    0 0 0
  23 C    2     2.4466     4.6233    9 C    1 0 0   10 C    0 0 0
  23 C    2     2.4552     4.6397   37 C    1 0 0   37 C    0 0-1
  23 C    1     2.7684     5.2315   21 C    0 0 0

  25 C    2     1.4121     2.6684   13 C    1 0 0   14 C    0 0 0
  25 C    1     1.4181     2.6797   21 C    0 0 0
  25 C    2     2.4406     4.6120   19 C    1 0 0   20 C    0 0 0
  25 C    2     2.4523     4.6342    5 C    1 0 0    6 C    0 0 0
  25 C    2     2.4558     4.6407   33 C    0 0 0   33 C    0 0-1
  25 C    1     2.8158     5.3211   30 C    0 0 0

  27 C    2     1.4121     2.6684    9 C    1 0 0   10 C    0 0 0
  27 C    1     1.4198     2.6831   23 C    0 0 0
  27 C    2     2.4391     4.6092   11 C    0 0 0   12 C    1 0 0
  27 C    2     2.4532     4.6360    1 C    1 0 0    2 C    0 0 0
  27 C    2     2.4553     4.6399   39 C    1 0 0   39 C    0 0-1
  27 C    1     2.8028     5.2966   28 C    0 0 0

  29 C    2     1.4162     2.6762   17 C    0 0 0   18 C    1 0 0
  29 C    1     1.4182     2.6799   30 C    0 1 0
  29 C    2     2.4488     4.6275   15 C    0 0 0   16 C    1 0 0
  29 C    2     2.4536     4.6366   19 C    1 1 0   20 C    0 1 0
  29 C    2     2.4556     4.6405   35 C    0 0 0   35 C    0 0-1
  29 C    1     2.8158     5.3211   26 C    0 0 0

  31 C    1     1.4121     2.6684   33 C    0 0 0
  31 C    2     1.4314     2.7049    5 C    1 0 1    6 C    0 0 0
  31 C    2     2.4557     4.6406   21 C    0 0 0   21 C    0 0 1
  31 C    2     2.4617     4.6518   13 C    1 0 1   14 C    0 0 0
  31 C    2     2.5449     4.8091    1 C    1 0 0    2 C    0 0 1
  31 C    2     2.8448     5.3758   25 C    0 0 0   25 C    0 0 1

  33 C    1     1.4121     2.6684   31 C    0 0 0
  33 C    2     1.4244     2.6917   13 C    1 0 1   14 C    0 0 0
  33 C    2     2.4449     4.6201    5 C    1 0 1    6 C    0 0 0
  33 C    2     2.4558     4.6407   25 C    0 0 0   25 C    0 0 1
  33 C    2     2.4618     4.6522   19 C    1 0 1   20 C    0 0 0
  33 C    2     2.8237     5.3360   21 C    0 0 0   21 C    0 0 1

  35 C    1     1.4067     2.6583   36 C    0 1 0
  35 C    2     1.4198     2.6830   17 C    0 0 0   18 C    1 0 1
  35 C    2     2.4491     4.6281   19 C    1 1 1   20 C    0 1 0
  35 C    2     2.4539     4.6372   15 C    0 0 0   16 C    1 0 1
  35 C    2     2.4556     4.6405   29 C    0 0 0   29 C    0 0 1
  35 C    2     2.8329     5.3533   30 C    0 1 0   30 C    0 1 1

  37 C    1     1.4085     2.6617   39 C    0 0 0
  37 C    2     1.4325     2.7071    1 C    0 0 0    2 C    0 0 1
  37 C    2     2.4552     4.6397   23 C   -1 0 0   23 C    0 0 1
  37 C    2     2.4609     4.6504    9 C    0 0 0   10 C    0 0 1
  37 C    2     2.5459     4.8111    5 C    1 0 1    6 C   -1 0 0
  37 C    2     2.8448     5.3758   27 C   -1 0 0   27 C    0 0 1

  39 C    1     1.4085     2.6617   37 C    0 0 0
  39 C    2     1.4254     2.6936    9 C    0 0 0   10 C    0 0 1
  39 C    2     2.4429     4.6164    1 C    0 0 0    2 C    0 0 1
  39 C    2     2.4553     4.6399   27 C   -1 0 0   27 C    0 0 1
  39 C    2     2.4632     4.6548   11 C    0 0 1   12 C    0 0 0
  39 C    2     2.8220     5.3328   23 C   -1 0 0   23 C    0 0 1

 TTTTTTTTTTTTTTTTTTTTTTTTTTTTTT AFTER FIRST TELAPSE     7724.01 TCPU     7618.93
 MMMMMMMMMMMMMMMMMMMMMMMMMMMMMMMMMMMMMMMMMMMMMMMMMMMMMMMMMMMMMMMMMMMMMMMMMMMMMMM
     ALPHA+BETA ELECTRONS
 MULLIKEN POPULATION ANALYSIS - NO. OF ELECTRONS  240.000000

  ATOM    Z CHARGE  A.O. POPULATION

   1 C    6  6.012  0.854  1.121  0.763  0.414  0.403  0.479  0.481 -0.043
                    0.012  0.008  0.610  0.428  0.443  0.010  0.006  0.011
                    0.006  0.006
   2 C    6  6.012  0.854  1.121  0.763  0.414  0.403  0.479  0.481 -0.043
                    0.012  0.008  0.610  0.428  0.443  0.010  0.006  0.011
                    0.006  0.006
   3 C    6  6.012  0.854  1.121  0.763  0.414  0.403  0.479  0.481 -0.043
                    0.012  0.008  0.610  0.428  0.443  0.010  0.006  0.011
                    0.006  0.006
   4 C    6  6.012  0.854  1.121  0.763  0.414  0.403  0.479  0.481 -0.043
                    0.012  0.008  0.610  0.428  0.443  0.010  0.006  0.011
                    0.006  0.006
   5 C    6  6.006  0.854  1.121  0.764  0.414  0.400  0.479  0.481 -0.042
                    0.012  0.008  0.605  0.428  0.442  0.010  0.006  0.011
                    0.006  0.006
   6 C    6  6.006  0.854  1.121  0.764  0.414  0.400  0.479  0.481 -0.042
                    0.012  0.008  0.605  0.428  0.442  0.010  0.006  0.011
                    0.006  0.006
   7 C    6  6.006  0.854  1.121  0.764  0.414  0.400  0.479  0.481 -0.042
                    0.012  0.008  0.605  0.428  0.442  0.010  0.006  0.011
                    0.006  0.006
   8 C    6  6.006  0.854  1.121  0.764  0.414  0.400  0.479  0.481 -0.042
                    0.012  0.008  0.605  0.428  0.442  0.010  0.006  0.011
                    0.006  0.006
   9 C    6  5.995  0.854  1.121  0.765  0.399  0.398  0.495  0.480 -0.051
                    0.019  0.009  0.626  0.404  0.438  0.009  0.005  0.012
                    0.006  0.006
  10 C    6  5.995  0.854  1.121  0.765  0.399  0.398  0.495  0.480 -0.051
                    0.019  0.009  0.626  0.404  0.438  0.009  0.005  0.012
                    0.006  0.006
  11 C    6  5.995  0.854  1.121  0.765  0.399  0.398  0.495  0.480 -0.051
                    0.019  0.009  0.626  0.404  0.438  0.009  0.005  0.012
                    0.006  0.006
  12 C    6  5.995  0.854  1.121  0.765  0.399  0.398  0.495  0.480 -0.051
                    0.019  0.009  0.626  0.404  0.438  0.009  0.005  0.012
                    0.006  0.006
  13 C    6  5.997  0.854  1.121  0.764  0.399  0.399  0.495  0.480 -0.051
                    0.018  0.009  0.628  0.405  0.437  0.009  0.005  0.012
                    0.006  0.006
  14 C    6  5.997  0.854  1.121  0.764  0.399  0.399  0.495  0.480 -0.051
                    0.018  0.009  0.628  0.405  0.437  0.009  0.005  0.012
                    0.006  0.006
  15 C    6  5.997  0.854  1.121  0.764  0.399  0.399  0.495  0.480 -0.051
                    0.018  0.009  0.628  0.405  0.437  0.009  0.005  0.012
                    0.006  0.006
  16 C    6  5.997  0.854  1.121  0.764  0.399  0.399  0.495  0.480 -0.051
                    0.018  0.009  0.628  0.405  0.437  0.009  0.005  0.012
                    0.006  0.006
  17 C    6  5.999  0.854  1.121  0.765  0.400  0.397  0.495  0.481 -0.051
                    0.018  0.009  0.625  0.406  0.439  0.009  0.005  0.012
                    0.007  0.006
  18 C    6  5.999  0.854  1.121  0.765  0.400  0.397  0.495  0.481 -0.051
                    0.018  0.009  0.625  0.406  0.439  0.009  0.005  0.012
                    0.007  0.006
  19 C    6  5.999  0.854  1.121  0.765  0.400  0.397  0.495  0.481 -0.051
                    0.018  0.009  0.625  0.406  0.439  0.009  0.005  0.012
                    0.007  0.006
  20 C    6  5.999  0.854  1.121  0.765  0.400  0.397  0.495  0.481 -0.051
                    0.018  0.009  0.625  0.406  0.439  0.009  0.005  0.012
                    0.007  0.006
  21 C    6  6.002  0.854  1.121  0.768  0.402  0.390  0.494  0.489 -0.060
                    0.012  0.014  0.650  0.422  0.410  0.010  0.005  0.012
                    0.006  0.005
  22 C    6  6.002  0.854  1.121  0.768  0.402  0.390  0.494  0.489 -0.060
                    0.012  0.014  0.650  0.422  0.410  0.010  0.005  0.012
                    0.006  0.005
  23 C    6  6.000  0.854  1.121  0.767  0.401  0.389  0.493  0.489 -0.060
                    0.012  0.014  0.648  0.422  0.410  0.010  0.006  0.012
                    0.006  0.005
  24 C    6  6.000  0.854  1.121  0.767  0.401  0.389  0.493  0.489 -0.060
                    0.012  0.014  0.648  0.422  0.410  0.010  0.006  0.012
                    0.006  0.005
  25 C    6  5.997  0.854  1.121  0.765  0.398  0.398  0.491  0.486 -0.051
                    0.018  0.008  0.623  0.403  0.444  0.010  0.005  0.012
                    0.007  0.006
  26 C    6  5.997  0.854  1.121  0.765  0.398  0.398  0.491  0.486 -0.051
                    0.018  0.008  0.623  0.403  0.444  0.010  0.005  0.012
                    0.007  0.006
  27 C    6  5.999  0.854  1.121  0.765  0.398  0.398  0.491  0.487 -0.052
                    0.018  0.008  0.626  0.403  0.443  0.010  0.005  0.012
                    0.006  0.005
  28 C    6  5.999  0.854  1.121  0.765  0.398  0.398  0.491  0.487 -0.052
                    0.018  0.008  0.626  0.403  0.443  0.010  0.005  0.012
                    0.006  0.005
  29 C    6  6.000  0.854  1.121  0.765  0.401  0.397  0.493  0.483 -0.052
                    0.019  0.009  0.627  0.407  0.438  0.009  0.005  0.012
                    0.006  0.006
  30 C    6  6.000  0.854  1.121  0.765  0.401  0.397  0.493  0.483 -0.052
                    0.019  0.009  0.627  0.407  0.438  0.009  0.005  0.012
                    0.006  0.006
  31 C    6  5.987  0.854  1.121  0.764  0.399  0.409  0.490  0.462 -0.040
                    0.017  0.004  0.600  0.413  0.454  0.008  0.006  0.011
                    0.008  0.007
  32 C    6  5.987  0.854  1.121  0.764  0.399  0.409  0.490  0.462 -0.040
                    0.017  0.004  0.600  0.413  0.454  0.008  0.006  0.011
                    0.008  0.007
  33 C    6  6.006  0.854  1.121  0.765  0.406  0.399  0.494  0.476 -0.052
                    0.018  0.008  0.634  0.403  0.443  0.009  0.005  0.012
                    0.007  0.006
  34 C    6  6.006  0.854  1.121  0.765  0.406  0.399  0.494  0.476 -0.052
                    0.018  0.008  0.634  0.403  0.443  0.009  0.005  0.012
                    0.007  0.006
  35 C    6  6.000  0.854  1.121  0.765  0.400  0.398  0.497  0.480 -0.051
                    0.018  0.009  0.626  0.406  0.439  0.009  0.005  0.012
                    0.007  0.006
  36 C    6  6.000  0.854  1.121  0.765  0.400  0.398  0.497  0.480 -0.051
                    0.018  0.009  0.626  0.406  0.439  0.009  0.005  0.012
                    0.007  0.006
  37 C    6  5.982  0.854  1.121  0.765  0.399  0.407  0.492  0.461 -0.039
                    0.017  0.005  0.596  0.413  0.453  0.008  0.006  0.011
                    0.008  0.007
  38 C    6  5.982  0.854  1.121  0.765  0.399  0.407  0.492  0.461 -0.039
                    0.017  0.005  0.596  0.413  0.453  0.008  0.006  0.011
                    0.008  0.007
  39 C    6  6.007  0.854  1.121  0.765  0.406  0.401  0.495  0.475 -0.052
                    0.017  0.007  0.634  0.403  0.444  0.009  0.005  0.012
                    0.007  0.006
  40 C    6  6.007  0.854  1.121  0.765  0.406  0.401  0.495  0.475 -0.052
                    0.017  0.007  0.634  0.403  0.444  0.009  0.005  0.012
                    0.007  0.006

  ATOM    Z CHARGE  SHELL POPULATION

   1 C    6  6.012  0.854  1.121  0.763  0.414  1.363 -0.023  1.482  0.039
   2 C    6  6.012  0.854  1.121  0.763  0.414  1.363 -0.023  1.482  0.039
   3 C    6  6.012  0.854  1.121  0.763  0.414  1.363 -0.023  1.482  0.039
   4 C    6  6.012  0.854  1.121  0.763  0.414  1.363 -0.023  1.482  0.039
   5 C    6  6.006  0.854  1.121  0.764  0.414  1.361 -0.022  1.475  0.039
   6 C    6  6.006  0.854  1.121  0.764  0.414  1.361 -0.022  1.475  0.039
   7 C    6  6.006  0.854  1.121  0.764  0.414  1.361 -0.022  1.475  0.039
   8 C    6  6.006  0.854  1.121  0.764  0.414  1.361 -0.022  1.475  0.039
   9 C    6  5.995  0.854  1.121  0.765  0.399  1.374 -0.024  1.469  0.039
  10 C    6  5.995  0.854  1.121  0.765  0.399  1.374 -0.024  1.469  0.039
  11 C    6  5.995  0.854  1.121  0.765  0.399  1.374 -0.024  1.469  0.039
  12 C    6  5.995  0.854  1.121  0.765  0.399  1.374 -0.024  1.469  0.039
  13 C    6  5.997  0.854  1.121  0.764  0.399  1.374 -0.024  1.470  0.039
  14 C    6  5.997  0.854  1.121  0.764  0.399  1.374 -0.024  1.470  0.039
  15 C    6  5.997  0.854  1.121  0.764  0.399  1.374 -0.024  1.470  0.039
  16 C    6  5.997  0.854  1.121  0.764  0.399  1.374 -0.024  1.470  0.039
  17 C    6  5.999  0.854  1.121  0.765  0.400  1.374 -0.024  1.471  0.039
  18 C    6  5.999  0.854  1.121  0.765  0.400  1.374 -0.024  1.471  0.039
  19 C    6  5.999  0.854  1.121  0.765  0.400  1.374 -0.024  1.471  0.039
  20 C    6  5.999  0.854  1.121  0.765  0.400  1.374 -0.024  1.471  0.039
  21 C    6  6.002  0.854  1.121  0.768  0.402  1.372 -0.034  1.482  0.039
  22 C    6  6.002  0.854  1.121  0.768  0.402  1.372 -0.034  1.482  0.039
  23 C    6  6.000  0.854  1.121  0.767  0.401  1.371 -0.034  1.480  0.039
  24 C    6  6.000  0.854  1.121  0.767  0.401  1.371 -0.034  1.480  0.039
  25 C    6  5.997  0.854  1.121  0.765  0.398  1.375 -0.025  1.469  0.039
  26 C    6  5.997  0.854  1.121  0.765  0.398  1.375 -0.025  1.469  0.039
  27 C    6  5.999  0.854  1.121  0.765  0.398  1.375 -0.025  1.472  0.039
  28 C    6  5.999  0.854  1.121  0.765  0.398  1.375 -0.025  1.472  0.039
  29 C    6  6.000  0.854  1.121  0.765  0.401  1.373 -0.025  1.472  0.039
  30 C    6  6.000  0.854  1.121  0.765  0.401  1.373 -0.025  1.472  0.039
  31 C    6  5.987  0.854  1.121  0.764  0.399  1.362 -0.018  1.467  0.039
  32 C    6  5.987  0.854  1.121  0.764  0.399  1.362 -0.018  1.467  0.039
  33 C    6  6.006  0.854  1.121  0.765  0.406  1.369 -0.026  1.479  0.039
  34 C    6  6.006  0.854  1.121  0.765  0.406  1.369 -0.026  1.479  0.039
  35 C    6  6.000  0.854  1.121  0.765  0.400  1.375 -0.025  1.472  0.039
  36 C    6  6.000  0.854  1.121  0.765  0.400  1.375 -0.025  1.472  0.039
  37 C    6  5.982  0.854  1.121  0.765  0.399  1.360 -0.017  1.461  0.039
  38 C    6  5.982  0.854  1.121  0.765  0.399  1.360 -0.017  1.461  0.039
  39 C    6  6.007  0.854  1.121  0.765  0.406  1.370 -0.027  1.480  0.039
  40 C    6  6.007  0.854  1.121  0.765  0.406  1.370 -0.027  1.480  0.039

 OVERLAP POPULATION CONDENSED TO ATOMS FOR FIRST   6 NEIGHBORS

 ATOM A   1 C    ATOM B     CELL      R(AB)/AU R(AB)/ANG    OVPOP(AB)
                 23 C    ( -1  0  0)     2.677     1.417     0.413
                  6 C    ( -1  0  0)     2.701     1.429     0.401
                 37 C    (  0  0  0)     2.707     1.433     0.422
                 21 C    ( -1  0  0)     4.543     2.404    -0.019
                 39 C    (  0  0  0)     4.616     2.443    -0.025
                 27 C    ( -1  0  0)     4.636     2.453    -0.022

 ATOM A   5 C    ATOM B     CELL      R(AB)/AU R(AB)/ANG    OVPOP(AB)
                 21 C    ( -1  0  0)     2.678     1.417     0.411
                  2 C    ( -1  0  0)     2.701     1.429     0.401
                 31 C    ( -1  0 -1)     2.705     1.431     0.425
                 23 C    ( -1  0  0)     4.543     2.404    -0.019
                 33 C    ( -1  0 -1)     4.620     2.445    -0.025
                 25 C    ( -1  0  0)     4.634     2.452    -0.021

 ATOM A   9 C    ATOM B     CELL      R(AB)/AU R(AB)/ANG    OVPOP(AB)
                 12 C    (  0  0  0)     2.667     1.411     0.464
                 27 C    ( -1  0  0)     2.668     1.412     0.450
                 39 C    (  0  0  0)     2.694     1.425     0.431
                 28 C    ( -1  0  0)     4.609     2.439    -0.029
                 23 C    ( -1  0  0)     4.623     2.447    -0.030
                 10 C    (  0  0  1)     4.640     2.455    -0.025

 ATOM A  13 C    ATOM B     CELL      R(AB)/AU R(AB)/ANG    OVPOP(AB)
                 25 C    ( -1  0  0)     2.668     1.412     0.449
                 19 C    (  0  0  0)     2.669     1.412     0.462
                 33 C    ( -1  0 -1)     2.692     1.424     0.434
                 21 C    ( -1  0  0)     4.622     2.446    -0.030
                 30 C    ( -1  0  0)     4.627     2.449    -0.029
                 36 C    ( -1  0 -1)     4.637     2.454    -0.029

 ATOM A  17 C    ATOM B     CELL      R(AB)/AU R(AB)/ANG    OVPOP(AB)
                 15 C    (  0  0  0)     2.669     1.412     0.462
                 29 C    (  0  0  0)     2.676     1.416     0.448
                 35 C    (  0  0  0)     2.683     1.420     0.442
                 26 C    (  0  0  0)     4.612     2.441    -0.029
                 36 C    (  0  1  0)     4.628     2.449    -0.029
                 30 C    (  0  1  0)     4.637     2.454    -0.029

 ATOM A  21 C    ATOM B     CELL      R(AB)/AU R(AB)/ANG    OVPOP(AB)
                  5 C    (  1  0  0)     2.678     1.417     0.411
                 25 C    (  0  0  0)     2.680     1.418     0.439
                  1 C    (  1  0  0)     4.543     2.404    -0.019
                 13 C    (  1  0  0)     4.622     2.446    -0.030
                 31 C    (  0  0  0)     4.641     2.456    -0.019
                 23 C    (  0  0  0)     5.232     2.768    -0.015

 ATOM A  23 C    ATOM B     CELL      R(AB)/AU R(AB)/ANG    OVPOP(AB)
                  1 C    (  1  0  0)     2.677     1.417     0.413
                 27 C    (  0  0  0)     2.683     1.420     0.438
                  5 C    (  1  0  0)     4.543     2.404    -0.019
                  9 C    (  1  0  0)     4.623     2.447    -0.030
                 37 C    (  1  0  0)     4.640     2.455    -0.019
                 21 C    (  0  0  0)     5.232     2.768    -0.015

 ATOM A  25 C    ATOM B     CELL      R(AB)/AU R(AB)/ANG    OVPOP(AB)
                 13 C    (  1  0  0)     2.668     1.412     0.449
                 21 C    (  0  0  0)     2.680     1.418     0.439
                 19 C    (  1  0  0)     4.612     2.441    -0.029
                  5 C    (  1  0  0)     4.634     2.452    -0.021
                 33 C    (  0  0  0)     4.641     2.456    -0.026
                 30 C    (  0  0  0)     5.321     2.816    -0.010

 ATOM A  27 C    ATOM B     CELL      R(AB)/AU R(AB)/ANG    OVPOP(AB)
                  9 C    (  1  0  0)     2.668     1.412     0.450
                 23 C    (  0  0  0)     2.683     1.420     0.438
                 11 C    (  0  0  0)     4.609     2.439    -0.029
                  1 C    (  1  0  0)     4.636     2.453    -0.022
                 39 C    (  1  0  0)     4.640     2.455    -0.026
                 28 C    (  0  0  0)     5.297     2.803    -0.011

 ATOM A  29 C    ATOM B     CELL      R(AB)/AU R(AB)/ANG    OVPOP(AB)
                 17 C    (  0  0  0)     2.676     1.416     0.448
                 30 C    (  0  1  0)     2.680     1.418     0.457
                 15 C    (  0  0  0)     4.627     2.449    -0.029
                 19 C    (  1  1  0)     4.637     2.454    -0.029
                 35 C    (  0  0  0)     4.640     2.456    -0.026
                 26 C    (  0  0  0)     5.321     2.816    -0.010

 ATOM A  31 C    ATOM B     CELL      R(AB)/AU R(AB)/ANG    OVPOP(AB)
                 33 C    (  0  0  0)     2.668     1.412     0.453
                  5 C    (  1  0  1)     2.705     1.431     0.425
                 21 C    (  0  0  0)     4.641     2.456    -0.019
                 13 C    (  1  0  1)     4.652     2.462    -0.028
                  1 C    (  1  0  0)     4.809     2.545    -0.024
                 25 C    (  0  0  0)     5.376     2.845    -0.011

 ATOM A  33 C    ATOM B     CELL      R(AB)/AU R(AB)/ANG    OVPOP(AB)
                 31 C    (  0  0  0)     2.668     1.412     0.453
                 13 C    (  1  0  1)     2.692     1.424     0.434
                  5 C    (  1  0  1)     4.620     2.445    -0.025
                 25 C    (  0  0  0)     4.641     2.456    -0.026
                 19 C    (  1  0  1)     4.652     2.462    -0.029
                 21 C    (  0  0  0)     5.336     2.824    -0.009

 ATOM A  35 C    ATOM B     CELL      R(AB)/AU R(AB)/ANG    OVPOP(AB)
                 36 C    (  0  1  0)     2.658     1.407     0.469
                 17 C    (  0  0  0)     2.683     1.420     0.442
                 19 C    (  1  1  1)     4.628     2.449    -0.029
                 15 C    (  0  0  0)     4.637     2.454    -0.029
                 29 C    (  0  0  0)     4.640     2.456    -0.026
                 30 C    (  0  1  0)     5.353     2.833    -0.009

 ATOM A  37 C    ATOM B     CELL      R(AB)/AU R(AB)/ANG    OVPOP(AB)
                 39 C    (  0  0  0)     2.662     1.408     0.457
                  1 C    (  0  0  0)     2.707     1.433     0.422
                 23 C    ( -1  0  0)     4.640     2.455    -0.019
                  9 C    (  0  0  0)     4.650     2.461    -0.028
                  5 C    (  1  0  1)     4.811     2.546    -0.024
                 27 C    ( -1  0  0)     5.376     2.845    -0.011

 ATOM A  39 C    ATOM B     CELL      R(AB)/AU R(AB)/ANG    OVPOP(AB)
                 37 C    (  0  0  0)     2.662     1.408     0.457
                  9 C    (  0  0  0)     2.694     1.425     0.431
                  1 C    (  0  0  0)     4.616     2.443    -0.025
                 27 C    ( -1  0  0)     4.640     2.455    -0.026
                 11 C    (  0  0  1)     4.655     2.463    -0.029
                 23 C    ( -1  0  0)     5.333     2.822    -0.009
 TTTTTTTTTTTTTTTTTTTTTTTTTTTTTT AFTER FIRST TELAPSE     7725.22 TCPU     7619.26
 MMMMMMMMMMMMMMMMMMMMMMMMMMMMMMMMMMMMMMMMMMMMMMMMMMMMMMMMMMMMMMMMMMMMMMMMMMMMMMM
     ALPHA-BETA ELECTRONS
 MULLIKEN POPULATION ANALYSIS - NO. OF ELECTRONS   -0.000000

  ATOM    Z CHARGE  A.O. POPULATION

   1 C    6 -0.000 -0.000  0.000 -0.000 -0.000 -0.000 -0.000 -0.000 -0.000
                    0.000  0.000 -0.000  0.000 -0.000 -0.000 -0.000 -0.000
                   -0.000  0.000
   2 C    6 -0.000 -0.000  0.000 -0.000 -0.000 -0.000 -0.000 -0.000 -0.000
                    0.000  0.000 -0.000  0.000 -0.000 -0.000 -0.000 -0.000
                   -0.000  0.000
   3 C    6 -0.000 -0.000  0.000 -0.000 -0.000 -0.000 -0.000 -0.000 -0.000
                    0.000  0.000 -0.000  0.000 -0.000 -0.000 -0.000 -0.000
                   -0.000  0.000
   4 C    6 -0.000 -0.000  0.000 -0.000 -0.000 -0.000 -0.000 -0.000 -0.000
                    0.000  0.000 -0.000  0.000 -0.000 -0.000 -0.000 -0.000
                   -0.000  0.000
   5 C    6  0.000  0.000 -0.000  0.000 -0.000  0.000 -0.000  0.000  0.000
                   -0.000 -0.000  0.000  0.000 -0.000  0.000  0.000  0.000
                   -0.000 -0.000
   6 C    6  0.000  0.000 -0.000  0.000 -0.000  0.000 -0.000  0.000  0.000
                   -0.000 -0.000  0.000  0.000 -0.000  0.000  0.000  0.000
                   -0.000 -0.000
   7 C    6  0.000  0.000 -0.000  0.000 -0.000  0.000 -0.000  0.000  0.000
                   -0.000 -0.000  0.000  0.000 -0.000  0.000  0.000  0.000
                   -0.000 -0.000
   8 C    6  0.000  0.000 -0.000  0.000 -0.000  0.000 -0.000  0.000  0.000
                   -0.000 -0.000  0.000  0.000 -0.000  0.000  0.000  0.000
                   -0.000 -0.000
   9 C    6  0.000 -0.000 -0.000  0.000  0.000 -0.000  0.000  0.000  0.000
                   -0.000 -0.000  0.000  0.000  0.000 -0.000  0.000 -0.000
                    0.000 -0.000
  10 C    6  0.000 -0.000 -0.000  0.000  0.000 -0.000  0.000  0.000  0.000
                   -0.000 -0.000  0.000  0.000  0.000 -0.000  0.000 -0.000
                    0.000 -0.000
  11 C    6  0.000 -0.000 -0.000  0.000  0.000 -0.000  0.000  0.000  0.000
                   -0.000 -0.000  0.000  0.000  0.000 -0.000  0.000 -0.000
                    0.000 -0.000
  12 C    6  0.000 -0.000 -0.000  0.000  0.000 -0.000  0.000  0.000  0.000
                   -0.000 -0.000  0.000  0.000  0.000 -0.000  0.000 -0.000
                    0.000 -0.000
  13 C    6 -0.000 -0.000  0.000 -0.000 -0.000  0.000  0.000 -0.000 -0.000
                   -0.000 -0.000 -0.000  0.000  0.000  0.000  0.000  0.000
                    0.000  0.000
  14 C    6 -0.000 -0.000  0.000 -0.000 -0.000  0.000  0.000 -0.000 -0.000
                   -0.000 -0.000 -0.000  0.000  0.000  0.000  0.000  0.000
                    0.000  0.000
  15 C    6 -0.000 -0.000  0.000 -0.000 -0.000  0.000  0.000 -0.000 -0.000
                   -0.000 -0.000 -0.000  0.000  0.000  0.000  0.000  0.000
                    0.000  0.000
  16 C    6 -0.000 -0.000  0.000 -0.000 -0.000  0.000  0.000 -0.000 -0.000
                   -0.000 -0.000 -0.000  0.000  0.000  0.000  0.000  0.000
                    0.000  0.000
  17 C    6  0.000 -0.000  0.000 -0.000  0.000 -0.000  0.000  0.000 -0.000
                   -0.000 -0.000  0.000 -0.000  0.000 -0.000  0.000 -0.000
                   -0.000 -0.000
  18 C    6  0.000 -0.000  0.000 -0.000  0.000 -0.000  0.000  0.000 -0.000
                   -0.000 -0.000  0.000 -0.000  0.000 -0.000  0.000 -0.000
                   -0.000 -0.000
  19 C    6  0.000 -0.000  0.000 -0.000  0.000 -0.000  0.000  0.000 -0.000
                   -0.000 -0.000  0.000 -0.000  0.000 -0.000  0.000 -0.000
                   -0.000 -0.000
  20 C    6  0.000 -0.000  0.000 -0.000  0.000 -0.000  0.000  0.000 -0.000
                   -0.000 -0.000  0.000 -0.000  0.000 -0.000  0.000 -0.000
                   -0.000 -0.000
  21 C    6 -0.000 -0.000 -0.000 -0.000  0.000 -0.000  0.000  0.000  0.000
                    0.000  0.000 -0.000 -0.000 -0.000 -0.000  0.000 -0.000
                   -0.000 -0.000
  22 C    6 -0.000 -0.000 -0.000 -0.000  0.000 -0.000  0.000  0.000  0.000
                    0.000  0.000 -0.000 -0.000 -0.000 -0.000  0.000 -0.000
                   -0.000 -0.000
  23 C    6  0.000 -0.000  0.000 -0.000  0.000 -0.000 -0.000  0.000  0.000
                    0.000 -0.000 -0.000 -0.000  0.000 -0.000  0.000  0.000
                    0.000 -0.000
  24 C    6  0.000 -0.000  0.000 -0.000  0.000 -0.000 -0.000  0.000  0.000
                    0.000 -0.000 -0.000 -0.000  0.000 -0.000  0.000  0.000
                    0.000 -0.000
  25 C    6 -0.000 -0.000 -0.000  0.000 -0.000 -0.000  0.000 -0.000  0.000
                   -0.000 -0.000 -0.000  0.000  0.000 -0.000  0.000 -0.000
                   -0.000 -0.000
  26 C    6 -0.000 -0.000 -0.000  0.000 -0.000 -0.000  0.000 -0.000  0.000
                   -0.000 -0.000 -0.000  0.000  0.000 -0.000  0.000 -0.000
                   -0.000 -0.000
  27 C    6 -0.000  0.000 -0.000  0.000 -0.000  0.000  0.000 -0.000  0.000
                   -0.000  0.000 -0.000  0.000 -0.000 -0.000  0.000  0.000
                    0.000  0.000
  28 C    6 -0.000  0.000 -0.000  0.000 -0.000  0.000  0.000 -0.000  0.000
                   -0.000  0.000 -0.000  0.000 -0.000 -0.000  0.000  0.000
                    0.000  0.000
  29 C    6 -0.000  0.000 -0.000 -0.000 -0.000  0.000  0.000 -0.000 -0.000
                   -0.000 -0.000  0.000  0.000  0.000  0.000  0.000  0.000
                   -0.000 -0.000
  30 C    6 -0.000  0.000 -0.000 -0.000 -0.000  0.000  0.000 -0.000 -0.000
                   -0.000 -0.000  0.000  0.000  0.000  0.000  0.000  0.000
                   -0.000 -0.000
  31 C    6  0.000 -0.000 -0.000  0.000 -0.000  0.000 -0.000  0.000 -0.000
                   -0.000  0.000  0.000 -0.000  0.000  0.000  0.000  0.000
                   -0.000 -0.000
  32 C    6  0.000 -0.000 -0.000  0.000 -0.000  0.000 -0.000  0.000 -0.000
                   -0.000  0.000  0.000 -0.000  0.000  0.000  0.000  0.000
                   -0.000 -0.000
  33 C    6  0.000 -0.000 -0.000  0.000  0.000  0.000 -0.000  0.000  0.000
                   -0.000 -0.000 -0.000  0.000  0.000 -0.000 -0.000  0.000
                    0.000  0.000
  34 C    6  0.000 -0.000 -0.000  0.000  0.000  0.000 -0.000  0.000  0.000
                   -0.000 -0.000 -0.000  0.000  0.000 -0.000 -0.000  0.000
                    0.000  0.000
  35 C    6 -0.000  0.000  0.000 -0.000 -0.000  0.000 -0.000 -0.000 -0.000
                   -0.000 -0.000 -0.000 -0.000  0.000  0.000 -0.000 -0.000
                   -0.000  0.000
  36 C    6 -0.000  0.000  0.000 -0.000 -0.000  0.000 -0.000 -0.000 -0.000
                   -0.000 -0.000 -0.000 -0.000  0.000  0.000 -0.000 -0.000
                   -0.000  0.000
  37 C    6 -0.000  0.000 -0.000  0.000 -0.000  0.000  0.000  0.000  0.000
                   -0.000 -0.000 -0.000  0.000  0.000 -0.000 -0.000  0.000
                    0.000 -0.000
  38 C    6 -0.000  0.000 -0.000  0.000 -0.000  0.000  0.000  0.000  0.000
                   -0.000 -0.000 -0.000  0.000  0.000 -0.000 -0.000  0.000
                    0.000 -0.000
  39 C    6 -0.000 -0.000 -0.000  0.000 -0.000 -0.000  0.000  0.000  0.000
                    0.000  0.000 -0.000 -0.000 -0.000  0.000  0.000 -0.000
                    0.000  0.000
  40 C    6 -0.000 -0.000 -0.000  0.000 -0.000 -0.000  0.000  0.000  0.000
                    0.000  0.000 -0.000 -0.000 -0.000  0.000  0.000 -0.000
                    0.000  0.000

  ATOM    Z CHARGE  SHELL POPULATION

   1 C    6 -0.000 -0.000  0.000 -0.000 -0.000 -0.000  0.000 -0.000 -0.000
   2 C    6 -0.000 -0.000  0.000 -0.000 -0.000 -0.000  0.000 -0.000 -0.000
   3 C    6 -0.000 -0.000  0.000 -0.000 -0.000 -0.000  0.000 -0.000 -0.000
   4 C    6 -0.000 -0.000  0.000 -0.000 -0.000 -0.000  0.000 -0.000 -0.000
   5 C    6  0.000  0.000 -0.000  0.000 -0.000  0.000 -0.000  0.000  0.000
   6 C    6  0.000  0.000 -0.000  0.000 -0.000  0.000 -0.000  0.000  0.000
   7 C    6  0.000  0.000 -0.000  0.000 -0.000  0.000 -0.000  0.000  0.000
   8 C    6  0.000  0.000 -0.000  0.000 -0.000  0.000 -0.000  0.000  0.000
   9 C    6  0.000 -0.000 -0.000  0.000  0.000  0.000 -0.000  0.000 -0.000
  10 C    6  0.000 -0.000 -0.000  0.000  0.000  0.000 -0.000  0.000 -0.000
  11 C    6  0.000 -0.000 -0.000  0.000  0.000  0.000 -0.000  0.000 -0.000
  12 C    6  0.000 -0.000 -0.000  0.000  0.000  0.000 -0.000  0.000 -0.000
  13 C    6 -0.000 -0.000  0.000 -0.000 -0.000  0.000 -0.000  0.000  0.000
  14 C    6 -0.000 -0.000  0.000 -0.000 -0.000  0.000 -0.000  0.000  0.000
  15 C    6 -0.000 -0.000  0.000 -0.000 -0.000  0.000 -0.000  0.000  0.000
  16 C    6 -0.000 -0.000  0.000 -0.000 -0.000  0.000 -0.000  0.000  0.000
  17 C    6  0.000 -0.000  0.000 -0.000  0.000  0.000 -0.000  0.000 -0.000
  18 C    6  0.000 -0.000  0.000 -0.000  0.000  0.000 -0.000  0.000 -0.000
  19 C    6  0.000 -0.000  0.000 -0.000  0.000  0.000 -0.000  0.000 -0.000
  20 C    6  0.000 -0.000  0.000 -0.000  0.000  0.000 -0.000  0.000 -0.000
  21 C    6 -0.000 -0.000 -0.000 -0.000  0.000 -0.000  0.000 -0.000 -0.000
  22 C    6 -0.000 -0.000 -0.000 -0.000  0.000 -0.000  0.000 -0.000 -0.000
  23 C    6  0.000 -0.000  0.000 -0.000  0.000  0.000  0.000 -0.000 -0.000
  24 C    6  0.000 -0.000  0.000 -0.000  0.000  0.000  0.000 -0.000 -0.000
  25 C    6 -0.000 -0.000 -0.000  0.000 -0.000 -0.000 -0.000  0.000 -0.000
  26 C    6 -0.000 -0.000 -0.000  0.000 -0.000 -0.000 -0.000  0.000 -0.000
  27 C    6 -0.000  0.000 -0.000  0.000 -0.000  0.000  0.000 -0.000  0.000
  28 C    6 -0.000  0.000 -0.000  0.000 -0.000  0.000  0.000 -0.000  0.000
  29 C    6 -0.000  0.000 -0.000 -0.000 -0.000  0.000 -0.000  0.000  0.000
  30 C    6 -0.000  0.000 -0.000 -0.000 -0.000  0.000 -0.000  0.000  0.000
  31 C    6  0.000 -0.000 -0.000  0.000 -0.000  0.000 -0.000  0.000  0.000
  32 C    6  0.000 -0.000 -0.000  0.000 -0.000  0.000 -0.000  0.000  0.000
  33 C    6  0.000 -0.000 -0.000  0.000  0.000  0.000 -0.000  0.000  0.000
  34 C    6  0.000 -0.000 -0.000  0.000  0.000  0.000 -0.000  0.000  0.000
  35 C    6 -0.000  0.000  0.000 -0.000 -0.000  0.000 -0.000 -0.000  0.000
  36 C    6 -0.000  0.000  0.000 -0.000 -0.000  0.000 -0.000 -0.000  0.000
  37 C    6 -0.000  0.000 -0.000  0.000 -0.000  0.000  0.000  0.000 -0.000
  38 C    6 -0.000  0.000 -0.000  0.000 -0.000  0.000  0.000  0.000 -0.000
  39 C    6 -0.000 -0.000 -0.000  0.000 -0.000  0.000  0.000 -0.000  0.000
  40 C    6 -0.000 -0.000 -0.000  0.000 -0.000  0.000  0.000 -0.000  0.000

 OVERLAP POPULATION CONDENSED TO ATOMS FOR FIRST   6 NEIGHBORS

 ATOM A   1 C    ATOM B     CELL      R(AB)/AU R(AB)/ANG    OVPOP(AB)
                 23 C    ( -1  0  0)     2.677     1.417    -0.000
                  6 C    ( -1  0  0)     2.701     1.429     0.000
                 37 C    (  0  0  0)     2.707     1.433    -0.000
                 21 C    ( -1  0  0)     4.543     2.404     0.000
                 39 C    (  0  0  0)     4.616     2.443     0.000
                 27 C    ( -1  0  0)     4.636     2.453    -0.000

 ATOM A   5 C    ATOM B     CELL      R(AB)/AU R(AB)/ANG    OVPOP(AB)
                 21 C    ( -1  0  0)     2.678     1.417     0.000
                  2 C    ( -1  0  0)     2.701     1.429     0.000
                 31 C    ( -1  0 -1)     2.705     1.431    -0.000
                 23 C    ( -1  0  0)     4.543     2.404    -0.000
                 33 C    ( -1  0 -1)     4.620     2.445    -0.000
                 25 C    ( -1  0  0)     4.634     2.452    -0.000

 ATOM A   9 C    ATOM B     CELL      R(AB)/AU R(AB)/ANG    OVPOP(AB)
                 12 C    (  0  0  0)     2.667     1.411     0.000
                 27 C    ( -1  0  0)     2.668     1.412     0.000
                 39 C    (  0  0  0)     2.694     1.425    -0.000
                 28 C    ( -1  0  0)     4.609     2.439    -0.000
                 23 C    ( -1  0  0)     4.623     2.447     0.000
                 10 C    (  0  0  1)     4.640     2.455     0.000

 ATOM A  13 C    ATOM B     CELL      R(AB)/AU R(AB)/ANG    OVPOP(AB)
                 25 C    ( -1  0  0)     2.668     1.412     0.000
                 19 C    (  0  0  0)     2.669     1.412    -0.000
                 33 C    ( -1  0 -1)     2.692     1.424    -0.000
                 21 C    ( -1  0  0)     4.622     2.446    -0.000
                 30 C    ( -1  0  0)     4.627     2.449    -0.000
                 36 C    ( -1  0 -1)     4.637     2.454     0.000

 ATOM A  17 C    ATOM B     CELL      R(AB)/AU R(AB)/ANG    OVPOP(AB)
                 15 C    (  0  0  0)     2.669     1.412    -0.000
                 29 C    (  0  0  0)     2.676     1.416     0.000
                 35 C    (  0  0  0)     2.683     1.420     0.000
                 26 C    (  0  0  0)     4.612     2.441    -0.000
                 36 C    (  0  1  0)     4.628     2.449    -0.000
                 30 C    (  0  1  0)     4.637     2.454    -0.000

 ATOM A  21 C    ATOM B     CELL      R(AB)/AU R(AB)/ANG    OVPOP(AB)
                  5 C    (  1  0  0)     2.678     1.417     0.000
                 25 C    (  0  0  0)     2.680     1.418    -0.000
                  1 C    (  1  0  0)     4.543     2.404     0.000
                 13 C    (  1  0  0)     4.622     2.446    -0.000
                 31 C    (  0  0  0)     4.641     2.456     0.000
                 23 C    (  0  0  0)     5.232     2.768    -0.000

 ATOM A  23 C    ATOM B     CELL      R(AB)/AU R(AB)/ANG    OVPOP(AB)
                  1 C    (  1  0  0)     2.677     1.417    -0.000
                 27 C    (  0  0  0)     2.683     1.420     0.000
                  5 C    (  1  0  0)     4.543     2.404    -0.000
                  9 C    (  1  0  0)     4.623     2.447     0.000
                 37 C    (  1  0  0)     4.640     2.455    -0.000
                 21 C    (  0  0  0)     5.232     2.768    -0.000

 ATOM A  25 C    ATOM B     CELL      R(AB)/AU R(AB)/ANG    OVPOP(AB)
                 13 C    (  1  0  0)     2.668     1.412     0.000
                 21 C    (  0  0  0)     2.680     1.418    -0.000
                 19 C    (  1  0  0)     4.612     2.441    -0.000
                  5 C    (  1  0  0)     4.634     2.452    -0.000
                 33 C    (  0  0  0)     4.641     2.456    -0.000
                 30 C    (  0  0  0)     5.321     2.816     0.000

 ATOM A  27 C    ATOM B     CELL      R(AB)/AU R(AB)/ANG    OVPOP(AB)
                  9 C    (  1  0  0)     2.668     1.412     0.000
                 23 C    (  0  0  0)     2.683     1.420     0.000
                 11 C    (  0  0  0)     4.609     2.439    -0.000
                  1 C    (  1  0  0)     4.636     2.453    -0.000
                 39 C    (  1  0  0)     4.640     2.455     0.000
                 28 C    (  0  0  0)     5.297     2.803    -0.000

 ATOM A  29 C    ATOM B     CELL      R(AB)/AU R(AB)/ANG    OVPOP(AB)
                 17 C    (  0  0  0)     2.676     1.416     0.000
                 30 C    (  0  1  0)     2.680     1.418     0.000
                 15 C    (  0  0  0)     4.627     2.449    -0.000
                 19 C    (  1  1  0)     4.637     2.454    -0.000
                 35 C    (  0  0  0)     4.640     2.456     0.000
                 26 C    (  0  0  0)     5.321     2.816     0.000

 ATOM A  31 C    ATOM B     CELL      R(AB)/AU R(AB)/ANG    OVPOP(AB)
                 33 C    (  0  0  0)     2.668     1.412     0.000
                  5 C    (  1  0  1)     2.705     1.431    -0.000
                 21 C    (  0  0  0)     4.641     2.456     0.000
                 13 C    (  1  0  1)     4.652     2.462     0.000
                  1 C    (  1  0  0)     4.809     2.545    -0.000
                 25 C    (  0  0  0)     5.376     2.845    -0.000

 ATOM A  33 C    ATOM B     CELL      R(AB)/AU R(AB)/ANG    OVPOP(AB)
                 31 C    (  0  0  0)     2.668     1.412     0.000
                 13 C    (  1  0  1)     2.692     1.424    -0.000
                  5 C    (  1  0  1)     4.620     2.445    -0.000
                 25 C    (  0  0  0)     4.641     2.456    -0.000
                 19 C    (  1  0  1)     4.652     2.462     0.000
                 21 C    (  0  0  0)     5.336     2.824     0.000

 ATOM A  35 C    ATOM B     CELL      R(AB)/AU R(AB)/ANG    OVPOP(AB)
                 36 C    (  0  1  0)     2.658     1.407     0.000
                 17 C    (  0  0  0)     2.683     1.420     0.000
                 19 C    (  1  1  1)     4.628     2.449    -0.000
                 15 C    (  0  0  0)     4.637     2.454     0.000
                 29 C    (  0  0  0)     4.640     2.456     0.000
                 30 C    (  0  1  0)     5.353     2.833    -0.000

 ATOM A  37 C    ATOM B     CELL      R(AB)/AU R(AB)/ANG    OVPOP(AB)
                 39 C    (  0  0  0)     2.662     1.408    -0.000
                  1 C    (  0  0  0)     2.707     1.433    -0.000
                 23 C    ( -1  0  0)     4.640     2.455    -0.000
                  9 C    (  0  0  0)     4.650     2.461     0.000
                  5 C    (  1  0  1)     4.811     2.546     0.000
                 27 C    ( -1  0  0)     5.376     2.845     0.000

 ATOM A  39 C    ATOM B     CELL      R(AB)/AU R(AB)/ANG    OVPOP(AB)
                 37 C    (  0  0  0)     2.662     1.408    -0.000
                  9 C    (  0  0  0)     2.694     1.425    -0.000
                  1 C    (  0  0  0)     4.616     2.443     0.000
                 27 C    ( -1  0  0)     4.640     2.455     0.000
                 11 C    (  0  0  1)     4.655     2.463    -0.000
                 23 C    ( -1  0  0)     5.333     2.822    -0.000
 EIGENVECTORS IN FORTRAN UNIT 10
 TTTTTTTTTTTTTTTTTTTTTTTTTTTTTT END         TELAPSE     7726.76 TCPU     7620.64
 EEEEEEEEEE TERMINATION  DATE 30 01 2026 TIME 23:38:04.7
NODE    0 CPU TIME =      7620.640
NODE    1 CPU TIME =      7638.657
NODE    2 CPU TIME =      7640.935
NODE    3 CPU TIME =      7628.831
NODE    4 CPU TIME =      7639.634
NODE    5 CPU TIME =      7612.155
NODE    6 CPU TIME =      7618.144
NODE    7 CPU TIME =      7597.364
NODE    8 CPU TIME =      7629.389
NODE    9 CPU TIME =      7638.323
NODE   10 CPU TIME =      7629.226
NODE   11 CPU TIME =      7617.164
NODE   12 CPU TIME =      7616.881
NODE   13 CPU TIME =      7631.959
NODE   14 CPU TIME =      7644.760
NODE   15 CPU TIME =      7630.054
NODE   16 CPU TIME =      7637.525
NODE   17 CPU TIME =      7652.778
NODE   18 CPU TIME =      7641.816
NODE   19 CPU TIME =      7621.346
NODE   20 CPU TIME =      7644.528
NODE   21 CPU TIME =      7634.576
NODE   22 CPU TIME =      7634.366
NODE   23 CPU TIME =      7623.761
NODE   24 CPU TIME =      7648.713
NODE   25 CPU TIME =      7643.671
NODE   26 CPU TIME =      7618.593
NODE   27 CPU TIME =      7631.950
NODE   28 CPU TIME =      7630.185
NODE   29 CPU TIME =      7653.156
NODE   30 CPU TIME =      7636.601
NODE   31 CPU TIME =      7617.937
    TOTAL CPU TIME =    244205.617
