MPI startup(): Warning: I_MPI_PMI_LIBRARY will be ignored since the hydra process manager was found
MPI startup(): Warning: I_MPI_PMI_LIBRARY will be ignored since the hydra process manager was found
MPI startup(): Warning: I_MPI_PMI_LIBRARY will be ignored since the hydra process manager was found
MPI startup(): Warning: I_MPI_PMI_LIBRARY will be ignored since the hydra process manager was found
MPI startup(): Warning: I_MPI_PMI_LIBRARY will be ignored since the hydra process manager was found
MPI startup(): Warning: I_MPI_PMI_LIBRARY will be ignored since the hydra process manager was found
MPI startup(): Warning: I_MPI_PMI_LIBRARY will be ignored since the hydra process manager was found
MPI startup(): Warning: I_MPI_PMI_LIBRARY will be ignored since the hydra process manager was found
MPI startup(): Warning: I_MPI_PMI_LIBRARY will be ignored since the hydra process manager was found
MPI startup(): Warning: I_MPI_PMI_LIBRARY will be ignored since the hydra process manager was found
MPI startup(): Warning: I_MPI_PMI_LIBRARY will be ignored since the hydra process manager was found
MPI startup(): Warning: I_MPI_PMI_LIBRARY will be ignored since the hydra process manager was found
MPI startup(): Warning: I_MPI_PMI_LIBRARY will be ignored since the hydra process manager was found
MPI startup(): Warning: I_MPI_PMI_LIBRARY will be ignored since the hydra process manager was found
MPI startup(): Warning: I_MPI_PMI_LIBRARY will be ignored since the hydra process manager was found
MPI startup(): Warning: I_MPI_PMI_LIBRARY will be ignored since the hydra process manager was found
MPI startup(): Warning: I_MPI_PMI_LIBRARY will be ignored since the hydra process manager was found
MPI startup(): Warning: I_MPI_PMI_LIBRARY will be ignored since the hydra process manager was found
MPI startup(): Warning: I_MPI_PMI_LIBRARY will be ignored since the hydra process manager was found
MPI startup(): Warning: I_MPI_PMI_LIBRARY will be ignored since the hydra process manager was found
MPI startup(): Warning: I_MPI_PMI_LIBRARY will be ignored since the hydra process manager was found
MPI startup(): Warning: I_MPI_PMI_LIBRARY will be ignored since the hydra process manager was found
MPI startup(): Warning: I_MPI_PMI_LIBRARY will be ignored since the hydra process manager was found
MPI startup(): Warning: I_MPI_PMI_LIBRARY will be ignored since the hydra process manager was found
MPI startup(): Warning: I_MPI_PMI_LIBRARY will be ignored since the hydra process manager was found
MPI startup(): Warning: I_MPI_PMI_LIBRARY will be ignored since the hydra process manager was found
MPI startup(): Warning: I_MPI_PMI_LIBRARY will be ignored since the hydra process manager was found
MPI startup(): Warning: I_MPI_PMI_LIBRARY will be ignored since the hydra process manager was found
MPI startup(): Warning: I_MPI_PMI_LIBRARY will be ignored since the hydra process manager was found
MPI startup(): Warning: I_MPI_PMI_LIBRARY will be ignored since the hydra process manager was found
MPI startup(): Warning: I_MPI_PMI_LIBRARY will be ignored since the hydra process manager was found
MPI startup(): Warning: I_MPI_PMI_LIBRARY will be ignored since the hydra process manager was found
 PROCESS           11  OF           32  WORKING
 PROCESS           30  OF           32  WORKING
 PROCESS           18  OF           32  WORKING
 PROCESS           23  OF           32  WORKING
 PROCESS            1  OF           32  WORKING
 PROCESS            2  OF           32  WORKING
 PROCESS           16  OF           32  WORKING
 PROCESS           24  OF           32  WORKING
 PROCESS           25  OF           32  WORKING
 PROCESS           26  OF           32  WORKING
 PROCESS           27  OF           32  WORKING
 PROCESS           28  OF           32  WORKING
 PROCESS            8  OF           32  WORKING
 PROCESS           12  OF           32  WORKING
 PROCESS           13  OF           32  WORKING
 PROCESS           31  OF           32  WORKING
 PROCESS           17  OF           32  WORKING
 PROCESS           22  OF           32  WORKING
 PROCESS           29  OF           32  WORKING
 PROCESS           21  OF           32  WORKING
 PROCESS            7  OF           32  WORKING
 PROCESS           14  OF           32  WORKING
 PROCESS           15  OF           32  WORKING
 PROCESS            3  OF           32  WORKING
 PROCESS           10  OF           32  WORKING
 PROCESS            6  OF           32  WORKING
 PROCESS            4  OF           32  WORKING
 PROCESS            5  OF           32  WORKING
 PROCESS           19  OF           32  WORKING
 PROCESS           20  OF           32  WORKING
 PROCESS            0  OF           32  WORKING

         
 *******************************************************************************
 *                                                                             *
 *                               CRYSTAL23                                     *
 *                      public : 1.0.1 - October 2022                          *
 *                       HTTP://WWW.CRYSTAL.UNITO.IT                           *
 *                                                                             *
 *                              MAIN AUTHORS                                   *
 *                                                                             *
 *  R. DOVESI(1,11), V.R. SAUNDERS(2), C. ROETTI(1,11), R. ORLANDO(1,11),      *
 *  C.M. ZICOVICH-WILSON(1,3), F. PASCALE(4), B. CIVALLERI(1,11),              *
 *  K. DOLL(5), N.M. HARRISON(6), I.J. BUSH(7), Ph. D'ARCO(8),                 *
 *  M. LLUNELL(9), M. CAUSA'(10), Y. NOEL(8), L. MASCHIO(1,11), A. ERBA(1,11)  *
 *  M. RE'RAT(14), S. CASASSA(1,11), B.G. SEARLE(2), J.K. DESMARAIS(1)         *
 *                                                                             *
 *        CONTRIBUTIONS TO THE CODE HAVE ALSO BEEN GIVEN BY                    *
 *                                                                             *
 *  M. FERRABONE(1,11), M. DE LA PIERRE(1,11), M. FERRERO(1,11),               *
 *  J. BAIMA(1,11), E. ALBANESE(1,11), M.F. PEINTINGER(12), R. BAST(13),       *
 *  B. KIRTMAN(15), V. LACIVITA(1,11), R. DEMICHELIS(1,16)                     *
 *  G. BRANDEBURG(17), S. SALUSTRO(1,11), G. SANSONE(1,11)                     *
 *  M.T. RUGGIERO(18), L.E. DAGA(1), L. DONA'(1), A. COSSARD(1)                *
 *                                                                             *
 * (1) THEORETICAL CHEMISTRY GROUP - UNIVERSITA' DI TORINO - TORINO (ITALY)    *
 * (2) SCIENTIFIC COMPUTING DEPARTMENT - STFC DARESBURY (UK)                   *
 * (3) UNIVERSIDAD AUTONOMA DEL ESTADO DE MORELOS - CUERNAVACA (MEXICO)        *
 * (4) UNIVERSITE' DE LORRAINE - NANCY (FRANCE)                                *
 * (5) UNIVERSITAET STUTTGART- STUTTGART (GERMANY)                             *
 * (6) IMPERIAL COLLEGE - LONDON (UK)                                          *
 * (7) SCIENTIFIC COMPUTING DEPARTMENT - STFC RAL (UK)                         *
 * (8) UPMC - SORBONNE UNIVERSITES - PARIS (FRANCE)                            *
 * (9) UNIVERSIDAD DE BARCELONA - BARCELONA (SPAIN)                            *
 *(10) UNIVERSITA' DI NAPOLI "FEDERICO II" - NAPOLI (ITALY)                    *
 *(11) NIS - NANOSTRUCTURED INTERFACES AND SURFACES - TORINO (ITALY)           *
 *(12) MPI FUER CHEMISCHE ENERGIEKONVERSION - MUELHEIM AN DER RUHR (GERMANY)   *
 *(13) UNIVERSITY OF TROMSO - TROMSO (NORWAY)                                  *
 *(14) UNIVERSITE' DE PAU ET DES PAYS DE L'ADOUR - PAU (FRANCE)                *
 *(15) UNIVERSITY OF CALIFORNIA SANTA BARBARA - SANTA BARBARA (USA)            *
 *(16) CURTIN UNIVERSITY - PERTH (AUSTRALIA)                                   *
 *(17) UNIVERSITY COLLEGE LONDON - LONDON (UK)                                 *
 *(18) UNIVERSITY OF VERMONT - BURLINGTON (USA)                                *
 *                                                                             *
 *******************************************************************************
 EEEEEEEEEE STARTING  DATE 30 01 2026 TIME 23:11:44.5
 ./3^16,4^3T1-CA_rev1_sp_B3LYP-D3-D3_optimized                                   
 PROCESS            9  OF           32  WORKING

 CRYSTAL CALCULATION
 (INPUT ACCORDING TO THE INTERNATIONAL TABLES FOR X-RAY CRYSTALLOGRAPHY)
 CRYSTAL FAMILY                       :  MONOCLINIC  
 CRYSTAL CLASS  (GROTH - 1921)        :  MONOCLINIC DOMATIC                   

 SPACE GROUP (NONCENTROSYMMETRIC)     :  C C             

 LATTICE PARAMETERS  (ANGSTROMS AND DEGREES) - CONVENTIONAL CELL
        A           B           C        ALPHA        BETA       GAMMA
     9.94390     9.05915     6.56755    90.00000   100.03551    90.00000


 NUMBER OF IRREDUCIBLE ATOMS IN THE CONVENTIONAL CELL:   19

 INPUT COORDINATES

 ATOM AT. N.              COORDINATES
   1   6    -3.334070640823E-01 -1.681162985836E-01 -3.877494386178E-01
   2   6    -8.443120532436E-02 -5.334320036805E-02  2.201379811050E-01
   3   6     3.194858936462E-01 -3.269303784765E-02  8.002289956256E-02
   4   6    -2.100973344345E-01 -2.491826742346E-01 -1.134713171845E-02
   5   6    -3.300506774478E-01 -2.294423301300E-02 -2.843324967846E-01
   6   6    -4.697812231792E-02 -1.819747722253E-01  3.565662552535E-01
   7   6     2.165460633043E-01 -3.673013549284E-02 -1.091355629333E-01
   8   6     1.198145151489E-01 -2.959737851366E-01 -9.402433942555E-02
   9   6    -4.322138154196E-02 -3.678751322089E-01 -4.374675872675E-01
  10   6    -5.901736581656E-03 -8.863036111967E-02 -2.884646498901E-01
  11   6    -1.929688062242E-01  1.518898549332E-02  3.365815924094E-01
  12   6     2.359879667192E-01 -7.601180187135E-02  2.382129894681E-01
  13   6    -6.399174446528E-02  3.335934323147E-01 -1.922292625388E-01
  14   6     8.301837173847E-02  4.074428357320E-01  2.251389190110E-01
  15   6     1.105162842547E-01  1.361461746662E-01  3.519735795651E-01
  16   6    -4.586181622853E-02  1.960373094225E-01  6.069921828700E-02
  17   6    -1.579019563794E-01 -1.077513110898E-01  1.361604216672E-02
  18   6     3.551151527077E-01  1.289133211623E-01  1.251701095887E-01
  19   6     2.161175975084E-01  2.215606229271E-01 -2.244291172410E-01

 *******************************************************************************

 << INFORMATION >>: FROM NOW ON, ALL COORDINATES REFER TO THE PRIMITIVE CELL

 *******************************************************************************

 LATTICE PARAMETERS  (ANGSTROMS AND DEGREES) - PRIMITIVE CELL
       A          B          C        ALPHA      BETA     GAMMA        VOLUME
    6.72587    6.72587    6.56755    82.59879  97.40121  95.33129    291.287069

 COORDINATES OF THE EQUIVALENT ATOMS (FRACTIONAL UNITS)

 N. ATOM EQUIV AT. N.          X                  Y                  Z

   1   1   1    6 C     4.98476637334E-01  1.65290765499E-01 -3.87749438618E-01
   2   1   2    6 C    -1.65290765499E-01 -4.98476637334E-01  1.12250561382E-01

   3   2   1    6 C    -1.37774405692E-01  3.10880049563E-02  2.20137981105E-01
   4   2   2    6 C    -3.10880049563E-02  1.37774405692E-01 -2.79862018895E-01

   5   3   1    6 C     2.86792855799E-01 -3.52178931494E-01  8.00228995626E-02
   6   3   2    6 C     3.52178931494E-01 -2.86792855799E-01 -4.19977100437E-01

   7   4   1    6 C    -4.59280008669E-01 -3.90853398001E-02 -1.13471317185E-02
   8   4   2    6 C     3.90853398001E-02  4.59280008669E-01  4.88652868282E-01

   9   5   1    6 C    -3.52994910461E-01  3.07106444435E-01 -2.84332496785E-01
  10   5   2    6 C    -3.07106444435E-01  3.52994910461E-01  2.15667503215E-01

  11   6   1    6 C    -2.28952894543E-01 -1.34996649907E-01  3.56566255253E-01
  12   6   2    6 C     1.34996649907E-01  2.28952894543E-01 -1.43433744746E-01

  13   7   1    6 C     1.79815927811E-01 -2.53276198797E-01 -1.09135562933E-01
  14   7   2    6 C     2.53276198797E-01 -1.79815927811E-01  3.90864437067E-01

  15   8   1    6 C    -1.76159269988E-01 -4.15788300286E-01 -9.40243394255E-02
  16   8   2    6 C     4.15788300286E-01  1.76159269988E-01  4.05975660574E-01

  17   9   1    6 C    -4.11096513751E-01 -3.24653750667E-01 -4.37467587268E-01
  18   9   2    6 C     3.24653750667E-01  4.11096513751E-01  6.25324127325E-02

  19  10   1    6 C    -9.45320977013E-02 -8.27286245380E-02 -2.88464649890E-01
  20  10   2    6 C     8.27286245380E-02  9.45320977013E-02  2.11535350110E-01

  21  11   1    6 C    -1.77779820731E-01  2.08157791718E-01  3.36581592409E-01
  22  11   2    6 C    -2.08157791718E-01  1.77779820731E-01 -1.63418407591E-01

  23  12   1    6 C     1.59976164848E-01 -3.11999768591E-01  2.38212989468E-01
  24  12   2    6 C     3.11999768591E-01 -1.59976164848E-01 -2.61787010532E-01

  25  13   1    6 C     2.69601687849E-01  3.97585176780E-01 -1.92229262539E-01
  26  13   2    6 C    -3.97585176780E-01 -2.69601687849E-01  3.07770737461E-01

  27  14   1    6 C     4.90461207470E-01  3.24424463994E-01  2.25138919011E-01
  28  14   2    6 C    -3.24424463994E-01 -4.90461207470E-01 -2.74861080989E-01

  29  15   1    6 C     2.46662458921E-01  2.56298904115E-02  3.51973579565E-01
  30  15   2    6 C    -2.56298904115E-02 -2.46662458921E-01 -1.48026420435E-01

  31  16   1    6 C     1.50175493194E-01  2.41899125651E-01  6.06992182870E-02
  32  16   2    6 C    -2.41899125651E-01 -1.50175493194E-01 -4.39300781713E-01

  33  17   1    6 C    -2.65653267469E-01  5.01506452896E-02  1.36160421667E-02
  34  17   2    6 C    -5.01506452896E-02  2.65653267469E-01 -4.86383957833E-01

  35  18   1    6 C     4.84028473870E-01 -2.26201831545E-01  1.25170109589E-01
  36  18   2    6 C     2.26201831545E-01 -4.84028473870E-01 -3.74829890411E-01

  37  19   1    6 C     4.37678220435E-01  5.44302541870E-03 -2.24429117241E-01
  38  19   2    6 C    -5.44302541870E-03 -4.37678220435E-01  2.75570882759E-01

 NUMBER OF SYMMETRY OPERATORS         :    2
 *******************************************************************************
 * GEOMETRY EDITING - INPUT COORDINATES ARE GIVEN IN ANGSTROM         
 *******************************************************************************

 GEOMETRY NOW FULLY CONSISTENT WITH THE GROUP

 GCALCO - MAX INDICES DIRECT LATTICE VECTOR    14    14    15
 NO.OF VECTORS CREATED 6999 STARS 1830 RMAX   148.63814 BOHR

 GEOMETRY FOR WAVE FUNCTION - DIMENSIONALITY OF THE SYSTEM    3
 (NON PERIODIC DIRECTION: LATTICE PARAMETER FORMALLY SET TO 500)
 *******************************************************************************
 LATTICE PARAMETERS (ANGSTROMS AND DEGREES) - BOHR = 0.5291772083 ANGSTROM
 PRIMITIVE CELL - CENTRING CODE 4/0 VOLUME=   291.287069 - DENSITY  2.600 g/cm^3
         A              B              C           ALPHA      BETA       GAMMA 
     6.72587020     6.72587020     6.56754578    82.598786  97.401214  95.331286
 *******************************************************************************
 ATOMS IN THE ASYMMETRIC UNIT   19 - ATOMS IN THE UNIT CELL:   38
     ATOM                 X/A                 Y/B                 Z/C    
 *******************************************************************************
      1 T   6 C     4.984766373341E-01  1.652907654987E-01 -3.877494386178E-01
      2 F   6 C    -1.652907654987E-01 -4.984766373341E-01  1.122505613822E-01
      3 T   6 C    -1.377744056924E-01  3.108800495631E-02  2.201379811050E-01
      4 F   6 C    -3.108800495631E-02  1.377744056924E-01 -2.798620188950E-01
      5 T   6 C     2.867928557985E-01 -3.521789314938E-01  8.002289956256E-02
      6 F   6 C     3.521789314938E-01 -2.867928557985E-01 -4.199771004374E-01
      7 T   6 C    -4.592800086691E-01 -3.908533980010E-02 -1.134713171845E-02
      8 F   6 C     3.908533980010E-02  4.592800086691E-01  4.886528682815E-01
      9 T   6 C    -3.529949104608E-01  3.071064444348E-01 -2.843324967846E-01
     10 F   6 C    -3.071064444348E-01  3.529949104608E-01  2.156675032154E-01
     11 T   6 C    -2.289528945432E-01 -1.349966499074E-01  3.565662552535E-01
     12 F   6 C     1.349966499074E-01  2.289528945432E-01 -1.434337447465E-01
     13 T   6 C     1.798159278115E-01 -2.532761987971E-01 -1.091355629333E-01
     14 F   6 C     2.532761987971E-01 -1.798159278115E-01  3.908644370667E-01
     15 T   6 C    -1.761592699877E-01 -4.157883002855E-01 -9.402433942555E-02
     16 F   6 C     4.157883002855E-01  1.761592699877E-01  4.059756605745E-01
     17 T   6 C    -4.110965137509E-01 -3.246537506669E-01 -4.374675872675E-01
     18 F   6 C     3.246537506669E-01  4.110965137509E-01  6.253241273250E-02
     19 T   6 C    -9.453209770133E-02 -8.272862453801E-02 -2.884646498901E-01
     20 F   6 C     8.272862453801E-02  9.453209770133E-02  2.115353501099E-01
     21 T   6 C    -1.777798207309E-01  2.081577917175E-01  3.365815924094E-01
     22 F   6 C    -2.081577917175E-01  1.777798207309E-01 -1.634184075906E-01
     23 T   6 C     1.599761648478E-01 -3.119997685906E-01  2.382129894681E-01
     24 F   6 C     3.119997685905E-01 -1.599761648478E-01 -2.617870105319E-01
     25 T   6 C     2.696016878494E-01  3.975851767800E-01 -1.922292625388E-01
     26 F   6 C    -3.975851767800E-01 -2.696016878494E-01  3.077707374612E-01
     27 T   6 C     4.904612074705E-01  3.244244639935E-01  2.251389190110E-01
     28 F   6 C    -3.244244639935E-01 -4.904612074705E-01 -2.748610809890E-01
     29 T   6 C     2.466624589209E-01  2.562989041150E-02  3.519735795651E-01
     30 F   6 C    -2.562989041150E-02 -2.466624589209E-01 -1.480264204349E-01
     31 T   6 C     1.501754931940E-01  2.418991256510E-01  6.069921828700E-02
     32 F   6 C    -2.418991256510E-01 -1.501754931940E-01 -4.393007817130E-01
     33 T   6 C    -2.656532674692E-01  5.015064528960E-02  1.361604216672E-02
     34 F   6 C    -5.015064528960E-02  2.656532674692E-01 -4.863839578333E-01
     35 T   6 C     4.840284738700E-01 -2.262018315454E-01  1.251701095887E-01
     36 F   6 C     2.262018315454E-01 -4.840284738700E-01 -3.748298904113E-01
     37 T   6 C     4.376782204355E-01  5.443025418700E-03 -2.244291172410E-01
     38 F   6 C    -5.443025418700E-03 -4.376782204355E-01  2.755708827590E-01

 TRANSFORMATION MATRIX PRIMITIVE-CRYSTALLOGRAPHIC CELL
  1.0000  1.0000  0.0000 -1.0000  1.0000  0.0000  0.0000  0.0000  1.0000

 *******************************************************************************
 CRYSTALLOGRAPHIC CELL (VOLUME=        582.57413808)
         A              B              C           ALPHA      BETA       GAMMA 
     9.94389503     9.05915402     6.56754578    90.000000 100.035506  90.000000

 COORDINATES IN THE CRYSTALLOGRAPHIC CELL
     ATOM                 X/A                 Y/B                 Z/C    
 *******************************************************************************
      1 T   6 C    -3.334070640823E-01 -1.681162985836E-01 -3.877494386178E-01
      2 F   6 C     1.665929359177E-01 -3.318837014164E-01  1.122505613822E-01
      3 T   6 C    -8.443120532436E-02 -5.334320036805E-02  2.201379811050E-01
      4 F   6 C    -8.443120532436E-02  5.334320036805E-02 -2.798620188950E-01
      5 T   6 C     3.194858936462E-01 -3.269303784765E-02  8.002289956256E-02
      6 F   6 C     3.194858936462E-01  3.269303784765E-02 -4.199771004374E-01
      7 T   6 C    -2.100973344345E-01 -2.491826742346E-01 -1.134713171845E-02
      8 F   6 C    -2.100973344345E-01  2.491826742346E-01  4.886528682815E-01
      9 T   6 C    -3.300506774478E-01 -2.294423301300E-02 -2.843324967846E-01
     10 F   6 C    -3.300506774478E-01  2.294423301300E-02  2.156675032154E-01
     11 T   6 C    -4.697812231792E-02 -1.819747722253E-01  3.565662552535E-01
     12 F   6 C    -4.697812231792E-02  1.819747722253E-01 -1.434337447465E-01
     13 T   6 C     2.165460633043E-01 -3.673013549284E-02 -1.091355629333E-01
     14 F   6 C     2.165460633043E-01  3.673013549284E-02  3.908644370667E-01
     15 T   6 C     1.198145151489E-01 -2.959737851366E-01 -9.402433942555E-02
     16 F   6 C     1.198145151489E-01  2.959737851366E-01  4.059756605744E-01
     17 T   6 C    -4.322138154196E-02 -3.678751322089E-01 -4.374675872675E-01
     18 F   6 C    -4.322138154196E-02  3.678751322089E-01  6.253241273250E-02
     19 T   6 C    -5.901736581656E-03 -8.863036111967E-02 -2.884646498901E-01
     20 F   6 C    -5.901736581656E-03  8.863036111967E-02  2.115353501099E-01
     21 T   6 C    -1.929688062242E-01  1.518898549332E-02  3.365815924094E-01
     22 F   6 C    -1.929688062242E-01 -1.518898549332E-02 -1.634184075906E-01
     23 T   6 C     2.359879667192E-01 -7.601180187135E-02  2.382129894681E-01
     24 F   6 C     2.359879667192E-01  7.601180187135E-02 -2.617870105319E-01
     25 T   6 C    -6.399174446528E-02  3.335934323147E-01 -1.922292625388E-01
     26 F   6 C    -6.399174446528E-02 -3.335934323147E-01  3.077707374612E-01
     27 T   6 C     8.301837173847E-02  4.074428357320E-01  2.251389190110E-01
     28 F   6 C     8.301837173847E-02 -4.074428357320E-01 -2.748610809890E-01
     29 T   6 C     1.105162842547E-01  1.361461746662E-01  3.519735795651E-01
     30 F   6 C     1.105162842547E-01 -1.361461746662E-01 -1.480264204349E-01
     31 T   6 C    -4.586181622853E-02  1.960373094225E-01  6.069921828700E-02
     32 F   6 C    -4.586181622853E-02 -1.960373094225E-01 -4.393007817130E-01
     33 T   6 C    -1.579019563794E-01 -1.077513110898E-01  1.361604216672E-02
     34 F   6 C    -1.579019563794E-01  1.077513110898E-01 -4.863839578333E-01
     35 T   6 C     3.551151527077E-01  1.289133211623E-01  1.251701095887E-01
     36 F   6 C    -1.448848472923E-01  3.710866788377E-01 -3.748298904113E-01
     37 T   6 C     2.161175975084E-01  2.215606229271E-01 -2.244291172410E-01
     38 F   6 C     2.161175975084E-01 -2.215606229271E-01  2.755708827590E-01

 T = ATOM BELONGING TO THE ASYMMETRIC UNIT

 ****    2 SYMMOPS - TRANSLATORS IN FRACTIONAL UNITS
 **** MATRICES AND TRANSLATORS IN THE CRYSTALLOGRAPHIC REFERENCE FRAME
   V INV                    ROTATION MATRICES                   TRANSLATORS
   1   1  1.00  0.00  0.00  0.00  1.00  0.00  0.00  0.00  1.00  0.00  0.00  0.00
   2   2  0.00 -1.00  0.00 -1.00 -0.00 -0.00  0.00  0.00  1.00 -0.00 -0.00  0.50

 DIRECT LATTICE VECTORS CARTESIAN COMPONENTS (ANGSTROM)
          X                    Y                    Z
   0.497194751500E+01   0.452957701000E+01   0.000000000000E+00
  -0.497194751500E+01   0.452957701000E+01   0.000000000000E+00
  -0.114445019231E+01   0.402146195887E-15   0.646706203231E+01


 CARTESIAN COORDINATES - PRIMITIVE CELL
 *******************************************************************************
 *      ATOM          X(ANGSTROM)         Y(ANGSTROM)         Z(ANGSTROM)
 *******************************************************************************
    1     6 C    -2.871604927899E+00 -1.522991442141E+00 -2.507599672534E+00
    2     6 C     1.528117490944E+00 -3.006585567859E+00  7.259313436200E-01
    3     6 C    -1.091511997813E+00 -4.832442680539E-01  1.423645979473E+00
    4     6 C    -5.192869016562E-01  4.832442680539E-01 -1.809885036681E+00
    5     6 C     3.085351967190E+00 -2.961712652436E-01  5.175130554762E-01
    6     6 C     2.513126871033E+00  2.961712652436E-01  3.751044071630E+00
    7     6 C    -2.076199612622E+00 -2.257384225007E+00 -7.338260471198E-02
    8     6 C    -1.503974516465E+00  2.257384225007E+00 -3.306913620866E+00
    9     6 C    -2.956584910495E+00 -2.078553407355E-01 -1.838795894507E+00
   10     6 C    -3.528810006652E+00  2.078553407355E-01  1.394735121647E+00
   11     6 C    -8.752178364332E-01 -1.648537489343E+00  2.305936091352E+00
   12     6 C    -3.029927402765E-01  1.648537489343E+00 -9.275949248017E-01
   13     6 C     2.278211538645E+00 -3.327439546051E-01 -7.057864554204E-01
   14     6 C     1.705986442488E+00  3.327439546051E-01  2.527744560733E+00
   15     6 C     1.299029135049E+00 -2.681272105435E+00 -6.080612356117E-01
   16     6 C     7.268040388920E-01  2.681272105435E+00  2.625469780542E+00
   17     6 C     7.087098327433E-02 -3.332637482808E+00 -2.829130023983E+00
   18     6 C    -5.013541128824E-01  3.332637482808E+00  4.044009921709E-01
   19     6 C     2.714471749796E-01 -8.029160922313E-01 -1.865518784967E+00
   20     6 C    -3.007779211771E-01  8.029160922313E-01  1.368012231187E+00
   21     6 C    -2.304062421320E+00  1.375993589915E-01  2.176694037044E+00
   22     6 C    -1.731837325163E+00 -1.375993589915E-01 -1.056836979109E+00
   23     6 C     2.074016667791E+00 -6.886026204903E-01  1.540538179792E+00
   24     6 C     2.646241763947E+00  6.886026204903E-01 -1.692992836362E+00
   25     6 C    -4.163303732685E-01  3.022074283399E+00 -1.243158565263E+00
   26     6 C    -9.885554694252E-01 -3.022074283399E+00  1.990372450891E+00
   27     6 C     5.678656949695E-01  3.691087403242E+00  1.455987355131E+00
   28     6 C     1.140090791126E+00 -3.691087403242E+00 -1.777543661023E+00
   29     6 C     6.961460989119E-01  1.233369165535E+00  2.276234972781E+00
   30     6 C     1.268371195069E+00 -1.233369165535E+00 -9.572960433729E-01
   31     6 C    -5.255123185035E-01  1.775932179725E+00  3.925456099746E-01
   32     6 C     4.671277765321E-02 -1.775932179725E+00 -2.840985406179E+00
   33     6 C    -1.585743361345E+00 -9.761357230194E-01  8.805578932669E-02
   34     6 C    -1.013518265188E+00  9.761357230194E-01 -3.145475226827E+00
   35     6 C     3.387976846097E+00  1.167845631639E+00  8.094828633008E-01
   36     6 C    -1.011745572746E+00  3.361731378361E+00 -2.424048152853E+00
   37     6 C     2.405898650147E+00  2.007151807864E+00 -1.451397023053E+00
   38     6 C     1.833673553990E+00 -2.007151807864E+00  1.782133993100E+00

 *******************************************************************************
 LOCAL ATOMIC FUNCTIONS BASIS SET
 *******************************************************************************
   ATOM   X(AU)   Y(AU)   Z(AU)  N. TYPE  EXPONENT  S COEF   P COEF   D/F/G COEF
 *******************************************************************************
   1 C   -5.427  -2.878  -4.739
                                  1 S  
                                         1.358E+04 2.225E-04 0.000E+00 0.000E+00
                                         2.035E+03 1.723E-03 0.000E+00 0.000E+00
                                         4.632E+02 8.926E-03 0.000E+00 0.000E+00
                                         1.312E+02 3.573E-02 0.000E+00 0.000E+00
                                         4.285E+01 1.108E-01 0.000E+00 0.000E+00
                                         1.558E+01 2.430E-01 0.000E+00 0.000E+00
                                  2 S  
                                         6.207E+00 4.144E-01 0.000E+00 0.000E+00
                                         2.576E+00 2.374E-01 0.000E+00 0.000E+00
                                  3 S  
                                         4.941E-01 1.000E+00 0.000E+00 0.000E+00
                                  4 S  
                                         1.644E-01 1.000E+00 0.000E+00 0.000E+00
                           5-     7 P  
                                         3.470E+01 0.000E+00 5.333E-03 0.000E+00
                                         7.958E+00 0.000E+00 3.586E-02 0.000E+00
                                         2.378E+00 0.000E+00 1.422E-01 0.000E+00
                                         8.143E-01 0.000E+00 3.427E-01 0.000E+00
                           8-    10 P  
                                         5.662E-01 0.000E+00 1.000E+00 0.000E+00
                          11-    13 P  
                                         2.674E-01 0.000E+00 1.000E+00 0.000E+00
                          14-    18 D  
                                         8.792E-01 0.000E+00 0.000E+00 1.000E+00
   2 C    2.888  -5.682   1.372
   3 C   -2.063  -0.913   2.690
   4 C   -0.981   0.913  -3.420
   5 C    5.830  -0.560   0.978
   6 C    4.749   0.560   7.088
   7 C   -3.923  -4.266  -0.139
   8 C   -2.842   4.266  -6.249
   9 C   -5.587  -0.393  -3.475
  10 C   -6.668   0.393   2.636
  11 C   -1.654  -3.115   4.358
  12 C   -0.573   3.115  -1.753
  13 C    4.305  -0.629  -1.334
  14 C    3.224   0.629   4.777
  15 C    2.455  -5.067  -1.149
  16 C    1.373   5.067   4.961
  17 C    0.134  -6.298  -5.346
  18 C   -0.947   6.298   0.764
  19 C    0.513  -1.517  -3.525
  20 C   -0.568   1.517   2.585
  21 C   -4.354   0.260   4.113
  22 C   -3.273  -0.260  -1.997
  23 C    3.919  -1.301   2.911
  24 C    5.001   1.301  -3.199
  25 C   -0.787   5.711  -2.349
  26 C   -1.868  -5.711   3.761
  27 C    1.073   6.975   2.751
  28 C    2.154  -6.975  -3.359
  29 C    1.316   2.331   4.301
  30 C    2.397  -2.331  -1.809
  31 C   -0.993   3.356   0.742
  32 C    0.088  -3.356  -5.369
  33 C   -2.997  -1.845   0.166
  34 C   -1.915   1.845  -5.944
  35 C    6.402   2.207   1.530
  36 C   -1.912   6.353  -4.581
  37 C    4.546   3.793  -2.743
  38 C    3.465  -3.793   3.368
 INFORMATION **** SET_MPP **** PCRYSTAL CALCULATION
 INFORMATION **** READM2 **** NEW DEFAULT: FOCK/KS MATRIX MIXING SET TO 30 %
 INFORMATION **** READM2 **** NEW DEFAULT: FULL DIRECT SCF MODE
 INFORMATION **** READM2 **** NEW DEFAULT: COULOMB BIPOLAR BUFFER SET TO 32 Mb
 INFORMATION **** READM2 **** NEW DEFAULT: EXCHANGE BIPOLAR BUFFER SET TO 32 Mb

 *******************************************************************************
 NEW DEFAULT: DFT INTEGRATION GRID INCREASED TO XLGRID
 NEW DEFAULT: DIIS ACCELERATOR ACTIVE
 USE KEYWORD NODIIS TO TURN IT OFF
 *******************************************************************************

 INFORMATION **** DFTD3_INPUT **** PERFORM LATEST DISPERSION CORRECTION DFT-D3(BJ) WITH AUTOMATIC PARAMETER SETUP
 PLEASE CITE:
 (1) DFT-D3 Reference
  S. Grimme, J. Antony, S. Ehrlich, and H. Krieg, J. Chem. Phys. 132 (2010), 154104
 (2) BJ-Damping Reference
  S. Grimme, S. Ehrlich, and L. Goerigk, J. Comput. Chem. 32 (2011), 1456-1465
 (3) General DFT-D Review
  S. Grimme, A. Hansen, J. G. Brandenburg, and C. Bannwarth,
  Chem. Rev. 116 (2016), 5105-5154

 INFORMATION **** TOLINTEG **** COULOMB AND EXCHANGE SERIES TOLERANCES MODIFIED
 INFORMATION **** TOLDEE **** SCF TOL ON TOTAL ENERGY SET TO           9
 INFORMATION **** READM2 **** FULL DIRECT SCF (MONO AND BIEL INT) SELECTED
 INFORMATION **** BIPOSIZE **** COULOMB BIPOLAR BUFFER SET TO   110000000
 INFORMATION **** EXCHSIZE **** EXCHANGE BIPOLAR BUFFER SIZE SET TO   110000000
 INFORMATION **** MAXCYCLE **** MAX NUMBER OF SCF CYCLES SET TO         800
 INFORMATION **** DIIS **** DIIS FOR SCF ACTIVE
 INFORMATION **** DIIS **** LEVEL SHIFTER DISABLED
 INFORMATION **** PPAN ****  MULLIKEN POPULATION ANALYSIS AT THE END OF SCF
 *******************************************************************************
 N. OF ATOMS PER CELL        38  COULOMB OVERLAP TOL         (T1) 10**   -8
 NUMBER OF SHELLS           304  COULOMB PENETRATION TOL     (T2) 10**   -8
 NUMBER OF AO               684  EXCHANGE OVERLAP TOL        (T3) 10**   -8
 N. OF ELECTRONS PER CELL   228  EXCHANGE PSEUDO OVP (F(G))  (T4) 10**   -9
 CORE ELECTRONS PER CELL     76  EXCHANGE PSEUDO OVP (P(G))  (T5) 10**  -24
 N. OF SYMMETRY OPERATORS     2  POLE ORDER IN MONO ZONE                  4
 *******************************************************************************
 TYPE OF CALCULATION :  UNRESTRICTED OPEN SHELL
 KOHN-SHAM HAMILTONIAN

 (EXCHANGE)[CORRELATION] FUNCTIONAL:(BECKE 88)[LEE-YANG-PARR]

 NON-LOCAL WEIGHTING FACTOR (EXCHANGE) =           0.9000
 NON-LOCAL WEIGHTING FACTOR [CORRELATION] =        0.8100

 HYBRID EXCHANGE - PERCENTAGE OF FOCK EXCHANGE    20.0000

 SPIN POLARIZED DFT SELECTED

 CAPPA:IS1  7;IS2  7;IS3  7; K PTS MONK NET 100; SYMMOPS:K SPACE   4;G SPACE   2

 *******************************************************************************
 MAX NUMBER OF SCF CYCLES     800  CONVERGENCE ON DELTAP        10**-19
 WEIGHT OF F(I) IN F(I+1)      30% CONVERGENCE ON ENERGY        10**- 9
 SHRINK. FACT.(MONKH.)    7  7  7  NUMBER OF K POINTS IN THE IBZ    100
 SHRINKING FACTOR(GILAT NET)   14  NUMBER OF K POINTS(GILAT NET)    744
 *******************************************************************************
 *** K POINTS COORDINATES (OBLIQUE COORDINATES IN UNITS OF IS =  7)
   1-R(  0  0  0)   2-C(  1  0  0)   3-C(  2  0  0)   4-C(  3  0  0)
   5-C(  1  1  0)   6-C(  2  1  0)   7-C(  3  1  0)   8-C(  4  1  0)
   9-C(  5  1  0)  10-C(  6  1  0)  11-C(  2  2  0)  12-C(  3  2  0)
  13-C(  4  2  0)  14-C(  5  2  0)  15-C(  3  3  0)  16-C(  4  3  0)
  17-C(  0  0  1)  18-C(  1  0  1)  19-C(  2  0  1)  20-C(  3  0  1)
  21-C(  4  0  1)  22-C(  5  0  1)  23-C(  6  0  1)  24-C(  1  1  1)
  25-C(  2  1  1)  26-C(  3  1  1)  27-C(  4  1  1)  28-C(  5  1  1)
  29-C(  6  1  1)  30-C(  1  2  1)  31-C(  2  2  1)  32-C(  3  2  1)
  33-C(  4  2  1)  34-C(  5  2  1)  35-C(  1  3  1)  36-C(  2  3  1)
  37-C(  3  3  1)  38-C(  4  3  1)  39-C(  1  4  1)  40-C(  2  4  1)
  41-C(  3  4  1)  42-C(  1  5  1)  43-C(  2  5  1)  44-C(  1  6  1)
  45-C(  0  0  2)  46-C(  1  0  2)  47-C(  2  0  2)  48-C(  3  0  2)
  49-C(  4  0  2)  50-C(  5  0  2)  51-C(  6  0  2)  52-C(  1  1  2)
  53-C(  2  1  2)  54-C(  3  1  2)  55-C(  4  1  2)  56-C(  5  1  2)
  57-C(  6  1  2)  58-C(  1  2  2)  59-C(  2  2  2)  60-C(  3  2  2)
  61-C(  4  2  2)  62-C(  5  2  2)  63-C(  1  3  2)  64-C(  2  3  2)
  65-C(  3  3  2)  66-C(  4  3  2)  67-C(  1  4  2)  68-C(  2  4  2)
  69-C(  3  4  2)  70-C(  1  5  2)  71-C(  2  5  2)  72-C(  1  6  2)
  73-C(  0  0  3)  74-C(  1  0  3)  75-C(  2  0  3)  76-C(  3  0  3)
  77-C(  4  0  3)  78-C(  5  0  3)  79-C(  6  0  3)  80-C(  1  1  3)
  81-C(  2  1  3)  82-C(  3  1  3)  83-C(  4  1  3)  84-C(  5  1  3)
  85-C(  6  1  3)  86-C(  1  2  3)  87-C(  2  2  3)  88-C(  3  2  3)
  89-C(  4  2  3)  90-C(  5  2  3)  91-C(  1  3  3)  92-C(  2  3  3)
  93-C(  3  3  3)  94-C(  4  3  3)  95-C(  1  4  3)  96-C(  2  4  3)
  97-C(  3  4  3)  98-C(  1  5  3)  99-C(  2  5  3) 100-C(  1  6  3)

 DIRECT LATTICE VECTORS COMPON. (A.U.)     RECIP. LATTICE VECTORS COMPON. (A.U.) 
        X            Y            Z              X            Y            Z
    9.3956192    8.5596601    0.0000000      0.3343678    0.3670231    0.0591717
   -9.3956192    8.5596601    0.0000000     -0.3343678    0.3670231   -0.0591717
   -2.1626974    0.0000000   12.2209761      0.0000000    0.0000000    0.5141312

 DISK SPACE FOR EIGENVECTORS (FTN 10)    93103344 REALS

 SYMMETRY ADAPTION OF THE BLOCH FUNCTIONS ENABLED
 TTTTTTTTTTTTTTTTTTTTTTTTTTTTTT gordsh1     TELAPSE        2.23 TCPU        0.72

 MATRIX SIZE: P(G) 3344748, F(G)  382408, P(G) IRR  842709, F(G) IRR  192522
 MAX G-VECTOR INDEX FOR 1- AND 2-ELECTRON INTEGRALS 135

 TTTTTTTTTTTTTTTTTTTTTTTTTTTTTT INPUT       TELAPSE        2.27 TCPU        0.76

 NEIGHBORS OF THE NON-EQUIVALENT ATOMS

 N = NUMBER OF NEIGHBORS AT DISTANCE R
    ATOM  N     R/ANG      R/AU   NEIGHBORS (ATOM LABELS AND CELL INDICES)
   1 C    1     1.3921     2.6306   16 C   -1 0-1
   1 C    1     1.4779     2.7928    9 C    0 0 0
   1 C    1     1.4859     2.8079   37 C   -1 0 0
   1 C    1     2.3072     4.3599   22 C    0 0 0
   1 C    1     2.4587     4.6462   29 C   -1 0-1
   1 C    1     2.5169     4.7562   24 C   -1 0 0

   3 C    1     1.4775     2.7921   11 C    0 0 0
   3 C    1     1.5070     2.8478   33 C    0 0 0
   3 C    1     1.5108     2.8550   20 C    0 0 0
   3 C    1     1.5565     2.9414   21 C    0 0 0
   3 C    1     2.5216     4.7651    7 C    0 0 0
   3 C    1     2.5336     4.7877   10 C    0 0 0

   5 C    1     1.4660     2.7704   13 C    0 0 0
   5 C    1     1.4911     2.8178   23 C    0 0 0
   5 C    1     1.5232     2.8785   35 C    0 0 0
   5 C    1     1.6562     3.1298   18 C    0-1 0
   5 C    1     2.4595     4.6477   24 C    0 0 0
   5 C    1     2.4685     4.6648   38 C    0 0 0

   7 C    1     1.3814     2.6104   33 C    0 0 0
   7 C    1     1.4863     2.8087   37 C   -1 0 0
   7 C    1     1.4971     2.8291   35 C   -1 0 0
   7 C    1     2.2788     4.3064   24 C   -1 0 0
   7 C    1     2.3620     4.4636   22 C    0 0 0
   7 C    1     2.4550     4.6392   26 C    0 0 0

   9 C    1     1.3655     2.5805   28 C    0 1 0
   9 C    1     1.4548     2.7491   22 C    0 0 0
   9 C    1     1.4779     2.7928    1 C    0 0 0
   9 C    1     2.3790     4.4957   37 C   -1 0 0
   9 C    1     2.4864     4.6986   33 C    0 0 0
   9 C    1     2.5011     4.7264   15 C    0 1 0

  11 C    1     1.3448     2.5413   32 C    0 0 1
  11 C    1     1.4139     2.6718   26 C    0 0 0
  11 C    1     1.4775     2.7921    3 C    0 0 0
  11 C    1     2.1563     4.0749   17 C    0 0 1
  11 C    1     2.2910     4.3293   21 C    0 0 0
  11 C    1     2.3826     4.5024   35 C   -1 0 0

  13 C    1     1.3763     2.6008   30 C    0 0 0
  13 C    1     1.4660     2.7704    5 C    0 0 0
  13 C    1     1.4674     2.7729   24 C    0 0 0
  13 C    1     2.2835     4.3152   23 C    0 0 0
  13 C    1     2.3650     4.4692   19 C    0 0 0
  13 C    1     2.4040     4.5430   35 C    0 0 0

  15 C    1     1.3921     2.6306    2 C    0 0 0
  15 C    1     1.4897     2.8152   30 C    0 0 0
  15 C    1     1.5533     2.9353   28 C    0 0 0
  15 C    1     2.4830     4.6922   19 C    0 0 0
  15 C    1     2.5011     4.7264    9 C    0-1 0
  15 C    1     2.5403     4.8005   38 C    0 0 0

  17 C    1     1.5419     2.9138   28 C    0 0 0
  17 C    1     1.5569     2.9422   32 C    0 0 0
  17 C    1     1.6562     3.1298    6 C   -1 0-1
  17 C    1     1.6787     3.1723   26 C    0 0-1
  17 C    1     2.1563     4.0749   11 C    0 0-1
  17 C    1     2.5952     4.9043    9 C    0-1 0

  19 C    1     1.3960     2.6380   32 C    0 0 0
  19 C    1     1.4156     2.6752   30 C    0 0 0
  19 C    1     1.5108     2.8550    4 C    0 0 0
  19 C    1     2.2605     4.2717   22 C    0 0 0
  19 C    1     2.3650     4.4692   13 C    0 0 0
  19 C    1     2.4464     4.6230   11 C    0 0-1

  21 C    1     1.4266     2.6959   34 C    0 0 1
  21 C    1     1.4548     2.7491   10 C    0 0 0
  21 C    1     1.5565     2.9414    3 C    0 0 0
  21 C    1     2.2605     4.2717   20 C    0 0 0
  21 C    1     2.2910     4.3293   11 C    0 0 0
  21 C    1     2.3072     4.3599    2 C    0 1 0

  23 C    1     1.3619     2.5736   38 C    0 0 0
  23 C    1     1.4674     2.7729   14 C    0 0 0
  23 C    1     1.4911     2.8178    5 C    0 0 0
  23 C    1     2.2788     4.3064    8 C    0-1 1
  23 C    1     2.2835     4.3152   13 C    0 0 0
  23 C    1     2.3890     4.5146   35 C    0 0 0

  25 C    1     1.3654     2.5803   36 C    0 0 0
  25 C    1     1.4139     2.6718   12 C    0 0 0
  25 C    1     1.6787     3.1723   18 C    0 0 0
  25 C    1     2.0592     3.8913   31 C    0 0 0
  25 C    1     2.4550     4.6392    8 C    0 0 0
  25 C    1     2.4958     4.7164    6 C    0 1-1

  27 C    1     1.3655     2.5805   10 C    1 0 0
  27 C    1     1.5419     2.9138   18 C    0 0 0
  27 C    1     1.5533     2.9353   16 C    0 0 0
  27 C    1     2.4253     4.5832   21 C    1 0 0
  27 C    1     2.4483     4.6266   31 C    0 0 0
  27 C    1     2.5942     4.9022   29 C    0 0 0

  29 C    1     1.3763     2.6008   14 C    0 0 0
  29 C    1     1.4156     2.6752   20 C    0 0 0
  29 C    1     1.4897     2.8152   16 C    0 0 0
  29 C    1     2.3098     4.3649   31 C    0 0 0
  29 C    1     2.4587     4.6462    1 C    1 0 1
  29 C    1     2.4766     4.6802   23 C    0 0 0

  31 C    1     1.3448     2.5413   12 C    0 0 0
  31 C    1     1.3960     2.6380   20 C    0 0 0
  31 C    1     1.5569     2.9422   18 C    0 0 0
  31 C    1     2.0592     3.8913   25 C    0 0 0
  31 C    1     2.3098     4.3649   29 C    0 0 0
  31 C    1     2.4483     4.6266   27 C    0 0 0

  33 C    1     1.3814     2.6104    7 C    0 0 0
  33 C    1     1.4266     2.6959   22 C    0 0 0
  33 C    1     1.5070     2.8478    3 C    0 0 0
  33 C    1     2.3921     4.5203   37 C   -1 0 0
  33 C    1     2.4240     4.5808   11 C    0 0 0
  33 C    1     2.4736     4.6745   21 C    0 0 0

  35 C    1     1.3654     2.5803   26 C    1 0 0
  35 C    1     1.4971     2.8291    7 C    1 0 0
  35 C    1     1.5232     2.8785    5 C    0 0 0
  35 C    1     2.3826     4.5024   11 C    1 0 0
  35 C    1     2.3890     4.5146   23 C    0 0 0
  35 C    1     2.4040     4.5430   13 C    0 0 0

  37 C    1     1.3619     2.5736   24 C    0 0 0
  37 C    1     1.4859     2.8079    1 C    1 0 0
  37 C    1     1.4863     2.8087    7 C    1 0 0
  37 C    1     2.3790     4.4957    9 C    1 0 0
  37 C    1     2.3921     4.5203   33 C    1 0 0
  37 C    1     2.4591     4.6471   13 C    0 0 0


 SYMMETRY ALLOWED INTERNAL DEGREE(S) OF FREEDOM:  55
 TTTTTTTTTTTTTTTTTTTTTTTTTTTTTT SYMM        TELAPSE        2.44 TCPU        0.92
 TTTTTTTTTTTTTTTTTTTTTTTTTTTTTT INT_SCREEN  TELAPSE        2.47 TCPU        0.95

 DFT PARAMETERS

     ATOM       ELECTRONS   NET CHARGE   R(ANGSTROM)
   1   6  C       6.0000      0.0000     0.77000000

 SIZE OF GRID=     555072
 TTTTTTTTTTTTTTTTTTTTTTTTTTTTTT MAKE_GRID2  TELAPSE        3.56 TCPU        2.04
 BECKE WEIGHT FUNCTION
 RADSAFE =     2.00
 TOLERANCES - DENSITY:10**- 6; POTENTIAL:10**- 9; GRID WGT:10**-14

 RADIAL INTEGRATION  - INTERVALS (POINTS,UPPER LIMIT):            1( 75,  4.0*R)

 ANGULAR INTEGRATION - INTERVALS (ACCURACY LEVEL [N. POINTS] UPPER LIMIT):
  1(  4[  86]   0.2)  2(  8[ 194]   0.5)  3( 12[ 350]   0.9)  4( 16[ 974]   3.5)
  5( 12[ 350]9999.0)
 TTTTTTTTTTTTTTTTTTTTTTTTTTTTTT INT_CALC    TELAPSE        3.60 TCPU        2.07
 EEEEEEEEEE INT_CALC TERMINATION  DATE 30 01 2026 TIME 23:11:46.6

 *******************************************************************************
 ./3^16,4^3T1-CA_rev1_sp_B3LYP-D3-D3_optimized                                   
 CRYSTAL - SCF - TYPE OF CALCULATION :  UNRESTRICTED OPEN SHELL
 *******************************************************************************

 CAPPA:IS1  7;IS2  7;IS3  7; K PTS MONK NET 100; SYMMOPS:K SPACE   4;G SPACE   2

 TTTTTTTTTTTTTTTTTTTTTTTTTTTTTT SDIK        TELAPSE        6.58 TCPU        5.04

 AAAAAAAAAAAAAAAAAAAAAAAAAAAAAAAAAAAAAAAAAAAAAAAAAAAAAAAAAAAAAAAAAAAAAAAAAAAAAAA
         ATOMIC WAVEFUNCTION(S)


 NUCLEAR CHARGE  6.0  SYMMETRY SPECIES            S    P
 N. ELECTRONS    6.0  NUMBER OF PRIMITIVE GTOS   10    6
                      NUMBER OF CONTRACTED GTOS   4    3
                      NUMBER OF CLOSED SHELLS     2    0
                      OPEN SHELL OCCUPATION       0    2

  ZNUC  SCFIT    TOTAL HF ENERGY   KINETIC ENERGY   VIRIAL THEOREM ACCURACY
   6.0    10    -3.766702350E+01  3.783137943E+01 -1.995655566E+00  1.6E-06

 AAAAAAAAAAAAAAAAAAAAAAAAAAAAAAAAAAAAAAAAAAAAAAAAAAAAAAAAAAAAAAAAAAAAAAAAAAAAAAA

 CHARGE NORMALIZATION FACTOR   1.00000000
 TOTAL ATOMIC CHARGES:
   6.0000000   6.0000000   6.0000000   6.0000000   6.0000000   6.0000000
   6.0000000   6.0000000   6.0000000   6.0000000   6.0000000   6.0000000
   6.0000000   6.0000000   6.0000000   6.0000000   6.0000000   6.0000000
   6.0000000   6.0000000   6.0000000   6.0000000   6.0000000   6.0000000
   6.0000000   6.0000000   6.0000000   6.0000000   6.0000000   6.0000000
   6.0000000   6.0000000   6.0000000   6.0000000   6.0000000   6.0000000
   6.0000000   6.0000000
 SUMMED SPIN DENSITY           0.00000000
 TOTAL ATOMIC SPINS  :
   0.0000000   0.0000000   0.0000000   0.0000000   0.0000000   0.0000000
   0.0000000   0.0000000   0.0000000   0.0000000   0.0000000   0.0000000
   0.0000000   0.0000000   0.0000000   0.0000000   0.0000000   0.0000000
   0.0000000   0.0000000   0.0000000   0.0000000   0.0000000   0.0000000
   0.0000000   0.0000000   0.0000000   0.0000000   0.0000000   0.0000000
   0.0000000   0.0000000   0.0000000   0.0000000   0.0000000   0.0000000
   0.0000000   0.0000000
 TTTTTTTTTTTTTTTTTTTTTTTTTTTTTT MOQGAD      TELAPSE        6.64 TCPU        5.09
 TTTTTTTTTTTTTTTTTTTTTTTTTTTTTT SHELLXN     TELAPSE      230.20 TCPU      227.90
 TTTTTTTTTTTTTTTTTTTTTTTTTTTTTT MONMO3      TELAPSE      230.69 TCPU      228.39
 NUMERICALLY INTEGRATED DENSITY    114.0000104409    114.0000104409
 TTTTTTTTTTTTTTTTTTTTTTTTTTTTTT NUMDFT      TELAPSE      233.83 TCPU      231.53
 CYC   0 ETOT(AU) -1.458065325235E+03 DETOT -1.46E+03 tst  0.00E+00 PX  1.00E+00
 TTTTTTTTTTTTTTTTTTTTTTTTTTTTTT DIIS        TELAPSE      234.39 TCPU      231.92
 TTTTTTTTTTTTTTTTTTTTTTTTTTTTTT FDIK        TELAPSE      317.03 TCPU      314.27
 POSSIBLY CONDUCTING STATE - EFERMI(AU) -1.5976816E-01 (RES. CHARGE  8.87E-12;IT. 12)
 TTTTTTTTTTTTTTTTTTTTTTTTTTTTTT PDIG        TELAPSE      319.00 TCPU      316.20
 CHARGE NORMALIZATION FACTOR   1.00000000
 TOTAL ATOMIC CHARGES:
   5.9827121   5.9827121   5.8828566   5.8828566   5.9202028   5.9202028
   5.9943837   5.9943837   6.0536294   6.0536294   6.0671871   6.0671871
   6.0292690   6.0292690   5.9948575   5.9948575   5.8411451   5.8411451
   6.0457843   6.0457843   5.9473927   5.9473927   5.9433313   5.9433313
   6.0408741   6.0408741   5.9665028   5.9665028   6.0491337   6.0491337
   6.1025721   6.1025721   6.0518915   6.0518915   6.0415392   6.0415392
   6.0447350   6.0447350
 SUMMED SPIN DENSITY           0.00000000
 TOTAL ATOMIC SPINS  :
  -0.0000000  -0.0000000  -0.0000000  -0.0000000  -0.0000000  -0.0000000
   0.0000000   0.0000000  -0.0000000  -0.0000000  -0.0000000  -0.0000000
  -0.0000000  -0.0000000   0.0000000   0.0000000  -0.0000000  -0.0000000
  -0.0000000  -0.0000000   0.0000000   0.0000000   0.0000000   0.0000000
   0.0000000   0.0000000   0.0000000   0.0000000   0.0000000   0.0000000
  -0.0000000  -0.0000000  -0.0000000  -0.0000000   0.0000000   0.0000000
  -0.0000000  -0.0000000
 TTTTTTTTTTTTTTTTTTTTTTTTTTTTTT MOQGAD      TELAPSE      319.03 TCPU      316.23
 TTTTTTTTTTTTTTTTTTTTTTTTTTTTTT SHELLXN     TELAPSE      554.52 TCPU      551.11
 TTTTTTTTTTTTTTTTTTTTTTTTTTTTTT MONMO3      TELAPSE      555.01 TCPU      551.60
 NUMERICALLY INTEGRATED DENSITY    114.0000026217    114.0000026217
 TTTTTTTTTTTTTTTTTTTTTTTTTTTTTT NUMDFT      TELAPSE      558.23 TCPU      554.80
 CYC   1 ETOT(AU) -1.446489498068E+03 DETOT  1.16E+01 tst  0.00E+00 PX  1.00E+00
 TTTTTTTTTTTTTTTTTTTTTTTTTTTTTT DIIS        TELAPSE      558.81 TCPU      555.25
 DIIS TEST: 0.13743E+01 AT SCF   CYCLE   1 - MIX   30 %
 TTTTTTTTTTTTTTTTTTTTTTTTTTTTTT FDIK        TELAPSE      583.32 TCPU      579.63
 POSSIBLY CONDUCTING STATE - EFERMI(AU) -9.8233267E-02 (RES. CHARGE  2.87E-11;IT. 10)
 TTTTTTTTTTTTTTTTTTTTTTTTTTTTTT PDIG        TELAPSE      585.24 TCPU      581.53
 CHARGE NORMALIZATION FACTOR   1.00000000
 TOTAL ATOMIC CHARGES:
   5.9787925   5.9787925   6.0488840   6.0488840   6.0485081   6.0485081
   6.0032314   6.0032314   5.8997719   5.8997719   5.8691153   5.8691153
   5.9749308   5.9749308   6.0600201   6.0600201   6.1723762   6.1723762
   5.9484347   5.9484347   6.2187415   6.2187415   6.0933671   6.0933671
   5.8734038   5.8734038   6.0455036   6.0455036   5.9332386   5.9332386
   5.9301055   5.9301055   5.9159878   5.9159878   6.0527644   6.0527644
   5.9328227   5.9328227
 SUMMED SPIN DENSITY           0.00000000
 TOTAL ATOMIC SPINS  :
   0.0000000   0.0000000   0.0000000   0.0000000  -0.0000000  -0.0000000
   0.0000000   0.0000000  -0.0000000  -0.0000000   0.0000000   0.0000000
  -0.0000000  -0.0000000   0.0000000   0.0000000   0.0000000   0.0000000
  -0.0000000  -0.0000000   0.0000000   0.0000000   0.0000000   0.0000000
  -0.0000000  -0.0000000  -0.0000000  -0.0000000  -0.0000000  -0.0000000
  -0.0000000  -0.0000000  -0.0000000  -0.0000000  -0.0000000  -0.0000000
  -0.0000000  -0.0000000
 TTTTTTTTTTTTTTTTTTTTTTTTTTTTTT MOQGAD      TELAPSE      585.28 TCPU      581.57
 TTTTTTTTTTTTTTTTTTTTTTTTTTTTTT SHELLXN     TELAPSE      820.65 TCPU      816.32
 TTTTTTTTTTTTTTTTTTTTTTTTTTTTTT MONMO3      TELAPSE      821.14 TCPU      816.81
 NUMERICALLY INTEGRATED DENSITY    114.0000028824    114.0000028824
 TTTTTTTTTTTTTTTTTTTTTTTTTTTTTT NUMDFT      TELAPSE      824.36 TCPU      820.02
 CYC   2 ETOT(AU) -1.446561706668E+03 DETOT -7.22E-02 tst  1.05E-03 PX  1.36E-01
 TTTTTTTTTTTTTTTTTTTTTTTTTTTTTT DIIS        TELAPSE      824.94 TCPU      820.53
 DIIS TEST: 0.95207E+00 AT SCF   CYCLE   2 - DIIS ACTIVE - HISTORY:     2 CYCLES
 TTTTTTTTTTTTTTTTTTTTTTTTTTTTTT FDIK        TELAPSE      846.32 TCPU      841.70

    ALPHA      ELECTRONS
 INSULATING STATE
 TOP OF VALENCE BANDS -    BAND    114; K   77; EIG -8.4033918E-02 AU
 TOP OF VALENCE BANDS -    BAND    114; K    1; EIG -1.1307858E-01 AU
 BOTTOM OF VIRTUAL BANDS - BAND    115; K    1; EIG -7.2853248E-02 AU
 INDIRECT ENERGY BAND GAP:   0.3042 eV

    BETA       ELECTRONS
 INSULATING STATE
 TOP OF VALENCE BANDS -    BAND    114; K   77; EIG -8.4033918E-02 AU
 TOP OF VALENCE BANDS -    BAND    114; K    1; EIG -1.1307858E-01 AU
 BOTTOM OF VIRTUAL BANDS - BAND    115; K    1; EIG -7.2853248E-02 AU
 INDIRECT ENERGY BAND GAP:   0.3042 eV
 TTTTTTTTTTTTTTTTTTTTTTTTTTTTTT PDIG        TELAPSE      848.25 TCPU      843.62
 CHARGE NORMALIZATION FACTOR   1.00000000
 TOTAL ATOMIC CHARGES:
   5.9876788   5.9876788   5.9977604   5.9977604   5.9096352   5.9096352
   5.9942372   5.9942372   5.9768793   5.9768793   6.0254111   6.0254111
   5.9962848   5.9962848   6.0219765   6.0219765   5.9621033   5.9621033
   6.1028778   6.1028778   5.9786329   5.9786329   5.9678253   5.9678253
   6.0167632   6.0167632   5.9451535   5.9451535   6.0446463   6.0446463
   6.0414765   6.0414765   5.9955428   5.9955428   6.0026980   6.0026980
   6.0324173   6.0324173
 SUMMED SPIN DENSITY          -0.00000000
 TOTAL ATOMIC SPINS  :
  -0.0000000  -0.0000000   0.0000000   0.0000000   0.0000000   0.0000000
  -0.0000000  -0.0000000  -0.0000000  -0.0000000   0.0000000   0.0000000
   0.0000000   0.0000000   0.0000000   0.0000000   0.0000000   0.0000000
   0.0000000   0.0000000   0.0000000   0.0000000   0.0000000   0.0000000
  -0.0000000  -0.0000000   0.0000000   0.0000000  -0.0000000  -0.0000000
  -0.0000000  -0.0000000  -0.0000000  -0.0000000  -0.0000000  -0.0000000
  -0.0000000  -0.0000000
 TTTTTTTTTTTTTTTTTTTTTTTTTTTTTT MOQGAD      TELAPSE      848.28 TCPU      843.66
 TTTTTTTTTTTTTTTTTTTTTTTTTTTTTT SHELLXN     TELAPSE     1083.73 TCPU     1078.38
 TTTTTTTTTTTTTTTTTTTTTTTTTTTTTT MONMO3      TELAPSE     1084.22 TCPU     1078.87
 NUMERICALLY INTEGRATED DENSITY    114.0000019401    114.0000019401
 TTTTTTTTTTTTTTTTTTTTTTTTTTTTTT NUMDFT      TELAPSE     1087.43 TCPU     1082.07
 CYC   3 ETOT(AU) -1.446598052097E+03 DETOT -3.63E-02 tst  1.97E-03 PX  5.33E-02
 TTTTTTTTTTTTTTTTTTTTTTTTTTTTTT DIIS        TELAPSE     1088.02 TCPU     1082.60
 DIIS TEST: 0.33489E+00 AT SCF   CYCLE   3 - DIIS ACTIVE - HISTORY:     3 CYCLES
 TTTTTTTTTTTTTTTTTTTTTTTTTTTTTT FDIK        TELAPSE     1109.36 TCPU     1103.72

    ALPHA      ELECTRONS
 INSULATING STATE
 TOP OF VALENCE BANDS -    BAND    114; K   79; EIG -9.1180864E-02 AU
 TOP OF VALENCE BANDS -    BAND    114; K    1; EIG -1.1998382E-01 AU
 BOTTOM OF VIRTUAL BANDS - BAND    115; K    1; EIG -8.0391688E-02 AU
 INDIRECT ENERGY BAND GAP:   0.2936 eV

    BETA       ELECTRONS
 INSULATING STATE
 TOP OF VALENCE BANDS -    BAND    114; K   79; EIG -9.1180864E-02 AU
 TOP OF VALENCE BANDS -    BAND    114; K    1; EIG -1.1998382E-01 AU
 BOTTOM OF VIRTUAL BANDS - BAND    115; K    1; EIG -8.0391688E-02 AU
 INDIRECT ENERGY BAND GAP:   0.2936 eV
 TTTTTTTTTTTTTTTTTTTTTTTTTTTTTT PDIG        TELAPSE     1111.17 TCPU     1105.47
 CHARGE NORMALIZATION FACTOR   1.00000000
 TOTAL ATOMIC CHARGES:
   5.9787953   5.9787953   5.9422714   5.9422714   5.9681796   5.9681796
   6.0160906   6.0160906   6.0106329   6.0106329   5.9773923   5.9773923
   6.0142435   6.0142435   6.0208868   6.0208868   5.9739021   5.9739021
   5.9570441   5.9570441   6.0861963   6.0861963   6.0262758   6.0262758
   5.9956917   5.9956917   5.9922041   5.9922041   5.9886565   5.9886565
   6.0321129   6.0321129   5.9807022   5.9807022   6.0501310   6.0501310
   5.9885910   5.9885910
 SUMMED SPIN DENSITY          -0.00000000
 TOTAL ATOMIC SPINS  :
  -0.0000000  -0.0000000   0.0000000   0.0000000   0.0000000   0.0000000
   0.0000000   0.0000000  -0.0000000  -0.0000000   0.0000000   0.0000000
  -0.0000000  -0.0000000   0.0000000   0.0000000   0.0000000   0.0000000
  -0.0000000  -0.0000000   0.0000000   0.0000000   0.0000000   0.0000000
  -0.0000000  -0.0000000  -0.0000000  -0.0000000  -0.0000000  -0.0000000
  -0.0000000  -0.0000000  -0.0000000  -0.0000000   0.0000000   0.0000000
  -0.0000000  -0.0000000
 TTTTTTTTTTTTTTTTTTTTTTTTTTTTTT MOQGAD      TELAPSE     1111.21 TCPU     1105.51
 TTTTTTTTTTTTTTTTTTTTTTTTTTTTTT SHELLXN     TELAPSE     1346.41 TCPU     1340.11
 TTTTTTTTTTTTTTTTTTTTTTTTTTTTTT MONMO3      TELAPSE     1346.90 TCPU     1340.60
 NUMERICALLY INTEGRATED DENSITY    114.0000025110    114.0000025110
 TTTTTTTTTTTTTTTTTTTTTTTTTTTTTT NUMDFT      TELAPSE     1350.10 TCPU     1343.78
 CYC   4 ETOT(AU) -1.446613278253E+03 DETOT -1.52E-02 tst  2.97E-04 PX  3.11E-02
 TTTTTTTTTTTTTTTTTTTTTTTTTTTTTT DIIS        TELAPSE     1350.62 TCPU     1344.16
 DIIS TEST: 0.87827E-01 AT SCF   CYCLE   4 - DIIS ACTIVE - HISTORY:     4 CYCLES
 TTTTTTTTTTTTTTTTTTTTTTTTTTTTTT FDIK        TELAPSE     1370.22 TCPU     1363.59

    ALPHA      ELECTRONS
 INSULATING STATE
 TOP OF VALENCE BANDS -    BAND    114; K   79; EIG -9.3447276E-02 AU
 TOP OF VALENCE BANDS -    BAND    114; K    1; EIG -1.2272976E-01 AU
 BOTTOM OF VIRTUAL BANDS - BAND    115; K    1; EIG -8.1080481E-02 AU
 INDIRECT ENERGY BAND GAP:   0.3365 eV

    BETA       ELECTRONS
 INSULATING STATE
 TOP OF VALENCE BANDS -    BAND    114; K   79; EIG -9.3447276E-02 AU
 TOP OF VALENCE BANDS -    BAND    114; K    1; EIG -1.2272976E-01 AU
 BOTTOM OF VIRTUAL BANDS - BAND    115; K    1; EIG -8.1080481E-02 AU
 INDIRECT ENERGY BAND GAP:   0.3365 eV
 TTTTTTTTTTTTTTTTTTTTTTTTTTTTTT PDIG        TELAPSE     1372.01 TCPU     1365.36
 CHARGE NORMALIZATION FACTOR   1.00000000
 TOTAL ATOMIC CHARGES:
   5.9721361   5.9721361   5.9702026   5.9702026   5.9642147   5.9642147
   5.9871056   5.9871056   5.9658598   5.9658598   5.9751396   5.9751396
   6.0007212   6.0007212   6.0291080   6.0291080   5.9964227   5.9964227
   6.0393936   6.0393936   6.0736069   6.0736069   6.0307677   6.0307677
   5.9562716   5.9562716   5.9949085   5.9949085   6.0089496   6.0089496
   6.0241403   6.0241403   5.9883577   5.9883577   6.0356850   6.0356850
   5.9870086   5.9870086
 SUMMED SPIN DENSITY          -0.00000000
 TOTAL ATOMIC SPINS  :
  -0.0000000  -0.0000000   0.0000000   0.0000000   0.0000000   0.0000000
   0.0000000   0.0000000  -0.0000000  -0.0000000   0.0000000   0.0000000
  -0.0000000  -0.0000000   0.0000000   0.0000000  -0.0000000  -0.0000000
   0.0000000   0.0000000   0.0000000   0.0000000  -0.0000000  -0.0000000
  -0.0000000  -0.0000000  -0.0000000  -0.0000000  -0.0000000  -0.0000000
   0.0000000   0.0000000   0.0000000   0.0000000   0.0000000   0.0000000
   0.0000000   0.0000000
 TTTTTTTTTTTTTTTTTTTTTTTTTTTTTT MOQGAD      TELAPSE     1372.05 TCPU     1365.39
 TTTTTTTTTTTTTTTTTTTTTTTTTTTTTT SHELLXN     TELAPSE     1607.45 TCPU     1600.28
 TTTTTTTTTTTTTTTTTTTTTTTTTTTTTT MONMO3      TELAPSE     1607.94 TCPU     1600.77
 NUMERICALLY INTEGRATED DENSITY    114.0000022624    114.0000022624
 TTTTTTTTTTTTTTTTTTTTTTTTTTTTTT NUMDFT      TELAPSE     1611.17 TCPU     1603.97
 CYC   5 ETOT(AU) -1.446617319952E+03 DETOT -4.04E-03 tst  5.86E-05 PX  1.29E-02
 TTTTTTTTTTTTTTTTTTTTTTTTTTTTTT DIIS        TELAPSE     1611.65 TCPU     1604.40
 DIIS TEST: 0.12867E-01 AT SCF   CYCLE   5 - DIIS ACTIVE - HISTORY:     5 CYCLES
 TTTTTTTTTTTTTTTTTTTTTTTTTTTTTT FDIK        TELAPSE     1633.40 TCPU     1626.09

    ALPHA      ELECTRONS
 INSULATING STATE
 TOP OF VALENCE BANDS -    BAND    114; K   79; EIG -9.3681257E-02 AU
 TOP OF VALENCE BANDS -    BAND    114; K    1; EIG -1.2280240E-01 AU
 BOTTOM OF VIRTUAL BANDS - BAND    115; K    1; EIG -8.0566836E-02 AU
 INDIRECT ENERGY BAND GAP:   0.3569 eV

    BETA       ELECTRONS
 INSULATING STATE
 TOP OF VALENCE BANDS -    BAND    114; K   79; EIG -9.3681257E-02 AU
 TOP OF VALENCE BANDS -    BAND    114; K    1; EIG -1.2280240E-01 AU
 BOTTOM OF VIRTUAL BANDS - BAND    115; K    1; EIG -8.0566836E-02 AU
 INDIRECT ENERGY BAND GAP:   0.3569 eV
 TTTTTTTTTTTTTTTTTTTTTTTTTTTTTT PDIG        TELAPSE     1635.22 TCPU     1627.90
 CHARGE NORMALIZATION FACTOR   1.00000000
 TOTAL ATOMIC CHARGES:
   5.9852456   5.9852456   5.9774248   5.9774248   5.9592650   5.9592650
   6.0012736   6.0012736   5.9792154   5.9792154   5.9813060   5.9813060
   5.9935802   5.9935802   6.0282169   6.0282169   6.0041125   6.0041125
   6.0143550   6.0143550   6.0741412   6.0741412   6.0108937   6.0108937
   5.9816571   5.9816571   5.9861217   5.9861217   6.0000205   6.0000205
   6.0137494   6.0137494   5.9787107   5.9787107   6.0309892   6.0309892
   5.9997215   5.9997215
 SUMMED SPIN DENSITY          -0.00000000
 TOTAL ATOMIC SPINS  :
  -0.0000000  -0.0000000  -0.0000000  -0.0000000   0.0000000   0.0000000
   0.0000000   0.0000000   0.0000000   0.0000000   0.0000000   0.0000000
  -0.0000000  -0.0000000   0.0000000   0.0000000   0.0000000   0.0000000
   0.0000000   0.0000000   0.0000000   0.0000000  -0.0000000  -0.0000000
   0.0000000   0.0000000  -0.0000000  -0.0000000  -0.0000000  -0.0000000
  -0.0000000  -0.0000000   0.0000000   0.0000000  -0.0000000  -0.0000000
   0.0000000   0.0000000
 TTTTTTTTTTTTTTTTTTTTTTTTTTTTTT MOQGAD      TELAPSE     1635.25 TCPU     1627.93
 TTTTTTTTTTTTTTTTTTTTTTTTTTTTTT SHELLXN     TELAPSE     1870.51 TCPU     1862.53
 TTTTTTTTTTTTTTTTTTTTTTTTTTTTTT MONMO3      TELAPSE     1871.00 TCPU     1863.01
 NUMERICALLY INTEGRATED DENSITY    114.0000023396    114.0000023396
 TTTTTTTTTTTTTTTTTTTTTTTTTTTTTT NUMDFT      TELAPSE     1874.21 TCPU     1866.21
 CYC   6 ETOT(AU) -1.446617767599E+03 DETOT -4.48E-04 tst  2.05E-05 PX  4.85E-03
 TTTTTTTTTTTTTTTTTTTTTTTTTTTTTT DIIS        TELAPSE     1874.70 TCPU     1866.70
 DIIS TEST: 0.52322E-02 AT SCF   CYCLE   6 - DIIS ACTIVE - HISTORY:     6 CYCLES
 TTTTTTTTTTTTTTTTTTTTTTTTTTTTTT FDIK        TELAPSE     1894.40 TCPU     1886.34

    ALPHA      ELECTRONS
 INSULATING STATE
 TOP OF VALENCE BANDS -    BAND    114; K   79; EIG -9.3609806E-02 AU
 TOP OF VALENCE BANDS -    BAND    114; K    1; EIG -1.2232296E-01 AU
 BOTTOM OF VIRTUAL BANDS - BAND    115; K    1; EIG -8.0289455E-02 AU
 INDIRECT ENERGY BAND GAP:   0.3625 eV

    BETA       ELECTRONS
 INSULATING STATE
 TOP OF VALENCE BANDS -    BAND    114; K   79; EIG -9.3609806E-02 AU
 TOP OF VALENCE BANDS -    BAND    114; K    1; EIG -1.2232296E-01 AU
 BOTTOM OF VIRTUAL BANDS - BAND    115; K    1; EIG -8.0289455E-02 AU
 INDIRECT ENERGY BAND GAP:   0.3625 eV
 TTTTTTTTTTTTTTTTTTTTTTTTTTTTTT PDIG        TELAPSE     1896.22 TCPU     1888.16
 CHARGE NORMALIZATION FACTOR   1.00000000
 TOTAL ATOMIC CHARGES:
   5.9772207   5.9772207   5.9733290   5.9733290   5.9622013   5.9622013
   6.0011954   6.0011954   5.9748981   5.9748981   5.9781474   5.9781474
   6.0093225   6.0093225   6.0255365   6.0255365   5.9982380   5.9982380
   6.0204467   6.0204467   6.0618268   6.0618268   6.0288879   6.0288879
   5.9757045   5.9757045   5.9874662   5.9874662   6.0022602   6.0022602
   6.0175898   6.0175898   5.9765516   5.9765516   6.0384192   6.0384192
   5.9907580   5.9907580
 SUMMED SPIN DENSITY          -0.00000000
 TOTAL ATOMIC SPINS  :
   0.0000000   0.0000000  -0.0000000  -0.0000000   0.0000000   0.0000000
   0.0000000   0.0000000   0.0000000   0.0000000   0.0000000   0.0000000
  -0.0000000  -0.0000000  -0.0000000  -0.0000000   0.0000000   0.0000000
   0.0000000   0.0000000  -0.0000000  -0.0000000  -0.0000000  -0.0000000
   0.0000000   0.0000000  -0.0000000  -0.0000000  -0.0000000  -0.0000000
  -0.0000000  -0.0000000   0.0000000   0.0000000  -0.0000000  -0.0000000
   0.0000000   0.0000000
 TTTTTTTTTTTTTTTTTTTTTTTTTTTTTT MOQGAD      TELAPSE     1896.26 TCPU     1888.19
 TTTTTTTTTTTTTTTTTTTTTTTTTTTTTT SHELLXN     TELAPSE     2131.12 TCPU     2122.43
 TTTTTTTTTTTTTTTTTTTTTTTTTTTTTT MONMO3      TELAPSE     2131.60 TCPU     2122.91
 NUMERICALLY INTEGRATED DENSITY    114.0000022656    114.0000022656
 TTTTTTTTTTTTTTTTTTTTTTTTTTTTTT NUMDFT      TELAPSE     2134.81 TCPU     2126.11
 CYC   7 ETOT(AU) -1.446617828018E+03 DETOT -6.04E-05 tst  1.36E-05 PX  3.89E-03
 TTTTTTTTTTTTTTTTTTTTTTTTTTTTTT DIIS        TELAPSE     2135.41 TCPU     2126.62
 DIIS TEST: 0.42941E-02 AT SCF   CYCLE   7 - DIIS ACTIVE - HISTORY:     7 CYCLES
 TTTTTTTTTTTTTTTTTTTTTTTTTTTTTT FDIK        TELAPSE     2154.94 TCPU     2146.08

    ALPHA      ELECTRONS
 INSULATING STATE
 TOP OF VALENCE BANDS -    BAND    114; K   79; EIG -9.3881358E-02 AU
 TOP OF VALENCE BANDS -    BAND    114; K    1; EIG -1.2288458E-01 AU
 BOTTOM OF VIRTUAL BANDS - BAND    115; K    1; EIG -8.0456884E-02 AU
 INDIRECT ENERGY BAND GAP:   0.3653 eV

    BETA       ELECTRONS
 INSULATING STATE
 TOP OF VALENCE BANDS -    BAND    114; K   79; EIG -9.3881358E-02 AU
 TOP OF VALENCE BANDS -    BAND    114; K    1; EIG -1.2288458E-01 AU
 BOTTOM OF VIRTUAL BANDS - BAND    115; K    1; EIG -8.0456884E-02 AU
 INDIRECT ENERGY BAND GAP:   0.3653 eV
 TTTTTTTTTTTTTTTTTTTTTTTTTTTTTT PDIG        TELAPSE     2156.75 TCPU     2147.88
 CHARGE NORMALIZATION FACTOR   1.00000000
 TOTAL ATOMIC CHARGES:
   5.9781897   5.9781897   5.9724302   5.9724302   5.9601850   5.9601850
   5.9987868   5.9987868   5.9785807   5.9785807   5.9767301   5.9767301
   6.0003975   6.0003975   6.0280784   6.0280784   5.9965447   5.9965447
   6.0186526   6.0186526   6.0758469   6.0758469   6.0210179   6.0210179
   5.9735865   5.9735865   5.9876393   5.9876393   6.0031643   6.0031643
   6.0214516   6.0214516   5.9822157   5.9822157   6.0343701   6.0343701
   5.9921320   5.9921320
 SUMMED SPIN DENSITY          -0.00000000
 TOTAL ATOMIC SPINS  :
   0.0000000   0.0000000   0.0000000   0.0000000   0.0000000   0.0000000
   0.0000000   0.0000000   0.0000000   0.0000000  -0.0000000  -0.0000000
  -0.0000000  -0.0000000  -0.0000000  -0.0000000   0.0000000   0.0000000
   0.0000000   0.0000000  -0.0000000  -0.0000000  -0.0000000  -0.0000000
   0.0000000   0.0000000  -0.0000000  -0.0000000  -0.0000000  -0.0000000
  -0.0000000  -0.0000000   0.0000000   0.0000000  -0.0000000  -0.0000000
   0.0000000   0.0000000
 TTTTTTTTTTTTTTTTTTTTTTTTTTTTTT MOQGAD      TELAPSE     2156.79 TCPU     2147.92
 TTTTTTTTTTTTTTTTTTTTTTTTTTTTTT SHELLXN     TELAPSE     2391.49 TCPU     2381.87
 TTTTTTTTTTTTTTTTTTTTTTTTTTTTTT MONMO3      TELAPSE     2391.97 TCPU     2382.35
 NUMERICALLY INTEGRATED DENSITY    114.0000023030    114.0000023030
 TTTTTTTTTTTTTTTTTTTTTTTTTTTTTT NUMDFT      TELAPSE     2395.18 TCPU     2385.55
 CYC   8 ETOT(AU) -1.446618037875E+03 DETOT -2.10E-04 tst  6.34E-06 PX  3.82E-03
 TTTTTTTTTTTTTTTTTTTTTTTTTTTTTT DIIS        TELAPSE     2395.74 TCPU     2385.97
 DIIS TEST: 0.34670E-03 AT SCF   CYCLE   8 - DIIS ACTIVE - HISTORY:     8 CYCLES
 TTTTTTTTTTTTTTTTTTTTTTTTTTTTTT FDIK        TELAPSE     2416.57 TCPU     2406.53

    ALPHA      ELECTRONS
 INSULATING STATE
 TOP OF VALENCE BANDS -    BAND    114; K   79; EIG -9.3791825E-02 AU
 TOP OF VALENCE BANDS -    BAND    114; K    1; EIG -1.2268629E-01 AU
 BOTTOM OF VIRTUAL BANDS - BAND    115; K    1; EIG -8.0357459E-02 AU
 INDIRECT ENERGY BAND GAP:   0.3656 eV

    BETA       ELECTRONS
 INSULATING STATE
 TOP OF VALENCE BANDS -    BAND    114; K   79; EIG -9.3791825E-02 AU
 TOP OF VALENCE BANDS -    BAND    114; K    1; EIG -1.2268629E-01 AU
 BOTTOM OF VIRTUAL BANDS - BAND    115; K    1; EIG -8.0357459E-02 AU
 INDIRECT ENERGY BAND GAP:   0.3656 eV
 TTTTTTTTTTTTTTTTTTTTTTTTTTTTTT PDIG        TELAPSE     2418.38 TCPU     2408.33
 CHARGE NORMALIZATION FACTOR   1.00000000
 TOTAL ATOMIC CHARGES:
   5.9787902   5.9787902   5.9711135   5.9711135   5.9612165   5.9612165
   5.9979805   5.9979805   5.9759122   5.9759122   5.9786191   5.9786191
   5.9998132   5.9998132   6.0279181   6.0279181   5.9982757   5.9982757
   6.0200855   6.0200855   6.0713242   6.0713242   6.0211962   6.0211962
   5.9743633   5.9743633   5.9899284   5.9899284   6.0030370   6.0030370
   6.0199156   6.0199156   5.9816476   5.9816476   6.0351325   6.0351325
   5.9937307   5.9937307
 SUMMED SPIN DENSITY          -0.00000000
 TOTAL ATOMIC SPINS  :
   0.0000000   0.0000000   0.0000000   0.0000000  -0.0000000  -0.0000000
   0.0000000   0.0000000   0.0000000   0.0000000  -0.0000000  -0.0000000
  -0.0000000  -0.0000000  -0.0000000  -0.0000000   0.0000000   0.0000000
   0.0000000   0.0000000   0.0000000   0.0000000   0.0000000   0.0000000
   0.0000000   0.0000000  -0.0000000  -0.0000000  -0.0000000  -0.0000000
  -0.0000000  -0.0000000  -0.0000000  -0.0000000  -0.0000000  -0.0000000
   0.0000000   0.0000000
 TTTTTTTTTTTTTTTTTTTTTTTTTTTTTT MOQGAD      TELAPSE     2418.41 TCPU     2408.36
 TTTTTTTTTTTTTTTTTTTTTTTTTTTTTT SHELLXN     TELAPSE     2652.95 TCPU     2642.57
 TTTTTTTTTTTTTTTTTTTTTTTTTTTTTT MONMO3      TELAPSE     2653.44 TCPU     2643.06
 NUMERICALLY INTEGRATED DENSITY    114.0000023069    114.0000023069
 TTTTTTTTTTTTTTTTTTTTTTTTTTTTTT NUMDFT      TELAPSE     2656.65 TCPU     2646.27
 CYC   9 ETOT(AU) -1.446618053228E+03 DETOT -1.54E-05 tst  2.37E-07 PX  1.01E-03
 TTTTTTTTTTTTTTTTTTTTTTTTTTTTTT DIIS        TELAPSE     2657.27 TCPU     2646.73
 DIIS TEST: 0.54142E-04 AT SCF   CYCLE   9 - DIIS ACTIVE - HISTORY:     9 CYCLES
 TTTTTTTTTTTTTTTTTTTTTTTTTTTTTT FDIK        TELAPSE     2678.38 TCPU     2667.64

    ALPHA      ELECTRONS
 INSULATING STATE
 TOP OF VALENCE BANDS -    BAND    114; K   79; EIG -9.3873869E-02 AU
 TOP OF VALENCE BANDS -    BAND    114; K    1; EIG -1.2276893E-01 AU
 BOTTOM OF VIRTUAL BANDS - BAND    115; K    1; EIG -8.0389453E-02 AU
 INDIRECT ENERGY BAND GAP:   0.3669 eV

    BETA       ELECTRONS
 INSULATING STATE
 TOP OF VALENCE BANDS -    BAND    114; K   79; EIG -9.3873869E-02 AU
 TOP OF VALENCE BANDS -    BAND    114; K    1; EIG -1.2276893E-01 AU
 BOTTOM OF VIRTUAL BANDS - BAND    115; K    1; EIG -8.0389453E-02 AU
 INDIRECT ENERGY BAND GAP:   0.3669 eV
 TTTTTTTTTTTTTTTTTTTTTTTTTTTTTT PDIG        TELAPSE     2680.22 TCPU     2669.48
 CHARGE NORMALIZATION FACTOR   1.00000000
 TOTAL ATOMIC CHARGES:
   5.9789949   5.9789949   5.9721788   5.9721788   5.9609000   5.9609000
   5.9983672   5.9983672   5.9769020   5.9769020   5.9785810   5.9785810
   6.0008812   6.0008812   6.0272344   6.0272344   5.9978332   5.9978332
   6.0200676   6.0200676   6.0725350   6.0725350   6.0217882   6.0217882
   5.9742059   5.9742059   5.9880851   5.9880851   6.0027448   6.0027448
   6.0190860   6.0190860   5.9812997   5.9812997   6.0350294   6.0350294
   5.9932855   5.9932855
 SUMMED SPIN DENSITY          -0.00000000
 TOTAL ATOMIC SPINS  :
   0.0000000   0.0000000   0.0000000   0.0000000   0.0000000   0.0000000
   0.0000000   0.0000000  -0.0000000  -0.0000000  -0.0000000  -0.0000000
  -0.0000000  -0.0000000  -0.0000000  -0.0000000  -0.0000000  -0.0000000
  -0.0000000  -0.0000000  -0.0000000  -0.0000000   0.0000000   0.0000000
   0.0000000   0.0000000   0.0000000   0.0000000   0.0000000   0.0000000
   0.0000000   0.0000000  -0.0000000  -0.0000000  -0.0000000  -0.0000000
  -0.0000000  -0.0000000
 TTTTTTTTTTTTTTTTTTTTTTTTTTTTTT MOQGAD      TELAPSE     2680.25 TCPU     2669.51
 TTTTTTTTTTTTTTTTTTTTTTTTTTTTTT SHELLXN     TELAPSE     2914.45 TCPU     2903.14
 TTTTTTTTTTTTTTTTTTTTTTTTTTTTTT MONMO3      TELAPSE     2914.94 TCPU     2903.62
 NUMERICALLY INTEGRATED DENSITY    114.0000023013    114.0000023013
 TTTTTTTTTTTTTTTTTTTTTTTTTTTTTT NUMDFT      TELAPSE     2918.14 TCPU     2906.81
 CYC  10 ETOT(AU) -1.446618056539E+03 DETOT -3.31E-06 tst  3.73E-08 PX  3.07E-04
 TTTTTTTTTTTTTTTTTTTTTTTTTTTTTT DIIS        TELAPSE     2918.70 TCPU     2907.27
 DIIS TEST: 0.10733E-04 AT SCF   CYCLE  10 - DIIS ACTIVE - HISTORY:    10 CYCLES
 TTTTTTTTTTTTTTTTTTTTTTTTTTTTTT FDIK        TELAPSE     2938.64 TCPU     2927.01

    ALPHA      ELECTRONS
 INSULATING STATE
 TOP OF VALENCE BANDS -    BAND    114; K   79; EIG -9.3878039E-02 AU
 TOP OF VALENCE BANDS -    BAND    114; K    1; EIG -1.2274918E-01 AU
 BOTTOM OF VIRTUAL BANDS - BAND    115; K    1; EIG -8.0381317E-02 AU
 INDIRECT ENERGY BAND GAP:   0.3673 eV

    BETA       ELECTRONS
 INSULATING STATE
 TOP OF VALENCE BANDS -    BAND    114; K   79; EIG -9.3878039E-02 AU
 TOP OF VALENCE BANDS -    BAND    114; K    1; EIG -1.2274918E-01 AU
 BOTTOM OF VIRTUAL BANDS - BAND    115; K    1; EIG -8.0381317E-02 AU
 INDIRECT ENERGY BAND GAP:   0.3673 eV
 TTTTTTTTTTTTTTTTTTTTTTTTTTTTTT PDIG        TELAPSE     2940.50 TCPU     2928.85
 CHARGE NORMALIZATION FACTOR   1.00000000
 TOTAL ATOMIC CHARGES:
   5.9786774   5.9786774   5.9721928   5.9721928   5.9607672   5.9607672
   5.9986977   5.9986977   5.9768168   5.9768168   5.9780454   5.9780454
   6.0007157   6.0007157   6.0278103   6.0278103   5.9979788   5.9979788
   6.0198436   6.0198436   6.0721623   6.0721623   6.0214519   6.0214519
   5.9744553   5.9744553   5.9884997   5.9884997   6.0029963   6.0029963
   6.0197568   6.0197568   5.9811460   5.9811460   6.0349043   6.0349043
   5.9930814   5.9930814
 SUMMED SPIN DENSITY          -0.00000000
 TOTAL ATOMIC SPINS  :
   0.0000000   0.0000000   0.0000000   0.0000000   0.0000000   0.0000000
   0.0000000   0.0000000  -0.0000000  -0.0000000  -0.0000000  -0.0000000
  -0.0000000  -0.0000000  -0.0000000  -0.0000000  -0.0000000  -0.0000000
  -0.0000000  -0.0000000   0.0000000   0.0000000   0.0000000   0.0000000
   0.0000000   0.0000000   0.0000000   0.0000000   0.0000000   0.0000000
   0.0000000   0.0000000  -0.0000000  -0.0000000  -0.0000000  -0.0000000
  -0.0000000  -0.0000000
 TTTTTTTTTTTTTTTTTTTTTTTTTTTTTT MOQGAD      TELAPSE     2940.53 TCPU     2928.88
 TTTTTTTTTTTTTTTTTTTTTTTTTTTTTT SHELLXN     TELAPSE     3174.66 TCPU     3162.40
 TTTTTTTTTTTTTTTTTTTTTTTTTTTTTT MONMO3      TELAPSE     3175.15 TCPU     3162.88
 NUMERICALLY INTEGRATED DENSITY    114.0000023029    114.0000023029
 TTTTTTTTTTTTTTTTTTTTTTTTTTTTTT NUMDFT      TELAPSE     3178.35 TCPU     3166.08
 CYC  11 ETOT(AU) -1.446618057092E+03 DETOT -5.53E-07 tst  9.84E-09 PX  1.55E-04
 TTTTTTTTTTTTTTTTTTTTTTTTTTTTTT DIIS        TELAPSE     3178.91 TCPU     3166.52
 DIIS TEST: 0.13893E-05 AT SCF   CYCLE  11 - DIIS ACTIVE - HISTORY:    11 CYCLES
 TTTTTTTTTTTTTTTTTTTTTTTTTTTTTT FDIK        TELAPSE     3201.82 TCPU     3189.17

    ALPHA      ELECTRONS
 INSULATING STATE
 TOP OF VALENCE BANDS -    BAND    114; K   79; EIG -9.3887472E-02 AU
 TOP OF VALENCE BANDS -    BAND    114; K    1; EIG -1.2274859E-01 AU
 BOTTOM OF VIRTUAL BANDS - BAND    115; K    1; EIG -8.0382143E-02 AU
 INDIRECT ENERGY BAND GAP:   0.3675 eV

    BETA       ELECTRONS
 INSULATING STATE
 TOP OF VALENCE BANDS -    BAND    114; K   79; EIG -9.3887472E-02 AU
 TOP OF VALENCE BANDS -    BAND    114; K    1; EIG -1.2274859E-01 AU
 BOTTOM OF VIRTUAL BANDS - BAND    115; K    1; EIG -8.0382143E-02 AU
 INDIRECT ENERGY BAND GAP:   0.3675 eV
 TTTTTTTTTTTTTTTTTTTTTTTTTTTTTT PDIG        TELAPSE     3203.63 TCPU     3190.97
 CHARGE NORMALIZATION FACTOR   1.00000000
 TOTAL ATOMIC CHARGES:
   5.9787972   5.9787972   5.9721410   5.9721410   5.9608561   5.9608561
   5.9985018   5.9985018   5.9767817   5.9767817   5.9782031   5.9782031
   6.0006545   6.0006545   6.0275470   6.0275470   5.9979262   5.9979262
   6.0198977   6.0198977   6.0721612   6.0721612   6.0215663   6.0215663
   5.9743779   5.9743779   5.9885178   5.9885178   6.0029184   6.0029184
   6.0196416   6.0196416   5.9812896   5.9812896   6.0349818   6.0349818
   5.9932391   5.9932391
 SUMMED SPIN DENSITY          -0.00000000
 TOTAL ATOMIC SPINS  :
  -0.0000000  -0.0000000  -0.0000000  -0.0000000   0.0000000   0.0000000
  -0.0000000  -0.0000000   0.0000000   0.0000000   0.0000000   0.0000000
  -0.0000000  -0.0000000   0.0000000   0.0000000  -0.0000000  -0.0000000
  -0.0000000  -0.0000000   0.0000000   0.0000000  -0.0000000  -0.0000000
  -0.0000000  -0.0000000  -0.0000000  -0.0000000   0.0000000   0.0000000
   0.0000000   0.0000000  -0.0000000  -0.0000000   0.0000000   0.0000000
   0.0000000   0.0000000
 TTTTTTTTTTTTTTTTTTTTTTTTTTTTTT MOQGAD      TELAPSE     3203.67 TCPU     3191.00
 TTTTTTTTTTTTTTTTTTTTTTTTTTTTTT SHELLXN     TELAPSE     3437.49 TCPU     3424.42
 TTTTTTTTTTTTTTTTTTTTTTTTTTTTTT MONMO3      TELAPSE     3437.98 TCPU     3424.90
 NUMERICALLY INTEGRATED DENSITY    114.0000023018    114.0000023018
 TTTTTTTTTTTTTTTTTTTTTTTTTTTTTT NUMDFT      TELAPSE     3441.17 TCPU     3428.09
 CYC  12 ETOT(AU) -1.446618057285E+03 DETOT -1.93E-07 tst  5.92E-09 PX  5.75E-05
 TTTTTTTTTTTTTTTTTTTTTTTTTTTTTT DIIS        TELAPSE     3441.77 TCPU     3428.52
 DIIS TEST: 0.17929E-06 AT SCF   CYCLE  12 - DIIS ACTIVE - HISTORY:    12 CYCLES
 TTTTTTTTTTTTTTTTTTTTTTTTTTTTTT FDIK        TELAPSE     3463.09 TCPU     3449.62

    ALPHA      ELECTRONS
 INSULATING STATE
 TOP OF VALENCE BANDS -    BAND    114; K   79; EIG -9.3893541E-02 AU
 TOP OF VALENCE BANDS -    BAND    114; K    1; EIG -1.2274800E-01 AU
 BOTTOM OF VIRTUAL BANDS - BAND    115; K    1; EIG -8.0381169E-02 AU
 INDIRECT ENERGY BAND GAP:   0.3677 eV

    BETA       ELECTRONS
 INSULATING STATE
 TOP OF VALENCE BANDS -    BAND    114; K   79; EIG -9.3893541E-02 AU
 TOP OF VALENCE BANDS -    BAND    114; K    1; EIG -1.2274800E-01 AU
 BOTTOM OF VIRTUAL BANDS - BAND    115; K    1; EIG -8.0381169E-02 AU
 INDIRECT ENERGY BAND GAP:   0.3677 eV
 TTTTTTTTTTTTTTTTTTTTTTTTTTTTTT PDIG        TELAPSE     3464.89 TCPU     3451.42
 CHARGE NORMALIZATION FACTOR   1.00000000
 TOTAL ATOMIC CHARGES:
   5.9787632   5.9787632   5.9720926   5.9720926   5.9608541   5.9608541
   5.9985314   5.9985314   5.9767546   5.9767546   5.9782511   5.9782511
   6.0006952   6.0006952   6.0276540   6.0276540   5.9979474   5.9979474
   6.0199337   6.0199337   6.0721696   6.0721696   6.0215286   6.0215286
   5.9743926   5.9743926   5.9884756   5.9884756   6.0029560   6.0029560
   6.0195938   6.0195938   5.9812349   5.9812349   6.0349686   6.0349686
   5.9932031   5.9932031
 SUMMED SPIN DENSITY          -0.00000000
 TOTAL ATOMIC SPINS  :
  -0.0000000  -0.0000000  -0.0000000  -0.0000000  -0.0000000  -0.0000000
   0.0000000   0.0000000   0.0000000   0.0000000   0.0000000   0.0000000
   0.0000000   0.0000000   0.0000000   0.0000000   0.0000000   0.0000000
  -0.0000000  -0.0000000   0.0000000   0.0000000  -0.0000000  -0.0000000
  -0.0000000  -0.0000000   0.0000000   0.0000000  -0.0000000  -0.0000000
   0.0000000   0.0000000   0.0000000   0.0000000   0.0000000   0.0000000
   0.0000000   0.0000000
 TTTTTTTTTTTTTTTTTTTTTTTTTTTTTT MOQGAD      TELAPSE     3464.93 TCPU     3451.45
 TTTTTTTTTTTTTTTTTTTTTTTTTTTTTT SHELLXN     TELAPSE     3699.51 TCPU     3685.87
 TTTTTTTTTTTTTTTTTTTTTTTTTTTTTT MONMO3      TELAPSE     3700.00 TCPU     3686.35
 NUMERICALLY INTEGRATED DENSITY    114.0000023020    114.0000023020
 TTTTTTTTTTTTTTTTTTTTTTTTTTTTTT NUMDFT      TELAPSE     3703.21 TCPU     3689.56
 CYC  13 ETOT(AU) -1.446618057341E+03 DETOT -5.59E-08 tst  1.50E-09 PX  2.23E-05
 TTTTTTTTTTTTTTTTTTTTTTTTTTTTTT DIIS        TELAPSE     3703.90 TCPU     3690.08
 DIIS TEST: 0.38415E-07 AT SCF   CYCLE  13 - DIIS ACTIVE - HISTORY:    13 CYCLES
 TTTTTTTTTTTTTTTTTTTTTTTTTTTTTT FDIK        TELAPSE     3725.53 TCPU     3711.40

    ALPHA      ELECTRONS
 INSULATING STATE
 TOP OF VALENCE BANDS -    BAND    114; K   79; EIG -9.3895896E-02 AU
 TOP OF VALENCE BANDS -    BAND    114; K    1; EIG -1.2274590E-01 AU
 BOTTOM OF VIRTUAL BANDS - BAND    115; K    1; EIG -8.0380974E-02 AU
 INDIRECT ENERGY BAND GAP:   0.3678 eV

    BETA       ELECTRONS
 INSULATING STATE
 TOP OF VALENCE BANDS -    BAND    114; K   79; EIG -9.3895896E-02 AU
 TOP OF VALENCE BANDS -    BAND    114; K    1; EIG -1.2274590E-01 AU
 BOTTOM OF VIRTUAL BANDS - BAND    115; K    1; EIG -8.0380974E-02 AU
 INDIRECT ENERGY BAND GAP:   0.3678 eV
 TTTTTTTTTTTTTTTTTTTTTTTTTTTTTT PDIG        TELAPSE     3727.33 TCPU     3713.19
 CHARGE NORMALIZATION FACTOR   1.00000000
 TOTAL ATOMIC CHARGES:
   5.9787766   5.9787766   5.9721093   5.9721093   5.9608467   5.9608467
   5.9985363   5.9985363   5.9767618   5.9767618   5.9782164   5.9782164
   6.0006852   6.0006852   6.0275964   6.0275964   5.9979480   5.9979480
   6.0199562   6.0199562   6.0721316   6.0721316   6.0215521   6.0215521
   5.9743937   5.9743937   5.9884962   5.9884962   6.0029422   6.0029422
   6.0196227   6.0196227   5.9812452   5.9812452   6.0349693   6.0349693
   5.9932141   5.9932141
 SUMMED SPIN DENSITY          -0.00000000
 TOTAL ATOMIC SPINS  :
  -0.0000000  -0.0000000  -0.0000000  -0.0000000   0.0000000   0.0000000
   0.0000000   0.0000000   0.0000000   0.0000000   0.0000000   0.0000000
  -0.0000000  -0.0000000   0.0000000   0.0000000  -0.0000000  -0.0000000
  -0.0000000  -0.0000000  -0.0000000  -0.0000000   0.0000000   0.0000000
  -0.0000000  -0.0000000   0.0000000   0.0000000   0.0000000   0.0000000
  -0.0000000  -0.0000000   0.0000000   0.0000000  -0.0000000  -0.0000000
  -0.0000000  -0.0000000
 TTTTTTTTTTTTTTTTTTTTTTTTTTTTTT MOQGAD      TELAPSE     3727.36 TCPU     3713.22
 TTTTTTTTTTTTTTTTTTTTTTTTTTTTTT SHELLXN     TELAPSE     3962.23 TCPU     3947.47
 TTTTTTTTTTTTTTTTTTTTTTTTTTTTTT MONMO3      TELAPSE     3962.72 TCPU     3947.96
 NUMERICALLY INTEGRATED DENSITY    114.0000023020    114.0000023020
 TTTTTTTTTTTTTTTTTTTTTTTTTTTTTT NUMDFT      TELAPSE     3965.94 TCPU     3951.17
 CYC  14 ETOT(AU) -1.446618057358E+03 DETOT -1.68E-08 tst  4.84E-10 PX  1.10E-05
 TTTTTTTTTTTTTTTTTTTTTTTTTTTTTT DIIS        TELAPSE     3966.50 TCPU     3951.61
 DIIS TEST: 0.67152E-08 AT SCF   CYCLE  14 - DIIS ACTIVE - HISTORY:    14 CYCLES
 TTTTTTTTTTTTTTTTTTTTTTTTTTTTTT FDIK        TELAPSE     3986.43 TCPU     3971.36

    ALPHA      ELECTRONS
 INSULATING STATE
 TOP OF VALENCE BANDS -    BAND    114; K   79; EIG -9.3897310E-02 AU
 TOP OF VALENCE BANDS -    BAND    114; K    1; EIG -1.2274565E-01 AU
 BOTTOM OF VIRTUAL BANDS - BAND    115; K    1; EIG -8.0381472E-02 AU
 INDIRECT ENERGY BAND GAP:   0.3678 eV

    BETA       ELECTRONS
 INSULATING STATE
 TOP OF VALENCE BANDS -    BAND    114; K   79; EIG -9.3897310E-02 AU
 TOP OF VALENCE BANDS -    BAND    114; K    1; EIG -1.2274565E-01 AU
 BOTTOM OF VIRTUAL BANDS - BAND    115; K    1; EIG -8.0381472E-02 AU
 INDIRECT ENERGY BAND GAP:   0.3678 eV
 TTTTTTTTTTTTTTTTTTTTTTTTTTTTTT PDIG        TELAPSE     3988.25 TCPU     3973.17
 CHARGE NORMALIZATION FACTOR   1.00000000
 TOTAL ATOMIC CHARGES:
   5.9787716   5.9787716   5.9721128   5.9721128   5.9608495   5.9608495
   5.9985227   5.9985227   5.9767551   5.9767551   5.9782296   5.9782296
   6.0006837   6.0006837   6.0276138   6.0276138   5.9979416   5.9979416
   6.0199426   6.0199426   6.0721345   6.0721345   6.0215484   6.0215484
   5.9743929   5.9743929   5.9884955   5.9884955   6.0029508   6.0029508
   6.0196128   6.0196128   5.9812504   5.9812504   6.0349763   6.0349763
   5.9932154   5.9932154
 SUMMED SPIN DENSITY          -0.00000000
 TOTAL ATOMIC SPINS  :
  -0.0000000  -0.0000000  -0.0000000  -0.0000000  -0.0000000  -0.0000000
  -0.0000000  -0.0000000   0.0000000   0.0000000   0.0000000   0.0000000
   0.0000000   0.0000000  -0.0000000  -0.0000000  -0.0000000  -0.0000000
  -0.0000000  -0.0000000   0.0000000   0.0000000   0.0000000   0.0000000
   0.0000000   0.0000000   0.0000000   0.0000000   0.0000000   0.0000000
   0.0000000   0.0000000   0.0000000   0.0000000   0.0000000   0.0000000
   0.0000000   0.0000000
 TTTTTTTTTTTTTTTTTTTTTTTTTTTTTT MOQGAD      TELAPSE     3988.28 TCPU     3973.20
 TTTTTTTTTTTTTTTTTTTTTTTTTTTTTT SHELLXN     TELAPSE     4223.07 TCPU     4207.22
 TTTTTTTTTTTTTTTTTTTTTTTTTTTTTT MONMO3      TELAPSE     4223.55 TCPU     4207.71
 NUMERICALLY INTEGRATED DENSITY    114.0000023019    114.0000023019
 TTTTTTTTTTTTTTTTTTTTTTTTTTTTTT NUMDFT      TELAPSE     4226.77 TCPU     4210.91
 CYC  15 ETOT(AU) -1.446618057376E+03 DETOT -1.76E-08 tst  1.17E-10 PX  6.45E-06
 TTTTTTTTTTTTTTTTTTTTTTTTTTTTTT DIIS        TELAPSE     4227.39 TCPU     4211.42
 DIIS TEST: 0.11994E-08 AT SCF   CYCLE  15 - DIIS ACTIVE - HISTORY:    15 CYCLES
 TTTTTTTTTTTTTTTTTTTTTTTTTTTTTT FDIK        TELAPSE     4244.67 TCPU     4228.50

    ALPHA      ELECTRONS
 INSULATING STATE
 TOP OF VALENCE BANDS -    BAND    114; K   79; EIG -9.3898207E-02 AU
 TOP OF VALENCE BANDS -    BAND    114; K    1; EIG -1.2274538E-01 AU
 BOTTOM OF VIRTUAL BANDS - BAND    115; K    1; EIG -8.0381484E-02 AU
 INDIRECT ENERGY BAND GAP:   0.3678 eV

    BETA       ELECTRONS
 INSULATING STATE
 TOP OF VALENCE BANDS -    BAND    114; K   79; EIG -9.3898207E-02 AU
 TOP OF VALENCE BANDS -    BAND    114; K    1; EIG -1.2274538E-01 AU
 BOTTOM OF VIRTUAL BANDS - BAND    115; K    1; EIG -8.0381484E-02 AU
 INDIRECT ENERGY BAND GAP:   0.3678 eV
 TTTTTTTTTTTTTTTTTTTTTTTTTTTTTT PDIG        TELAPSE     4246.47 TCPU     4230.29
 CHARGE NORMALIZATION FACTOR   1.00000000
 TOTAL ATOMIC CHARGES:
   5.9787739   5.9787739   5.9721045   5.9721045   5.9608521   5.9608521
   5.9985282   5.9985282   5.9767564   5.9767564   5.9782285   5.9782285
   6.0006849   6.0006849   6.0276090   6.0276090   5.9979469   5.9979469
   6.0199508   6.0199508   6.0721352   6.0721352   6.0215466   6.0215466
   5.9743943   5.9743943   5.9884913   5.9884913   6.0029494   6.0029494
   6.0196153   6.0196153   5.9812443   5.9812443   6.0349717   6.0349717
   5.9932167   5.9932167
 SUMMED SPIN DENSITY          -0.00000000
 TOTAL ATOMIC SPINS  :
   0.0000000   0.0000000  -0.0000000  -0.0000000   0.0000000   0.0000000
   0.0000000   0.0000000   0.0000000   0.0000000   0.0000000   0.0000000
  -0.0000000  -0.0000000  -0.0000000  -0.0000000   0.0000000   0.0000000
  -0.0000000  -0.0000000  -0.0000000  -0.0000000  -0.0000000  -0.0000000
   0.0000000   0.0000000  -0.0000000  -0.0000000   0.0000000   0.0000000
  -0.0000000  -0.0000000   0.0000000   0.0000000  -0.0000000  -0.0000000
  -0.0000000  -0.0000000
 TTTTTTTTTTTTTTTTTTTTTTTTTTTTTT MOQGAD      TELAPSE     4246.51 TCPU     4230.32
 TTTTTTTTTTTTTTTTTTTTTTTTTTTTTT SHELLXN     TELAPSE     4481.45 TCPU     4464.59
 TTTTTTTTTTTTTTTTTTTTTTTTTTTTTT MONMO3      TELAPSE     4481.94 TCPU     4465.08
 NUMERICALLY INTEGRATED DENSITY    114.0000023019    114.0000023019
 TTTTTTTTTTTTTTTTTTTTTTTTTTTTTT NUMDFT      TELAPSE     4485.14 TCPU     4468.27
 CYC  16 ETOT(AU) -1.446618057381E+03 DETOT -5.39E-09 tst  3.54E-11 PX  3.04E-06
 TTTTTTTTTTTTTTTTTTTTTTTTTTTTTT DIIS        TELAPSE     4485.64 TCPU     4468.77
 DIIS TEST: 0.27746E-09 AT SCF   CYCLE  16 - DIIS ACTIVE - HISTORY:    16 CYCLES
 TTTTTTTTTTTTTTTTTTTTTTTTTTTTTT FDIK        TELAPSE     4499.63 TCPU     4482.59

    ALPHA      ELECTRONS
 INSULATING STATE
 TOP OF VALENCE BANDS -    BAND    114; K   79; EIG -9.3898474E-02 AU
 TOP OF VALENCE BANDS -    BAND    114; K    1; EIG -1.2274522E-01 AU
 BOTTOM OF VIRTUAL BANDS - BAND    115; K    1; EIG -8.0381601E-02 AU
 INDIRECT ENERGY BAND GAP:   0.3678 eV

    BETA       ELECTRONS
 INSULATING STATE
 TOP OF VALENCE BANDS -    BAND    114; K   79; EIG -9.3898474E-02 AU
 TOP OF VALENCE BANDS -    BAND    114; K    1; EIG -1.2274522E-01 AU
 BOTTOM OF VIRTUAL BANDS - BAND    115; K    1; EIG -8.0381601E-02 AU
 INDIRECT ENERGY BAND GAP:   0.3678 eV
 TTTTTTTTTTTTTTTTTTTTTTTTTTTTTT PDIG        TELAPSE     4501.42 TCPU     4484.37
 CHARGE NORMALIZATION FACTOR   1.00000000
 TOTAL ATOMIC CHARGES:
   5.9787729   5.9787729   5.9721066   5.9721066   5.9608505   5.9608505
   5.9985278   5.9985278   5.9767558   5.9767558   5.9782295   5.9782295
   6.0006843   6.0006843   6.0276101   6.0276101   5.9979454   5.9979454
   6.0199503   6.0199503   6.0721322   6.0721322   6.0215471   6.0215471
   5.9743944   5.9743944   5.9884937   5.9884937   6.0029495   6.0029495
   6.0196130   6.0196130   5.9812473   5.9812473   6.0349743   6.0349743
   5.9932153   5.9932153
 SUMMED SPIN DENSITY          -0.00000000
 TOTAL ATOMIC SPINS  :
   0.0000000   0.0000000  -0.0000000  -0.0000000   0.0000000   0.0000000
  -0.0000000  -0.0000000   0.0000000   0.0000000   0.0000000   0.0000000
  -0.0000000  -0.0000000  -0.0000000  -0.0000000  -0.0000000  -0.0000000
  -0.0000000  -0.0000000   0.0000000   0.0000000  -0.0000000  -0.0000000
   0.0000000   0.0000000  -0.0000000  -0.0000000   0.0000000   0.0000000
   0.0000000   0.0000000   0.0000000   0.0000000  -0.0000000  -0.0000000
   0.0000000   0.0000000
 TTTTTTTTTTTTTTTTTTTTTTTTTTTTTT MOQGAD      TELAPSE     4501.45 TCPU     4484.40
 TTTTTTTTTTTTTTTTTTTTTTTTTTTTTT SHELLXN     TELAPSE     4736.40 TCPU     4718.72
 TTTTTTTTTTTTTTTTTTTTTTTTTTTTTT MONMO3      TELAPSE     4736.88 TCPU     4719.21
 NUMERICALLY INTEGRATED DENSITY    114.0000023019    114.0000023019
 TTTTTTTTTTTTTTTTTTTTTTTTTTTTTT NUMDFT      TELAPSE     4740.09 TCPU     4722.41
 CYC  17 ETOT(AU) -1.446618057383E+03 DETOT -2.46E-09 tst  6.15E-12 PX  1.32E-06
 TTTTTTTTTTTTTTTTTTTTTTTTTTTTTT DIIS        TELAPSE     4740.61 TCPU     4722.92
 DIIS TEST: 0.61919E-10 AT SCF   CYCLE  17 - DIIS ACTIVE - HISTORY:    17 CYCLES
 TTTTTTTTTTTTTTTTTTTTTTTTTTTTTT FDIK        TELAPSE     4753.60 TCPU     4735.87

    ALPHA      ELECTRONS
 INSULATING STATE
 TOP OF VALENCE BANDS -    BAND    114; K   79; EIG -9.3898525E-02 AU
 TOP OF VALENCE BANDS -    BAND    114; K    1; EIG -1.2274516E-01 AU
 BOTTOM OF VIRTUAL BANDS - BAND    115; K    1; EIG -8.0381633E-02 AU
 INDIRECT ENERGY BAND GAP:   0.3678 eV

    BETA       ELECTRONS
 INSULATING STATE
 TOP OF VALENCE BANDS -    BAND    114; K   79; EIG -9.3898525E-02 AU
 TOP OF VALENCE BANDS -    BAND    114; K    1; EIG -1.2274516E-01 AU
 BOTTOM OF VIRTUAL BANDS - BAND    115; K    1; EIG -8.0381633E-02 AU
 INDIRECT ENERGY BAND GAP:   0.3678 eV
 TTTTTTTTTTTTTTTTTTTTTTTTTTTTTT PDIG        TELAPSE     4755.41 TCPU     4737.66
 CHARGE NORMALIZATION FACTOR   1.00000000
 TOTAL ATOMIC CHARGES:
   5.9787733   5.9787733   5.9721067   5.9721067   5.9608507   5.9608507
   5.9985269   5.9985269   5.9767557   5.9767557   5.9782291   5.9782291
   6.0006845   6.0006845   6.0276103   6.0276103   5.9979454   5.9979454
   6.0199494   6.0199494   6.0721327   6.0721327   6.0215473   6.0215473
   5.9743947   5.9743947   5.9884933   5.9884933   6.0029498   6.0029498
   6.0196141   6.0196141   5.9812463   5.9812463   6.0349736   6.0349736
   5.9932162   5.9932162
 SUMMED SPIN DENSITY          -0.00000000
 TOTAL ATOMIC SPINS  :
   0.0000000   0.0000000  -0.0000000  -0.0000000   0.0000000   0.0000000
   0.0000000   0.0000000   0.0000000   0.0000000   0.0000000   0.0000000
  -0.0000000  -0.0000000  -0.0000000  -0.0000000   0.0000000   0.0000000
  -0.0000000  -0.0000000  -0.0000000  -0.0000000  -0.0000000  -0.0000000
   0.0000000   0.0000000  -0.0000000  -0.0000000   0.0000000   0.0000000
   0.0000000   0.0000000  -0.0000000  -0.0000000   0.0000000   0.0000000
  -0.0000000  -0.0000000
 TTTTTTTTTTTTTTTTTTTTTTTTTTTTTT MOQGAD      TELAPSE     4755.44 TCPU     4737.70
 TTTTTTTTTTTTTTTTTTTTTTTTTTTTTT SHELLXN     TELAPSE     4989.79 TCPU     4971.43
 TTTTTTTTTTTTTTTTTTTTTTTTTTTTTT MONMO3      TELAPSE     4990.28 TCPU     4971.91
 NUMERICALLY INTEGRATED DENSITY    114.0000023019    114.0000023019
 TTTTTTTTTTTTTTTTTTTTTTTTTTTTTT NUMDFT      TELAPSE     4993.49 TCPU     4975.12
 CYC  18 ETOT(AU) -1.446618057384E+03 DETOT -6.56E-10 tst  3.91E-13 PX  3.11E-07
 TTTTTTTTTTTTTTTTTTTTTTTTTTTTTT DIIS        TELAPSE     4994.09 TCPU     4975.63
 DIIS TEST: 0.29924E-10 AT SCF   CYCLE  18 - DIIS ACTIVE - HISTORY:    18 CYCLES
 TTTTTTTTTTTTTTTTTTTTTTTTTTTTTT FDIK        TELAPSE     5004.48 TCPU     4985.75

    ALPHA      ELECTRONS
 INSULATING STATE
 TOP OF VALENCE BANDS -    BAND    114; K   79; EIG -9.3898560E-02 AU
 TOP OF VALENCE BANDS -    BAND    114; K    1; EIG -1.2274515E-01 AU
 BOTTOM OF VIRTUAL BANDS - BAND    115; K    1; EIG -8.0381641E-02 AU
 INDIRECT ENERGY BAND GAP:   0.3678 eV

    BETA       ELECTRONS
 INSULATING STATE
 TOP OF VALENCE BANDS -    BAND    114; K   79; EIG -9.3898560E-02 AU
 TOP OF VALENCE BANDS -    BAND    114; K    1; EIG -1.2274515E-01 AU
 BOTTOM OF VIRTUAL BANDS - BAND    115; K    1; EIG -8.0381641E-02 AU
 INDIRECT ENERGY BAND GAP:   0.3678 eV
 TTTTTTTTTTTTTTTTTTTTTTTTTTTTTT PDIG        TELAPSE     5006.28 TCPU     4987.53
 CHARGE NORMALIZATION FACTOR   1.00000000
 TOTAL ATOMIC CHARGES:
   5.9787732   5.9787732   5.9721066   5.9721066   5.9608507   5.9608507
   5.9985270   5.9985270   5.9767557   5.9767557   5.9782292   5.9782292
   6.0006843   6.0006843   6.0276103   6.0276103   5.9979454   5.9979454
   6.0199493   6.0199493   6.0721331   6.0721331   6.0215469   6.0215469
   5.9743946   5.9743946   5.9884931   5.9884931   6.0029499   6.0029499
   6.0196141   6.0196141   5.9812463   5.9812463   6.0349739   6.0349739
   5.9932163   5.9932163
 SUMMED SPIN DENSITY          -0.00000000
 TOTAL ATOMIC SPINS  :
   0.0000000   0.0000000  -0.0000000  -0.0000000   0.0000000   0.0000000
   0.0000000   0.0000000   0.0000000   0.0000000   0.0000000   0.0000000
  -0.0000000  -0.0000000  -0.0000000  -0.0000000   0.0000000   0.0000000
  -0.0000000  -0.0000000  -0.0000000  -0.0000000  -0.0000000  -0.0000000
  -0.0000000  -0.0000000   0.0000000   0.0000000   0.0000000   0.0000000
   0.0000000   0.0000000  -0.0000000  -0.0000000   0.0000000   0.0000000
   0.0000000   0.0000000
 TTTTTTTTTTTTTTTTTTTTTTTTTTTTTT MOQGAD      TELAPSE     5006.31 TCPU     4987.57
 TTTTTTTTTTTTTTTTTTTTTTTTTTTTTT SHELLXN     TELAPSE     5241.26 TCPU     5222.46
 +++ ENERGIES IN A.U. +++
 ::: EXT EL-POLE                                  -5.5737647624513E+03
 ::: EXT EL-SPHEROPOLE                             5.0630311928828E+01
 ::: BIELET ZONE E-E                               5.8470240873959E+03
 ::: TOTAL E-E                                     3.2388963687340E+02
 ::: TOTAL E-N + N-E                              -2.6203243470059E+03
 ::: TOTAL N-N                                    -4.2583547600453E+02
 ::: KINETIC ENERGY                                1.4423514126877E+03
 ::: PSEUDO TOTAL   ENERGY                        -1.2799187734493E+03
 ::: VIRIAL COEFFICIENT                            1.0596680814658E+00
 TTTTTTTTTTTTTTTTTTTTTTTTTTTTTT MONMO3      TELAPSE     5241.75 TCPU     5222.95
 NUMERICALLY INTEGRATED DENSITY    114.0000023019    114.0000023019
 EXCHANGE ENERGY: -0.157164992943E+03  CORRELATION ENERGY: -0.953429099171E+01
 TTTTTTTTTTTTTTTTTTTTTTTTTTTTTT NUMDFT      TELAPSE     5244.94 TCPU     5226.14
 CYC  19 ETOT(AU) -1.446618057384E+03 DETOT -2.80E-10 tst  1.26E-13 PX  3.11E-07

 == SCF ENDED - CONVERGENCE ON ENERGY      E(AU) -1.4466180573844E+03 CYCLES  19


 ENERGY EXPRESSION=HARTREE+FOCK EXCH*0.20000+(BECKE      EXCH)*0.80000+LYP        CORR


 TOTAL ENERGY(DFT)(AU)( 19) -1.4466180573844E+03 DE-2.8E-10 tester 1.3E-13
 TTTTTTTTTTTTTTTTTTTTTTTTTTTTTT EDFT        TELAPSE     5245.00 TCPU     5226.20
 
 INFORMATION **** DFTD3 ENERGY **** CALCULATE DFTD3 ENERGY

           DFT-D V3(BJ)
 DF                                         b3-lyp    
 parameters
 s6       :    1.0000
 s8       :    1.9889
 a1       :    0.3981
 a2       :    4.4211
 k1 k3    :   16.0000   -4.0000
 Cutoff   :   50.2022
 CN-Cutoff:   21.1671
 ABC-Cutoff:   21.1671
 
 Edisp /kcal,au:  -234.5796 -0.37382627

 E6    /kcal :  -112.9840
 E8    /kcal :  -121.5956
 
 INFORMATION **** DFTD3 ENERGY **** NORMAL TERMINATION OF DFTD3 MODULE

 *******************************************************************************

 DFT-D3 DISPERSION ENERGY CORRECTION

 D3 DISPERSION ENERGY (AU)       -3.7382627437269E-01
 TOTAL ENERGY + DISP (AU)        -1.4469918836587E+03

 *******************************************************************************


 NEIGHBORS OF THE NON-EQUIVALENT ATOMS

 N = NUMBER OF NEIGHBORS AT DISTANCE R
    ATOM  N     R/ANG      R/AU   NEIGHBORS (ATOM LABELS AND CELL INDICES)
   1 C    1     1.3921     2.6306   16 C   -1 0-1
   1 C    1     1.4779     2.7928    9 C    0 0 0
   1 C    1     1.4859     2.8079   37 C   -1 0 0
   1 C    1     2.3072     4.3599   22 C    0 0 0
   1 C    1     2.4587     4.6462   29 C   -1 0-1
   1 C    1     2.5169     4.7562   24 C   -1 0 0

   3 C    1     1.4775     2.7921   11 C    0 0 0
   3 C    1     1.5070     2.8478   33 C    0 0 0
   3 C    1     1.5108     2.8550   20 C    0 0 0
   3 C    1     1.5565     2.9414   21 C    0 0 0
   3 C    1     2.5216     4.7651    7 C    0 0 0
   3 C    1     2.5336     4.7877   10 C    0 0 0

   5 C    1     1.4660     2.7704   13 C    0 0 0
   5 C    1     1.4911     2.8178   23 C    0 0 0
   5 C    1     1.5232     2.8785   35 C    0 0 0
   5 C    1     1.6562     3.1298   18 C    0-1 0
   5 C    1     2.4595     4.6477   24 C    0 0 0
   5 C    1     2.4685     4.6648   38 C    0 0 0

   7 C    1     1.3814     2.6104   33 C    0 0 0
   7 C    1     1.4863     2.8087   37 C   -1 0 0
   7 C    1     1.4971     2.8291   35 C   -1 0 0
   7 C    1     2.2788     4.3064   24 C   -1 0 0
   7 C    1     2.3620     4.4636   22 C    0 0 0
   7 C    1     2.4550     4.6392   26 C    0 0 0

   9 C    1     1.3655     2.5805   28 C    0 1 0
   9 C    1     1.4548     2.7491   22 C    0 0 0
   9 C    1     1.4779     2.7928    1 C    0 0 0
   9 C    1     2.3790     4.4957   37 C   -1 0 0
   9 C    1     2.4864     4.6986   33 C    0 0 0
   9 C    1     2.5011     4.7264   15 C    0 1 0

  11 C    1     1.3448     2.5413   32 C    0 0 1
  11 C    1     1.4139     2.6718   26 C    0 0 0
  11 C    1     1.4775     2.7921    3 C    0 0 0
  11 C    1     2.1563     4.0749   17 C    0 0 1
  11 C    1     2.2910     4.3293   21 C    0 0 0
  11 C    1     2.3826     4.5024   35 C   -1 0 0

  13 C    1     1.3763     2.6008   30 C    0 0 0
  13 C    1     1.4660     2.7704    5 C    0 0 0
  13 C    1     1.4674     2.7729   24 C    0 0 0
  13 C    1     2.2835     4.3152   23 C    0 0 0
  13 C    1     2.3650     4.4692   19 C    0 0 0
  13 C    1     2.4040     4.5430   35 C    0 0 0

  15 C    1     1.3921     2.6306    2 C    0 0 0
  15 C    1     1.4897     2.8152   30 C    0 0 0
  15 C    1     1.5533     2.9353   28 C    0 0 0
  15 C    1     2.4830     4.6922   19 C    0 0 0
  15 C    1     2.5011     4.7264    9 C    0-1 0
  15 C    1     2.5403     4.8005   38 C    0 0 0

  17 C    1     1.5419     2.9138   28 C    0 0 0
  17 C    1     1.5569     2.9422   32 C    0 0 0
  17 C    1     1.6562     3.1298    6 C   -1 0-1
  17 C    1     1.6787     3.1723   26 C    0 0-1
  17 C    1     2.1563     4.0749   11 C    0 0-1
  17 C    1     2.5952     4.9043    9 C    0-1 0

  19 C    1     1.3960     2.6380   32 C    0 0 0
  19 C    1     1.4156     2.6752   30 C    0 0 0
  19 C    1     1.5108     2.8550    4 C    0 0 0
  19 C    1     2.2605     4.2717   22 C    0 0 0
  19 C    1     2.3650     4.4692   13 C    0 0 0
  19 C    1     2.4464     4.6230   11 C    0 0-1

  21 C    1     1.4266     2.6959   34 C    0 0 1
  21 C    1     1.4548     2.7491   10 C    0 0 0
  21 C    1     1.5565     2.9414    3 C    0 0 0
  21 C    1     2.2605     4.2717   20 C    0 0 0
  21 C    1     2.2910     4.3293   11 C    0 0 0
  21 C    1     2.3072     4.3599    2 C    0 1 0

  23 C    1     1.3619     2.5736   38 C    0 0 0
  23 C    1     1.4674     2.7729   14 C    0 0 0
  23 C    1     1.4911     2.8178    5 C    0 0 0
  23 C    1     2.2788     4.3064    8 C    0-1 1
  23 C    1     2.2835     4.3152   13 C    0 0 0
  23 C    1     2.3890     4.5146   35 C    0 0 0

  25 C    1     1.3654     2.5803   36 C    0 0 0
  25 C    1     1.4139     2.6718   12 C    0 0 0
  25 C    1     1.6787     3.1723   18 C    0 0 0
  25 C    1     2.0592     3.8913   31 C    0 0 0
  25 C    1     2.4550     4.6392    8 C    0 0 0
  25 C    1     2.4958     4.7164    6 C    0 1-1

  27 C    1     1.3655     2.5805   10 C    1 0 0
  27 C    1     1.5419     2.9138   18 C    0 0 0
  27 C    1     1.5533     2.9353   16 C    0 0 0
  27 C    1     2.4253     4.5832   21 C    1 0 0
  27 C    1     2.4483     4.6266   31 C    0 0 0
  27 C    1     2.5942     4.9022   29 C    0 0 0

  29 C    1     1.3763     2.6008   14 C    0 0 0
  29 C    1     1.4156     2.6752   20 C    0 0 0
  29 C    1     1.4897     2.8152   16 C    0 0 0
  29 C    1     2.3098     4.3649   31 C    0 0 0
  29 C    1     2.4587     4.6462    1 C    1 0 1
  29 C    1     2.4766     4.6802   23 C    0 0 0

  31 C    1     1.3448     2.5413   12 C    0 0 0
  31 C    1     1.3960     2.6380   20 C    0 0 0
  31 C    1     1.5569     2.9422   18 C    0 0 0
  31 C    1     2.0592     3.8913   25 C    0 0 0
  31 C    1     2.3098     4.3649   29 C    0 0 0
  31 C    1     2.4483     4.6266   27 C    0 0 0

  33 C    1     1.3814     2.6104    7 C    0 0 0
  33 C    1     1.4266     2.6959   22 C    0 0 0
  33 C    1     1.5070     2.8478    3 C    0 0 0
  33 C    1     2.3921     4.5203   37 C   -1 0 0
  33 C    1     2.4240     4.5808   11 C    0 0 0
  33 C    1     2.4736     4.6745   21 C    0 0 0

  35 C    1     1.3654     2.5803   26 C    1 0 0
  35 C    1     1.4971     2.8291    7 C    1 0 0
  35 C    1     1.5232     2.8785    5 C    0 0 0
  35 C    1     2.3826     4.5024   11 C    1 0 0
  35 C    1     2.3890     4.5146   23 C    0 0 0
  35 C    1     2.4040     4.5430   13 C    0 0 0

  37 C    1     1.3619     2.5736   24 C    0 0 0
  37 C    1     1.4859     2.8079    1 C    1 0 0
  37 C    1     1.4863     2.8087    7 C    1 0 0
  37 C    1     2.3790     4.4957    9 C    1 0 0
  37 C    1     2.3921     4.5203   33 C    1 0 0
  37 C    1     2.4591     4.6471   13 C    0 0 0

 TTTTTTTTTTTTTTTTTTTTTTTTTTTTTT AFTER FIRST TELAPSE     5245.36 TCPU     5226.46
 MMMMMMMMMMMMMMMMMMMMMMMMMMMMMMMMMMMMMMMMMMMMMMMMMMMMMMMMMMMMMMMMMMMMMMMMMMMMMMM
     ALPHA+BETA ELECTRONS
 MULLIKEN POPULATION ANALYSIS - NO. OF ELECTRONS  228.000000

  ATOM    Z CHARGE  A.O. POPULATION

   1 C    6  5.979  0.854  1.121  0.767  0.414  0.406  0.440  0.478 -0.048
                    0.015  0.014  0.643  0.422  0.413  0.009  0.007  0.014
                    0.005  0.004
   2 C    6  5.979  0.854  1.121  0.767  0.414  0.406  0.440  0.478 -0.048
                    0.015  0.014  0.643  0.422  0.413  0.009  0.007  0.014
                    0.005  0.004
   3 C    6  5.972  0.853  1.122  0.759  0.397  0.429  0.451  0.447 -0.002
                    0.022  0.015  0.505  0.457  0.468  0.009  0.010  0.011
                    0.010  0.011
   4 C    6  5.972  0.853  1.122  0.759  0.397  0.429  0.451  0.447 -0.002
                    0.022  0.015  0.505  0.457  0.468  0.009  0.010  0.011
                    0.010  0.011
   5 C    6  5.961  0.853  1.121  0.761  0.418  0.423  0.436  0.462  0.006
                    0.006  0.003  0.470  0.491  0.463  0.010  0.012  0.006
                    0.011  0.009
   6 C    6  5.961  0.853  1.121  0.761  0.418  0.423  0.436  0.462  0.006
                    0.006  0.003  0.470  0.491  0.463  0.010  0.012  0.006
                    0.011  0.009
   7 C    6  5.999  0.854  1.121  0.760  0.427  0.417  0.480  0.437 -0.051
                    0.006  0.003  0.624  0.423  0.457  0.009  0.005  0.010
                    0.007  0.008
   8 C    6  5.999  0.854  1.121  0.760  0.427  0.417  0.480  0.437 -0.051
                    0.006  0.003  0.624  0.423  0.457  0.009  0.005  0.010
                    0.007  0.008
   9 C    6  5.977  0.854  1.121  0.769  0.408  0.458  0.464  0.429 -0.001
                    0.002 -0.030  0.453  0.447  0.561  0.004  0.008  0.007
                    0.013  0.011
  10 C    6  5.977  0.854  1.121  0.769  0.408  0.458  0.464  0.429 -0.001
                    0.002 -0.030  0.453  0.447  0.561  0.004  0.008  0.007
                    0.013  0.011
  11 C    6  5.978  0.854  1.120  0.778  0.405  0.375  0.485  0.512 -0.048
                    0.011  0.002  0.608  0.405  0.426  0.012  0.007  0.013
                    0.007  0.006
  12 C    6  5.978  0.854  1.120  0.778  0.405  0.375  0.485  0.512 -0.048
                    0.011  0.002  0.608  0.405  0.426  0.012  0.007  0.013
                    0.007  0.006
  13 C    6  6.001  0.854  1.120  0.776  0.422  0.454  0.461  0.433 -0.017
                   -0.017 -0.004  0.506  0.512  0.458  0.009  0.011  0.009
                    0.007  0.007
  14 C    6  6.001  0.854  1.120  0.776  0.422  0.454  0.461  0.433 -0.017
                   -0.017 -0.004  0.506  0.512  0.458  0.009  0.011  0.009
                    0.007  0.007
  15 C    6  6.028  0.854  1.122  0.761  0.445  0.399  0.445  0.470 -0.071
                    0.019  0.009  0.672  0.429  0.439  0.010  0.005  0.011
                    0.005  0.003
  16 C    6  6.028  0.854  1.122  0.761  0.445  0.399  0.445  0.470 -0.071
                    0.019  0.009  0.672  0.429  0.439  0.010  0.005  0.011
                    0.005  0.003
  17 C    6  5.998  0.854  1.121  0.768  0.507  0.416  0.429  0.388 -0.009
                    0.003  0.002  0.516  0.479  0.486  0.011  0.007  0.005
                    0.009  0.007
  18 C    6  5.998  0.854  1.121  0.768  0.507  0.416  0.429  0.388 -0.009
                    0.003  0.002  0.516  0.479  0.486  0.011  0.007  0.005
                    0.009  0.007
  19 C    6  6.020  0.854  1.121  0.767  0.426  0.412  0.462  0.478 -0.025
                    0.005 -0.016  0.511  0.468  0.517  0.007  0.008  0.009
                    0.008  0.009
  20 C    6  6.020  0.854  1.121  0.767  0.426  0.412  0.462  0.478 -0.025
                    0.005 -0.016  0.511  0.468  0.517  0.007  0.008  0.009
                    0.008  0.009
  21 C    6  6.072  0.854  1.120  0.777  0.493  0.441  0.419  0.448 -0.007
                   -0.041 -0.012  0.467  0.575  0.497  0.007  0.012  0.007
                    0.007  0.006
  22 C    6  6.072  0.854  1.120  0.777  0.493  0.441  0.419  0.448 -0.007
                   -0.041 -0.012  0.467  0.575  0.497  0.007  0.012  0.007
                    0.007  0.006
  23 C    6  6.022  0.854  1.120  0.778  0.446  0.398  0.514  0.430 -0.037
                    0.003 -0.011  0.565  0.440  0.478  0.007  0.006  0.011
                    0.010  0.009
  24 C    6  6.022  0.854  1.120  0.778  0.446  0.398  0.514  0.430 -0.037
                    0.003 -0.011  0.565  0.440  0.478  0.007  0.006  0.011
                    0.010  0.009
  25 C    6  5.974  0.854  1.120  0.768  0.457  0.401  0.471  0.444 -0.045
                   -0.002  0.015  0.602  0.452  0.396  0.013  0.007  0.008
                    0.007  0.005
  26 C    6  5.974  0.854  1.120  0.768  0.457  0.401  0.471  0.444 -0.045
                   -0.002  0.015  0.602  0.452  0.396  0.013  0.007  0.008
                    0.007  0.005
  27 C    6  5.988  0.854  1.122  0.761  0.444  0.444  0.446  0.413 -0.026
                   -0.005 -0.004  0.537  0.478  0.489  0.006  0.008  0.009
                    0.007  0.008
  28 C    6  5.988  0.854  1.122  0.761  0.444  0.444  0.446  0.413 -0.026
                   -0.005 -0.004  0.537  0.478  0.489  0.006  0.008  0.009
                    0.007  0.008
  29 C    6  6.003  0.854  1.121  0.764  0.407  0.460  0.467  0.435 -0.017
                    0.012 -0.030  0.507  0.424  0.558  0.006  0.006  0.007
                    0.013  0.011
  30 C    6  6.003  0.854  1.121  0.764  0.407  0.460  0.467  0.435 -0.017
                    0.012 -0.030  0.507  0.424  0.558  0.006  0.006  0.007
                    0.013  0.011
  31 C    6  6.020  0.854  1.120  0.768  0.421  0.393  0.451  0.523 -0.055
                    0.012 -0.008  0.639  0.429  0.429  0.013  0.008  0.013
                    0.007  0.004
  32 C    6  6.020  0.854  1.120  0.768  0.421  0.393  0.451  0.523 -0.055
                    0.012 -0.008  0.639  0.429  0.429  0.013  0.008  0.013
                    0.007  0.004
  33 C    6  5.981  0.854  1.121  0.764  0.398  0.420  0.480  0.459 -0.041
                    0.001  0.005  0.604  0.433  0.443  0.010  0.005  0.012
                    0.007  0.006
  34 C    6  5.981  0.854  1.121  0.764  0.398  0.420  0.480  0.459 -0.041
                    0.001  0.005  0.604  0.433  0.443  0.010  0.005  0.012
                    0.007  0.006
  35 C    6  6.035  0.854  1.121  0.759  0.434  0.417  0.444  0.477 -0.050
                    0.015 -0.007  0.632  0.424  0.478  0.008  0.006  0.010
                    0.007  0.006
  36 C    6  6.035  0.854  1.121  0.759  0.434  0.417  0.444  0.477 -0.050
                    0.015 -0.007  0.632  0.424  0.478  0.008  0.006  0.010
                    0.007  0.006
  37 C    6  5.993  0.854  1.121  0.763  0.413  0.400  0.496  0.454 -0.047
                    0.004  0.013  0.624  0.411  0.448  0.010  0.006  0.011
                    0.007  0.007
  38 C    6  5.993  0.854  1.121  0.763  0.413  0.400  0.496  0.454 -0.047
                    0.004  0.013  0.624  0.411  0.448  0.010  0.006  0.011
                    0.007  0.007

  ATOM    Z CHARGE  SHELL POPULATION

   1 C    6  5.979  0.854  1.121  0.767  0.414  1.325 -0.019  1.478  0.039
   2 C    6  5.979  0.854  1.121  0.767  0.414  1.325 -0.019  1.478  0.039
   3 C    6  5.972  0.853  1.122  0.759  0.397  1.327  0.034  1.429  0.051
   4 C    6  5.972  0.853  1.122  0.759  0.397  1.327  0.034  1.429  0.051
   5 C    6  5.961  0.853  1.121  0.761  0.418  1.320  0.015  1.424  0.048
   6 C    6  5.961  0.853  1.121  0.761  0.418  1.320  0.015  1.424  0.048
   7 C    6  5.999  0.854  1.121  0.760  0.427  1.335 -0.041  1.504  0.039
   8 C    6  5.999  0.854  1.121  0.760  0.427  1.335 -0.041  1.504  0.039
   9 C    6  5.977  0.854  1.121  0.769  0.408  1.351 -0.029  1.461  0.042
  10 C    6  5.977  0.854  1.121  0.769  0.408  1.351 -0.029  1.461  0.042
  11 C    6  5.978  0.854  1.120  0.778  0.405  1.371 -0.035  1.439  0.046
  12 C    6  5.978  0.854  1.120  0.778  0.405  1.371 -0.035  1.439  0.046
  13 C    6  6.001  0.854  1.120  0.776  0.422  1.349 -0.038  1.476  0.042
  14 C    6  6.001  0.854  1.120  0.776  0.422  1.349 -0.038  1.476  0.042
  15 C    6  6.028  0.854  1.122  0.761  0.445  1.313 -0.043  1.540  0.035
  16 C    6  6.028  0.854  1.122  0.761  0.445  1.313 -0.043  1.540  0.035
  17 C    6  5.998  0.854  1.121  0.768  0.507  1.232 -0.004  1.480  0.039
  18 C    6  5.998  0.854  1.121  0.768  0.507  1.232 -0.004  1.480  0.039
  19 C    6  6.020  0.854  1.121  0.767  0.426  1.352 -0.036  1.495  0.041
  20 C    6  6.020  0.854  1.121  0.767  0.426  1.352 -0.036  1.495  0.041
  21 C    6  6.072  0.854  1.120  0.777  0.493  1.309 -0.059  1.539  0.039
  22 C    6  6.072  0.854  1.120  0.777  0.493  1.309 -0.059  1.539  0.039
  23 C    6  6.022  0.854  1.120  0.778  0.446  1.341 -0.045  1.484  0.043
  24 C    6  6.022  0.854  1.120  0.778  0.446  1.341 -0.045  1.484  0.043
  25 C    6  5.974  0.854  1.120  0.768  0.457  1.316 -0.032  1.450  0.041
  26 C    6  5.974  0.854  1.120  0.768  0.457  1.316 -0.032  1.450  0.041
  27 C    6  5.988  0.854  1.122  0.761  0.444  1.304 -0.035  1.503  0.037
  28 C    6  5.988  0.854  1.122  0.761  0.444  1.304 -0.035  1.503  0.037
  29 C    6  6.003  0.854  1.121  0.764  0.407  1.361 -0.035  1.489  0.042
  30 C    6  6.003  0.854  1.121  0.764  0.407  1.361 -0.035  1.489  0.042
  31 C    6  6.020  0.854  1.120  0.768  0.421  1.367 -0.052  1.496  0.045
  32 C    6  6.020  0.854  1.120  0.768  0.421  1.367 -0.052  1.496  0.045
  33 C    6  5.981  0.854  1.121  0.764  0.398  1.360 -0.035  1.480  0.040
  34 C    6  5.981  0.854  1.121  0.764  0.398  1.360 -0.035  1.480  0.040
  35 C    6  6.035  0.854  1.121  0.759  0.434  1.338 -0.043  1.534  0.038
  36 C    6  6.035  0.854  1.121  0.759  0.434  1.338 -0.043  1.534  0.038
  37 C    6  5.993  0.854  1.121  0.763  0.413  1.350 -0.030  1.483  0.040
  38 C    6  5.993  0.854  1.121  0.763  0.413  1.350 -0.030  1.483  0.040

 OVERLAP POPULATION CONDENSED TO ATOMS FOR FIRST   6 NEIGHBORS

 ATOM A   1 C    ATOM B     CELL      R(AB)/AU R(AB)/ANG    OVPOP(AB)
                 16 C    ( -1  0 -1)     2.631     1.392     0.490
                  9 C    (  0  0  0)     2.793     1.478     0.320
                 37 C    ( -1  0  0)     2.808     1.486     0.408
                 22 C    (  0  0  0)     4.360     2.307    -0.000
                 29 C    ( -1  0 -1)     4.646     2.459    -0.019
                 24 C    ( -1  0  0)     4.756     2.517    -0.023

 ATOM A   3 C    ATOM B     CELL      R(AB)/AU R(AB)/ANG    OVPOP(AB)
                 11 C    (  0  0  0)     2.792     1.478     0.308
                 33 C    (  0  0  0)     2.848     1.507     0.330
                 20 C    (  0  0  0)     2.855     1.511     0.310
                 21 C    (  0  0  0)     2.941     1.557     0.297
                  7 C    (  0  0  0)     4.765     2.522    -0.026
                 10 C    (  0  0  0)     4.788     2.534    -0.022

 ATOM A   5 C    ATOM B     CELL      R(AB)/AU R(AB)/ANG    OVPOP(AB)
                 13 C    (  0  0  0)     2.770     1.466     0.244
                 23 C    (  0  0  0)     2.818     1.491     0.239
                 35 C    (  0  0  0)     2.878     1.523     0.289
                 18 C    (  0 -1  0)     3.130     1.656     0.206
                 24 C    (  0  0  0)     4.648     2.459    -0.007
                 38 C    (  0  0  0)     4.665     2.468    -0.016

 ATOM A   7 C    ATOM B     CELL      R(AB)/AU R(AB)/ANG    OVPOP(AB)
                 33 C    (  0  0  0)     2.610     1.381     0.476
                 37 C    ( -1  0  0)     2.809     1.486     0.395
                 35 C    ( -1  0  0)     2.829     1.497     0.408
                 24 C    ( -1  0  0)     4.306     2.279    -0.022
                 22 C    (  0  0  0)     4.464     2.362    -0.038
                 26 C    (  0  0  0)     4.639     2.455    -0.020

 ATOM A   9 C    ATOM B     CELL      R(AB)/AU R(AB)/ANG    OVPOP(AB)
                 28 C    (  0  1  0)     2.580     1.366     0.515
                 22 C    (  0  0  0)     2.749     1.455     0.290
                  1 C    (  0  0  0)     2.793     1.478     0.320
                 37 C    ( -1  0  0)     4.496     2.379    -0.038
                 33 C    (  0  0  0)     4.699     2.486    -0.009
                 15 C    (  0  1  0)     4.726     2.501    -0.030

 ATOM A  11 C    ATOM B     CELL      R(AB)/AU R(AB)/ANG    OVPOP(AB)
                 32 C    (  0  0  1)     2.541     1.345     0.476
                 26 C    (  0  0  0)     2.672     1.414     0.416
                  3 C    (  0  0  0)     2.792     1.478     0.308
                 17 C    (  0  0  1)     4.075     2.156    -0.083
                 21 C    (  0  0  0)     4.329     2.291    -0.045
                 35 C    ( -1  0  0)     4.502     2.383    -0.033

 ATOM A  13 C    ATOM B     CELL      R(AB)/AU R(AB)/ANG    OVPOP(AB)
                 30 C    (  0  0  0)     2.601     1.376     0.456
                  5 C    (  0  0  0)     2.770     1.466     0.244
                 24 C    (  0  0  0)     2.773     1.467     0.288
                 23 C    (  0  0  0)     4.315     2.283     0.008
                 19 C    (  0  0  0)     4.469     2.365    -0.039
                 35 C    (  0  0  0)     4.543     2.404    -0.016

 ATOM A  15 C    ATOM B     CELL      R(AB)/AU R(AB)/ANG    OVPOP(AB)
                  2 C    (  0  0  0)     2.631     1.392     0.490
                 30 C    (  0  0  0)     2.815     1.490     0.325
                 28 C    (  0  0  0)     2.935     1.553     0.357
                 19 C    (  0  0  0)     4.692     2.483    -0.012
                  9 C    (  0 -1  0)     4.726     2.501    -0.030
                 38 C    (  0  0  0)     4.801     2.540    -0.023

 ATOM A  17 C    ATOM B     CELL      R(AB)/AU R(AB)/ANG    OVPOP(AB)
                 28 C    (  0  0  0)     2.914     1.542     0.297
                 32 C    (  0  0  0)     2.942     1.557     0.271
                  6 C    ( -1  0 -1)     3.130     1.656     0.206
                 26 C    (  0  0 -1)     3.172     1.679     0.310
                 11 C    (  0  0 -1)     4.075     2.156    -0.083
                  9 C    (  0 -1  0)     4.904     2.595    -0.016

 ATOM A  19 C    ATOM B     CELL      R(AB)/AU R(AB)/ANG    OVPOP(AB)
                 32 C    (  0  0  0)     2.638     1.396     0.342
                 30 C    (  0  0  0)     2.675     1.416     0.365
                  4 C    (  0  0  0)     2.855     1.511     0.310
                 22 C    (  0  0  0)     4.272     2.260     0.007
                 13 C    (  0  0  0)     4.469     2.365    -0.039
                 11 C    (  0  0 -1)     4.623     2.446    -0.023

 ATOM A  21 C    ATOM B     CELL      R(AB)/AU R(AB)/ANG    OVPOP(AB)
                 34 C    (  0  0  1)     2.696     1.427     0.368
                 10 C    (  0  0  0)     2.749     1.455     0.290
                  3 C    (  0  0  0)     2.941     1.557     0.297
                 20 C    (  0  0  0)     4.272     2.260     0.007
                 11 C    (  0  0  0)     4.329     2.291    -0.045
                  2 C    (  0  1  0)     4.360     2.307    -0.000

 ATOM A  23 C    ATOM B     CELL      R(AB)/AU R(AB)/ANG    OVPOP(AB)
                 38 C    (  0  0  0)     2.574     1.362     0.398
                 14 C    (  0  0  0)     2.773     1.467     0.288
                  5 C    (  0  0  0)     2.818     1.491     0.239
                  8 C    (  0 -1  1)     4.306     2.279    -0.022
                 13 C    (  0  0  0)     4.315     2.283     0.008
                 35 C    (  0  0  0)     4.515     2.389    -0.035

 ATOM A  25 C    ATOM B     CELL      R(AB)/AU R(AB)/ANG    OVPOP(AB)
                 36 C    (  0  0  0)     2.580     1.365     0.457
                 12 C    (  0  0  0)     2.672     1.414     0.416
                 18 C    (  0  0  0)     3.172     1.679     0.310
                 31 C    (  0  0  0)     3.891     2.059    -0.107
                  8 C    (  0  0  0)     4.639     2.455    -0.020
                  6 C    (  0  1 -1)     4.716     2.496    -0.022

 ATOM A  27 C    ATOM B     CELL      R(AB)/AU R(AB)/ANG    OVPOP(AB)
                 10 C    (  1  0  0)     2.580     1.366     0.515
                 18 C    (  0  0  0)     2.914     1.542     0.297
                 16 C    (  0  0  0)     2.935     1.553     0.357
                 21 C    (  1  0  0)     4.583     2.425    -0.030
                 31 C    (  0  0  0)     4.627     2.448    -0.005
                 29 C    (  0  0  0)     4.902     2.594    -0.009

 ATOM A  29 C    ATOM B     CELL      R(AB)/AU R(AB)/ANG    OVPOP(AB)
                 14 C    (  0  0  0)     2.601     1.376     0.456
                 20 C    (  0  0  0)     2.675     1.416     0.365
                 16 C    (  0  0  0)     2.815     1.490     0.325
                 31 C    (  0  0  0)     4.365     2.310    -0.008
                  1 C    (  1  0  1)     4.646     2.459    -0.019
                 23 C    (  0  0  0)     4.680     2.477    -0.016

 ATOM A  31 C    ATOM B     CELL      R(AB)/AU R(AB)/ANG    OVPOP(AB)
                 12 C    (  0  0  0)     2.541     1.345     0.476
                 20 C    (  0  0  0)     2.638     1.396     0.342
                 18 C    (  0  0  0)     2.942     1.557     0.271
                 25 C    (  0  0  0)     3.891     2.059    -0.107
                 29 C    (  0  0  0)     4.365     2.310    -0.008
                 27 C    (  0  0  0)     4.627     2.448    -0.005

 ATOM A  33 C    ATOM B     CELL      R(AB)/AU R(AB)/ANG    OVPOP(AB)
                  7 C    (  0  0  0)     2.610     1.381     0.476
                 22 C    (  0  0  0)     2.696     1.427     0.368
                  3 C    (  0  0  0)     2.848     1.507     0.330
                 37 C    ( -1  0  0)     4.520     2.392    -0.033
                 11 C    (  0  0  0)     4.581     2.424    -0.019
                 21 C    (  0  0  0)     4.674     2.474    -0.038

 ATOM A  35 C    ATOM B     CELL      R(AB)/AU R(AB)/ANG    OVPOP(AB)
                 26 C    (  1  0  0)     2.580     1.365     0.457
                  7 C    (  1  0  0)     2.829     1.497     0.408
                  5 C    (  0  0  0)     2.878     1.523     0.289
                 11 C    (  1  0  0)     4.502     2.383    -0.033
                 23 C    (  0  0  0)     4.515     2.389    -0.035
                 13 C    (  0  0  0)     4.543     2.404    -0.016

 ATOM A  37 C    ATOM B     CELL      R(AB)/AU R(AB)/ANG    OVPOP(AB)
                 24 C    (  0  0  0)     2.574     1.362     0.398
                  1 C    (  1  0  0)     2.808     1.486     0.408
                  7 C    (  1  0  0)     2.809     1.486     0.395
                  9 C    (  1  0  0)     4.496     2.379    -0.038
                 33 C    (  1  0  0)     4.520     2.392    -0.033
                 13 C    (  0  0  0)     4.647     2.459    -0.009
 TTTTTTTTTTTTTTTTTTTTTTTTTTTTTT AFTER FIRST TELAPSE     5245.61 TCPU     5226.51
 MMMMMMMMMMMMMMMMMMMMMMMMMMMMMMMMMMMMMMMMMMMMMMMMMMMMMMMMMMMMMMMMMMMMMMMMMMMMMMM
     ALPHA-BETA ELECTRONS
 MULLIKEN POPULATION ANALYSIS - NO. OF ELECTRONS   -0.000000

  ATOM    Z CHARGE  A.O. POPULATION

   1 C    6  0.000 -0.000 -0.000 -0.000  0.000  0.000  0.000 -0.000 -0.000
                   -0.000  0.000  0.000 -0.000  0.000 -0.000 -0.000  0.000
                    0.000  0.000
   2 C    6  0.000 -0.000 -0.000 -0.000  0.000  0.000  0.000 -0.000 -0.000
                   -0.000  0.000  0.000 -0.000  0.000 -0.000 -0.000  0.000
                    0.000  0.000
   3 C    6 -0.000 -0.000 -0.000 -0.000 -0.000 -0.000  0.000  0.000  0.000
                    0.000  0.000 -0.000 -0.000 -0.000  0.000  0.000 -0.000
                   -0.000 -0.000
   4 C    6 -0.000 -0.000 -0.000 -0.000 -0.000 -0.000  0.000  0.000  0.000
                    0.000  0.000 -0.000 -0.000 -0.000  0.000  0.000 -0.000
                   -0.000 -0.000
   5 C    6  0.000 -0.000  0.000 -0.000  0.000 -0.000  0.000  0.000  0.000
                    0.000 -0.000  0.000 -0.000 -0.000  0.000 -0.000 -0.000
                    0.000  0.000
   6 C    6  0.000 -0.000  0.000 -0.000  0.000 -0.000  0.000  0.000  0.000
                    0.000 -0.000  0.000 -0.000 -0.000  0.000 -0.000 -0.000
                    0.000  0.000
   7 C    6  0.000 -0.000 -0.000  0.000 -0.000 -0.000 -0.000  0.000  0.000
                    0.000  0.000  0.000  0.000 -0.000  0.000 -0.000 -0.000
                   -0.000  0.000
   8 C    6  0.000 -0.000 -0.000  0.000 -0.000 -0.000 -0.000  0.000  0.000
                    0.000  0.000  0.000  0.000 -0.000  0.000 -0.000 -0.000
                   -0.000  0.000
   9 C    6  0.000  0.000  0.000 -0.000  0.000 -0.000 -0.000  0.000 -0.000
                    0.000 -0.000  0.000 -0.000  0.000 -0.000 -0.000 -0.000
                    0.000 -0.000
  10 C    6  0.000  0.000  0.000 -0.000  0.000 -0.000 -0.000  0.000 -0.000
                    0.000 -0.000  0.000 -0.000  0.000 -0.000 -0.000 -0.000
                    0.000 -0.000
  11 C    6  0.000 -0.000 -0.000  0.000  0.000  0.000 -0.000 -0.000 -0.000
                   -0.000  0.000 -0.000  0.000  0.000  0.000  0.000  0.000
                    0.000 -0.000
  12 C    6  0.000 -0.000 -0.000  0.000  0.000  0.000 -0.000 -0.000 -0.000
                   -0.000  0.000 -0.000  0.000  0.000  0.000  0.000  0.000
                    0.000 -0.000
  13 C    6 -0.000 -0.000 -0.000  0.000  0.000 -0.000 -0.000  0.000  0.000
                    0.000  0.000  0.000 -0.000 -0.000  0.000 -0.000 -0.000
                   -0.000 -0.000
  14 C    6 -0.000 -0.000 -0.000  0.000  0.000 -0.000 -0.000  0.000  0.000
                    0.000  0.000  0.000 -0.000 -0.000  0.000 -0.000 -0.000
                   -0.000 -0.000
  15 C    6 -0.000  0.000  0.000 -0.000 -0.000 -0.000 -0.000 -0.000  0.000
                    0.000 -0.000 -0.000 -0.000  0.000  0.000  0.000 -0.000
                    0.000 -0.000
  16 C    6 -0.000  0.000  0.000 -0.000 -0.000 -0.000 -0.000 -0.000  0.000
                    0.000 -0.000 -0.000 -0.000  0.000  0.000  0.000 -0.000
                    0.000 -0.000
  17 C    6  0.000 -0.000 -0.000  0.000  0.000  0.000  0.000  0.000 -0.000
                    0.000  0.000 -0.000  0.000 -0.000 -0.000 -0.000  0.000
                   -0.000 -0.000
  18 C    6  0.000 -0.000 -0.000  0.000  0.000  0.000  0.000  0.000 -0.000
                    0.000  0.000 -0.000  0.000 -0.000 -0.000 -0.000  0.000
                   -0.000 -0.000
  19 C    6 -0.000  0.000 -0.000 -0.000 -0.000 -0.000 -0.000  0.000  0.000
                   -0.000 -0.000 -0.000  0.000  0.000  0.000 -0.000  0.000
                    0.000  0.000
  20 C    6 -0.000  0.000 -0.000 -0.000 -0.000 -0.000 -0.000  0.000  0.000
                   -0.000 -0.000 -0.000  0.000  0.000  0.000 -0.000  0.000
                    0.000  0.000
  21 C    6 -0.000 -0.000 -0.000 -0.000  0.000 -0.000 -0.000  0.000  0.000
                    0.000 -0.000 -0.000 -0.000 -0.000  0.000 -0.000  0.000
                    0.000 -0.000
  22 C    6 -0.000 -0.000 -0.000 -0.000  0.000 -0.000 -0.000  0.000  0.000
                    0.000 -0.000 -0.000 -0.000 -0.000  0.000 -0.000  0.000
                    0.000 -0.000
  23 C    6 -0.000  0.000  0.000  0.000 -0.000  0.000  0.000 -0.000  0.000
                    0.000  0.000 -0.000 -0.000 -0.000 -0.000 -0.000 -0.000
                    0.000  0.000
  24 C    6 -0.000  0.000  0.000  0.000 -0.000  0.000  0.000 -0.000  0.000
                    0.000  0.000 -0.000 -0.000 -0.000 -0.000 -0.000 -0.000
                    0.000  0.000
  25 C    6 -0.000 -0.000  0.000 -0.000 -0.000 -0.000  0.000  0.000 -0.000
                    0.000 -0.000  0.000 -0.000 -0.000  0.000 -0.000  0.000
                   -0.000 -0.000
  26 C    6 -0.000 -0.000  0.000 -0.000 -0.000 -0.000  0.000  0.000 -0.000
                    0.000 -0.000  0.000 -0.000 -0.000  0.000 -0.000  0.000
                   -0.000 -0.000
  27 C    6  0.000 -0.000  0.000 -0.000  0.000 -0.000 -0.000  0.000  0.000
                   -0.000  0.000 -0.000  0.000 -0.000  0.000  0.000 -0.000
                   -0.000  0.000
  28 C    6  0.000 -0.000  0.000 -0.000  0.000 -0.000 -0.000  0.000  0.000
                   -0.000  0.000 -0.000  0.000 -0.000  0.000  0.000 -0.000
                   -0.000  0.000
  29 C    6  0.000 -0.000 -0.000  0.000  0.000 -0.000 -0.000  0.000 -0.000
                    0.000 -0.000  0.000  0.000  0.000 -0.000  0.000 -0.000
                   -0.000  0.000
  30 C    6  0.000 -0.000 -0.000  0.000  0.000 -0.000 -0.000  0.000 -0.000
                    0.000 -0.000  0.000  0.000  0.000 -0.000  0.000 -0.000
                   -0.000  0.000
  31 C    6  0.000  0.000  0.000 -0.000  0.000  0.000 -0.000  0.000 -0.000
                    0.000 -0.000  0.000  0.000  0.000 -0.000 -0.000 -0.000
                    0.000  0.000
  32 C    6  0.000  0.000  0.000 -0.000  0.000  0.000 -0.000  0.000 -0.000
                    0.000 -0.000  0.000  0.000  0.000 -0.000 -0.000 -0.000
                    0.000  0.000
  33 C    6 -0.000 -0.000 -0.000  0.000 -0.000  0.000  0.000 -0.000 -0.000
                   -0.000  0.000  0.000 -0.000 -0.000 -0.000  0.000  0.000
                   -0.000 -0.000
  34 C    6 -0.000 -0.000 -0.000  0.000 -0.000  0.000  0.000 -0.000 -0.000
                   -0.000  0.000  0.000 -0.000 -0.000 -0.000  0.000  0.000
                   -0.000 -0.000
  35 C    6  0.000  0.000 -0.000  0.000  0.000  0.000  0.000  0.000  0.000
                   -0.000 -0.000 -0.000  0.000  0.000  0.000  0.000 -0.000
                    0.000  0.000
  36 C    6  0.000  0.000 -0.000  0.000  0.000  0.000  0.000  0.000  0.000
                   -0.000 -0.000 -0.000  0.000  0.000  0.000  0.000 -0.000
                    0.000  0.000
  37 C    6  0.000  0.000  0.000 -0.000  0.000 -0.000  0.000  0.000  0.000
                   -0.000 -0.000 -0.000  0.000  0.000  0.000  0.000  0.000
                    0.000 -0.000
  38 C    6  0.000  0.000  0.000 -0.000  0.000 -0.000  0.000  0.000  0.000
                   -0.000 -0.000 -0.000  0.000  0.000  0.000  0.000  0.000
                    0.000 -0.000

  ATOM    Z CHARGE  SHELL POPULATION

   1 C    6  0.000 -0.000 -0.000 -0.000  0.000 -0.000 -0.000  0.000  0.000
   2 C    6  0.000 -0.000 -0.000 -0.000  0.000 -0.000 -0.000  0.000  0.000
   3 C    6 -0.000 -0.000 -0.000 -0.000 -0.000  0.000  0.000 -0.000 -0.000
   4 C    6 -0.000 -0.000 -0.000 -0.000 -0.000  0.000  0.000 -0.000 -0.000
   5 C    6  0.000 -0.000  0.000 -0.000  0.000  0.000 -0.000  0.000  0.000
   6 C    6  0.000 -0.000  0.000 -0.000  0.000  0.000 -0.000  0.000  0.000
   7 C    6  0.000 -0.000 -0.000  0.000 -0.000 -0.000  0.000 -0.000  0.000
   8 C    6  0.000 -0.000 -0.000  0.000 -0.000 -0.000  0.000 -0.000  0.000
   9 C    6  0.000  0.000  0.000 -0.000  0.000 -0.000 -0.000  0.000 -0.000
  10 C    6  0.000  0.000  0.000 -0.000  0.000 -0.000 -0.000  0.000 -0.000
  11 C    6  0.000 -0.000 -0.000  0.000  0.000 -0.000  0.000  0.000  0.000
  12 C    6  0.000 -0.000 -0.000  0.000  0.000 -0.000  0.000  0.000  0.000
  13 C    6 -0.000 -0.000 -0.000  0.000  0.000 -0.000  0.000 -0.000 -0.000
  14 C    6 -0.000 -0.000 -0.000  0.000  0.000 -0.000  0.000 -0.000 -0.000
  15 C    6 -0.000  0.000  0.000 -0.000 -0.000 -0.000  0.000 -0.000  0.000
  16 C    6 -0.000  0.000  0.000 -0.000 -0.000 -0.000  0.000 -0.000  0.000
  17 C    6  0.000 -0.000 -0.000  0.000  0.000  0.000 -0.000  0.000 -0.000
  18 C    6  0.000 -0.000 -0.000  0.000  0.000  0.000 -0.000  0.000 -0.000
  19 C    6 -0.000  0.000 -0.000 -0.000 -0.000 -0.000  0.000 -0.000  0.000
  20 C    6 -0.000  0.000 -0.000 -0.000 -0.000 -0.000  0.000 -0.000  0.000
  21 C    6 -0.000 -0.000 -0.000 -0.000  0.000 -0.000 -0.000 -0.000  0.000
  22 C    6 -0.000 -0.000 -0.000 -0.000  0.000 -0.000 -0.000 -0.000  0.000
  23 C    6 -0.000  0.000  0.000  0.000 -0.000  0.000  0.000 -0.000  0.000
  24 C    6 -0.000  0.000  0.000  0.000 -0.000  0.000  0.000 -0.000  0.000
  25 C    6 -0.000 -0.000  0.000 -0.000 -0.000  0.000 -0.000 -0.000 -0.000
  26 C    6 -0.000 -0.000  0.000 -0.000 -0.000  0.000 -0.000 -0.000 -0.000
  27 C    6  0.000 -0.000  0.000 -0.000  0.000 -0.000  0.000 -0.000 -0.000
  28 C    6  0.000 -0.000  0.000 -0.000  0.000 -0.000  0.000 -0.000 -0.000
  29 C    6  0.000 -0.000 -0.000  0.000  0.000  0.000 -0.000  0.000  0.000
  30 C    6  0.000 -0.000 -0.000  0.000  0.000  0.000 -0.000  0.000  0.000
  31 C    6  0.000  0.000  0.000 -0.000  0.000  0.000 -0.000  0.000  0.000
  32 C    6  0.000  0.000  0.000 -0.000  0.000  0.000 -0.000  0.000  0.000
  33 C    6 -0.000 -0.000 -0.000  0.000 -0.000  0.000 -0.000 -0.000 -0.000
  34 C    6 -0.000 -0.000 -0.000  0.000 -0.000  0.000 -0.000 -0.000 -0.000
  35 C    6  0.000  0.000 -0.000  0.000  0.000  0.000 -0.000  0.000  0.000
  36 C    6  0.000  0.000 -0.000  0.000  0.000  0.000 -0.000  0.000  0.000
  37 C    6  0.000  0.000  0.000 -0.000  0.000  0.000 -0.000  0.000  0.000
  38 C    6  0.000  0.000  0.000 -0.000  0.000  0.000 -0.000  0.000  0.000

 OVERLAP POPULATION CONDENSED TO ATOMS FOR FIRST   6 NEIGHBORS

 ATOM A   1 C    ATOM B     CELL      R(AB)/AU R(AB)/ANG    OVPOP(AB)
                 16 C    ( -1  0 -1)     2.631     1.392     0.000
                  9 C    (  0  0  0)     2.793     1.478    -0.000
                 37 C    ( -1  0  0)     2.808     1.486    -0.000
                 22 C    (  0  0  0)     4.360     2.307     0.000
                 29 C    ( -1  0 -1)     4.646     2.459    -0.000
                 24 C    ( -1  0  0)     4.756     2.517    -0.000

 ATOM A   3 C    ATOM B     CELL      R(AB)/AU R(AB)/ANG    OVPOP(AB)
                 11 C    (  0  0  0)     2.792     1.478     0.000
                 33 C    (  0  0  0)     2.848     1.507     0.000
                 20 C    (  0  0  0)     2.855     1.511    -0.000
                 21 C    (  0  0  0)     2.941     1.557    -0.000
                  7 C    (  0  0  0)     4.765     2.522    -0.000
                 10 C    (  0  0  0)     4.788     2.534     0.000

 ATOM A   5 C    ATOM B     CELL      R(AB)/AU R(AB)/ANG    OVPOP(AB)
                 13 C    (  0  0  0)     2.770     1.466     0.000
                 23 C    (  0  0  0)     2.818     1.491    -0.000
                 35 C    (  0  0  0)     2.878     1.523     0.000
                 18 C    (  0 -1  0)     3.130     1.656    -0.000
                 24 C    (  0  0  0)     4.648     2.459    -0.000
                 38 C    (  0  0  0)     4.665     2.468    -0.000

 ATOM A   7 C    ATOM B     CELL      R(AB)/AU R(AB)/ANG    OVPOP(AB)
                 33 C    (  0  0  0)     2.610     1.381    -0.000
                 37 C    ( -1  0  0)     2.809     1.486    -0.000
                 35 C    ( -1  0  0)     2.829     1.497     0.000
                 24 C    ( -1  0  0)     4.306     2.279     0.000
                 22 C    (  0  0  0)     4.464     2.362     0.000
                 26 C    (  0  0  0)     4.639     2.455     0.000

 ATOM A   9 C    ATOM B     CELL      R(AB)/AU R(AB)/ANG    OVPOP(AB)
                 28 C    (  0  1  0)     2.580     1.366     0.000
                 22 C    (  0  0  0)     2.749     1.455     0.000
                  1 C    (  0  0  0)     2.793     1.478    -0.000
                 37 C    ( -1  0  0)     4.496     2.379    -0.000
                 33 C    (  0  0  0)     4.699     2.486     0.000
                 15 C    (  0  1  0)     4.726     2.501     0.000

 ATOM A  11 C    ATOM B     CELL      R(AB)/AU R(AB)/ANG    OVPOP(AB)
                 32 C    (  0  0  1)     2.541     1.345     0.000
                 26 C    (  0  0  0)     2.672     1.414    -0.000
                  3 C    (  0  0  0)     2.792     1.478     0.000
                 17 C    (  0  0  1)     4.075     2.156     0.000
                 21 C    (  0  0  0)     4.329     2.291     0.000
                 35 C    ( -1  0  0)     4.502     2.383     0.000

 ATOM A  13 C    ATOM B     CELL      R(AB)/AU R(AB)/ANG    OVPOP(AB)
                 30 C    (  0  0  0)     2.601     1.376     0.000
                  5 C    (  0  0  0)     2.770     1.466     0.000
                 24 C    (  0  0  0)     2.773     1.467    -0.000
                 23 C    (  0  0  0)     4.315     2.283    -0.000
                 19 C    (  0  0  0)     4.469     2.365    -0.000
                 35 C    (  0  0  0)     4.543     2.404     0.000

 ATOM A  15 C    ATOM B     CELL      R(AB)/AU R(AB)/ANG    OVPOP(AB)
                  2 C    (  0  0  0)     2.631     1.392     0.000
                 30 C    (  0  0  0)     2.815     1.490    -0.000
                 28 C    (  0  0  0)     2.935     1.553     0.000
                 19 C    (  0  0  0)     4.692     2.483     0.000
                  9 C    (  0 -1  0)     4.726     2.501     0.000
                 38 C    (  0  0  0)     4.801     2.540     0.000

 ATOM A  17 C    ATOM B     CELL      R(AB)/AU R(AB)/ANG    OVPOP(AB)
                 28 C    (  0  0  0)     2.914     1.542    -0.000
                 32 C    (  0  0  0)     2.942     1.557     0.000
                  6 C    ( -1  0 -1)     3.130     1.656    -0.000
                 26 C    (  0  0 -1)     3.172     1.679    -0.000
                 11 C    (  0  0 -1)     4.075     2.156     0.000
                  9 C    (  0 -1  0)     4.904     2.595     0.000

 ATOM A  19 C    ATOM B     CELL      R(AB)/AU R(AB)/ANG    OVPOP(AB)
                 32 C    (  0  0  0)     2.638     1.396    -0.000
                 30 C    (  0  0  0)     2.675     1.416    -0.000
                  4 C    (  0  0  0)     2.855     1.511    -0.000
                 22 C    (  0  0  0)     4.272     2.260     0.000
                 13 C    (  0  0  0)     4.469     2.365    -0.000
                 11 C    (  0  0 -1)     4.623     2.446    -0.000

 ATOM A  21 C    ATOM B     CELL      R(AB)/AU R(AB)/ANG    OVPOP(AB)
                 34 C    (  0  0  1)     2.696     1.427    -0.000
                 10 C    (  0  0  0)     2.749     1.455     0.000
                  3 C    (  0  0  0)     2.941     1.557    -0.000
                 20 C    (  0  0  0)     4.272     2.260     0.000
                 11 C    (  0  0  0)     4.329     2.291     0.000
                  2 C    (  0  1  0)     4.360     2.307     0.000

 ATOM A  23 C    ATOM B     CELL      R(AB)/AU R(AB)/ANG    OVPOP(AB)
                 38 C    (  0  0  0)     2.574     1.362     0.000
                 14 C    (  0  0  0)     2.773     1.467    -0.000
                  5 C    (  0  0  0)     2.818     1.491    -0.000
                  8 C    (  0 -1  1)     4.306     2.279     0.000
                 13 C    (  0  0  0)     4.315     2.283    -0.000
                 35 C    (  0  0  0)     4.515     2.389    -0.000

 ATOM A  25 C    ATOM B     CELL      R(AB)/AU R(AB)/ANG    OVPOP(AB)
                 36 C    (  0  0  0)     2.580     1.365    -0.000
                 12 C    (  0  0  0)     2.672     1.414    -0.000
                 18 C    (  0  0  0)     3.172     1.679    -0.000
                 31 C    (  0  0  0)     3.891     2.059     0.000
                  8 C    (  0  0  0)     4.639     2.455     0.000
                  6 C    (  0  1 -1)     4.716     2.496     0.000

 ATOM A  27 C    ATOM B     CELL      R(AB)/AU R(AB)/ANG    OVPOP(AB)
                 10 C    (  1  0  0)     2.580     1.366     0.000
                 18 C    (  0  0  0)     2.914     1.542    -0.000
                 16 C    (  0  0  0)     2.935     1.553     0.000
                 21 C    (  1  0  0)     4.583     2.425    -0.000
                 31 C    (  0  0  0)     4.627     2.448     0.000
                 29 C    (  0  0  0)     4.902     2.594    -0.000

 ATOM A  29 C    ATOM B     CELL      R(AB)/AU R(AB)/ANG    OVPOP(AB)
                 14 C    (  0  0  0)     2.601     1.376     0.000
                 20 C    (  0  0  0)     2.675     1.416    -0.000
                 16 C    (  0  0  0)     2.815     1.490    -0.000
                 31 C    (  0  0  0)     4.365     2.310     0.000
                  1 C    (  1  0  1)     4.646     2.459    -0.000
                 23 C    (  0  0  0)     4.680     2.477     0.000

 ATOM A  31 C    ATOM B     CELL      R(AB)/AU R(AB)/ANG    OVPOP(AB)
                 12 C    (  0  0  0)     2.541     1.345     0.000
                 20 C    (  0  0  0)     2.638     1.396    -0.000
                 18 C    (  0  0  0)     2.942     1.557     0.000
                 25 C    (  0  0  0)     3.891     2.059     0.000
                 29 C    (  0  0  0)     4.365     2.310     0.000
                 27 C    (  0  0  0)     4.627     2.448     0.000

 ATOM A  33 C    ATOM B     CELL      R(AB)/AU R(AB)/ANG    OVPOP(AB)
                  7 C    (  0  0  0)     2.610     1.381    -0.000
                 22 C    (  0  0  0)     2.696     1.427    -0.000
                  3 C    (  0  0  0)     2.848     1.507     0.000
                 37 C    ( -1  0  0)     4.520     2.392    -0.000
                 11 C    (  0  0  0)     4.581     2.424     0.000
                 21 C    (  0  0  0)     4.674     2.474    -0.000

 ATOM A  35 C    ATOM B     CELL      R(AB)/AU R(AB)/ANG    OVPOP(AB)
                 26 C    (  1  0  0)     2.580     1.365    -0.000
                  7 C    (  1  0  0)     2.829     1.497     0.000
                  5 C    (  0  0  0)     2.878     1.523     0.000
                 11 C    (  1  0  0)     4.502     2.383     0.000
                 23 C    (  0  0  0)     4.515     2.389    -0.000
                 13 C    (  0  0  0)     4.543     2.404     0.000

 ATOM A  37 C    ATOM B     CELL      R(AB)/AU R(AB)/ANG    OVPOP(AB)
                 24 C    (  0  0  0)     2.574     1.362     0.000
                  1 C    (  1  0  0)     2.808     1.486    -0.000
                  7 C    (  1  0  0)     2.809     1.486    -0.000
                  9 C    (  1  0  0)     4.496     2.379    -0.000
                 33 C    (  1  0  0)     4.520     2.392    -0.000
                 13 C    (  0  0  0)     4.647     2.459    -0.000
 EIGENVECTORS IN FORTRAN UNIT 10
 TTTTTTTTTTTTTTTTTTTTTTTTTTTTTT END         TELAPSE     5248.49 TCPU     5229.20
 EEEEEEEEEE TERMINATION  DATE 31 01 2026 TIME 00:39:11.5
NODE    0 CPU TIME =      5229.200
NODE    1 CPU TIME =      5240.663
NODE    2 CPU TIME =      5241.463
NODE    3 CPU TIME =      5242.416
NODE    4 CPU TIME =      5241.737
NODE    5 CPU TIME =      5242.757
NODE    6 CPU TIME =      5243.007
NODE    7 CPU TIME =      5242.859
NODE    8 CPU TIME =      5242.974
NODE    9 CPU TIME =      5243.711
NODE   10 CPU TIME =      5241.174
NODE   11 CPU TIME =      5244.214
NODE   12 CPU TIME =      5244.148
NODE   13 CPU TIME =      5241.905
NODE   14 CPU TIME =      5241.563
NODE   15 CPU TIME =      5243.524
NODE   16 CPU TIME =      5233.144
NODE   17 CPU TIME =      5236.286
NODE   18 CPU TIME =      5243.755
NODE   19 CPU TIME =      5235.815
NODE   20 CPU TIME =      5237.124
NODE   21 CPU TIME =      5241.368
NODE   22 CPU TIME =      5236.769
NODE   23 CPU TIME =      5241.792
NODE   24 CPU TIME =      5241.615
NODE   25 CPU TIME =      5241.267
NODE   26 CPU TIME =      5239.132
NODE   27 CPU TIME =      5238.572
NODE   28 CPU TIME =      5241.500
NODE   29 CPU TIME =      5241.543
NODE   30 CPU TIME =      5241.515
NODE   31 CPU TIME =      5240.132
    TOTAL CPU TIME =    167698.647
