MPI startup(): Warning: I_MPI_PMI_LIBRARY will be ignored since the hydra process manager was found
MPI startup(): Warning: I_MPI_PMI_LIBRARY will be ignored since the hydra process manager was found
MPI startup(): Warning: I_MPI_PMI_LIBRARY will be ignored since the hydra process manager was found
MPI startup(): Warning: I_MPI_PMI_LIBRARY will be ignored since the hydra process manager was found
MPI startup(): Warning: I_MPI_PMI_LIBRARY will be ignored since the hydra process manager was found
MPI startup(): Warning: I_MPI_PMI_LIBRARY will be ignored since the hydra process manager was found
MPI startup(): Warning: I_MPI_PMI_LIBRARY will be ignored since the hydra process manager was found
MPI startup(): Warning: I_MPI_PMI_LIBRARY will be ignored since the hydra process manager was found
MPI startup(): Warning: I_MPI_PMI_LIBRARY will be ignored since the hydra process manager was found
MPI startup(): Warning: I_MPI_PMI_LIBRARY will be ignored since the hydra process manager was found
MPI startup(): Warning: I_MPI_PMI_LIBRARY will be ignored since the hydra process manager was found
MPI startup(): Warning: I_MPI_PMI_LIBRARY will be ignored since the hydra process manager was found
MPI startup(): Warning: I_MPI_PMI_LIBRARY will be ignored since the hydra process manager was found
MPI startup(): Warning: I_MPI_PMI_LIBRARY will be ignored since the hydra process manager was found
MPI startup(): Warning: I_MPI_PMI_LIBRARY will be ignored since the hydra process manager was found
MPI startup(): Warning: I_MPI_PMI_LIBRARY will be ignored since the hydra process manager was found
MPI startup(): Warning: I_MPI_PMI_LIBRARY will be ignored since the hydra process manager was found
MPI startup(): Warning: I_MPI_PMI_LIBRARY will be ignored since the hydra process manager was found
MPI startup(): Warning: I_MPI_PMI_LIBRARY will be ignored since the hydra process manager was found
MPI startup(): Warning: I_MPI_PMI_LIBRARY will be ignored since the hydra process manager was found
MPI startup(): Warning: I_MPI_PMI_LIBRARY will be ignored since the hydra process manager was found
MPI startup(): Warning: I_MPI_PMI_LIBRARY will be ignored since the hydra process manager was found
MPI startup(): Warning: I_MPI_PMI_LIBRARY will be ignored since the hydra process manager was found
MPI startup(): Warning: I_MPI_PMI_LIBRARY will be ignored since the hydra process manager was found
MPI startup(): Warning: I_MPI_PMI_LIBRARY will be ignored since the hydra process manager was found
MPI startup(): Warning: I_MPI_PMI_LIBRARY will be ignored since the hydra process manager was found
MPI startup(): Warning: I_MPI_PMI_LIBRARY will be ignored since the hydra process manager was found
MPI startup(): Warning: I_MPI_PMI_LIBRARY will be ignored since the hydra process manager was found
MPI startup(): Warning: I_MPI_PMI_LIBRARY will be ignored since the hydra process manager was found
MPI startup(): Warning: I_MPI_PMI_LIBRARY will be ignored since the hydra process manager was found
MPI startup(): Warning: I_MPI_PMI_LIBRARY will be ignored since the hydra process manager was found
MPI startup(): Warning: I_MPI_PMI_LIBRARY will be ignored since the hydra process manager was found
 PROCESS            3  OF           32  WORKING
 PROCESS            5  OF           32  WORKING
 PROCESS            1  OF           32  WORKING
 PROCESS            2  OF           32  WORKING
 PROCESS            7  OF           32  WORKING
 PROCESS           12  OF           32  WORKING
 PROCESS            4  OF           32  WORKING
 PROCESS            8  OF           32  WORKING
 PROCESS           10  OF           32  WORKING
 PROCESS           19  OF           32  WORKING
 PROCESS           26  OF           32  WORKING
 PROCESS            0  OF           32  WORKING

         
 *******************************************************************************
 *                                                                             *
 *                               CRYSTAL23                                     *
 *                      public : 1.0.1 - October 2022                          *
 *                       HTTP://WWW.CRYSTAL.UNITO.IT                           *
 *                                                                             *
 *                              MAIN AUTHORS                                   *
 *                                                                             *
 *  R. DOVESI(1,11), V.R. SAUNDERS(2), C. ROETTI(1,11), R. ORLANDO(1,11),      *
 *  C.M. ZICOVICH-WILSON(1,3), F. PASCALE(4), B. CIVALLERI(1,11),              *
 *  K. DOLL(5), N.M. HARRISON(6), I.J. BUSH(7), Ph. D'ARCO(8),                 *
 *  M. LLUNELL(9), M. CAUSA'(10), Y. NOEL(8), L. MASCHIO(1,11), A. ERBA(1,11)  *
 *  M. RE'RAT(14), S. CASASSA(1,11), B.G. SEARLE(2), J.K. DESMARAIS(1)         *
 *                                                                             *
 *        CONTRIBUTIONS TO THE CODE HAVE ALSO BEEN GIVEN BY                    *
 *                                                                             *
 *  M. FERRABONE(1,11), M. DE LA PIERRE(1,11), M. FERRERO(1,11),               *
 *  J. BAIMA(1,11), E. ALBANESE(1,11), M.F. PEINTINGER(12), R. BAST(13),       *
 *  B. KIRTMAN(15), V. LACIVITA(1,11), R. DEMICHELIS(1,16)                     *
 *  G. BRANDEBURG(17), S. SALUSTRO(1,11), G. SANSONE(1,11)                     *
 *  M.T. RUGGIERO(18), L.E. DAGA(1), L. DONA'(1), A. COSSARD(1)                *
 *                                                                             *
 * (1) THEORETICAL CHEMISTRY GROUP - UNIVERSITA' DI TORINO - TORINO (ITALY)    *
 * (2) SCIENTIFIC COMPUTING DEPARTMENT - STFC DARESBURY (UK)                   *
 * (3) UNIVERSIDAD AUTONOMA DEL ESTADO DE MORELOS - CUERNAVACA (MEXICO)        *
 * (4) UNIVERSITE' DE LORRAINE - NANCY (FRANCE)                                *
 * (5) UNIVERSITAET STUTTGART- STUTTGART (GERMANY)                             *
 * (6) IMPERIAL COLLEGE - LONDON (UK)                                          *
 * (7) SCIENTIFIC COMPUTING DEPARTMENT - STFC RAL (UK)                         *
 * (8) UPMC - SORBONNE UNIVERSITES - PARIS (FRANCE)                            *
 * (9) UNIVERSIDAD DE BARCELONA - BARCELONA (SPAIN)                            *
 *(10) UNIVERSITA' DI NAPOLI "FEDERICO II" - NAPOLI (ITALY)                    *
 *(11) NIS - NANOSTRUCTURED INTERFACES AND SURFACES - TORINO (ITALY)           *
 *(12) MPI FUER CHEMISCHE ENERGIEKONVERSION - MUELHEIM AN DER RUHR (GERMANY)   *
 *(13) UNIVERSITY OF TROMSO - TROMSO (NORWAY)                                  *
 *(14) UNIVERSITE' DE PAU ET DES PAYS DE L'ADOUR - PAU (FRANCE)                *
 *(15) UNIVERSITY OF CALIFORNIA SANTA BARBARA - SANTA BARBARA (USA)            *
 *(16) CURTIN UNIVERSITY - PERTH (AUSTRALIA)                                   *
 *(17) UNIVERSITY COLLEGE LONDON - LONDON (UK)                                 *
 *(18) UNIVERSITY OF VERMONT - BURLINGTON (USA)                                *
 *                                                                             *
 *******************************************************************************
 EEEEEEEEEE STARTING  DATE 30 01 2026 TIME 22:52:09.0
 ./3^2,4T201_rev1_sp_B3LYP-D3-D3_optimized                                       
 PROCESS            6  OF           32  WORKING
 PROCESS           11  OF           32  WORKING
 PROCESS           13  OF           32  WORKING
 PROCESS           14  OF           32  WORKING
 PROCESS           15  OF           32  WORKING
 PROCESS           16  OF           32  WORKING
 PROCESS           17  OF           32  WORKING
 PROCESS           18  OF           32  WORKING
 PROCESS           20  OF           32  WORKING
 PROCESS           21  OF           32  WORKING
 PROCESS           22  OF           32  WORKING
 PROCESS           23  OF           32  WORKING
 PROCESS           24  OF           32  WORKING
 PROCESS           25  OF           32  WORKING
 PROCESS           27  OF           32  WORKING
 PROCESS           28  OF           32  WORKING
 PROCESS           29  OF           32  WORKING
 PROCESS           30  OF           32  WORKING
 PROCESS           31  OF           32  WORKING
 PROCESS            9  OF           32  WORKING

 CRYSTAL CALCULATION
 (INPUT ACCORDING TO THE INTERNATIONAL TABLES FOR X-RAY CRYSTALLOGRAPHY)
 CRYSTAL FAMILY                       :  CUBIC       
 CRYSTAL CLASS  (GROTH - 1921)        :  CUBIC HEXAKISOCTAHEDRAL              

 SPACE GROUP (CENTROSYMMETRIC)        :  F D 3 M         

 LATTICE PARAMETERS  (ANGSTROMS AND DEGREES) - CONVENTIONAL CELL
        A           B           C        ALPHA        BETA       GAMMA
    18.65350    18.65350    18.65350    90.00000    90.00000    90.00000


 NUMBER OF IRREDUCIBLE ATOMS IN THE CONVENTIONAL CELL:    3

 INPUT COORDINATES

 ATOM AT. N.              COORDINATES
   1   6    -1.450675833549E-01 -1.982063579877E-01 -2.550967713356E-01
   2   6    -7.367117507687E-02 -1.763288249231E-01 -2.654987676486E-01
   3   6     2.354152208963E-02  2.354152208963E-02  2.354152208963E-02

 *******************************************************************************

 << INFORMATION >>: FROM NOW ON, ALL COORDINATES REFER TO THE PRIMITIVE CELL

 *******************************************************************************

 LATTICE PARAMETERS  (ANGSTROMS AND DEGREES) - PRIMITIVE CELL
       A          B          C        ALPHA      BETA     GAMMA        VOLUME
   13.19001   13.19001   13.19001    60.00000  60.00000  60.00000   1622.634855

 COORDINATES OF THE EQUIVALENT ATOMS (FRACTIONAL UNITS)

 N. ATOM EQUIV AT. N.          X                  Y                  Z

   1   1   1    6 C    -3.08235545968E-01 -2.01957996703E-01 -8.81771700070E-02
   2   1   2    6 C    -2.01957996703E-01 -3.08235545968E-01  9.83707126782E-02
   3   1   3    6 C     9.83707126782E-02 -8.81771700070E-02 -2.01957996703E-01
   4   1   4    6 C    -8.81771700070E-02  9.83707126782E-02 -3.08235545968E-01
   5   1   5    6 C    -8.81771700070E-02 -3.08235545968E-01 -2.01957996703E-01
   6   1   6    6 C    -2.01957996703E-01 -8.81771700070E-02 -3.08235545968E-01
   7   1   7    6 C    -3.08235545968E-01 -8.81771700070E-02  9.83707126782E-02
   8   1   8    6 C    -3.08235545968E-01  9.83707126782E-02 -2.01957996703E-01
   9   1   9    6 C     9.83707126782E-02 -2.01957996703E-01 -3.08235545968E-01
  10   1  10    6 C    -8.81771700070E-02 -2.01957996703E-01  9.83707126782E-02
  11   1  11    6 C    -2.01957996703E-01  9.83707126782E-02 -8.81771700070E-02
  12   1  12    6 C     9.83707126782E-02 -3.08235545968E-01 -8.81771700070E-02
  13   1  13    6 C     2.01957996703E-01  3.08235545968E-01  8.81771700070E-02
  14   1  14    6 C     3.08235545968E-01  2.01957996703E-01 -9.83707126782E-02
  15   1  15    6 C     8.81771700070E-02 -9.83707126782E-02  2.01957996703E-01
  16   1  16    6 C    -9.83707126782E-02  8.81771700070E-02  3.08235545968E-01
  17   1  17    6 C     3.08235545968E-01  8.81771700070E-02  2.01957996703E-01
  18   1  18    6 C     8.81771700070E-02  2.01957996703E-01  3.08235545968E-01
  19   1  19    6 C     8.81771700070E-02  3.08235545968E-01 -9.83707126782E-02
  20   1  20    6 C    -9.83707126782E-02  3.08235545968E-01  2.01957996703E-01
  21   1  21    6 C     2.01957996703E-01 -9.83707126782E-02  3.08235545968E-01
  22   1  22    6 C     2.01957996703E-01  8.81771700070E-02 -9.83707126782E-02
  23   1  23    6 C    -9.83707126782E-02  2.01957996703E-01  8.81771700070E-02
  24   1  24    6 C     3.08235545968E-01 -9.83707126782E-02  8.81771700070E-02
  25   1  25    6 C     3.08235545968E-01  2.01957996703E-01  8.81771700070E-02
  26   1  26    6 C     2.01957996703E-01  3.08235545968E-01 -9.83707126782E-02
  27   1  27    6 C    -9.83707126782E-02  8.81771700070E-02  2.01957996703E-01
  28   1  28    6 C     8.81771700070E-02 -9.83707126782E-02  3.08235545968E-01
  29   1  29    6 C     8.81771700070E-02  3.08235545968E-01  2.01957996703E-01
  30   1  30    6 C     2.01957996703E-01  8.81771700070E-02  3.08235545968E-01
  31   1  31    6 C     3.08235545968E-01  8.81771700070E-02 -9.83707126782E-02
  32   1  32    6 C     3.08235545968E-01 -9.83707126782E-02  2.01957996703E-01
  33   1  33    6 C    -9.83707126782E-02  2.01957996703E-01  3.08235545968E-01
  34   1  34    6 C     8.81771700070E-02  2.01957996703E-01 -9.83707126782E-02
  35   1  35    6 C     2.01957996703E-01 -9.83707126782E-02  8.81771700070E-02
  36   1  36    6 C    -9.83707126782E-02  3.08235545968E-01  8.81771700070E-02
  37   1  37    6 C    -2.01957996703E-01 -3.08235545968E-01 -8.81771700070E-02
  38   1  38    6 C    -3.08235545968E-01 -2.01957996703E-01  9.83707126782E-02
  39   1  39    6 C    -8.81771700070E-02  9.83707126782E-02 -2.01957996703E-01
  40   1  40    6 C     9.83707126782E-02 -8.81771700070E-02 -3.08235545968E-01
  41   1  41    6 C    -3.08235545968E-01 -8.81771700070E-02 -2.01957996703E-01
  42   1  42    6 C    -8.81771700070E-02 -2.01957996703E-01 -3.08235545968E-01
  43   1  43    6 C    -8.81771700070E-02 -3.08235545968E-01  9.83707126782E-02
  44   1  44    6 C     9.83707126782E-02 -3.08235545968E-01 -2.01957996703E-01
  45   1  45    6 C    -2.01957996703E-01  9.83707126782E-02 -3.08235545968E-01
  46   1  46    6 C    -2.01957996703E-01 -8.81771700070E-02  9.83707126782E-02
  47   1  47    6 C     9.83707126782E-02 -2.01957996703E-01 -8.81771700070E-02
  48   1  48    6 C    -3.08235545968E-01  9.83707126782E-02 -8.81771700070E-02

  49   2   1    6 C    -3.68156417495E-01 -1.62841117802E-01  1.54987676486E-02
  50   2   2    6 C    -1.62841117802E-01 -3.68156417495E-01  1.54987676486E-02
  51   2   3    6 C     1.54987676486E-02  1.54987676486E-02 -1.62841117802E-01
  52   2   4    6 C     1.54987676486E-02  1.54987676486E-02 -3.68156417495E-01
  53   2   5    6 C     1.54987676486E-02 -3.68156417495E-01 -1.62841117802E-01
  54   2   6    6 C    -1.62841117802E-01  1.54987676486E-02 -3.68156417495E-01
  55   2   7    6 C    -3.68156417495E-01  1.54987676486E-02  1.54987676486E-02
  56   2   8    6 C    -3.68156417495E-01  1.54987676486E-02 -1.62841117802E-01
  57   2   9    6 C     1.54987676486E-02 -1.62841117802E-01 -3.68156417495E-01
  58   2  10    6 C     1.54987676486E-02 -1.62841117802E-01  1.54987676486E-02
  59   2  11    6 C    -1.62841117802E-01  1.54987676486E-02  1.54987676486E-02
  60   2  12    6 C     1.54987676486E-02 -3.68156417495E-01  1.54987676486E-02
  61   2  13    6 C     1.62841117802E-01  3.68156417495E-01 -1.54987676486E-02
  62   2  14    6 C     3.68156417495E-01  1.62841117802E-01 -1.54987676486E-02
  63   2  15    6 C    -1.54987676486E-02 -1.54987676486E-02  1.62841117802E-01
  64   2  16    6 C    -1.54987676486E-02 -1.54987676486E-02  3.68156417495E-01
  65   2  17    6 C     3.68156417495E-01 -1.54987676486E-02  1.62841117802E-01
  66   2  18    6 C    -1.54987676486E-02  1.62841117802E-01  3.68156417495E-01
  67   2  19    6 C    -1.54987676486E-02  3.68156417495E-01 -1.54987676486E-02
  68   2  20    6 C    -1.54987676486E-02  3.68156417495E-01  1.62841117802E-01
  69   2  21    6 C     1.62841117802E-01 -1.54987676486E-02  3.68156417495E-01
  70   2  22    6 C     1.62841117802E-01 -1.54987676486E-02 -1.54987676486E-02
  71   2  23    6 C    -1.54987676486E-02  1.62841117802E-01 -1.54987676486E-02
  72   2  24    6 C     3.68156417495E-01 -1.54987676486E-02 -1.54987676486E-02

  73   3   1    6 C     2.35415220896E-02  2.35415220896E-02  2.35415220896E-02
  74   3   2    6 C     2.35415220896E-02  2.35415220896E-02  4.29375433731E-01
  75   3   3    6 C     4.29375433731E-01  2.35415220896E-02  2.35415220896E-02
  76   3   4    6 C     2.35415220896E-02  4.29375433731E-01  2.35415220896E-02
  77   3   5    6 C    -2.35415220896E-02 -2.35415220896E-02 -2.35415220896E-02
  78   3   6    6 C    -2.35415220896E-02 -2.35415220896E-02 -4.29375433731E-01
  79   3   7    6 C    -2.35415220896E-02 -4.29375433731E-01 -2.35415220896E-02
  80   3   8    6 C    -4.29375433731E-01 -2.35415220896E-02 -2.35415220896E-02

 NUMBER OF SYMMETRY OPERATORS         :   48
 *******************************************************************************
 * GEOMETRY EDITING - INPUT COORDINATES ARE GIVEN IN ANGSTROM         
 *******************************************************************************

 GEOMETRY NOW FULLY CONSISTENT WITH THE GROUP

 GCALCO - MAX INDICES DIRECT LATTICE VECTOR    14    14    14
 NO.OF VECTORS CREATED 6999 STARS  105 RMAX   263.78685 BOHR

 GEOMETRY FOR WAVE FUNCTION - DIMENSIONALITY OF THE SYSTEM    3
 (NON PERIODIC DIRECTION: LATTICE PARAMETER FORMALLY SET TO 500)
 *******************************************************************************
 LATTICE PARAMETERS (ANGSTROMS AND DEGREES) - BOHR = 0.5291772083 ANGSTROM
 PRIMITIVE CELL - CENTRING CODE 5/0 VOLUME=  1622.634855 - DENSITY  0.982 g/cm^3
         A              B              C           ALPHA      BETA       GAMMA 
    13.19001429    13.19001429    13.19001429    60.000000  60.000000  60.000000
 *******************************************************************************
 ATOMS IN THE ASYMMETRIC UNIT    3 - ATOMS IN THE UNIT CELL:   80
     ATOM                 X/A                 Y/B                 Z/C    
 *******************************************************************************
      1 T   6 C    -3.082355459684E-01 -2.019579967028E-01 -8.817717000700E-02
      2 F   6 C    -2.019579967028E-01 -3.082355459684E-01  9.837071267820E-02
      3 F   6 C     9.837071267820E-02 -8.817717000700E-02 -2.019579967028E-01
      4 F   6 C    -8.817717000700E-02  9.837071267820E-02 -3.082355459684E-01
      5 F   6 C    -8.817717000700E-02 -3.082355459684E-01 -2.019579967028E-01
      6 F   6 C    -2.019579967028E-01 -8.817717000700E-02 -3.082355459684E-01
      7 F   6 C    -3.082355459684E-01 -8.817717000700E-02  9.837071267820E-02
      8 F   6 C    -3.082355459684E-01  9.837071267820E-02 -2.019579967028E-01
      9 F   6 C     9.837071267820E-02 -2.019579967028E-01 -3.082355459684E-01
     10 F   6 C    -8.817717000700E-02 -2.019579967028E-01  9.837071267820E-02
     11 F   6 C    -2.019579967028E-01  9.837071267820E-02 -8.817717000700E-02
     12 F   6 C     9.837071267820E-02 -3.082355459684E-01 -8.817717000700E-02
     13 F   6 C     2.019579967028E-01  3.082355459684E-01  8.817717000700E-02
     14 F   6 C     3.082355459684E-01  2.019579967028E-01 -9.837071267820E-02
     15 F   6 C     8.817717000700E-02 -9.837071267820E-02  2.019579967028E-01
     16 F   6 C    -9.837071267820E-02  8.817717000700E-02  3.082355459684E-01
     17 F   6 C     3.082355459684E-01  8.817717000700E-02  2.019579967028E-01
     18 F   6 C     8.817717000700E-02  2.019579967028E-01  3.082355459684E-01
     19 F   6 C     8.817717000700E-02  3.082355459684E-01 -9.837071267820E-02
     20 F   6 C    -9.837071267820E-02  3.082355459684E-01  2.019579967028E-01
     21 F   6 C     2.019579967028E-01 -9.837071267820E-02  3.082355459684E-01
     22 F   6 C     2.019579967028E-01  8.817717000700E-02 -9.837071267820E-02
     23 F   6 C    -9.837071267820E-02  2.019579967028E-01  8.817717000700E-02
     24 F   6 C     3.082355459684E-01 -9.837071267820E-02  8.817717000700E-02
     25 F   6 C     3.082355459684E-01  2.019579967028E-01  8.817717000700E-02
     26 F   6 C     2.019579967028E-01  3.082355459684E-01 -9.837071267820E-02
     27 F   6 C    -9.837071267820E-02  8.817717000700E-02  2.019579967028E-01
     28 F   6 C     8.817717000700E-02 -9.837071267820E-02  3.082355459684E-01
     29 F   6 C     8.817717000700E-02  3.082355459684E-01  2.019579967028E-01
     30 F   6 C     2.019579967028E-01  8.817717000700E-02  3.082355459684E-01
     31 F   6 C     3.082355459684E-01  8.817717000700E-02 -9.837071267820E-02
     32 F   6 C     3.082355459684E-01 -9.837071267820E-02  2.019579967028E-01
     33 F   6 C    -9.837071267820E-02  2.019579967028E-01  3.082355459684E-01
     34 F   6 C     8.817717000700E-02  2.019579967028E-01 -9.837071267820E-02
     35 F   6 C     2.019579967028E-01 -9.837071267820E-02  8.817717000700E-02
     36 F   6 C    -9.837071267820E-02  3.082355459684E-01  8.817717000700E-02
     37 F   6 C    -2.019579967028E-01 -3.082355459684E-01 -8.817717000700E-02
     38 F   6 C    -3.082355459684E-01 -2.019579967028E-01  9.837071267820E-02
     39 F   6 C    -8.817717000700E-02  9.837071267820E-02 -2.019579967028E-01
     40 F   6 C     9.837071267820E-02 -8.817717000700E-02 -3.082355459684E-01
     41 F   6 C    -3.082355459684E-01 -8.817717000700E-02 -2.019579967028E-01
     42 F   6 C    -8.817717000700E-02 -2.019579967028E-01 -3.082355459684E-01
     43 F   6 C    -8.817717000700E-02 -3.082355459684E-01  9.837071267820E-02
     44 F   6 C     9.837071267820E-02 -3.082355459684E-01 -2.019579967028E-01
     45 F   6 C    -2.019579967028E-01  9.837071267820E-02 -3.082355459684E-01
     46 F   6 C    -2.019579967028E-01 -8.817717000700E-02  9.837071267820E-02
     47 F   6 C     9.837071267820E-02 -2.019579967028E-01 -8.817717000700E-02
     48 F   6 C    -3.082355459684E-01  9.837071267820E-02 -8.817717000700E-02
     49 T   6 C    -3.681564174948E-01 -1.628411178024E-01  1.549876764860E-02
     50 F   6 C    -1.628411178024E-01 -3.681564174948E-01  1.549876764860E-02
     51 F   6 C     1.549876764860E-02  1.549876764860E-02 -1.628411178024E-01
     52 F   6 C     1.549876764860E-02  1.549876764860E-02 -3.681564174948E-01
     53 F   6 C     1.549876764860E-02 -3.681564174948E-01 -1.628411178024E-01
     54 F   6 C    -1.628411178024E-01  1.549876764860E-02 -3.681564174948E-01
     55 F   6 C    -3.681564174948E-01  1.549876764860E-02  1.549876764860E-02
     56 F   6 C    -3.681564174948E-01  1.549876764860E-02 -1.628411178024E-01
     57 F   6 C     1.549876764860E-02 -1.628411178024E-01 -3.681564174948E-01
     58 F   6 C     1.549876764860E-02 -1.628411178024E-01  1.549876764860E-02
     59 F   6 C    -1.628411178024E-01  1.549876764860E-02  1.549876764860E-02
     60 F   6 C     1.549876764860E-02 -3.681564174948E-01  1.549876764860E-02
     61 F   6 C     1.628411178024E-01  3.681564174948E-01 -1.549876764860E-02
     62 F   6 C     3.681564174948E-01  1.628411178024E-01 -1.549876764860E-02
     63 F   6 C    -1.549876764860E-02 -1.549876764860E-02  1.628411178024E-01
     64 F   6 C    -1.549876764860E-02 -1.549876764860E-02  3.681564174948E-01
     65 F   6 C     3.681564174948E-01 -1.549876764860E-02  1.628411178024E-01
     66 F   6 C    -1.549876764860E-02  1.628411178024E-01  3.681564174948E-01
     67 F   6 C    -1.549876764860E-02  3.681564174948E-01 -1.549876764860E-02
     68 F   6 C    -1.549876764860E-02  3.681564174948E-01  1.628411178024E-01
     69 F   6 C     1.628411178024E-01 -1.549876764860E-02  3.681564174948E-01
     70 F   6 C     1.628411178024E-01 -1.549876764860E-02 -1.549876764860E-02
     71 F   6 C    -1.549876764860E-02  1.628411178024E-01 -1.549876764860E-02
     72 F   6 C     3.681564174948E-01 -1.549876764860E-02 -1.549876764860E-02
     73 T   6 C     2.354152208963E-02  2.354152208963E-02  2.354152208963E-02
     74 F   6 C     2.354152208963E-02  2.354152208963E-02  4.293754337311E-01
     75 F   6 C     4.293754337311E-01  2.354152208963E-02  2.354152208963E-02
     76 F   6 C     2.354152208963E-02  4.293754337311E-01  2.354152208963E-02
     77 F   6 C    -2.354152208963E-02 -2.354152208963E-02 -2.354152208963E-02
     78 F   6 C    -2.354152208963E-02 -2.354152208963E-02 -4.293754337311E-01
     79 F   6 C    -2.354152208963E-02 -4.293754337311E-01 -2.354152208963E-02
     80 F   6 C    -4.293754337311E-01 -2.354152208963E-02 -2.354152208963E-02

 TRANSFORMATION MATRIX PRIMITIVE-CRYSTALLOGRAPHIC CELL
 -1.0000  1.0000  1.0000  1.0000 -1.0000  1.0000  1.0000  1.0000 -1.0000

 *******************************************************************************
 CRYSTALLOGRAPHIC CELL (VOLUME=       6490.53941949)
         A              B              C           ALPHA      BETA       GAMMA 
    18.65349710    18.65349710    18.65349710    90.000000  90.000000  90.000000

 COORDINATES IN THE CRYSTALLOGRAPHIC CELL
     ATOM                 X/A                 Y/B                 Z/C    
 *******************************************************************************
      1 T   6 C    -1.450675833549E-01 -1.982063579877E-01 -2.550967713356E-01
      2 F   6 C    -1.049324166451E-01 -5.179364201230E-02 -2.550967713356E-01
      3 F   6 C    -1.450675833549E-01 -5.179364201230E-02  5.096771335600E-03
      4 F   6 C    -1.049324166451E-01 -1.982063579877E-01  5.096771335600E-03
      5 F   6 C    -2.550967713356E-01 -1.450675833549E-01 -1.982063579877E-01
      6 F   6 C    -1.982063579877E-01 -2.550967713356E-01 -1.450675833549E-01
      7 F   6 C     5.096771335600E-03 -1.049324166451E-01 -1.982063579877E-01
      8 F   6 C    -5.179364201230E-02 -2.550967713356E-01 -1.049324166451E-01
      9 F   6 C    -2.550967713356E-01 -1.049324166451E-01 -5.179364201230E-02
     10 F   6 C    -5.179364201230E-02  5.096771335600E-03 -1.450675833549E-01
     11 F   6 C     5.096771335600E-03 -1.450675833549E-01 -5.179364201230E-02
     12 F   6 C    -1.982063579877E-01  5.096771335600E-03 -1.049324166451E-01
     13 F   6 C     1.982063579877E-01  1.450675833549E-01  2.550967713356E-01
     14 F   6 C     5.179364201230E-02  1.049324166451E-01  2.550967713356E-01
     15 F   6 C     5.179364201230E-02  1.450675833549E-01 -5.096771335600E-03
     16 F   6 C     1.982063579877E-01  1.049324166451E-01 -5.096771335600E-03
     17 F   6 C     1.450675833549E-01  2.550967713356E-01  1.982063579877E-01
     18 F   6 C     2.550967713356E-01  1.982063579877E-01  1.450675833549E-01
     19 F   6 C     1.049324166451E-01 -5.096771335600E-03  1.982063579877E-01
     20 F   6 C     2.550967713356E-01  5.179364201230E-02  1.049324166451E-01
     21 F   6 C     1.049324166451E-01  2.550967713356E-01  5.179364201230E-02
     22 F   6 C    -5.096771335600E-03  5.179364201230E-02  1.450675833549E-01
     23 F   6 C     1.450675833549E-01 -5.096771335600E-03  5.179364201230E-02
     24 F   6 C    -5.096771335600E-03  1.982063579877E-01  1.049324166451E-01
     25 F   6 C     1.450675833549E-01  1.982063579877E-01  2.550967713356E-01
     26 F   6 C     1.049324166451E-01  5.179364201230E-02  2.550967713356E-01
     27 F   6 C     1.450675833549E-01  5.179364201230E-02 -5.096771335600E-03
     28 F   6 C     1.049324166451E-01  1.982063579877E-01 -5.096771335600E-03
     29 F   6 C     2.550967713356E-01  1.450675833549E-01  1.982063579877E-01
     30 F   6 C     1.982063579877E-01  2.550967713356E-01  1.450675833549E-01
     31 F   6 C    -5.096771335600E-03  1.049324166451E-01  1.982063579877E-01
     32 F   6 C     5.179364201230E-02  2.550967713356E-01  1.049324166451E-01
     33 F   6 C     2.550967713356E-01  1.049324166451E-01  5.179364201230E-02
     34 F   6 C     5.179364201230E-02 -5.096771335600E-03  1.450675833549E-01
     35 F   6 C    -5.096771335600E-03  1.450675833549E-01  5.179364201230E-02
     36 F   6 C     1.982063579877E-01 -5.096771335600E-03  1.049324166451E-01
     37 F   6 C    -1.982063579877E-01 -1.450675833549E-01 -2.550967713356E-01
     38 F   6 C    -5.179364201230E-02 -1.049324166451E-01 -2.550967713356E-01
     39 F   6 C    -5.179364201230E-02 -1.450675833549E-01  5.096771335600E-03
     40 F   6 C    -1.982063579877E-01 -1.049324166451E-01  5.096771335600E-03
     41 F   6 C    -1.450675833549E-01 -2.550967713356E-01 -1.982063579877E-01
     42 F   6 C    -2.550967713356E-01 -1.982063579877E-01 -1.450675833549E-01
     43 F   6 C    -1.049324166451E-01  5.096771335600E-03 -1.982063579877E-01
     44 F   6 C    -2.550967713356E-01 -5.179364201230E-02 -1.049324166451E-01
     45 F   6 C    -1.049324166451E-01 -2.550967713356E-01 -5.179364201230E-02
     46 F   6 C     5.096771335600E-03 -5.179364201230E-02 -1.450675833549E-01
     47 F   6 C    -1.450675833549E-01  5.096771335600E-03 -5.179364201230E-02
     48 F   6 C     5.096771335600E-03 -1.982063579877E-01 -1.049324166451E-01
     49 T   6 C    -7.367117507689E-02 -1.763288249231E-01 -2.654987676486E-01
     50 F   6 C    -1.763288249231E-01 -7.367117507688E-02 -2.654987676486E-01
     51 F   6 C    -7.367117507688E-02 -7.367117507688E-02  1.549876764860E-02
     52 F   6 C    -1.763288249231E-01 -1.763288249231E-01  1.549876764860E-02
     53 F   6 C    -2.654987676486E-01 -7.367117507689E-02 -1.763288249231E-01
     54 F   6 C    -1.763288249231E-01 -2.654987676486E-01 -7.367117507689E-02
     55 F   6 C     1.549876764860E-02 -1.763288249231E-01 -1.763288249231E-01
     56 F   6 C    -7.367117507688E-02 -2.654987676486E-01 -1.763288249231E-01
     57 F   6 C    -2.654987676486E-01 -1.763288249231E-01 -7.367117507688E-02
     58 F   6 C    -7.367117507688E-02  1.549876764860E-02 -7.367117507688E-02
     59 F   6 C     1.549876764860E-02 -7.367117507689E-02 -7.367117507688E-02
     60 F   6 C    -1.763288249231E-01  1.549876764860E-02 -1.763288249231E-01
     61 F   6 C     1.763288249231E-01  7.367117507689E-02  2.654987676486E-01
     62 F   6 C     7.367117507688E-02  1.763288249231E-01  2.654987676486E-01
     63 F   6 C     7.367117507688E-02  7.367117507689E-02 -1.549876764860E-02
     64 F   6 C     1.763288249231E-01  1.763288249231E-01 -1.549876764860E-02
     65 F   6 C     7.367117507689E-02  2.654987676486E-01  1.763288249231E-01
     66 F   6 C     2.654987676486E-01  1.763288249231E-01  7.367117507688E-02
     67 F   6 C     1.763288249231E-01 -1.549876764860E-02  1.763288249231E-01
     68 F   6 C     2.654987676486E-01  7.367117507688E-02  1.763288249231E-01
     69 F   6 C     1.763288249231E-01  2.654987676486E-01  7.367117507688E-02
     70 F   6 C    -1.549876764860E-02  7.367117507688E-02  7.367117507689E-02
     71 F   6 C     7.367117507688E-02 -1.549876764860E-02  7.367117507688E-02
     72 F   6 C    -1.549876764860E-02  1.763288249231E-01  1.763288249231E-01
     73 T   6 C     2.354152208963E-02  2.354152208963E-02  2.354152208963E-02
     74 F   6 C     2.264584779104E-01  2.264584779104E-01  2.354152208963E-02
     75 F   6 C     2.354152208963E-02  2.264584779104E-01  2.264584779104E-01
     76 F   6 C     2.264584779104E-01  2.354152208963E-02  2.264584779104E-01
     77 F   6 C    -2.354152208963E-02 -2.354152208963E-02 -2.354152208963E-02
     78 F   6 C    -2.264584779104E-01 -2.264584779104E-01 -2.354152208963E-02
     79 F   6 C    -2.264584779104E-01 -2.354152208963E-02 -2.264584779104E-01
     80 F   6 C    -2.354152208963E-02 -2.264584779104E-01 -2.264584779104E-01

 T = ATOM BELONGING TO THE ASYMMETRIC UNIT

 ****   48 SYMMOPS - TRANSLATORS IN FRACTIONAL UNITS
 **** MATRICES AND TRANSLATORS IN THE CRYSTALLOGRAPHIC REFERENCE FRAME
   V INV                    ROTATION MATRICES                   TRANSLATORS
   1   1  1.00  0.00  0.00  0.00  1.00  0.00  0.00  0.00  1.00  0.00  0.00  0.00
   2   2  0.00  1.00 -0.00  1.00  0.00  0.00 -1.00 -1.00 -1.00  0.00 -0.00  0.50
   3   3 -1.00 -1.00 -1.00 -0.00 -0.00  1.00  0.00  1.00 -0.00  0.50  0.00 -0.00
   4   4 -0.00 -0.00  1.00 -1.00 -1.00 -1.00  1.00  0.00  0.00  0.00  0.50 -0.00
   5   6  0.00  0.00  1.00  1.00 -0.00  0.00 -0.00  1.00 -0.00  0.00  0.00  0.00
   6   5  0.00  1.00  0.00 -0.00  0.00  1.00  1.00 -0.00 -0.00  0.00  0.00  0.00
   7   8  1.00 -0.00  0.00  0.00  0.00  1.00 -1.00 -1.00 -1.00  0.00 -0.00  0.50
   8   7  1.00 -0.00 -0.00 -1.00 -1.00 -1.00  0.00  1.00  0.00  0.00  0.50 -0.00
   9  10 -1.00 -1.00 -1.00 -0.00  1.00 -0.00  1.00 -0.00  0.00  0.50  0.00 -0.00
  10   9 -0.00  0.00  1.00  0.00  1.00  0.00 -1.00 -1.00 -1.00  0.00 -0.00  0.50
  11  12 -0.00  1.00 -0.00 -1.00 -1.00 -1.00  0.00  0.00  1.00  0.00  0.50 -0.00
  12  11 -1.00 -1.00 -1.00  1.00 -0.00 -0.00 -0.00  0.00  1.00  0.50  0.00 -0.00
  13  13 -0.00 -1.00 -0.00 -1.00 -0.00  0.00  0.00  0.00 -1.00  0.00  0.00  0.00
  14  14 -1.00 -0.00  0.00 -0.00 -1.00 -0.00  1.00  1.00  1.00  0.00 -0.00  0.50
  15  16  0.00  0.00 -1.00  1.00  1.00  1.00 -0.00 -1.00 -0.00  0.00  0.50 -0.00
  16  15  1.00  1.00  1.00  0.00  0.00 -1.00 -1.00 -0.00  0.00  0.50  0.00 -0.00
  17  17 -1.00 -0.00 -0.00 -0.00  0.00 -1.00  0.00 -1.00  0.00  0.00  0.00  0.00
  18  18 -0.00 -0.00 -1.00  0.00 -1.00 -0.00 -1.00  0.00  0.00  0.00  0.00  0.00
  19  21 -0.00  0.00 -1.00 -1.00 -0.00 -0.00  1.00  1.00  1.00  0.00 -0.00  0.50
  20  22  1.00  1.00  1.00 -1.00  0.00  0.00  0.00 -1.00 -0.00  0.50  0.00 -0.00
  21  19  0.00 -1.00  0.00  1.00  1.00  1.00 -1.00 -0.00 -0.00  0.00  0.50 -0.00
  22  20  0.00 -1.00 -0.00 -0.00 -0.00 -1.00  1.00  1.00  1.00  0.00 -0.00  0.50
  23  23  1.00  1.00  1.00  0.00 -1.00  0.00 -0.00  0.00 -1.00  0.50  0.00 -0.00
  24  24 -1.00  0.00  0.00  1.00  1.00  1.00 -0.00 -0.00 -1.00  0.00  0.50 -0.00
  25  25 -1.00 -0.00 -0.00 -0.00 -1.00  0.00  0.00  0.00 -1.00  0.00  0.00  0.00
  26  26 -0.00 -1.00  0.00 -1.00 -0.00 -0.00  1.00  1.00  1.00  0.00 -0.00  0.50
  27  27  1.00  1.00  1.00  0.00  0.00 -1.00 -0.00 -1.00  0.00  0.50  0.00 -0.00
  28  28  0.00  0.00 -1.00  1.00  1.00  1.00 -1.00 -0.00 -0.00  0.00  0.50 -0.00
  29  30 -0.00 -0.00 -1.00 -1.00  0.00 -0.00  0.00 -1.00  0.00  0.00  0.00  0.00
  30  29 -0.00 -1.00 -0.00  0.00 -0.00 -1.00 -1.00  0.00  0.00  0.00  0.00  0.00
  31  32 -1.00  0.00 -0.00 -0.00 -0.00 -1.00  1.00  1.00  1.00  0.00 -0.00  0.50
  32  31 -1.00  0.00  0.00  1.00  1.00  1.00 -0.00 -1.00 -0.00  0.00  0.50 -0.00
  33  34  1.00  1.00  1.00  0.00 -1.00  0.00 -1.00  0.00 -0.00  0.50  0.00 -0.00
  34  33  0.00 -0.00 -1.00 -0.00 -1.00 -0.00  1.00  1.00  1.00  0.00 -0.00  0.50
  35  36  0.00 -1.00  0.00  1.00  1.00  1.00 -0.00 -0.00 -1.00  0.00  0.50 -0.00
  36  35  1.00  1.00  1.00 -1.00  0.00  0.00  0.00 -0.00 -1.00  0.50  0.00 -0.00
  37  37  0.00  1.00  0.00  1.00  0.00 -0.00 -0.00 -0.00  1.00  0.00  0.00  0.00
  38  38  1.00  0.00 -0.00  0.00  1.00  0.00 -1.00 -1.00 -1.00  0.00 -0.00  0.50
  39  40 -0.00 -0.00  1.00 -1.00 -1.00 -1.00  0.00  1.00  0.00  0.00  0.50 -0.00
  40  39 -1.00 -1.00 -1.00 -0.00 -0.00  1.00  1.00  0.00 -0.00  0.50  0.00 -0.00
  41  41  1.00  0.00  0.00  0.00 -0.00  1.00 -0.00  1.00 -0.00  0.00  0.00  0.00
  42  42  0.00  0.00  1.00 -0.00  1.00  0.00  1.00 -0.00 -0.00  0.00  0.00  0.00
  43  45  0.00 -0.00  1.00  1.00  0.00  0.00 -1.00 -1.00 -1.00  0.00 -0.00  0.50
  44  46 -1.00 -1.00 -1.00  1.00 -0.00 -0.00 -0.00  1.00  0.00  0.50  0.00 -0.00
  45  43 -0.00  1.00 -0.00 -1.00 -1.00 -1.00  1.00  0.00  0.00  0.00  0.50 -0.00
  46  44 -0.00  1.00  0.00  0.00  0.00  1.00 -1.00 -1.00 -1.00  0.00 -0.00  0.50
  47  47 -1.00 -1.00 -1.00 -0.00  1.00 -0.00  0.00 -0.00  1.00  0.50  0.00 -0.00
  48  48  1.00 -0.00 -0.00 -1.00 -1.00 -1.00  0.00  0.00  1.00  0.00  0.50 -0.00

 DIRECT LATTICE VECTORS CARTESIAN COMPONENTS (ANGSTROM)
          X                    Y                    Z
   0.000000000000E+00   0.932674855000E+01   0.932674855000E+01
   0.932674855000E+01   0.000000000000E+00   0.932674855000E+01
   0.932674855000E+01   0.932674855000E+01   0.000000000000E+00


 CARTESIAN COORDINATES - PRIMITIVE CELL
 *******************************************************************************
 *      ATOM          X(ANGSTROM)         Y(ANGSTROM)         Z(ANGSTROM)
 *******************************************************************************
    1     6 C    -2.706017745415E+00 -3.697241723925E+00 -4.758446884328E+00
    2     6 C    -1.957356529585E+00 -9.661325510749E-01 -4.758446884328E+00
    3     6 C    -2.706017745415E+00 -9.661325510749E-01  9.507260932798E-02
    4     6 C    -1.957356529585E+00 -3.697241723925E+00  9.507260932798E-02
    5     6 C    -4.758446884328E+00 -2.706017745415E+00 -3.697241723925E+00
    6     6 C    -3.697241723925E+00 -4.758446884328E+00 -2.706017745415E+00
    7     6 C     9.507260932798E-02 -1.957356529585E+00 -3.697241723925E+00
    8     6 C    -9.661325510749E-01 -4.758446884328E+00 -1.957356529585E+00
    9     6 C    -4.758446884328E+00 -1.957356529585E+00 -9.661325510749E-01
   10     6 C    -9.661325510749E-01  9.507260932798E-02 -2.706017745415E+00
   11     6 C     9.507260932798E-02 -2.706017745415E+00 -9.661325510749E-01
   12     6 C    -3.697241723925E+00  9.507260932798E-02 -1.957356529585E+00
   13     6 C     3.697241723925E+00  2.706017745415E+00  4.758446884328E+00
   14     6 C     9.661325510749E-01  1.957356529585E+00  4.758446884328E+00
   15     6 C     9.661325510749E-01  2.706017745415E+00 -9.507260932798E-02
   16     6 C     3.697241723925E+00  1.957356529585E+00 -9.507260932798E-02
   17     6 C     2.706017745415E+00  4.758446884328E+00  3.697241723925E+00
   18     6 C     4.758446884328E+00  3.697241723925E+00  2.706017745415E+00
   19     6 C     1.957356529585E+00 -9.507260932798E-02  3.697241723925E+00
   20     6 C     4.758446884328E+00  9.661325510749E-01  1.957356529585E+00
   21     6 C     1.957356529585E+00  4.758446884328E+00  9.661325510749E-01
   22     6 C    -9.507260932798E-02  9.661325510749E-01  2.706017745415E+00
   23     6 C     2.706017745415E+00 -9.507260932798E-02  9.661325510749E-01
   24     6 C    -9.507260932798E-02  3.697241723925E+00  1.957356529585E+00
   25     6 C     2.706017745415E+00  3.697241723925E+00  4.758446884328E+00
   26     6 C     1.957356529585E+00  9.661325510749E-01  4.758446884328E+00
   27     6 C     2.706017745415E+00  9.661325510749E-01 -9.507260932798E-02
   28     6 C     1.957356529585E+00  3.697241723925E+00 -9.507260932798E-02
   29     6 C     4.758446884328E+00  2.706017745415E+00  3.697241723925E+00
   30     6 C     3.697241723925E+00  4.758446884328E+00  2.706017745415E+00
   31     6 C    -9.507260932798E-02  1.957356529585E+00  3.697241723925E+00
   32     6 C     9.661325510749E-01  4.758446884328E+00  1.957356529585E+00
   33     6 C     4.758446884328E+00  1.957356529585E+00  9.661325510749E-01
   34     6 C     9.661325510749E-01 -9.507260932798E-02  2.706017745415E+00
   35     6 C    -9.507260932798E-02  2.706017745415E+00  9.661325510749E-01
   36     6 C     3.697241723925E+00 -9.507260932798E-02  1.957356529585E+00
   37     6 C    -3.697241723925E+00 -2.706017745415E+00 -4.758446884328E+00
   38     6 C    -9.661325510749E-01 -1.957356529585E+00 -4.758446884328E+00
   39     6 C    -9.661325510749E-01 -2.706017745415E+00  9.507260932798E-02
   40     6 C    -3.697241723925E+00 -1.957356529585E+00  9.507260932798E-02
   41     6 C    -2.706017745415E+00 -4.758446884328E+00 -3.697241723925E+00
   42     6 C    -4.758446884328E+00 -3.697241723925E+00 -2.706017745415E+00
   43     6 C    -1.957356529585E+00  9.507260932798E-02 -3.697241723925E+00
   44     6 C    -4.758446884328E+00 -9.661325510749E-01 -1.957356529585E+00
   45     6 C    -1.957356529585E+00 -4.758446884328E+00 -9.661325510749E-01
   46     6 C     9.507260932798E-02 -9.661325510749E-01 -2.706017745415E+00
   47     6 C    -2.706017745415E+00  9.507260932798E-02 -9.661325510749E-01
   48     6 C     9.507260932798E-02 -3.697241723925E+00 -1.957356529585E+00
   49     6 C    -1.374225050650E+00 -3.289149224350E+00 -4.952480492387E+00
   50     6 C    -3.289149224350E+00 -1.374225050650E+00 -4.952480492387E+00
   51     6 C    -1.374225050650E+00 -1.374225050650E+00  2.891062173867E-01
   52     6 C    -3.289149224350E+00 -3.289149224350E+00  2.891062173867E-01
   53     6 C    -4.952480492387E+00 -1.374225050650E+00 -3.289149224350E+00
   54     6 C    -3.289149224350E+00 -4.952480492387E+00 -1.374225050650E+00
   55     6 C     2.891062173867E-01 -3.289149224350E+00 -3.289149224350E+00
   56     6 C    -1.374225050650E+00 -4.952480492387E+00 -3.289149224350E+00
   57     6 C    -4.952480492387E+00 -3.289149224350E+00 -1.374225050650E+00
   58     6 C    -1.374225050650E+00  2.891062173867E-01 -1.374225050650E+00
   59     6 C     2.891062173867E-01 -1.374225050650E+00 -1.374225050650E+00
   60     6 C    -3.289149224350E+00  2.891062173867E-01 -3.289149224350E+00
   61     6 C     3.289149224350E+00  1.374225050650E+00  4.952480492387E+00
   62     6 C     1.374225050650E+00  3.289149224350E+00  4.952480492387E+00
   63     6 C     1.374225050650E+00  1.374225050650E+00 -2.891062173867E-01
   64     6 C     3.289149224350E+00  3.289149224350E+00 -2.891062173867E-01
   65     6 C     1.374225050650E+00  4.952480492387E+00  3.289149224350E+00
   66     6 C     4.952480492387E+00  3.289149224350E+00  1.374225050650E+00
   67     6 C     3.289149224350E+00 -2.891062173867E-01  3.289149224350E+00
   68     6 C     4.952480492387E+00  1.374225050650E+00  3.289149224350E+00
   69     6 C     3.289149224350E+00  4.952480492387E+00  1.374225050650E+00
   70     6 C    -2.891062173867E-01  1.374225050650E+00  1.374225050650E+00
   71     6 C     1.374225050650E+00 -2.891062173867E-01  1.374225050650E+00
   72     6 C    -2.891062173867E-01  3.289149224350E+00  3.289149224350E+00
   73     6 C     4.391317140285E-01  4.391317140285E-01  4.391317140285E-01
   74     6 C     4.224242560971E+00  4.224242560971E+00  4.391317140285E-01
   75     6 C     4.391317140285E-01  4.224242560972E+00  4.224242560972E+00
   76     6 C     4.224242560971E+00  4.391317140285E-01  4.224242560971E+00
   77     6 C    -4.391317140285E-01 -4.391317140285E-01 -4.391317140285E-01
   78     6 C    -4.224242560971E+00 -4.224242560971E+00 -4.391317140285E-01
   79     6 C    -4.224242560971E+00 -4.391317140285E-01 -4.224242560971E+00
   80     6 C    -4.391317140285E-01 -4.224242560971E+00 -4.224242560972E+00

 *******************************************************************************
 LOCAL ATOMIC FUNCTIONS BASIS SET
 *******************************************************************************
   ATOM   X(AU)   Y(AU)   Z(AU)  N. TYPE  EXPONENT  S COEF   P COEF   D/F/G COEF
 *******************************************************************************
   1 C   -5.114  -6.987  -8.992
                                  1 S  
                                         1.358E+04 2.225E-04 0.000E+00 0.000E+00
                                         2.035E+03 1.723E-03 0.000E+00 0.000E+00
                                         4.632E+02 8.926E-03 0.000E+00 0.000E+00
                                         1.312E+02 3.573E-02 0.000E+00 0.000E+00
                                         4.285E+01 1.108E-01 0.000E+00 0.000E+00
                                         1.558E+01 2.430E-01 0.000E+00 0.000E+00
                                  2 S  
                                         6.207E+00 4.144E-01 0.000E+00 0.000E+00
                                         2.576E+00 2.374E-01 0.000E+00 0.000E+00
                                  3 S  
                                         4.941E-01 1.000E+00 0.000E+00 0.000E+00
                                  4 S  
                                         1.644E-01 1.000E+00 0.000E+00 0.000E+00
                           5-     7 P  
                                         3.470E+01 0.000E+00 5.333E-03 0.000E+00
                                         7.958E+00 0.000E+00 3.586E-02 0.000E+00
                                         2.378E+00 0.000E+00 1.422E-01 0.000E+00
                                         8.143E-01 0.000E+00 3.427E-01 0.000E+00
                           8-    10 P  
                                         5.662E-01 0.000E+00 1.000E+00 0.000E+00
                          11-    13 P  
                                         2.674E-01 0.000E+00 1.000E+00 0.000E+00
                          14-    18 D  
                                         8.792E-01 0.000E+00 0.000E+00 1.000E+00
   2 C   -3.699  -1.826  -8.992
   3 C   -5.114  -1.826   0.180
   4 C   -3.699  -6.987   0.180
   5 C   -8.992  -5.114  -6.987
   6 C   -6.987  -8.992  -5.114
   7 C    0.180  -3.699  -6.987
   8 C   -1.826  -8.992  -3.699
   9 C   -8.992  -3.699  -1.826
  10 C   -1.826   0.180  -5.114
  11 C    0.180  -5.114  -1.826
  12 C   -6.987   0.180  -3.699
  13 C    6.987   5.114   8.992
  14 C    1.826   3.699   8.992
  15 C    1.826   5.114  -0.180
  16 C    6.987   3.699  -0.180
  17 C    5.114   8.992   6.987
  18 C    8.992   6.987   5.114
  19 C    3.699  -0.180   6.987
  20 C    8.992   1.826   3.699
  21 C    3.699   8.992   1.826
  22 C   -0.180   1.826   5.114
  23 C    5.114  -0.180   1.826
  24 C   -0.180   6.987   3.699
  25 C    5.114   6.987   8.992
  26 C    3.699   1.826   8.992
  27 C    5.114   1.826  -0.180
  28 C    3.699   6.987  -0.180
  29 C    8.992   5.114   6.987
  30 C    6.987   8.992   5.114
  31 C   -0.180   3.699   6.987
  32 C    1.826   8.992   3.699
  33 C    8.992   3.699   1.826
  34 C    1.826  -0.180   5.114
  35 C   -0.180   5.114   1.826
  36 C    6.987  -0.180   3.699
  37 C   -6.987  -5.114  -8.992
  38 C   -1.826  -3.699  -8.992
  39 C   -1.826  -5.114   0.180
  40 C   -6.987  -3.699   0.180
  41 C   -5.114  -8.992  -6.987
  42 C   -8.992  -6.987  -5.114
  43 C   -3.699   0.180  -6.987
  44 C   -8.992  -1.826  -3.699
  45 C   -3.699  -8.992  -1.826
  46 C    0.180  -1.826  -5.114
  47 C   -5.114   0.180  -1.826
  48 C    0.180  -6.987  -3.699
  49 C   -2.597  -6.216  -9.359
  50 C   -6.216  -2.597  -9.359
  51 C   -2.597  -2.597   0.546
  52 C   -6.216  -6.216   0.546
  53 C   -9.359  -2.597  -6.216
  54 C   -6.216  -9.359  -2.597
  55 C    0.546  -6.216  -6.216
  56 C   -2.597  -9.359  -6.216
  57 C   -9.359  -6.216  -2.597
  58 C   -2.597   0.546  -2.597
  59 C    0.546  -2.597  -2.597
  60 C   -6.216   0.546  -6.216
  61 C    6.216   2.597   9.359
  62 C    2.597   6.216   9.359
  63 C    2.597   2.597  -0.546
  64 C    6.216   6.216  -0.546
  65 C    2.597   9.359   6.216
  66 C    9.359   6.216   2.597
  67 C    6.216  -0.546   6.216
  68 C    9.359   2.597   6.216
  69 C    6.216   9.359   2.597
  70 C   -0.546   2.597   2.597
  71 C    2.597  -0.546   2.597
  72 C   -0.546   6.216   6.216
  73 C    0.830   0.830   0.830
  74 C    7.983   7.983   0.830
  75 C    0.830   7.983   7.983
  76 C    7.983   0.830   7.983
  77 C   -0.830  -0.830  -0.830
  78 C   -7.983  -7.983  -0.830
  79 C   -7.983  -0.830  -7.983
  80 C   -0.830  -7.983  -7.983
 INFORMATION **** SET_MPP **** PCRYSTAL CALCULATION
 INFORMATION **** READM2 **** NEW DEFAULT: FOCK/KS MATRIX MIXING SET TO 30 %
 INFORMATION **** READM2 **** NEW DEFAULT: FULL DIRECT SCF MODE
 INFORMATION **** READM2 **** NEW DEFAULT: COULOMB BIPOLAR BUFFER SET TO 32 Mb
 INFORMATION **** READM2 **** NEW DEFAULT: EXCHANGE BIPOLAR BUFFER SET TO 32 Mb

 *******************************************************************************
 NEW DEFAULT: DFT INTEGRATION GRID INCREASED TO XLGRID
 NEW DEFAULT: DIIS ACCELERATOR ACTIVE
 USE KEYWORD NODIIS TO TURN IT OFF
 *******************************************************************************

 INFORMATION **** DFTD3_INPUT **** PERFORM LATEST DISPERSION CORRECTION DFT-D3(BJ) WITH AUTOMATIC PARAMETER SETUP
 PLEASE CITE:
 (1) DFT-D3 Reference
  S. Grimme, J. Antony, S. Ehrlich, and H. Krieg, J. Chem. Phys. 132 (2010), 154104
 (2) BJ-Damping Reference
  S. Grimme, S. Ehrlich, and L. Goerigk, J. Comput. Chem. 32 (2011), 1456-1465
 (3) General DFT-D Review
  S. Grimme, A. Hansen, J. G. Brandenburg, and C. Bannwarth,
  Chem. Rev. 116 (2016), 5105-5154

 INFORMATION **** TOLINTEG **** COULOMB AND EXCHANGE SERIES TOLERANCES MODIFIED
 INFORMATION **** TOLDEE **** SCF TOL ON TOTAL ENERGY SET TO           9
 INFORMATION **** READM2 **** FULL DIRECT SCF (MONO AND BIEL INT) SELECTED
 INFORMATION **** MAXCYCLE **** MAX NUMBER OF SCF CYCLES SET TO         800
 INFORMATION **** DIIS **** DIIS FOR SCF ACTIVE
 INFORMATION **** DIIS **** LEVEL SHIFTER DISABLED
 INFORMATION **** PPAN ****  MULLIKEN POPULATION ANALYSIS AT THE END OF SCF
 *******************************************************************************
 N. OF ATOMS PER CELL        80  COULOMB OVERLAP TOL         (T1) 10**   -8
 NUMBER OF SHELLS           640  COULOMB PENETRATION TOL     (T2) 10**   -8
 NUMBER OF AO              1440  EXCHANGE OVERLAP TOL        (T3) 10**   -8
 N. OF ELECTRONS PER CELL   480  EXCHANGE PSEUDO OVP (F(G))  (T4) 10**   -9
 CORE ELECTRONS PER CELL    160  EXCHANGE PSEUDO OVP (P(G))  (T5) 10**  -24
 N. OF SYMMETRY OPERATORS    48  POLE ORDER IN MONO ZONE                  4
 *******************************************************************************
 TYPE OF CALCULATION :  UNRESTRICTED OPEN SHELL
 KOHN-SHAM HAMILTONIAN

 (EXCHANGE)[CORRELATION] FUNCTIONAL:(BECKE 88)[LEE-YANG-PARR]

 NON-LOCAL WEIGHTING FACTOR (EXCHANGE) =           0.9000
 NON-LOCAL WEIGHTING FACTOR [CORRELATION] =        0.8100

 HYBRID EXCHANGE - PERCENTAGE OF FOCK EXCHANGE    20.0000

 SPIN POLARIZED DFT SELECTED

 CAPPA:IS1  3;IS2  3;IS3  3; K PTS MONK NET   4; SYMMOPS:K SPACE  48;G SPACE  48

 *******************************************************************************
 MAX NUMBER OF SCF CYCLES     800  CONVERGENCE ON DELTAP        10**-19
 WEIGHT OF F(I) IN F(I+1)      30% CONVERGENCE ON ENERGY        10**- 9
 SHRINK. FACT.(MONKH.)    3  3  3  NUMBER OF K POINTS IN THE IBZ      4
 SHRINKING FACTOR(GILAT NET)    6  NUMBER OF K POINTS(GILAT NET)     16
 *******************************************************************************
 *** K POINTS COORDINATES (OBLIQUE COORDINATES IN UNITS OF IS =  3)
   1-R(  0  0  0)   2-C(  1  0  0)   3-C(  1  1  0)   4-C(  2  1  0)

 DIRECT LATTICE VECTORS COMPON. (A.U.)     RECIP. LATTICE VECTORS COMPON. (A.U.) 
        X            Y            Z              X            Y            Z
    0.0000000   17.6250005   17.6250005     -0.1782464    0.1782464    0.1782464
   17.6250005    0.0000000   17.6250005      0.1782464   -0.1782464    0.1782464
   17.6250005   17.6250005    0.0000000      0.1782464    0.1782464   -0.1782464

 DISK SPACE FOR EIGENVECTORS (FTN 10)    14515200 REALS

 SYMMETRY ADAPTION OF THE BLOCH FUNCTIONS ENABLED
 TTTTTTTTTTTTTTTTTTTTTTTTTTTTTT gordsh1     TELAPSE        2.68 TCPU        1.32

 MATRIX SIZE: P(G) 2672368, F(G)  438656, P(G) IRR   30513, F(G) IRR   10535
 MAX G-VECTOR INDEX FOR 1- AND 2-ELECTRON INTEGRALS  41

 TTTTTTTTTTTTTTTTTTTTTTTTTTTTTT INPUT       TELAPSE        2.78 TCPU        1.42

 NEIGHBORS OF THE NON-EQUIVALENT ATOMS

 N = NUMBER OF NEIGHBORS AT DISTANCE R
    ATOM  N     R/ANG      R/AU   NEIGHBORS (ATOM LABELS AND CELL INDICES)
   1 C    1     1.4018     2.6490   37 C    0 0 0
   1 C    1     1.4064     2.6576   49 C    0 0 0
   1 C    1     1.5008     2.8360   41 C    0 0 0
   1 C    1     2.3469     4.4351   56 C    0 0 0
   1 C    1     2.3879     4.5124   80 C    0 0 0
   1 C    1     2.4029     4.5409   50 C    0 0 0

  49 C    2     1.4064     2.6576    1 C    0 0 0   38 C    0 0 0
  49 C    1     1.5097     2.8529   80 C    0 0 0
  49 C    2     2.3469     4.4351    7 C    0 0 0   41 C    0 0 0
  49 C    2     2.3523     4.4452   55 C    0 0 0   56 C    0 0 0
  49 C    2     2.4029     4.5409    2 C    0 0 0   37 C    0 0 0
  49 C    1     2.5689     4.8544   75 C   -1 0 0

  73 C    3     1.5097     2.8529   63 C    0 0 0   70 C    0 0 0   71 C    0 0 0
  73 C    1     1.5212     2.8746   77 C    0 0 0
  73 C    6     2.3879     4.5124   15 C    0 0 0   22 C    0 0 0   23 C    0 0 0
                                    27 C    0 0 0   34 C    0 0 0   35 C    0 0 0
  73 C    3     2.5689     4.8544   51 C    0 0 0   58 C    0 0 0   59 C    0 0 0
  73 C    6     3.4620     6.5421    3 C    0 0 0   10 C    0 0 0   11 C    0 0 0
                                    39 C    0 0 0   46 C    0 0 0   47 C    0 0 0
  73 C    6     3.6340     6.8672   16 C    0 0 0   19 C    0 0 0   24 C    0 0 0
                                    28 C    0 0 0   31 C    0 0 0   36 C    0 0 0


 SYMMETRY ALLOWED INTERNAL DEGREE(S) OF FREEDOM:   6
 TTTTTTTTTTTTTTTTTTTTTTTTTTTTTT SYMM        TELAPSE        4.79 TCPU        3.02
 TTTTTTTTTTTTTTTTTTTTTTTTTTTTTT INT_SCREEN  TELAPSE        4.83 TCPU        3.06

 DFT PARAMETERS

     ATOM       ELECTRONS   NET CHARGE   R(ANGSTROM)
   1   6  C       6.0000      0.0000     0.77000000

 SIZE OF GRID=      55053
 TTTTTTTTTTTTTTTTTTTTTTTTTTTTTT MAKE_GRID2  TELAPSE        5.06 TCPU        3.29
 BECKE WEIGHT FUNCTION
 RADSAFE =     2.00
 TOLERANCES - DENSITY:10**- 6; POTENTIAL:10**- 9; GRID WGT:10**-14

 RADIAL INTEGRATION  - INTERVALS (POINTS,UPPER LIMIT):            1( 75,  4.0*R)

 ANGULAR INTEGRATION - INTERVALS (ACCURACY LEVEL [N. POINTS] UPPER LIMIT):
  1(  4[  86]   0.2)  2(  8[ 194]   0.5)  3( 12[ 350]   0.9)  4( 16[ 974]   3.5)
  5( 12[ 350]9999.0)
 TTTTTTTTTTTTTTTTTTTTTTTTTTTTTT INT_CALC    TELAPSE        5.08 TCPU        3.30
 EEEEEEEEEE INT_CALC TERMINATION  DATE 30 01 2026 TIME 22:52:12.1

 *******************************************************************************
 ./3^2,4T201_rev1_sp_B3LYP-D3-D3_optimized                                       
 CRYSTAL - SCF - TYPE OF CALCULATION :  UNRESTRICTED OPEN SHELL
 *******************************************************************************

 CAPPA:IS1  3;IS2  3;IS3  3; K PTS MONK NET   4; SYMMOPS:K SPACE  48;G SPACE  48

 TTTTTTTTTTTTTTTTTTTTTTTTTTTTTT SDIK        TELAPSE        5.21 TCPU        3.43

 AAAAAAAAAAAAAAAAAAAAAAAAAAAAAAAAAAAAAAAAAAAAAAAAAAAAAAAAAAAAAAAAAAAAAAAAAAAAAAA
         ATOMIC WAVEFUNCTION(S)


 NUCLEAR CHARGE  6.0  SYMMETRY SPECIES            S    P
 N. ELECTRONS    6.0  NUMBER OF PRIMITIVE GTOS   10    6
                      NUMBER OF CONTRACTED GTOS   4    3
                      NUMBER OF CLOSED SHELLS     2    0
                      OPEN SHELL OCCUPATION       0    2

  ZNUC  SCFIT    TOTAL HF ENERGY   KINETIC ENERGY   VIRIAL THEOREM ACCURACY
   6.0    10    -3.766702350E+01  3.783137943E+01 -1.995655566E+00  1.6E-06

 AAAAAAAAAAAAAAAAAAAAAAAAAAAAAAAAAAAAAAAAAAAAAAAAAAAAAAAAAAAAAAAAAAAAAAAAAAAAAAA

 CHARGE NORMALIZATION FACTOR   1.00000000
 TOTAL ATOMIC CHARGES:
   6.0000000   6.0000000   6.0000000   6.0000000   6.0000000   6.0000000
   6.0000000   6.0000000   6.0000000   6.0000000   6.0000000   6.0000000
   6.0000000   6.0000000   6.0000000   6.0000000   6.0000000   6.0000000
   6.0000000   6.0000000   6.0000000   6.0000000   6.0000000   6.0000000
   6.0000000   6.0000000   6.0000000   6.0000000   6.0000000   6.0000000
   6.0000000   6.0000000   6.0000000   6.0000000   6.0000000   6.0000000
   6.0000000   6.0000000   6.0000000   6.0000000   6.0000000   6.0000000
   6.0000000   6.0000000   6.0000000   6.0000000   6.0000000   6.0000000
   6.0000000   6.0000000   6.0000000   6.0000000   6.0000000   6.0000000
   6.0000000   6.0000000   6.0000000   6.0000000   6.0000000   6.0000000
   6.0000000   6.0000000   6.0000000   6.0000000   6.0000000   6.0000000
   6.0000000   6.0000000   6.0000000   6.0000000   6.0000000   6.0000000
   6.0000000   6.0000000   6.0000000   6.0000000   6.0000000   6.0000000
   6.0000000   6.0000000
 SUMMED SPIN DENSITY           0.00000000
 TOTAL ATOMIC SPINS  :
   0.0000000   0.0000000   0.0000000   0.0000000   0.0000000   0.0000000
   0.0000000   0.0000000   0.0000000   0.0000000   0.0000000   0.0000000
   0.0000000   0.0000000   0.0000000   0.0000000   0.0000000   0.0000000
   0.0000000   0.0000000   0.0000000   0.0000000   0.0000000   0.0000000
   0.0000000   0.0000000   0.0000000   0.0000000   0.0000000   0.0000000
   0.0000000   0.0000000   0.0000000   0.0000000   0.0000000   0.0000000
   0.0000000   0.0000000   0.0000000   0.0000000   0.0000000   0.0000000
   0.0000000   0.0000000   0.0000000   0.0000000   0.0000000   0.0000000
   0.0000000   0.0000000   0.0000000   0.0000000   0.0000000   0.0000000
   0.0000000   0.0000000   0.0000000   0.0000000   0.0000000   0.0000000
   0.0000000   0.0000000   0.0000000   0.0000000   0.0000000   0.0000000
   0.0000000   0.0000000   0.0000000   0.0000000   0.0000000   0.0000000
   0.0000000   0.0000000   0.0000000   0.0000000   0.0000000   0.0000000
   0.0000000   0.0000000
 TTTTTTTTTTTTTTTTTTTTTTTTTTTTTT MOQGAD      TELAPSE        5.23 TCPU        3.45
 TTTTTTTTTTTTTTTTTTTTTTTTTTTTTT SHELLXN     TELAPSE        9.39 TCPU        7.60
 TTTTTTTTTTTTTTTTTTTTTTTTTTTTTT MONMO3      TELAPSE        9.43 TCPU        7.65
 NUMERICALLY INTEGRATED DENSITY    240.0002163806    240.0002163806
 TTTTTTTTTTTTTTTTTTTTTTTTTTTTTT NUMDFT      TELAPSE        9.93 TCPU        8.14
 CYC   0 ETOT(AU) -3.071267795618E+03 DETOT -3.07E+03 tst  0.00E+00 PX  1.00E+00
 TTTTTTTTTTTTTTTTTTTTTTTTTTTTTT DIIS        TELAPSE       10.01 TCPU        8.22
 TTTTTTTTTTTTTTTTTTTTTTTTTTTTTT FDIK        TELAPSE       11.33 TCPU        9.54

    ALPHA      ELECTRONS
 INSULATING STATE
 TOP OF VALENCE BANDS -    BAND    240; K    2; EIG -2.0922484E-01 AU
 TOP OF VALENCE BANDS -    BAND    240; K    1; EIG -2.0956866E-01 AU
 BOTTOM OF VIRTUAL BANDS - BAND    241; K    1; EIG -1.6437060E-01 AU
 INDIRECT ENERGY BAND GAP:   1.2205 eV

    BETA       ELECTRONS
 INSULATING STATE
 TOP OF VALENCE BANDS -    BAND    240; K    2; EIG -2.0922484E-01 AU
 TOP OF VALENCE BANDS -    BAND    240; K    1; EIG -2.0956866E-01 AU
 BOTTOM OF VIRTUAL BANDS - BAND    241; K    1; EIG -1.6437060E-01 AU
 INDIRECT ENERGY BAND GAP:   1.2205 eV
 TTTTTTTTTTTTTTTTTTTTTTTTTTTTTT PDIG        TELAPSE       11.51 TCPU        9.72
 CHARGE NORMALIZATION FACTOR   1.00000000
 TOTAL ATOMIC CHARGES:
   5.9895280   5.9895280   5.9895280   5.9895280   5.9895280   5.9895280
   5.9895280   5.9895280   5.9895280   5.9895280   5.9895280   5.9895280
   5.9895280   5.9895280   5.9895280   5.9895280   5.9895280   5.9895280
   5.9895280   5.9895280   5.9895280   5.9895280   5.9895280   5.9895280
   5.9895280   5.9895280   5.9895280   5.9895280   5.9895280   5.9895280
   5.9895280   5.9895280   5.9895280   5.9895280   5.9895280   5.9895280
   5.9895280   5.9895280   5.9895280   5.9895280   5.9895280   5.9895280
   5.9895280   5.9895280   5.9895280   5.9895280   5.9895280   5.9895280
   6.0116418   6.0116418   6.0116418   6.0116418   6.0116418   6.0116418
   6.0116418   6.0116418   6.0116418   6.0116418   6.0116418   6.0116418
   6.0116418   6.0116418   6.0116418   6.0116418   6.0116418   6.0116418
   6.0116418   6.0116418   6.0116418   6.0116418   6.0116418   6.0116418
   6.0279063   6.0279063   6.0279063   6.0279063   6.0279063   6.0279063
   6.0279063   6.0279063
 SUMMED SPIN DENSITY          -0.00000000
 TOTAL ATOMIC SPINS  :
   0.0000000   0.0000000   0.0000000   0.0000000   0.0000000   0.0000000
   0.0000000   0.0000000   0.0000000   0.0000000   0.0000000   0.0000000
   0.0000000   0.0000000   0.0000000   0.0000000   0.0000000   0.0000000
   0.0000000   0.0000000   0.0000000   0.0000000   0.0000000   0.0000000
   0.0000000   0.0000000   0.0000000   0.0000000   0.0000000   0.0000000
   0.0000000   0.0000000   0.0000000   0.0000000   0.0000000   0.0000000
   0.0000000   0.0000000   0.0000000   0.0000000   0.0000000   0.0000000
   0.0000000   0.0000000   0.0000000   0.0000000   0.0000000   0.0000000
  -0.0000000  -0.0000000  -0.0000000  -0.0000000  -0.0000000  -0.0000000
  -0.0000000  -0.0000000  -0.0000000  -0.0000000  -0.0000000  -0.0000000
  -0.0000000  -0.0000000  -0.0000000  -0.0000000  -0.0000000  -0.0000000
  -0.0000000  -0.0000000  -0.0000000  -0.0000000  -0.0000000  -0.0000000
   0.0000000   0.0000000   0.0000000   0.0000000   0.0000000   0.0000000
   0.0000000   0.0000000
 TTTTTTTTTTTTTTTTTTTTTTTTTTTTTT MOQGAD      TELAPSE       11.53 TCPU        9.74
 TTTTTTTTTTTTTTTTTTTTTTTTTTTTTT SHELLXN     TELAPSE       15.97 TCPU       14.06
 TTTTTTTTTTTTTTTTTTTTTTTTTTTTTT MONMO3      TELAPSE       16.01 TCPU       14.11
 NUMERICALLY INTEGRATED DENSITY    240.0001488633    240.0001488633
 TTTTTTTTTTTTTTTTTTTTTTTTTTTTTT NUMDFT      TELAPSE       16.51 TCPU       14.61
 CYC   1 ETOT(AU) -3.045942766051E+03 DETOT  2.53E+01 tst  0.00E+00 PX  1.00E+00
 TTTTTTTTTTTTTTTTTTTTTTTTTTTTTT DIIS        TELAPSE       16.57 TCPU       14.66
 DIIS TEST: 0.64501E+01 AT SCF   CYCLE   1 - MIX   30 %
 TTTTTTTTTTTTTTTTTTTTTTTTTTTTTT FDIK        TELAPSE       17.14 TCPU       15.23

    ALPHA      ELECTRONS
 INSULATING STATE
 TOP OF VALENCE BANDS -    BAND    240; K    2; EIG -1.5343140E-01 AU
 TOP OF VALENCE BANDS -    BAND    240; K    1; EIG -1.5384397E-01 AU
 BOTTOM OF VIRTUAL BANDS - BAND    241; K    1; EIG -8.9683998E-02 AU
 INDIRECT ENERGY BAND GAP:   1.7347 eV

    BETA       ELECTRONS
 INSULATING STATE
 TOP OF VALENCE BANDS -    BAND    240; K    2; EIG -1.5343140E-01 AU
 TOP OF VALENCE BANDS -    BAND    240; K    1; EIG -1.5384397E-01 AU
 BOTTOM OF VIRTUAL BANDS - BAND    241; K    1; EIG -8.9683998E-02 AU
 INDIRECT ENERGY BAND GAP:   1.7347 eV
 TTTTTTTTTTTTTTTTTTTTTTTTTTTTTT PDIG        TELAPSE       17.31 TCPU       15.40
 CHARGE NORMALIZATION FACTOR   1.00000000
 TOTAL ATOMIC CHARGES:
   5.9908147   5.9908147   5.9908147   5.9908147   5.9908147   5.9908147
   5.9908147   5.9908147   5.9908147   5.9908147   5.9908147   5.9908147
   5.9908147   5.9908147   5.9908147   5.9908147   5.9908147   5.9908147
   5.9908147   5.9908147   5.9908147   5.9908147   5.9908147   5.9908147
   5.9908147   5.9908147   5.9908147   5.9908147   5.9908147   5.9908147
   5.9908147   5.9908147   5.9908147   5.9908147   5.9908147   5.9908147
   5.9908147   5.9908147   5.9908147   5.9908147   5.9908147   5.9908147
   5.9908147   5.9908147   5.9908147   5.9908147   5.9908147   5.9908147
   5.9832008   5.9832008   5.9832008   5.9832008   5.9832008   5.9832008
   5.9832008   5.9832008   5.9832008   5.9832008   5.9832008   5.9832008
   5.9832008   5.9832008   5.9832008   5.9832008   5.9832008   5.9832008
   5.9832008   5.9832008   5.9832008   5.9832008   5.9832008   5.9832008
   6.1055095   6.1055095   6.1055095   6.1055095   6.1055095   6.1055095
   6.1055095   6.1055095
 SUMMED SPIN DENSITY          -0.00000000
 TOTAL ATOMIC SPINS  :
  -0.0000000  -0.0000000  -0.0000000  -0.0000000  -0.0000000  -0.0000000
  -0.0000000  -0.0000000  -0.0000000  -0.0000000  -0.0000000  -0.0000000
  -0.0000000  -0.0000000  -0.0000000  -0.0000000  -0.0000000  -0.0000000
  -0.0000000  -0.0000000  -0.0000000  -0.0000000  -0.0000000  -0.0000000
  -0.0000000  -0.0000000  -0.0000000  -0.0000000  -0.0000000  -0.0000000
  -0.0000000  -0.0000000  -0.0000000  -0.0000000  -0.0000000  -0.0000000
  -0.0000000  -0.0000000  -0.0000000  -0.0000000  -0.0000000  -0.0000000
  -0.0000000  -0.0000000  -0.0000000  -0.0000000  -0.0000000  -0.0000000
   0.0000000   0.0000000   0.0000000   0.0000000   0.0000000   0.0000000
   0.0000000   0.0000000   0.0000000   0.0000000   0.0000000   0.0000000
   0.0000000   0.0000000   0.0000000   0.0000000   0.0000000   0.0000000
   0.0000000   0.0000000   0.0000000   0.0000000   0.0000000   0.0000000
   0.0000000   0.0000000   0.0000000   0.0000000   0.0000000   0.0000000
   0.0000000   0.0000000
 TTTTTTTTTTTTTTTTTTTTTTTTTTTTTT MOQGAD      TELAPSE       17.33 TCPU       15.42
 TTTTTTTTTTTTTTTTTTTTTTTTTTTTTT SHELLXN     TELAPSE       21.81 TCPU       19.89
 TTTTTTTTTTTTTTTTTTTTTTTTTTTTTT MONMO3      TELAPSE       21.85 TCPU       19.93
 NUMERICALLY INTEGRATED DENSITY    240.0001369142    240.0001369142
 TTTTTTTTTTTTTTTTTTTTTTTTTTTTTT NUMDFT      TELAPSE       22.38 TCPU       20.45
 CYC   2 ETOT(AU) -3.046135348931E+03 DETOT -1.93E-01 tst  3.81E-04 PX  7.17E-02
 TTTTTTTTTTTTTTTTTTTTTTTTTTTTTT DIIS        TELAPSE       22.44 TCPU       20.51
 DIIS TEST: 0.22969E+01 AT SCF   CYCLE   2 - DIIS ACTIVE - HISTORY:     2 CYCLES
 TTTTTTTTTTTTTTTTTTTTTTTTTTTTTT FDIK        TELAPSE       23.25 TCPU       21.32

    ALPHA      ELECTRONS
 INSULATING STATE
 TOP OF VALENCE BANDS -    BAND    240; K    2; EIG -1.6305051E-01 AU
 TOP OF VALENCE BANDS -    BAND    240; K    1; EIG -1.6345522E-01 AU
 BOTTOM OF VIRTUAL BANDS - BAND    241; K    1; EIG -8.3672702E-02 AU
 INDIRECT ENERGY BAND GAP:   2.1600 eV

    BETA       ELECTRONS
 INSULATING STATE
 TOP OF VALENCE BANDS -    BAND    240; K    2; EIG -1.6305051E-01 AU
 TOP OF VALENCE BANDS -    BAND    240; K    1; EIG -1.6345522E-01 AU
 BOTTOM OF VIRTUAL BANDS - BAND    241; K    1; EIG -8.3672702E-02 AU
 INDIRECT ENERGY BAND GAP:   2.1600 eV
 TTTTTTTTTTTTTTTTTTTTTTTTTTTTTT PDIG        TELAPSE       23.42 TCPU       21.49
 CHARGE NORMALIZATION FACTOR   1.00000000
 TOTAL ATOMIC CHARGES:
   5.9918247   5.9918247   5.9918247   5.9918247   5.9918247   5.9918247
   5.9918247   5.9918247   5.9918247   5.9918247   5.9918247   5.9918247
   5.9918247   5.9918247   5.9918247   5.9918247   5.9918247   5.9918247
   5.9918247   5.9918247   5.9918247   5.9918247   5.9918247   5.9918247
   5.9918247   5.9918247   5.9918247   5.9918247   5.9918247   5.9918247
   5.9918247   5.9918247   5.9918247   5.9918247   5.9918247   5.9918247
   5.9918247   5.9918247   5.9918247   5.9918247   5.9918247   5.9918247
   5.9918247   5.9918247   5.9918247   5.9918247   5.9918247   5.9918247
   6.0096683   6.0096683   6.0096683   6.0096683   6.0096683   6.0096683
   6.0096683   6.0096683   6.0096683   6.0096683   6.0096683   6.0096683
   6.0096683   6.0096683   6.0096683   6.0096683   6.0096683   6.0096683
   6.0096683   6.0096683   6.0096683   6.0096683   6.0096683   6.0096683
   6.0200469   6.0200469   6.0200469   6.0200469   6.0200469   6.0200469
   6.0200469   6.0200469
 SUMMED SPIN DENSITY          -0.00000000
 TOTAL ATOMIC SPINS  :
   0.0000000   0.0000000   0.0000000   0.0000000   0.0000000   0.0000000
   0.0000000   0.0000000   0.0000000   0.0000000   0.0000000   0.0000000
   0.0000000   0.0000000   0.0000000   0.0000000   0.0000000   0.0000000
   0.0000000   0.0000000   0.0000000   0.0000000   0.0000000   0.0000000
   0.0000000   0.0000000   0.0000000   0.0000000   0.0000000   0.0000000
   0.0000000   0.0000000   0.0000000   0.0000000   0.0000000   0.0000000
   0.0000000   0.0000000   0.0000000   0.0000000   0.0000000   0.0000000
   0.0000000   0.0000000   0.0000000   0.0000000   0.0000000   0.0000000
  -0.0000000  -0.0000000  -0.0000000  -0.0000000  -0.0000000  -0.0000000
  -0.0000000  -0.0000000  -0.0000000  -0.0000000  -0.0000000  -0.0000000
  -0.0000000  -0.0000000  -0.0000000  -0.0000000  -0.0000000  -0.0000000
  -0.0000000  -0.0000000  -0.0000000  -0.0000000  -0.0000000  -0.0000000
   0.0000000   0.0000000   0.0000000   0.0000000   0.0000000   0.0000000
   0.0000000   0.0000000
 TTTTTTTTTTTTTTTTTTTTTTTTTTTTTT MOQGAD      TELAPSE       23.44 TCPU       21.51
 TTTTTTTTTTTTTTTTTTTTTTTTTTTTTT SHELLXN     TELAPSE       27.96 TCPU       26.01
 TTTTTTTTTTTTTTTTTTTTTTTTTTTTTT MONMO3      TELAPSE       28.00 TCPU       26.06
 NUMERICALLY INTEGRATED DENSITY    240.0001546815    240.0001546815
 TTTTTTTTTTTTTTTTTTTTTTTTTTTTTT NUMDFT      TELAPSE       28.50 TCPU       26.55
 CYC   3 ETOT(AU) -3.046173259943E+03 DETOT -3.79E-02 tst  1.22E-04 PX  6.53E-02
 TTTTTTTTTTTTTTTTTTTTTTTTTTTTTT DIIS        TELAPSE       28.56 TCPU       26.61
 DIIS TEST: 0.23883E+00 AT SCF   CYCLE   3 - DIIS ACTIVE - HISTORY:     3 CYCLES
 TTTTTTTTTTTTTTTTTTTTTTTTTTTTTT FDIK        TELAPSE       29.29 TCPU       27.33

    ALPHA      ELECTRONS
 INSULATING STATE
 TOP OF VALENCE BANDS -    BAND    240; K    2; EIG -1.6721912E-01 AU
 TOP OF VALENCE BANDS -    BAND    240; K    1; EIG -1.6762440E-01 AU
 BOTTOM OF VIRTUAL BANDS - BAND    241; K    1; EIG -8.9157736E-02 AU
 INDIRECT ENERGY BAND GAP:   2.1242 eV

    BETA       ELECTRONS
 INSULATING STATE
 TOP OF VALENCE BANDS -    BAND    240; K    2; EIG -1.6721912E-01 AU
 TOP OF VALENCE BANDS -    BAND    240; K    1; EIG -1.6762440E-01 AU
 BOTTOM OF VIRTUAL BANDS - BAND    241; K    1; EIG -8.9157736E-02 AU
 INDIRECT ENERGY BAND GAP:   2.1242 eV
 TTTTTTTTTTTTTTTTTTTTTTTTTTTTTT PDIG        TELAPSE       29.47 TCPU       27.51
 CHARGE NORMALIZATION FACTOR   1.00000000
 TOTAL ATOMIC CHARGES:
   5.9829566   5.9829566   5.9829566   5.9829566   5.9829566   5.9829566
   5.9829566   5.9829566   5.9829566   5.9829566   5.9829566   5.9829566
   5.9829566   5.9829566   5.9829566   5.9829566   5.9829566   5.9829566
   5.9829566   5.9829566   5.9829566   5.9829566   5.9829566   5.9829566
   5.9829566   5.9829566   5.9829566   5.9829566   5.9829566   5.9829566
   5.9829566   5.9829566   5.9829566   5.9829566   5.9829566   5.9829566
   5.9829566   5.9829566   5.9829566   5.9829566   5.9829566   5.9829566
   5.9829566   5.9829566   5.9829566   5.9829566   5.9829566   5.9829566
   6.0130329   6.0130329   6.0130329   6.0130329   6.0130329   6.0130329
   6.0130329   6.0130329   6.0130329   6.0130329   6.0130329   6.0130329
   6.0130329   6.0130329   6.0130329   6.0130329   6.0130329   6.0130329
   6.0130329   6.0130329   6.0130329   6.0130329   6.0130329   6.0130329
   6.0631616   6.0631616   6.0631616   6.0631616   6.0631616   6.0631616
   6.0631616   6.0631616
 SUMMED SPIN DENSITY          -0.00000000
 TOTAL ATOMIC SPINS  :
   0.0000000   0.0000000   0.0000000   0.0000000   0.0000000   0.0000000
   0.0000000   0.0000000   0.0000000   0.0000000   0.0000000   0.0000000
   0.0000000   0.0000000   0.0000000   0.0000000   0.0000000   0.0000000
   0.0000000   0.0000000   0.0000000   0.0000000   0.0000000   0.0000000
   0.0000000   0.0000000   0.0000000   0.0000000   0.0000000   0.0000000
   0.0000000   0.0000000   0.0000000   0.0000000   0.0000000   0.0000000
   0.0000000   0.0000000   0.0000000   0.0000000   0.0000000   0.0000000
   0.0000000   0.0000000   0.0000000   0.0000000   0.0000000   0.0000000
  -0.0000000  -0.0000000  -0.0000000  -0.0000000  -0.0000000  -0.0000000
  -0.0000000  -0.0000000  -0.0000000  -0.0000000  -0.0000000  -0.0000000
  -0.0000000  -0.0000000  -0.0000000  -0.0000000  -0.0000000  -0.0000000
  -0.0000000  -0.0000000  -0.0000000  -0.0000000  -0.0000000  -0.0000000
   0.0000000   0.0000000   0.0000000   0.0000000   0.0000000   0.0000000
   0.0000000   0.0000000
 TTTTTTTTTTTTTTTTTTTTTTTTTTTTTT MOQGAD      TELAPSE       29.49 TCPU       27.52
 TTTTTTTTTTTTTTTTTTTTTTTTTTTTTT SHELLXN     TELAPSE       34.05 TCPU       32.03
 TTTTTTTTTTTTTTTTTTTTTTTTTTTTTT MONMO3      TELAPSE       34.09 TCPU       32.07
 NUMERICALLY INTEGRATED DENSITY    240.0001511579    240.0001511579
 TTTTTTTTTTTTTTTTTTTTTTTTTTTTTT NUMDFT      TELAPSE       34.64 TCPU       32.62
 CYC   4 ETOT(AU) -3.046177449882E+03 DETOT -4.19E-03 tst  2.90E-05 PX  1.61E-02
 TTTTTTTTTTTTTTTTTTTTTTTTTTTTTT DIIS        TELAPSE       34.70 TCPU       32.68
 DIIS TEST: 0.56196E-01 AT SCF   CYCLE   4 - DIIS ACTIVE - HISTORY:     4 CYCLES
 TTTTTTTTTTTTTTTTTTTTTTTTTTTTTT FDIK        TELAPSE       35.32 TCPU       33.29

    ALPHA      ELECTRONS
 INSULATING STATE
 TOP OF VALENCE BANDS -    BAND    240; K    2; EIG -1.6687932E-01 AU
 TOP OF VALENCE BANDS -    BAND    240; K    1; EIG -1.6728646E-01 AU
 BOTTOM OF VIRTUAL BANDS - BAND    241; K    1; EIG -8.7564136E-02 AU
 INDIRECT ENERGY BAND GAP:   2.1583 eV

    BETA       ELECTRONS
 INSULATING STATE
 TOP OF VALENCE BANDS -    BAND    240; K    2; EIG -1.6687932E-01 AU
 TOP OF VALENCE BANDS -    BAND    240; K    1; EIG -1.6728646E-01 AU
 BOTTOM OF VIRTUAL BANDS - BAND    241; K    1; EIG -8.7564136E-02 AU
 INDIRECT ENERGY BAND GAP:   2.1583 eV
 TTTTTTTTTTTTTTTTTTTTTTTTTTTTTT PDIG        TELAPSE       35.49 TCPU       33.46
 CHARGE NORMALIZATION FACTOR   1.00000000
 TOTAL ATOMIC CHARGES:
   5.9913359   5.9913359   5.9913359   5.9913359   5.9913359   5.9913359
   5.9913359   5.9913359   5.9913359   5.9913359   5.9913359   5.9913359
   5.9913359   5.9913359   5.9913359   5.9913359   5.9913359   5.9913359
   5.9913359   5.9913359   5.9913359   5.9913359   5.9913359   5.9913359
   5.9913359   5.9913359   5.9913359   5.9913359   5.9913359   5.9913359
   5.9913359   5.9913359   5.9913359   5.9913359   5.9913359   5.9913359
   5.9913359   5.9913359   5.9913359   5.9913359   5.9913359   5.9913359
   5.9913359   5.9913359   5.9913359   5.9913359   5.9913359   5.9913359
   6.0016161   6.0016161   6.0016161   6.0016161   6.0016161   6.0016161
   6.0016161   6.0016161   6.0016161   6.0016161   6.0016161   6.0016161
   6.0016161   6.0016161   6.0016161   6.0016161   6.0016161   6.0016161
   6.0016161   6.0016161   6.0016161   6.0016161   6.0016161   6.0016161
   6.0471366   6.0471366   6.0471366   6.0471366   6.0471366   6.0471366
   6.0471366   6.0471366
 SUMMED SPIN DENSITY          -0.00000000
 TOTAL ATOMIC SPINS  :
  -0.0000000  -0.0000000  -0.0000000  -0.0000000  -0.0000000  -0.0000000
  -0.0000000  -0.0000000  -0.0000000  -0.0000000  -0.0000000  -0.0000000
  -0.0000000  -0.0000000  -0.0000000  -0.0000000  -0.0000000  -0.0000000
  -0.0000000  -0.0000000  -0.0000000  -0.0000000  -0.0000000  -0.0000000
  -0.0000000  -0.0000000  -0.0000000  -0.0000000  -0.0000000  -0.0000000
  -0.0000000  -0.0000000  -0.0000000  -0.0000000  -0.0000000  -0.0000000
  -0.0000000  -0.0000000  -0.0000000  -0.0000000  -0.0000000  -0.0000000
  -0.0000000  -0.0000000  -0.0000000  -0.0000000  -0.0000000  -0.0000000
  -0.0000000  -0.0000000  -0.0000000  -0.0000000  -0.0000000  -0.0000000
  -0.0000000  -0.0000000  -0.0000000  -0.0000000  -0.0000000  -0.0000000
  -0.0000000  -0.0000000  -0.0000000  -0.0000000  -0.0000000  -0.0000000
  -0.0000000  -0.0000000  -0.0000000  -0.0000000  -0.0000000  -0.0000000
   0.0000000   0.0000000   0.0000000   0.0000000   0.0000000   0.0000000
   0.0000000   0.0000000
 TTTTTTTTTTTTTTTTTTTTTTTTTTTTTT MOQGAD      TELAPSE       35.50 TCPU       33.48
 TTTTTTTTTTTTTTTTTTTTTTTTTTTTTT SHELLXN     TELAPSE       40.02 TCPU       37.98
 TTTTTTTTTTTTTTTTTTTTTTTTTTTTTT MONMO3      TELAPSE       40.07 TCPU       38.02
 NUMERICALLY INTEGRATED DENSITY    240.0001508496    240.0001508496
 TTTTTTTTTTTTTTTTTTTTTTTTTTTTTT NUMDFT      TELAPSE       40.56 TCPU       38.51
 CYC   5 ETOT(AU) -3.046178293991E+03 DETOT -8.44E-04 tst  5.57E-06 PX  5.77E-03
 TTTTTTTTTTTTTTTTTTTTTTTTTTTTTT DIIS        TELAPSE       40.61 TCPU       38.56
 DIIS TEST: 0.13636E-01 AT SCF   CYCLE   5 - DIIS ACTIVE - HISTORY:     5 CYCLES
 TTTTTTTTTTTTTTTTTTTTTTTTTTTTTT FDIK        TELAPSE       41.13 TCPU       39.07

    ALPHA      ELECTRONS
 INSULATING STATE
 TOP OF VALENCE BANDS -    BAND    240; K    2; EIG -1.6674687E-01 AU
 TOP OF VALENCE BANDS -    BAND    240; K    1; EIG -1.6715381E-01 AU
 BOTTOM OF VIRTUAL BANDS - BAND    241; K    1; EIG -8.7822737E-02 AU
 INDIRECT ENERGY BAND GAP:   2.1476 eV

    BETA       ELECTRONS
 INSULATING STATE
 TOP OF VALENCE BANDS -    BAND    240; K    2; EIG -1.6674687E-01 AU
 TOP OF VALENCE BANDS -    BAND    240; K    1; EIG -1.6715381E-01 AU
 BOTTOM OF VIRTUAL BANDS - BAND    241; K    1; EIG -8.7822737E-02 AU
 INDIRECT ENERGY BAND GAP:   2.1476 eV
 TTTTTTTTTTTTTTTTTTTTTTTTTTTTTT PDIG        TELAPSE       41.31 TCPU       39.24
 CHARGE NORMALIZATION FACTOR   1.00000000
 TOTAL ATOMIC CHARGES:
   5.9879489   5.9879489   5.9879489   5.9879489   5.9879489   5.9879489
   5.9879489   5.9879489   5.9879489   5.9879489   5.9879489   5.9879489
   5.9879489   5.9879489   5.9879489   5.9879489   5.9879489   5.9879489
   5.9879489   5.9879489   5.9879489   5.9879489   5.9879489   5.9879489
   5.9879489   5.9879489   5.9879489   5.9879489   5.9879489   5.9879489
   5.9879489   5.9879489   5.9879489   5.9879489   5.9879489   5.9879489
   5.9879489   5.9879489   5.9879489   5.9879489   5.9879489   5.9879489
   5.9879489   5.9879489   5.9879489   5.9879489   5.9879489   5.9879489
   6.0078331   6.0078331   6.0078331   6.0078331   6.0078331   6.0078331
   6.0078331   6.0078331   6.0078331   6.0078331   6.0078331   6.0078331
   6.0078331   6.0078331   6.0078331   6.0078331   6.0078331   6.0078331
   6.0078331   6.0078331   6.0078331   6.0078331   6.0078331   6.0078331
   6.0488072   6.0488072   6.0488072   6.0488072   6.0488072   6.0488072
   6.0488072   6.0488072
 SUMMED SPIN DENSITY          -0.00000000
 TOTAL ATOMIC SPINS  :
   0.0000000   0.0000000   0.0000000   0.0000000   0.0000000   0.0000000
   0.0000000   0.0000000   0.0000000   0.0000000   0.0000000   0.0000000
   0.0000000   0.0000000   0.0000000   0.0000000   0.0000000   0.0000000
   0.0000000   0.0000000   0.0000000   0.0000000   0.0000000   0.0000000
   0.0000000   0.0000000   0.0000000   0.0000000   0.0000000   0.0000000
   0.0000000   0.0000000   0.0000000   0.0000000   0.0000000   0.0000000
   0.0000000   0.0000000   0.0000000   0.0000000   0.0000000   0.0000000
   0.0000000   0.0000000   0.0000000   0.0000000   0.0000000   0.0000000
  -0.0000000  -0.0000000  -0.0000000  -0.0000000  -0.0000000  -0.0000000
  -0.0000000  -0.0000000  -0.0000000  -0.0000000  -0.0000000  -0.0000000
  -0.0000000  -0.0000000  -0.0000000  -0.0000000  -0.0000000  -0.0000000
  -0.0000000  -0.0000000  -0.0000000  -0.0000000  -0.0000000  -0.0000000
  -0.0000000  -0.0000000  -0.0000000  -0.0000000  -0.0000000  -0.0000000
  -0.0000000  -0.0000000
 TTTTTTTTTTTTTTTTTTTTTTTTTTTTTT MOQGAD      TELAPSE       41.32 TCPU       39.25
 TTTTTTTTTTTTTTTTTTTTTTTTTTTTTT SHELLXN     TELAPSE       45.85 TCPU       43.77
 TTTTTTTTTTTTTTTTTTTTTTTTTTTTTT MONMO3      TELAPSE       45.89 TCPU       43.81
 NUMERICALLY INTEGRATED DENSITY    240.0001508866    240.0001508866
 TTTTTTTTTTTTTTTTTTTTTTTTTTTTTT NUMDFT      TELAPSE       46.40 TCPU       44.31
 CYC   6 ETOT(AU) -3.046178549637E+03 DETOT -2.56E-04 tst  8.03E-07 PX  1.69E-03
 TTTTTTTTTTTTTTTTTTTTTTTTTTTTTT DIIS        TELAPSE       46.46 TCPU       44.37
 DIIS TEST: 0.56354E-03 AT SCF   CYCLE   6 - DIIS ACTIVE - HISTORY:     6 CYCLES
 TTTTTTTTTTTTTTTTTTTTTTTTTTTTTT FDIK        TELAPSE       47.00 TCPU       44.91

    ALPHA      ELECTRONS
 INSULATING STATE
 TOP OF VALENCE BANDS -    BAND    240; K    2; EIG -1.6675820E-01 AU
 TOP OF VALENCE BANDS -    BAND    240; K    1; EIG -1.6716521E-01 AU
 BOTTOM OF VIRTUAL BANDS - BAND    241; K    1; EIG -8.7788310E-02 AU
 INDIRECT ENERGY BAND GAP:   2.1489 eV

    BETA       ELECTRONS
 INSULATING STATE
 TOP OF VALENCE BANDS -    BAND    240; K    2; EIG -1.6675820E-01 AU
 TOP OF VALENCE BANDS -    BAND    240; K    1; EIG -1.6716521E-01 AU
 BOTTOM OF VIRTUAL BANDS - BAND    241; K    1; EIG -8.7788310E-02 AU
 INDIRECT ENERGY BAND GAP:   2.1489 eV
 TTTTTTTTTTTTTTTTTTTTTTTTTTTTTT PDIG        TELAPSE       47.17 TCPU       45.08
 CHARGE NORMALIZATION FACTOR   1.00000000
 TOTAL ATOMIC CHARGES:
   5.9883583   5.9883583   5.9883583   5.9883583   5.9883583   5.9883583
   5.9883583   5.9883583   5.9883583   5.9883583   5.9883583   5.9883583
   5.9883583   5.9883583   5.9883583   5.9883583   5.9883583   5.9883583
   5.9883583   5.9883583   5.9883583   5.9883583   5.9883583   5.9883583
   5.9883583   5.9883583   5.9883583   5.9883583   5.9883583   5.9883583
   5.9883583   5.9883583   5.9883583   5.9883583   5.9883583   5.9883583
   5.9883583   5.9883583   5.9883583   5.9883583   5.9883583   5.9883583
   5.9883583   5.9883583   5.9883583   5.9883583   5.9883583   5.9883583
   6.0063959   6.0063959   6.0063959   6.0063959   6.0063959   6.0063959
   6.0063959   6.0063959   6.0063959   6.0063959   6.0063959   6.0063959
   6.0063959   6.0063959   6.0063959   6.0063959   6.0063959   6.0063959
   6.0063959   6.0063959   6.0063959   6.0063959   6.0063959   6.0063959
   6.0506624   6.0506624   6.0506624   6.0506624   6.0506624   6.0506624
   6.0506624   6.0506624
 SUMMED SPIN DENSITY          -0.00000000
 TOTAL ATOMIC SPINS  :
   0.0000000   0.0000000   0.0000000   0.0000000   0.0000000   0.0000000
   0.0000000   0.0000000   0.0000000   0.0000000   0.0000000   0.0000000
   0.0000000   0.0000000   0.0000000   0.0000000   0.0000000   0.0000000
   0.0000000   0.0000000   0.0000000   0.0000000   0.0000000   0.0000000
   0.0000000   0.0000000   0.0000000   0.0000000   0.0000000   0.0000000
   0.0000000   0.0000000   0.0000000   0.0000000   0.0000000   0.0000000
   0.0000000   0.0000000   0.0000000   0.0000000   0.0000000   0.0000000
   0.0000000   0.0000000   0.0000000   0.0000000   0.0000000   0.0000000
   0.0000000   0.0000000   0.0000000   0.0000000   0.0000000   0.0000000
   0.0000000   0.0000000   0.0000000   0.0000000   0.0000000   0.0000000
   0.0000000   0.0000000   0.0000000   0.0000000   0.0000000   0.0000000
   0.0000000   0.0000000   0.0000000   0.0000000   0.0000000   0.0000000
  -0.0000000  -0.0000000  -0.0000000  -0.0000000  -0.0000000  -0.0000000
  -0.0000000  -0.0000000
 TTTTTTTTTTTTTTTTTTTTTTTTTTTTTT MOQGAD      TELAPSE       47.19 TCPU       45.09
 TTTTTTTTTTTTTTTTTTTTTTTTTTTTTT SHELLXN     TELAPSE       51.66 TCPU       49.55
 TTTTTTTTTTTTTTTTTTTTTTTTTTTTTT MONMO3      TELAPSE       51.70 TCPU       49.59
 NUMERICALLY INTEGRATED DENSITY    240.0001509702    240.0001509702
 TTTTTTTTTTTTTTTTTTTTTTTTTTTTTT NUMDFT      TELAPSE       52.17 TCPU       50.05
 CYC   7 ETOT(AU) -3.046178562515E+03 DETOT -1.29E-05 tst  2.18E-08 PX  5.66E-04
 TTTTTTTTTTTTTTTTTTTTTTTTTTTTTT DIIS        TELAPSE       52.23 TCPU       50.10
 DIIS TEST: 0.14090E-04 AT SCF   CYCLE   7 - DIIS ACTIVE - HISTORY:     7 CYCLES
 TTTTTTTTTTTTTTTTTTTTTTTTTTTTTT FDIK        TELAPSE       52.80 TCPU       50.67

    ALPHA      ELECTRONS
 INSULATING STATE
 TOP OF VALENCE BANDS -    BAND    240; K    2; EIG -1.6674701E-01 AU
 TOP OF VALENCE BANDS -    BAND    240; K    1; EIG -1.6715407E-01 AU
 BOTTOM OF VIRTUAL BANDS - BAND    241; K    1; EIG -8.7767429E-02 AU
 INDIRECT ENERGY BAND GAP:   2.1491 eV

    BETA       ELECTRONS
 INSULATING STATE
 TOP OF VALENCE BANDS -    BAND    240; K    2; EIG -1.6674701E-01 AU
 TOP OF VALENCE BANDS -    BAND    240; K    1; EIG -1.6715407E-01 AU
 BOTTOM OF VIRTUAL BANDS - BAND    241; K    1; EIG -8.7767429E-02 AU
 INDIRECT ENERGY BAND GAP:   2.1491 eV
 TTTTTTTTTTTTTTTTTTTTTTTTTTTTTT PDIG        TELAPSE       52.97 TCPU       50.84
 CHARGE NORMALIZATION FACTOR   1.00000000
 TOTAL ATOMIC CHARGES:
   5.9883502   5.9883502   5.9883502   5.9883502   5.9883502   5.9883502
   5.9883502   5.9883502   5.9883502   5.9883502   5.9883502   5.9883502
   5.9883502   5.9883502   5.9883502   5.9883502   5.9883502   5.9883502
   5.9883502   5.9883502   5.9883502   5.9883502   5.9883502   5.9883502
   5.9883502   5.9883502   5.9883502   5.9883502   5.9883502   5.9883502
   5.9883502   5.9883502   5.9883502   5.9883502   5.9883502   5.9883502
   5.9883502   5.9883502   5.9883502   5.9883502   5.9883502   5.9883502
   5.9883502   5.9883502   5.9883502   5.9883502   5.9883502   5.9883502
   6.0065038   6.0065038   6.0065038   6.0065038   6.0065038   6.0065038
   6.0065038   6.0065038   6.0065038   6.0065038   6.0065038   6.0065038
   6.0065038   6.0065038   6.0065038   6.0065038   6.0065038   6.0065038
   6.0065038   6.0065038   6.0065038   6.0065038   6.0065038   6.0065038
   6.0503874   6.0503874   6.0503874   6.0503874   6.0503874   6.0503874
   6.0503874   6.0503874
 SUMMED SPIN DENSITY          -0.00000000
 TOTAL ATOMIC SPINS  :
  -0.0000000  -0.0000000  -0.0000000  -0.0000000  -0.0000000  -0.0000000
  -0.0000000  -0.0000000  -0.0000000  -0.0000000  -0.0000000  -0.0000000
  -0.0000000  -0.0000000  -0.0000000  -0.0000000  -0.0000000  -0.0000000
  -0.0000000  -0.0000000  -0.0000000  -0.0000000  -0.0000000  -0.0000000
  -0.0000000  -0.0000000  -0.0000000  -0.0000000  -0.0000000  -0.0000000
  -0.0000000  -0.0000000  -0.0000000  -0.0000000  -0.0000000  -0.0000000
  -0.0000000  -0.0000000  -0.0000000  -0.0000000  -0.0000000  -0.0000000
  -0.0000000  -0.0000000  -0.0000000  -0.0000000  -0.0000000  -0.0000000
  -0.0000000  -0.0000000  -0.0000000  -0.0000000  -0.0000000  -0.0000000
  -0.0000000  -0.0000000  -0.0000000  -0.0000000  -0.0000000  -0.0000000
  -0.0000000  -0.0000000  -0.0000000  -0.0000000  -0.0000000  -0.0000000
  -0.0000000  -0.0000000  -0.0000000  -0.0000000  -0.0000000  -0.0000000
   0.0000000   0.0000000   0.0000000   0.0000000   0.0000000   0.0000000
   0.0000000   0.0000000
 TTTTTTTTTTTTTTTTTTTTTTTTTTTTTT MOQGAD      TELAPSE       53.00 TCPU       50.87
 TTTTTTTTTTTTTTTTTTTTTTTTTTTTTT SHELLXN     TELAPSE       57.49 TCPU       55.27
 TTTTTTTTTTTTTTTTTTTTTTTTTTTTTT MONMO3      TELAPSE       57.53 TCPU       55.30
 NUMERICALLY INTEGRATED DENSITY    240.0001509670    240.0001509670
 TTTTTTTTTTTTTTTTTTTTTTTTTTTTTT NUMDFT      TELAPSE       58.03 TCPU       55.79
 CYC   8 ETOT(AU) -3.046178562432E+03 DETOT  8.29E-08 tst  5.07E-10 PX  6.33E-05
 TTTTTTTTTTTTTTTTTTTTTTTTTTTTTT DIIS        TELAPSE       58.09 TCPU       55.85
 DIIS TEST: 0.44231E-06 AT SCF   CYCLE   8 - DIIS ACTIVE - HISTORY:     8 CYCLES
 TTTTTTTTTTTTTTTTTTTTTTTTTTTTTT FDIK        TELAPSE       58.65 TCPU       56.41

    ALPHA      ELECTRONS
 INSULATING STATE
 TOP OF VALENCE BANDS -    BAND    240; K    2; EIG -1.6675467E-01 AU
 TOP OF VALENCE BANDS -    BAND    240; K    1; EIG -1.6716175E-01 AU
 BOTTOM OF VIRTUAL BANDS - BAND    241; K    1; EIG -8.7774777E-02 AU
 INDIRECT ENERGY BAND GAP:   2.1492 eV

    BETA       ELECTRONS
 INSULATING STATE
 TOP OF VALENCE BANDS -    BAND    240; K    2; EIG -1.6675467E-01 AU
 TOP OF VALENCE BANDS -    BAND    240; K    1; EIG -1.6716175E-01 AU
 BOTTOM OF VIRTUAL BANDS - BAND    241; K    1; EIG -8.7774777E-02 AU
 INDIRECT ENERGY BAND GAP:   2.1492 eV
 TTTTTTTTTTTTTTTTTTTTTTTTTTTTTT PDIG        TELAPSE       58.82 TCPU       56.58
 CHARGE NORMALIZATION FACTOR   1.00000000
 TOTAL ATOMIC CHARGES:
   5.9883515   5.9883515   5.9883515   5.9883515   5.9883515   5.9883515
   5.9883515   5.9883515   5.9883515   5.9883515   5.9883515   5.9883515
   5.9883515   5.9883515   5.9883515   5.9883515   5.9883515   5.9883515
   5.9883515   5.9883515   5.9883515   5.9883515   5.9883515   5.9883515
   5.9883515   5.9883515   5.9883515   5.9883515   5.9883515   5.9883515
   5.9883515   5.9883515   5.9883515   5.9883515   5.9883515   5.9883515
   5.9883515   5.9883515   5.9883515   5.9883515   5.9883515   5.9883515
   5.9883515   5.9883515   5.9883515   5.9883515   5.9883515   5.9883515
   6.0065005   6.0065005   6.0065005   6.0065005   6.0065005   6.0065005
   6.0065005   6.0065005   6.0065005   6.0065005   6.0065005   6.0065005
   6.0065005   6.0065005   6.0065005   6.0065005   6.0065005   6.0065005
   6.0065005   6.0065005   6.0065005   6.0065005   6.0065005   6.0065005
   6.0503897   6.0503897   6.0503897   6.0503897   6.0503897   6.0503897
   6.0503897   6.0503897
 SUMMED SPIN DENSITY          -0.00000000
 TOTAL ATOMIC SPINS  :
  -0.0000000  -0.0000000  -0.0000000  -0.0000000  -0.0000000  -0.0000000
  -0.0000000  -0.0000000  -0.0000000  -0.0000000  -0.0000000  -0.0000000
  -0.0000000  -0.0000000  -0.0000000  -0.0000000  -0.0000000  -0.0000000
  -0.0000000  -0.0000000  -0.0000000  -0.0000000  -0.0000000  -0.0000000
  -0.0000000  -0.0000000  -0.0000000  -0.0000000  -0.0000000  -0.0000000
  -0.0000000  -0.0000000  -0.0000000  -0.0000000  -0.0000000  -0.0000000
  -0.0000000  -0.0000000  -0.0000000  -0.0000000  -0.0000000  -0.0000000
  -0.0000000  -0.0000000  -0.0000000  -0.0000000  -0.0000000  -0.0000000
   0.0000000   0.0000000   0.0000000   0.0000000   0.0000000   0.0000000
   0.0000000   0.0000000   0.0000000   0.0000000   0.0000000   0.0000000
   0.0000000   0.0000000   0.0000000   0.0000000   0.0000000   0.0000000
   0.0000000   0.0000000   0.0000000   0.0000000   0.0000000   0.0000000
  -0.0000000  -0.0000000  -0.0000000  -0.0000000  -0.0000000  -0.0000000
  -0.0000000  -0.0000000
 TTTTTTTTTTTTTTTTTTTTTTTTTTTTTT MOQGAD      TELAPSE       58.84 TCPU       56.60
 TTTTTTTTTTTTTTTTTTTTTTTTTTTTTT SHELLXN     TELAPSE       63.32 TCPU       61.06
 TTTTTTTTTTTTTTTTTTTTTTTTTTTTTT MONMO3      TELAPSE       63.36 TCPU       61.10
 NUMERICALLY INTEGRATED DENSITY    240.0001509680    240.0001509680
 TTTTTTTTTTTTTTTTTTTTTTTTTTTTTT NUMDFT      TELAPSE       63.85 TCPU       61.59
 CYC   9 ETOT(AU) -3.046178562628E+03 DETOT -1.96E-07 tst  1.26E-11 PX  1.16E-05
 TTTTTTTTTTTTTTTTTTTTTTTTTTTTTT DIIS        TELAPSE       63.91 TCPU       61.65
 DIIS TEST: 0.68665E-08 AT SCF   CYCLE   9 - DIIS ACTIVE - HISTORY:     9 CYCLES
 TTTTTTTTTTTTTTTTTTTTTTTTTTTTTT FDIK        TELAPSE       64.41 TCPU       62.15

    ALPHA      ELECTRONS
 INSULATING STATE
 TOP OF VALENCE BANDS -    BAND    240; K    2; EIG -1.6675409E-01 AU
 TOP OF VALENCE BANDS -    BAND    240; K    1; EIG -1.6716117E-01 AU
 BOTTOM OF VIRTUAL BANDS - BAND    241; K    1; EIG -8.7774201E-02 AU
 INDIRECT ENERGY BAND GAP:   2.1492 eV

    BETA       ELECTRONS
 INSULATING STATE
 TOP OF VALENCE BANDS -    BAND    240; K    2; EIG -1.6675409E-01 AU
 TOP OF VALENCE BANDS -    BAND    240; K    1; EIG -1.6716117E-01 AU
 BOTTOM OF VIRTUAL BANDS - BAND    241; K    1; EIG -8.7774201E-02 AU
 INDIRECT ENERGY BAND GAP:   2.1492 eV
 TTTTTTTTTTTTTTTTTTTTTTTTTTTTTT PDIG        TELAPSE       64.58 TCPU       62.32
 CHARGE NORMALIZATION FACTOR   1.00000000
 TOTAL ATOMIC CHARGES:
   5.9883503   5.9883503   5.9883503   5.9883503   5.9883503   5.9883503
   5.9883503   5.9883503   5.9883503   5.9883503   5.9883503   5.9883503
   5.9883503   5.9883503   5.9883503   5.9883503   5.9883503   5.9883503
   5.9883503   5.9883503   5.9883503   5.9883503   5.9883503   5.9883503
   5.9883503   5.9883503   5.9883503   5.9883503   5.9883503   5.9883503
   5.9883503   5.9883503   5.9883503   5.9883503   5.9883503   5.9883503
   5.9883503   5.9883503   5.9883503   5.9883503   5.9883503   5.9883503
   5.9883503   5.9883503   5.9883503   5.9883503   5.9883503   5.9883503
   6.0065028   6.0065028   6.0065028   6.0065028   6.0065028   6.0065028
   6.0065028   6.0065028   6.0065028   6.0065028   6.0065028   6.0065028
   6.0065028   6.0065028   6.0065028   6.0065028   6.0065028   6.0065028
   6.0065028   6.0065028   6.0065028   6.0065028   6.0065028   6.0065028
   6.0503899   6.0503899   6.0503899   6.0503899   6.0503899   6.0503899
   6.0503899   6.0503899
 SUMMED SPIN DENSITY          -0.00000000
 TOTAL ATOMIC SPINS  :
   0.0000000   0.0000000   0.0000000   0.0000000   0.0000000   0.0000000
   0.0000000   0.0000000   0.0000000   0.0000000   0.0000000   0.0000000
   0.0000000   0.0000000   0.0000000   0.0000000   0.0000000   0.0000000
   0.0000000   0.0000000   0.0000000   0.0000000   0.0000000   0.0000000
   0.0000000   0.0000000   0.0000000   0.0000000   0.0000000   0.0000000
   0.0000000   0.0000000   0.0000000   0.0000000   0.0000000   0.0000000
   0.0000000   0.0000000   0.0000000   0.0000000   0.0000000   0.0000000
   0.0000000   0.0000000   0.0000000   0.0000000   0.0000000   0.0000000
  -0.0000000  -0.0000000  -0.0000000  -0.0000000  -0.0000000  -0.0000000
  -0.0000000  -0.0000000  -0.0000000  -0.0000000  -0.0000000  -0.0000000
  -0.0000000  -0.0000000  -0.0000000  -0.0000000  -0.0000000  -0.0000000
  -0.0000000  -0.0000000  -0.0000000  -0.0000000  -0.0000000  -0.0000000
   0.0000000   0.0000000   0.0000000   0.0000000   0.0000000   0.0000000
   0.0000000   0.0000000
 TTTTTTTTTTTTTTTTTTTTTTTTTTTTTT MOQGAD      TELAPSE       64.60 TCPU       62.34
 TTTTTTTTTTTTTTTTTTTTTTTTTTTTTT SHELLXN     TELAPSE       69.10 TCPU       66.82
 TTTTTTTTTTTTTTTTTTTTTTTTTTTTTT MONMO3      TELAPSE       69.14 TCPU       66.86
 NUMERICALLY INTEGRATED DENSITY    240.0001509680    240.0001509680
 TTTTTTTTTTTTTTTTTTTTTTTTTTTTTT NUMDFT      TELAPSE       69.63 TCPU       67.35
 CYC  10 ETOT(AU) -3.046178562617E+03 DETOT  1.06E-08 tst  3.64E-13 PX  2.68E-06
 TTTTTTTTTTTTTTTTTTTTTTTTTTTTTT DIIS        TELAPSE       69.68 TCPU       67.40
 DIIS TEST: 0.42443E-09 AT SCF   CYCLE  10 - DIIS ACTIVE - HISTORY:    10 CYCLES
 TTTTTTTTTTTTTTTTTTTTTTTTTTTTTT FDIK        TELAPSE       70.10 TCPU       67.82

    ALPHA      ELECTRONS
 INSULATING STATE
 TOP OF VALENCE BANDS -    BAND    240; K    2; EIG -1.6675405E-01 AU
 TOP OF VALENCE BANDS -    BAND    240; K    1; EIG -1.6716113E-01 AU
 BOTTOM OF VIRTUAL BANDS - BAND    241; K    1; EIG -8.7774046E-02 AU
 INDIRECT ENERGY BAND GAP:   2.1492 eV

    BETA       ELECTRONS
 INSULATING STATE
 TOP OF VALENCE BANDS -    BAND    240; K    2; EIG -1.6675405E-01 AU
 TOP OF VALENCE BANDS -    BAND    240; K    1; EIG -1.6716113E-01 AU
 BOTTOM OF VIRTUAL BANDS - BAND    241; K    1; EIG -8.7774046E-02 AU
 INDIRECT ENERGY BAND GAP:   2.1492 eV
 TTTTTTTTTTTTTTTTTTTTTTTTTTTTTT PDIG        TELAPSE       70.28 TCPU       67.99
 CHARGE NORMALIZATION FACTOR   1.00000000
 TOTAL ATOMIC CHARGES:
   5.9883508   5.9883508   5.9883508   5.9883508   5.9883508   5.9883508
   5.9883508   5.9883508   5.9883508   5.9883508   5.9883508   5.9883508
   5.9883508   5.9883508   5.9883508   5.9883508   5.9883508   5.9883508
   5.9883508   5.9883508   5.9883508   5.9883508   5.9883508   5.9883508
   5.9883508   5.9883508   5.9883508   5.9883508   5.9883508   5.9883508
   5.9883508   5.9883508   5.9883508   5.9883508   5.9883508   5.9883508
   5.9883508   5.9883508   5.9883508   5.9883508   5.9883508   5.9883508
   5.9883508   5.9883508   5.9883508   5.9883508   5.9883508   5.9883508
   6.0065020   6.0065020   6.0065020   6.0065020   6.0065020   6.0065020
   6.0065020   6.0065020   6.0065020   6.0065020   6.0065020   6.0065020
   6.0065020   6.0065020   6.0065020   6.0065020   6.0065020   6.0065020
   6.0065020   6.0065020   6.0065020   6.0065020   6.0065020   6.0065020
   6.0503892   6.0503892   6.0503892   6.0503892   6.0503892   6.0503892
   6.0503892   6.0503892
 SUMMED SPIN DENSITY          -0.00000000
 TOTAL ATOMIC SPINS  :
  -0.0000000  -0.0000000  -0.0000000  -0.0000000  -0.0000000  -0.0000000
  -0.0000000  -0.0000000  -0.0000000  -0.0000000  -0.0000000  -0.0000000
  -0.0000000  -0.0000000  -0.0000000  -0.0000000  -0.0000000  -0.0000000
  -0.0000000  -0.0000000  -0.0000000  -0.0000000  -0.0000000  -0.0000000
  -0.0000000  -0.0000000  -0.0000000  -0.0000000  -0.0000000  -0.0000000
  -0.0000000  -0.0000000  -0.0000000  -0.0000000  -0.0000000  -0.0000000
  -0.0000000  -0.0000000  -0.0000000  -0.0000000  -0.0000000  -0.0000000
  -0.0000000  -0.0000000  -0.0000000  -0.0000000  -0.0000000  -0.0000000
   0.0000000   0.0000000   0.0000000   0.0000000   0.0000000   0.0000000
   0.0000000   0.0000000   0.0000000   0.0000000   0.0000000   0.0000000
   0.0000000   0.0000000   0.0000000   0.0000000   0.0000000   0.0000000
   0.0000000   0.0000000   0.0000000   0.0000000   0.0000000   0.0000000
   0.0000000   0.0000000   0.0000000   0.0000000   0.0000000   0.0000000
   0.0000000   0.0000000
 TTTTTTTTTTTTTTTTTTTTTTTTTTTTTT MOQGAD      TELAPSE       70.29 TCPU       68.00
 TTTTTTTTTTTTTTTTTTTTTTTTTTTTTT SHELLXN     TELAPSE       74.77 TCPU       72.46
 TTTTTTTTTTTTTTTTTTTTTTTTTTTTTT MONMO3      TELAPSE       74.81 TCPU       72.50
 NUMERICALLY INTEGRATED DENSITY    240.0001509680    240.0001509680
 TTTTTTTTTTTTTTTTTTTTTTTTTTTTTT NUMDFT      TELAPSE       75.30 TCPU       72.98
 CYC  11 ETOT(AU) -3.046178562618E+03 DETOT -1.48E-09 tst  2.49E-14 PX  1.94E-07
 TTTTTTTTTTTTTTTTTTTTTTTTTTTTTT DIIS        TELAPSE       75.36 TCPU       73.04
 DIIS TEST: 0.61970E-10 AT SCF   CYCLE  11 - DIIS ACTIVE - HISTORY:    10 CYCLES
 TTTTTTTTTTTTTTTTTTTTTTTTTTTTTT FDIK        TELAPSE       75.73 TCPU       73.41

    ALPHA      ELECTRONS
 INSULATING STATE
 TOP OF VALENCE BANDS -    BAND    240; K    2; EIG -1.6675406E-01 AU
 TOP OF VALENCE BANDS -    BAND    240; K    1; EIG -1.6716114E-01 AU
 BOTTOM OF VIRTUAL BANDS - BAND    241; K    1; EIG -8.7774054E-02 AU
 INDIRECT ENERGY BAND GAP:   2.1492 eV

    BETA       ELECTRONS
 INSULATING STATE
 TOP OF VALENCE BANDS -    BAND    240; K    2; EIG -1.6675406E-01 AU
 TOP OF VALENCE BANDS -    BAND    240; K    1; EIG -1.6716114E-01 AU
 BOTTOM OF VIRTUAL BANDS - BAND    241; K    1; EIG -8.7774054E-02 AU
 INDIRECT ENERGY BAND GAP:   2.1492 eV
 TTTTTTTTTTTTTTTTTTTTTTTTTTTTTT PDIG        TELAPSE       75.90 TCPU       73.58
 CHARGE NORMALIZATION FACTOR   1.00000000
 TOTAL ATOMIC CHARGES:
   5.9883508   5.9883508   5.9883508   5.9883508   5.9883508   5.9883508
   5.9883508   5.9883508   5.9883508   5.9883508   5.9883508   5.9883508
   5.9883508   5.9883508   5.9883508   5.9883508   5.9883508   5.9883508
   5.9883508   5.9883508   5.9883508   5.9883508   5.9883508   5.9883508
   5.9883508   5.9883508   5.9883508   5.9883508   5.9883508   5.9883508
   5.9883508   5.9883508   5.9883508   5.9883508   5.9883508   5.9883508
   5.9883508   5.9883508   5.9883508   5.9883508   5.9883508   5.9883508
   5.9883508   5.9883508   5.9883508   5.9883508   5.9883508   5.9883508
   6.0065020   6.0065020   6.0065020   6.0065020   6.0065020   6.0065020
   6.0065020   6.0065020   6.0065020   6.0065020   6.0065020   6.0065020
   6.0065020   6.0065020   6.0065020   6.0065020   6.0065020   6.0065020
   6.0065020   6.0065020   6.0065020   6.0065020   6.0065020   6.0065020
   6.0503892   6.0503892   6.0503892   6.0503892   6.0503892   6.0503892
   6.0503892   6.0503892
 SUMMED SPIN DENSITY          -0.00000000
 TOTAL ATOMIC SPINS  :
  -0.0000000  -0.0000000  -0.0000000  -0.0000000  -0.0000000  -0.0000000
  -0.0000000  -0.0000000  -0.0000000  -0.0000000  -0.0000000  -0.0000000
  -0.0000000  -0.0000000  -0.0000000  -0.0000000  -0.0000000  -0.0000000
  -0.0000000  -0.0000000  -0.0000000  -0.0000000  -0.0000000  -0.0000000
  -0.0000000  -0.0000000  -0.0000000  -0.0000000  -0.0000000  -0.0000000
  -0.0000000  -0.0000000  -0.0000000  -0.0000000  -0.0000000  -0.0000000
  -0.0000000  -0.0000000  -0.0000000  -0.0000000  -0.0000000  -0.0000000
  -0.0000000  -0.0000000  -0.0000000  -0.0000000  -0.0000000  -0.0000000
   0.0000000   0.0000000   0.0000000   0.0000000   0.0000000   0.0000000
   0.0000000   0.0000000   0.0000000   0.0000000   0.0000000   0.0000000
   0.0000000   0.0000000   0.0000000   0.0000000   0.0000000   0.0000000
   0.0000000   0.0000000   0.0000000   0.0000000   0.0000000   0.0000000
   0.0000000   0.0000000   0.0000000   0.0000000   0.0000000   0.0000000
   0.0000000   0.0000000
 TTTTTTTTTTTTTTTTTTTTTTTTTTTTTT MOQGAD      TELAPSE       75.92 TCPU       73.60
 TTTTTTTTTTTTTTTTTTTTTTTTTTTTTT SHELLXN     TELAPSE       80.45 TCPU       78.11
 TTTTTTTTTTTTTTTTTTTTTTTTTTTTTT MONMO3      TELAPSE       80.49 TCPU       78.15
 NUMERICALLY INTEGRATED DENSITY    240.0001509680    240.0001509680
 TTTTTTTTTTTTTTTTTTTTTTTTTTTTTT NUMDFT      TELAPSE       81.00 TCPU       78.65
 CYC  12 ETOT(AU) -3.046178562619E+03 DETOT -1.01E-10 tst  1.15E-15 PX  1.63E-08
 TTTTTTTTTTTTTTTTTTTTTTTTTTTTTT DIIS        TELAPSE       81.06 TCPU       78.71
 DIIS TEST: 0.50346E-10 AT SCF   CYCLE  12 - DIIS ACTIVE - HISTORY:    11 CYCLES
 TTTTTTTTTTTTTTTTTTTTTTTTTTTTTT FDIK        TELAPSE       81.43 TCPU       79.08

    ALPHA      ELECTRONS
 INSULATING STATE
 TOP OF VALENCE BANDS -    BAND    240; K    2; EIG -1.6675406E-01 AU
 TOP OF VALENCE BANDS -    BAND    240; K    1; EIG -1.6716114E-01 AU
 BOTTOM OF VIRTUAL BANDS - BAND    241; K    1; EIG -8.7774054E-02 AU
 INDIRECT ENERGY BAND GAP:   2.1492 eV

    BETA       ELECTRONS
 INSULATING STATE
 TOP OF VALENCE BANDS -    BAND    240; K    2; EIG -1.6675406E-01 AU
 TOP OF VALENCE BANDS -    BAND    240; K    1; EIG -1.6716114E-01 AU
 BOTTOM OF VIRTUAL BANDS - BAND    241; K    1; EIG -8.7774054E-02 AU
 INDIRECT ENERGY BAND GAP:   2.1492 eV
 TTTTTTTTTTTTTTTTTTTTTTTTTTTTTT PDIG        TELAPSE       81.60 TCPU       79.25
 CHARGE NORMALIZATION FACTOR   1.00000000
 TOTAL ATOMIC CHARGES:
   5.9883508   5.9883508   5.9883508   5.9883508   5.9883508   5.9883508
   5.9883508   5.9883508   5.9883508   5.9883508   5.9883508   5.9883508
   5.9883508   5.9883508   5.9883508   5.9883508   5.9883508   5.9883508
   5.9883508   5.9883508   5.9883508   5.9883508   5.9883508   5.9883508
   5.9883508   5.9883508   5.9883508   5.9883508   5.9883508   5.9883508
   5.9883508   5.9883508   5.9883508   5.9883508   5.9883508   5.9883508
   5.9883508   5.9883508   5.9883508   5.9883508   5.9883508   5.9883508
   5.9883508   5.9883508   5.9883508   5.9883508   5.9883508   5.9883508
   6.0065020   6.0065020   6.0065020   6.0065020   6.0065020   6.0065020
   6.0065020   6.0065020   6.0065020   6.0065020   6.0065020   6.0065020
   6.0065020   6.0065020   6.0065020   6.0065020   6.0065020   6.0065020
   6.0065020   6.0065020   6.0065020   6.0065020   6.0065020   6.0065020
   6.0503892   6.0503892   6.0503892   6.0503892   6.0503892   6.0503892
   6.0503892   6.0503892
 SUMMED SPIN DENSITY          -0.00000000
 TOTAL ATOMIC SPINS  :
  -0.0000000  -0.0000000  -0.0000000  -0.0000000  -0.0000000  -0.0000000
  -0.0000000  -0.0000000  -0.0000000  -0.0000000  -0.0000000  -0.0000000
  -0.0000000  -0.0000000  -0.0000000  -0.0000000  -0.0000000  -0.0000000
  -0.0000000  -0.0000000  -0.0000000  -0.0000000  -0.0000000  -0.0000000
  -0.0000000  -0.0000000  -0.0000000  -0.0000000  -0.0000000  -0.0000000
  -0.0000000  -0.0000000  -0.0000000  -0.0000000  -0.0000000  -0.0000000
  -0.0000000  -0.0000000  -0.0000000  -0.0000000  -0.0000000  -0.0000000
  -0.0000000  -0.0000000  -0.0000000  -0.0000000  -0.0000000  -0.0000000
   0.0000000   0.0000000   0.0000000   0.0000000   0.0000000   0.0000000
   0.0000000   0.0000000   0.0000000   0.0000000   0.0000000   0.0000000
   0.0000000   0.0000000   0.0000000   0.0000000   0.0000000   0.0000000
   0.0000000   0.0000000   0.0000000   0.0000000   0.0000000   0.0000000
   0.0000000   0.0000000   0.0000000   0.0000000   0.0000000   0.0000000
   0.0000000   0.0000000
 TTTTTTTTTTTTTTTTTTTTTTTTTTTTTT MOQGAD      TELAPSE       81.61 TCPU       79.26
 TTTTTTTTTTTTTTTTTTTTTTTTTTTTTT SHELLXN     TELAPSE       86.20 TCPU       83.85
 +++ ENERGIES IN A.U. +++
 ::: EXT EL-POLE                                  -5.5527172888727E+03
 ::: EXT EL-SPHEROPOLE                             3.9570501673944E+01
 ::: BIELET ZONE E-E                               8.3337632451183E+03
 ::: TOTAL E-E                                     2.8206164579196E+03
 ::: TOTAL E-N + N-E                              -9.9364516317012E+03
 ::: TOTAL N-N                                     1.3826724757908E+03
 ::: KINETIC ENERGY                                3.0383430326593E+03
 ::: PSEUDO TOTAL   ENERGY                        -2.6948196653315E+03
 ::: VIRIAL COEFFICIENT                            1.0599186496919E+00
 TTTTTTTTTTTTTTTTTTTTTTTTTTTTTT MONMO3      TELAPSE       86.24 TCPU       83.89
 NUMERICALLY INTEGRATED DENSITY    240.0001509680    240.0001509680
 EXCHANGE ENERGY: -0.331411670460E+03  CORRELATION ENERGY: -0.199472268274E+02
 TTTTTTTTTTTTTTTTTTTTTTTTTTTTTT NUMDFT      TELAPSE       86.74 TCPU       84.39
 CYC  13 ETOT(AU) -3.046178562619E+03 DETOT  4.55E-12 tst  1.13E-15 PX  1.63E-08

 == SCF ENDED - CONVERGENCE ON ENERGY      E(AU) -3.0461785626185E+03 CYCLES  13


 ENERGY EXPRESSION=HARTREE+FOCK EXCH*0.20000+(BECKE      EXCH)*0.80000+LYP        CORR


 TOTAL ENERGY(DFT)(AU)( 13) -3.0461785626185E+03 DE 4.5E-12 tester 1.1E-15
 TTTTTTTTTTTTTTTTTTTTTTTTTTTTTT EDFT        TELAPSE       86.75 TCPU       84.39
 
 INFORMATION **** DFTD3 ENERGY **** CALCULATE DFTD3 ENERGY

           DFT-D V3(BJ)
 DF                                         b3-lyp    
 parameters
 s6       :    1.0000
 s8       :    1.9889
 a1       :    0.3981
 a2       :    4.4211
 k1 k3    :   16.0000   -4.0000
 Cutoff   :   50.2022
 CN-Cutoff:   21.1671
 ABC-Cutoff:   21.1671
 
 Edisp /kcal,au:  -312.6092 -0.49817445

 E6    /kcal :  -143.6495
 E8    /kcal :  -168.9597
 
 INFORMATION **** DFTD3 ENERGY **** NORMAL TERMINATION OF DFTD3 MODULE

 *******************************************************************************

 DFT-D3 DISPERSION ENERGY CORRECTION

 D3 DISPERSION ENERGY (AU)       -4.9817445351305E-01
 TOTAL ENERGY + DISP (AU)        -3.0466767370721E+03

 *******************************************************************************


 NEIGHBORS OF THE NON-EQUIVALENT ATOMS

 N = NUMBER OF NEIGHBORS AT DISTANCE R
    ATOM  N     R/ANG      R/AU   NEIGHBORS (ATOM LABELS AND CELL INDICES)
   1 C    1     1.4018     2.6490   37 C    0 0 0
   1 C    1     1.4064     2.6576   49 C    0 0 0
   1 C    1     1.5008     2.8360   41 C    0 0 0
   1 C    1     2.3469     4.4351   56 C    0 0 0
   1 C    1     2.3879     4.5124   80 C    0 0 0
   1 C    1     2.4029     4.5409   50 C    0 0 0

  49 C    2     1.4064     2.6576    1 C    0 0 0   38 C    0 0 0
  49 C    1     1.5097     2.8529   80 C    0 0 0
  49 C    2     2.3469     4.4351    7 C    0 0 0   41 C    0 0 0
  49 C    2     2.3523     4.4452   55 C    0 0 0   56 C    0 0 0
  49 C    2     2.4029     4.5409    2 C    0 0 0   37 C    0 0 0
  49 C    1     2.5689     4.8544   75 C   -1 0 0

  73 C    3     1.5097     2.8529   63 C    0 0 0   70 C    0 0 0   71 C    0 0 0
  73 C    1     1.5212     2.8746   77 C    0 0 0
  73 C    6     2.3879     4.5124   15 C    0 0 0   22 C    0 0 0   23 C    0 0 0
                                    27 C    0 0 0   34 C    0 0 0   35 C    0 0 0
  73 C    3     2.5689     4.8544   51 C    0 0 0   58 C    0 0 0   59 C    0 0 0
  73 C    6     3.4620     6.5421    3 C    0 0 0   10 C    0 0 0   11 C    0 0 0
                                    39 C    0 0 0   46 C    0 0 0   47 C    0 0 0
  73 C    6     3.6340     6.8672   16 C    0 0 0   19 C    0 0 0   24 C    0 0 0
                                    28 C    0 0 0   31 C    0 0 0   36 C    0 0 0

 TTTTTTTTTTTTTTTTTTTTTTTTTTTTTT AFTER FIRST TELAPSE       86.88 TCPU       84.52
 MMMMMMMMMMMMMMMMMMMMMMMMMMMMMMMMMMMMMMMMMMMMMMMMMMMMMMMMMMMMMMMMMMMMMMMMMMMMMMM
     ALPHA+BETA ELECTRONS
 MULLIKEN POPULATION ANALYSIS - NO. OF ELECTRONS  480.000000

  ATOM    Z CHARGE  A.O. POPULATION

   1 C    6  5.988  0.854  1.122  0.755  0.449  0.490  0.459  0.407  0.005
                   -0.011 -0.044  0.413  0.477  0.573  0.006  0.006  0.007
                    0.010  0.011
   2 C    6  5.988  0.854  1.122  0.755  0.449  0.490  0.459  0.407  0.005
                   -0.011 -0.044  0.413  0.477  0.573  0.006  0.006  0.007
                    0.010  0.011
   3 C    6  5.988  0.854  1.122  0.755  0.449  0.490  0.459  0.407  0.005
                   -0.011 -0.044  0.413  0.477  0.573  0.006  0.006  0.007
                    0.010  0.011
   4 C    6  5.988  0.854  1.122  0.755  0.449  0.490  0.459  0.407  0.005
                   -0.011 -0.044  0.413  0.477  0.573  0.006  0.006  0.007
                    0.010  0.011
   5 C    6  5.988  0.854  1.122  0.755  0.449  0.407  0.490  0.459 -0.044
                    0.005 -0.011  0.573  0.413  0.477  0.007  0.007  0.011
                    0.009  0.006
   6 C    6  5.988  0.854  1.122  0.755  0.449  0.459  0.407  0.490 -0.011
                   -0.044  0.005  0.477  0.573  0.413  0.011  0.011  0.006
                    0.005  0.007
   7 C    6  5.988  0.854  1.122  0.755  0.449  0.407  0.490  0.459 -0.044
                    0.005 -0.011  0.573  0.413  0.477  0.007  0.007  0.011
                    0.009  0.006
   8 C    6  5.988  0.854  1.122  0.755  0.449  0.459  0.407  0.490 -0.011
                   -0.044  0.005  0.477  0.573  0.413  0.011  0.011  0.006
                    0.005  0.007
   9 C    6  5.988  0.854  1.122  0.755  0.449  0.407  0.490  0.459 -0.044
                    0.005 -0.011  0.573  0.413  0.477  0.007  0.007  0.011
                    0.009  0.006
  10 C    6  5.988  0.854  1.122  0.755  0.449  0.459  0.407  0.490 -0.011
                   -0.044  0.005  0.477  0.573  0.413  0.011  0.011  0.006
                    0.005  0.007
  11 C    6  5.988  0.854  1.122  0.755  0.449  0.407  0.490  0.459 -0.044
                    0.005 -0.011  0.573  0.413  0.477  0.007  0.007  0.011
                    0.009  0.006
  12 C    6  5.988  0.854  1.122  0.755  0.449  0.459  0.407  0.490 -0.011
                   -0.044  0.005  0.477  0.573  0.413  0.011  0.011  0.006
                    0.005  0.007
  13 C    6  5.988  0.854  1.122  0.755  0.449  0.459  0.490  0.407 -0.011
                    0.005 -0.044  0.477  0.413  0.573  0.006  0.007  0.006
                    0.010  0.011
  14 C    6  5.988  0.854  1.122  0.755  0.449  0.459  0.490  0.407 -0.011
                    0.005 -0.044  0.477  0.413  0.573  0.006  0.007  0.006
                    0.010  0.011
  15 C    6  5.988  0.854  1.122  0.755  0.449  0.459  0.490  0.407 -0.011
                    0.005 -0.044  0.477  0.413  0.573  0.006  0.007  0.006
                    0.010  0.011
  16 C    6  5.988  0.854  1.122  0.755  0.449  0.459  0.490  0.407 -0.011
                    0.005 -0.044  0.477  0.413  0.573  0.006  0.007  0.006
                    0.010  0.011
  17 C    6  5.988  0.854  1.122  0.755  0.449  0.490  0.407  0.459  0.005
                   -0.044 -0.011  0.413  0.573  0.477  0.007  0.011  0.007
                    0.009  0.006
  18 C    6  5.988  0.854  1.122  0.755  0.449  0.407  0.459  0.490 -0.044
                   -0.011  0.005  0.573  0.477  0.413  0.011  0.006  0.011
                    0.005  0.007
  19 C    6  5.988  0.854  1.122  0.755  0.449  0.490  0.407  0.459  0.005
                   -0.044 -0.011  0.413  0.573  0.477  0.007  0.011  0.007
                    0.009  0.006
  20 C    6  5.988  0.854  1.122  0.755  0.449  0.407  0.459  0.490 -0.044
                   -0.011  0.005  0.573  0.477  0.413  0.011  0.006  0.011
                    0.005  0.007
  21 C    6  5.988  0.854  1.122  0.755  0.449  0.490  0.407  0.459  0.005
                   -0.044 -0.011  0.413  0.573  0.477  0.007  0.011  0.007
                    0.009  0.006
  22 C    6  5.988  0.854  1.122  0.755  0.449  0.407  0.459  0.490 -0.044
                   -0.011  0.005  0.573  0.477  0.413  0.011  0.006  0.011
                    0.005  0.007
  23 C    6  5.988  0.854  1.122  0.755  0.449  0.490  0.407  0.459  0.005
                   -0.044 -0.011  0.413  0.573  0.477  0.007  0.011  0.007
                    0.009  0.006
  24 C    6  5.988  0.854  1.122  0.755  0.449  0.407  0.459  0.490 -0.044
                   -0.011  0.005  0.573  0.477  0.413  0.011  0.006  0.011
                    0.005  0.007
  25 C    6  5.988  0.854  1.122  0.755  0.449  0.490  0.459  0.407  0.005
                   -0.011 -0.044  0.413  0.477  0.573  0.006  0.006  0.007
                    0.010  0.011
  26 C    6  5.988  0.854  1.122  0.755  0.449  0.490  0.459  0.407  0.005
                   -0.011 -0.044  0.413  0.477  0.573  0.006  0.006  0.007
                    0.010  0.011
  27 C    6  5.988  0.854  1.122  0.755  0.449  0.490  0.459  0.407  0.005
                   -0.011 -0.044  0.413  0.477  0.573  0.006  0.006  0.007
                    0.010  0.011
  28 C    6  5.988  0.854  1.122  0.755  0.449  0.490  0.459  0.407  0.005
                   -0.011 -0.044  0.413  0.477  0.573  0.006  0.006  0.007
                    0.010  0.011
  29 C    6  5.988  0.854  1.122  0.755  0.449  0.407  0.490  0.459 -0.044
                    0.005 -0.011  0.573  0.413  0.477  0.007  0.007  0.011
                    0.009  0.006
  30 C    6  5.988  0.854  1.122  0.755  0.449  0.459  0.407  0.490 -0.011
                   -0.044  0.005  0.477  0.573  0.413  0.011  0.011  0.006
                    0.005  0.007
  31 C    6  5.988  0.854  1.122  0.755  0.449  0.407  0.490  0.459 -0.044
                    0.005 -0.011  0.573  0.413  0.477  0.007  0.007  0.011
                    0.009  0.006
  32 C    6  5.988  0.854  1.122  0.755  0.449  0.459  0.407  0.490 -0.011
                   -0.044  0.005  0.477  0.573  0.413  0.011  0.011  0.006
                    0.005  0.007
  33 C    6  5.988  0.854  1.122  0.755  0.449  0.407  0.490  0.459 -0.044
                    0.005 -0.011  0.573  0.413  0.477  0.007  0.007  0.011
                    0.009  0.006
  34 C    6  5.988  0.854  1.122  0.755  0.449  0.459  0.407  0.490 -0.011
                   -0.044  0.005  0.477  0.573  0.413  0.011  0.011  0.006
                    0.005  0.007
  35 C    6  5.988  0.854  1.122  0.755  0.449  0.407  0.490  0.459 -0.044
                    0.005 -0.011  0.573  0.413  0.477  0.007  0.007  0.011
                    0.009  0.006
  36 C    6  5.988  0.854  1.122  0.755  0.449  0.459  0.407  0.490 -0.011
                   -0.044  0.005  0.477  0.573  0.413  0.011  0.011  0.006
                    0.005  0.007
  37 C    6  5.988  0.854  1.122  0.755  0.449  0.459  0.490  0.407 -0.011
                    0.005 -0.044  0.477  0.413  0.573  0.006  0.007  0.006
                    0.010  0.011
  38 C    6  5.988  0.854  1.122  0.755  0.449  0.459  0.490  0.407 -0.011
                    0.005 -0.044  0.477  0.413  0.573  0.006  0.007  0.006
                    0.010  0.011
  39 C    6  5.988  0.854  1.122  0.755  0.449  0.459  0.490  0.407 -0.011
                    0.005 -0.044  0.477  0.413  0.573  0.006  0.007  0.006
                    0.010  0.011
  40 C    6  5.988  0.854  1.122  0.755  0.449  0.459  0.490  0.407 -0.011
                    0.005 -0.044  0.477  0.413  0.573  0.006  0.007  0.006
                    0.010  0.011
  41 C    6  5.988  0.854  1.122  0.755  0.449  0.490  0.407  0.459  0.005
                   -0.044 -0.011  0.413  0.573  0.477  0.007  0.011  0.007
                    0.009  0.006
  42 C    6  5.988  0.854  1.122  0.755  0.449  0.407  0.459  0.490 -0.044
                   -0.011  0.005  0.573  0.477  0.413  0.011  0.006  0.011
                    0.005  0.007
  43 C    6  5.988  0.854  1.122  0.755  0.449  0.490  0.407  0.459  0.005
                   -0.044 -0.011  0.413  0.573  0.477  0.007  0.011  0.007
                    0.009  0.006
  44 C    6  5.988  0.854  1.122  0.755  0.449  0.407  0.459  0.490 -0.044
                   -0.011  0.005  0.573  0.477  0.413  0.011  0.006  0.011
                    0.005  0.007
  45 C    6  5.988  0.854  1.122  0.755  0.449  0.490  0.407  0.459  0.005
                   -0.044 -0.011  0.413  0.573  0.477  0.007  0.011  0.007
                    0.009  0.006
  46 C    6  5.988  0.854  1.122  0.755  0.449  0.407  0.459  0.490 -0.044
                   -0.011  0.005  0.573  0.477  0.413  0.011  0.006  0.011
                    0.005  0.007
  47 C    6  5.988  0.854  1.122  0.755  0.449  0.490  0.407  0.459  0.005
                   -0.044 -0.011  0.413  0.573  0.477  0.007  0.011  0.007
                    0.009  0.006
  48 C    6  5.988  0.854  1.122  0.755  0.449  0.407  0.459  0.490 -0.044
                   -0.011  0.005  0.573  0.477  0.413  0.011  0.006  0.011
                    0.005  0.007
  49 C    6  6.007  0.854  1.121  0.755  0.457  0.479  0.479  0.405  0.000
                    0.000 -0.067  0.430  0.430  0.624  0.004  0.006  0.006
                    0.011  0.012
  50 C    6  6.007  0.854  1.121  0.755  0.457  0.479  0.479  0.405  0.000
                    0.000 -0.067  0.430  0.430  0.624  0.004  0.006  0.006
                    0.011  0.012
  51 C    6  6.007  0.854  1.121  0.755  0.457  0.479  0.479  0.405  0.000
                    0.000 -0.067  0.430  0.430  0.624  0.004  0.006  0.006
                    0.011  0.012
  52 C    6  6.007  0.854  1.121  0.755  0.457  0.479  0.479  0.405  0.000
                    0.000 -0.067  0.430  0.430  0.624  0.004  0.006  0.006
                    0.011  0.012
  53 C    6  6.007  0.854  1.121  0.755  0.457  0.405  0.479  0.479 -0.067
                    0.000  0.000  0.624  0.430  0.430  0.009  0.006  0.012
                    0.006  0.006
  54 C    6  6.007  0.854  1.121  0.755  0.457  0.479  0.405  0.479  0.000
                   -0.067  0.000  0.430  0.624  0.430  0.009  0.012  0.006
                    0.006  0.006
  55 C    6  6.007  0.854  1.121  0.755  0.457  0.405  0.479  0.479 -0.067
                    0.000  0.000  0.624  0.430  0.430  0.009  0.006  0.012
                    0.006  0.006
  56 C    6  6.007  0.854  1.121  0.755  0.457  0.479  0.405  0.479  0.000
                   -0.067  0.000  0.430  0.624  0.430  0.009  0.012  0.006
                    0.006  0.006
  57 C    6  6.007  0.854  1.121  0.755  0.457  0.405  0.479  0.479 -0.067
                    0.000  0.000  0.624  0.430  0.430  0.009  0.006  0.012
                    0.006  0.006
  58 C    6  6.007  0.854  1.121  0.755  0.457  0.479  0.405  0.479  0.000
                   -0.067  0.000  0.430  0.624  0.430  0.009  0.012  0.006
                    0.006  0.006
  59 C    6  6.007  0.854  1.121  0.755  0.457  0.405  0.479  0.479 -0.067
                    0.000  0.000  0.624  0.430  0.430  0.009  0.006  0.012
                    0.006  0.006
  60 C    6  6.007  0.854  1.121  0.755  0.457  0.479  0.405  0.479  0.000
                   -0.067  0.000  0.430  0.624  0.430  0.009  0.012  0.006
                    0.006  0.006
  61 C    6  6.007  0.854  1.121  0.755  0.457  0.479  0.479  0.405  0.000
                    0.000 -0.067  0.430  0.430  0.624  0.004  0.006  0.006
                    0.011  0.012
  62 C    6  6.007  0.854  1.121  0.755  0.457  0.479  0.479  0.405  0.000
                    0.000 -0.067  0.430  0.430  0.624  0.004  0.006  0.006
                    0.011  0.012
  63 C    6  6.007  0.854  1.121  0.755  0.457  0.479  0.479  0.405  0.000
                    0.000 -0.067  0.430  0.430  0.624  0.004  0.006  0.006
                    0.011  0.012
  64 C    6  6.007  0.854  1.121  0.755  0.457  0.479  0.479  0.405  0.000
                    0.000 -0.067  0.430  0.430  0.624  0.004  0.006  0.006
                    0.011  0.012
  65 C    6  6.007  0.854  1.121  0.755  0.457  0.479  0.405  0.479  0.000
                   -0.067  0.000  0.430  0.624  0.430  0.009  0.012  0.006
                    0.006  0.006
  66 C    6  6.007  0.854  1.121  0.755  0.457  0.405  0.479  0.479 -0.067
                    0.000  0.000  0.624  0.430  0.430  0.009  0.006  0.012
                    0.006  0.006
  67 C    6  6.007  0.854  1.121  0.755  0.457  0.479  0.405  0.479  0.000
                   -0.067  0.000  0.430  0.624  0.430  0.009  0.012  0.006
                    0.006  0.006
  68 C    6  6.007  0.854  1.121  0.755  0.457  0.405  0.479  0.479 -0.067
                    0.000  0.000  0.624  0.430  0.430  0.009  0.006  0.012
                    0.006  0.006
  69 C    6  6.007  0.854  1.121  0.755  0.457  0.479  0.405  0.479  0.000
                   -0.067  0.000  0.430  0.624  0.430  0.009  0.012  0.006
                    0.006  0.006
  70 C    6  6.007  0.854  1.121  0.755  0.457  0.405  0.479  0.479 -0.067
                    0.000  0.000  0.624  0.430  0.430  0.009  0.006  0.012
                    0.006  0.006
  71 C    6  6.007  0.854  1.121  0.755  0.457  0.479  0.405  0.479  0.000
                   -0.067  0.000  0.430  0.624  0.430  0.009  0.012  0.006
                    0.006  0.006
  72 C    6  6.007  0.854  1.121  0.755  0.457  0.405  0.479  0.479 -0.067
                    0.000  0.000  0.624  0.430  0.430  0.009  0.006  0.012
                    0.006  0.006
  73 C    6  6.050  0.853  1.121  0.746  0.480  0.451  0.451  0.451 -0.001
                   -0.001 -0.001  0.484  0.484  0.484  0.006  0.012  0.012
                    0.006  0.012
  74 C    6  6.050  0.853  1.121  0.746  0.480  0.451  0.451  0.451 -0.001
                   -0.001 -0.001  0.484  0.484  0.484  0.006  0.012  0.012
                    0.006  0.012
  75 C    6  6.050  0.853  1.121  0.746  0.480  0.451  0.451  0.451 -0.001
                   -0.001 -0.001  0.484  0.484  0.484  0.006  0.012  0.012
                    0.006  0.012
  76 C    6  6.050  0.853  1.121  0.746  0.480  0.451  0.451  0.451 -0.001
                   -0.001 -0.001  0.484  0.484  0.484  0.006  0.012  0.012
                    0.006  0.012
  77 C    6  6.050  0.853  1.121  0.746  0.480  0.451  0.451  0.451 -0.001
                   -0.001 -0.001  0.484  0.484  0.484  0.006  0.012  0.012
                    0.006  0.012
  78 C    6  6.050  0.853  1.121  0.746  0.480  0.451  0.451  0.451 -0.001
                   -0.001 -0.001  0.484  0.484  0.484  0.006  0.012  0.012
                    0.006  0.012
  79 C    6  6.050  0.853  1.121  0.746  0.480  0.451  0.451  0.451 -0.001
                   -0.001 -0.001  0.484  0.484  0.484  0.006  0.012  0.012
                    0.006  0.012
  80 C    6  6.050  0.853  1.121  0.746  0.480  0.451  0.451  0.451 -0.001
                   -0.001 -0.001  0.484  0.484  0.484  0.006  0.012  0.012
                    0.006  0.012

  ATOM    Z CHARGE  SHELL POPULATION

   1 C    6  5.988  0.854  1.122  0.755  0.449  1.357 -0.050  1.462  0.040
   2 C    6  5.988  0.854  1.122  0.755  0.449  1.357 -0.050  1.462  0.040
   3 C    6  5.988  0.854  1.122  0.755  0.449  1.357 -0.050  1.462  0.040
   4 C    6  5.988  0.854  1.122  0.755  0.449  1.357 -0.050  1.462  0.040
   5 C    6  5.988  0.854  1.122  0.755  0.449  1.357 -0.050  1.462  0.040
   6 C    6  5.988  0.854  1.122  0.755  0.449  1.357 -0.050  1.462  0.040
   7 C    6  5.988  0.854  1.122  0.755  0.449  1.357 -0.050  1.462  0.040
   8 C    6  5.988  0.854  1.122  0.755  0.449  1.357 -0.050  1.462  0.040
   9 C    6  5.988  0.854  1.122  0.755  0.449  1.357 -0.050  1.462  0.040
  10 C    6  5.988  0.854  1.122  0.755  0.449  1.357 -0.050  1.462  0.040
  11 C    6  5.988  0.854  1.122  0.755  0.449  1.357 -0.050  1.462  0.040
  12 C    6  5.988  0.854  1.122  0.755  0.449  1.357 -0.050  1.462  0.040
  13 C    6  5.988  0.854  1.122  0.755  0.449  1.357 -0.050  1.462  0.040
  14 C    6  5.988  0.854  1.122  0.755  0.449  1.357 -0.050  1.462  0.040
  15 C    6  5.988  0.854  1.122  0.755  0.449  1.357 -0.050  1.462  0.040
  16 C    6  5.988  0.854  1.122  0.755  0.449  1.357 -0.050  1.462  0.040
  17 C    6  5.988  0.854  1.122  0.755  0.449  1.357 -0.050  1.462  0.040
  18 C    6  5.988  0.854  1.122  0.755  0.449  1.357 -0.050  1.462  0.040
  19 C    6  5.988  0.854  1.122  0.755  0.449  1.357 -0.050  1.462  0.040
  20 C    6  5.988  0.854  1.122  0.755  0.449  1.357 -0.050  1.462  0.040
  21 C    6  5.988  0.854  1.122  0.755  0.449  1.357 -0.050  1.462  0.040
  22 C    6  5.988  0.854  1.122  0.755  0.449  1.357 -0.050  1.462  0.040
  23 C    6  5.988  0.854  1.122  0.755  0.449  1.357 -0.050  1.462  0.040
  24 C    6  5.988  0.854  1.122  0.755  0.449  1.357 -0.050  1.462  0.040
  25 C    6  5.988  0.854  1.122  0.755  0.449  1.357 -0.050  1.462  0.040
  26 C    6  5.988  0.854  1.122  0.755  0.449  1.357 -0.050  1.462  0.040
  27 C    6  5.988  0.854  1.122  0.755  0.449  1.357 -0.050  1.462  0.040
  28 C    6  5.988  0.854  1.122  0.755  0.449  1.357 -0.050  1.462  0.040
  29 C    6  5.988  0.854  1.122  0.755  0.449  1.357 -0.050  1.462  0.040
  30 C    6  5.988  0.854  1.122  0.755  0.449  1.357 -0.050  1.462  0.040
  31 C    6  5.988  0.854  1.122  0.755  0.449  1.357 -0.050  1.462  0.040
  32 C    6  5.988  0.854  1.122  0.755  0.449  1.357 -0.050  1.462  0.040
  33 C    6  5.988  0.854  1.122  0.755  0.449  1.357 -0.050  1.462  0.040
  34 C    6  5.988  0.854  1.122  0.755  0.449  1.357 -0.050  1.462  0.040
  35 C    6  5.988  0.854  1.122  0.755  0.449  1.357 -0.050  1.462  0.040
  36 C    6  5.988  0.854  1.122  0.755  0.449  1.357 -0.050  1.462  0.040
  37 C    6  5.988  0.854  1.122  0.755  0.449  1.357 -0.050  1.462  0.040
  38 C    6  5.988  0.854  1.122  0.755  0.449  1.357 -0.050  1.462  0.040
  39 C    6  5.988  0.854  1.122  0.755  0.449  1.357 -0.050  1.462  0.040
  40 C    6  5.988  0.854  1.122  0.755  0.449  1.357 -0.050  1.462  0.040
  41 C    6  5.988  0.854  1.122  0.755  0.449  1.357 -0.050  1.462  0.040
  42 C    6  5.988  0.854  1.122  0.755  0.449  1.357 -0.050  1.462  0.040
  43 C    6  5.988  0.854  1.122  0.755  0.449  1.357 -0.050  1.462  0.040
  44 C    6  5.988  0.854  1.122  0.755  0.449  1.357 -0.050  1.462  0.040
  45 C    6  5.988  0.854  1.122  0.755  0.449  1.357 -0.050  1.462  0.040
  46 C    6  5.988  0.854  1.122  0.755  0.449  1.357 -0.050  1.462  0.040
  47 C    6  5.988  0.854  1.122  0.755  0.449  1.357 -0.050  1.462  0.040
  48 C    6  5.988  0.854  1.122  0.755  0.449  1.357 -0.050  1.462  0.040
  49 C    6  6.007  0.854  1.121  0.755  0.457  1.363 -0.067  1.484  0.039
  50 C    6  6.007  0.854  1.121  0.755  0.457  1.363 -0.067  1.484  0.039
  51 C    6  6.007  0.854  1.121  0.755  0.457  1.363 -0.067  1.484  0.039
  52 C    6  6.007  0.854  1.121  0.755  0.457  1.363 -0.067  1.484  0.039
  53 C    6  6.007  0.854  1.121  0.755  0.457  1.363 -0.067  1.484  0.039
  54 C    6  6.007  0.854  1.121  0.755  0.457  1.363 -0.067  1.484  0.039
  55 C    6  6.007  0.854  1.121  0.755  0.457  1.363 -0.067  1.484  0.039
  56 C    6  6.007  0.854  1.121  0.755  0.457  1.363 -0.067  1.484  0.039
  57 C    6  6.007  0.854  1.121  0.755  0.457  1.363 -0.067  1.484  0.039
  58 C    6  6.007  0.854  1.121  0.755  0.457  1.363 -0.067  1.484  0.039
  59 C    6  6.007  0.854  1.121  0.755  0.457  1.363 -0.067  1.484  0.039
  60 C    6  6.007  0.854  1.121  0.755  0.457  1.363 -0.067  1.484  0.039
  61 C    6  6.007  0.854  1.121  0.755  0.457  1.363 -0.067  1.484  0.039
  62 C    6  6.007  0.854  1.121  0.755  0.457  1.363 -0.067  1.484  0.039
  63 C    6  6.007  0.854  1.121  0.755  0.457  1.363 -0.067  1.484  0.039
  64 C    6  6.007  0.854  1.121  0.755  0.457  1.363 -0.067  1.484  0.039
  65 C    6  6.007  0.854  1.121  0.755  0.457  1.363 -0.067  1.484  0.039
  66 C    6  6.007  0.854  1.121  0.755  0.457  1.363 -0.067  1.484  0.039
  67 C    6  6.007  0.854  1.121  0.755  0.457  1.363 -0.067  1.484  0.039
  68 C    6  6.007  0.854  1.121  0.755  0.457  1.363 -0.067  1.484  0.039
  69 C    6  6.007  0.854  1.121  0.755  0.457  1.363 -0.067  1.484  0.039
  70 C    6  6.007  0.854  1.121  0.755  0.457  1.363 -0.067  1.484  0.039
  71 C    6  6.007  0.854  1.121  0.755  0.457  1.363 -0.067  1.484  0.039
  72 C    6  6.007  0.854  1.121  0.755  0.457  1.363 -0.067  1.484  0.039
  73 C    6  6.050  0.853  1.121  0.746  0.480  1.353 -0.004  1.453  0.048
  74 C    6  6.050  0.853  1.121  0.746  0.480  1.353 -0.004  1.453  0.048
  75 C    6  6.050  0.853  1.121  0.746  0.480  1.353 -0.004  1.453  0.048
  76 C    6  6.050  0.853  1.121  0.746  0.480  1.353 -0.004  1.453  0.048
  77 C    6  6.050  0.853  1.121  0.746  0.480  1.353 -0.004  1.453  0.048
  78 C    6  6.050  0.853  1.121  0.746  0.480  1.353 -0.004  1.453  0.048
  79 C    6  6.050  0.853  1.121  0.746  0.480  1.353 -0.004  1.453  0.048
  80 C    6  6.050  0.853  1.121  0.746  0.480  1.353 -0.004  1.453  0.048

 OVERLAP POPULATION CONDENSED TO ATOMS FOR FIRST   6 NEIGHBORS

 ATOM A   1 C    ATOM B     CELL      R(AB)/AU R(AB)/ANG    OVPOP(AB)
                 37 C    (  0  0  0)     2.649     1.402     0.457
                 49 C    (  0  0  0)     2.658     1.406     0.457
                 41 C    (  0  0  0)     2.836     1.501     0.391
                 56 C    (  0  0  0)     4.435     2.347    -0.039
                 80 C    (  0  0  0)     4.512     2.388    -0.037
                 50 C    (  0  0  0)     4.541     2.403    -0.028

 ATOM A  49 C    ATOM B     CELL      R(AB)/AU R(AB)/ANG    OVPOP(AB)
                  1 C    (  0  0  0)     2.658     1.406     0.457
                 80 C    (  0  0  0)     2.853     1.510     0.292
                  7 C    (  0  0  0)     4.435     2.347    -0.039
                 55 C    (  0  0  0)     4.445     2.352    -0.033
                  2 C    (  0  0  0)     4.541     2.403    -0.028
                 75 C    ( -1  0  0)     4.854     2.569    -0.009

 ATOM A  73 C    ATOM B     CELL      R(AB)/AU R(AB)/ANG    OVPOP(AB)
                 63 C    (  0  0  0)     2.853     1.510     0.292
                 77 C    (  0  0  0)     2.875     1.521     0.169
                 15 C    (  0  0  0)     4.512     2.388    -0.037
                 51 C    (  0  0  0)     4.854     2.569    -0.009
                  3 C    (  0  0  0)     6.542     3.462    -0.002
                 16 C    (  0  0  0)     6.867     3.634     0.002
 TTTTTTTTTTTTTTTTTTTTTTTTTTTTTT AFTER FIRST TELAPSE       87.22 TCPU       84.55
 MMMMMMMMMMMMMMMMMMMMMMMMMMMMMMMMMMMMMMMMMMMMMMMMMMMMMMMMMMMMMMMMMMMMMMMMMMMMMMM
     ALPHA-BETA ELECTRONS
 MULLIKEN POPULATION ANALYSIS - NO. OF ELECTRONS   -0.000000

  ATOM    Z CHARGE  A.O. POPULATION

   1 C    6 -0.000 -0.000 -0.000  0.000 -0.000  0.000  0.000  0.000  0.000
                   -0.000 -0.000 -0.000  0.000  0.000 -0.000 -0.000 -0.000
                   -0.000  0.000
   2 C    6 -0.000 -0.000 -0.000  0.000 -0.000  0.000  0.000  0.000  0.000
                   -0.000 -0.000 -0.000  0.000  0.000 -0.000 -0.000 -0.000
                   -0.000  0.000
   3 C    6 -0.000 -0.000 -0.000  0.000 -0.000  0.000  0.000  0.000  0.000
                   -0.000 -0.000 -0.000  0.000  0.000 -0.000 -0.000 -0.000
                   -0.000  0.000
   4 C    6 -0.000 -0.000 -0.000  0.000 -0.000  0.000  0.000  0.000  0.000
                   -0.000 -0.000 -0.000  0.000  0.000 -0.000 -0.000 -0.000
                   -0.000  0.000
   5 C    6 -0.000 -0.000 -0.000  0.000 -0.000  0.000  0.000  0.000 -0.000
                    0.000 -0.000  0.000 -0.000  0.000 -0.000 -0.000  0.000
                   -0.000 -0.000
   6 C    6 -0.000 -0.000 -0.000  0.000 -0.000  0.000  0.000  0.000 -0.000
                   -0.000  0.000  0.000  0.000 -0.000 -0.000  0.000 -0.000
                   -0.000 -0.000
   7 C    6 -0.000 -0.000 -0.000  0.000 -0.000  0.000  0.000  0.000 -0.000
                    0.000 -0.000  0.000 -0.000  0.000 -0.000 -0.000  0.000
                   -0.000 -0.000
   8 C    6 -0.000 -0.000 -0.000  0.000 -0.000  0.000  0.000  0.000 -0.000
                   -0.000  0.000  0.000  0.000 -0.000 -0.000  0.000 -0.000
                   -0.000 -0.000
   9 C    6 -0.000 -0.000 -0.000  0.000 -0.000  0.000  0.000  0.000 -0.000
                    0.000 -0.000  0.000 -0.000  0.000 -0.000 -0.000  0.000
                   -0.000 -0.000
  10 C    6 -0.000 -0.000 -0.000  0.000 -0.000  0.000  0.000  0.000 -0.000
                   -0.000  0.000  0.000  0.000 -0.000 -0.000  0.000 -0.000
                   -0.000 -0.000
  11 C    6 -0.000 -0.000 -0.000  0.000 -0.000  0.000  0.000  0.000 -0.000
                    0.000 -0.000  0.000 -0.000  0.000 -0.000 -0.000  0.000
                   -0.000 -0.000
  12 C    6 -0.000 -0.000 -0.000  0.000 -0.000  0.000  0.000  0.000 -0.000
                   -0.000  0.000  0.000  0.000 -0.000 -0.000  0.000 -0.000
                   -0.000 -0.000
  13 C    6 -0.000 -0.000 -0.000  0.000 -0.000  0.000  0.000  0.000 -0.000
                    0.000 -0.000  0.000 -0.000  0.000 -0.000 -0.000 -0.000
                   -0.000  0.000
  14 C    6 -0.000 -0.000 -0.000  0.000 -0.000  0.000  0.000  0.000 -0.000
                    0.000 -0.000  0.000 -0.000  0.000 -0.000 -0.000 -0.000
                   -0.000  0.000
  15 C    6 -0.000 -0.000 -0.000  0.000 -0.000  0.000  0.000  0.000 -0.000
                    0.000 -0.000  0.000 -0.000  0.000 -0.000 -0.000 -0.000
                   -0.000  0.000
  16 C    6 -0.000 -0.000 -0.000  0.000 -0.000  0.000  0.000  0.000 -0.000
                    0.000 -0.000  0.000 -0.000  0.000 -0.000 -0.000 -0.000
                   -0.000  0.000
  17 C    6 -0.000 -0.000 -0.000  0.000 -0.000  0.000  0.000  0.000  0.000
                   -0.000 -0.000 -0.000  0.000  0.000 -0.000  0.000 -0.000
                   -0.000 -0.000
  18 C    6 -0.000 -0.000 -0.000  0.000 -0.000  0.000  0.000  0.000 -0.000
                   -0.000  0.000  0.000  0.000 -0.000 -0.000 -0.000  0.000
                   -0.000 -0.000
  19 C    6 -0.000 -0.000 -0.000  0.000 -0.000  0.000  0.000  0.000  0.000
                   -0.000 -0.000 -0.000  0.000  0.000 -0.000  0.000 -0.000
                   -0.000 -0.000
  20 C    6 -0.000 -0.000 -0.000  0.000 -0.000  0.000  0.000  0.000 -0.000
                   -0.000  0.000  0.000  0.000 -0.000 -0.000 -0.000  0.000
                   -0.000 -0.000
  21 C    6 -0.000 -0.000 -0.000  0.000 -0.000  0.000  0.000  0.000  0.000
                   -0.000 -0.000 -0.000  0.000  0.000 -0.000  0.000 -0.000
                   -0.000 -0.000
  22 C    6 -0.000 -0.000 -0.000  0.000 -0.000  0.000  0.000  0.000 -0.000
                   -0.000  0.000  0.000  0.000 -0.000 -0.000 -0.000  0.000
                   -0.000 -0.000
  23 C    6 -0.000 -0.000 -0.000  0.000 -0.000  0.000  0.000  0.000  0.000
                   -0.000 -0.000 -0.000  0.000  0.000 -0.000  0.000 -0.000
                   -0.000 -0.000
  24 C    6 -0.000 -0.000 -0.000  0.000 -0.000  0.000  0.000  0.000 -0.000
                   -0.000  0.000  0.000  0.000 -0.000 -0.000 -0.000  0.000
                   -0.000 -0.000
  25 C    6 -0.000 -0.000 -0.000  0.000 -0.000  0.000  0.000  0.000  0.000
                   -0.000 -0.000 -0.000  0.000  0.000 -0.000 -0.000 -0.000
                   -0.000  0.000
  26 C    6 -0.000 -0.000 -0.000  0.000 -0.000  0.000  0.000  0.000  0.000
                   -0.000 -0.000 -0.000  0.000  0.000 -0.000 -0.000 -0.000
                   -0.000  0.000
  27 C    6 -0.000 -0.000 -0.000  0.000 -0.000  0.000  0.000  0.000  0.000
                   -0.000 -0.000 -0.000  0.000  0.000 -0.000 -0.000 -0.000
                   -0.000  0.000
  28 C    6 -0.000 -0.000 -0.000  0.000 -0.000  0.000  0.000  0.000  0.000
                   -0.000 -0.000 -0.000  0.000  0.000 -0.000 -0.000 -0.000
                   -0.000  0.000
  29 C    6 -0.000 -0.000 -0.000  0.000 -0.000  0.000  0.000  0.000 -0.000
                    0.000 -0.000  0.000 -0.000  0.000 -0.000 -0.000  0.000
                   -0.000 -0.000
  30 C    6 -0.000 -0.000 -0.000  0.000 -0.000  0.000  0.000  0.000 -0.000
                   -0.000  0.000  0.000  0.000 -0.000 -0.000  0.000 -0.000
                   -0.000 -0.000
  31 C    6 -0.000 -0.000 -0.000  0.000 -0.000  0.000  0.000  0.000 -0.000
                    0.000 -0.000  0.000 -0.000  0.000 -0.000 -0.000  0.000
                   -0.000 -0.000
  32 C    6 -0.000 -0.000 -0.000  0.000 -0.000  0.000  0.000  0.000 -0.000
                   -0.000  0.000  0.000  0.000 -0.000 -0.000  0.000 -0.000
                   -0.000 -0.000
  33 C    6 -0.000 -0.000 -0.000  0.000 -0.000  0.000  0.000  0.000 -0.000
                    0.000 -0.000  0.000 -0.000  0.000 -0.000 -0.000  0.000
                   -0.000 -0.000
  34 C    6 -0.000 -0.000 -0.000  0.000 -0.000  0.000  0.000  0.000 -0.000
                   -0.000  0.000  0.000  0.000 -0.000 -0.000  0.000 -0.000
                   -0.000 -0.000
  35 C    6 -0.000 -0.000 -0.000  0.000 -0.000  0.000  0.000  0.000 -0.000
                    0.000 -0.000  0.000 -0.000  0.000 -0.000 -0.000  0.000
                   -0.000 -0.000
  36 C    6 -0.000 -0.000 -0.000  0.000 -0.000  0.000  0.000  0.000 -0.000
                   -0.000  0.000  0.000  0.000 -0.000 -0.000  0.000 -0.000
                   -0.000 -0.000
  37 C    6 -0.000 -0.000 -0.000  0.000 -0.000  0.000  0.000  0.000 -0.000
                    0.000 -0.000  0.000 -0.000  0.000 -0.000 -0.000 -0.000
                   -0.000  0.000
  38 C    6 -0.000 -0.000 -0.000  0.000 -0.000  0.000  0.000  0.000 -0.000
                    0.000 -0.000  0.000 -0.000  0.000 -0.000 -0.000 -0.000
                   -0.000  0.000
  39 C    6 -0.000 -0.000 -0.000  0.000 -0.000  0.000  0.000  0.000 -0.000
                    0.000 -0.000  0.000 -0.000  0.000 -0.000 -0.000 -0.000
                   -0.000  0.000
  40 C    6 -0.000 -0.000 -0.000  0.000 -0.000  0.000  0.000  0.000 -0.000
                    0.000 -0.000  0.000 -0.000  0.000 -0.000 -0.000 -0.000
                   -0.000  0.000
  41 C    6 -0.000 -0.000 -0.000  0.000 -0.000  0.000  0.000  0.000  0.000
                   -0.000 -0.000 -0.000  0.000  0.000 -0.000  0.000 -0.000
                   -0.000 -0.000
  42 C    6 -0.000 -0.000 -0.000  0.000 -0.000  0.000  0.000  0.000 -0.000
                   -0.000  0.000  0.000  0.000 -0.000 -0.000 -0.000  0.000
                   -0.000 -0.000
  43 C    6 -0.000 -0.000 -0.000  0.000 -0.000  0.000  0.000  0.000  0.000
                   -0.000 -0.000 -0.000  0.000  0.000 -0.000  0.000 -0.000
                   -0.000 -0.000
  44 C    6 -0.000 -0.000 -0.000  0.000 -0.000  0.000  0.000  0.000 -0.000
                   -0.000  0.000  0.000  0.000 -0.000 -0.000 -0.000  0.000
                   -0.000 -0.000
  45 C    6 -0.000 -0.000 -0.000  0.000 -0.000  0.000  0.000  0.000  0.000
                   -0.000 -0.000 -0.000  0.000  0.000 -0.000  0.000 -0.000
                   -0.000 -0.000
  46 C    6 -0.000 -0.000 -0.000  0.000 -0.000  0.000  0.000  0.000 -0.000
                   -0.000  0.000  0.000  0.000 -0.000 -0.000 -0.000  0.000
                   -0.000 -0.000
  47 C    6 -0.000 -0.000 -0.000  0.000 -0.000  0.000  0.000  0.000  0.000
                   -0.000 -0.000 -0.000  0.000  0.000 -0.000  0.000 -0.000
                   -0.000 -0.000
  48 C    6 -0.000 -0.000 -0.000  0.000 -0.000  0.000  0.000  0.000 -0.000
                   -0.000  0.000  0.000  0.000 -0.000 -0.000 -0.000  0.000
                   -0.000 -0.000
  49 C    6  0.000  0.000  0.000 -0.000  0.000  0.000  0.000 -0.000 -0.000
                   -0.000  0.000  0.000  0.000 -0.000 -0.000  0.000  0.000
                    0.000  0.000
  50 C    6  0.000  0.000  0.000 -0.000  0.000  0.000  0.000 -0.000 -0.000
                   -0.000  0.000  0.000  0.000 -0.000 -0.000  0.000  0.000
                    0.000  0.000
  51 C    6  0.000  0.000  0.000 -0.000  0.000  0.000  0.000 -0.000 -0.000
                   -0.000  0.000  0.000  0.000 -0.000 -0.000  0.000  0.000
                    0.000  0.000
  52 C    6  0.000  0.000  0.000 -0.000  0.000  0.000  0.000 -0.000 -0.000
                   -0.000  0.000  0.000  0.000 -0.000 -0.000  0.000  0.000
                    0.000  0.000
  53 C    6  0.000  0.000  0.000 -0.000  0.000 -0.000  0.000  0.000  0.000
                   -0.000 -0.000 -0.000  0.000  0.000  0.000  0.000  0.000
                    0.000  0.000
  54 C    6  0.000  0.000  0.000 -0.000  0.000  0.000 -0.000  0.000 -0.000
                    0.000 -0.000  0.000 -0.000  0.000  0.000  0.000  0.000
                    0.000  0.000
  55 C    6  0.000  0.000  0.000 -0.000  0.000 -0.000  0.000  0.000  0.000
                   -0.000 -0.000 -0.000  0.000  0.000  0.000  0.000  0.000
                    0.000  0.000
  56 C    6  0.000  0.000  0.000 -0.000  0.000  0.000 -0.000  0.000 -0.000
                    0.000 -0.000  0.000 -0.000  0.000  0.000  0.000  0.000
                    0.000  0.000
  57 C    6  0.000  0.000  0.000 -0.000  0.000 -0.000  0.000  0.000  0.000
                   -0.000 -0.000 -0.000  0.000  0.000  0.000  0.000  0.000
                    0.000  0.000
  58 C    6  0.000  0.000  0.000 -0.000  0.000  0.000 -0.000  0.000 -0.000
                    0.000 -0.000  0.000 -0.000  0.000  0.000  0.000  0.000
                    0.000  0.000
  59 C    6  0.000  0.000  0.000 -0.000  0.000 -0.000  0.000  0.000  0.000
                   -0.000 -0.000 -0.000  0.000  0.000  0.000  0.000  0.000
                    0.000  0.000
  60 C    6  0.000  0.000  0.000 -0.000  0.000  0.000 -0.000  0.000 -0.000
                    0.000 -0.000  0.000 -0.000  0.000  0.000  0.000  0.000
                    0.000  0.000
  61 C    6  0.000  0.000  0.000 -0.000  0.000  0.000  0.000 -0.000 -0.000
                   -0.000  0.000  0.000  0.000 -0.000 -0.000  0.000  0.000
                    0.000  0.000
  62 C    6  0.000  0.000  0.000 -0.000  0.000  0.000  0.000 -0.000 -0.000
                   -0.000  0.000  0.000  0.000 -0.000 -0.000  0.000  0.000
                    0.000  0.000
  63 C    6  0.000  0.000  0.000 -0.000  0.000  0.000  0.000 -0.000 -0.000
                   -0.000  0.000  0.000  0.000 -0.000 -0.000  0.000  0.000
                    0.000  0.000
  64 C    6  0.000  0.000  0.000 -0.000  0.000  0.000  0.000 -0.000 -0.000
                   -0.000  0.000  0.000  0.000 -0.000 -0.000  0.000  0.000
                    0.000  0.000
  65 C    6  0.000  0.000  0.000 -0.000  0.000  0.000 -0.000  0.000 -0.000
                    0.000 -0.000  0.000 -0.000  0.000  0.000  0.000  0.000
                    0.000  0.000
  66 C    6  0.000  0.000  0.000 -0.000  0.000 -0.000  0.000  0.000  0.000
                   -0.000 -0.000 -0.000  0.000  0.000  0.000  0.000  0.000
                    0.000  0.000
  67 C    6  0.000  0.000  0.000 -0.000  0.000  0.000 -0.000  0.000 -0.000
                    0.000 -0.000  0.000 -0.000  0.000  0.000  0.000  0.000
                    0.000  0.000
  68 C    6  0.000  0.000  0.000 -0.000  0.000 -0.000  0.000  0.000  0.000
                   -0.000 -0.000 -0.000  0.000  0.000  0.000  0.000  0.000
                    0.000  0.000
  69 C    6  0.000  0.000  0.000 -0.000  0.000  0.000 -0.000  0.000 -0.000
                    0.000 -0.000  0.000 -0.000  0.000  0.000  0.000  0.000
                    0.000  0.000
  70 C    6  0.000  0.000  0.000 -0.000  0.000 -0.000  0.000  0.000  0.000
                   -0.000 -0.000 -0.000  0.000  0.000  0.000  0.000  0.000
                    0.000  0.000
  71 C    6  0.000  0.000  0.000 -0.000  0.000  0.000 -0.000  0.000 -0.000
                    0.000 -0.000  0.000 -0.000  0.000  0.000  0.000  0.000
                    0.000  0.000
  72 C    6  0.000  0.000  0.000 -0.000  0.000 -0.000  0.000  0.000  0.000
                   -0.000 -0.000 -0.000  0.000  0.000  0.000  0.000  0.000
                    0.000  0.000
  73 C    6  0.000 -0.000 -0.000 -0.000  0.000 -0.000 -0.000 -0.000 -0.000
                   -0.000 -0.000 -0.000 -0.000 -0.000  0.000 -0.000 -0.000
                    0.000 -0.000
  74 C    6  0.000 -0.000 -0.000 -0.000  0.000 -0.000 -0.000 -0.000 -0.000
                   -0.000 -0.000 -0.000 -0.000 -0.000  0.000 -0.000 -0.000
                    0.000 -0.000
  75 C    6  0.000 -0.000 -0.000 -0.000  0.000 -0.000 -0.000 -0.000 -0.000
                   -0.000 -0.000 -0.000 -0.000 -0.000  0.000 -0.000 -0.000
                    0.000 -0.000
  76 C    6  0.000 -0.000 -0.000 -0.000  0.000 -0.000 -0.000 -0.000 -0.000
                   -0.000 -0.000 -0.000 -0.000 -0.000  0.000 -0.000 -0.000
                    0.000 -0.000
  77 C    6  0.000 -0.000 -0.000 -0.000  0.000 -0.000 -0.000 -0.000 -0.000
                   -0.000 -0.000 -0.000 -0.000 -0.000  0.000 -0.000 -0.000
                    0.000 -0.000
  78 C    6  0.000 -0.000 -0.000 -0.000  0.000 -0.000 -0.000 -0.000 -0.000
                   -0.000 -0.000 -0.000 -0.000 -0.000  0.000 -0.000 -0.000
                    0.000 -0.000
  79 C    6  0.000 -0.000 -0.000 -0.000  0.000 -0.000 -0.000 -0.000 -0.000
                   -0.000 -0.000 -0.000 -0.000 -0.000  0.000 -0.000 -0.000
                    0.000 -0.000
  80 C    6  0.000 -0.000 -0.000 -0.000  0.000 -0.000 -0.000 -0.000 -0.000
                   -0.000 -0.000 -0.000 -0.000 -0.000  0.000 -0.000 -0.000
                    0.000 -0.000

  ATOM    Z CHARGE  SHELL POPULATION

   1 C    6 -0.000 -0.000 -0.000  0.000 -0.000  0.000 -0.000  0.000 -0.000
   2 C    6 -0.000 -0.000 -0.000  0.000 -0.000  0.000 -0.000  0.000 -0.000
   3 C    6 -0.000 -0.000 -0.000  0.000 -0.000  0.000 -0.000  0.000 -0.000
   4 C    6 -0.000 -0.000 -0.000  0.000 -0.000  0.000 -0.000  0.000 -0.000
   5 C    6 -0.000 -0.000 -0.000  0.000 -0.000  0.000 -0.000  0.000 -0.000
   6 C    6 -0.000 -0.000 -0.000  0.000 -0.000  0.000 -0.000  0.000 -0.000
   7 C    6 -0.000 -0.000 -0.000  0.000 -0.000  0.000 -0.000  0.000 -0.000
   8 C    6 -0.000 -0.000 -0.000  0.000 -0.000  0.000 -0.000  0.000 -0.000
   9 C    6 -0.000 -0.000 -0.000  0.000 -0.000  0.000 -0.000  0.000 -0.000
  10 C    6 -0.000 -0.000 -0.000  0.000 -0.000  0.000 -0.000  0.000 -0.000
  11 C    6 -0.000 -0.000 -0.000  0.000 -0.000  0.000 -0.000  0.000 -0.000
  12 C    6 -0.000 -0.000 -0.000  0.000 -0.000  0.000 -0.000  0.000 -0.000
  13 C    6 -0.000 -0.000 -0.000  0.000 -0.000  0.000 -0.000  0.000 -0.000
  14 C    6 -0.000 -0.000 -0.000  0.000 -0.000  0.000 -0.000  0.000 -0.000
  15 C    6 -0.000 -0.000 -0.000  0.000 -0.000  0.000 -0.000  0.000 -0.000
  16 C    6 -0.000 -0.000 -0.000  0.000 -0.000  0.000 -0.000  0.000 -0.000
  17 C    6 -0.000 -0.000 -0.000  0.000 -0.000  0.000 -0.000  0.000 -0.000
  18 C    6 -0.000 -0.000 -0.000  0.000 -0.000  0.000 -0.000  0.000 -0.000
  19 C    6 -0.000 -0.000 -0.000  0.000 -0.000  0.000 -0.000  0.000 -0.000
  20 C    6 -0.000 -0.000 -0.000  0.000 -0.000  0.000 -0.000  0.000 -0.000
  21 C    6 -0.000 -0.000 -0.000  0.000 -0.000  0.000 -0.000  0.000 -0.000
  22 C    6 -0.000 -0.000 -0.000  0.000 -0.000  0.000 -0.000  0.000 -0.000
  23 C    6 -0.000 -0.000 -0.000  0.000 -0.000  0.000 -0.000  0.000 -0.000
  24 C    6 -0.000 -0.000 -0.000  0.000 -0.000  0.000 -0.000  0.000 -0.000
  25 C    6 -0.000 -0.000 -0.000  0.000 -0.000  0.000 -0.000  0.000 -0.000
  26 C    6 -0.000 -0.000 -0.000  0.000 -0.000  0.000 -0.000  0.000 -0.000
  27 C    6 -0.000 -0.000 -0.000  0.000 -0.000  0.000 -0.000  0.000 -0.000
  28 C    6 -0.000 -0.000 -0.000  0.000 -0.000  0.000 -0.000  0.000 -0.000
  29 C    6 -0.000 -0.000 -0.000  0.000 -0.000  0.000 -0.000  0.000 -0.000
  30 C    6 -0.000 -0.000 -0.000  0.000 -0.000  0.000 -0.000  0.000 -0.000
  31 C    6 -0.000 -0.000 -0.000  0.000 -0.000  0.000 -0.000  0.000 -0.000
  32 C    6 -0.000 -0.000 -0.000  0.000 -0.000  0.000 -0.000  0.000 -0.000
  33 C    6 -0.000 -0.000 -0.000  0.000 -0.000  0.000 -0.000  0.000 -0.000
  34 C    6 -0.000 -0.000 -0.000  0.000 -0.000  0.000 -0.000  0.000 -0.000
  35 C    6 -0.000 -0.000 -0.000  0.000 -0.000  0.000 -0.000  0.000 -0.000
  36 C    6 -0.000 -0.000 -0.000  0.000 -0.000  0.000 -0.000  0.000 -0.000
  37 C    6 -0.000 -0.000 -0.000  0.000 -0.000  0.000 -0.000  0.000 -0.000
  38 C    6 -0.000 -0.000 -0.000  0.000 -0.000  0.000 -0.000  0.000 -0.000
  39 C    6 -0.000 -0.000 -0.000  0.000 -0.000  0.000 -0.000  0.000 -0.000
  40 C    6 -0.000 -0.000 -0.000  0.000 -0.000  0.000 -0.000  0.000 -0.000
  41 C    6 -0.000 -0.000 -0.000  0.000 -0.000  0.000 -0.000  0.000 -0.000
  42 C    6 -0.000 -0.000 -0.000  0.000 -0.000  0.000 -0.000  0.000 -0.000
  43 C    6 -0.000 -0.000 -0.000  0.000 -0.000  0.000 -0.000  0.000 -0.000
  44 C    6 -0.000 -0.000 -0.000  0.000 -0.000  0.000 -0.000  0.000 -0.000
  45 C    6 -0.000 -0.000 -0.000  0.000 -0.000  0.000 -0.000  0.000 -0.000
  46 C    6 -0.000 -0.000 -0.000  0.000 -0.000  0.000 -0.000  0.000 -0.000
  47 C    6 -0.000 -0.000 -0.000  0.000 -0.000  0.000 -0.000  0.000 -0.000
  48 C    6 -0.000 -0.000 -0.000  0.000 -0.000  0.000 -0.000  0.000 -0.000
  49 C    6  0.000  0.000  0.000 -0.000  0.000  0.000 -0.000 -0.000  0.000
  50 C    6  0.000  0.000  0.000 -0.000  0.000  0.000 -0.000 -0.000  0.000
  51 C    6  0.000  0.000  0.000 -0.000  0.000  0.000 -0.000 -0.000  0.000
  52 C    6  0.000  0.000  0.000 -0.000  0.000  0.000 -0.000 -0.000  0.000
  53 C    6  0.000  0.000  0.000 -0.000  0.000  0.000 -0.000 -0.000  0.000
  54 C    6  0.000  0.000  0.000 -0.000  0.000  0.000 -0.000 -0.000  0.000
  55 C    6  0.000  0.000  0.000 -0.000  0.000  0.000 -0.000 -0.000  0.000
  56 C    6  0.000  0.000  0.000 -0.000  0.000  0.000 -0.000 -0.000  0.000
  57 C    6  0.000  0.000  0.000 -0.000  0.000  0.000 -0.000 -0.000  0.000
  58 C    6  0.000  0.000  0.000 -0.000  0.000  0.000 -0.000 -0.000  0.000
  59 C    6  0.000  0.000  0.000 -0.000  0.000  0.000 -0.000 -0.000  0.000
  60 C    6  0.000  0.000  0.000 -0.000  0.000  0.000 -0.000 -0.000  0.000
  61 C    6  0.000  0.000  0.000 -0.000  0.000  0.000 -0.000 -0.000  0.000
  62 C    6  0.000  0.000  0.000 -0.000  0.000  0.000 -0.000 -0.000  0.000
  63 C    6  0.000  0.000  0.000 -0.000  0.000  0.000 -0.000 -0.000  0.000
  64 C    6  0.000  0.000  0.000 -0.000  0.000  0.000 -0.000 -0.000  0.000
  65 C    6  0.000  0.000  0.000 -0.000  0.000  0.000 -0.000 -0.000  0.000
  66 C    6  0.000  0.000  0.000 -0.000  0.000  0.000 -0.000 -0.000  0.000
  67 C    6  0.000  0.000  0.000 -0.000  0.000  0.000 -0.000 -0.000  0.000
  68 C    6  0.000  0.000  0.000 -0.000  0.000  0.000 -0.000 -0.000  0.000
  69 C    6  0.000  0.000  0.000 -0.000  0.000  0.000 -0.000 -0.000  0.000
  70 C    6  0.000  0.000  0.000 -0.000  0.000  0.000 -0.000 -0.000  0.000
  71 C    6  0.000  0.000  0.000 -0.000  0.000  0.000 -0.000 -0.000  0.000
  72 C    6  0.000  0.000  0.000 -0.000  0.000  0.000 -0.000 -0.000  0.000
  73 C    6  0.000 -0.000 -0.000 -0.000  0.000 -0.000 -0.000 -0.000 -0.000
  74 C    6  0.000 -0.000 -0.000 -0.000  0.000 -0.000 -0.000 -0.000 -0.000
  75 C    6  0.000 -0.000 -0.000 -0.000  0.000 -0.000 -0.000 -0.000 -0.000
  76 C    6  0.000 -0.000 -0.000 -0.000  0.000 -0.000 -0.000 -0.000 -0.000
  77 C    6  0.000 -0.000 -0.000 -0.000  0.000 -0.000 -0.000 -0.000 -0.000
  78 C    6  0.000 -0.000 -0.000 -0.000  0.000 -0.000 -0.000 -0.000 -0.000
  79 C    6  0.000 -0.000 -0.000 -0.000  0.000 -0.000 -0.000 -0.000 -0.000
  80 C    6  0.000 -0.000 -0.000 -0.000  0.000 -0.000 -0.000 -0.000 -0.000

 OVERLAP POPULATION CONDENSED TO ATOMS FOR FIRST   6 NEIGHBORS

 ATOM A   1 C    ATOM B     CELL      R(AB)/AU R(AB)/ANG    OVPOP(AB)
                 37 C    (  0  0  0)     2.649     1.402     0.000
                 49 C    (  0  0  0)     2.658     1.406     0.000
                 41 C    (  0  0  0)     2.836     1.501     0.000
                 56 C    (  0  0  0)     4.435     2.347     0.000
                 80 C    (  0  0  0)     4.512     2.388    -0.000
                 50 C    (  0  0  0)     4.541     2.403    -0.000

 ATOM A  49 C    ATOM B     CELL      R(AB)/AU R(AB)/ANG    OVPOP(AB)
                  1 C    (  0  0  0)     2.658     1.406     0.000
                 80 C    (  0  0  0)     2.853     1.510     0.000
                  7 C    (  0  0  0)     4.435     2.347     0.000
                 55 C    (  0  0  0)     4.445     2.352    -0.000
                  2 C    (  0  0  0)     4.541     2.403    -0.000
                 75 C    ( -1  0  0)     4.854     2.569    -0.000

 ATOM A  73 C    ATOM B     CELL      R(AB)/AU R(AB)/ANG    OVPOP(AB)
                 63 C    (  0  0  0)     2.853     1.510     0.000
                 77 C    (  0  0  0)     2.875     1.521     0.000
                 15 C    (  0  0  0)     4.512     2.388    -0.000
                 51 C    (  0  0  0)     4.854     2.569    -0.000
                  3 C    (  0  0  0)     6.542     3.462     0.000
                 16 C    (  0  0  0)     6.867     3.634    -0.000
 EIGENVECTORS IN FORTRAN UNIT 10
 TTTTTTTTTTTTTTTTTTTTTTTTTTTTTT END         TELAPSE       91.26 TCPU       87.96
 EEEEEEEEEE TERMINATION  DATE 30 01 2026 TIME 22:53:38.3
NODE    0 CPU TIME =        87.959
NODE    1 CPU TIME =        88.997
NODE    2 CPU TIME =        88.765
NODE    3 CPU TIME =        88.907
NODE    4 CPU TIME =        88.107
NODE    5 CPU TIME =        88.604
NODE    6 CPU TIME =        88.697
NODE    7 CPU TIME =        87.963
NODE    8 CPU TIME =        88.465
NODE    9 CPU TIME =        88.834
NODE   10 CPU TIME =        88.607
NODE   11 CPU TIME =        88.660
NODE   12 CPU TIME =        88.687
NODE   13 CPU TIME =        88.615
NODE   14 CPU TIME =        88.724
NODE   15 CPU TIME =        88.245
NODE   16 CPU TIME =        88.312
NODE   17 CPU TIME =        88.740
NODE   18 CPU TIME =        88.481
NODE   19 CPU TIME =        88.441
NODE   20 CPU TIME =        88.570
NODE   21 CPU TIME =        88.585
NODE   22 CPU TIME =        88.428
NODE   23 CPU TIME =        88.532
NODE   24 CPU TIME =        88.083
NODE   25 CPU TIME =        88.356
NODE   26 CPU TIME =        88.330
NODE   27 CPU TIME =        88.405
NODE   28 CPU TIME =        88.543
NODE   29 CPU TIME =        88.492
NODE   30 CPU TIME =        88.413
NODE   31 CPU TIME =        88.453
    TOTAL CPU TIME =      2832.000
