MPI startup(): Warning: I_MPI_PMI_LIBRARY will be ignored since the hydra process manager was found
MPI startup(): Warning: I_MPI_PMI_LIBRARY will be ignored since the hydra process manager was found
MPI startup(): Warning: I_MPI_PMI_LIBRARY will be ignored since the hydra process manager was found
MPI startup(): Warning: I_MPI_PMI_LIBRARY will be ignored since the hydra process manager was found
MPI startup(): Warning: I_MPI_PMI_LIBRARY will be ignored since the hydra process manager was found
MPI startup(): Warning: I_MPI_PMI_LIBRARY will be ignored since the hydra process manager was found
MPI startup(): Warning: I_MPI_PMI_LIBRARY will be ignored since the hydra process manager was found
MPI startup(): Warning: I_MPI_PMI_LIBRARY will be ignored since the hydra process manager was found
MPI startup(): Warning: I_MPI_PMI_LIBRARY will be ignored since the hydra process manager was found
MPI startup(): Warning: I_MPI_PMI_LIBRARY will be ignored since the hydra process manager was found
MPI startup(): Warning: I_MPI_PMI_LIBRARY will be ignored since the hydra process manager was found
MPI startup(): Warning: I_MPI_PMI_LIBRARY will be ignored since the hydra process manager was found
MPI startup(): Warning: I_MPI_PMI_LIBRARY will be ignored since the hydra process manager was found
MPI startup(): Warning: I_MPI_PMI_LIBRARY will be ignored since the hydra process manager was found
MPI startup(): Warning: I_MPI_PMI_LIBRARY will be ignored since the hydra process manager was found
MPI startup(): Warning: I_MPI_PMI_LIBRARY will be ignored since the hydra process manager was found
MPI startup(): Warning: I_MPI_PMI_LIBRARY will be ignored since the hydra process manager was found
MPI startup(): Warning: I_MPI_PMI_LIBRARY will be ignored since the hydra process manager was found
MPI startup(): Warning: I_MPI_PMI_LIBRARY will be ignored since the hydra process manager was found
MPI startup(): Warning: I_MPI_PMI_LIBRARY will be ignored since the hydra process manager was found
MPI startup(): Warning: I_MPI_PMI_LIBRARY will be ignored since the hydra process manager was found
MPI startup(): Warning: I_MPI_PMI_LIBRARY will be ignored since the hydra process manager was found
MPI startup(): Warning: I_MPI_PMI_LIBRARY will be ignored since the hydra process manager was found
MPI startup(): Warning: I_MPI_PMI_LIBRARY will be ignored since the hydra process manager was found
MPI startup(): Warning: I_MPI_PMI_LIBRARY will be ignored since the hydra process manager was found
MPI startup(): Warning: I_MPI_PMI_LIBRARY will be ignored since the hydra process manager was found
MPI startup(): Warning: I_MPI_PMI_LIBRARY will be ignored since the hydra process manager was found
MPI startup(): Warning: I_MPI_PMI_LIBRARY will be ignored since the hydra process manager was found
MPI startup(): Warning: I_MPI_PMI_LIBRARY will be ignored since the hydra process manager was found
MPI startup(): Warning: I_MPI_PMI_LIBRARY will be ignored since the hydra process manager was found
MPI startup(): Warning: I_MPI_PMI_LIBRARY will be ignored since the hydra process manager was found
MPI startup(): Warning: I_MPI_PMI_LIBRARY will be ignored since the hydra process manager was found
 PROCESS            1  OF           32  WORKING
 PROCESS            7  OF           32  WORKING
 PROCESS            8  OF           32  WORKING
 PROCESS           20  OF           32  WORKING
 PROCESS           23  OF           32  WORKING
 PROCESS            2  OF           32  WORKING
 PROCESS            4  OF           32  WORKING
 PROCESS            5  OF           32  WORKING
 PROCESS           16  OF           32  WORKING
 PROCESS           10  OF           32  WORKING
 PROCESS           13  OF           32  WORKING
 PROCESS           17  OF           32  WORKING
 PROCESS           29  OF           32  WORKING
 PROCESS            0  OF           32  WORKING
 PROCESS           21  OF           32  WORKING
 PROCESS           25  OF           32  WORKING
 PROCESS           26  OF           32  WORKING
 PROCESS           11  OF           32  WORKING
 PROCESS           18  OF           32  WORKING
 PROCESS           15  OF           32  WORKING
 PROCESS           14  OF           32  WORKING

         
 *******************************************************************************
 *                                                                             *
 *                               CRYSTAL23                                     *
 *                      public : 1.0.1 - October 2022                          *
 *                       HTTP://WWW.CRYSTAL.UNITO.IT                           *
 *                                                                             *
 *                              MAIN AUTHORS                                   *
 *                                                                             *
 *  R. DOVESI(1,11), V.R. SAUNDERS(2), C. ROETTI(1,11), R. ORLANDO(1,11),      *
 *  C.M. ZICOVICH-WILSON(1,3), F. PASCALE(4), B. CIVALLERI(1,11),              *
 *  K. DOLL(5), N.M. HARRISON(6), I.J. BUSH(7), Ph. D'ARCO(8),                 *
 *  M. LLUNELL(9), M. CAUSA'(10), Y. NOEL(8), L. MASCHIO(1,11), A. ERBA(1,11)  *
 *  M. RE'RAT(14), S. CASASSA(1,11), B.G. SEARLE(2), J.K. DESMARAIS(1)         *
 *                                                                             *
 *        CONTRIBUTIONS TO THE CODE HAVE ALSO BEEN GIVEN BY                    *
 *                                                                             *
 *  M. FERRABONE(1,11), M. DE LA PIERRE(1,11), M. FERRERO(1,11),               *
 *  J. BAIMA(1,11), E. ALBANESE(1,11), M.F. PEINTINGER(12), R. BAST(13),       *
 *  B. KIRTMAN(15), V. LACIVITA(1,11), R. DEMICHELIS(1,16)                     *
 *  G. BRANDEBURG(17), S. SALUSTRO(1,11), G. SANSONE(1,11)                     *
 *  M.T. RUGGIERO(18), L.E. DAGA(1), L. DONA'(1), A. COSSARD(1)                *
 *                                                                             *
 * (1) THEORETICAL CHEMISTRY GROUP - UNIVERSITA' DI TORINO - TORINO (ITALY)    *
 * (2) SCIENTIFIC COMPUTING DEPARTMENT - STFC DARESBURY (UK)                   *
 * (3) UNIVERSIDAD AUTONOMA DEL ESTADO DE MORELOS - CUERNAVACA (MEXICO)        *
 * (4) UNIVERSITE' DE LORRAINE - NANCY (FRANCE)                                *
 * (5) UNIVERSITAET STUTTGART- STUTTGART (GERMANY)                             *
 * (6) IMPERIAL COLLEGE - LONDON (UK)                                          *
 * (7) SCIENTIFIC COMPUTING DEPARTMENT - STFC RAL (UK)                         *
 * (8) UPMC - SORBONNE UNIVERSITES - PARIS (FRANCE)                            *
 * (9) UNIVERSIDAD DE BARCELONA - BARCELONA (SPAIN)                            *
 *(10) UNIVERSITA' DI NAPOLI "FEDERICO II" - NAPOLI (ITALY)                    *
 *(11) NIS - NANOSTRUCTURED INTERFACES AND SURFACES - TORINO (ITALY)           *
 *(12) MPI FUER CHEMISCHE ENERGIEKONVERSION - MUELHEIM AN DER RUHR (GERMANY)   *
 *(13) UNIVERSITY OF TROMSO - TROMSO (NORWAY)                                  *
 *(14) UNIVERSITE' DE PAU ET DES PAYS DE L'ADOUR - PAU (FRANCE)                *
 *(15) UNIVERSITY OF CALIFORNIA SANTA BARBARA - SANTA BARBARA (USA)            *
 *(16) CURTIN UNIVERSITY - PERTH (AUSTRALIA)                                   *
 *(17) UNIVERSITY COLLEGE LONDON - LONDON (UK)                                 *
 *(18) UNIVERSITY OF VERMONT - BURLINGTON (USA)                                *
 *                                                                             *
 *******************************************************************************
 EEEEEEEEEE STARTING  DATE 28 01 2026 TIME 20:37:24.1
 ./3^2,4T202_rev1_sp_B3LYP-D3-D3_optimized                                       
 PROCESS           27  OF           32  WORKING
 PROCESS           12  OF           32  WORKING
 PROCESS           31  OF           32  WORKING
 PROCESS            3  OF           32  WORKING
 PROCESS           28  OF           32  WORKING
 PROCESS           30  OF           32  WORKING
 PROCESS           24  OF           32  WORKING
 PROCESS           22  OF           32  WORKING
 PROCESS            6  OF           32  WORKING
 PROCESS           19  OF           32  WORKING
 PROCESS            9  OF           32  WORKING

 CRYSTAL CALCULATION
 (INPUT ACCORDING TO THE INTERNATIONAL TABLES FOR X-RAY CRYSTALLOGRAPHY)
 CRYSTAL FAMILY                       :  CUBIC       
 CRYSTAL CLASS  (GROTH - 1921)        :  CUBIC HEXAKISOCTAHEDRAL              

 SPACE GROUP (CENTROSYMMETRIC)        :  F D 3 M         

 LATTICE PARAMETERS  (ANGSTROMS AND DEGREES) - CONVENTIONAL CELL
        A           B           C        ALPHA        BETA       GAMMA
    15.77898    15.77898    15.77898    90.00000    90.00000    90.00000


 NUMBER OF IRREDUCIBLE ATOMS IN THE CONVENTIONAL CELL:    3

 INPUT COORDINATES

 ATOM AT. N.              COORDINATES
   1   6     2.223344075104E-01  2.766559248956E-02  2.223344075104E-01
   2   6     1.590096815989E-01  1.590096815989E-01  2.667479673378E-01
   3   6     2.335302069089E-01  1.239197148458E-01  2.335302069089E-01

 *******************************************************************************

 << INFORMATION >>: FROM NOW ON, ALL COORDINATES REFER TO THE PRIMITIVE CELL

 *******************************************************************************

 LATTICE PARAMETERS  (ANGSTROMS AND DEGREES) - PRIMITIVE CELL
       A          B          C        ALPHA      BETA     GAMMA        VOLUME
   11.15743   11.15743   11.15743    60.00000  60.00000  60.00000    982.148481

 COORDINATES OF THE EQUIVALENT ATOMS (FRACTIONAL UNITS)

 N. ATOM EQUIV AT. N.          X                  Y                  Z

   1   1   1    6 C     2.76655924896E-02  4.17003222531E-01  2.76655924896E-02
   2   1   2    6 C     4.17003222531E-01  2.76655924896E-02  2.76655924896E-02
   3   1   3    6 C     2.76655924896E-02  2.76655924896E-02  4.17003222531E-01
   4   1   4    6 C     2.76655924896E-02  2.76655924896E-02  2.76655924896E-02
   5   1   5    6 C    -4.17003222531E-01 -2.76655924896E-02 -2.76655924896E-02
   6   1   6    6 C    -2.76655924896E-02 -4.17003222531E-01 -2.76655924896E-02
   7   1   7    6 C    -2.76655924896E-02 -2.76655924896E-02 -4.17003222531E-01
   8   1   8    6 C    -2.76655924896E-02 -2.76655924896E-02 -2.76655924896E-02

   9   2   1    6 C     2.66747967338E-01  2.66747967338E-01  5.12713958600E-02
  10   2   2    6 C     2.66747967338E-01  2.66747967338E-01 -8.47673305356E-02
  11   2   3    6 C    -8.47673305356E-02  5.12713958600E-02  2.66747967338E-01
  12   2   4    6 C     5.12713958600E-02 -8.47673305356E-02  2.66747967338E-01
  13   2   5    6 C     5.12713958600E-02  2.66747967338E-01  2.66747967338E-01
  14   2   6    6 C     2.66747967338E-01  5.12713958600E-02  2.66747967338E-01
  15   2   7    6 C     2.66747967338E-01  5.12713958600E-02 -8.47673305356E-02
  16   2   8    6 C     2.66747967338E-01 -8.47673305356E-02  2.66747967338E-01
  17   2   9    6 C    -8.47673305356E-02  2.66747967338E-01  2.66747967338E-01
  18   2  10    6 C     5.12713958600E-02  2.66747967338E-01 -8.47673305356E-02
  19   2  11    6 C     2.66747967338E-01 -8.47673305356E-02  5.12713958600E-02
  20   2  12    6 C    -8.47673305356E-02  2.66747967338E-01  5.12713958600E-02
  21   2  13    6 C    -2.66747967338E-01 -2.66747967338E-01 -5.12713958600E-02
  22   2  14    6 C    -2.66747967338E-01 -2.66747967338E-01  8.47673305356E-02
  23   2  15    6 C    -5.12713958600E-02  8.47673305356E-02 -2.66747967338E-01
  24   2  16    6 C     8.47673305356E-02 -5.12713958600E-02 -2.66747967338E-01
  25   2  17    6 C    -2.66747967338E-01 -5.12713958600E-02 -2.66747967338E-01
  26   2  18    6 C    -5.12713958600E-02 -2.66747967338E-01 -2.66747967338E-01
  27   2  19    6 C    -5.12713958600E-02 -2.66747967338E-01  8.47673305356E-02
  28   2  20    6 C     8.47673305356E-02 -2.66747967338E-01 -2.66747967338E-01
  29   2  21    6 C    -2.66747967338E-01  8.47673305356E-02 -2.66747967338E-01
  30   2  22    6 C    -2.66747967338E-01 -5.12713958600E-02  8.47673305356E-02
  31   2  23    6 C     8.47673305356E-02 -2.66747967338E-01 -5.12713958600E-02
  32   2  24    6 C    -2.66747967338E-01  8.47673305356E-02 -5.12713958600E-02

  33   3   1    6 C     1.23919714846E-01  3.43140698972E-01  1.23919714846E-01
  34   3   2    6 C     3.43140698972E-01  1.23919714846E-01 -9.09801286636E-02
  35   3   3    6 C    -9.09801286636E-02  1.23919714846E-01  3.43140698972E-01
  36   3   4    6 C     1.23919714846E-01 -9.09801286636E-02  1.23919714846E-01
  37   3   5    6 C     1.23919714846E-01  1.23919714846E-01  3.43140698972E-01
  38   3   6    6 C     3.43140698972E-01  1.23919714846E-01  1.23919714846E-01
  39   3   7    6 C     1.23919714846E-01  1.23919714846E-01 -9.09801286636E-02
  40   3   8    6 C     1.23919714846E-01 -9.09801286636E-02  3.43140698972E-01
  41   3   9    6 C    -9.09801286636E-02  3.43140698972E-01  1.23919714846E-01
  42   3  10    6 C     1.23919714846E-01  3.43140698972E-01 -9.09801286636E-02
  43   3  11    6 C     3.43140698972E-01 -9.09801286636E-02  1.23919714846E-01
  44   3  12    6 C    -9.09801286636E-02  1.23919714846E-01  1.23919714846E-01
  45   3  13    6 C    -3.43140698972E-01 -1.23919714846E-01 -1.23919714846E-01
  46   3  14    6 C    -1.23919714846E-01 -3.43140698972E-01  9.09801286636E-02
  47   3  15    6 C    -1.23919714846E-01  9.09801286636E-02 -3.43140698972E-01
  48   3  16    6 C     9.09801286636E-02 -1.23919714846E-01 -1.23919714846E-01
  49   3  17    6 C    -1.23919714846E-01 -1.23919714846E-01 -3.43140698972E-01
  50   3  18    6 C    -1.23919714846E-01 -3.43140698972E-01 -1.23919714846E-01
  51   3  19    6 C    -1.23919714846E-01 -1.23919714846E-01  9.09801286636E-02
  52   3  20    6 C     9.09801286636E-02 -1.23919714846E-01 -3.43140698972E-01
  53   3  21    6 C    -3.43140698972E-01  9.09801286636E-02 -1.23919714846E-01
  54   3  22    6 C    -3.43140698972E-01 -1.23919714846E-01  9.09801286636E-02
  55   3  23    6 C     9.09801286636E-02 -3.43140698972E-01 -1.23919714846E-01
  56   3  24    6 C    -1.23919714846E-01  9.09801286636E-02 -1.23919714846E-01

 NUMBER OF SYMMETRY OPERATORS         :   48
 *******************************************************************************
 * GEOMETRY EDITING - INPUT COORDINATES ARE GIVEN IN ANGSTROM         
 *******************************************************************************

 GEOMETRY NOW FULLY CONSISTENT WITH THE GROUP

 GCALCO - MAX INDICES DIRECT LATTICE VECTOR    14    14    14
 NO.OF VECTORS CREATED 6999 STARS  105 RMAX   223.13717 BOHR

 GEOMETRY FOR WAVE FUNCTION - DIMENSIONALITY OF THE SYSTEM    3
 (NON PERIODIC DIRECTION: LATTICE PARAMETER FORMALLY SET TO 500)
 *******************************************************************************
 LATTICE PARAMETERS (ANGSTROMS AND DEGREES) - BOHR = 0.5291772083 ANGSTROM
 PRIMITIVE CELL - CENTRING CODE 5/0 VOLUME=   982.148481 - DENSITY  1.136 g/cm^3
         A              B              C           ALPHA      BETA       GAMMA 
    11.15742687    11.15742687    11.15742687    60.000000  60.000000  60.000000
 *******************************************************************************
 ATOMS IN THE ASYMMETRIC UNIT    3 - ATOMS IN THE UNIT CELL:   56
     ATOM                 X/A                 Y/B                 Z/C    
 *******************************************************************************
      1 T   6 C     2.766559248959E-02  4.170032225312E-01  2.766559248959E-02
      2 F   6 C     4.170032225312E-01  2.766559248959E-02  2.766559248959E-02
      3 F   6 C     2.766559248959E-02  2.766559248959E-02  4.170032225312E-01
      4 F   6 C     2.766559248959E-02  2.766559248959E-02  2.766559248959E-02
      5 F   6 C    -4.170032225312E-01 -2.766559248959E-02 -2.766559248959E-02
      6 F   6 C    -2.766559248959E-02 -4.170032225312E-01 -2.766559248959E-02
      7 F   6 C    -2.766559248959E-02 -2.766559248959E-02 -4.170032225312E-01
      8 F   6 C    -2.766559248959E-02 -2.766559248959E-02 -2.766559248959E-02
      9 T   6 C     2.667479673378E-01  2.667479673378E-01  5.127139586000E-02
     10 F   6 C     2.667479673378E-01  2.667479673378E-01 -8.476733053560E-02
     11 F   6 C    -8.476733053560E-02  5.127139586000E-02  2.667479673378E-01
     12 F   6 C     5.127139586000E-02 -8.476733053560E-02  2.667479673378E-01
     13 F   6 C     5.127139586000E-02  2.667479673378E-01  2.667479673378E-01
     14 F   6 C     2.667479673378E-01  5.127139586000E-02  2.667479673378E-01
     15 F   6 C     2.667479673378E-01  5.127139586000E-02 -8.476733053560E-02
     16 F   6 C     2.667479673378E-01 -8.476733053560E-02  2.667479673378E-01
     17 F   6 C    -8.476733053560E-02  2.667479673378E-01  2.667479673378E-01
     18 F   6 C     5.127139586000E-02  2.667479673378E-01 -8.476733053560E-02
     19 F   6 C     2.667479673378E-01 -8.476733053560E-02  5.127139586000E-02
     20 F   6 C    -8.476733053560E-02  2.667479673378E-01  5.127139586000E-02
     21 F   6 C    -2.667479673378E-01 -2.667479673378E-01 -5.127139586000E-02
     22 F   6 C    -2.667479673378E-01 -2.667479673378E-01  8.476733053560E-02
     23 F   6 C    -5.127139586000E-02  8.476733053560E-02 -2.667479673378E-01
     24 F   6 C     8.476733053560E-02 -5.127139586000E-02 -2.667479673378E-01
     25 F   6 C    -2.667479673378E-01 -5.127139586000E-02 -2.667479673378E-01
     26 F   6 C    -5.127139586000E-02 -2.667479673378E-01 -2.667479673378E-01
     27 F   6 C    -5.127139586000E-02 -2.667479673378E-01  8.476733053560E-02
     28 F   6 C     8.476733053560E-02 -2.667479673378E-01 -2.667479673378E-01
     29 F   6 C    -2.667479673378E-01  8.476733053560E-02 -2.667479673378E-01
     30 F   6 C    -2.667479673378E-01 -5.127139586000E-02  8.476733053560E-02
     31 F   6 C     8.476733053560E-02 -2.667479673378E-01 -5.127139586000E-02
     32 F   6 C    -2.667479673378E-01  8.476733053560E-02 -5.127139586000E-02
     33 T   6 C     1.239197148458E-01  3.431406989720E-01  1.239197148458E-01
     34 F   6 C     3.431406989720E-01  1.239197148458E-01 -9.098012866360E-02
     35 F   6 C    -9.098012866360E-02  1.239197148458E-01  3.431406989720E-01
     36 F   6 C     1.239197148458E-01 -9.098012866360E-02  1.239197148458E-01
     37 F   6 C     1.239197148458E-01  1.239197148458E-01  3.431406989720E-01
     38 F   6 C     3.431406989720E-01  1.239197148458E-01  1.239197148458E-01
     39 F   6 C     1.239197148458E-01  1.239197148458E-01 -9.098012866360E-02
     40 F   6 C     1.239197148458E-01 -9.098012866360E-02  3.431406989720E-01
     41 F   6 C    -9.098012866360E-02  3.431406989720E-01  1.239197148458E-01
     42 F   6 C     1.239197148458E-01  3.431406989720E-01 -9.098012866360E-02
     43 F   6 C     3.431406989720E-01 -9.098012866360E-02  1.239197148458E-01
     44 F   6 C    -9.098012866360E-02  1.239197148458E-01  1.239197148458E-01
     45 F   6 C    -3.431406989720E-01 -1.239197148458E-01 -1.239197148458E-01
     46 F   6 C    -1.239197148458E-01 -3.431406989720E-01  9.098012866360E-02
     47 F   6 C    -1.239197148458E-01  9.098012866360E-02 -3.431406989720E-01
     48 F   6 C     9.098012866360E-02 -1.239197148458E-01 -1.239197148458E-01
     49 F   6 C    -1.239197148458E-01 -1.239197148458E-01 -3.431406989720E-01
     50 F   6 C    -1.239197148458E-01 -3.431406989720E-01 -1.239197148458E-01
     51 F   6 C    -1.239197148458E-01 -1.239197148458E-01  9.098012866360E-02
     52 F   6 C     9.098012866360E-02 -1.239197148458E-01 -3.431406989720E-01
     53 F   6 C    -3.431406989720E-01  9.098012866360E-02 -1.239197148458E-01
     54 F   6 C    -3.431406989720E-01 -1.239197148458E-01  9.098012866360E-02
     55 F   6 C     9.098012866360E-02 -3.431406989720E-01 -1.239197148458E-01
     56 F   6 C    -1.239197148458E-01  9.098012866360E-02 -1.239197148458E-01

 TRANSFORMATION MATRIX PRIMITIVE-CRYSTALLOGRAPHIC CELL
 -1.0000  1.0000  1.0000  1.0000 -1.0000  1.0000  1.0000  1.0000 -1.0000

 *******************************************************************************
 CRYSTALLOGRAPHIC CELL (VOLUME=       3928.59392203)
         A              B              C           ALPHA      BETA       GAMMA 
    15.77898440    15.77898440    15.77898440    90.000000  90.000000  90.000000

 COORDINATES IN THE CRYSTALLOGRAPHIC CELL
     ATOM                 X/A                 Y/B                 Z/C    
 *******************************************************************************
      1 T   6 C     2.223344075104E-01  2.766559248959E-02  2.223344075104E-01
      2 F   6 C     2.766559248959E-02  2.223344075104E-01  2.223344075104E-01
      3 F   6 C     2.223344075104E-01  2.223344075104E-01  2.766559248959E-02
      4 F   6 C     2.766559248959E-02  2.766559248959E-02  2.766559248959E-02
      5 F   6 C    -2.766559248959E-02 -2.223344075104E-01 -2.223344075104E-01
      6 F   6 C    -2.223344075104E-01 -2.766559248959E-02 -2.223344075104E-01
      7 F   6 C    -2.223344075104E-01 -2.223344075104E-01 -2.766559248959E-02
      8 F   6 C    -2.766559248959E-02 -2.766559248959E-02 -2.766559248959E-02
      9 T   6 C     1.590096815989E-01  1.590096815989E-01  2.667479673378E-01
     10 F   6 C     9.099031840110E-02  9.099031840110E-02  2.667479673378E-01
     11 F   6 C     1.590096815989E-01  9.099031840110E-02 -1.674796733780E-02
     12 F   6 C     9.099031840110E-02  1.590096815989E-01 -1.674796733780E-02
     13 F   6 C     2.667479673378E-01  1.590096815989E-01  1.590096815989E-01
     14 F   6 C     1.590096815989E-01  2.667479673378E-01  1.590096815989E-01
     15 F   6 C    -1.674796733780E-02  9.099031840110E-02  1.590096815989E-01
     16 F   6 C     9.099031840110E-02  2.667479673378E-01  9.099031840110E-02
     17 F   6 C     2.667479673378E-01  9.099031840110E-02  9.099031840110E-02
     18 F   6 C     9.099031840110E-02 -1.674796733780E-02  1.590096815989E-01
     19 F   6 C    -1.674796733780E-02  1.590096815989E-01  9.099031840110E-02
     20 F   6 C     1.590096815989E-01 -1.674796733780E-02  9.099031840110E-02
     21 F   6 C    -1.590096815989E-01 -1.590096815989E-01 -2.667479673378E-01
     22 F   6 C    -9.099031840110E-02 -9.099031840110E-02 -2.667479673378E-01
     23 F   6 C    -9.099031840110E-02 -1.590096815989E-01  1.674796733780E-02
     24 F   6 C    -1.590096815989E-01 -9.099031840110E-02  1.674796733780E-02
     25 F   6 C    -1.590096815989E-01 -2.667479673378E-01 -1.590096815989E-01
     26 F   6 C    -2.667479673378E-01 -1.590096815989E-01 -1.590096815989E-01
     27 F   6 C    -9.099031840110E-02  1.674796733780E-02 -1.590096815989E-01
     28 F   6 C    -2.667479673378E-01 -9.099031840110E-02 -9.099031840110E-02
     29 F   6 C    -9.099031840110E-02 -2.667479673378E-01 -9.099031840110E-02
     30 F   6 C     1.674796733780E-02 -9.099031840110E-02 -1.590096815989E-01
     31 F   6 C    -1.590096815989E-01  1.674796733780E-02 -9.099031840110E-02
     32 F   6 C     1.674796733780E-02 -1.590096815989E-01 -9.099031840110E-02
     33 T   6 C     2.335302069089E-01  1.239197148458E-01  2.335302069089E-01
     34 F   6 C     1.646979309110E-02  1.260802851542E-01  2.335302069089E-01
     35 F   6 C     2.335302069089E-01  1.260802851542E-01  1.646979309110E-02
     36 F   6 C     1.646979309110E-02  1.239197148458E-01  1.646979309110E-02
     37 F   6 C     2.335302069089E-01  2.335302069089E-01  1.239197148458E-01
     38 F   6 C     1.239197148458E-01  2.335302069089E-01  2.335302069089E-01
     39 F   6 C     1.646979309110E-02  1.646979309110E-02  1.239197148458E-01
     40 F   6 C     1.260802851542E-01  2.335302069089E-01  1.646979309110E-02
     41 F   6 C     2.335302069089E-01  1.646979309110E-02  1.260802851542E-01
     42 F   6 C     1.260802851542E-01  1.646979309110E-02  2.335302069089E-01
     43 F   6 C     1.646979309110E-02  2.335302069089E-01  1.260802851542E-01
     44 F   6 C     1.239197148458E-01  1.646979309110E-02  1.646979309110E-02
     45 F   6 C    -1.239197148458E-01 -2.335302069089E-01 -2.335302069089E-01
     46 F   6 C    -1.260802851542E-01 -1.646979309110E-02 -2.335302069089E-01
     47 F   6 C    -1.260802851542E-01 -2.335302069089E-01 -1.646979309110E-02
     48 F   6 C    -1.239197148458E-01 -1.646979309110E-02 -1.646979309110E-02
     49 F   6 C    -2.335302069089E-01 -2.335302069089E-01 -1.239197148458E-01
     50 F   6 C    -2.335302069089E-01 -1.239197148458E-01 -2.335302069089E-01
     51 F   6 C    -1.646979309110E-02 -1.646979309110E-02 -1.239197148458E-01
     52 F   6 C    -2.335302069089E-01 -1.260802851542E-01 -1.646979309110E-02
     53 F   6 C    -1.646979309110E-02 -2.335302069089E-01 -1.260802851542E-01
     54 F   6 C    -1.646979309110E-02 -1.260802851542E-01 -2.335302069089E-01
     55 F   6 C    -2.335302069089E-01 -1.646979309110E-02 -1.260802851542E-01
     56 F   6 C    -1.646979309110E-02 -1.239197148458E-01 -1.646979309110E-02

 T = ATOM BELONGING TO THE ASYMMETRIC UNIT

 ****   48 SYMMOPS - TRANSLATORS IN FRACTIONAL UNITS
 **** MATRICES AND TRANSLATORS IN THE CRYSTALLOGRAPHIC REFERENCE FRAME
   V INV                    ROTATION MATRICES                   TRANSLATORS
   1   1  1.00  0.00  0.00  0.00  1.00  0.00  0.00  0.00  1.00  0.00  0.00  0.00
   2   2  0.00  1.00 -0.00  1.00  0.00  0.00 -1.00 -1.00 -1.00  0.00 -0.00  0.50
   3   3 -1.00 -1.00 -1.00 -0.00 -0.00  1.00  0.00  1.00 -0.00  0.50  0.00 -0.00
   4   4 -0.00 -0.00  1.00 -1.00 -1.00 -1.00  1.00  0.00  0.00  0.00  0.50 -0.00
   5   6  0.00  0.00  1.00  1.00 -0.00  0.00 -0.00  1.00 -0.00  0.00  0.00  0.00
   6   5  0.00  1.00  0.00 -0.00  0.00  1.00  1.00 -0.00 -0.00  0.00  0.00  0.00
   7   8  1.00 -0.00  0.00  0.00  0.00  1.00 -1.00 -1.00 -1.00  0.00 -0.00  0.50
   8   7  1.00 -0.00 -0.00 -1.00 -1.00 -1.00  0.00  1.00  0.00  0.00  0.50 -0.00
   9  10 -1.00 -1.00 -1.00 -0.00  1.00 -0.00  1.00 -0.00  0.00  0.50  0.00 -0.00
  10   9 -0.00  0.00  1.00  0.00  1.00  0.00 -1.00 -1.00 -1.00  0.00 -0.00  0.50
  11  12 -0.00  1.00 -0.00 -1.00 -1.00 -1.00  0.00  0.00  1.00  0.00  0.50 -0.00
  12  11 -1.00 -1.00 -1.00  1.00 -0.00 -0.00 -0.00  0.00  1.00  0.50  0.00 -0.00
  13  13 -0.00 -1.00 -0.00 -1.00 -0.00  0.00  0.00  0.00 -1.00  0.00  0.00  0.00
  14  14 -1.00 -0.00  0.00 -0.00 -1.00 -0.00  1.00  1.00  1.00  0.00 -0.00  0.50
  15  16  0.00  0.00 -1.00  1.00  1.00  1.00 -0.00 -1.00 -0.00  0.00  0.50 -0.00
  16  15  1.00  1.00  1.00  0.00  0.00 -1.00 -1.00 -0.00  0.00  0.50  0.00 -0.00
  17  17 -1.00 -0.00 -0.00 -0.00  0.00 -1.00  0.00 -1.00  0.00  0.00  0.00  0.00
  18  18 -0.00 -0.00 -1.00  0.00 -1.00 -0.00 -1.00  0.00  0.00  0.00  0.00  0.00
  19  21 -0.00  0.00 -1.00 -1.00 -0.00 -0.00  1.00  1.00  1.00  0.00 -0.00  0.50
  20  22  1.00  1.00  1.00 -1.00  0.00  0.00  0.00 -1.00 -0.00  0.50  0.00 -0.00
  21  19  0.00 -1.00  0.00  1.00  1.00  1.00 -1.00 -0.00 -0.00  0.00  0.50 -0.00
  22  20  0.00 -1.00 -0.00 -0.00 -0.00 -1.00  1.00  1.00  1.00  0.00 -0.00  0.50
  23  23  1.00  1.00  1.00  0.00 -1.00  0.00 -0.00  0.00 -1.00  0.50  0.00 -0.00
  24  24 -1.00  0.00  0.00  1.00  1.00  1.00 -0.00 -0.00 -1.00  0.00  0.50 -0.00
  25  25 -1.00 -0.00 -0.00 -0.00 -1.00  0.00  0.00  0.00 -1.00  0.00  0.00  0.00
  26  26 -0.00 -1.00  0.00 -1.00 -0.00 -0.00  1.00  1.00  1.00  0.00 -0.00  0.50
  27  27  1.00  1.00  1.00  0.00  0.00 -1.00 -0.00 -1.00  0.00  0.50  0.00 -0.00
  28  28  0.00  0.00 -1.00  1.00  1.00  1.00 -1.00 -0.00 -0.00  0.00  0.50 -0.00
  29  30 -0.00 -0.00 -1.00 -1.00  0.00 -0.00  0.00 -1.00  0.00  0.00  0.00  0.00
  30  29 -0.00 -1.00 -0.00  0.00 -0.00 -1.00 -1.00  0.00  0.00  0.00  0.00  0.00
  31  32 -1.00  0.00 -0.00 -0.00 -0.00 -1.00  1.00  1.00  1.00  0.00 -0.00  0.50
  32  31 -1.00  0.00  0.00  1.00  1.00  1.00 -0.00 -1.00 -0.00  0.00  0.50 -0.00
  33  34  1.00  1.00  1.00  0.00 -1.00  0.00 -1.00  0.00 -0.00  0.50  0.00 -0.00
  34  33  0.00 -0.00 -1.00 -0.00 -1.00 -0.00  1.00  1.00  1.00  0.00 -0.00  0.50
  35  36  0.00 -1.00  0.00  1.00  1.00  1.00 -0.00 -0.00 -1.00  0.00  0.50 -0.00
  36  35  1.00  1.00  1.00 -1.00  0.00  0.00  0.00 -0.00 -1.00  0.50  0.00 -0.00
  37  37  0.00  1.00  0.00  1.00  0.00 -0.00 -0.00 -0.00  1.00  0.00  0.00  0.00
  38  38  1.00  0.00 -0.00  0.00  1.00  0.00 -1.00 -1.00 -1.00  0.00 -0.00  0.50
  39  40 -0.00 -0.00  1.00 -1.00 -1.00 -1.00  0.00  1.00  0.00  0.00  0.50 -0.00
  40  39 -1.00 -1.00 -1.00 -0.00 -0.00  1.00  1.00  0.00 -0.00  0.50  0.00 -0.00
  41  41  1.00  0.00  0.00  0.00 -0.00  1.00 -0.00  1.00 -0.00  0.00  0.00  0.00
  42  42  0.00  0.00  1.00 -0.00  1.00  0.00  1.00 -0.00 -0.00  0.00  0.00  0.00
  43  45  0.00 -0.00  1.00  1.00  0.00  0.00 -1.00 -1.00 -1.00  0.00 -0.00  0.50
  44  46 -1.00 -1.00 -1.00  1.00 -0.00 -0.00 -0.00  1.00  0.00  0.50  0.00 -0.00
  45  43 -0.00  1.00 -0.00 -1.00 -1.00 -1.00  1.00  0.00  0.00  0.00  0.50 -0.00
  46  44 -0.00  1.00  0.00  0.00  0.00  1.00 -1.00 -1.00 -1.00  0.00 -0.00  0.50
  47  47 -1.00 -1.00 -1.00 -0.00  1.00 -0.00  0.00 -0.00  1.00  0.50  0.00 -0.00
  48  48  1.00 -0.00 -0.00 -1.00 -1.00 -1.00  0.00  0.00  1.00  0.00  0.50 -0.00

 DIRECT LATTICE VECTORS CARTESIAN COMPONENTS (ANGSTROM)
          X                    Y                    Z
   0.000000000000E+00   0.788949220000E+01   0.788949220000E+01
   0.788949220000E+01   0.000000000000E+00   0.788949220000E+01
   0.788949220000E+01   0.788949220000E+01   0.000000000000E+00


 CARTESIAN COORDINATES - PRIMITIVE CELL
 *******************************************************************************
 *      ATOM          X(ANGSTROM)         Y(ANGSTROM)         Z(ANGSTROM)
 *******************************************************************************
    1     6 C     3.508211147690E+00  4.365349523099E-01  3.508211147690E+00
    2     6 C     4.365349523099E-01  3.508211147690E+00  3.508211147690E+00
    3     6 C     3.508211147690E+00  3.508211147690E+00  4.365349523099E-01
    4     6 C     4.365349523099E-01  4.365349523099E-01  4.365349523099E-01
    5     6 C    -4.365349523099E-01 -3.508211147690E+00 -3.508211147690E+00
    6     6 C    -3.508211147690E+00 -4.365349523099E-01 -3.508211147690E+00
    7     6 C    -3.508211147690E+00 -3.508211147690E+00 -4.365349523099E-01
    8     6 C    -4.365349523099E-01 -4.365349523099E-01 -4.365349523099E-01
    9     6 C     2.509011285398E+00  2.509011285398E+00  4.209012015355E+00
   10     6 C     1.435734814602E+00  1.435734814602E+00  4.209012015355E+00
   11     6 C     2.509011285398E+00  1.435734814602E+00 -2.642659153549E-01
   12     6 C     1.435734814602E+00  2.509011285398E+00 -2.642659153549E-01
   13     6 C     4.209012015355E+00  2.509011285398E+00  2.509011285398E+00
   14     6 C     2.509011285398E+00  4.209012015355E+00  2.509011285398E+00
   15     6 C    -2.642659153549E-01  1.435734814602E+00  2.509011285398E+00
   16     6 C     1.435734814602E+00  4.209012015355E+00  1.435734814602E+00
   17     6 C     4.209012015355E+00  1.435734814602E+00  1.435734814602E+00
   18     6 C     1.435734814602E+00 -2.642659153549E-01  2.509011285398E+00
   19     6 C    -2.642659153549E-01  2.509011285398E+00  1.435734814602E+00
   20     6 C     2.509011285398E+00 -2.642659153549E-01  1.435734814602E+00
   21     6 C    -2.509011285398E+00 -2.509011285398E+00 -4.209012015355E+00
   22     6 C    -1.435734814602E+00 -1.435734814602E+00 -4.209012015355E+00
   23     6 C    -1.435734814602E+00 -2.509011285398E+00  2.642659153549E-01
   24     6 C    -2.509011285398E+00 -1.435734814602E+00  2.642659153549E-01
   25     6 C    -2.509011285398E+00 -4.209012015355E+00 -2.509011285398E+00
   26     6 C    -4.209012015355E+00 -2.509011285398E+00 -2.509011285398E+00
   27     6 C    -1.435734814602E+00  2.642659153549E-01 -2.509011285398E+00
   28     6 C    -4.209012015355E+00 -1.435734814602E+00 -1.435734814602E+00
   29     6 C    -1.435734814602E+00 -4.209012015355E+00 -1.435734814602E+00
   30     6 C     2.642659153549E-01 -1.435734814602E+00 -2.509011285398E+00
   31     6 C    -2.509011285398E+00  2.642659153549E-01 -1.435734814602E+00
   32     6 C     2.642659153549E-01 -2.509011285398E+00 -1.435734814602E+00
   33     6 C     3.684869491744E+00  1.955327247404E+00  3.684869491744E+00
   34     6 C     2.598766082557E-01  1.989418852596E+00  3.684869491744E+00
   35     6 C     3.684869491744E+00  1.989418852596E+00  2.598766082557E-01
   36     6 C     2.598766082557E-01  1.955327247404E+00  2.598766082557E-01
   37     6 C     3.684869491744E+00  3.684869491744E+00  1.955327247404E+00
   38     6 C     1.955327247404E+00  3.684869491744E+00  3.684869491744E+00
   39     6 C     2.598766082557E-01  2.598766082557E-01  1.955327247404E+00
   40     6 C     1.989418852596E+00  3.684869491744E+00  2.598766082557E-01
   41     6 C     3.684869491744E+00  2.598766082557E-01  1.989418852596E+00
   42     6 C     1.989418852596E+00  2.598766082557E-01  3.684869491744E+00
   43     6 C     2.598766082557E-01  3.684869491744E+00  1.989418852596E+00
   44     6 C     1.955327247404E+00  2.598766082557E-01  2.598766082557E-01
   45     6 C    -1.955327247404E+00 -3.684869491744E+00 -3.684869491744E+00
   46     6 C    -1.989418852596E+00 -2.598766082557E-01 -3.684869491744E+00
   47     6 C    -1.989418852596E+00 -3.684869491744E+00 -2.598766082557E-01
   48     6 C    -1.955327247404E+00 -2.598766082557E-01 -2.598766082557E-01
   49     6 C    -3.684869491744E+00 -3.684869491744E+00 -1.955327247404E+00
   50     6 C    -3.684869491744E+00 -1.955327247404E+00 -3.684869491744E+00
   51     6 C    -2.598766082557E-01 -2.598766082557E-01 -1.955327247404E+00
   52     6 C    -3.684869491744E+00 -1.989418852596E+00 -2.598766082557E-01
   53     6 C    -2.598766082557E-01 -3.684869491744E+00 -1.989418852596E+00
   54     6 C    -2.598766082557E-01 -1.989418852596E+00 -3.684869491744E+00
   55     6 C    -3.684869491744E+00 -2.598766082557E-01 -1.989418852596E+00
   56     6 C    -2.598766082557E-01 -1.955327247404E+00 -2.598766082557E-01

 *******************************************************************************
 LOCAL ATOMIC FUNCTIONS BASIS SET
 *******************************************************************************
   ATOM   X(AU)   Y(AU)   Z(AU)  N. TYPE  EXPONENT  S COEF   P COEF   D/F/G COEF
 *******************************************************************************
   1 C    6.630   0.825   6.630
                                  1 S  
                                         1.358E+04 2.225E-04 0.000E+00 0.000E+00
                                         2.035E+03 1.723E-03 0.000E+00 0.000E+00
                                         4.632E+02 8.926E-03 0.000E+00 0.000E+00
                                         1.312E+02 3.573E-02 0.000E+00 0.000E+00
                                         4.285E+01 1.108E-01 0.000E+00 0.000E+00
                                         1.558E+01 2.430E-01 0.000E+00 0.000E+00
                                  2 S  
                                         6.207E+00 4.144E-01 0.000E+00 0.000E+00
                                         2.576E+00 2.374E-01 0.000E+00 0.000E+00
                                  3 S  
                                         4.941E-01 1.000E+00 0.000E+00 0.000E+00
                                  4 S  
                                         1.644E-01 1.000E+00 0.000E+00 0.000E+00
                           5-     7 P  
                                         3.470E+01 0.000E+00 5.333E-03 0.000E+00
                                         7.958E+00 0.000E+00 3.586E-02 0.000E+00
                                         2.378E+00 0.000E+00 1.422E-01 0.000E+00
                                         8.143E-01 0.000E+00 3.427E-01 0.000E+00
                           8-    10 P  
                                         5.662E-01 0.000E+00 1.000E+00 0.000E+00
                          11-    13 P  
                                         2.674E-01 0.000E+00 1.000E+00 0.000E+00
                          14-    18 D  
                                         8.792E-01 0.000E+00 0.000E+00 1.000E+00
   2 C    0.825   6.630   6.630
   3 C    6.630   6.630   0.825
   4 C    0.825   0.825   0.825
   5 C   -0.825  -6.630  -6.630
   6 C   -6.630  -0.825  -6.630
   7 C   -6.630  -6.630  -0.825
   8 C   -0.825  -0.825  -0.825
   9 C    4.741   4.741   7.954
  10 C    2.713   2.713   7.954
  11 C    4.741   2.713  -0.499
  12 C    2.713   4.741  -0.499
  13 C    7.954   4.741   4.741
  14 C    4.741   7.954   4.741
  15 C   -0.499   2.713   4.741
  16 C    2.713   7.954   2.713
  17 C    7.954   2.713   2.713
  18 C    2.713  -0.499   4.741
  19 C   -0.499   4.741   2.713
  20 C    4.741  -0.499   2.713
  21 C   -4.741  -4.741  -7.954
  22 C   -2.713  -2.713  -7.954
  23 C   -2.713  -4.741   0.499
  24 C   -4.741  -2.713   0.499
  25 C   -4.741  -7.954  -4.741
  26 C   -7.954  -4.741  -4.741
  27 C   -2.713   0.499  -4.741
  28 C   -7.954  -2.713  -2.713
  29 C   -2.713  -7.954  -2.713
  30 C    0.499  -2.713  -4.741
  31 C   -4.741   0.499  -2.713
  32 C    0.499  -4.741  -2.713
  33 C    6.963   3.695   6.963
  34 C    0.491   3.759   6.963
  35 C    6.963   3.759   0.491
  36 C    0.491   3.695   0.491
  37 C    6.963   6.963   3.695
  38 C    3.695   6.963   6.963
  39 C    0.491   0.491   3.695
  40 C    3.759   6.963   0.491
  41 C    6.963   0.491   3.759
  42 C    3.759   0.491   6.963
  43 C    0.491   6.963   3.759
  44 C    3.695   0.491   0.491
  45 C   -3.695  -6.963  -6.963
  46 C   -3.759  -0.491  -6.963
  47 C   -3.759  -6.963  -0.491
  48 C   -3.695  -0.491  -0.491
  49 C   -6.963  -6.963  -3.695
  50 C   -6.963  -3.695  -6.963
  51 C   -0.491  -0.491  -3.695
  52 C   -6.963  -3.759  -0.491
  53 C   -0.491  -6.963  -3.759
  54 C   -0.491  -3.759  -6.963
  55 C   -6.963  -0.491  -3.759
  56 C   -0.491  -3.695  -0.491
 INFORMATION **** SET_MPP **** PCRYSTAL CALCULATION
 INFORMATION **** READM2 **** NEW DEFAULT: FOCK/KS MATRIX MIXING SET TO 30 %
 INFORMATION **** READM2 **** NEW DEFAULT: FULL DIRECT SCF MODE
 INFORMATION **** READM2 **** NEW DEFAULT: COULOMB BIPOLAR BUFFER SET TO 32 Mb
 INFORMATION **** READM2 **** NEW DEFAULT: EXCHANGE BIPOLAR BUFFER SET TO 32 Mb

 *******************************************************************************
 NEW DEFAULT: DFT INTEGRATION GRID INCREASED TO XLGRID
 NEW DEFAULT: DIIS ACCELERATOR ACTIVE
 USE KEYWORD NODIIS TO TURN IT OFF
 *******************************************************************************

 INFORMATION **** DFTD3_INPUT **** PERFORM LATEST DISPERSION CORRECTION DFT-D3(BJ) WITH AUTOMATIC PARAMETER SETUP
 PLEASE CITE:
 (1) DFT-D3 Reference
  S. Grimme, J. Antony, S. Ehrlich, and H. Krieg, J. Chem. Phys. 132 (2010), 154104
 (2) BJ-Damping Reference
  S. Grimme, S. Ehrlich, and L. Goerigk, J. Comput. Chem. 32 (2011), 1456-1465
 (3) General DFT-D Review
  S. Grimme, A. Hansen, J. G. Brandenburg, and C. Bannwarth,
  Chem. Rev. 116 (2016), 5105-5154

 INFORMATION **** TOLINTEG **** COULOMB AND EXCHANGE SERIES TOLERANCES MODIFIED
 INFORMATION **** TOLDEE **** SCF TOL ON TOTAL ENERGY SET TO           9
 INFORMATION **** READM2 **** FULL DIRECT SCF (MONO AND BIEL INT) SELECTED
 INFORMATION **** MAXCYCLE **** MAX NUMBER OF SCF CYCLES SET TO         800
 INFORMATION **** DIIS **** DIIS FOR SCF ACTIVE
 INFORMATION **** DIIS **** LEVEL SHIFTER DISABLED
 INFORMATION **** PPAN ****  MULLIKEN POPULATION ANALYSIS AT THE END OF SCF
 *******************************************************************************
 N. OF ATOMS PER CELL        56  COULOMB OVERLAP TOL         (T1) 10**   -8
 NUMBER OF SHELLS           448  COULOMB PENETRATION TOL     (T2) 10**   -8
 NUMBER OF AO              1008  EXCHANGE OVERLAP TOL        (T3) 10**   -8
 N. OF ELECTRONS PER CELL   336  EXCHANGE PSEUDO OVP (F(G))  (T4) 10**   -9
 CORE ELECTRONS PER CELL    112  EXCHANGE PSEUDO OVP (P(G))  (T5) 10**  -24
 N. OF SYMMETRY OPERATORS    48  POLE ORDER IN MONO ZONE                  4
 *******************************************************************************
 TYPE OF CALCULATION :  UNRESTRICTED OPEN SHELL
 KOHN-SHAM HAMILTONIAN

 (EXCHANGE)[CORRELATION] FUNCTIONAL:(BECKE 88)[LEE-YANG-PARR]

 NON-LOCAL WEIGHTING FACTOR (EXCHANGE) =           0.9000
 NON-LOCAL WEIGHTING FACTOR [CORRELATION] =        0.8100

 HYBRID EXCHANGE - PERCENTAGE OF FOCK EXCHANGE    20.0000

 SPIN POLARIZED DFT SELECTED

 CAPPA:IS1  3;IS2  3;IS3  3; K PTS MONK NET   4; SYMMOPS:K SPACE  48;G SPACE  48

 *******************************************************************************
 MAX NUMBER OF SCF CYCLES     800  CONVERGENCE ON DELTAP        10**-19
 WEIGHT OF F(I) IN F(I+1)      30% CONVERGENCE ON ENERGY        10**- 9
 SHRINK. FACT.(MONKH.)    3  3  3  NUMBER OF K POINTS IN THE IBZ      4
 SHRINKING FACTOR(GILAT NET)    6  NUMBER OF K POINTS(GILAT NET)     16
 *******************************************************************************
 *** K POINTS COORDINATES (OBLIQUE COORDINATES IN UNITS OF IS =  3)
   1-R(  0  0  0)   2-C(  1  0  0)   3-C(  1  1  0)   4-C(  2  1  0)

 DIRECT LATTICE VECTORS COMPON. (A.U.)     RECIP. LATTICE VECTORS COMPON. (A.U.) 
        X            Y            Z              X            Y            Z
    0.0000000   14.9089796   14.9089796     -0.2107182    0.2107182    0.2107182
   14.9089796    0.0000000   14.9089796      0.2107182   -0.2107182    0.2107182
   14.9089796   14.9089796    0.0000000      0.2107182    0.2107182   -0.2107182

 DISK SPACE FOR EIGENVECTORS (FTN 10)     7112448 REALS

 SYMMETRY ADAPTION OF THE BLOCH FUNCTIONS ENABLED
 TTTTTTTTTTTTTTTTTTTTTTTTTTTTTT gordsh1     TELAPSE        1.51 TCPU        0.62

 MATRIX SIZE: P(G) 2076400, F(G)  307328, P(G) IRR   26158, F(G) IRR    8363
 MAX G-VECTOR INDEX FOR 1- AND 2-ELECTRON INTEGRALS  55

 TTTTTTTTTTTTTTTTTTTTTTTTTTTTTT INPUT       TELAPSE        1.52 TCPU        0.64

 NEIGHBORS OF THE NON-EQUIVALENT ATOMS

 N = NUMBER OF NEIGHBORS AT DISTANCE R
    ATOM  N     R/ANG      R/AU   NEIGHBORS (ATOM LABELS AND CELL INDICES)
   1 C    1     1.5122     2.8576    6 C    0 1 0
   1 C    3     1.5392     2.9087   33 C    0 0 0   41 C    0 0 0   42 C    0 0 0
   1 C    6     2.4051     4.5450    9 C    0 0 0   10 C    0 0 0   13 C    0 0 0
                                    17 C    0 0 0   18 C    0 0 0   20 C    0 0 0
   1 C    3     2.5867     4.8881   46 C    0 1 0   50 C    0 1 0   55 C    0 1 0
   1 C    6     3.4945     6.6036   21 C    0 1 0   22 C    0 1 0   26 C    0 1 0
                                    27 C    0 1 0   28 C    0 1 0   31 C    0 1 0
   1 C    6     3.6048     6.8120   34 C    0 0 0   35 C    0 0 0   37 C    0 0 0
                                    38 C    0 0 0   39 C    0 0 0   44 C    0 0 0

   9 C    2     1.4014     2.6483   33 C    0 0 0   38 C    0 0 0
   9 C    1     1.5178     2.8683   10 C    0 0 0
   9 C    2     2.3671     4.4732   34 C    0 0 0   42 C    0 0 0
   9 C    2     2.4042     4.5432   13 C    0 0 0   14 C    0 0 0
   9 C    2     2.4051     4.5450    1 C    0 0 0    2 C    0 0 0
   9 C    1     2.8008     5.2927   37 C    0 0 0

  33 C    2     1.4014     2.6483    9 C    0 0 0   13 C    0 0 0
  33 C    1     1.5392     2.9087    1 C    0 0 0
  33 C    2     2.3671     4.4732   10 C    0 0 0   17 C    0 0 0
  33 C    2     2.3977     4.5311   41 C    0 0 0   42 C    0 0 0
  33 C    2     2.4459     4.6222   37 C    0 0 0   38 C    0 0 0
  33 C    1     2.5867     4.8881    6 C    0 1 0


 SYMMETRY ALLOWED INTERNAL DEGREE(S) OF FREEDOM:   5
 TTTTTTTTTTTTTTTTTTTTTTTTTTTTTT SYMM        TELAPSE        1.58 TCPU        0.69
 TTTTTTTTTTTTTTTTTTTTTTTTTTTTTT INT_SCREEN  TELAPSE        1.60 TCPU        0.72

 DFT PARAMETERS

     ATOM       ELECTRONS   NET CHARGE   R(ANGSTROM)
   1   6  C       6.0000      0.0000     0.77000000

 SIZE OF GRID=      40063
 TTTTTTTTTTTTTTTTTTTTTTTTTTTTTT MAKE_GRID2  TELAPSE        1.77 TCPU        0.88
 BECKE WEIGHT FUNCTION
 RADSAFE =     2.00
 TOLERANCES - DENSITY:10**- 6; POTENTIAL:10**- 9; GRID WGT:10**-14

 RADIAL INTEGRATION  - INTERVALS (POINTS,UPPER LIMIT):            1( 75,  4.0*R)

 ANGULAR INTEGRATION - INTERVALS (ACCURACY LEVEL [N. POINTS] UPPER LIMIT):
  1(  4[  86]   0.2)  2(  8[ 194]   0.5)  3( 12[ 350]   0.9)  4( 16[ 974]   3.5)
  5( 12[ 350]9999.0)
 TTTTTTTTTTTTTTTTTTTTTTTTTTTTTT INT_CALC    TELAPSE        1.79 TCPU        0.91
 EEEEEEEEEE INT_CALC TERMINATION  DATE 28 01 2026 TIME 20:37:24.9

 *******************************************************************************
 ./3^2,4T202_rev1_sp_B3LYP-D3-D3_optimized                                       
 CRYSTAL - SCF - TYPE OF CALCULATION :  UNRESTRICTED OPEN SHELL
 *******************************************************************************

 CAPPA:IS1  3;IS2  3;IS3  3; K PTS MONK NET   4; SYMMOPS:K SPACE  48;G SPACE  48

 TTTTTTTTTTTTTTTTTTTTTTTTTTTTTT SDIK        TELAPSE        1.87 TCPU        0.98

 AAAAAAAAAAAAAAAAAAAAAAAAAAAAAAAAAAAAAAAAAAAAAAAAAAAAAAAAAAAAAAAAAAAAAAAAAAAAAAA
         ATOMIC WAVEFUNCTION(S)


 NUCLEAR CHARGE  6.0  SYMMETRY SPECIES            S    P
 N. ELECTRONS    6.0  NUMBER OF PRIMITIVE GTOS   10    6
                      NUMBER OF CONTRACTED GTOS   4    3
                      NUMBER OF CLOSED SHELLS     2    0
                      OPEN SHELL OCCUPATION       0    2

  ZNUC  SCFIT    TOTAL HF ENERGY   KINETIC ENERGY   VIRIAL THEOREM ACCURACY
   6.0    10    -3.766702350E+01  3.783137943E+01 -1.995655566E+00  1.6E-06

 AAAAAAAAAAAAAAAAAAAAAAAAAAAAAAAAAAAAAAAAAAAAAAAAAAAAAAAAAAAAAAAAAAAAAAAAAAAAAAA

 CHARGE NORMALIZATION FACTOR   1.00000000
 TOTAL ATOMIC CHARGES:
   6.0000000   6.0000000   6.0000000   6.0000000   6.0000000   6.0000000
   6.0000000   6.0000000   6.0000000   6.0000000   6.0000000   6.0000000
   6.0000000   6.0000000   6.0000000   6.0000000   6.0000000   6.0000000
   6.0000000   6.0000000   6.0000000   6.0000000   6.0000000   6.0000000
   6.0000000   6.0000000   6.0000000   6.0000000   6.0000000   6.0000000
   6.0000000   6.0000000   6.0000000   6.0000000   6.0000000   6.0000000
   6.0000000   6.0000000   6.0000000   6.0000000   6.0000000   6.0000000
   6.0000000   6.0000000   6.0000000   6.0000000   6.0000000   6.0000000
   6.0000000   6.0000000   6.0000000   6.0000000   6.0000000   6.0000000
   6.0000000   6.0000000
 SUMMED SPIN DENSITY           0.00000000
 TOTAL ATOMIC SPINS  :
   0.0000000   0.0000000   0.0000000   0.0000000   0.0000000   0.0000000
   0.0000000   0.0000000   0.0000000   0.0000000   0.0000000   0.0000000
   0.0000000   0.0000000   0.0000000   0.0000000   0.0000000   0.0000000
   0.0000000   0.0000000   0.0000000   0.0000000   0.0000000   0.0000000
   0.0000000   0.0000000   0.0000000   0.0000000   0.0000000   0.0000000
   0.0000000   0.0000000   0.0000000   0.0000000   0.0000000   0.0000000
   0.0000000   0.0000000   0.0000000   0.0000000   0.0000000   0.0000000
   0.0000000   0.0000000   0.0000000   0.0000000   0.0000000   0.0000000
   0.0000000   0.0000000   0.0000000   0.0000000   0.0000000   0.0000000
   0.0000000   0.0000000
 TTTTTTTTTTTTTTTTTTTTTTTTTTTTTT MOQGAD      TELAPSE        1.89 TCPU        1.00
 TTTTTTTTTTTTTTTTTTTTTTTTTTTTTT SHELLXN     TELAPSE        6.02 TCPU        5.12
 TTTTTTTTTTTTTTTTTTTTTTTTTTTTTT MONMO3      TELAPSE        6.05 TCPU        5.15
 NUMERICALLY INTEGRATED DENSITY    168.0001443050    168.0001443050
 TTTTTTTTTTTTTTTTTTTTTTTTTTTTTT NUMDFT      TELAPSE        6.42 TCPU        5.52
 CYC   0 ETOT(AU) -2.149484189337E+03 DETOT -2.15E+03 tst  0.00E+00 PX  1.00E+00
 TTTTTTTTTTTTTTTTTTTTTTTTTTTTTT DIIS        TELAPSE        6.45 TCPU        5.55
 TTTTTTTTTTTTTTTTTTTTTTTTTTTTTT FDIK        TELAPSE        6.97 TCPU        6.07

    ALPHA      ELECTRONS
 INSULATING STATE
 TOP OF VALENCE BANDS -    BAND    168; K    1; EIG -2.1652203E-01 AU
 BOTTOM OF VIRTUAL BANDS - BAND    169; K    1; EIG -1.3567786E-01 AU
 DIRECT ENERGY BAND GAP:   2.1999 eV

    BETA       ELECTRONS
 INSULATING STATE
 TOP OF VALENCE BANDS -    BAND    168; K    1; EIG -2.1652203E-01 AU
 BOTTOM OF VIRTUAL BANDS - BAND    169; K    1; EIG -1.3567786E-01 AU
 DIRECT ENERGY BAND GAP:   2.1999 eV
 TTTTTTTTTTTTTTTTTTTTTTTTTTTTTT PDIG        TELAPSE        7.07 TCPU        6.17
 CHARGE NORMALIZATION FACTOR   1.00000000
 TOTAL ATOMIC CHARGES:
   5.9989157   5.9989157   5.9989157   5.9989157   5.9989157   5.9989157
   5.9989157   5.9989157   5.9532519   5.9532519   5.9532519   5.9532519
   5.9532519   5.9532519   5.9532519   5.9532519   5.9532519   5.9532519
   5.9532519   5.9532519   5.9532519   5.9532519   5.9532519   5.9532519
   5.9532519   5.9532519   5.9532519   5.9532519   5.9532519   5.9532519
   5.9532519   5.9532519   6.0471095   6.0471095   6.0471095   6.0471095
   6.0471095   6.0471095   6.0471095   6.0471095   6.0471095   6.0471095
   6.0471095   6.0471095   6.0471095   6.0471095   6.0471095   6.0471095
   6.0471095   6.0471095   6.0471095   6.0471095   6.0471095   6.0471095
   6.0471095   6.0471095
 SUMMED SPIN DENSITY          -0.00000000
 TOTAL ATOMIC SPINS  :
  -0.0000000  -0.0000000  -0.0000000  -0.0000000  -0.0000000  -0.0000000
  -0.0000000  -0.0000000   0.0000000   0.0000000   0.0000000   0.0000000
   0.0000000   0.0000000   0.0000000   0.0000000   0.0000000   0.0000000
   0.0000000   0.0000000   0.0000000   0.0000000   0.0000000   0.0000000
   0.0000000   0.0000000   0.0000000   0.0000000   0.0000000   0.0000000
   0.0000000   0.0000000   0.0000000   0.0000000   0.0000000   0.0000000
   0.0000000   0.0000000   0.0000000   0.0000000   0.0000000   0.0000000
   0.0000000   0.0000000   0.0000000   0.0000000   0.0000000   0.0000000
   0.0000000   0.0000000   0.0000000   0.0000000   0.0000000   0.0000000
   0.0000000   0.0000000
 TTTTTTTTTTTTTTTTTTTTTTTTTTTTTT MOQGAD      TELAPSE        7.09 TCPU        6.18
 TTTTTTTTTTTTTTTTTTTTTTTTTTTTTT SHELLXN     TELAPSE       11.45 TCPU       10.54
 TTTTTTTTTTTTTTTTTTTTTTTTTTTTTT MONMO3      TELAPSE       11.49 TCPU       10.57
 NUMERICALLY INTEGRATED DENSITY    168.0000474361    168.0000474361
 TTTTTTTTTTTTTTTTTTTTTTTTTTTTTT NUMDFT      TELAPSE       11.82 TCPU       10.91
 CYC   1 ETOT(AU) -2.131841556963E+03 DETOT  1.76E+01 tst  0.00E+00 PX  1.00E+00
 TTTTTTTTTTTTTTTTTTTTTTTTTTTTTT DIIS        TELAPSE       11.85 TCPU       10.93
 DIIS TEST: 0.53177E+01 AT SCF   CYCLE   1 - MIX   30 %
 TTTTTTTTTTTTTTTTTTTTTTTTTTTTTT FDIK        TELAPSE       12.07 TCPU       11.15

    ALPHA      ELECTRONS
 INSULATING STATE
 TOP OF VALENCE BANDS -    BAND    168; K    1; EIG -1.5824123E-01 AU
 BOTTOM OF VIRTUAL BANDS - BAND    169; K    1; EIG -6.1043383E-02 AU
 DIRECT ENERGY BAND GAP:   2.6449 eV

    BETA       ELECTRONS
 INSULATING STATE
 TOP OF VALENCE BANDS -    BAND    168; K    1; EIG -1.5824123E-01 AU
 BOTTOM OF VIRTUAL BANDS - BAND    169; K    1; EIG -6.1043383E-02 AU
 DIRECT ENERGY BAND GAP:   2.6449 eV
 TTTTTTTTTTTTTTTTTTTTTTTTTTTTTT PDIG        TELAPSE       12.16 TCPU       11.24
 CHARGE NORMALIZATION FACTOR   1.00000000
 TOTAL ATOMIC CHARGES:
   6.1006989   6.1006989   6.1006989   6.1006989   6.1006989   6.1006989
   6.1006989   6.1006989   5.9966954   5.9966954   5.9966954   5.9966954
   5.9966954   5.9966954   5.9966954   5.9966954   5.9966954   5.9966954
   5.9966954   5.9966954   5.9966954   5.9966954   5.9966954   5.9966954
   5.9966954   5.9966954   5.9966954   5.9966954   5.9966954   5.9966954
   5.9966954   5.9966954   5.9697383   5.9697383   5.9697383   5.9697383
   5.9697383   5.9697383   5.9697383   5.9697383   5.9697383   5.9697383
   5.9697383   5.9697383   5.9697383   5.9697383   5.9697383   5.9697383
   5.9697383   5.9697383   5.9697383   5.9697383   5.9697383   5.9697383
   5.9697383   5.9697383
 SUMMED SPIN DENSITY          -0.00000000
 TOTAL ATOMIC SPINS  :
  -0.0000000  -0.0000000  -0.0000000  -0.0000000  -0.0000000  -0.0000000
  -0.0000000  -0.0000000   0.0000000   0.0000000   0.0000000   0.0000000
   0.0000000   0.0000000   0.0000000   0.0000000   0.0000000   0.0000000
   0.0000000   0.0000000   0.0000000   0.0000000   0.0000000   0.0000000
   0.0000000   0.0000000   0.0000000   0.0000000   0.0000000   0.0000000
   0.0000000   0.0000000  -0.0000000  -0.0000000  -0.0000000  -0.0000000
  -0.0000000  -0.0000000  -0.0000000  -0.0000000  -0.0000000  -0.0000000
  -0.0000000  -0.0000000  -0.0000000  -0.0000000  -0.0000000  -0.0000000
  -0.0000000  -0.0000000  -0.0000000  -0.0000000  -0.0000000  -0.0000000
  -0.0000000  -0.0000000
 TTTTTTTTTTTTTTTTTTTTTTTTTTTTTT MOQGAD      TELAPSE       12.18 TCPU       11.26
 TTTTTTTTTTTTTTTTTTTTTTTTTTTTTT SHELLXN     TELAPSE       16.55 TCPU       15.61
 TTTTTTTTTTTTTTTTTTTTTTTTTTTTTT MONMO3      TELAPSE       16.58 TCPU       15.65
 NUMERICALLY INTEGRATED DENSITY    168.0000248264    168.0000248264
 TTTTTTTTTTTTTTTTTTTTTTTTTTTTTT NUMDFT      TELAPSE       16.91 TCPU       15.98
 CYC   2 ETOT(AU) -2.131980699580E+03 DETOT -1.39E-01 tst  5.92E-04 PX  7.91E-02
 TTTTTTTTTTTTTTTTTTTTTTTTTTTTTT DIIS        TELAPSE       16.95 TCPU       16.01
 DIIS TEST: 0.19449E+01 AT SCF   CYCLE   2 - DIIS ACTIVE - HISTORY:     2 CYCLES
 TTTTTTTTTTTTTTTTTTTTTTTTTTTTTT FDIK        TELAPSE       17.15 TCPU       16.22

    ALPHA      ELECTRONS
 INSULATING STATE
 TOP OF VALENCE BANDS -    BAND    168; K    1; EIG -1.6815137E-01 AU
 BOTTOM OF VIRTUAL BANDS - BAND    169; K    1; EIG -5.3654097E-02 AU
 DIRECT ENERGY BAND GAP:   3.1156 eV

    BETA       ELECTRONS
 INSULATING STATE
 TOP OF VALENCE BANDS -    BAND    168; K    1; EIG -1.6815137E-01 AU
 BOTTOM OF VIRTUAL BANDS - BAND    169; K    1; EIG -5.3654097E-02 AU
 DIRECT ENERGY BAND GAP:   3.1156 eV
 TTTTTTTTTTTTTTTTTTTTTTTTTTTTTT PDIG        TELAPSE       17.25 TCPU       16.31
 CHARGE NORMALIZATION FACTOR   1.00000000
 TOTAL ATOMIC CHARGES:
   6.0107140   6.0107140   6.0107140   6.0107140   6.0107140   6.0107140
   6.0107140   6.0107140   5.9749510   5.9749510   5.9749510   5.9749510
   5.9749510   5.9749510   5.9749510   5.9749510   5.9749510   5.9749510
   5.9749510   5.9749510   5.9749510   5.9749510   5.9749510   5.9749510
   5.9749510   5.9749510   5.9749510   5.9749510   5.9749510   5.9749510
   5.9749510   5.9749510   6.0214777   6.0214777   6.0214777   6.0214777
   6.0214777   6.0214777   6.0214777   6.0214777   6.0214777   6.0214777
   6.0214777   6.0214777   6.0214777   6.0214777   6.0214777   6.0214777
   6.0214777   6.0214777   6.0214777   6.0214777   6.0214777   6.0214777
   6.0214777   6.0214777
 SUMMED SPIN DENSITY          -0.00000000
 TOTAL ATOMIC SPINS  :
  -0.0000000  -0.0000000  -0.0000000  -0.0000000  -0.0000000  -0.0000000
  -0.0000000  -0.0000000   0.0000000   0.0000000   0.0000000   0.0000000
   0.0000000   0.0000000   0.0000000   0.0000000   0.0000000   0.0000000
   0.0000000   0.0000000   0.0000000   0.0000000   0.0000000   0.0000000
   0.0000000   0.0000000   0.0000000   0.0000000   0.0000000   0.0000000
   0.0000000   0.0000000  -0.0000000  -0.0000000  -0.0000000  -0.0000000
  -0.0000000  -0.0000000  -0.0000000  -0.0000000  -0.0000000  -0.0000000
  -0.0000000  -0.0000000  -0.0000000  -0.0000000  -0.0000000  -0.0000000
  -0.0000000  -0.0000000  -0.0000000  -0.0000000  -0.0000000  -0.0000000
  -0.0000000  -0.0000000
 TTTTTTTTTTTTTTTTTTTTTTTTTTTTTT MOQGAD      TELAPSE       17.27 TCPU       16.33
 TTTTTTTTTTTTTTTTTTTTTTTTTTTTTT SHELLXN     TELAPSE       21.63 TCPU       20.69
 TTTTTTTTTTTTTTTTTTTTTTTTTTTTTT MONMO3      TELAPSE       21.67 TCPU       20.72
 NUMERICALLY INTEGRATED DENSITY    168.0000403789    168.0000403789
 TTTTTTTTTTTTTTTTTTTTTTTTTTTTTT NUMDFT      TELAPSE       22.01 TCPU       21.06
 CYC   3 ETOT(AU) -2.132015812346E+03 DETOT -3.51E-02 tst  1.29E-04 PX  5.48E-02
 TTTTTTTTTTTTTTTTTTTTTTTTTTTTTT DIIS        TELAPSE       22.04 TCPU       21.09
 DIIS TEST: 0.10254E+00 AT SCF   CYCLE   3 - DIIS ACTIVE - HISTORY:     3 CYCLES
 TTTTTTTTTTTTTTTTTTTTTTTTTTTTTT FDIK        TELAPSE       22.27 TCPU       21.32

    ALPHA      ELECTRONS
 INSULATING STATE
 TOP OF VALENCE BANDS -    BAND    168; K    1; EIG -1.7253128E-01 AU
 BOTTOM OF VIRTUAL BANDS - BAND    169; K    1; EIG -5.8310086E-02 AU
 DIRECT ENERGY BAND GAP:   3.1081 eV

    BETA       ELECTRONS
 INSULATING STATE
 TOP OF VALENCE BANDS -    BAND    168; K    1; EIG -1.7253128E-01 AU
 BOTTOM OF VIRTUAL BANDS - BAND    169; K    1; EIG -5.8310086E-02 AU
 DIRECT ENERGY BAND GAP:   3.1081 eV
 TTTTTTTTTTTTTTTTTTTTTTTTTTTTTT PDIG        TELAPSE       22.36 TCPU       21.42
 CHARGE NORMALIZATION FACTOR   1.00000000
 TOTAL ATOMIC CHARGES:
   6.0438095   6.0438095   6.0438095   6.0438095   6.0438095   6.0438095
   6.0438095   6.0438095   5.9716365   5.9716365   5.9716365   5.9716365
   5.9716365   5.9716365   5.9716365   5.9716365   5.9716365   5.9716365
   5.9716365   5.9716365   5.9716365   5.9716365   5.9716365   5.9716365
   5.9716365   5.9716365   5.9716365   5.9716365   5.9716365   5.9716365
   5.9716365   5.9716365   6.0137604   6.0137604   6.0137604   6.0137604
   6.0137604   6.0137604   6.0137604   6.0137604   6.0137604   6.0137604
   6.0137604   6.0137604   6.0137604   6.0137604   6.0137604   6.0137604
   6.0137604   6.0137604   6.0137604   6.0137604   6.0137604   6.0137604
   6.0137604   6.0137604
 SUMMED SPIN DENSITY          -0.00000000
 TOTAL ATOMIC SPINS  :
   0.0000000   0.0000000   0.0000000   0.0000000   0.0000000   0.0000000
   0.0000000   0.0000000   0.0000000   0.0000000   0.0000000   0.0000000
   0.0000000   0.0000000   0.0000000   0.0000000   0.0000000   0.0000000
   0.0000000   0.0000000   0.0000000   0.0000000   0.0000000   0.0000000
   0.0000000   0.0000000   0.0000000   0.0000000   0.0000000   0.0000000
   0.0000000   0.0000000  -0.0000000  -0.0000000  -0.0000000  -0.0000000
  -0.0000000  -0.0000000  -0.0000000  -0.0000000  -0.0000000  -0.0000000
  -0.0000000  -0.0000000  -0.0000000  -0.0000000  -0.0000000  -0.0000000
  -0.0000000  -0.0000000  -0.0000000  -0.0000000  -0.0000000  -0.0000000
  -0.0000000  -0.0000000
 TTTTTTTTTTTTTTTTTTTTTTTTTTTTTT MOQGAD      TELAPSE       22.38 TCPU       21.43
 TTTTTTTTTTTTTTTTTTTTTTTTTTTTTT SHELLXN     TELAPSE       26.75 TCPU       25.79
 TTTTTTTTTTTTTTTTTTTTTTTTTTTTTT MONMO3      TELAPSE       26.79 TCPU       25.83
 NUMERICALLY INTEGRATED DENSITY    168.0000388051    168.0000388051
 TTTTTTTTTTTTTTTTTTTTTTTTTTTTTT NUMDFT      TELAPSE       27.12 TCPU       26.16
 CYC   4 ETOT(AU) -2.132018163425E+03 DETOT -2.35E-03 tst  9.67E-06 PX  1.34E-02
 TTTTTTTTTTTTTTTTTTTTTTTTTTTTTT DIIS        TELAPSE       27.15 TCPU       26.19
 DIIS TEST: 0.13350E-01 AT SCF   CYCLE   4 - DIIS ACTIVE - HISTORY:     4 CYCLES
 TTTTTTTTTTTTTTTTTTTTTTTTTTTTTT FDIK        TELAPSE       27.35 TCPU       26.39

    ALPHA      ELECTRONS
 INSULATING STATE
 TOP OF VALENCE BANDS -    BAND    168; K    1; EIG -1.7186239E-01 AU
 BOTTOM OF VIRTUAL BANDS - BAND    169; K    1; EIG -5.7747608E-02 AU
 DIRECT ENERGY BAND GAP:   3.1052 eV

    BETA       ELECTRONS
 INSULATING STATE
 TOP OF VALENCE BANDS -    BAND    168; K    1; EIG -1.7186239E-01 AU
 BOTTOM OF VIRTUAL BANDS - BAND    169; K    1; EIG -5.7747608E-02 AU
 DIRECT ENERGY BAND GAP:   3.1052 eV
 TTTTTTTTTTTTTTTTTTTTTTTTTTTTTT PDIG        TELAPSE       27.45 TCPU       26.49
 CHARGE NORMALIZATION FACTOR   1.00000000
 TOTAL ATOMIC CHARGES:
   6.0286608   6.0286608   6.0286608   6.0286608   6.0286608   6.0286608
   6.0286608   6.0286608   5.9784910   5.9784910   5.9784910   5.9784910
   5.9784910   5.9784910   5.9784910   5.9784910   5.9784910   5.9784910
   5.9784910   5.9784910   5.9784910   5.9784910   5.9784910   5.9784910
   5.9784910   5.9784910   5.9784910   5.9784910   5.9784910   5.9784910
   5.9784910   5.9784910   6.0119554   6.0119554   6.0119554   6.0119554
   6.0119554   6.0119554   6.0119554   6.0119554   6.0119554   6.0119554
   6.0119554   6.0119554   6.0119554   6.0119554   6.0119554   6.0119554
   6.0119554   6.0119554   6.0119554   6.0119554   6.0119554   6.0119554
   6.0119554   6.0119554
 SUMMED SPIN DENSITY          -0.00000000
 TOTAL ATOMIC SPINS  :
   0.0000000   0.0000000   0.0000000   0.0000000   0.0000000   0.0000000
   0.0000000   0.0000000   0.0000000   0.0000000   0.0000000   0.0000000
   0.0000000   0.0000000   0.0000000   0.0000000   0.0000000   0.0000000
   0.0000000   0.0000000   0.0000000   0.0000000   0.0000000   0.0000000
   0.0000000   0.0000000   0.0000000   0.0000000   0.0000000   0.0000000
   0.0000000   0.0000000  -0.0000000  -0.0000000  -0.0000000  -0.0000000
  -0.0000000  -0.0000000  -0.0000000  -0.0000000  -0.0000000  -0.0000000
  -0.0000000  -0.0000000  -0.0000000  -0.0000000  -0.0000000  -0.0000000
  -0.0000000  -0.0000000  -0.0000000  -0.0000000  -0.0000000  -0.0000000
  -0.0000000  -0.0000000
 TTTTTTTTTTTTTTTTTTTTTTTTTTTTTT MOQGAD      TELAPSE       27.46 TCPU       26.50
 TTTTTTTTTTTTTTTTTTTTTTTTTTTTTT SHELLXN     TELAPSE       31.84 TCPU       30.87
 TTTTTTTTTTTTTTTTTTTTTTTTTTTTTT MONMO3      TELAPSE       31.88 TCPU       30.90
 NUMERICALLY INTEGRATED DENSITY    168.0000382932    168.0000382932
 TTTTTTTTTTTTTTTTTTTTTTTTTTTTTT NUMDFT      TELAPSE       32.21 TCPU       31.22
 CYC   5 ETOT(AU) -2.132018362641E+03 DETOT -1.99E-04 tst  2.31E-06 PX  4.14E-03
 TTTTTTTTTTTTTTTTTTTTTTTTTTTTTT DIIS        TELAPSE       32.24 TCPU       31.25
 DIIS TEST: 0.61031E-02 AT SCF   CYCLE   5 - DIIS ACTIVE - HISTORY:     5 CYCLES
 TTTTTTTTTTTTTTTTTTTTTTTTTTTTTT FDIK        TELAPSE       32.45 TCPU       31.46

    ALPHA      ELECTRONS
 INSULATING STATE
 TOP OF VALENCE BANDS -    BAND    168; K    1; EIG -1.7186886E-01 AU
 BOTTOM OF VIRTUAL BANDS - BAND    169; K    1; EIG -5.7612164E-02 AU
 DIRECT ENERGY BAND GAP:   3.1091 eV

    BETA       ELECTRONS
 INSULATING STATE
 TOP OF VALENCE BANDS -    BAND    168; K    1; EIG -1.7186886E-01 AU
 BOTTOM OF VIRTUAL BANDS - BAND    169; K    1; EIG -5.7612164E-02 AU
 DIRECT ENERGY BAND GAP:   3.1091 eV
 TTTTTTTTTTTTTTTTTTTTTTTTTTTTTT PDIG        TELAPSE       32.54 TCPU       31.55
 CHARGE NORMALIZATION FACTOR   1.00000000
 TOTAL ATOMIC CHARGES:
   6.0338808   6.0338808   6.0338808   6.0338808   6.0338808   6.0338808
   6.0338808   6.0338808   5.9744087   5.9744087   5.9744087   5.9744087
   5.9744087   5.9744087   5.9744087   5.9744087   5.9744087   5.9744087
   5.9744087   5.9744087   5.9744087   5.9744087   5.9744087   5.9744087
   5.9744087   5.9744087   5.9744087   5.9744087   5.9744087   5.9744087
   5.9744087   5.9744087   6.0142977   6.0142977   6.0142977   6.0142977
   6.0142977   6.0142977   6.0142977   6.0142977   6.0142977   6.0142977
   6.0142977   6.0142977   6.0142977   6.0142977   6.0142977   6.0142977
   6.0142977   6.0142977   6.0142977   6.0142977   6.0142977   6.0142977
   6.0142977   6.0142977
 SUMMED SPIN DENSITY          -0.00000000
 TOTAL ATOMIC SPINS  :
  -0.0000000  -0.0000000  -0.0000000  -0.0000000  -0.0000000  -0.0000000
  -0.0000000  -0.0000000  -0.0000000  -0.0000000  -0.0000000  -0.0000000
  -0.0000000  -0.0000000  -0.0000000  -0.0000000  -0.0000000  -0.0000000
  -0.0000000  -0.0000000  -0.0000000  -0.0000000  -0.0000000  -0.0000000
  -0.0000000  -0.0000000  -0.0000000  -0.0000000  -0.0000000  -0.0000000
  -0.0000000  -0.0000000   0.0000000   0.0000000   0.0000000   0.0000000
   0.0000000   0.0000000   0.0000000   0.0000000   0.0000000   0.0000000
   0.0000000   0.0000000   0.0000000   0.0000000   0.0000000   0.0000000
   0.0000000   0.0000000   0.0000000   0.0000000   0.0000000   0.0000000
   0.0000000   0.0000000
 TTTTTTTTTTTTTTTTTTTTTTTTTTTTTT MOQGAD      TELAPSE       32.56 TCPU       31.57
 TTTTTTTTTTTTTTTTTTTTTTTTTTTTTT SHELLXN     TELAPSE       36.95 TCPU       35.94
 TTTTTTTTTTTTTTTTTTTTTTTTTTTTTT MONMO3      TELAPSE       36.98 TCPU       35.97
 NUMERICALLY INTEGRATED DENSITY    168.0000382951    168.0000382951
 TTTTTTTTTTTTTTTTTTTTTTTTTTTTTT NUMDFT      TELAPSE       37.31 TCPU       36.31
 CYC   6 ETOT(AU) -2.132018476475E+03 DETOT -1.14E-04 tst  5.76E-07 PX  1.61E-03
 TTTTTTTTTTTTTTTTTTTTTTTTTTTTTT DIIS        TELAPSE       37.47 TCPU       36.46
 DIIS TEST: 0.27919E-03 AT SCF   CYCLE   6 - DIIS ACTIVE - HISTORY:     6 CYCLES
 TTTTTTTTTTTTTTTTTTTTTTTTTTTTTT FDIK        TELAPSE       37.68 TCPU       36.67

    ALPHA      ELECTRONS
 INSULATING STATE
 TOP OF VALENCE BANDS -    BAND    168; K    1; EIG -1.7187245E-01 AU
 BOTTOM OF VIRTUAL BANDS - BAND    169; K    1; EIG -5.7646293E-02 AU
 DIRECT ENERGY BAND GAP:   3.1083 eV

    BETA       ELECTRONS
 INSULATING STATE
 TOP OF VALENCE BANDS -    BAND    168; K    1; EIG -1.7187245E-01 AU
 BOTTOM OF VIRTUAL BANDS - BAND    169; K    1; EIG -5.7646293E-02 AU
 DIRECT ENERGY BAND GAP:   3.1083 eV
 TTTTTTTTTTTTTTTTTTTTTTTTTTTTTT PDIG        TELAPSE       37.77 TCPU       36.76
 CHARGE NORMALIZATION FACTOR   1.00000000
 TOTAL ATOMIC CHARGES:
   6.0342558   6.0342558   6.0342558   6.0342558   6.0342558   6.0342558
   6.0342558   6.0342558   5.9754684   5.9754684   5.9754684   5.9754684
   5.9754684   5.9754684   5.9754684   5.9754684   5.9754684   5.9754684
   5.9754684   5.9754684   5.9754684   5.9754684   5.9754684   5.9754684
   5.9754684   5.9754684   5.9754684   5.9754684   5.9754684   5.9754684
   5.9754684   5.9754684   6.0131130   6.0131130   6.0131130   6.0131130
   6.0131130   6.0131130   6.0131130   6.0131130   6.0131130   6.0131130
   6.0131130   6.0131130   6.0131130   6.0131130   6.0131130   6.0131130
   6.0131130   6.0131130   6.0131130   6.0131130   6.0131130   6.0131130
   6.0131130   6.0131130
 SUMMED SPIN DENSITY          -0.00000000
 TOTAL ATOMIC SPINS  :
   0.0000000   0.0000000   0.0000000   0.0000000   0.0000000   0.0000000
   0.0000000   0.0000000   0.0000000   0.0000000   0.0000000   0.0000000
   0.0000000   0.0000000   0.0000000   0.0000000   0.0000000   0.0000000
   0.0000000   0.0000000   0.0000000   0.0000000   0.0000000   0.0000000
   0.0000000   0.0000000   0.0000000   0.0000000   0.0000000   0.0000000
   0.0000000   0.0000000  -0.0000000  -0.0000000  -0.0000000  -0.0000000
  -0.0000000  -0.0000000  -0.0000000  -0.0000000  -0.0000000  -0.0000000
  -0.0000000  -0.0000000  -0.0000000  -0.0000000  -0.0000000  -0.0000000
  -0.0000000  -0.0000000  -0.0000000  -0.0000000  -0.0000000  -0.0000000
  -0.0000000  -0.0000000
 TTTTTTTTTTTTTTTTTTTTTTTTTTTTTT MOQGAD      TELAPSE       37.79 TCPU       36.78
 TTTTTTTTTTTTTTTTTTTTTTTTTTTTTT SHELLXN     TELAPSE       42.18 TCPU       41.16
 TTTTTTTTTTTTTTTTTTTTTTTTTTTTTT MONMO3      TELAPSE       42.22 TCPU       41.19
 NUMERICALLY INTEGRATED DENSITY    168.0000383825    168.0000383825
 TTTTTTTTTTTTTTTTTTTTTTTTTTTTTT NUMDFT      TELAPSE       42.55 TCPU       41.52
 CYC   7 ETOT(AU) -2.132018483548E+03 DETOT -7.07E-06 tst  2.87E-08 PX  3.93E-04
 TTTTTTTTTTTTTTTTTTTTTTTTTTTTTT DIIS        TELAPSE       42.58 TCPU       41.55
 DIIS TEST: 0.94067E-05 AT SCF   CYCLE   7 - DIIS ACTIVE - HISTORY:     7 CYCLES
 TTTTTTTTTTTTTTTTTTTTTTTTTTTTTT FDIK        TELAPSE       42.79 TCPU       41.76

    ALPHA      ELECTRONS
 INSULATING STATE
 TOP OF VALENCE BANDS -    BAND    168; K    1; EIG -1.7186907E-01 AU
 BOTTOM OF VIRTUAL BANDS - BAND    169; K    1; EIG -5.7631331E-02 AU
 DIRECT ENERGY BAND GAP:   3.1086 eV

    BETA       ELECTRONS
 INSULATING STATE
 TOP OF VALENCE BANDS -    BAND    168; K    1; EIG -1.7186907E-01 AU
 BOTTOM OF VIRTUAL BANDS - BAND    169; K    1; EIG -5.7631331E-02 AU
 DIRECT ENERGY BAND GAP:   3.1086 eV
 TTTTTTTTTTTTTTTTTTTTTTTTTTTTTT PDIG        TELAPSE       42.88 TCPU       41.85
 CHARGE NORMALIZATION FACTOR   1.00000000
 TOTAL ATOMIC CHARGES:
   6.0341382   6.0341382   6.0341382   6.0341382   6.0341382   6.0341382
   6.0341382   6.0341382   5.9753096   5.9753096   5.9753096   5.9753096
   5.9753096   5.9753096   5.9753096   5.9753096   5.9753096   5.9753096
   5.9753096   5.9753096   5.9753096   5.9753096   5.9753096   5.9753096
   5.9753096   5.9753096   5.9753096   5.9753096   5.9753096   5.9753096
   5.9753096   5.9753096   6.0133110   6.0133110   6.0133110   6.0133110
   6.0133110   6.0133110   6.0133110   6.0133110   6.0133110   6.0133110
   6.0133110   6.0133110   6.0133110   6.0133110   6.0133110   6.0133110
   6.0133110   6.0133110   6.0133110   6.0133110   6.0133110   6.0133110
   6.0133110   6.0133110
 SUMMED SPIN DENSITY          -0.00000000
 TOTAL ATOMIC SPINS  :
  -0.0000000  -0.0000000  -0.0000000  -0.0000000  -0.0000000  -0.0000000
  -0.0000000  -0.0000000   0.0000000   0.0000000   0.0000000   0.0000000
   0.0000000   0.0000000   0.0000000   0.0000000   0.0000000   0.0000000
   0.0000000   0.0000000   0.0000000   0.0000000   0.0000000   0.0000000
   0.0000000   0.0000000   0.0000000   0.0000000   0.0000000   0.0000000
   0.0000000   0.0000000  -0.0000000  -0.0000000  -0.0000000  -0.0000000
  -0.0000000  -0.0000000  -0.0000000  -0.0000000  -0.0000000  -0.0000000
  -0.0000000  -0.0000000  -0.0000000  -0.0000000  -0.0000000  -0.0000000
  -0.0000000  -0.0000000  -0.0000000  -0.0000000  -0.0000000  -0.0000000
  -0.0000000  -0.0000000
 TTTTTTTTTTTTTTTTTTTTTTTTTTTTTT MOQGAD      TELAPSE       42.90 TCPU       41.87
 TTTTTTTTTTTTTTTTTTTTTTTTTTTTTT SHELLXN     TELAPSE       47.28 TCPU       46.24
 TTTTTTTTTTTTTTTTTTTTTTTTTTTTTT MONMO3      TELAPSE       47.32 TCPU       46.28
 NUMERICALLY INTEGRATED DENSITY    168.0000383776    168.0000383776
 TTTTTTTTTTTTTTTTTTTTTTTTTTTTTT NUMDFT      TELAPSE       47.65 TCPU       46.61
 CYC   8 ETOT(AU) -2.132018483621E+03 DETOT -7.30E-08 tst  8.25E-10 PX  3.98E-05
 TTTTTTTTTTTTTTTTTTTTTTTTTTTTTT DIIS        TELAPSE       47.68 TCPU       46.64
 DIIS TEST: 0.23114E-06 AT SCF   CYCLE   8 - DIIS ACTIVE - HISTORY:     8 CYCLES
 TTTTTTTTTTTTTTTTTTTTTTTTTTTTTT FDIK        TELAPSE       47.91 TCPU       46.86

    ALPHA      ELECTRONS
 INSULATING STATE
 TOP OF VALENCE BANDS -    BAND    168; K    1; EIG -1.7187454E-01 AU
 BOTTOM OF VIRTUAL BANDS - BAND    169; K    1; EIG -5.7637421E-02 AU
 DIRECT ENERGY BAND GAP:   3.1086 eV

    BETA       ELECTRONS
 INSULATING STATE
 TOP OF VALENCE BANDS -    BAND    168; K    1; EIG -1.7187454E-01 AU
 BOTTOM OF VIRTUAL BANDS - BAND    169; K    1; EIG -5.7637421E-02 AU
 DIRECT ENERGY BAND GAP:   3.1086 eV
 TTTTTTTTTTTTTTTTTTTTTTTTTTTTTT PDIG        TELAPSE       48.00 TCPU       46.96
 CHARGE NORMALIZATION FACTOR   1.00000000
 TOTAL ATOMIC CHARGES:
   6.0341334   6.0341334   6.0341334   6.0341334   6.0341334   6.0341334
   6.0341334   6.0341334   5.9753203   5.9753203   5.9753203   5.9753203
   5.9753203   5.9753203   5.9753203   5.9753203   5.9753203   5.9753203
   5.9753203   5.9753203   5.9753203   5.9753203   5.9753203   5.9753203
   5.9753203   5.9753203   5.9753203   5.9753203   5.9753203   5.9753203
   5.9753203   5.9753203   6.0133019   6.0133019   6.0133019   6.0133019
   6.0133019   6.0133019   6.0133019   6.0133019   6.0133019   6.0133019
   6.0133019   6.0133019   6.0133019   6.0133019   6.0133019   6.0133019
   6.0133019   6.0133019   6.0133019   6.0133019   6.0133019   6.0133019
   6.0133019   6.0133019
 SUMMED SPIN DENSITY          -0.00000000
 TOTAL ATOMIC SPINS  :
   0.0000000   0.0000000   0.0000000   0.0000000   0.0000000   0.0000000
   0.0000000   0.0000000   0.0000000   0.0000000   0.0000000   0.0000000
   0.0000000   0.0000000   0.0000000   0.0000000   0.0000000   0.0000000
   0.0000000   0.0000000   0.0000000   0.0000000   0.0000000   0.0000000
   0.0000000   0.0000000   0.0000000   0.0000000   0.0000000   0.0000000
   0.0000000   0.0000000  -0.0000000  -0.0000000  -0.0000000  -0.0000000
  -0.0000000  -0.0000000  -0.0000000  -0.0000000  -0.0000000  -0.0000000
  -0.0000000  -0.0000000  -0.0000000  -0.0000000  -0.0000000  -0.0000000
  -0.0000000  -0.0000000  -0.0000000  -0.0000000  -0.0000000  -0.0000000
  -0.0000000  -0.0000000
 TTTTTTTTTTTTTTTTTTTTTTTTTTTTTT MOQGAD      TELAPSE       48.02 TCPU       46.97
 TTTTTTTTTTTTTTTTTTTTTTTTTTTTTT SHELLXN     TELAPSE       52.40 TCPU       51.34
 TTTTTTTTTTTTTTTTTTTTTTTTTTTTTT MONMO3      TELAPSE       52.43 TCPU       51.37
 NUMERICALLY INTEGRATED DENSITY    168.0000383779    168.0000383779
 TTTTTTTTTTTTTTTTTTTTTTTTTTTTTT NUMDFT      TELAPSE       52.76 TCPU       51.70
 CYC   9 ETOT(AU) -2.132018483687E+03 DETOT -6.51E-08 tst  1.10E-11 PX  1.13E-05
 TTTTTTTTTTTTTTTTTTTTTTTTTTTTTT DIIS        TELAPSE       64.35 TCPU       51.79
 DIIS TEST: 0.35994E-08 AT SCF   CYCLE   9 - DIIS ACTIVE - HISTORY:     9 CYCLES
 TTTTTTTTTTTTTTTTTTTTTTTTTTTTTT FDIK        TELAPSE       64.73 TCPU       52.16

    ALPHA      ELECTRONS
 INSULATING STATE
 TOP OF VALENCE BANDS -    BAND    168; K    1; EIG -1.7187374E-01 AU
 BOTTOM OF VIRTUAL BANDS - BAND    169; K    1; EIG -5.7636440E-02 AU
 DIRECT ENERGY BAND GAP:   3.1086 eV

    BETA       ELECTRONS
 INSULATING STATE
 TOP OF VALENCE BANDS -    BAND    168; K    1; EIG -1.7187374E-01 AU
 BOTTOM OF VIRTUAL BANDS - BAND    169; K    1; EIG -5.7636440E-02 AU
 DIRECT ENERGY BAND GAP:   3.1086 eV
 TTTTTTTTTTTTTTTTTTTTTTTTTTTTTT PDIG        TELAPSE       64.90 TCPU       52.34
 CHARGE NORMALIZATION FACTOR   1.00000000
 TOTAL ATOMIC CHARGES:
   6.0341352   6.0341352   6.0341352   6.0341352   6.0341352   6.0341352
   6.0341352   6.0341352   5.9753199   5.9753199   5.9753199   5.9753199
   5.9753199   5.9753199   5.9753199   5.9753199   5.9753199   5.9753199
   5.9753199   5.9753199   5.9753199   5.9753199   5.9753199   5.9753199
   5.9753199   5.9753199   5.9753199   5.9753199   5.9753199   5.9753199
   5.9753199   5.9753199   6.0133017   6.0133017   6.0133017   6.0133017
   6.0133017   6.0133017   6.0133017   6.0133017   6.0133017   6.0133017
   6.0133017   6.0133017   6.0133017   6.0133017   6.0133017   6.0133017
   6.0133017   6.0133017   6.0133017   6.0133017   6.0133017   6.0133017
   6.0133017   6.0133017
 SUMMED SPIN DENSITY          -0.00000000
 TOTAL ATOMIC SPINS  :
   0.0000000   0.0000000   0.0000000   0.0000000   0.0000000   0.0000000
   0.0000000   0.0000000   0.0000000   0.0000000   0.0000000   0.0000000
   0.0000000   0.0000000   0.0000000   0.0000000   0.0000000   0.0000000
   0.0000000   0.0000000   0.0000000   0.0000000   0.0000000   0.0000000
   0.0000000   0.0000000   0.0000000   0.0000000   0.0000000   0.0000000
   0.0000000   0.0000000  -0.0000000  -0.0000000  -0.0000000  -0.0000000
  -0.0000000  -0.0000000  -0.0000000  -0.0000000  -0.0000000  -0.0000000
  -0.0000000  -0.0000000  -0.0000000  -0.0000000  -0.0000000  -0.0000000
  -0.0000000  -0.0000000  -0.0000000  -0.0000000  -0.0000000  -0.0000000
  -0.0000000  -0.0000000
 TTTTTTTTTTTTTTTTTTTTTTTTTTTTTT MOQGAD      TELAPSE       64.92 TCPU       52.35
 TTTTTTTTTTTTTTTTTTTTTTTTTTTTTT SHELLXN     TELAPSE       69.04 TCPU       56.42
 TTTTTTTTTTTTTTTTTTTTTTTTTTTTTT MONMO3      TELAPSE       69.07 TCPU       56.45
 NUMERICALLY INTEGRATED DENSITY    168.0000383778    168.0000383778
 TTTTTTTTTTTTTTTTTTTTTTTTTTTTTT NUMDFT      TELAPSE       69.40 TCPU       56.78
 CYC  10 ETOT(AU) -2.132018483681E+03 DETOT  5.97E-09 tst  4.08E-13 PX  1.46E-06
 TTTTTTTTTTTTTTTTTTTTTTTTTTTTTT DIIS        TELAPSE       69.55 TCPU       56.93
 DIIS TEST: 0.18790E-09 AT SCF   CYCLE  10 - DIIS ACTIVE - HISTORY:    10 CYCLES
 TTTTTTTTTTTTTTTTTTTTTTTTTTTTTT FDIK        TELAPSE       69.70 TCPU       57.08

    ALPHA      ELECTRONS
 INSULATING STATE
 TOP OF VALENCE BANDS -    BAND    168; K    1; EIG -1.7187377E-01 AU
 BOTTOM OF VIRTUAL BANDS - BAND    169; K    1; EIG -5.7636449E-02 AU
 DIRECT ENERGY BAND GAP:   3.1086 eV

    BETA       ELECTRONS
 INSULATING STATE
 TOP OF VALENCE BANDS -    BAND    168; K    1; EIG -1.7187377E-01 AU
 BOTTOM OF VIRTUAL BANDS - BAND    169; K    1; EIG -5.7636449E-02 AU
 DIRECT ENERGY BAND GAP:   3.1086 eV
 TTTTTTTTTTTTTTTTTTTTTTTTTTTTTT PDIG        TELAPSE       69.79 TCPU       57.17
 CHARGE NORMALIZATION FACTOR   1.00000000
 TOTAL ATOMIC CHARGES:
   6.0341345   6.0341345   6.0341345   6.0341345   6.0341345   6.0341345
   6.0341345   6.0341345   5.9753196   5.9753196   5.9753196   5.9753196
   5.9753196   5.9753196   5.9753196   5.9753196   5.9753196   5.9753196
   5.9753196   5.9753196   5.9753196   5.9753196   5.9753196   5.9753196
   5.9753196   5.9753196   5.9753196   5.9753196   5.9753196   5.9753196
   5.9753196   5.9753196   6.0133022   6.0133022   6.0133022   6.0133022
   6.0133022   6.0133022   6.0133022   6.0133022   6.0133022   6.0133022
   6.0133022   6.0133022   6.0133022   6.0133022   6.0133022   6.0133022
   6.0133022   6.0133022   6.0133022   6.0133022   6.0133022   6.0133022
   6.0133022   6.0133022
 SUMMED SPIN DENSITY          -0.00000000
 TOTAL ATOMIC SPINS  :
   0.0000000   0.0000000   0.0000000   0.0000000   0.0000000   0.0000000
   0.0000000   0.0000000   0.0000000   0.0000000   0.0000000   0.0000000
   0.0000000   0.0000000   0.0000000   0.0000000   0.0000000   0.0000000
   0.0000000   0.0000000   0.0000000   0.0000000   0.0000000   0.0000000
   0.0000000   0.0000000   0.0000000   0.0000000   0.0000000   0.0000000
   0.0000000   0.0000000  -0.0000000  -0.0000000  -0.0000000  -0.0000000
  -0.0000000  -0.0000000  -0.0000000  -0.0000000  -0.0000000  -0.0000000
  -0.0000000  -0.0000000  -0.0000000  -0.0000000  -0.0000000  -0.0000000
  -0.0000000  -0.0000000  -0.0000000  -0.0000000  -0.0000000  -0.0000000
  -0.0000000  -0.0000000
 TTTTTTTTTTTTTTTTTTTTTTTTTTTTTT MOQGAD      TELAPSE       69.81 TCPU       57.18
 TTTTTTTTTTTTTTTTTTTTTTTTTTTTTT SHELLXN     TELAPSE       73.89 TCPU       61.25
 TTTTTTTTTTTTTTTTTTTTTTTTTTTTTT MONMO3      TELAPSE       73.93 TCPU       61.29
 NUMERICALLY INTEGRATED DENSITY    168.0000383778    168.0000383778
 TTTTTTTTTTTTTTTTTTTTTTTTTTTTTT NUMDFT      TELAPSE       74.24 TCPU       61.60
 CYC  11 ETOT(AU) -2.132018483682E+03 DETOT -1.01E-09 tst  2.51E-14 PX  1.78E-07
 TTTTTTTTTTTTTTTTTTTTTTTTTTTTTT DIIS        TELAPSE       74.28 TCPU       61.63
 DIIS TEST: 0.42535E-10 AT SCF   CYCLE  11 - DIIS ACTIVE - HISTORY:    11 CYCLES
 TTTTTTTTTTTTTTTTTTTTTTTTTTTTTT FDIK        TELAPSE       74.42 TCPU       61.78

    ALPHA      ELECTRONS
 INSULATING STATE
 TOP OF VALENCE BANDS -    BAND    168; K    1; EIG -1.7187377E-01 AU
 BOTTOM OF VIRTUAL BANDS - BAND    169; K    1; EIG -5.7636447E-02 AU
 DIRECT ENERGY BAND GAP:   3.1086 eV

    BETA       ELECTRONS
 INSULATING STATE
 TOP OF VALENCE BANDS -    BAND    168; K    1; EIG -1.7187377E-01 AU
 BOTTOM OF VIRTUAL BANDS - BAND    169; K    1; EIG -5.7636447E-02 AU
 DIRECT ENERGY BAND GAP:   3.1086 eV
 TTTTTTTTTTTTTTTTTTTTTTTTTTTTTT PDIG        TELAPSE       74.51 TCPU       61.87
 CHARGE NORMALIZATION FACTOR   1.00000000
 TOTAL ATOMIC CHARGES:
   6.0341345   6.0341345   6.0341345   6.0341345   6.0341345   6.0341345
   6.0341345   6.0341345   5.9753196   5.9753196   5.9753196   5.9753196
   5.9753196   5.9753196   5.9753196   5.9753196   5.9753196   5.9753196
   5.9753196   5.9753196   5.9753196   5.9753196   5.9753196   5.9753196
   5.9753196   5.9753196   5.9753196   5.9753196   5.9753196   5.9753196
   5.9753196   5.9753196   6.0133022   6.0133022   6.0133022   6.0133022
   6.0133022   6.0133022   6.0133022   6.0133022   6.0133022   6.0133022
   6.0133022   6.0133022   6.0133022   6.0133022   6.0133022   6.0133022
   6.0133022   6.0133022   6.0133022   6.0133022   6.0133022   6.0133022
   6.0133022   6.0133022
 SUMMED SPIN DENSITY          -0.00000000
 TOTAL ATOMIC SPINS  :
   0.0000000   0.0000000   0.0000000   0.0000000   0.0000000   0.0000000
   0.0000000   0.0000000   0.0000000   0.0000000   0.0000000   0.0000000
   0.0000000   0.0000000   0.0000000   0.0000000   0.0000000   0.0000000
   0.0000000   0.0000000   0.0000000   0.0000000   0.0000000   0.0000000
   0.0000000   0.0000000   0.0000000   0.0000000   0.0000000   0.0000000
   0.0000000   0.0000000  -0.0000000  -0.0000000  -0.0000000  -0.0000000
  -0.0000000  -0.0000000  -0.0000000  -0.0000000  -0.0000000  -0.0000000
  -0.0000000  -0.0000000  -0.0000000  -0.0000000  -0.0000000  -0.0000000
  -0.0000000  -0.0000000  -0.0000000  -0.0000000  -0.0000000  -0.0000000
  -0.0000000  -0.0000000
 TTTTTTTTTTTTTTTTTTTTTTTTTTTTTT MOQGAD      TELAPSE       74.53 TCPU       61.89
 TTTTTTTTTTTTTTTTTTTTTTTTTTTTTT SHELLXN     TELAPSE       78.61 TCPU       65.95
 TTTTTTTTTTTTTTTTTTTTTTTTTTTTTT MONMO3      TELAPSE       78.64 TCPU       65.98
 NUMERICALLY INTEGRATED DENSITY    168.0000383778    168.0000383778
 TTTTTTTTTTTTTTTTTTTTTTTTTTTTTT NUMDFT      TELAPSE       78.96 TCPU       66.30
 CYC  12 ETOT(AU) -2.132018483682E+03 DETOT -6.00E-11 tst  1.54E-15 PX  3.36E-08
 TTTTTTTTTTTTTTTTTTTTTTTTTTTTTT DIIS        TELAPSE       78.99 TCPU       66.33
 DIIS TEST: 0.20043E-10 AT SCF   CYCLE  12 - DIIS ACTIVE - HISTORY:    12 CYCLES
 TTTTTTTTTTTTTTTTTTTTTTTTTTTTTT FDIK        TELAPSE       79.13 TCPU       66.47

    ALPHA      ELECTRONS
 INSULATING STATE
 TOP OF VALENCE BANDS -    BAND    168; K    1; EIG -1.7187377E-01 AU
 BOTTOM OF VIRTUAL BANDS - BAND    169; K    1; EIG -5.7636447E-02 AU
 DIRECT ENERGY BAND GAP:   3.1086 eV

    BETA       ELECTRONS
 INSULATING STATE
 TOP OF VALENCE BANDS -    BAND    168; K    1; EIG -1.7187377E-01 AU
 BOTTOM OF VIRTUAL BANDS - BAND    169; K    1; EIG -5.7636447E-02 AU
 DIRECT ENERGY BAND GAP:   3.1086 eV
 TTTTTTTTTTTTTTTTTTTTTTTTTTTTTT PDIG        TELAPSE       79.22 TCPU       66.55
 CHARGE NORMALIZATION FACTOR   1.00000000
 TOTAL ATOMIC CHARGES:
   6.0341345   6.0341345   6.0341345   6.0341345   6.0341345   6.0341345
   6.0341345   6.0341345   5.9753196   5.9753196   5.9753196   5.9753196
   5.9753196   5.9753196   5.9753196   5.9753196   5.9753196   5.9753196
   5.9753196   5.9753196   5.9753196   5.9753196   5.9753196   5.9753196
   5.9753196   5.9753196   5.9753196   5.9753196   5.9753196   5.9753196
   5.9753196   5.9753196   6.0133022   6.0133022   6.0133022   6.0133022
   6.0133022   6.0133022   6.0133022   6.0133022   6.0133022   6.0133022
   6.0133022   6.0133022   6.0133022   6.0133022   6.0133022   6.0133022
   6.0133022   6.0133022   6.0133022   6.0133022   6.0133022   6.0133022
   6.0133022   6.0133022
 SUMMED SPIN DENSITY           0.00000000
 TOTAL ATOMIC SPINS  :
   0.0000000   0.0000000   0.0000000   0.0000000   0.0000000   0.0000000
   0.0000000   0.0000000   0.0000000   0.0000000   0.0000000   0.0000000
   0.0000000   0.0000000   0.0000000   0.0000000   0.0000000   0.0000000
   0.0000000   0.0000000   0.0000000   0.0000000   0.0000000   0.0000000
   0.0000000   0.0000000   0.0000000   0.0000000   0.0000000   0.0000000
   0.0000000   0.0000000  -0.0000000  -0.0000000  -0.0000000  -0.0000000
  -0.0000000  -0.0000000  -0.0000000  -0.0000000  -0.0000000  -0.0000000
  -0.0000000  -0.0000000  -0.0000000  -0.0000000  -0.0000000  -0.0000000
  -0.0000000  -0.0000000  -0.0000000  -0.0000000  -0.0000000  -0.0000000
  -0.0000000  -0.0000000
 TTTTTTTTTTTTTTTTTTTTTTTTTTTTTT MOQGAD      TELAPSE       79.23 TCPU       66.57
 TTTTTTTTTTTTTTTTTTTTTTTTTTTTTT SHELLXN     TELAPSE       83.30 TCPU       70.63
 +++ ENERGIES IN A.U. +++
 ::: EXT EL-POLE                                  -4.2965129959963E+03
 ::: EXT EL-SPHEROPOLE                             3.1852638760923E+01
 ::: BIELET ZONE E-E                               5.8820075055874E+03
 ::: TOTAL E-E                                     1.6173471483520E+03
 ::: TOTAL E-N + N-E                              -6.2314070211140E+03
 ::: TOTAL N-N                                     6.0141472395079E+02
 ::: KINETIC ENERGY                                2.1264336524040E+03
 ::: PSEUDO TOTAL   ENERGY                        -1.8862114964071E+03
 ::: VIRIAL COEFFICIENT                            1.0598662844802E+00
 TTTTTTTTTTTTTTTTTTTTTTTTTTTTTT MONMO3      TELAPSE       83.34 TCPU       70.66
 NUMERICALLY INTEGRATED DENSITY    168.0000383778    168.0000383778
 EXCHANGE ENERGY: -0.231847404799E+03  CORRELATION ENERGY: -0.139595824756E+02
 TTTTTTTTTTTTTTTTTTTTTTTTTTTTTT NUMDFT      TELAPSE       83.65 TCPU       70.98
 CYC  13 ETOT(AU) -2.132018483682E+03 DETOT -7.91E-11 tst  1.50E-15 PX  3.36E-08

 == SCF ENDED - CONVERGENCE ON ENERGY      E(AU) -2.1320184836817E+03 CYCLES  13


 ENERGY EXPRESSION=HARTREE+FOCK EXCH*0.20000+(BECKE      EXCH)*0.80000+LYP        CORR


 TOTAL ENERGY(DFT)(AU)( 13) -2.1320184836817E+03 DE-7.9E-11 tester 1.5E-15
 TTTTTTTTTTTTTTTTTTTTTTTTTTTTTT EDFT        TELAPSE       83.66 TCPU       70.99
 
 INFORMATION **** DFTD3 ENERGY **** CALCULATE DFTD3 ENERGY

           DFT-D V3(BJ)
 DF                                         b3-lyp    
 parameters
 s6       :    1.0000
 s8       :    1.9889
 a1       :    0.3981
 a2       :    4.4211
 k1 k3    :   16.0000   -4.0000
 Cutoff   :   50.2022
 CN-Cutoff:   21.1671
 ABC-Cutoff:   21.1671
 
 Edisp /kcal,au:  -223.2416 -0.35575805

 E6    /kcal :  -102.4774
 E8    /kcal :  -120.7642
 
 INFORMATION **** DFTD3 ENERGY **** NORMAL TERMINATION OF DFTD3 MODULE

 *******************************************************************************

 DFT-D3 DISPERSION ENERGY CORRECTION

 D3 DISPERSION ENERGY (AU)       -3.5575805063944E-01
 TOTAL ENERGY + DISP (AU)        -2.1323742417324E+03

 *******************************************************************************


 NEIGHBORS OF THE NON-EQUIVALENT ATOMS

 N = NUMBER OF NEIGHBORS AT DISTANCE R
    ATOM  N     R/ANG      R/AU   NEIGHBORS (ATOM LABELS AND CELL INDICES)
   1 C    1     1.5122     2.8576    6 C    0 1 0
   1 C    3     1.5392     2.9087   33 C    0 0 0   41 C    0 0 0   42 C    0 0 0
   1 C    6     2.4051     4.5450    9 C    0 0 0   10 C    0 0 0   13 C    0 0 0
                                    17 C    0 0 0   18 C    0 0 0   20 C    0 0 0
   1 C    3     2.5867     4.8881   46 C    0 1 0   50 C    0 1 0   55 C    0 1 0
   1 C    6     3.4945     6.6036   21 C    0 1 0   22 C    0 1 0   26 C    0 1 0
                                    27 C    0 1 0   28 C    0 1 0   31 C    0 1 0
   1 C    6     3.6048     6.8120   34 C    0 0 0   35 C    0 0 0   37 C    0 0 0
                                    38 C    0 0 0   39 C    0 0 0   44 C    0 0 0

   9 C    2     1.4014     2.6483   33 C    0 0 0   38 C    0 0 0
   9 C    1     1.5178     2.8683   10 C    0 0 0
   9 C    2     2.3671     4.4732   34 C    0 0 0   42 C    0 0 0
   9 C    2     2.4042     4.5432   13 C    0 0 0   14 C    0 0 0
   9 C    2     2.4051     4.5450    1 C    0 0 0    2 C    0 0 0
   9 C    1     2.8008     5.2927   37 C    0 0 0

  33 C    2     1.4014     2.6483    9 C    0 0 0   13 C    0 0 0
  33 C    1     1.5392     2.9087    1 C    0 0 0
  33 C    2     2.3671     4.4732   10 C    0 0 0   17 C    0 0 0
  33 C    2     2.3977     4.5311   41 C    0 0 0   42 C    0 0 0
  33 C    2     2.4459     4.6222   37 C    0 0 0   38 C    0 0 0
  33 C    1     2.5867     4.8881    6 C    0 1 0

 TTTTTTTTTTTTTTTTTTTTTTTTTTTTTT AFTER FIRST TELAPSE       83.80 TCPU       71.12
 MMMMMMMMMMMMMMMMMMMMMMMMMMMMMMMMMMMMMMMMMMMMMMMMMMMMMMMMMMMMMMMMMMMMMMMMMMMMMMM
     ALPHA+BETA ELECTRONS
 MULLIKEN POPULATION ANALYSIS - NO. OF ELECTRONS  336.000000

  ATOM    Z CHARGE  A.O. POPULATION

   1 C    6  6.034  0.853  1.121  0.748  0.491  0.441  0.441  0.441 -0.002
                   -0.002 -0.002  0.486  0.486  0.486  0.013  0.007  0.007
                    0.013  0.007
   2 C    6  6.034  0.853  1.121  0.748  0.491  0.441  0.441  0.441 -0.002
                   -0.002 -0.002  0.486  0.486  0.486  0.013  0.007  0.007
                    0.013  0.007
   3 C    6  6.034  0.853  1.121  0.748  0.491  0.441  0.441  0.441 -0.002
                   -0.002 -0.002  0.486  0.486  0.486  0.013  0.007  0.007
                    0.013  0.007
   4 C    6  6.034  0.853  1.121  0.748  0.491  0.441  0.441  0.441 -0.002
                   -0.002 -0.002  0.486  0.486  0.486  0.013  0.007  0.007
                    0.013  0.007
   5 C    6  6.034  0.853  1.121  0.748  0.491  0.441  0.441  0.441 -0.002
                   -0.002 -0.002  0.486  0.486  0.486  0.013  0.007  0.007
                    0.013  0.007
   6 C    6  6.034  0.853  1.121  0.748  0.491  0.441  0.441  0.441 -0.002
                   -0.002 -0.002  0.486  0.486  0.486  0.013  0.007  0.007
                    0.013  0.007
   7 C    6  6.034  0.853  1.121  0.748  0.491  0.441  0.441  0.441 -0.002
                   -0.002 -0.002  0.486  0.486  0.486  0.013  0.007  0.007
                    0.013  0.007
   8 C    6  6.034  0.853  1.121  0.748  0.491  0.441  0.441  0.441 -0.002
                   -0.002 -0.002  0.486  0.486  0.486  0.013  0.007  0.007
                    0.013  0.007
   9 C    6  5.975  0.854  1.121  0.761  0.477  0.465  0.465  0.411  0.004
                    0.004 -0.057  0.422  0.422  0.585  0.005  0.007  0.007
                    0.009  0.014
  10 C    6  5.975  0.854  1.121  0.761  0.477  0.465  0.465  0.411  0.004
                    0.004 -0.057  0.422  0.422  0.585  0.005  0.007  0.007
                    0.009  0.014
  11 C    6  5.975  0.854  1.121  0.761  0.477  0.465  0.465  0.411  0.004
                    0.004 -0.057  0.422  0.422  0.585  0.005  0.007  0.007
                    0.009  0.014
  12 C    6  5.975  0.854  1.121  0.761  0.477  0.465  0.465  0.411  0.004
                    0.004 -0.057  0.422  0.422  0.585  0.005  0.007  0.007
                    0.009  0.014
  13 C    6  5.975  0.854  1.121  0.761  0.477  0.411  0.465  0.465 -0.057
                    0.004  0.004  0.585  0.422  0.422  0.008  0.007  0.014
                    0.006  0.007
  14 C    6  5.975  0.854  1.121  0.761  0.477  0.465  0.411  0.465  0.004
                   -0.057  0.004  0.422  0.585  0.422  0.008  0.014  0.007
                    0.006  0.007
  15 C    6  5.975  0.854  1.121  0.761  0.477  0.411  0.465  0.465 -0.057
                    0.004  0.004  0.585  0.422  0.422  0.008  0.007  0.014
                    0.006  0.007
  16 C    6  5.975  0.854  1.121  0.761  0.477  0.465  0.411  0.465  0.004
                   -0.057  0.004  0.422  0.585  0.422  0.008  0.014  0.007
                    0.006  0.007
  17 C    6  5.975  0.854  1.121  0.761  0.477  0.411  0.465  0.465 -0.057
                    0.004  0.004  0.585  0.422  0.422  0.008  0.007  0.014
                    0.006  0.007
  18 C    6  5.975  0.854  1.121  0.761  0.477  0.465  0.411  0.465  0.004
                   -0.057  0.004  0.422  0.585  0.422  0.008  0.014  0.007
                    0.006  0.007
  19 C    6  5.975  0.854  1.121  0.761  0.477  0.411  0.465  0.465 -0.057
                    0.004  0.004  0.585  0.422  0.422  0.008  0.007  0.014
                    0.006  0.007
  20 C    6  5.975  0.854  1.121  0.761  0.477  0.465  0.411  0.465  0.004
                   -0.057  0.004  0.422  0.585  0.422  0.008  0.014  0.007
                    0.006  0.007
  21 C    6  5.975  0.854  1.121  0.761  0.477  0.465  0.465  0.411  0.004
                    0.004 -0.057  0.422  0.422  0.585  0.005  0.007  0.007
                    0.009  0.014
  22 C    6  5.975  0.854  1.121  0.761  0.477  0.465  0.465  0.411  0.004
                    0.004 -0.057  0.422  0.422  0.585  0.005  0.007  0.007
                    0.009  0.014
  23 C    6  5.975  0.854  1.121  0.761  0.477  0.465  0.465  0.411  0.004
                    0.004 -0.057  0.422  0.422  0.585  0.005  0.007  0.007
                    0.009  0.014
  24 C    6  5.975  0.854  1.121  0.761  0.477  0.465  0.465  0.411  0.004
                    0.004 -0.057  0.422  0.422  0.585  0.005  0.007  0.007
                    0.009  0.014
  25 C    6  5.975  0.854  1.121  0.761  0.477  0.465  0.411  0.465  0.004
                   -0.057  0.004  0.422  0.585  0.422  0.008  0.014  0.007
                    0.006  0.007
  26 C    6  5.975  0.854  1.121  0.761  0.477  0.411  0.465  0.465 -0.057
                    0.004  0.004  0.585  0.422  0.422  0.008  0.007  0.014
                    0.006  0.007
  27 C    6  5.975  0.854  1.121  0.761  0.477  0.465  0.411  0.465  0.004
                   -0.057  0.004  0.422  0.585  0.422  0.008  0.014  0.007
                    0.006  0.007
  28 C    6  5.975  0.854  1.121  0.761  0.477  0.411  0.465  0.465 -0.057
                    0.004  0.004  0.585  0.422  0.422  0.008  0.007  0.014
                    0.006  0.007
  29 C    6  5.975  0.854  1.121  0.761  0.477  0.465  0.411  0.465  0.004
                   -0.057  0.004  0.422  0.585  0.422  0.008  0.014  0.007
                    0.006  0.007
  30 C    6  5.975  0.854  1.121  0.761  0.477  0.411  0.465  0.465 -0.057
                    0.004  0.004  0.585  0.422  0.422  0.008  0.007  0.014
                    0.006  0.007
  31 C    6  5.975  0.854  1.121  0.761  0.477  0.465  0.411  0.465  0.004
                   -0.057  0.004  0.422  0.585  0.422  0.008  0.014  0.007
                    0.006  0.007
  32 C    6  5.975  0.854  1.121  0.761  0.477  0.411  0.465  0.465 -0.057
                    0.004  0.004  0.585  0.422  0.422  0.008  0.007  0.014
                    0.006  0.007
  33 C    6  6.013  0.854  1.121  0.745  0.471  0.458  0.450  0.458 -0.034
                    0.002 -0.034  0.521  0.441  0.521  0.008  0.007  0.007
                    0.009  0.007
  34 C    6  6.013  0.854  1.121  0.745  0.471  0.458  0.450  0.458 -0.034
                    0.002 -0.034  0.521  0.441  0.521  0.008  0.007  0.007
                    0.009  0.007
  35 C    6  6.013  0.854  1.121  0.745  0.471  0.458  0.450  0.458 -0.034
                    0.002 -0.034  0.521  0.441  0.521  0.008  0.007  0.007
                    0.009  0.007
  36 C    6  6.013  0.854  1.121  0.745  0.471  0.458  0.450  0.458 -0.034
                    0.002 -0.034  0.521  0.441  0.521  0.008  0.007  0.007
                    0.009  0.007
  37 C    6  6.013  0.854  1.121  0.745  0.471  0.458  0.458  0.450 -0.034
                   -0.034  0.002  0.521  0.521  0.441  0.010  0.007  0.007
                    0.008  0.007
  38 C    6  6.013  0.854  1.121  0.745  0.471  0.450  0.458  0.458  0.002
                   -0.034 -0.034  0.441  0.521  0.521  0.008  0.007  0.007
                    0.009  0.007
  39 C    6  6.013  0.854  1.121  0.745  0.471  0.458  0.458  0.450 -0.034
                   -0.034  0.002  0.521  0.521  0.441  0.010  0.007  0.007
                    0.008  0.007
  40 C    6  6.013  0.854  1.121  0.745  0.471  0.450  0.458  0.458  0.002
                   -0.034 -0.034  0.441  0.521  0.521  0.008  0.007  0.007
                    0.009  0.007
  41 C    6  6.013  0.854  1.121  0.745  0.471  0.458  0.458  0.450 -0.034
                   -0.034  0.002  0.521  0.521  0.441  0.010  0.007  0.007
                    0.008  0.007
  42 C    6  6.013  0.854  1.121  0.745  0.471  0.450  0.458  0.458  0.002
                   -0.034 -0.034  0.441  0.521  0.521  0.008  0.007  0.007
                    0.009  0.007
  43 C    6  6.013  0.854  1.121  0.745  0.471  0.458  0.458  0.450 -0.034
                   -0.034  0.002  0.521  0.521  0.441  0.010  0.007  0.007
                    0.008  0.007
  44 C    6  6.013  0.854  1.121  0.745  0.471  0.450  0.458  0.458  0.002
                   -0.034 -0.034  0.441  0.521  0.521  0.008  0.007  0.007
                    0.009  0.007
  45 C    6  6.013  0.854  1.121  0.745  0.471  0.450  0.458  0.458  0.002
                   -0.034 -0.034  0.441  0.521  0.521  0.008  0.007  0.007
                    0.009  0.007
  46 C    6  6.013  0.854  1.121  0.745  0.471  0.450  0.458  0.458  0.002
                   -0.034 -0.034  0.441  0.521  0.521  0.008  0.007  0.007
                    0.009  0.007
  47 C    6  6.013  0.854  1.121  0.745  0.471  0.450  0.458  0.458  0.002
                   -0.034 -0.034  0.441  0.521  0.521  0.008  0.007  0.007
                    0.009  0.007
  48 C    6  6.013  0.854  1.121  0.745  0.471  0.450  0.458  0.458  0.002
                   -0.034 -0.034  0.441  0.521  0.521  0.008  0.007  0.007
                    0.009  0.007
  49 C    6  6.013  0.854  1.121  0.745  0.471  0.458  0.458  0.450 -0.034
                   -0.034  0.002  0.521  0.521  0.441  0.010  0.007  0.007
                    0.008  0.007
  50 C    6  6.013  0.854  1.121  0.745  0.471  0.458  0.450  0.458 -0.034
                    0.002 -0.034  0.521  0.441  0.521  0.008  0.007  0.007
                    0.009  0.007
  51 C    6  6.013  0.854  1.121  0.745  0.471  0.458  0.458  0.450 -0.034
                   -0.034  0.002  0.521  0.521  0.441  0.010  0.007  0.007
                    0.008  0.007
  52 C    6  6.013  0.854  1.121  0.745  0.471  0.458  0.450  0.458 -0.034
                    0.002 -0.034  0.521  0.441  0.521  0.008  0.007  0.007
                    0.009  0.007
  53 C    6  6.013  0.854  1.121  0.745  0.471  0.458  0.458  0.450 -0.034
                   -0.034  0.002  0.521  0.521  0.441  0.010  0.007  0.007
                    0.008  0.007
  54 C    6  6.013  0.854  1.121  0.745  0.471  0.458  0.450  0.458 -0.034
                    0.002 -0.034  0.521  0.441  0.521  0.008  0.007  0.007
                    0.009  0.007
  55 C    6  6.013  0.854  1.121  0.745  0.471  0.458  0.458  0.450 -0.034
                   -0.034  0.002  0.521  0.521  0.441  0.010  0.007  0.007
                    0.008  0.007
  56 C    6  6.013  0.854  1.121  0.745  0.471  0.458  0.450  0.458 -0.034
                    0.002 -0.034  0.521  0.441  0.521  0.008  0.007  0.007
                    0.009  0.007

  ATOM    Z CHARGE  SHELL POPULATION

   1 C    6  6.034  0.853  1.121  0.748  0.491  1.324 -0.007  1.458  0.046
   2 C    6  6.034  0.853  1.121  0.748  0.491  1.324 -0.007  1.458  0.046
   3 C    6  6.034  0.853  1.121  0.748  0.491  1.324 -0.007  1.458  0.046
   4 C    6  6.034  0.853  1.121  0.748  0.491  1.324 -0.007  1.458  0.046
   5 C    6  6.034  0.853  1.121  0.748  0.491  1.324 -0.007  1.458  0.046
   6 C    6  6.034  0.853  1.121  0.748  0.491  1.324 -0.007  1.458  0.046
   7 C    6  6.034  0.853  1.121  0.748  0.491  1.324 -0.007  1.458  0.046
   8 C    6  6.034  0.853  1.121  0.748  0.491  1.324 -0.007  1.458  0.046
   9 C    6  5.975  0.854  1.121  0.761  0.477  1.341 -0.050  1.429  0.042
  10 C    6  5.975  0.854  1.121  0.761  0.477  1.341 -0.050  1.429  0.042
  11 C    6  5.975  0.854  1.121  0.761  0.477  1.341 -0.050  1.429  0.042
  12 C    6  5.975  0.854  1.121  0.761  0.477  1.341 -0.050  1.429  0.042
  13 C    6  5.975  0.854  1.121  0.761  0.477  1.341 -0.050  1.429  0.042
  14 C    6  5.975  0.854  1.121  0.761  0.477  1.341 -0.050  1.429  0.042
  15 C    6  5.975  0.854  1.121  0.761  0.477  1.341 -0.050  1.429  0.042
  16 C    6  5.975  0.854  1.121  0.761  0.477  1.341 -0.050  1.429  0.042
  17 C    6  5.975  0.854  1.121  0.761  0.477  1.341 -0.050  1.429  0.042
  18 C    6  5.975  0.854  1.121  0.761  0.477  1.341 -0.050  1.429  0.042
  19 C    6  5.975  0.854  1.121  0.761  0.477  1.341 -0.050  1.429  0.042
  20 C    6  5.975  0.854  1.121  0.761  0.477  1.341 -0.050  1.429  0.042
  21 C    6  5.975  0.854  1.121  0.761  0.477  1.341 -0.050  1.429  0.042
  22 C    6  5.975  0.854  1.121  0.761  0.477  1.341 -0.050  1.429  0.042
  23 C    6  5.975  0.854  1.121  0.761  0.477  1.341 -0.050  1.429  0.042
  24 C    6  5.975  0.854  1.121  0.761  0.477  1.341 -0.050  1.429  0.042
  25 C    6  5.975  0.854  1.121  0.761  0.477  1.341 -0.050  1.429  0.042
  26 C    6  5.975  0.854  1.121  0.761  0.477  1.341 -0.050  1.429  0.042
  27 C    6  5.975  0.854  1.121  0.761  0.477  1.341 -0.050  1.429  0.042
  28 C    6  5.975  0.854  1.121  0.761  0.477  1.341 -0.050  1.429  0.042
  29 C    6  5.975  0.854  1.121  0.761  0.477  1.341 -0.050  1.429  0.042
  30 C    6  5.975  0.854  1.121  0.761  0.477  1.341 -0.050  1.429  0.042
  31 C    6  5.975  0.854  1.121  0.761  0.477  1.341 -0.050  1.429  0.042
  32 C    6  5.975  0.854  1.121  0.761  0.477  1.341 -0.050  1.429  0.042
  33 C    6  6.013  0.854  1.121  0.745  0.471  1.366 -0.066  1.483  0.039
  34 C    6  6.013  0.854  1.121  0.745  0.471  1.366 -0.066  1.483  0.039
  35 C    6  6.013  0.854  1.121  0.745  0.471  1.366 -0.066  1.483  0.039
  36 C    6  6.013  0.854  1.121  0.745  0.471  1.366 -0.066  1.483  0.039
  37 C    6  6.013  0.854  1.121  0.745  0.471  1.366 -0.066  1.483  0.039
  38 C    6  6.013  0.854  1.121  0.745  0.471  1.366 -0.066  1.483  0.039
  39 C    6  6.013  0.854  1.121  0.745  0.471  1.366 -0.066  1.483  0.039
  40 C    6  6.013  0.854  1.121  0.745  0.471  1.366 -0.066  1.483  0.039
  41 C    6  6.013  0.854  1.121  0.745  0.471  1.366 -0.066  1.483  0.039
  42 C    6  6.013  0.854  1.121  0.745  0.471  1.366 -0.066  1.483  0.039
  43 C    6  6.013  0.854  1.121  0.745  0.471  1.366 -0.066  1.483  0.039
  44 C    6  6.013  0.854  1.121  0.745  0.471  1.366 -0.066  1.483  0.039
  45 C    6  6.013  0.854  1.121  0.745  0.471  1.366 -0.066  1.483  0.039
  46 C    6  6.013  0.854  1.121  0.745  0.471  1.366 -0.066  1.483  0.039
  47 C    6  6.013  0.854  1.121  0.745  0.471  1.366 -0.066  1.483  0.039
  48 C    6  6.013  0.854  1.121  0.745  0.471  1.366 -0.066  1.483  0.039
  49 C    6  6.013  0.854  1.121  0.745  0.471  1.366 -0.066  1.483  0.039
  50 C    6  6.013  0.854  1.121  0.745  0.471  1.366 -0.066  1.483  0.039
  51 C    6  6.013  0.854  1.121  0.745  0.471  1.366 -0.066  1.483  0.039
  52 C    6  6.013  0.854  1.121  0.745  0.471  1.366 -0.066  1.483  0.039
  53 C    6  6.013  0.854  1.121  0.745  0.471  1.366 -0.066  1.483  0.039
  54 C    6  6.013  0.854  1.121  0.745  0.471  1.366 -0.066  1.483  0.039
  55 C    6  6.013  0.854  1.121  0.745  0.471  1.366 -0.066  1.483  0.039
  56 C    6  6.013  0.854  1.121  0.745  0.471  1.366 -0.066  1.483  0.039

 OVERLAP POPULATION CONDENSED TO ATOMS FOR FIRST   6 NEIGHBORS

 ATOM A   1 C    ATOM B     CELL      R(AB)/AU R(AB)/ANG    OVPOP(AB)
                  6 C    (  0  1  0)     2.858     1.512     0.213
                 33 C    (  0  0  0)     2.909     1.539     0.298
                  9 C    (  0  0  0)     4.545     2.405    -0.036
                 46 C    (  0  1  0)     4.888     2.587    -0.019
                 21 C    (  0  1  0)     6.604     3.494    -0.001
                 34 C    (  0  0  0)     6.812     3.605     0.001

 ATOM A   9 C    ATOM B     CELL      R(AB)/AU R(AB)/ANG    OVPOP(AB)
                 33 C    (  0  0  0)     2.648     1.401     0.448
                 10 C    (  0  0  0)     2.868     1.518     0.382
                 34 C    (  0  0  0)     4.473     2.367    -0.041
                 13 C    (  0  0  0)     4.543     2.404    -0.021
                  1 C    (  0  0  0)     4.545     2.405    -0.036
                 37 C    (  0  0  0)     5.293     2.801    -0.012

 ATOM A  33 C    ATOM B     CELL      R(AB)/AU R(AB)/ANG    OVPOP(AB)
                  9 C    (  0  0  0)     2.648     1.401     0.448
                  1 C    (  0  0  0)     2.909     1.539     0.298
                 10 C    (  0  0  0)     4.473     2.367    -0.041
                 41 C    (  0  0  0)     4.531     2.398    -0.030
                 37 C    (  0  0  0)     4.622     2.446    -0.025
                  6 C    (  0  1  0)     4.888     2.587    -0.019
 TTTTTTTTTTTTTTTTTTTTTTTTTTTTTT AFTER FIRST TELAPSE       85.54 TCPU       71.24
 MMMMMMMMMMMMMMMMMMMMMMMMMMMMMMMMMMMMMMMMMMMMMMMMMMMMMMMMMMMMMMMMMMMMMMMMMMMMMMM
     ALPHA-BETA ELECTRONS
 MULLIKEN POPULATION ANALYSIS - NO. OF ELECTRONS    0.000000

  ATOM    Z CHARGE  A.O. POPULATION

   1 C    6  0.000 -0.000 -0.000 -0.000  0.000  0.000  0.000  0.000 -0.000
                   -0.000 -0.000  0.000  0.000  0.000  0.000 -0.000 -0.000
                    0.000 -0.000
   2 C    6  0.000 -0.000 -0.000 -0.000  0.000  0.000  0.000  0.000 -0.000
                   -0.000 -0.000  0.000  0.000  0.000  0.000 -0.000 -0.000
                    0.000 -0.000
   3 C    6  0.000 -0.000 -0.000 -0.000  0.000  0.000  0.000  0.000 -0.000
                   -0.000 -0.000  0.000  0.000  0.000  0.000 -0.000 -0.000
                    0.000 -0.000
   4 C    6  0.000 -0.000 -0.000 -0.000  0.000  0.000  0.000  0.000 -0.000
                   -0.000 -0.000  0.000  0.000  0.000  0.000 -0.000 -0.000
                    0.000 -0.000
   5 C    6  0.000 -0.000 -0.000 -0.000  0.000  0.000  0.000  0.000 -0.000
                   -0.000 -0.000  0.000  0.000  0.000  0.000 -0.000 -0.000
                    0.000 -0.000
   6 C    6  0.000 -0.000 -0.000 -0.000  0.000  0.000  0.000  0.000 -0.000
                   -0.000 -0.000  0.000  0.000  0.000  0.000 -0.000 -0.000
                    0.000 -0.000
   7 C    6  0.000 -0.000 -0.000 -0.000  0.000  0.000  0.000  0.000 -0.000
                   -0.000 -0.000  0.000  0.000  0.000  0.000 -0.000 -0.000
                    0.000 -0.000
   8 C    6  0.000 -0.000 -0.000 -0.000  0.000  0.000  0.000  0.000 -0.000
                   -0.000 -0.000  0.000  0.000  0.000  0.000 -0.000 -0.000
                    0.000 -0.000
   9 C    6  0.000  0.000  0.000 -0.000  0.000  0.000  0.000 -0.000 -0.000
                   -0.000  0.000  0.000  0.000 -0.000 -0.000 -0.000 -0.000
                    0.000 -0.000
  10 C    6  0.000  0.000  0.000 -0.000  0.000  0.000  0.000 -0.000 -0.000
                   -0.000  0.000  0.000  0.000 -0.000 -0.000 -0.000 -0.000
                    0.000 -0.000
  11 C    6  0.000  0.000  0.000 -0.000  0.000  0.000  0.000 -0.000 -0.000
                   -0.000  0.000  0.000  0.000 -0.000 -0.000 -0.000 -0.000
                    0.000 -0.000
  12 C    6  0.000  0.000  0.000 -0.000  0.000  0.000  0.000 -0.000 -0.000
                   -0.000  0.000  0.000  0.000 -0.000 -0.000 -0.000 -0.000
                    0.000 -0.000
  13 C    6  0.000  0.000  0.000 -0.000  0.000 -0.000  0.000  0.000  0.000
                   -0.000 -0.000 -0.000  0.000  0.000  0.000 -0.000 -0.000
                   -0.000 -0.000
  14 C    6  0.000  0.000  0.000 -0.000  0.000  0.000 -0.000  0.000 -0.000
                    0.000 -0.000  0.000 -0.000  0.000  0.000 -0.000 -0.000
                   -0.000 -0.000
  15 C    6  0.000  0.000  0.000 -0.000  0.000 -0.000  0.000  0.000  0.000
                   -0.000 -0.000 -0.000  0.000  0.000  0.000 -0.000 -0.000
                   -0.000 -0.000
  16 C    6  0.000  0.000  0.000 -0.000  0.000  0.000 -0.000  0.000 -0.000
                    0.000 -0.000  0.000 -0.000  0.000  0.000 -0.000 -0.000
                   -0.000 -0.000
  17 C    6  0.000  0.000  0.000 -0.000  0.000 -0.000  0.000  0.000  0.000
                   -0.000 -0.000 -0.000  0.000  0.000  0.000 -0.000 -0.000
                   -0.000 -0.000
  18 C    6  0.000  0.000  0.000 -0.000  0.000  0.000 -0.000  0.000 -0.000
                    0.000 -0.000  0.000 -0.000  0.000  0.000 -0.000 -0.000
                   -0.000 -0.000
  19 C    6  0.000  0.000  0.000 -0.000  0.000 -0.000  0.000  0.000  0.000
                   -0.000 -0.000 -0.000  0.000  0.000  0.000 -0.000 -0.000
                   -0.000 -0.000
  20 C    6  0.000  0.000  0.000 -0.000  0.000  0.000 -0.000  0.000 -0.000
                    0.000 -0.000  0.000 -0.000  0.000  0.000 -0.000 -0.000
                   -0.000 -0.000
  21 C    6  0.000  0.000  0.000 -0.000  0.000  0.000  0.000 -0.000 -0.000
                   -0.000  0.000  0.000  0.000 -0.000 -0.000 -0.000 -0.000
                    0.000 -0.000
  22 C    6  0.000  0.000  0.000 -0.000  0.000  0.000  0.000 -0.000 -0.000
                   -0.000  0.000  0.000  0.000 -0.000 -0.000 -0.000 -0.000
                    0.000 -0.000
  23 C    6  0.000  0.000  0.000 -0.000  0.000  0.000  0.000 -0.000 -0.000
                   -0.000  0.000  0.000  0.000 -0.000 -0.000 -0.000 -0.000
                    0.000 -0.000
  24 C    6  0.000  0.000  0.000 -0.000  0.000  0.000  0.000 -0.000 -0.000
                   -0.000  0.000  0.000  0.000 -0.000 -0.000 -0.000 -0.000
                    0.000 -0.000
  25 C    6  0.000  0.000  0.000 -0.000  0.000  0.000 -0.000  0.000 -0.000
                    0.000 -0.000  0.000 -0.000  0.000  0.000 -0.000 -0.000
                   -0.000 -0.000
  26 C    6  0.000  0.000  0.000 -0.000  0.000 -0.000  0.000  0.000  0.000
                   -0.000 -0.000 -0.000  0.000  0.000  0.000 -0.000 -0.000
                   -0.000 -0.000
  27 C    6  0.000  0.000  0.000 -0.000  0.000  0.000 -0.000  0.000 -0.000
                    0.000 -0.000  0.000 -0.000  0.000  0.000 -0.000 -0.000
                   -0.000 -0.000
  28 C    6  0.000  0.000  0.000 -0.000  0.000 -0.000  0.000  0.000  0.000
                   -0.000 -0.000 -0.000  0.000  0.000  0.000 -0.000 -0.000
                   -0.000 -0.000
  29 C    6  0.000  0.000  0.000 -0.000  0.000  0.000 -0.000  0.000 -0.000
                    0.000 -0.000  0.000 -0.000  0.000  0.000 -0.000 -0.000
                   -0.000 -0.000
  30 C    6  0.000  0.000  0.000 -0.000  0.000 -0.000  0.000  0.000  0.000
                   -0.000 -0.000 -0.000  0.000  0.000  0.000 -0.000 -0.000
                   -0.000 -0.000
  31 C    6  0.000  0.000  0.000 -0.000  0.000  0.000 -0.000  0.000 -0.000
                    0.000 -0.000  0.000 -0.000  0.000  0.000 -0.000 -0.000
                   -0.000 -0.000
  32 C    6  0.000  0.000  0.000 -0.000  0.000 -0.000  0.000  0.000  0.000
                   -0.000 -0.000 -0.000  0.000  0.000  0.000 -0.000 -0.000
                   -0.000 -0.000
  33 C    6 -0.000 -0.000 -0.000 -0.000 -0.000  0.000 -0.000  0.000  0.000
                    0.000  0.000 -0.000 -0.000 -0.000 -0.000 -0.000 -0.000
                   -0.000 -0.000
  34 C    6 -0.000 -0.000 -0.000 -0.000 -0.000  0.000 -0.000  0.000  0.000
                    0.000  0.000 -0.000 -0.000 -0.000 -0.000 -0.000 -0.000
                   -0.000 -0.000
  35 C    6 -0.000 -0.000 -0.000 -0.000 -0.000  0.000 -0.000  0.000  0.000
                    0.000  0.000 -0.000 -0.000 -0.000 -0.000 -0.000 -0.000
                   -0.000 -0.000
  36 C    6 -0.000 -0.000 -0.000 -0.000 -0.000  0.000 -0.000  0.000  0.000
                    0.000  0.000 -0.000 -0.000 -0.000 -0.000 -0.000 -0.000
                   -0.000 -0.000
  37 C    6 -0.000 -0.000 -0.000 -0.000 -0.000  0.000  0.000 -0.000  0.000
                    0.000  0.000 -0.000 -0.000 -0.000 -0.000 -0.000 -0.000
                   -0.000 -0.000
  38 C    6 -0.000 -0.000 -0.000 -0.000 -0.000 -0.000  0.000  0.000  0.000
                    0.000  0.000 -0.000 -0.000 -0.000 -0.000 -0.000 -0.000
                   -0.000 -0.000
  39 C    6 -0.000 -0.000 -0.000 -0.000 -0.000  0.000  0.000 -0.000  0.000
                    0.000  0.000 -0.000 -0.000 -0.000 -0.000 -0.000 -0.000
                   -0.000 -0.000
  40 C    6 -0.000 -0.000 -0.000 -0.000 -0.000 -0.000  0.000  0.000  0.000
                    0.000  0.000 -0.000 -0.000 -0.000 -0.000 -0.000 -0.000
                   -0.000 -0.000
  41 C    6 -0.000 -0.000 -0.000 -0.000 -0.000  0.000  0.000 -0.000  0.000
                    0.000  0.000 -0.000 -0.000 -0.000 -0.000 -0.000 -0.000
                   -0.000 -0.000
  42 C    6 -0.000 -0.000 -0.000 -0.000 -0.000 -0.000  0.000  0.000  0.000
                    0.000  0.000 -0.000 -0.000 -0.000 -0.000 -0.000 -0.000
                   -0.000 -0.000
  43 C    6 -0.000 -0.000 -0.000 -0.000 -0.000  0.000  0.000 -0.000  0.000
                    0.000  0.000 -0.000 -0.000 -0.000 -0.000 -0.000 -0.000
                   -0.000 -0.000
  44 C    6 -0.000 -0.000 -0.000 -0.000 -0.000 -0.000  0.000  0.000  0.000
                    0.000  0.000 -0.000 -0.000 -0.000 -0.000 -0.000 -0.000
                   -0.000 -0.000
  45 C    6 -0.000 -0.000 -0.000 -0.000 -0.000 -0.000  0.000  0.000  0.000
                    0.000  0.000 -0.000 -0.000 -0.000 -0.000 -0.000 -0.000
                   -0.000 -0.000
  46 C    6 -0.000 -0.000 -0.000 -0.000 -0.000 -0.000  0.000  0.000  0.000
                    0.000  0.000 -0.000 -0.000 -0.000 -0.000 -0.000 -0.000
                   -0.000 -0.000
  47 C    6 -0.000 -0.000 -0.000 -0.000 -0.000 -0.000  0.000  0.000  0.000
                    0.000  0.000 -0.000 -0.000 -0.000 -0.000 -0.000 -0.000
                   -0.000 -0.000
  48 C    6 -0.000 -0.000 -0.000 -0.000 -0.000 -0.000  0.000  0.000  0.000
                    0.000  0.000 -0.000 -0.000 -0.000 -0.000 -0.000 -0.000
                   -0.000 -0.000
  49 C    6 -0.000 -0.000 -0.000 -0.000 -0.000  0.000  0.000 -0.000  0.000
                    0.000  0.000 -0.000 -0.000 -0.000 -0.000 -0.000 -0.000
                   -0.000 -0.000
  50 C    6 -0.000 -0.000 -0.000 -0.000 -0.000  0.000 -0.000  0.000  0.000
                    0.000  0.000 -0.000 -0.000 -0.000 -0.000 -0.000 -0.000
                   -0.000 -0.000
  51 C    6 -0.000 -0.000 -0.000 -0.000 -0.000  0.000  0.000 -0.000  0.000
                    0.000  0.000 -0.000 -0.000 -0.000 -0.000 -0.000 -0.000
                   -0.000 -0.000
  52 C    6 -0.000 -0.000 -0.000 -0.000 -0.000  0.000 -0.000  0.000  0.000
                    0.000  0.000 -0.000 -0.000 -0.000 -0.000 -0.000 -0.000
                   -0.000 -0.000
  53 C    6 -0.000 -0.000 -0.000 -0.000 -0.000  0.000  0.000 -0.000  0.000
                    0.000  0.000 -0.000 -0.000 -0.000 -0.000 -0.000 -0.000
                   -0.000 -0.000
  54 C    6 -0.000 -0.000 -0.000 -0.000 -0.000  0.000 -0.000  0.000  0.000
                    0.000  0.000 -0.000 -0.000 -0.000 -0.000 -0.000 -0.000
                   -0.000 -0.000
  55 C    6 -0.000 -0.000 -0.000 -0.000 -0.000  0.000  0.000 -0.000  0.000
                    0.000  0.000 -0.000 -0.000 -0.000 -0.000 -0.000 -0.000
                   -0.000 -0.000
  56 C    6 -0.000 -0.000 -0.000 -0.000 -0.000  0.000 -0.000  0.000  0.000
                    0.000  0.000 -0.000 -0.000 -0.000 -0.000 -0.000 -0.000
                   -0.000 -0.000

  ATOM    Z CHARGE  SHELL POPULATION

   1 C    6  0.000 -0.000 -0.000 -0.000  0.000  0.000 -0.000  0.000 -0.000
   2 C    6  0.000 -0.000 -0.000 -0.000  0.000  0.000 -0.000  0.000 -0.000
   3 C    6  0.000 -0.000 -0.000 -0.000  0.000  0.000 -0.000  0.000 -0.000
   4 C    6  0.000 -0.000 -0.000 -0.000  0.000  0.000 -0.000  0.000 -0.000
   5 C    6  0.000 -0.000 -0.000 -0.000  0.000  0.000 -0.000  0.000 -0.000
   6 C    6  0.000 -0.000 -0.000 -0.000  0.000  0.000 -0.000  0.000 -0.000
   7 C    6  0.000 -0.000 -0.000 -0.000  0.000  0.000 -0.000  0.000 -0.000
   8 C    6  0.000 -0.000 -0.000 -0.000  0.000  0.000 -0.000  0.000 -0.000
   9 C    6  0.000  0.000  0.000 -0.000  0.000  0.000  0.000  0.000 -0.000
  10 C    6  0.000  0.000  0.000 -0.000  0.000  0.000  0.000  0.000 -0.000
  11 C    6  0.000  0.000  0.000 -0.000  0.000  0.000  0.000  0.000 -0.000
  12 C    6  0.000  0.000  0.000 -0.000  0.000  0.000  0.000  0.000 -0.000
  13 C    6  0.000  0.000  0.000 -0.000  0.000  0.000  0.000  0.000 -0.000
  14 C    6  0.000  0.000  0.000 -0.000  0.000  0.000  0.000  0.000 -0.000
  15 C    6  0.000  0.000  0.000 -0.000  0.000  0.000  0.000  0.000 -0.000
  16 C    6  0.000  0.000  0.000 -0.000  0.000  0.000  0.000  0.000 -0.000
  17 C    6  0.000  0.000  0.000 -0.000  0.000  0.000  0.000  0.000 -0.000
  18 C    6  0.000  0.000  0.000 -0.000  0.000  0.000  0.000  0.000 -0.000
  19 C    6  0.000  0.000  0.000 -0.000  0.000  0.000  0.000  0.000 -0.000
  20 C    6  0.000  0.000  0.000 -0.000  0.000  0.000  0.000  0.000 -0.000
  21 C    6  0.000  0.000  0.000 -0.000  0.000  0.000  0.000  0.000 -0.000
  22 C    6  0.000  0.000  0.000 -0.000  0.000  0.000  0.000  0.000 -0.000
  23 C    6  0.000  0.000  0.000 -0.000  0.000  0.000  0.000  0.000 -0.000
  24 C    6  0.000  0.000  0.000 -0.000  0.000  0.000  0.000  0.000 -0.000
  25 C    6  0.000  0.000  0.000 -0.000  0.000  0.000  0.000  0.000 -0.000
  26 C    6  0.000  0.000  0.000 -0.000  0.000  0.000  0.000  0.000 -0.000
  27 C    6  0.000  0.000  0.000 -0.000  0.000  0.000  0.000  0.000 -0.000
  28 C    6  0.000  0.000  0.000 -0.000  0.000  0.000  0.000  0.000 -0.000
  29 C    6  0.000  0.000  0.000 -0.000  0.000  0.000  0.000  0.000 -0.000
  30 C    6  0.000  0.000  0.000 -0.000  0.000  0.000  0.000  0.000 -0.000
  31 C    6  0.000  0.000  0.000 -0.000  0.000  0.000  0.000  0.000 -0.000
  32 C    6  0.000  0.000  0.000 -0.000  0.000  0.000  0.000  0.000 -0.000
  33 C    6 -0.000 -0.000 -0.000 -0.000 -0.000 -0.000  0.000 -0.000 -0.000
  34 C    6 -0.000 -0.000 -0.000 -0.000 -0.000 -0.000  0.000 -0.000 -0.000
  35 C    6 -0.000 -0.000 -0.000 -0.000 -0.000 -0.000  0.000 -0.000 -0.000
  36 C    6 -0.000 -0.000 -0.000 -0.000 -0.000 -0.000  0.000 -0.000 -0.000
  37 C    6 -0.000 -0.000 -0.000 -0.000 -0.000 -0.000  0.000 -0.000 -0.000
  38 C    6 -0.000 -0.000 -0.000 -0.000 -0.000 -0.000  0.000 -0.000 -0.000
  39 C    6 -0.000 -0.000 -0.000 -0.000 -0.000 -0.000  0.000 -0.000 -0.000
  40 C    6 -0.000 -0.000 -0.000 -0.000 -0.000 -0.000  0.000 -0.000 -0.000
  41 C    6 -0.000 -0.000 -0.000 -0.000 -0.000 -0.000  0.000 -0.000 -0.000
  42 C    6 -0.000 -0.000 -0.000 -0.000 -0.000 -0.000  0.000 -0.000 -0.000
  43 C    6 -0.000 -0.000 -0.000 -0.000 -0.000 -0.000  0.000 -0.000 -0.000
  44 C    6 -0.000 -0.000 -0.000 -0.000 -0.000 -0.000  0.000 -0.000 -0.000
  45 C    6 -0.000 -0.000 -0.000 -0.000 -0.000 -0.000  0.000 -0.000 -0.000
  46 C    6 -0.000 -0.000 -0.000 -0.000 -0.000 -0.000  0.000 -0.000 -0.000
  47 C    6 -0.000 -0.000 -0.000 -0.000 -0.000 -0.000  0.000 -0.000 -0.000
  48 C    6 -0.000 -0.000 -0.000 -0.000 -0.000 -0.000  0.000 -0.000 -0.000
  49 C    6 -0.000 -0.000 -0.000 -0.000 -0.000 -0.000  0.000 -0.000 -0.000
  50 C    6 -0.000 -0.000 -0.000 -0.000 -0.000 -0.000  0.000 -0.000 -0.000
  51 C    6 -0.000 -0.000 -0.000 -0.000 -0.000 -0.000  0.000 -0.000 -0.000
  52 C    6 -0.000 -0.000 -0.000 -0.000 -0.000 -0.000  0.000 -0.000 -0.000
  53 C    6 -0.000 -0.000 -0.000 -0.000 -0.000 -0.000  0.000 -0.000 -0.000
  54 C    6 -0.000 -0.000 -0.000 -0.000 -0.000 -0.000  0.000 -0.000 -0.000
  55 C    6 -0.000 -0.000 -0.000 -0.000 -0.000 -0.000  0.000 -0.000 -0.000
  56 C    6 -0.000 -0.000 -0.000 -0.000 -0.000 -0.000  0.000 -0.000 -0.000

 OVERLAP POPULATION CONDENSED TO ATOMS FOR FIRST   6 NEIGHBORS

 ATOM A   1 C    ATOM B     CELL      R(AB)/AU R(AB)/ANG    OVPOP(AB)
                  6 C    (  0  1  0)     2.858     1.512     0.000
                 33 C    (  0  0  0)     2.909     1.539    -0.000
                  9 C    (  0  0  0)     4.545     2.405    -0.000
                 46 C    (  0  1  0)     4.888     2.587    -0.000
                 21 C    (  0  1  0)     6.604     3.494     0.000
                 34 C    (  0  0  0)     6.812     3.605     0.000

 ATOM A   9 C    ATOM B     CELL      R(AB)/AU R(AB)/ANG    OVPOP(AB)
                 33 C    (  0  0  0)     2.648     1.401    -0.000
                 10 C    (  0  0  0)     2.868     1.518     0.000
                 34 C    (  0  0  0)     4.473     2.367    -0.000
                 13 C    (  0  0  0)     4.543     2.404     0.000
                  1 C    (  0  0  0)     4.545     2.405    -0.000
                 37 C    (  0  0  0)     5.293     2.801    -0.000

 ATOM A  33 C    ATOM B     CELL      R(AB)/AU R(AB)/ANG    OVPOP(AB)
                  9 C    (  0  0  0)     2.648     1.401    -0.000
                  1 C    (  0  0  0)     2.909     1.539    -0.000
                 10 C    (  0  0  0)     4.473     2.367    -0.000
                 41 C    (  0  0  0)     4.531     2.398    -0.000
                 37 C    (  0  0  0)     4.622     2.446     0.000
                  6 C    (  0  1  0)     4.888     2.587    -0.000
 EIGENVECTORS IN FORTRAN UNIT 10
 TTTTTTTTTTTTTTTTTTTTTTTTTTTTTT END         TELAPSE       86.14 TCPU       71.68
 EEEEEEEEEE TERMINATION  DATE 28 01 2026 TIME 20:38:49.3
NODE    0 CPU TIME =        71.679
NODE    1 CPU TIME =        83.843
NODE    2 CPU TIME =        83.309
NODE    3 CPU TIME =        83.390
NODE    4 CPU TIME =        83.463
NODE    5 CPU TIME =        71.905
NODE    6 CPU TIME =        83.546
NODE    7 CPU TIME =        83.289
NODE    8 CPU TIME =        83.523
NODE    9 CPU TIME =        83.485
NODE   10 CPU TIME =        83.580
NODE   11 CPU TIME =        83.462
NODE   12 CPU TIME =        83.466
NODE   13 CPU TIME =        83.325
NODE   14 CPU TIME =        72.893
NODE   15 CPU TIME =        83.451
NODE   16 CPU TIME =        83.740
NODE   17 CPU TIME =        83.494
NODE   18 CPU TIME =        83.527
NODE   19 CPU TIME =        83.493
NODE   20 CPU TIME =        83.474
NODE   21 CPU TIME =        84.606
NODE   22 CPU TIME =        83.356
NODE   23 CPU TIME =        83.786
NODE   24 CPU TIME =        84.852
NODE   25 CPU TIME =        83.024
NODE   26 CPU TIME =        83.436
NODE   27 CPU TIME =        83.125
NODE   28 CPU TIME =        83.338
NODE   29 CPU TIME =        83.160
NODE   30 CPU TIME =        83.786
NODE   31 CPU TIME =        83.127
    TOTAL CPU TIME =      2638.933
