MPI startup(): Warning: I_MPI_PMI_LIBRARY will be ignored since the hydra process manager was found
MPI startup(): Warning: I_MPI_PMI_LIBRARY will be ignored since the hydra process manager was found
MPI startup(): Warning: I_MPI_PMI_LIBRARY will be ignored since the hydra process manager was found
MPI startup(): Warning: I_MPI_PMI_LIBRARY will be ignored since the hydra process manager was found
MPI startup(): Warning: I_MPI_PMI_LIBRARY will be ignored since the hydra process manager was found
MPI startup(): Warning: I_MPI_PMI_LIBRARY will be ignored since the hydra process manager was found
MPI startup(): Warning: I_MPI_PMI_LIBRARY will be ignored since the hydra process manager was found
MPI startup(): Warning: I_MPI_PMI_LIBRARY will be ignored since the hydra process manager was found
MPI startup(): Warning: I_MPI_PMI_LIBRARY will be ignored since the hydra process manager was found
MPI startup(): Warning: I_MPI_PMI_LIBRARY will be ignored since the hydra process manager was found
MPI startup(): Warning: I_MPI_PMI_LIBRARY will be ignored since the hydra process manager was found
MPI startup(): Warning: I_MPI_PMI_LIBRARY will be ignored since the hydra process manager was found
MPI startup(): Warning: I_MPI_PMI_LIBRARY will be ignored since the hydra process manager was found
MPI startup(): Warning: I_MPI_PMI_LIBRARY will be ignored since the hydra process manager was found
MPI startup(): Warning: I_MPI_PMI_LIBRARY will be ignored since the hydra process manager was found
MPI startup(): Warning: I_MPI_PMI_LIBRARY will be ignored since the hydra process manager was found
MPI startup(): Warning: I_MPI_PMI_LIBRARY will be ignored since the hydra process manager was found
MPI startup(): Warning: I_MPI_PMI_LIBRARY will be ignored since the hydra process manager was found
MPI startup(): Warning: I_MPI_PMI_LIBRARY will be ignored since the hydra process manager was found
MPI startup(): Warning: I_MPI_PMI_LIBRARY will be ignored since the hydra process manager was found
MPI startup(): Warning: I_MPI_PMI_LIBRARY will be ignored since the hydra process manager was found
MPI startup(): Warning: I_MPI_PMI_LIBRARY will be ignored since the hydra process manager was found
MPI startup(): Warning: I_MPI_PMI_LIBRARY will be ignored since the hydra process manager was found
MPI startup(): Warning: I_MPI_PMI_LIBRARY will be ignored since the hydra process manager was found
MPI startup(): Warning: I_MPI_PMI_LIBRARY will be ignored since the hydra process manager was found
MPI startup(): Warning: I_MPI_PMI_LIBRARY will be ignored since the hydra process manager was found
MPI startup(): Warning: I_MPI_PMI_LIBRARY will be ignored since the hydra process manager was found
MPI startup(): Warning: I_MPI_PMI_LIBRARY will be ignored since the hydra process manager was found
MPI startup(): Warning: I_MPI_PMI_LIBRARY will be ignored since the hydra process manager was found
MPI startup(): Warning: I_MPI_PMI_LIBRARY will be ignored since the hydra process manager was found
MPI startup(): Warning: I_MPI_PMI_LIBRARY will be ignored since the hydra process manager was found
MPI startup(): Warning: I_MPI_PMI_LIBRARY will be ignored since the hydra process manager was found
 PROCESS           14  OF           32  WORKING
 PROCESS           15  OF           32  WORKING
 PROCESS            2  OF           32  WORKING
 PROCESS            3  OF           32  WORKING
 PROCESS           12  OF           32  WORKING
 PROCESS           17  OF           32  WORKING
 PROCESS           23  OF           32  WORKING
 PROCESS            1  OF           32  WORKING
 PROCESS            8  OF           32  WORKING
 PROCESS           10  OF           32  WORKING
 PROCESS           13  OF           32  WORKING
 PROCESS           30  OF           32  WORKING
 PROCESS           18  OF           32  WORKING
 PROCESS           31  OF           32  WORKING
 PROCESS            4  OF           32  WORKING
 PROCESS            0  OF           32  WORKING
 PROCESS           11  OF           32  WORKING
 PROCESS           22  OF           32  WORKING
 PROCESS            6  OF           32  WORKING
 PROCESS           29  OF           32  WORKING
 PROCESS           21  OF           32  WORKING
 PROCESS           24  OF           32  WORKING
 PROCESS           16  OF           32  WORKING
 PROCESS           25  OF           32  WORKING
 PROCESS           28  OF           32  WORKING

         
 *******************************************************************************
 *                                                                             *
 *                               CRYSTAL23                                     *
 *                      public : 1.0.1 - October 2022                          *
 *                       HTTP://WWW.CRYSTAL.UNITO.IT                           *
 *                                                                             *
 *                              MAIN AUTHORS                                   *
 *                                                                             *
 *  R. DOVESI(1,11), V.R. SAUNDERS(2), C. ROETTI(1,11), R. ORLANDO(1,11),      *
 *  C.M. ZICOVICH-WILSON(1,3), F. PASCALE(4), B. CIVALLERI(1,11),              *
 *  K. DOLL(5), N.M. HARRISON(6), I.J. BUSH(7), Ph. D'ARCO(8),                 *
 *  M. LLUNELL(9), M. CAUSA'(10), Y. NOEL(8), L. MASCHIO(1,11), A. ERBA(1,11)  *
 *  M. RE'RAT(14), S. CASASSA(1,11), B.G. SEARLE(2), J.K. DESMARAIS(1)         *
 *                                                                             *
 *        CONTRIBUTIONS TO THE CODE HAVE ALSO BEEN GIVEN BY                    *
 *                                                                             *
 *  M. FERRABONE(1,11), M. DE LA PIERRE(1,11), M. FERRERO(1,11),               *
 *  J. BAIMA(1,11), E. ALBANESE(1,11), M.F. PEINTINGER(12), R. BAST(13),       *
 *  B. KIRTMAN(15), V. LACIVITA(1,11), R. DEMICHELIS(1,16)                     *
 *  G. BRANDEBURG(17), S. SALUSTRO(1,11), G. SANSONE(1,11)                     *
 *  M.T. RUGGIERO(18), L.E. DAGA(1), L. DONA'(1), A. COSSARD(1)                *
 *                                                                             *
 * (1) THEORETICAL CHEMISTRY GROUP - UNIVERSITA' DI TORINO - TORINO (ITALY)    *
 * (2) SCIENTIFIC COMPUTING DEPARTMENT - STFC DARESBURY (UK)                   *
 * (3) UNIVERSIDAD AUTONOMA DEL ESTADO DE MORELOS - CUERNAVACA (MEXICO)        *
 * (4) UNIVERSITE' DE LORRAINE - NANCY (FRANCE)                                *
 * (5) UNIVERSITAET STUTTGART- STUTTGART (GERMANY)                             *
 * (6) IMPERIAL COLLEGE - LONDON (UK)                                          *
 PROCESS            5  OF           32  WORKING
 PROCESS            7  OF           32  WORKING
 * (7) SCIENTIFIC COMPUTING DEPARTMENT - STFC RAL (UK)                         *
 * (8) UPMC - SORBONNE UNIVERSITES - PARIS (FRANCE)                            *
 * (9) UNIVERSIDAD DE BARCELONA - BARCELONA (SPAIN)                            *
 *(10) UNIVERSITA' DI NAPOLI "FEDERICO II" - NAPOLI (ITALY)                    *
 *(11) NIS - NANOSTRUCTURED INTERFACES AND SURFACES - TORINO (ITALY)           *
 *(12) MPI FUER CHEMISCHE ENERGIEKONVERSION - MUELHEIM AN DER RUHR (GERMANY)   *
 *(13) UNIVERSITY OF TROMSO - TROMSO (NORWAY)                                  *
 *(14) UNIVERSITE' DE PAU ET DES PAYS DE L'ADOUR - PAU (FRANCE)                *
 *(15) UNIVERSITY OF CALIFORNIA SANTA BARBARA - SANTA BARBARA (USA)            *
 *(16) CURTIN UNIVERSITY - PERTH (AUSTRALIA)                                   *
 *(17) UNIVERSITY COLLEGE LONDON - LONDON (UK)                                 *
 *(18) UNIVERSITY OF VERMONT - BURLINGTON (USA)                                *
 *                                                                             *
 *******************************************************************************
 PROCESS           27  OF           32  WORKING
 EEEEEEEEEE STARTING  DATE 25 01 2026 TIME 02:46:13.5
 ./3^2,4^2T2-CA_rev1_sp_B3LYP-D3-D3_optimized                                    
 PROCESS           19  OF           32  WORKING
 PROCESS           26  OF           32  WORKING
 PROCESS           20  OF           32  WORKING
 PROCESS            9  OF           32  WORKING

 CRYSTAL CALCULATION
 (INPUT ACCORDING TO THE INTERNATIONAL TABLES FOR X-RAY CRYSTALLOGRAPHY)
 CRYSTAL FAMILY                       :  CUBIC       
 CRYSTAL CLASS  (GROTH - 1921)        :  CUBIC HEXAKISOCTAHEDRAL              

 SPACE GROUP (CENTROSYMMETRIC)        :  P N 3 M         

 LATTICE PARAMETERS  (ANGSTROMS AND DEGREES) - CONVENTIONAL CELL
        A           B           C        ALPHA        BETA       GAMMA
     7.91868     7.91868     7.91868    90.00000    90.00000    90.00000


 NUMBER OF IRREDUCIBLE ATOMS IN THE CONVENTIONAL CELL:    4

 INPUT COORDINATES

 ATOM AT. N.              COORDINATES
   1   6     3.212877180961E-01  1.787122819039E-01 -4.306209695345E-02
   2   6     2.785976878955E-01 -1.535001725374E-01 -1.535001725374E-01
   3   6     2.547724684811E-01  1.532037511673E-02  4.846796248833E-01
   4   6     4.462281167074E-01  5.377188329257E-02  4.462281167074E-01

 *******************************************************************************

 << INFORMATION >>: FROM NOW ON, ALL COORDINATES REFER TO THE PRIMITIVE CELL

 *******************************************************************************

 LATTICE PARAMETERS  (ANGSTROMS AND DEGREES) - PRIMITIVE CELL
       A          B          C        ALPHA      BETA     GAMMA        VOLUME
    7.91868    7.91868    7.91868    90.00000  90.00000  90.00000    496.543945

 COORDINATES OF THE EQUIVALENT ATOMS (FRACTIONAL UNITS)

 N. ATOM EQUIV AT. N.          X                  Y                  Z

   1   1   1    6 C     3.21287718096E-01  1.78712281904E-01 -4.30620969535E-02
   2   1   2    6 C     1.78712281904E-01  3.21287718096E-01 -4.30620969535E-02
   3   1   3    6 C     3.21287718096E-01  3.21287718096E-01 -4.56937903047E-01
   4   1   4    6 C     1.78712281904E-01  1.78712281904E-01 -4.56937903047E-01
   5   1   5    6 C    -4.30620969535E-02  3.21287718096E-01  1.78712281904E-01
   6   1   6    6 C     1.78712281904E-01 -4.30620969535E-02  3.21287718096E-01
   7   1   7    6 C    -4.56937903047E-01  1.78712281904E-01  1.78712281904E-01
   8   1   8    6 C     3.21287718096E-01 -4.30620969535E-02  1.78712281904E-01
   9   1   9    6 C    -4.30620969535E-02  1.78712281904E-01  3.21287718096E-01
  10   1  10    6 C     3.21287718096E-01 -4.56937903047E-01  3.21287718096E-01
  11   1  11    6 C    -4.56937903047E-01  3.21287718096E-01  3.21287718096E-01
  12   1  12    6 C     1.78712281904E-01 -4.56937903047E-01  1.78712281904E-01
  13   1  13    6 C    -1.78712281904E-01 -3.21287718096E-01  4.30620969535E-02
  14   1  14    6 C    -3.21287718096E-01 -1.78712281904E-01  4.30620969535E-02
  15   1  15    6 C    -3.21287718096E-01 -3.21287718096E-01  4.56937903047E-01
  16   1  16    6 C    -1.78712281904E-01 -1.78712281904E-01  4.56937903047E-01
  17   1  17    6 C    -3.21287718096E-01  4.30620969535E-02 -1.78712281904E-01
  18   1  18    6 C     4.30620969535E-02 -1.78712281904E-01 -3.21287718096E-01
  19   1  19    6 C    -1.78712281904E-01  4.56937903047E-01 -1.78712281904E-01
  20   1  20    6 C     4.30620969535E-02 -3.21287718096E-01 -1.78712281904E-01
  21   1  21    6 C    -1.78712281904E-01  4.30620969535E-02 -3.21287718096E-01
  22   1  22    6 C     4.56937903047E-01 -3.21287718096E-01 -3.21287718096E-01
  23   1  23    6 C    -3.21287718096E-01  4.56937903047E-01 -3.21287718096E-01
  24   1  24    6 C     4.56937903047E-01 -1.78712281904E-01 -1.78712281904E-01

  25   2   1    6 C     2.78597687895E-01 -1.53500172537E-01 -1.53500172537E-01
  26   2   2    6 C     2.21402312105E-01 -3.46499827463E-01 -1.53500172537E-01
  27   2   3    6 C     2.78597687895E-01 -3.46499827463E-01 -3.46499827463E-01
  28   2   4    6 C     2.21402312105E-01 -1.53500172537E-01 -3.46499827463E-01
  29   2   5    6 C    -1.53500172537E-01  2.78597687895E-01 -1.53500172537E-01
  30   2   6    6 C    -1.53500172537E-01 -1.53500172537E-01  2.78597687895E-01
  31   2   7    6 C    -3.46499827463E-01  2.21402312105E-01 -1.53500172537E-01
  32   2   8    6 C    -3.46499827463E-01 -1.53500172537E-01  2.21402312105E-01
  33   2   9    6 C    -1.53500172537E-01  2.21402312105E-01 -3.46499827463E-01
  34   2  10    6 C    -3.46499827463E-01 -3.46499827463E-01  2.78597687895E-01
  35   2  11    6 C    -3.46499827463E-01  2.78597687895E-01 -3.46499827463E-01
  36   2  12    6 C    -1.53500172537E-01 -3.46499827463E-01  2.21402312105E-01
  37   2  13    6 C     1.53500172537E-01 -2.78597687895E-01  1.53500172537E-01
  38   2  14    6 C     3.46499827463E-01 -2.21402312105E-01  1.53500172537E-01
  39   2  15    6 C     3.46499827463E-01 -2.78597687895E-01  3.46499827463E-01
  40   2  16    6 C     1.53500172537E-01 -2.21402312105E-01  3.46499827463E-01
  41   2  17    6 C    -2.78597687895E-01  1.53500172537E-01  1.53500172537E-01
  42   2  18    6 C     1.53500172537E-01  1.53500172537E-01 -2.78597687895E-01
  43   2  19    6 C    -2.21402312105E-01  3.46499827463E-01  1.53500172537E-01
  44   2  20    6 C     1.53500172537E-01  3.46499827463E-01 -2.21402312105E-01
  45   2  21    6 C    -2.21402312105E-01  1.53500172537E-01  3.46499827463E-01
  46   2  22    6 C     3.46499827463E-01  3.46499827463E-01 -2.78597687895E-01
  47   2  23    6 C    -2.78597687895E-01  3.46499827463E-01  3.46499827463E-01
  48   2  24    6 C     3.46499827463E-01  1.53500172537E-01 -2.21402312105E-01

  49   3   1    6 C     2.54772468481E-01  1.53203751167E-02  4.84679624883E-01
  50   3   2    6 C     2.45227531519E-01  4.84679624883E-01  4.84679624883E-01
  51   3   3    6 C     2.54772468481E-01  4.84679624883E-01  1.53203751167E-02
  52   3   4    6 C     2.45227531519E-01  1.53203751167E-02  1.53203751167E-02
  53   3   5    6 C     4.84679624883E-01  2.54772468481E-01  1.53203751167E-02
  54   3   6    6 C     1.53203751167E-02  4.84679624883E-01  2.54772468481E-01
  55   3   7    6 C     1.53203751167E-02  2.45227531519E-01  1.53203751167E-02
  56   3   8    6 C     4.84679624883E-01  4.84679624883E-01  2.45227531519E-01
  57   3   9    6 C     4.84679624883E-01  2.45227531519E-01  4.84679624883E-01
  58   3  10    6 C     4.84679624883E-01  1.53203751167E-02  2.54772468481E-01
  59   3  11    6 C     1.53203751167E-02  2.54772468481E-01  4.84679624883E-01
  60   3  12    6 C     1.53203751167E-02  1.53203751167E-02  2.45227531519E-01
  61   3  13    6 C    -1.53203751167E-02 -2.54772468481E-01 -4.84679624883E-01
  62   3  14    6 C    -4.84679624883E-01 -2.45227531519E-01 -4.84679624883E-01
  63   3  15    6 C    -4.84679624883E-01 -2.54772468481E-01 -1.53203751167E-02
  64   3  16    6 C    -1.53203751167E-02 -2.45227531519E-01 -1.53203751167E-02
  65   3  17    6 C    -2.54772468481E-01 -4.84679624883E-01 -1.53203751167E-02
  66   3  18    6 C    -4.84679624883E-01 -1.53203751167E-02 -2.54772468481E-01
  67   3  19    6 C    -2.45227531519E-01 -1.53203751167E-02 -1.53203751167E-02
  68   3  20    6 C    -4.84679624883E-01 -4.84679624883E-01 -2.45227531519E-01
  69   3  21    6 C    -2.45227531519E-01 -4.84679624883E-01 -4.84679624883E-01
  70   3  22    6 C    -1.53203751167E-02 -4.84679624883E-01 -2.54772468481E-01
  71   3  23    6 C    -2.54772468481E-01 -1.53203751167E-02 -4.84679624883E-01
  72   3  24    6 C    -1.53203751167E-02 -1.53203751167E-02 -2.45227531519E-01

  73   4   1    6 C     4.46228116707E-01  5.37718832926E-02  4.46228116707E-01
  74   4   2    6 C     5.37718832926E-02  4.46228116707E-01  4.46228116707E-01
  75   4   3    6 C     4.46228116707E-01  4.46228116707E-01  5.37718832926E-02
  76   4   4    6 C     5.37718832926E-02  5.37718832926E-02  5.37718832926E-02
  77   4   5    6 C    -5.37718832926E-02 -4.46228116707E-01 -4.46228116707E-01
  78   4   6    6 C    -4.46228116707E-01 -5.37718832926E-02 -4.46228116707E-01
  79   4   7    6 C    -4.46228116707E-01 -4.46228116707E-01 -5.37718832926E-02
  80   4   8    6 C    -5.37718832926E-02 -5.37718832926E-02 -5.37718832926E-02

 NUMBER OF SYMMETRY OPERATORS         :   48
 *******************************************************************************
 * GEOMETRY EDITING - INPUT COORDINATES ARE GIVEN IN ANGSTROM         
 *******************************************************************************

 GEOMETRY NOW FULLY CONSISTENT WITH THE GROUP

 GCALCO - MAX INDICES DIRECT LATTICE VECTOR    14    14    14
 NO.OF VECTORS CREATED 6999 STARS  120 RMAX   177.68918 BOHR

 GEOMETRY FOR WAVE FUNCTION - DIMENSIONALITY OF THE SYSTEM    3
 (NON PERIODIC DIRECTION: LATTICE PARAMETER FORMALLY SET TO 500)
 *******************************************************************************
 LATTICE PARAMETERS (ANGSTROMS AND DEGREES) - BOHR = 0.5291772083 ANGSTROM
 PRIMITIVE CELL - CENTRING CODE 1/0 VOLUME=   496.543945 - DENSITY  3.210 g/cm^3
         A              B              C           ALPHA      BETA       GAMMA 
     7.91867581     7.91867581     7.91867581    90.000000  90.000000  90.000000
 *******************************************************************************
 ATOMS IN THE ASYMMETRIC UNIT    4 - ATOMS IN THE UNIT CELL:   80
     ATOM                 X/A                 Y/B                 Z/C    
 *******************************************************************************
      1 T   6 C     3.212877180961E-01  1.787122819039E-01 -4.306209695345E-02
      2 F   6 C     1.787122819039E-01  3.212877180961E-01 -4.306209695345E-02
      3 F   6 C     3.212877180961E-01  3.212877180961E-01 -4.569379030466E-01
      4 F   6 C     1.787122819039E-01  1.787122819039E-01 -4.569379030466E-01
      5 F   6 C    -4.306209695345E-02  3.212877180961E-01  1.787122819039E-01
      6 F   6 C     1.787122819039E-01 -4.306209695345E-02  3.212877180961E-01
      7 F   6 C    -4.569379030466E-01  1.787122819039E-01  1.787122819039E-01
      8 F   6 C     3.212877180961E-01 -4.306209695345E-02  1.787122819039E-01
      9 F   6 C    -4.306209695345E-02  1.787122819039E-01  3.212877180961E-01
     10 F   6 C     3.212877180961E-01 -4.569379030466E-01  3.212877180961E-01
     11 F   6 C    -4.569379030466E-01  3.212877180961E-01  3.212877180961E-01
     12 F   6 C     1.787122819039E-01 -4.569379030466E-01  1.787122819039E-01
     13 F   6 C    -1.787122819039E-01 -3.212877180961E-01  4.306209695345E-02
     14 F   6 C    -3.212877180961E-01 -1.787122819039E-01  4.306209695345E-02
     15 F   6 C    -3.212877180961E-01 -3.212877180961E-01  4.569379030466E-01
     16 F   6 C    -1.787122819039E-01 -1.787122819039E-01  4.569379030466E-01
     17 F   6 C    -3.212877180961E-01  4.306209695345E-02 -1.787122819039E-01
     18 F   6 C     4.306209695345E-02 -1.787122819039E-01 -3.212877180961E-01
     19 F   6 C    -1.787122819039E-01  4.569379030466E-01 -1.787122819039E-01
     20 F   6 C     4.306209695345E-02 -3.212877180961E-01 -1.787122819039E-01
     21 F   6 C    -1.787122819039E-01  4.306209695345E-02 -3.212877180961E-01
     22 F   6 C     4.569379030466E-01 -3.212877180961E-01 -3.212877180961E-01
     23 F   6 C    -3.212877180961E-01  4.569379030466E-01 -3.212877180961E-01
     24 F   6 C     4.569379030466E-01 -1.787122819039E-01 -1.787122819039E-01
     25 T   6 C     2.785976878955E-01 -1.535001725374E-01 -1.535001725374E-01
     26 F   6 C     2.214023121045E-01 -3.464998274626E-01 -1.535001725374E-01
     27 F   6 C     2.785976878955E-01 -3.464998274626E-01 -3.464998274626E-01
     28 F   6 C     2.214023121045E-01 -1.535001725374E-01 -3.464998274626E-01
     29 F   6 C    -1.535001725374E-01  2.785976878955E-01 -1.535001725374E-01
     30 F   6 C    -1.535001725374E-01 -1.535001725374E-01  2.785976878955E-01
     31 F   6 C    -3.464998274626E-01  2.214023121045E-01 -1.535001725374E-01
     32 F   6 C    -3.464998274626E-01 -1.535001725374E-01  2.214023121045E-01
     33 F   6 C    -1.535001725374E-01  2.214023121045E-01 -3.464998274626E-01
     34 F   6 C    -3.464998274626E-01 -3.464998274626E-01  2.785976878955E-01
     35 F   6 C    -3.464998274626E-01  2.785976878955E-01 -3.464998274626E-01
     36 F   6 C    -1.535001725374E-01 -3.464998274626E-01  2.214023121045E-01
     37 F   6 C     1.535001725374E-01 -2.785976878955E-01  1.535001725374E-01
     38 F   6 C     3.464998274626E-01 -2.214023121045E-01  1.535001725374E-01
     39 F   6 C     3.464998274626E-01 -2.785976878955E-01  3.464998274626E-01
     40 F   6 C     1.535001725374E-01 -2.214023121045E-01  3.464998274626E-01
     41 F   6 C    -2.785976878955E-01  1.535001725374E-01  1.535001725374E-01
     42 F   6 C     1.535001725374E-01  1.535001725374E-01 -2.785976878955E-01
     43 F   6 C    -2.214023121045E-01  3.464998274626E-01  1.535001725374E-01
     44 F   6 C     1.535001725374E-01  3.464998274626E-01 -2.214023121045E-01
     45 F   6 C    -2.214023121045E-01  1.535001725374E-01  3.464998274626E-01
     46 F   6 C     3.464998274626E-01  3.464998274626E-01 -2.785976878955E-01
     47 F   6 C    -2.785976878955E-01  3.464998274626E-01  3.464998274626E-01
     48 F   6 C     3.464998274626E-01  1.535001725374E-01 -2.214023121045E-01
     49 T   6 C     2.547724684811E-01  1.532037511672E-02  4.846796248833E-01
     50 F   6 C     2.452275315189E-01  4.846796248833E-01  4.846796248833E-01
     51 F   6 C     2.547724684811E-01  4.846796248833E-01  1.532037511672E-02
     52 F   6 C     2.452275315189E-01  1.532037511672E-02  1.532037511672E-02
     53 F   6 C     4.846796248833E-01  2.547724684811E-01  1.532037511672E-02
     54 F   6 C     1.532037511672E-02  4.846796248833E-01  2.547724684811E-01
     55 F   6 C     1.532037511672E-02  2.452275315189E-01  1.532037511672E-02
     56 F   6 C     4.846796248833E-01  4.846796248833E-01  2.452275315189E-01
     57 F   6 C     4.846796248833E-01  2.452275315189E-01  4.846796248833E-01
     58 F   6 C     4.846796248833E-01  1.532037511672E-02  2.547724684811E-01
     59 F   6 C     1.532037511672E-02  2.547724684811E-01  4.846796248833E-01
     60 F   6 C     1.532037511672E-02  1.532037511672E-02  2.452275315189E-01
     61 F   6 C    -1.532037511672E-02 -2.547724684811E-01 -4.846796248833E-01
     62 F   6 C    -4.846796248833E-01 -2.452275315189E-01 -4.846796248833E-01
     63 F   6 C    -4.846796248833E-01 -2.547724684811E-01 -1.532037511672E-02
     64 F   6 C    -1.532037511672E-02 -2.452275315189E-01 -1.532037511672E-02
     65 F   6 C    -2.547724684811E-01 -4.846796248833E-01 -1.532037511672E-02
     66 F   6 C    -4.846796248833E-01 -1.532037511672E-02 -2.547724684811E-01
     67 F   6 C    -2.452275315189E-01 -1.532037511672E-02 -1.532037511672E-02
     68 F   6 C    -4.846796248833E-01 -4.846796248833E-01 -2.452275315189E-01
     69 F   6 C    -2.452275315189E-01 -4.846796248833E-01 -4.846796248833E-01
     70 F   6 C    -1.532037511672E-02 -4.846796248833E-01 -2.547724684811E-01
     71 F   6 C    -2.547724684811E-01 -1.532037511672E-02 -4.846796248833E-01
     72 F   6 C    -1.532037511672E-02 -1.532037511672E-02 -2.452275315189E-01
     73 T   6 C     4.462281167074E-01  5.377188329259E-02  4.462281167074E-01
     74 F   6 C     5.377188329259E-02  4.462281167074E-01  4.462281167074E-01
     75 F   6 C     4.462281167074E-01  4.462281167074E-01  5.377188329259E-02
     76 F   6 C     5.377188329259E-02  5.377188329259E-02  5.377188329259E-02
     77 F   6 C    -5.377188329259E-02 -4.462281167074E-01 -4.462281167074E-01
     78 F   6 C    -4.462281167074E-01 -5.377188329259E-02 -4.462281167074E-01
     79 F   6 C    -4.462281167074E-01 -4.462281167074E-01 -5.377188329259E-02
     80 F   6 C    -5.377188329259E-02 -5.377188329259E-02 -5.377188329259E-02

 T = ATOM BELONGING TO THE ASYMMETRIC UNIT

 ****   48 SYMMOPS - TRANSLATORS IN FRACTIONAL UNITS
 **** MATRICES AND TRANSLATORS IN THE CRYSTALLOGRAPHIC REFERENCE FRAME
   V INV                    ROTATION MATRICES                   TRANSLATORS
   1   1  1.00  0.00  0.00  0.00  1.00  0.00  0.00  0.00  1.00  0.00  0.00  0.00
   2   2 -1.00  0.00  0.00  0.00 -1.00  0.00  0.00  0.00  1.00  0.50  0.50  0.00
   3   3  1.00  0.00  0.00  0.00 -1.00  0.00  0.00  0.00 -1.00  0.00  0.50  0.50
   4   4 -1.00  0.00  0.00  0.00  1.00  0.00  0.00  0.00 -1.00  0.50  0.00  0.50
   5   6  0.00  0.00  1.00  1.00  0.00  0.00  0.00  1.00  0.00  0.00  0.00  0.00
   6   5  0.00  1.00  0.00  0.00  0.00  1.00  1.00  0.00  0.00  0.00  0.00  0.00
   7   8  0.00  0.00 -1.00 -1.00  0.00  0.00  0.00  1.00  0.00  0.50  0.50  0.00
   8   7  0.00 -1.00  0.00  0.00  0.00  1.00 -1.00  0.00  0.00  0.50  0.00  0.50
   9  10  0.00  0.00  1.00 -1.00  0.00  0.00  0.00 -1.00  0.00  0.00  0.50  0.50
  10   9  0.00 -1.00  0.00  0.00  0.00 -1.00  1.00  0.00  0.00  0.50  0.50  0.00
  11  12  0.00  0.00 -1.00  1.00  0.00  0.00  0.00 -1.00  0.00  0.50  0.00  0.50
  12  11  0.00  1.00  0.00  0.00  0.00 -1.00 -1.00  0.00  0.00  0.00  0.50  0.50
  13  13  0.00 -1.00  0.00 -1.00  0.00  0.00  0.00  0.00 -1.00  0.00  0.00  0.00
  14  14  0.00  1.00  0.00  1.00  0.00  0.00  0.00  0.00 -1.00  0.50  0.50  0.00
  15  16  0.00  1.00  0.00 -1.00  0.00  0.00  0.00  0.00  1.00  0.50  0.00  0.50
  16  15  0.00 -1.00  0.00  1.00  0.00  0.00  0.00  0.00  1.00  0.00  0.50  0.50
  17  17 -1.00  0.00  0.00  0.00  0.00 -1.00  0.00 -1.00  0.00  0.00  0.00  0.00
  18  18  0.00  0.00 -1.00  0.00 -1.00  0.00 -1.00  0.00  0.00  0.00  0.00  0.00
  19  21  1.00  0.00  0.00  0.00  0.00  1.00  0.00 -1.00  0.00  0.50  0.50  0.00
  20  22  0.00  0.00 -1.00  0.00  1.00  0.00  1.00  0.00  0.00  0.00  0.50  0.50
  21  19  1.00  0.00  0.00  0.00  0.00 -1.00  0.00  1.00  0.00  0.50  0.00  0.50
  22  20  0.00  0.00  1.00  0.00  1.00  0.00 -1.00  0.00  0.00  0.50  0.50  0.00
  23  23 -1.00  0.00  0.00  0.00  0.00  1.00  0.00  1.00  0.00  0.00  0.50  0.50
  24  24  0.00  0.00  1.00  0.00 -1.00  0.00  1.00  0.00  0.00  0.50  0.00  0.50
  25  25 -1.00  0.00  0.00  0.00 -1.00  0.00  0.00  0.00 -1.00  0.00  0.00  0.00
  26  26  1.00  0.00  0.00  0.00  1.00  0.00  0.00  0.00 -1.00  0.50  0.50  0.00
  27  27 -1.00  0.00  0.00  0.00  1.00  0.00  0.00  0.00  1.00  0.00  0.50  0.50
  28  28  1.00  0.00  0.00  0.00 -1.00  0.00  0.00  0.00  1.00  0.50  0.00  0.50
  29  30  0.00  0.00 -1.00 -1.00  0.00  0.00  0.00 -1.00  0.00  0.00  0.00  0.00
  30  29  0.00 -1.00  0.00  0.00  0.00 -1.00 -1.00  0.00  0.00  0.00  0.00  0.00
  31  32  0.00  0.00  1.00  1.00  0.00  0.00  0.00 -1.00  0.00  0.50  0.50  0.00
  32  31  0.00  1.00  0.00  0.00  0.00 -1.00  1.00  0.00  0.00  0.50  0.00  0.50
  33  34  0.00  0.00 -1.00  1.00  0.00  0.00  0.00  1.00  0.00  0.00  0.50  0.50
  34  33  0.00  1.00  0.00  0.00  0.00  1.00 -1.00  0.00  0.00  0.50  0.50  0.00
  35  36  0.00  0.00  1.00 -1.00  0.00  0.00  0.00  1.00  0.00  0.50  0.00  0.50
  36  35  0.00 -1.00  0.00  0.00  0.00  1.00  1.00  0.00  0.00  0.00  0.50  0.50
  37  37  0.00  1.00  0.00  1.00  0.00  0.00  0.00  0.00  1.00  0.00  0.00  0.00
  38  38  0.00 -1.00  0.00 -1.00  0.00  0.00  0.00  0.00  1.00  0.50  0.50  0.00
  39  40  0.00 -1.00  0.00  1.00  0.00  0.00  0.00  0.00 -1.00  0.50  0.00  0.50
  40  39  0.00  1.00  0.00 -1.00  0.00  0.00  0.00  0.00 -1.00  0.00  0.50  0.50
  41  41  1.00  0.00  0.00  0.00  0.00  1.00  0.00  1.00  0.00  0.00  0.00  0.00
  42  42  0.00  0.00  1.00  0.00  1.00  0.00  1.00  0.00  0.00  0.00  0.00  0.00
  43  45 -1.00  0.00  0.00  0.00  0.00 -1.00  0.00  1.00  0.00  0.50  0.50  0.00
  44  46  0.00  0.00  1.00  0.00 -1.00  0.00 -1.00  0.00  0.00  0.00  0.50  0.50
  45  43 -1.00  0.00  0.00  0.00  0.00  1.00  0.00 -1.00  0.00  0.50  0.00  0.50
  46  44  0.00  0.00 -1.00  0.00 -1.00  0.00  1.00  0.00  0.00  0.50  0.50  0.00
  47  47  1.00  0.00  0.00  0.00  0.00 -1.00  0.00 -1.00  0.00  0.00  0.50  0.50
  48  48  0.00  0.00 -1.00  0.00  1.00  0.00 -1.00  0.00  0.00  0.50  0.00  0.50

 DIRECT LATTICE VECTORS CARTESIAN COMPONENTS (ANGSTROM)
          X                    Y                    Z
   0.791867581000E+01   0.000000000000E+00   0.000000000000E+00
   0.000000000000E+00   0.791867581000E+01   0.000000000000E+00
   0.000000000000E+00   0.000000000000E+00   0.791867581000E+01


 CARTESIAN COORDINATES - PRIMITIVE CELL
 *******************************************************************************
 *      ATOM          X(ANGSTROM)         Y(ANGSTROM)         Z(ANGSTROM)
 *******************************************************************************
    1     6 C     2.544173281338E+00  1.415164623662E+00 -3.409947854732E-01
    2     6 C     1.415164623662E+00  2.544173281338E+00 -3.409947854732E-01
    3     6 C     2.544173281338E+00  2.544173281338E+00 -3.618343119527E+00
    4     6 C     1.415164623662E+00  1.415164623662E+00 -3.618343119527E+00
    5     6 C    -3.409947854732E-01  2.544173281338E+00  1.415164623662E+00
    6     6 C     1.415164623662E+00 -3.409947854732E-01  2.544173281338E+00
    7     6 C    -3.618343119527E+00  1.415164623662E+00  1.415164623662E+00
    8     6 C     2.544173281338E+00 -3.409947854732E-01  1.415164623662E+00
    9     6 C    -3.409947854732E-01  1.415164623662E+00  2.544173281338E+00
   10     6 C     2.544173281338E+00 -3.618343119527E+00  2.544173281338E+00
   11     6 C    -3.618343119527E+00  2.544173281338E+00  2.544173281338E+00
   12     6 C     1.415164623662E+00 -3.618343119527E+00  1.415164623662E+00
   13     6 C    -1.415164623662E+00 -2.544173281338E+00  3.409947854732E-01
   14     6 C    -2.544173281338E+00 -1.415164623662E+00  3.409947854732E-01
   15     6 C    -2.544173281338E+00 -2.544173281338E+00  3.618343119527E+00
   16     6 C    -1.415164623662E+00 -1.415164623662E+00  3.618343119527E+00
   17     6 C    -2.544173281338E+00  3.409947854732E-01 -1.415164623662E+00
   18     6 C     3.409947854732E-01 -1.415164623662E+00 -2.544173281338E+00
   19     6 C    -1.415164623662E+00  3.618343119527E+00 -1.415164623662E+00
   20     6 C     3.409947854732E-01 -2.544173281338E+00 -1.415164623662E+00
   21     6 C    -1.415164623662E+00  3.409947854732E-01 -2.544173281338E+00
   22     6 C     3.618343119527E+00 -2.544173281338E+00 -2.544173281338E+00
   23     6 C    -2.544173281338E+00  3.618343119527E+00 -2.544173281338E+00
   24     6 C     3.618343119527E+00 -1.415164623662E+00 -1.415164623662E+00
   25     6 C     2.206124771860E+00 -1.215518103103E+00 -1.215518103103E+00
   26     6 C     1.753213133140E+00 -2.743819801897E+00 -1.215518103103E+00
   27     6 C     2.206124771860E+00 -2.743819801897E+00 -2.743819801897E+00
   28     6 C     1.753213133140E+00 -1.215518103103E+00 -2.743819801897E+00
   29     6 C    -1.215518103103E+00  2.206124771860E+00 -1.215518103103E+00
   30     6 C    -1.215518103103E+00 -1.215518103103E+00  2.206124771860E+00
   31     6 C    -2.743819801897E+00  1.753213133140E+00 -1.215518103103E+00
   32     6 C    -2.743819801897E+00 -1.215518103103E+00  1.753213133140E+00
   33     6 C    -1.215518103103E+00  1.753213133140E+00 -2.743819801897E+00
   34     6 C    -2.743819801897E+00 -2.743819801897E+00  2.206124771860E+00
   35     6 C    -2.743819801897E+00  2.206124771860E+00 -2.743819801897E+00
   36     6 C    -1.215518103103E+00 -2.743819801897E+00  1.753213133140E+00
   37     6 C     1.215518103103E+00 -2.206124771860E+00  1.215518103103E+00
   38     6 C     2.743819801897E+00 -1.753213133140E+00  1.215518103103E+00
   39     6 C     2.743819801897E+00 -2.206124771860E+00  2.743819801897E+00
   40     6 C     1.215518103103E+00 -1.753213133140E+00  2.743819801897E+00
   41     6 C    -2.206124771860E+00  1.215518103103E+00  1.215518103103E+00
   42     6 C     1.215518103103E+00  1.215518103103E+00 -2.206124771860E+00
   43     6 C    -1.753213133140E+00  2.743819801897E+00  1.215518103103E+00
   44     6 C     1.215518103103E+00  2.743819801897E+00 -1.753213133140E+00
   45     6 C    -1.753213133140E+00  1.215518103103E+00  2.743819801897E+00
   46     6 C     2.743819801897E+00  2.743819801897E+00 -2.206124771860E+00
   47     6 C    -2.206124771860E+00  2.743819801897E+00  2.743819801897E+00
   48     6 C     2.743819801897E+00  1.215518103103E+00 -1.753213133140E+00
   49     6 C     2.017460583215E+00  1.213170838369E-01  3.838020821163E+00
   50     6 C     1.941877321785E+00  3.838020821163E+00  3.838020821163E+00
   51     6 C     2.017460583215E+00  3.838020821163E+00  1.213170838369E-01
   52     6 C     1.941877321785E+00  1.213170838369E-01  1.213170838369E-01
   53     6 C     3.838020821163E+00  2.017460583215E+00  1.213170838369E-01
   54     6 C     1.213170838369E-01  3.838020821163E+00  2.017460583215E+00
   55     6 C     1.213170838369E-01  1.941877321785E+00  1.213170838369E-01
   56     6 C     3.838020821163E+00  3.838020821163E+00  1.941877321785E+00
   57     6 C     3.838020821163E+00  1.941877321785E+00  3.838020821163E+00
   58     6 C     3.838020821163E+00  1.213170838369E-01  2.017460583215E+00
   59     6 C     1.213170838369E-01  2.017460583215E+00  3.838020821163E+00
   60     6 C     1.213170838369E-01  1.213170838369E-01  1.941877321785E+00
   61     6 C    -1.213170838369E-01 -2.017460583215E+00 -3.838020821163E+00
   62     6 C    -3.838020821163E+00 -1.941877321785E+00 -3.838020821163E+00
   63     6 C    -3.838020821163E+00 -2.017460583215E+00 -1.213170838369E-01
   64     6 C    -1.213170838369E-01 -1.941877321785E+00 -1.213170838369E-01
   65     6 C    -2.017460583215E+00 -3.838020821163E+00 -1.213170838369E-01
   66     6 C    -3.838020821163E+00 -1.213170838369E-01 -2.017460583215E+00
   67     6 C    -1.941877321785E+00 -1.213170838369E-01 -1.213170838369E-01
   68     6 C    -3.838020821163E+00 -3.838020821163E+00 -1.941877321785E+00
   69     6 C    -1.941877321785E+00 -3.838020821163E+00 -3.838020821163E+00
   70     6 C    -1.213170838369E-01 -3.838020821163E+00 -2.017460583215E+00
   71     6 C    -2.017460583215E+00 -1.213170838369E-01 -3.838020821163E+00
   72     6 C    -1.213170838369E-01 -1.213170838369E-01 -1.941877321785E+00
   73     6 C     3.533535793513E+00  4.258021114872E-01  3.533535793513E+00
   74     6 C     4.258021114872E-01  3.533535793513E+00  3.533535793513E+00
   75     6 C     3.533535793513E+00  3.533535793513E+00  4.258021114872E-01
   76     6 C     4.258021114872E-01  4.258021114872E-01  4.258021114872E-01
   77     6 C    -4.258021114872E-01 -3.533535793513E+00 -3.533535793513E+00
   78     6 C    -3.533535793513E+00 -4.258021114872E-01 -3.533535793513E+00
   79     6 C    -3.533535793513E+00 -3.533535793513E+00 -4.258021114872E-01
   80     6 C    -4.258021114872E-01 -4.258021114872E-01 -4.258021114872E-01

 *******************************************************************************
 LOCAL ATOMIC FUNCTIONS BASIS SET
 *******************************************************************************
   ATOM   X(AU)   Y(AU)   Z(AU)  N. TYPE  EXPONENT  S COEF   P COEF   D/F/G COEF
 *******************************************************************************
   1 C    4.808   2.674  -0.644
                                  1 S  
                                         1.358E+04 2.225E-04 0.000E+00 0.000E+00
                                         2.035E+03 1.723E-03 0.000E+00 0.000E+00
                                         4.632E+02 8.926E-03 0.000E+00 0.000E+00
                                         1.312E+02 3.573E-02 0.000E+00 0.000E+00
                                         4.285E+01 1.108E-01 0.000E+00 0.000E+00
                                         1.558E+01 2.430E-01 0.000E+00 0.000E+00
                                  2 S  
                                         6.207E+00 4.144E-01 0.000E+00 0.000E+00
                                         2.576E+00 2.374E-01 0.000E+00 0.000E+00
                                  3 S  
                                         4.941E-01 1.000E+00 0.000E+00 0.000E+00
                                  4 S  
                                         1.644E-01 1.000E+00 0.000E+00 0.000E+00
                           5-     7 P  
                                         3.470E+01 0.000E+00 5.333E-03 0.000E+00
                                         7.958E+00 0.000E+00 3.586E-02 0.000E+00
                                         2.378E+00 0.000E+00 1.422E-01 0.000E+00
                                         8.143E-01 0.000E+00 3.427E-01 0.000E+00
                           8-    10 P  
                                         5.662E-01 0.000E+00 1.000E+00 0.000E+00
                          11-    13 P  
                                         2.674E-01 0.000E+00 1.000E+00 0.000E+00
                          14-    18 D  
                                         8.792E-01 0.000E+00 0.000E+00 1.000E+00
   2 C    2.674   4.808  -0.644
   3 C    4.808   4.808  -6.838
   4 C    2.674   2.674  -6.838
   5 C   -0.644   4.808   2.674
   6 C    2.674  -0.644   4.808
   7 C   -6.838   2.674   2.674
   8 C    4.808  -0.644   2.674
   9 C   -0.644   2.674   4.808
  10 C    4.808  -6.838   4.808
  11 C   -6.838   4.808   4.808
  12 C    2.674  -6.838   2.674
  13 C   -2.674  -4.808   0.644
  14 C   -4.808  -2.674   0.644
  15 C   -4.808  -4.808   6.838
  16 C   -2.674  -2.674   6.838
  17 C   -4.808   0.644  -2.674
  18 C    0.644  -2.674  -4.808
  19 C   -2.674   6.838  -2.674
  20 C    0.644  -4.808  -2.674
  21 C   -2.674   0.644  -4.808
  22 C    6.838  -4.808  -4.808
  23 C   -4.808   6.838  -4.808
  24 C    6.838  -2.674  -2.674
  25 C    4.169  -2.297  -2.297
  26 C    3.313  -5.185  -2.297
  27 C    4.169  -5.185  -5.185
  28 C    3.313  -2.297  -5.185
  29 C   -2.297   4.169  -2.297
  30 C   -2.297  -2.297   4.169
  31 C   -5.185   3.313  -2.297
  32 C   -5.185  -2.297   3.313
  33 C   -2.297   3.313  -5.185
  34 C   -5.185  -5.185   4.169
  35 C   -5.185   4.169  -5.185
  36 C   -2.297  -5.185   3.313
  37 C    2.297  -4.169   2.297
  38 C    5.185  -3.313   2.297
  39 C    5.185  -4.169   5.185
  40 C    2.297  -3.313   5.185
  41 C   -4.169   2.297   2.297
  42 C    2.297   2.297  -4.169
  43 C   -3.313   5.185   2.297
  44 C    2.297   5.185  -3.313
  45 C   -3.313   2.297   5.185
  46 C    5.185   5.185  -4.169
  47 C   -4.169   5.185   5.185
  48 C    5.185   2.297  -3.313
  49 C    3.812   0.229   7.253
  50 C    3.670   7.253   7.253
  51 C    3.812   7.253   0.229
  52 C    3.670   0.229   0.229
  53 C    7.253   3.812   0.229
  54 C    0.229   7.253   3.812
  55 C    0.229   3.670   0.229
  56 C    7.253   7.253   3.670
  57 C    7.253   3.670   7.253
  58 C    7.253   0.229   3.812
  59 C    0.229   3.812   7.253
  60 C    0.229   0.229   3.670
  61 C   -0.229  -3.812  -7.253
  62 C   -7.253  -3.670  -7.253
  63 C   -7.253  -3.812  -0.229
  64 C   -0.229  -3.670  -0.229
  65 C   -3.812  -7.253  -0.229
  66 C   -7.253  -0.229  -3.812
  67 C   -3.670  -0.229  -0.229
  68 C   -7.253  -7.253  -3.670
  69 C   -3.670  -7.253  -7.253
  70 C   -0.229  -7.253  -3.812
  71 C   -3.812  -0.229  -7.253
  72 C   -0.229  -0.229  -3.670
  73 C    6.677   0.805   6.677
  74 C    0.805   6.677   6.677
  75 C    6.677   6.677   0.805
  76 C    0.805   0.805   0.805
  77 C   -0.805  -6.677  -6.677
  78 C   -6.677  -0.805  -6.677
  79 C   -6.677  -6.677  -0.805
  80 C   -0.805  -0.805  -0.805
 INFORMATION **** SET_MPP **** PCRYSTAL CALCULATION
 INFORMATION **** READM2 **** NEW DEFAULT: FOCK/KS MATRIX MIXING SET TO 30 %
 INFORMATION **** READM2 **** NEW DEFAULT: FULL DIRECT SCF MODE
 INFORMATION **** READM2 **** NEW DEFAULT: COULOMB BIPOLAR BUFFER SET TO 32 Mb
 INFORMATION **** READM2 **** NEW DEFAULT: EXCHANGE BIPOLAR BUFFER SET TO 32 Mb

 *******************************************************************************
 NEW DEFAULT: DFT INTEGRATION GRID INCREASED TO XLGRID
 NEW DEFAULT: DIIS ACCELERATOR ACTIVE
 USE KEYWORD NODIIS TO TURN IT OFF
 *******************************************************************************

 INFORMATION **** DFTD3_INPUT **** PERFORM LATEST DISPERSION CORRECTION DFT-D3(BJ) WITH AUTOMATIC PARAMETER SETUP
 PLEASE CITE:
 (1) DFT-D3 Reference
  S. Grimme, J. Antony, S. Ehrlich, and H. Krieg, J. Chem. Phys. 132 (2010), 154104
 (2) BJ-Damping Reference
  S. Grimme, S. Ehrlich, and L. Goerigk, J. Comput. Chem. 32 (2011), 1456-1465
 (3) General DFT-D Review
  S. Grimme, A. Hansen, J. G. Brandenburg, and C. Bannwarth,
  Chem. Rev. 116 (2016), 5105-5154

 INFORMATION **** TOLINTEG **** COULOMB AND EXCHANGE SERIES TOLERANCES MODIFIED
 INFORMATION **** TOLDEE **** SCF TOL ON TOTAL ENERGY SET TO           9
 INFORMATION **** READM2 **** FULL DIRECT SCF (MONO AND BIEL INT) SELECTED
 INFORMATION **** MAXCYCLE **** MAX NUMBER OF SCF CYCLES SET TO        1600
 INFORMATION **** DIIS **** DIIS FOR SCF ACTIVE
 INFORMATION **** DIIS **** LEVEL SHIFTER DISABLED
 INFORMATION **** PPAN ****  MULLIKEN POPULATION ANALYSIS AT THE END OF SCF
 *******************************************************************************
 N. OF ATOMS PER CELL        80  COULOMB OVERLAP TOL         (T1) 10**   -8
 NUMBER OF SHELLS           640  COULOMB PENETRATION TOL     (T2) 10**   -8
 NUMBER OF AO              1440  EXCHANGE OVERLAP TOL        (T3) 10**   -8
 N. OF ELECTRONS PER CELL   480  EXCHANGE PSEUDO OVP (F(G))  (T4) 10**   -9
 CORE ELECTRONS PER CELL    160  EXCHANGE PSEUDO OVP (P(G))  (T5) 10**  -24
 N. OF SYMMETRY OPERATORS    48  POLE ORDER IN MONO ZONE                  4
 *******************************************************************************
 TYPE OF CALCULATION :  UNRESTRICTED OPEN SHELL
 KOHN-SHAM HAMILTONIAN

 (EXCHANGE)[CORRELATION] FUNCTIONAL:(BECKE 88)[LEE-YANG-PARR]

 NON-LOCAL WEIGHTING FACTOR (EXCHANGE) =           0.9000
 NON-LOCAL WEIGHTING FACTOR [CORRELATION] =        0.8100

 HYBRID EXCHANGE - PERCENTAGE OF FOCK EXCHANGE    20.0000

 SPIN POLARIZED DFT SELECTED

 CAPPA:IS1  6;IS2  6;IS3  6; K PTS MONK NET  20; SYMMOPS:K SPACE  48;G SPACE  48

 *******************************************************************************
 MAX NUMBER OF SCF CYCLES    1600  CONVERGENCE ON DELTAP        10**-19
 WEIGHT OF F(I) IN F(I+1)      30% CONVERGENCE ON ENERGY        10**- 9
 SHRINK. FACT.(MONKH.)    6  6  6  NUMBER OF K POINTS IN THE IBZ     20
 SHRINKING FACTOR(GILAT NET)   12  NUMBER OF K POINTS(GILAT NET)     84
 *******************************************************************************
 *** K POINTS COORDINATES (OBLIQUE COORDINATES IN UNITS OF IS =  6)
   1-R(  0  0  0)   2-C(  1  0  0)   3-C(  2  0  0)   4-R(  3  0  0)
   5-C(  1  1  0)   6-C(  2  1  0)   7-C(  3  1  0)   8-C(  2  2  0)
   9-C(  3  2  0)  10-R(  3  3  0)  11-C(  1  1  1)  12-C(  2  1  1)
  13-C(  3  1  1)  14-C(  2  2  1)  15-C(  3  2  1)  16-C(  3  3  1)
  17-C(  2  2  2)  18-C(  3  2  2)  19-C(  3  3  2)  20-R(  3  3  3)

 DIRECT LATTICE VECTORS COMPON. (A.U.)     RECIP. LATTICE VECTORS COMPON. (A.U.) 
        X            Y            Z              X            Y            Z
   14.9641286    0.0000000    0.0000000      0.4198831    0.0000000    0.0000000
    0.0000000   14.9641286    0.0000000      0.0000000    0.4198831    0.0000000
    0.0000000    0.0000000   14.9641286      0.0000000    0.0000000    0.4198831

 DISK SPACE FOR EIGENVECTORS (FTN 10)    74649600 REALS

 SYMMETRY ADAPTION OF THE BLOCH FUNCTIONS ENABLED
 TTTTTTTTTTTTTTTTTTTTTTTTTTTTTT gordsh1     TELAPSE        2.20 TCPU        1.14

 MATRIX SIZE: P(G) 8724160, F(G)  991256, P(G) IRR  105023, F(G) IRR   25488
 MAX G-VECTOR INDEX FOR 1- AND 2-ELECTRON INTEGRALS 113

 TTTTTTTTTTTTTTTTTTTTTTTTTTTTTT INPUT       TELAPSE        2.24 TCPU        1.18

 NEIGHBORS OF THE NON-EQUIVALENT ATOMS

 N = NUMBER OF NEIGHBORS AT DISTANCE R
    ATOM  N     R/ANG      R/AU   NEIGHBORS (ATOM LABELS AND CELL INDICES)
   1 C    1     1.4402     2.7215   48 C    0 0 0
   1 C    2     1.5002     2.8349   52 C    0 0 0   53 C    0 0 0
   1 C    1     1.5967     3.0172    2 C    0 0 0
   1 C    2     2.2987     4.3439   42 C    0 0 0   46 C    0 0 0
   1 C    1     2.3505     4.4419   44 C    0 0 0
   1 C    2     2.4606     4.6498   75 C    0 0 0   76 C    0 0 0

  25 C    1     1.4402     2.7215   24 C    0 0 0
  25 C    2     1.5940     3.0122   26 C    0 0 0   28 C    0 0 0
  25 C    1     1.9089     3.6074   52 C    0 0 0
  25 C    1     2.1613     4.0844   27 C    0 0 0
  25 C    2     2.2987     4.3439   18 C    0 0 0   20 C    0 0 0
  25 C    2     2.3139     4.3727   63 C    1 0 0   66 C    1 0 0

  49 C    2     1.5002     2.8349    4 C    0 0 1    6 C    0 0 0
  49 C    1     1.5760     2.9783   73 C    0 0 0
  49 C    1     1.9089     3.6074   28 C    0 0 1
  49 C    2     2.3139     4.3727   40 C    0 0 0   42 C    0 0 1
  49 C    1     2.4909     4.7071   78 C    1 0 1
  49 C    2     2.5222     4.7662    3 C    0 0 1    8 C    0 0 0

  73 C    1     1.4750     2.7874   78 C    1 0 1
  73 C    3     1.5760     2.9783   49 C    0 0 0   57 C    0 0 0   58 C    0 0 0
  73 C    6     2.4606     4.6498    3 C    0 0 1    4 C    0 0 1    6 C    0 0 0
                                     7 C    1 0 0    8 C    0 0 0   11 C    1 0 0
  73 C    3     2.4909     4.7071   62 C    1 0 1   66 C    1 0 1   71 C    1 0 1
  73 C    3     2.8591     5.4029   39 C    0 0 0   45 C    1 0 0   48 C    0 0 1
  73 C    3     2.9253     5.5280   28 C    0 0 1   32 C    1 0 0   35 C    1 0 1


 SYMMETRY ALLOWED INTERNAL DEGREE(S) OF FREEDOM:   7
 TTTTTTTTTTTTTTTTTTTTTTTTTTTTTT SYMM        TELAPSE        2.33 TCPU        1.26
 TTTTTTTTTTTTTTTTTTTTTTTTTTTTTT INT_SCREEN  TELAPSE        2.38 TCPU        1.31
 WARNING **** EXCBUF **** EXCH. BIPO BUFFER TOO SMALL - TO AVOID I/O SET EXCHSIZE =     9164061

 DFT PARAMETERS

     ATOM       ELECTRONS   NET CHARGE   R(ANGSTROM)
   1   6  C       6.0000      0.0000     0.77000000

 SIZE OF GRID=      48091
 TTTTTTTTTTTTTTTTTTTTTTTTTTTTTT MAKE_GRID2  TELAPSE        3.02 TCPU        1.78
 BECKE WEIGHT FUNCTION
 RADSAFE =     2.00
 TOLERANCES - DENSITY:10**- 6; POTENTIAL:10**- 9; GRID WGT:10**-14

 RADIAL INTEGRATION  - INTERVALS (POINTS,UPPER LIMIT):            1( 75,  4.0*R)

 ANGULAR INTEGRATION - INTERVALS (ACCURACY LEVEL [N. POINTS] UPPER LIMIT):
  1(  4[  86]   0.2)  2(  8[ 194]   0.5)  3( 12[ 350]   0.9)  4( 16[ 974]   3.5)
  5( 12[ 350]9999.0)
 TTTTTTTTTTTTTTTTTTTTTTTTTTTTTT INT_CALC    TELAPSE        3.04 TCPU        1.81
 EEEEEEEEEE INT_CALC TERMINATION  DATE 25 01 2026 TIME 02:46:15.0

 *******************************************************************************
 ./3^2,4^2T2-CA_rev1_sp_B3LYP-D3-D3_optimized                                    
 CRYSTAL - SCF - TYPE OF CALCULATION :  UNRESTRICTED OPEN SHELL
 *******************************************************************************

 CAPPA:IS1  6;IS2  6;IS3  6; K PTS MONK NET  20; SYMMOPS:K SPACE  48;G SPACE  48

 TTTTTTTTTTTTTTTTTTTTTTTTTTTTTT SDIK        TELAPSE        3.83 TCPU        2.59

 AAAAAAAAAAAAAAAAAAAAAAAAAAAAAAAAAAAAAAAAAAAAAAAAAAAAAAAAAAAAAAAAAAAAAAAAAAAAAAA
         ATOMIC WAVEFUNCTION(S)


 NUCLEAR CHARGE  6.0  SYMMETRY SPECIES            S    P
 N. ELECTRONS    6.0  NUMBER OF PRIMITIVE GTOS   10    6
                      NUMBER OF CONTRACTED GTOS   4    3
                      NUMBER OF CLOSED SHELLS     2    0
                      OPEN SHELL OCCUPATION       0    2

  ZNUC  SCFIT    TOTAL HF ENERGY   KINETIC ENERGY   VIRIAL THEOREM ACCURACY
   6.0    10    -3.766702350E+01  3.783137943E+01 -1.995655566E+00  1.6E-06

 AAAAAAAAAAAAAAAAAAAAAAAAAAAAAAAAAAAAAAAAAAAAAAAAAAAAAAAAAAAAAAAAAAAAAAAAAAAAAAA

 CHARGE NORMALIZATION FACTOR   1.00000000
 TOTAL ATOMIC CHARGES:
   6.0000000   6.0000000   6.0000000   6.0000000   6.0000000   6.0000000
   6.0000000   6.0000000   6.0000000   6.0000000   6.0000000   6.0000000
   6.0000000   6.0000000   6.0000000   6.0000000   6.0000000   6.0000000
   6.0000000   6.0000000   6.0000000   6.0000000   6.0000000   6.0000000
   6.0000000   6.0000000   6.0000000   6.0000000   6.0000000   6.0000000
   6.0000000   6.0000000   6.0000000   6.0000000   6.0000000   6.0000000
   6.0000000   6.0000000   6.0000000   6.0000000   6.0000000   6.0000000
   6.0000000   6.0000000   6.0000000   6.0000000   6.0000000   6.0000000
   6.0000000   6.0000000   6.0000000   6.0000000   6.0000000   6.0000000
   6.0000000   6.0000000   6.0000000   6.0000000   6.0000000   6.0000000
   6.0000000   6.0000000   6.0000000   6.0000000   6.0000000   6.0000000
   6.0000000   6.0000000   6.0000000   6.0000000   6.0000000   6.0000000
   6.0000000   6.0000000   6.0000000   6.0000000   6.0000000   6.0000000
   6.0000000   6.0000000
 SUMMED SPIN DENSITY           0.00000000
 TOTAL ATOMIC SPINS  :
   0.0000000   0.0000000   0.0000000   0.0000000   0.0000000   0.0000000
   0.0000000   0.0000000   0.0000000   0.0000000   0.0000000   0.0000000
   0.0000000   0.0000000   0.0000000   0.0000000   0.0000000   0.0000000
   0.0000000   0.0000000   0.0000000   0.0000000   0.0000000   0.0000000
   0.0000000   0.0000000   0.0000000   0.0000000   0.0000000   0.0000000
   0.0000000   0.0000000   0.0000000   0.0000000   0.0000000   0.0000000
   0.0000000   0.0000000   0.0000000   0.0000000   0.0000000   0.0000000
   0.0000000   0.0000000   0.0000000   0.0000000   0.0000000   0.0000000
   0.0000000   0.0000000   0.0000000   0.0000000   0.0000000   0.0000000
   0.0000000   0.0000000   0.0000000   0.0000000   0.0000000   0.0000000
   0.0000000   0.0000000   0.0000000   0.0000000   0.0000000   0.0000000
   0.0000000   0.0000000   0.0000000   0.0000000   0.0000000   0.0000000
   0.0000000   0.0000000   0.0000000   0.0000000   0.0000000   0.0000000
   0.0000000   0.0000000
 TTTTTTTTTTTTTTTTTTTTTTTTTTTTTT MOQGAD      TELAPSE        3.87 TCPU        2.63
 WARNING **** GENBUD **** COUL. BIPO BUFFER TOO SMALL - TO AVOID I/O SET BIPOSIZE =     4683000
 TTTTTTTTTTTTTTTTTTTTTTTTTTTTTT SHELLXN     TELAPSE       63.82 TCPU       62.53
 TTTTTTTTTTTTTTTTTTTTTTTTTTTTTT MONMO3      TELAPSE       63.97 TCPU       62.68
 NUMERICALLY INTEGRATED DENSITY    240.0007257587    240.0007257587
 TTTTTTTTTTTTTTTTTTTTTTTTTTTTTT NUMDFT      TELAPSE       65.20 TCPU       63.90
 CYC   0 ETOT(AU) -3.070704227198E+03 DETOT -3.07E+03 tst  0.00E+00 PX  1.00E+00
 TTTTTTTTTTTTTTTTTTTTTTTTTTTTTT DIIS        TELAPSE       65.46 TCPU       64.17
 TTTTTTTTTTTTTTTTTTTTTTTTTTTTTT FDIK        TELAPSE       76.20 TCPU       74.90

    ALPHA      ELECTRONS
 INSULATING STATE
 TOP OF VALENCE BANDS -    BAND    240; K    1; EIG -2.4166832E-01 AU
 BOTTOM OF VIRTUAL BANDS - BAND    241; K   20; EIG -1.0049499E-01 AU
 INDIRECT ENERGY BAND GAP:   3.8415 eV
 BOTTOM OF VIRTUAL BANDS - BAND    241; K    1; EIG -8.7760531E-02 AU

    BETA       ELECTRONS
 INSULATING STATE
 TOP OF VALENCE BANDS -    BAND    240; K    1; EIG -2.4166832E-01 AU
 BOTTOM OF VIRTUAL BANDS - BAND    241; K   20; EIG -1.0049499E-01 AU
 INDIRECT ENERGY BAND GAP:   3.8415 eV
 BOTTOM OF VIRTUAL BANDS - BAND    241; K    1; EIG -8.7760531E-02 AU
 TTTTTTTTTTTTTTTTTTTTTTTTTTTTTT PDIG        TELAPSE       77.01 TCPU       75.71
 CHARGE NORMALIZATION FACTOR   1.00000000
 TOTAL ATOMIC CHARGES:
   6.0791765   6.0791765   6.0791765   6.0791765   6.0791765   6.0791765
   6.0791765   6.0791765   6.0791765   6.0791765   6.0791765   6.0791765
   6.0791765   6.0791765   6.0791765   6.0791765   6.0791765   6.0791765
   6.0791765   6.0791765   6.0791765   6.0791765   6.0791765   6.0791765
   6.0463208   6.0463208   6.0463208   6.0463208   6.0463208   6.0463208
   6.0463208   6.0463208   6.0463208   6.0463208   6.0463208   6.0463208
   6.0463208   6.0463208   6.0463208   6.0463208   6.0463208   6.0463208
   6.0463208   6.0463208   6.0463208   6.0463208   6.0463208   6.0463208
   5.8664467   5.8664467   5.8664467   5.8664467   5.8664467   5.8664467
   5.8664467   5.8664467   5.8664467   5.8664467   5.8664467   5.8664467
   5.8664467   5.8664467   5.8664467   5.8664467   5.8664467   5.8664467
   5.8664467   5.8664467   5.8664467   5.8664467   5.8664467   5.8664467
   6.0241679   6.0241679   6.0241679   6.0241679   6.0241679   6.0241679
   6.0241679   6.0241679
 SUMMED SPIN DENSITY          -0.00000000
 TOTAL ATOMIC SPINS  :
  -0.0000000  -0.0000000  -0.0000000  -0.0000000  -0.0000000  -0.0000000
  -0.0000000  -0.0000000  -0.0000000  -0.0000000  -0.0000000  -0.0000000
  -0.0000000  -0.0000000  -0.0000000  -0.0000000  -0.0000000  -0.0000000
  -0.0000000  -0.0000000  -0.0000000  -0.0000000  -0.0000000  -0.0000000
  -0.0000000  -0.0000000  -0.0000000  -0.0000000  -0.0000000  -0.0000000
  -0.0000000  -0.0000000  -0.0000000  -0.0000000  -0.0000000  -0.0000000
  -0.0000000  -0.0000000  -0.0000000  -0.0000000  -0.0000000  -0.0000000
  -0.0000000  -0.0000000  -0.0000000  -0.0000000  -0.0000000  -0.0000000
   0.0000000   0.0000000   0.0000000   0.0000000   0.0000000   0.0000000
   0.0000000   0.0000000   0.0000000   0.0000000   0.0000000   0.0000000
   0.0000000   0.0000000   0.0000000   0.0000000   0.0000000   0.0000000
   0.0000000   0.0000000   0.0000000   0.0000000   0.0000000   0.0000000
  -0.0000000  -0.0000000  -0.0000000  -0.0000000  -0.0000000  -0.0000000
  -0.0000000  -0.0000000
 TTTTTTTTTTTTTTTTTTTTTTTTTTTTTT MOQGAD      TELAPSE       77.05 TCPU       75.75
 WARNING **** GENBUD **** COUL. BIPO BUFFER TOO SMALL - TO AVOID I/O SET BIPOSIZE =     4683000
 TTTTTTTTTTTTTTTTTTTTTTTTTTTTTT SHELLXN     TELAPSE      140.24 TCPU      138.86
 TTTTTTTTTTTTTTTTTTTTTTTTTTTTTT MONMO3      TELAPSE      140.38 TCPU      139.01
 NUMERICALLY INTEGRATED DENSITY    240.0004359009    240.0004359009
 TTTTTTTTTTTTTTTTTTTTTTTTTTTTTT NUMDFT      TELAPSE      141.52 TCPU      140.15
 CYC   1 ETOT(AU) -3.045136388924E+03 DETOT  2.56E+01 tst  0.00E+00 PX  1.00E+00
 TTTTTTTTTTTTTTTTTTTTTTTTTTTTTT DIIS        TELAPSE      141.78 TCPU      140.41
 DIIS TEST: 0.57317E+01 AT SCF   CYCLE   1 - MIX   30 %
 TTTTTTTTTTTTTTTTTTTTTTTTTTTTTT FDIK        TELAPSE      145.88 TCPU      144.50

    ALPHA      ELECTRONS
 INSULATING STATE
 TOP OF VALENCE BANDS -    BAND    240; K    1; EIG -1.6790919E-01 AU
 BOTTOM OF VIRTUAL BANDS - BAND    241; K   20; EIG -7.8670127E-03 AU
 INDIRECT ENERGY BAND GAP:   4.3550 eV
 BOTTOM OF VIRTUAL BANDS - BAND    241; K    1; EIG  4.4231453E-03 AU

    BETA       ELECTRONS
 INSULATING STATE
 TOP OF VALENCE BANDS -    BAND    240; K    1; EIG -1.6790919E-01 AU
 BOTTOM OF VIRTUAL BANDS - BAND    241; K   20; EIG -7.8670127E-03 AU
 INDIRECT ENERGY BAND GAP:   4.3550 eV
 BOTTOM OF VIRTUAL BANDS - BAND    241; K    1; EIG  4.4231453E-03 AU
 TTTTTTTTTTTTTTTTTTTTTTTTTTTTTT PDIG        TELAPSE      146.69 TCPU      145.31
 CHARGE NORMALIZATION FACTOR   1.00000000
 TOTAL ATOMIC CHARGES:
   5.9455409   5.9455409   5.9455409   5.9455409   5.9455409   5.9455409
   5.9455409   5.9455409   5.9455409   5.9455409   5.9455409   5.9455409
   5.9455409   5.9455409   5.9455409   5.9455409   5.9455409   5.9455409
   5.9455409   5.9455409   5.9455409   5.9455409   5.9455409   5.9455409
   6.0350797   6.0350797   6.0350797   6.0350797   6.0350797   6.0350797
   6.0350797   6.0350797   6.0350797   6.0350797   6.0350797   6.0350797
   6.0350797   6.0350797   6.0350797   6.0350797   6.0350797   6.0350797
   6.0350797   6.0350797   6.0350797   6.0350797   6.0350797   6.0350797
   6.0147333   6.0147333   6.0147333   6.0147333   6.0147333   6.0147333
   6.0147333   6.0147333   6.0147333   6.0147333   6.0147333   6.0147333
   6.0147333   6.0147333   6.0147333   6.0147333   6.0147333   6.0147333
   6.0147333   6.0147333   6.0147333   6.0147333   6.0147333   6.0147333
   6.0139382   6.0139382   6.0139382   6.0139382   6.0139382   6.0139382
   6.0139382   6.0139382
 SUMMED SPIN DENSITY           0.00000000
 TOTAL ATOMIC SPINS  :
   0.0000000   0.0000000   0.0000000   0.0000000   0.0000000   0.0000000
   0.0000000   0.0000000   0.0000000   0.0000000   0.0000000   0.0000000
   0.0000000   0.0000000   0.0000000   0.0000000   0.0000000   0.0000000
   0.0000000   0.0000000   0.0000000   0.0000000   0.0000000   0.0000000
   0.0000000   0.0000000   0.0000000   0.0000000   0.0000000   0.0000000
   0.0000000   0.0000000   0.0000000   0.0000000   0.0000000   0.0000000
   0.0000000   0.0000000   0.0000000   0.0000000   0.0000000   0.0000000
   0.0000000   0.0000000   0.0000000   0.0000000   0.0000000   0.0000000
  -0.0000000  -0.0000000  -0.0000000  -0.0000000  -0.0000000  -0.0000000
  -0.0000000  -0.0000000  -0.0000000  -0.0000000  -0.0000000  -0.0000000
  -0.0000000  -0.0000000  -0.0000000  -0.0000000  -0.0000000  -0.0000000
  -0.0000000  -0.0000000  -0.0000000  -0.0000000  -0.0000000  -0.0000000
   0.0000000   0.0000000   0.0000000   0.0000000   0.0000000   0.0000000
   0.0000000   0.0000000
 TTTTTTTTTTTTTTTTTTTTTTTTTTTTTT MOQGAD      TELAPSE      146.73 TCPU      145.35
 WARNING **** GENBUD **** COUL. BIPO BUFFER TOO SMALL - TO AVOID I/O SET BIPOSIZE =     4683000
 TTTTTTTTTTTTTTTTTTTTTTTTTTTTTT SHELLXN     TELAPSE      209.07 TCPU      207.67
 TTTTTTTTTTTTTTTTTTTTTTTTTTTTTT MONMO3      TELAPSE      209.22 TCPU      207.82
 NUMERICALLY INTEGRATED DENSITY    240.0004733206    240.0004733206
 TTTTTTTTTTTTTTTTTTTTTTTTTTTTTT NUMDFT      TELAPSE      210.36 TCPU      208.96
 CYC   2 ETOT(AU) -3.045305002762E+03 DETOT -1.69E-01 tst  6.34E-04 PX  9.04E-02
 TTTTTTTTTTTTTTTTTTTTTTTTTTTTTT DIIS        TELAPSE      210.59 TCPU      209.18
 DIIS TEST: 0.16830E+01 AT SCF   CYCLE   2 - DIIS ACTIVE - HISTORY:     2 CYCLES
 TTTTTTTTTTTTTTTTTTTTTTTTTTTTTT FDIK        TELAPSE      214.47 TCPU      213.06

    ALPHA      ELECTRONS
 INSULATING STATE
 TOP OF VALENCE BANDS -    BAND    240; K    1; EIG -1.4802507E-01 AU
 BOTTOM OF VIRTUAL BANDS - BAND    241; K   20; EIG  3.6144721E-02 AU
 INDIRECT ENERGY BAND GAP:   5.0115 eV
 BOTTOM OF VIRTUAL BANDS - BAND    241; K    1; EIG  4.8161950E-02 AU

    BETA       ELECTRONS
 INSULATING STATE
 TOP OF VALENCE BANDS -    BAND    240; K    1; EIG -1.4802507E-01 AU
 BOTTOM OF VIRTUAL BANDS - BAND    241; K   20; EIG  3.6144721E-02 AU
 INDIRECT ENERGY BAND GAP:   5.0115 eV
 BOTTOM OF VIRTUAL BANDS - BAND    241; K    1; EIG  4.8161950E-02 AU
 TTTTTTTTTTTTTTTTTTTTTTTTTTTTTT PDIG        TELAPSE      215.28 TCPU      213.87
 CHARGE NORMALIZATION FACTOR   1.00000000
 TOTAL ATOMIC CHARGES:
   6.0244485   6.0244485   6.0244485   6.0244485   6.0244485   6.0244485
   6.0244485   6.0244485   6.0244485   6.0244485   6.0244485   6.0244485
   6.0244485   6.0244485   6.0244485   6.0244485   6.0244485   6.0244485
   6.0244485   6.0244485   6.0244485   6.0244485   6.0244485   6.0244485
   6.0536914   6.0536914   6.0536914   6.0536914   6.0536914   6.0536914
   6.0536914   6.0536914   6.0536914   6.0536914   6.0536914   6.0536914
   6.0536914   6.0536914   6.0536914   6.0536914   6.0536914   6.0536914
   6.0536914   6.0536914   6.0536914   6.0536914   6.0536914   6.0536914
   5.9237726   5.9237726   5.9237726   5.9237726   5.9237726   5.9237726
   5.9237726   5.9237726   5.9237726   5.9237726   5.9237726   5.9237726
   5.9237726   5.9237726   5.9237726   5.9237726   5.9237726   5.9237726
   5.9237726   5.9237726   5.9237726   5.9237726   5.9237726   5.9237726
   5.9942623   5.9942623   5.9942623   5.9942623   5.9942623   5.9942623
   5.9942623   5.9942623
 SUMMED SPIN DENSITY           0.00000000
 TOTAL ATOMIC SPINS  :
  -0.0000000  -0.0000000  -0.0000000  -0.0000000  -0.0000000  -0.0000000
  -0.0000000  -0.0000000  -0.0000000  -0.0000000  -0.0000000  -0.0000000
  -0.0000000  -0.0000000  -0.0000000  -0.0000000  -0.0000000  -0.0000000
  -0.0000000  -0.0000000  -0.0000000  -0.0000000  -0.0000000  -0.0000000
  -0.0000000  -0.0000000  -0.0000000  -0.0000000  -0.0000000  -0.0000000
  -0.0000000  -0.0000000  -0.0000000  -0.0000000  -0.0000000  -0.0000000
  -0.0000000  -0.0000000  -0.0000000  -0.0000000  -0.0000000  -0.0000000
  -0.0000000  -0.0000000  -0.0000000  -0.0000000  -0.0000000  -0.0000000
   0.0000000   0.0000000   0.0000000   0.0000000   0.0000000   0.0000000
   0.0000000   0.0000000   0.0000000   0.0000000   0.0000000   0.0000000
   0.0000000   0.0000000   0.0000000   0.0000000   0.0000000   0.0000000
   0.0000000   0.0000000   0.0000000   0.0000000   0.0000000   0.0000000
  -0.0000000  -0.0000000  -0.0000000  -0.0000000  -0.0000000  -0.0000000
  -0.0000000  -0.0000000
 TTTTTTTTTTTTTTTTTTTTTTTTTTTTTT MOQGAD      TELAPSE      215.32 TCPU      213.91
 WARNING **** GENBUD **** COUL. BIPO BUFFER TOO SMALL - TO AVOID I/O SET BIPOSIZE =     4683000
 TTTTTTTTTTTTTTTTTTTTTTTTTTTTTT SHELLXN     TELAPSE      278.48 TCPU      277.03
 TTTTTTTTTTTTTTTTTTTTTTTTTTTTTT MONMO3      TELAPSE      278.62 TCPU      277.17
 NUMERICALLY INTEGRATED DENSITY    240.0004810519    240.0004810519
 TTTTTTTTTTTTTTTTTTTTTTTTTTTTTT NUMDFT      TELAPSE      279.76 TCPU      278.30
 CYC   3 ETOT(AU) -3.045338254033E+03 DETOT -3.33E-02 tst  1.43E-04 PX  3.51E-02
 TTTTTTTTTTTTTTTTTTTTTTTTTTTTTT DIIS        TELAPSE      279.99 TCPU      278.53
 DIIS TEST: 0.28373E+00 AT SCF   CYCLE   3 - DIIS ACTIVE - HISTORY:     3 CYCLES
 TTTTTTTTTTTTTTTTTTTTTTTTTTTTTT FDIK        TELAPSE      283.75 TCPU      282.29

    ALPHA      ELECTRONS
 INSULATING STATE
 TOP OF VALENCE BANDS -    BAND    240; K    1; EIG -1.4868759E-01 AU
 BOTTOM OF VIRTUAL BANDS - BAND    241; K   20; EIG  3.4265978E-02 AU
 INDIRECT ENERGY BAND GAP:   4.9784 eV
 BOTTOM OF VIRTUAL BANDS - BAND    241; K    1; EIG  4.6398413E-02 AU

    BETA       ELECTRONS
 INSULATING STATE
 TOP OF VALENCE BANDS -    BAND    240; K    1; EIG -1.4868759E-01 AU
 BOTTOM OF VIRTUAL BANDS - BAND    241; K   20; EIG  3.4265978E-02 AU
 INDIRECT ENERGY BAND GAP:   4.9784 eV
 BOTTOM OF VIRTUAL BANDS - BAND    241; K    1; EIG  4.6398413E-02 AU
 TTTTTTTTTTTTTTTTTTTTTTTTTTTTTT PDIG        TELAPSE      284.54 TCPU      283.08
 CHARGE NORMALIZATION FACTOR   1.00000000
 TOTAL ATOMIC CHARGES:
   6.0129129   6.0129129   6.0129129   6.0129129   6.0129129   6.0129129
   6.0129129   6.0129129   6.0129129   6.0129129   6.0129129   6.0129129
   6.0129129   6.0129129   6.0129129   6.0129129   6.0129129   6.0129129
   6.0129129   6.0129129   6.0129129   6.0129129   6.0129129   6.0129129
   6.0269151   6.0269151   6.0269151   6.0269151   6.0269151   6.0269151
   6.0269151   6.0269151   6.0269151   6.0269151   6.0269151   6.0269151
   6.0269151   6.0269151   6.0269151   6.0269151   6.0269151   6.0269151
   6.0269151   6.0269151   6.0269151   6.0269151   6.0269151   6.0269151
   5.9545909   5.9545909   5.9545909   5.9545909   5.9545909   5.9545909
   5.9545909   5.9545909   5.9545909   5.9545909   5.9545909   5.9545909
   5.9545909   5.9545909   5.9545909   5.9545909   5.9545909   5.9545909
   5.9545909   5.9545909   5.9545909   5.9545909   5.9545909   5.9545909
   6.0167433   6.0167433   6.0167433   6.0167433   6.0167433   6.0167433
   6.0167433   6.0167433
 SUMMED SPIN DENSITY           0.00000000
 TOTAL ATOMIC SPINS  :
  -0.0000000  -0.0000000  -0.0000000  -0.0000000  -0.0000000  -0.0000000
  -0.0000000  -0.0000000  -0.0000000  -0.0000000  -0.0000000  -0.0000000
  -0.0000000  -0.0000000  -0.0000000  -0.0000000  -0.0000000  -0.0000000
  -0.0000000  -0.0000000  -0.0000000  -0.0000000  -0.0000000  -0.0000000
  -0.0000000  -0.0000000  -0.0000000  -0.0000000  -0.0000000  -0.0000000
  -0.0000000  -0.0000000  -0.0000000  -0.0000000  -0.0000000  -0.0000000
  -0.0000000  -0.0000000  -0.0000000  -0.0000000  -0.0000000  -0.0000000
  -0.0000000  -0.0000000  -0.0000000  -0.0000000  -0.0000000  -0.0000000
   0.0000000   0.0000000   0.0000000   0.0000000   0.0000000   0.0000000
   0.0000000   0.0000000   0.0000000   0.0000000   0.0000000   0.0000000
   0.0000000   0.0000000   0.0000000   0.0000000   0.0000000   0.0000000
   0.0000000   0.0000000   0.0000000   0.0000000   0.0000000   0.0000000
  -0.0000000  -0.0000000  -0.0000000  -0.0000000  -0.0000000  -0.0000000
  -0.0000000  -0.0000000
 TTTTTTTTTTTTTTTTTTTTTTTTTTTTTT MOQGAD      TELAPSE      284.58 TCPU      283.12
 WARNING **** GENBUD **** COUL. BIPO BUFFER TOO SMALL - TO AVOID I/O SET BIPOSIZE =     4683000
 TTTTTTTTTTTTTTTTTTTTTTTTTTTTTT SHELLXN     TELAPSE      347.60 TCPU      346.13
 TTTTTTTTTTTTTTTTTTTTTTTTTTTTTT MONMO3      TELAPSE      347.75 TCPU      346.28
 NUMERICALLY INTEGRATED DENSITY    240.0004769179    240.0004769179
 TTTTTTTTTTTTTTTTTTTTTTTTTTTTTT NUMDFT      TELAPSE      348.89 TCPU      347.42
 CYC   4 ETOT(AU) -3.045344140536E+03 DETOT -5.89E-03 tst  2.76E-05 PX  9.53E-03
 TTTTTTTTTTTTTTTTTTTTTTTTTTTTTT DIIS        TELAPSE      349.12 TCPU      347.64
 DIIS TEST: 0.60615E-01 AT SCF   CYCLE   4 - DIIS ACTIVE - HISTORY:     4 CYCLES
 TTTTTTTTTTTTTTTTTTTTTTTTTTTTTT FDIK        TELAPSE      353.14 TCPU      351.66

    ALPHA      ELECTRONS
 INSULATING STATE
 TOP OF VALENCE BANDS -    BAND    240; K    1; EIG -1.4971612E-01 AU
 BOTTOM OF VIRTUAL BANDS - BAND    241; K   20; EIG  3.4108792E-02 AU
 INDIRECT ENERGY BAND GAP:   5.0021 eV
 BOTTOM OF VIRTUAL BANDS - BAND    241; K    1; EIG  4.5954670E-02 AU

    BETA       ELECTRONS
 INSULATING STATE
 TOP OF VALENCE BANDS -    BAND    240; K    1; EIG -1.4971612E-01 AU
 BOTTOM OF VIRTUAL BANDS - BAND    241; K   20; EIG  3.4108792E-02 AU
 INDIRECT ENERGY BAND GAP:   5.0021 eV
 BOTTOM OF VIRTUAL BANDS - BAND    241; K    1; EIG  4.5954670E-02 AU
 TTTTTTTTTTTTTTTTTTTTTTTTTTTTTT PDIG        TELAPSE      353.96 TCPU      352.48
 CHARGE NORMALIZATION FACTOR   1.00000000
 TOTAL ATOMIC CHARGES:
   6.0041728   6.0041728   6.0041728   6.0041728   6.0041728   6.0041728
   6.0041728   6.0041728   6.0041728   6.0041728   6.0041728   6.0041728
   6.0041728   6.0041728   6.0041728   6.0041728   6.0041728   6.0041728
   6.0041728   6.0041728   6.0041728   6.0041728   6.0041728   6.0041728
   6.0442419   6.0442419   6.0442419   6.0442419   6.0442419   6.0442419
   6.0442419   6.0442419   6.0442419   6.0442419   6.0442419   6.0442419
   6.0442419   6.0442419   6.0442419   6.0442419   6.0442419   6.0442419
   6.0442419   6.0442419   6.0442419   6.0442419   6.0442419   6.0442419
   5.9499155   5.9499155   5.9499155   5.9499155   5.9499155   5.9499155
   5.9499155   5.9499155   5.9499155   5.9499155   5.9499155   5.9499155
   5.9499155   5.9499155   5.9499155   5.9499155   5.9499155   5.9499155
   5.9499155   5.9499155   5.9499155   5.9499155   5.9499155   5.9499155
   6.0050094   6.0050094   6.0050094   6.0050094   6.0050094   6.0050094
   6.0050094   6.0050094
 SUMMED SPIN DENSITY           0.00000000
 TOTAL ATOMIC SPINS  :
  -0.0000000  -0.0000000  -0.0000000  -0.0000000  -0.0000000  -0.0000000
  -0.0000000  -0.0000000  -0.0000000  -0.0000000  -0.0000000  -0.0000000
  -0.0000000  -0.0000000  -0.0000000  -0.0000000  -0.0000000  -0.0000000
  -0.0000000  -0.0000000  -0.0000000  -0.0000000  -0.0000000  -0.0000000
  -0.0000000  -0.0000000  -0.0000000  -0.0000000  -0.0000000  -0.0000000
  -0.0000000  -0.0000000  -0.0000000  -0.0000000  -0.0000000  -0.0000000
  -0.0000000  -0.0000000  -0.0000000  -0.0000000  -0.0000000  -0.0000000
  -0.0000000  -0.0000000  -0.0000000  -0.0000000  -0.0000000  -0.0000000
   0.0000000   0.0000000   0.0000000   0.0000000   0.0000000   0.0000000
   0.0000000   0.0000000   0.0000000   0.0000000   0.0000000   0.0000000
   0.0000000   0.0000000   0.0000000   0.0000000   0.0000000   0.0000000
   0.0000000   0.0000000   0.0000000   0.0000000   0.0000000   0.0000000
  -0.0000000  -0.0000000  -0.0000000  -0.0000000  -0.0000000  -0.0000000
  -0.0000000  -0.0000000
 TTTTTTTTTTTTTTTTTTTTTTTTTTTTTT MOQGAD      TELAPSE      354.00 TCPU      352.52
 WARNING **** GENBUD **** COUL. BIPO BUFFER TOO SMALL - TO AVOID I/O SET BIPOSIZE =     4683000
 TTTTTTTTTTTTTTTTTTTTTTTTTTTTTT SHELLXN     TELAPSE      416.62 TCPU      415.13
 TTTTTTTTTTTTTTTTTTTTTTTTTTTTTT MONMO3      TELAPSE      416.76 TCPU      415.26
 NUMERICALLY INTEGRATED DENSITY    240.0004762008    240.0004762008
 TTTTTTTTTTTTTTTTTTTTTTTTTTTTTT NUMDFT      TELAPSE      417.88 TCPU      416.39
 CYC   5 ETOT(AU) -3.045345067636E+03 DETOT -9.27E-04 tst  5.85E-06 PX  4.40E-03
 TTTTTTTTTTTTTTTTTTTTTTTTTTTTTT DIIS        TELAPSE      418.10 TCPU      416.61
 DIIS TEST: 0.24689E-01 AT SCF   CYCLE   5 - DIIS ACTIVE - HISTORY:     5 CYCLES
 TTTTTTTTTTTTTTTTTTTTTTTTTTTTTT FDIK        TELAPSE      428.14 TCPU      426.59

    ALPHA      ELECTRONS
 INSULATING STATE
 TOP OF VALENCE BANDS -    BAND    240; K    1; EIG -1.4939774E-01 AU
 BOTTOM OF VIRTUAL BANDS - BAND    241; K   20; EIG  3.4448827E-02 AU
 INDIRECT ENERGY BAND GAP:   5.0027 eV
 BOTTOM OF VIRTUAL BANDS - BAND    241; K    1; EIG  4.6398486E-02 AU

    BETA       ELECTRONS
 INSULATING STATE
 TOP OF VALENCE BANDS -    BAND    240; K    1; EIG -1.4939774E-01 AU
 BOTTOM OF VIRTUAL BANDS - BAND    241; K   20; EIG  3.4448827E-02 AU
 INDIRECT ENERGY BAND GAP:   5.0027 eV
 BOTTOM OF VIRTUAL BANDS - BAND    241; K    1; EIG  4.6398486E-02 AU
 TTTTTTTTTTTTTTTTTTTTTTTTTTTTTT PDIG        TELAPSE      428.95 TCPU      427.40
 CHARGE NORMALIZATION FACTOR   1.00000000
 TOTAL ATOMIC CHARGES:
   6.0083237   6.0083237   6.0083237   6.0083237   6.0083237   6.0083237
   6.0083237   6.0083237   6.0083237   6.0083237   6.0083237   6.0083237
   6.0083237   6.0083237   6.0083237   6.0083237   6.0083237   6.0083237
   6.0083237   6.0083237   6.0083237   6.0083237   6.0083237   6.0083237
   6.0391150   6.0391150   6.0391150   6.0391150   6.0391150   6.0391150
   6.0391150   6.0391150   6.0391150   6.0391150   6.0391150   6.0391150
   6.0391150   6.0391150   6.0391150   6.0391150   6.0391150   6.0391150
   6.0391150   6.0391150   6.0391150   6.0391150   6.0391150   6.0391150
   5.9507688   5.9507688   5.9507688   5.9507688   5.9507688   5.9507688
   5.9507688   5.9507688   5.9507688   5.9507688   5.9507688   5.9507688
   5.9507688   5.9507688   5.9507688   5.9507688   5.9507688   5.9507688
   5.9507688   5.9507688   5.9507688   5.9507688   5.9507688   5.9507688
   6.0053776   6.0053776   6.0053776   6.0053776   6.0053776   6.0053776
   6.0053776   6.0053776
 SUMMED SPIN DENSITY           0.00000000
 TOTAL ATOMIC SPINS  :
   0.0000000   0.0000000   0.0000000   0.0000000   0.0000000   0.0000000
   0.0000000   0.0000000   0.0000000   0.0000000   0.0000000   0.0000000
   0.0000000   0.0000000   0.0000000   0.0000000   0.0000000   0.0000000
   0.0000000   0.0000000   0.0000000   0.0000000   0.0000000   0.0000000
  -0.0000000  -0.0000000  -0.0000000  -0.0000000  -0.0000000  -0.0000000
  -0.0000000  -0.0000000  -0.0000000  -0.0000000  -0.0000000  -0.0000000
  -0.0000000  -0.0000000  -0.0000000  -0.0000000  -0.0000000  -0.0000000
  -0.0000000  -0.0000000  -0.0000000  -0.0000000  -0.0000000  -0.0000000
   0.0000000   0.0000000   0.0000000   0.0000000   0.0000000   0.0000000
   0.0000000   0.0000000   0.0000000   0.0000000   0.0000000   0.0000000
   0.0000000   0.0000000   0.0000000   0.0000000   0.0000000   0.0000000
   0.0000000   0.0000000   0.0000000   0.0000000   0.0000000   0.0000000
  -0.0000000  -0.0000000  -0.0000000  -0.0000000  -0.0000000  -0.0000000
  -0.0000000  -0.0000000
 TTTTTTTTTTTTTTTTTTTTTTTTTTTTTT MOQGAD      TELAPSE      428.99 TCPU      427.44
 WARNING **** GENBUD **** COUL. BIPO BUFFER TOO SMALL - TO AVOID I/O SET BIPOSIZE =     4683000
 TTTTTTTTTTTTTTTTTTTTTTTTTTTTTT SHELLXN     TELAPSE      492.10 TCPU      490.54
 TTTTTTTTTTTTTTTTTTTTTTTTTTTTTT MONMO3      TELAPSE      492.25 TCPU      490.68
 NUMERICALLY INTEGRATED DENSITY    240.0004770357    240.0004770357
 TTTTTTTTTTTTTTTTTTTTTTTTTTTTTT NUMDFT      TELAPSE      493.38 TCPU      491.81
 CYC   6 ETOT(AU) -3.045345484836E+03 DETOT -4.17E-04 tst  7.37E-07 PX  2.37E-03
 TTTTTTTTTTTTTTTTTTTTTTTTTTTTTT DIIS        TELAPSE      493.68 TCPU      492.11
 DIIS TEST: 0.53938E-03 AT SCF   CYCLE   6 - DIIS ACTIVE - HISTORY:     6 CYCLES
 TTTTTTTTTTTTTTTTTTTTTTTTTTTTTT FDIK        TELAPSE      497.49 TCPU      495.92

    ALPHA      ELECTRONS
 INSULATING STATE
 TOP OF VALENCE BANDS -    BAND    240; K    1; EIG -1.4941268E-01 AU
 BOTTOM OF VIRTUAL BANDS - BAND    241; K   20; EIG  3.4448583E-02 AU
 INDIRECT ENERGY BAND GAP:   5.0031 eV
 BOTTOM OF VIRTUAL BANDS - BAND    241; K    1; EIG  4.6396907E-02 AU

    BETA       ELECTRONS
 INSULATING STATE
 TOP OF VALENCE BANDS -    BAND    240; K    1; EIG -1.4941268E-01 AU
 BOTTOM OF VIRTUAL BANDS - BAND    241; K   20; EIG  3.4448583E-02 AU
 INDIRECT ENERGY BAND GAP:   5.0031 eV
 BOTTOM OF VIRTUAL BANDS - BAND    241; K    1; EIG  4.6396907E-02 AU
 TTTTTTTTTTTTTTTTTTTTTTTTTTTTTT PDIG        TELAPSE      498.29 TCPU      496.72
 CHARGE NORMALIZATION FACTOR   1.00000000
 TOTAL ATOMIC CHARGES:
   6.0079895   6.0079895   6.0079895   6.0079895   6.0079895   6.0079895
   6.0079895   6.0079895   6.0079895   6.0079895   6.0079895   6.0079895
   6.0079895   6.0079895   6.0079895   6.0079895   6.0079895   6.0079895
   6.0079895   6.0079895   6.0079895   6.0079895   6.0079895   6.0079895
   6.0391947   6.0391947   6.0391947   6.0391947   6.0391947   6.0391947
   6.0391947   6.0391947   6.0391947   6.0391947   6.0391947   6.0391947
   6.0391947   6.0391947   6.0391947   6.0391947   6.0391947   6.0391947
   6.0391947   6.0391947   6.0391947   6.0391947   6.0391947   6.0391947
   5.9501636   5.9501636   5.9501636   5.9501636   5.9501636   5.9501636
   5.9501636   5.9501636   5.9501636   5.9501636   5.9501636   5.9501636
   5.9501636   5.9501636   5.9501636   5.9501636   5.9501636   5.9501636
   5.9501636   5.9501636   5.9501636   5.9501636   5.9501636   5.9501636
   6.0079569   6.0079569   6.0079569   6.0079569   6.0079569   6.0079569
   6.0079569   6.0079569
 SUMMED SPIN DENSITY          -0.00000000
 TOTAL ATOMIC SPINS  :
   0.0000000   0.0000000   0.0000000   0.0000000   0.0000000   0.0000000
   0.0000000   0.0000000   0.0000000   0.0000000   0.0000000   0.0000000
   0.0000000   0.0000000   0.0000000   0.0000000   0.0000000   0.0000000
   0.0000000   0.0000000   0.0000000   0.0000000   0.0000000   0.0000000
  -0.0000000  -0.0000000  -0.0000000  -0.0000000  -0.0000000  -0.0000000
  -0.0000000  -0.0000000  -0.0000000  -0.0000000  -0.0000000  -0.0000000
  -0.0000000  -0.0000000  -0.0000000  -0.0000000  -0.0000000  -0.0000000
  -0.0000000  -0.0000000  -0.0000000  -0.0000000  -0.0000000  -0.0000000
  -0.0000000  -0.0000000  -0.0000000  -0.0000000  -0.0000000  -0.0000000
  -0.0000000  -0.0000000  -0.0000000  -0.0000000  -0.0000000  -0.0000000
  -0.0000000  -0.0000000  -0.0000000  -0.0000000  -0.0000000  -0.0000000
  -0.0000000  -0.0000000  -0.0000000  -0.0000000  -0.0000000  -0.0000000
  -0.0000000  -0.0000000  -0.0000000  -0.0000000  -0.0000000  -0.0000000
  -0.0000000  -0.0000000
 TTTTTTTTTTTTTTTTTTTTTTTTTTTTTT MOQGAD      TELAPSE      498.34 TCPU      496.76
 WARNING **** GENBUD **** COUL. BIPO BUFFER TOO SMALL - TO AVOID I/O SET BIPOSIZE =     4683000
 TTTTTTTTTTTTTTTTTTTTTTTTTTTTTT SHELLXN     TELAPSE      561.31 TCPU      559.72
 TTTTTTTTTTTTTTTTTTTTTTTTTTTTTT MONMO3      TELAPSE      561.45 TCPU      559.86
 NUMERICALLY INTEGRATED DENSITY    240.0004770623    240.0004770623
 TTTTTTTTTTTTTTTTTTTTTTTTTTTTTT NUMDFT      TELAPSE      562.59 TCPU      561.00
 CYC   7 ETOT(AU) -3.045345490863E+03 DETOT -6.03E-06 tst  3.48E-08 PX  3.95E-04
 TTTTTTTTTTTTTTTTTTTTTTTTTTTTTT DIIS        TELAPSE      562.82 TCPU      561.22
 DIIS TEST: 0.13790E-03 AT SCF   CYCLE   7 - DIIS ACTIVE - HISTORY:     7 CYCLES
 TTTTTTTTTTTTTTTTTTTTTTTTTTTTTT FDIK        TELAPSE      566.60 TCPU      565.00

    ALPHA      ELECTRONS
 INSULATING STATE
 TOP OF VALENCE BANDS -    BAND    240; K    1; EIG -1.4943392E-01 AU
 BOTTOM OF VIRTUAL BANDS - BAND    241; K   20; EIG  3.4440037E-02 AU
 INDIRECT ENERGY BAND GAP:   5.0035 eV
 BOTTOM OF VIRTUAL BANDS - BAND    241; K    1; EIG  4.6381266E-02 AU

    BETA       ELECTRONS
 INSULATING STATE
 TOP OF VALENCE BANDS -    BAND    240; K    1; EIG -1.4943392E-01 AU
 BOTTOM OF VIRTUAL BANDS - BAND    241; K   20; EIG  3.4440037E-02 AU
 INDIRECT ENERGY BAND GAP:   5.0035 eV
 BOTTOM OF VIRTUAL BANDS - BAND    241; K    1; EIG  4.6381266E-02 AU
 TTTTTTTTTTTTTTTTTTTTTTTTTTTTTT PDIG        TELAPSE      567.41 TCPU      565.81
 CHARGE NORMALIZATION FACTOR   1.00000000
 TOTAL ATOMIC CHARGES:
   6.0081542   6.0081542   6.0081542   6.0081542   6.0081542   6.0081542
   6.0081542   6.0081542   6.0081542   6.0081542   6.0081542   6.0081542
   6.0081542   6.0081542   6.0081542   6.0081542   6.0081542   6.0081542
   6.0081542   6.0081542   6.0081542   6.0081542   6.0081542   6.0081542
   6.0389748   6.0389748   6.0389748   6.0389748   6.0389748   6.0389748
   6.0389748   6.0389748   6.0389748   6.0389748   6.0389748   6.0389748
   6.0389748   6.0389748   6.0389748   6.0389748   6.0389748   6.0389748
   6.0389748   6.0389748   6.0389748   6.0389748   6.0389748   6.0389748
   5.9505580   5.9505580   5.9505580   5.9505580   5.9505580   5.9505580
   5.9505580   5.9505580   5.9505580   5.9505580   5.9505580   5.9505580
   5.9505580   5.9505580   5.9505580   5.9505580   5.9505580   5.9505580
   5.9505580   5.9505580   5.9505580   5.9505580   5.9505580   5.9505580
   6.0069391   6.0069391   6.0069391   6.0069391   6.0069391   6.0069391
   6.0069391   6.0069391
 SUMMED SPIN DENSITY           0.00000000
 TOTAL ATOMIC SPINS  :
   0.0000000   0.0000000   0.0000000   0.0000000   0.0000000   0.0000000
   0.0000000   0.0000000   0.0000000   0.0000000   0.0000000   0.0000000
   0.0000000   0.0000000   0.0000000   0.0000000   0.0000000   0.0000000
   0.0000000   0.0000000   0.0000000   0.0000000   0.0000000   0.0000000
  -0.0000000  -0.0000000  -0.0000000  -0.0000000  -0.0000000  -0.0000000
  -0.0000000  -0.0000000  -0.0000000  -0.0000000  -0.0000000  -0.0000000
  -0.0000000  -0.0000000  -0.0000000  -0.0000000  -0.0000000  -0.0000000
  -0.0000000  -0.0000000  -0.0000000  -0.0000000  -0.0000000  -0.0000000
   0.0000000   0.0000000   0.0000000   0.0000000   0.0000000   0.0000000
   0.0000000   0.0000000   0.0000000   0.0000000   0.0000000   0.0000000
   0.0000000   0.0000000   0.0000000   0.0000000   0.0000000   0.0000000
   0.0000000   0.0000000   0.0000000   0.0000000   0.0000000   0.0000000
  -0.0000000  -0.0000000  -0.0000000  -0.0000000  -0.0000000  -0.0000000
  -0.0000000  -0.0000000
 TTTTTTTTTTTTTTTTTTTTTTTTTTTTTT MOQGAD      TELAPSE      567.45 TCPU      565.85
 WARNING **** GENBUD **** COUL. BIPO BUFFER TOO SMALL - TO AVOID I/O SET BIPOSIZE =     4683000
 TTTTTTTTTTTTTTTTTTTTTTTTTTTTTT SHELLXN     TELAPSE      630.56 TCPU      628.82
 TTTTTTTTTTTTTTTTTTTTTTTTTTTTTT MONMO3      TELAPSE      630.70 TCPU      628.97
 NUMERICALLY INTEGRATED DENSITY    240.0004770785    240.0004770785
 TTTTTTTTTTTTTTTTTTTTTTTTTTTTTT NUMDFT      TELAPSE      631.84 TCPU      630.10
 CYC   8 ETOT(AU) -3.045345494482E+03 DETOT -3.62E-06 tst  6.08E-09 PX  1.95E-04
 TTTTTTTTTTTTTTTTTTTTTTTTTTTTTT DIIS        TELAPSE      632.09 TCPU      630.36
 DIIS TEST: 0.17102E-05 AT SCF   CYCLE   8 - DIIS ACTIVE - HISTORY:     8 CYCLES
 TTTTTTTTTTTTTTTTTTTTTTTTTTTTTT FDIK        TELAPSE      636.06 TCPU      634.32

    ALPHA      ELECTRONS
 INSULATING STATE
 TOP OF VALENCE BANDS -    BAND    240; K    1; EIG -1.4945153E-01 AU
 BOTTOM OF VIRTUAL BANDS - BAND    241; K   20; EIG  3.4420848E-02 AU
 INDIRECT ENERGY BAND GAP:   5.0034 eV
 BOTTOM OF VIRTUAL BANDS - BAND    241; K    1; EIG  4.6363271E-02 AU

    BETA       ELECTRONS
 INSULATING STATE
 TOP OF VALENCE BANDS -    BAND    240; K    1; EIG -1.4945153E-01 AU
 BOTTOM OF VIRTUAL BANDS - BAND    241; K   20; EIG  3.4420848E-02 AU
 INDIRECT ENERGY BAND GAP:   5.0034 eV
 BOTTOM OF VIRTUAL BANDS - BAND    241; K    1; EIG  4.6363271E-02 AU
 TTTTTTTTTTTTTTTTTTTTTTTTTTTTTT PDIG        TELAPSE      636.99 TCPU      635.25
 CHARGE NORMALIZATION FACTOR   1.00000000
 TOTAL ATOMIC CHARGES:
   6.0081045   6.0081045   6.0081045   6.0081045   6.0081045   6.0081045
   6.0081045   6.0081045   6.0081045   6.0081045   6.0081045   6.0081045
   6.0081045   6.0081045   6.0081045   6.0081045   6.0081045   6.0081045
   6.0081045   6.0081045   6.0081045   6.0081045   6.0081045   6.0081045
   6.0390134   6.0390134   6.0390134   6.0390134   6.0390134   6.0390134
   6.0390134   6.0390134   6.0390134   6.0390134   6.0390134   6.0390134
   6.0390134   6.0390134   6.0390134   6.0390134   6.0390134   6.0390134
   6.0390134   6.0390134   6.0390134   6.0390134   6.0390134   6.0390134
   5.9505448   5.9505448   5.9505448   5.9505448   5.9505448   5.9505448
   5.9505448   5.9505448   5.9505448   5.9505448   5.9505448   5.9505448
   5.9505448   5.9505448   5.9505448   5.9505448   5.9505448   5.9505448
   5.9505448   5.9505448   5.9505448   5.9505448   5.9505448   5.9505448
   6.0070122   6.0070122   6.0070122   6.0070122   6.0070122   6.0070122
   6.0070122   6.0070122
 SUMMED SPIN DENSITY           0.00000000
 TOTAL ATOMIC SPINS  :
   0.0000000   0.0000000   0.0000000   0.0000000   0.0000000   0.0000000
   0.0000000   0.0000000   0.0000000   0.0000000   0.0000000   0.0000000
   0.0000000   0.0000000   0.0000000   0.0000000   0.0000000   0.0000000
   0.0000000   0.0000000   0.0000000   0.0000000   0.0000000   0.0000000
  -0.0000000  -0.0000000  -0.0000000  -0.0000000  -0.0000000  -0.0000000
  -0.0000000  -0.0000000  -0.0000000  -0.0000000  -0.0000000  -0.0000000
  -0.0000000  -0.0000000  -0.0000000  -0.0000000  -0.0000000  -0.0000000
  -0.0000000  -0.0000000  -0.0000000  -0.0000000  -0.0000000  -0.0000000
   0.0000000   0.0000000   0.0000000   0.0000000   0.0000000   0.0000000
   0.0000000   0.0000000   0.0000000   0.0000000   0.0000000   0.0000000
   0.0000000   0.0000000   0.0000000   0.0000000   0.0000000   0.0000000
   0.0000000   0.0000000   0.0000000   0.0000000   0.0000000   0.0000000
   0.0000000   0.0000000   0.0000000   0.0000000   0.0000000   0.0000000
   0.0000000   0.0000000
 TTTTTTTTTTTTTTTTTTTTTTTTTTTTTT MOQGAD      TELAPSE      637.03 TCPU      635.29
 WARNING **** GENBUD **** COUL. BIPO BUFFER TOO SMALL - TO AVOID I/O SET BIPOSIZE =     4683000
 TTTTTTTTTTTTTTTTTTTTTTTTTTTTTT SHELLXN     TELAPSE      699.17 TCPU      697.41
 TTTTTTTTTTTTTTTTTTTTTTTTTTTTTT MONMO3      TELAPSE      699.31 TCPU      697.56
 NUMERICALLY INTEGRATED DENSITY    240.0004770798    240.0004770798
 TTTTTTTTTTTTTTTTTTTTTTTTTTTTTT NUMDFT      TELAPSE      700.46 TCPU      698.70
 CYC   9 ETOT(AU) -3.045345494452E+03 DETOT  3.02E-08 tst  5.12E-11 PX  1.79E-05
 TTTTTTTTTTTTTTTTTTTTTTTTTTTTTT DIIS        TELAPSE      700.68 TCPU      698.92
 DIIS TEST: 0.97870E-07 AT SCF   CYCLE   9 - DIIS ACTIVE - HISTORY:     9 CYCLES
 TTTTTTTTTTTTTTTTTTTTTTTTTTTTTT FDIK        TELAPSE      704.61 TCPU      702.84

    ALPHA      ELECTRONS
 INSULATING STATE
 TOP OF VALENCE BANDS -    BAND    240; K    1; EIG -1.4945327E-01 AU
 BOTTOM OF VIRTUAL BANDS - BAND    241; K   20; EIG  3.4420203E-02 AU
 INDIRECT ENERGY BAND GAP:   5.0035 eV
 BOTTOM OF VIRTUAL BANDS - BAND    241; K    1; EIG  4.6362010E-02 AU

    BETA       ELECTRONS
 INSULATING STATE
 TOP OF VALENCE BANDS -    BAND    240; K    1; EIG -1.4945327E-01 AU
 BOTTOM OF VIRTUAL BANDS - BAND    241; K   20; EIG  3.4420203E-02 AU
 INDIRECT ENERGY BAND GAP:   5.0035 eV
 BOTTOM OF VIRTUAL BANDS - BAND    241; K    1; EIG  4.6362010E-02 AU
 TTTTTTTTTTTTTTTTTTTTTTTTTTTTTT PDIG        TELAPSE      705.41 TCPU      703.65
 CHARGE NORMALIZATION FACTOR   1.00000000
 TOTAL ATOMIC CHARGES:
   6.0081116   6.0081116   6.0081116   6.0081116   6.0081116   6.0081116
   6.0081116   6.0081116   6.0081116   6.0081116   6.0081116   6.0081116
   6.0081116   6.0081116   6.0081116   6.0081116   6.0081116   6.0081116
   6.0081116   6.0081116   6.0081116   6.0081116   6.0081116   6.0081116
   6.0390135   6.0390135   6.0390135   6.0390135   6.0390135   6.0390135
   6.0390135   6.0390135   6.0390135   6.0390135   6.0390135   6.0390135
   6.0390135   6.0390135   6.0390135   6.0390135   6.0390135   6.0390135
   6.0390135   6.0390135   6.0390135   6.0390135   6.0390135   6.0390135
   5.9505393   5.9505393   5.9505393   5.9505393   5.9505393   5.9505393
   5.9505393   5.9505393   5.9505393   5.9505393   5.9505393   5.9505393
   5.9505393   5.9505393   5.9505393   5.9505393   5.9505393   5.9505393
   5.9505393   5.9505393   5.9505393   5.9505393   5.9505393   5.9505393
   6.0070066   6.0070066   6.0070066   6.0070066   6.0070066   6.0070066
   6.0070066   6.0070066
 SUMMED SPIN DENSITY           0.00000000
 TOTAL ATOMIC SPINS  :
  -0.0000000  -0.0000000  -0.0000000  -0.0000000  -0.0000000  -0.0000000
  -0.0000000  -0.0000000  -0.0000000  -0.0000000  -0.0000000  -0.0000000
  -0.0000000  -0.0000000  -0.0000000  -0.0000000  -0.0000000  -0.0000000
  -0.0000000  -0.0000000  -0.0000000  -0.0000000  -0.0000000  -0.0000000
   0.0000000   0.0000000   0.0000000   0.0000000   0.0000000   0.0000000
   0.0000000   0.0000000   0.0000000   0.0000000   0.0000000   0.0000000
   0.0000000   0.0000000   0.0000000   0.0000000   0.0000000   0.0000000
   0.0000000   0.0000000   0.0000000   0.0000000   0.0000000   0.0000000
   0.0000000   0.0000000   0.0000000   0.0000000   0.0000000   0.0000000
   0.0000000   0.0000000   0.0000000   0.0000000   0.0000000   0.0000000
   0.0000000   0.0000000   0.0000000   0.0000000   0.0000000   0.0000000
   0.0000000   0.0000000   0.0000000   0.0000000   0.0000000   0.0000000
  -0.0000000  -0.0000000  -0.0000000  -0.0000000  -0.0000000  -0.0000000
  -0.0000000  -0.0000000
 TTTTTTTTTTTTTTTTTTTTTTTTTTTTTT MOQGAD      TELAPSE      705.45 TCPU      703.69
 WARNING **** GENBUD **** COUL. BIPO BUFFER TOO SMALL - TO AVOID I/O SET BIPOSIZE =     4683000
 TTTTTTTTTTTTTTTTTTTTTTTTTTTTTT SHELLXN     TELAPSE      768.04 TCPU      766.18
 TTTTTTTTTTTTTTTTTTTTTTTTTTTTTT MONMO3      TELAPSE      768.18 TCPU      766.32
 NUMERICALLY INTEGRATED DENSITY    240.0004770796    240.0004770796
 TTTTTTTTTTTTTTTTTTTTTTTTTTTTTT NUMDFT      TELAPSE      769.32 TCPU      767.46
 CYC  10 ETOT(AU) -3.045345494463E+03 DETOT -1.12E-08 tst  3.51E-12 PX  4.42E-06
 TTTTTTTTTTTTTTTTTTTTTTTTTTTTTT DIIS        TELAPSE      769.54 TCPU      767.68
 DIIS TEST: 0.34851E-08 AT SCF   CYCLE  10 - DIIS ACTIVE - HISTORY:    10 CYCLES
 TTTTTTTTTTTTTTTTTTTTTTTTTTTTTT FDIK        TELAPSE      773.09 TCPU      771.23

    ALPHA      ELECTRONS
 INSULATING STATE
 TOP OF VALENCE BANDS -    BAND    240; K    1; EIG -1.4945345E-01 AU
 BOTTOM OF VIRTUAL BANDS - BAND    241; K   20; EIG  3.4420096E-02 AU
 INDIRECT ENERGY BAND GAP:   5.0035 eV
 BOTTOM OF VIRTUAL BANDS - BAND    241; K    1; EIG  4.6361930E-02 AU

    BETA       ELECTRONS
 INSULATING STATE
 TOP OF VALENCE BANDS -    BAND    240; K    1; EIG -1.4945345E-01 AU
 BOTTOM OF VIRTUAL BANDS - BAND    241; K   20; EIG  3.4420096E-02 AU
 INDIRECT ENERGY BAND GAP:   5.0035 eV
 BOTTOM OF VIRTUAL BANDS - BAND    241; K    1; EIG  4.6361930E-02 AU
 TTTTTTTTTTTTTTTTTTTTTTTTTTTTTT PDIG        TELAPSE      773.90 TCPU      772.03
 CHARGE NORMALIZATION FACTOR   1.00000000
 TOTAL ATOMIC CHARGES:
   6.0081104   6.0081104   6.0081104   6.0081104   6.0081104   6.0081104
   6.0081104   6.0081104   6.0081104   6.0081104   6.0081104   6.0081104
   6.0081104   6.0081104   6.0081104   6.0081104   6.0081104   6.0081104
   6.0081104   6.0081104   6.0081104   6.0081104   6.0081104   6.0081104
   6.0390135   6.0390135   6.0390135   6.0390135   6.0390135   6.0390135
   6.0390135   6.0390135   6.0390135   6.0390135   6.0390135   6.0390135
   6.0390135   6.0390135   6.0390135   6.0390135   6.0390135   6.0390135
   6.0390135   6.0390135   6.0390135   6.0390135   6.0390135   6.0390135
   5.9505414   5.9505414   5.9505414   5.9505414   5.9505414   5.9505414
   5.9505414   5.9505414   5.9505414   5.9505414   5.9505414   5.9505414
   5.9505414   5.9505414   5.9505414   5.9505414   5.9505414   5.9505414
   5.9505414   5.9505414   5.9505414   5.9505414   5.9505414   5.9505414
   6.0070039   6.0070039   6.0070039   6.0070039   6.0070039   6.0070039
   6.0070039   6.0070039
 SUMMED SPIN DENSITY           0.00000000
 TOTAL ATOMIC SPINS  :
  -0.0000000  -0.0000000  -0.0000000  -0.0000000  -0.0000000  -0.0000000
  -0.0000000  -0.0000000  -0.0000000  -0.0000000  -0.0000000  -0.0000000
  -0.0000000  -0.0000000  -0.0000000  -0.0000000  -0.0000000  -0.0000000
  -0.0000000  -0.0000000  -0.0000000  -0.0000000  -0.0000000  -0.0000000
   0.0000000   0.0000000   0.0000000   0.0000000   0.0000000   0.0000000
   0.0000000   0.0000000   0.0000000   0.0000000   0.0000000   0.0000000
   0.0000000   0.0000000   0.0000000   0.0000000   0.0000000   0.0000000
   0.0000000   0.0000000   0.0000000   0.0000000   0.0000000   0.0000000
   0.0000000   0.0000000   0.0000000   0.0000000   0.0000000   0.0000000
   0.0000000   0.0000000   0.0000000   0.0000000   0.0000000   0.0000000
   0.0000000   0.0000000   0.0000000   0.0000000   0.0000000   0.0000000
   0.0000000   0.0000000   0.0000000   0.0000000   0.0000000   0.0000000
  -0.0000000  -0.0000000  -0.0000000  -0.0000000  -0.0000000  -0.0000000
  -0.0000000  -0.0000000
 TTTTTTTTTTTTTTTTTTTTTTTTTTTTTT MOQGAD      TELAPSE      773.94 TCPU      772.07
 WARNING **** GENBUD **** COUL. BIPO BUFFER TOO SMALL - TO AVOID I/O SET BIPOSIZE =     4683000
 TTTTTTTTTTTTTTTTTTTTTTTTTTTTTT SHELLXN     TELAPSE      836.84 TCPU      834.87
 TTTTTTTTTTTTTTTTTTTTTTTTTTTTTT MONMO3      TELAPSE      836.98 TCPU      835.01
 NUMERICALLY INTEGRATED DENSITY    240.0004770795    240.0004770795
 TTTTTTTTTTTTTTTTTTTTTTTTTTTTTT NUMDFT      TELAPSE      838.12 TCPU      836.15
 CYC  11 ETOT(AU) -3.045345494462E+03 DETOT  1.18E-09 tst  1.46E-13 PX  8.82E-07
 TTTTTTTTTTTTTTTTTTTTTTTTTTTTTT DIIS        TELAPSE      838.35 TCPU      836.37
 DIIS TEST: 0.34550E-09 AT SCF   CYCLE  11 - DIIS ACTIVE - HISTORY:    11 CYCLES
 TTTTTTTTTTTTTTTTTTTTTTTTTTTTTT FDIK        TELAPSE      841.23 TCPU      839.26

    ALPHA      ELECTRONS
 INSULATING STATE
 TOP OF VALENCE BANDS -    BAND    240; K    1; EIG -1.4945339E-01 AU
 BOTTOM OF VIRTUAL BANDS - BAND    241; K   20; EIG  3.4420141E-02 AU
 INDIRECT ENERGY BAND GAP:   5.0035 eV
 BOTTOM OF VIRTUAL BANDS - BAND    241; K    1; EIG  4.6361971E-02 AU

    BETA       ELECTRONS
 INSULATING STATE
 TOP OF VALENCE BANDS -    BAND    240; K    1; EIG -1.4945339E-01 AU
 BOTTOM OF VIRTUAL BANDS - BAND    241; K   20; EIG  3.4420141E-02 AU
 INDIRECT ENERGY BAND GAP:   5.0035 eV
 BOTTOM OF VIRTUAL BANDS - BAND    241; K    1; EIG  4.6361971E-02 AU
 TTTTTTTTTTTTTTTTTTTTTTTTTTTTTT PDIG        TELAPSE      842.04 TCPU      840.06
 CHARGE NORMALIZATION FACTOR   1.00000000
 TOTAL ATOMIC CHARGES:
   6.0081105   6.0081105   6.0081105   6.0081105   6.0081105   6.0081105
   6.0081105   6.0081105   6.0081105   6.0081105   6.0081105   6.0081105
   6.0081105   6.0081105   6.0081105   6.0081105   6.0081105   6.0081105
   6.0081105   6.0081105   6.0081105   6.0081105   6.0081105   6.0081105
   6.0390135   6.0390135   6.0390135   6.0390135   6.0390135   6.0390135
   6.0390135   6.0390135   6.0390135   6.0390135   6.0390135   6.0390135
   6.0390135   6.0390135   6.0390135   6.0390135   6.0390135   6.0390135
   6.0390135   6.0390135   6.0390135   6.0390135   6.0390135   6.0390135
   5.9505408   5.9505408   5.9505408   5.9505408   5.9505408   5.9505408
   5.9505408   5.9505408   5.9505408   5.9505408   5.9505408   5.9505408
   5.9505408   5.9505408   5.9505408   5.9505408   5.9505408   5.9505408
   5.9505408   5.9505408   5.9505408   5.9505408   5.9505408   5.9505408
   6.0070054   6.0070054   6.0070054   6.0070054   6.0070054   6.0070054
   6.0070054   6.0070054
 SUMMED SPIN DENSITY           0.00000000
 TOTAL ATOMIC SPINS  :
  -0.0000000  -0.0000000  -0.0000000  -0.0000000  -0.0000000  -0.0000000
  -0.0000000  -0.0000000  -0.0000000  -0.0000000  -0.0000000  -0.0000000
  -0.0000000  -0.0000000  -0.0000000  -0.0000000  -0.0000000  -0.0000000
  -0.0000000  -0.0000000  -0.0000000  -0.0000000  -0.0000000  -0.0000000
   0.0000000   0.0000000   0.0000000   0.0000000   0.0000000   0.0000000
   0.0000000   0.0000000   0.0000000   0.0000000   0.0000000   0.0000000
   0.0000000   0.0000000   0.0000000   0.0000000   0.0000000   0.0000000
   0.0000000   0.0000000   0.0000000   0.0000000   0.0000000   0.0000000
   0.0000000   0.0000000   0.0000000   0.0000000   0.0000000   0.0000000
   0.0000000   0.0000000   0.0000000   0.0000000   0.0000000   0.0000000
   0.0000000   0.0000000   0.0000000   0.0000000   0.0000000   0.0000000
   0.0000000   0.0000000   0.0000000   0.0000000   0.0000000   0.0000000
  -0.0000000  -0.0000000  -0.0000000  -0.0000000  -0.0000000  -0.0000000
  -0.0000000  -0.0000000
 TTTTTTTTTTTTTTTTTTTTTTTTTTTTTT MOQGAD      TELAPSE      842.08 TCPU      840.10
 WARNING **** GENBUD **** COUL. BIPO BUFFER TOO SMALL - TO AVOID I/O SET BIPOSIZE =     4683000
 TTTTTTTTTTTTTTTTTTTTTTTTTTTTTT SHELLXN     TELAPSE      904.17 TCPU      902.11
 TTTTTTTTTTTTTTTTTTTTTTTTTTTTTT MONMO3      TELAPSE      904.31 TCPU      902.24
 NUMERICALLY INTEGRATED DENSITY    240.0004770796    240.0004770796
 TTTTTTTTTTTTTTTTTTTTTTTTTTTTTT NUMDFT      TELAPSE      905.44 TCPU      903.37
 CYC  12 ETOT(AU) -3.045345494462E+03 DETOT -6.35E-10 tst  1.55E-14 PX  2.34E-07
 TTTTTTTTTTTTTTTTTTTTTTTTTTTTTT DIIS        TELAPSE      905.66 TCPU      903.59
 DIIS TEST: 0.72004E-10 AT SCF   CYCLE  12 - DIIS ACTIVE - HISTORY:    12 CYCLES
 TTTTTTTTTTTTTTTTTTTTTTTTTTTTTT FDIK        TELAPSE      908.24 TCPU      906.16

    ALPHA      ELECTRONS
 INSULATING STATE
 TOP OF VALENCE BANDS -    BAND    240; K    1; EIG -1.4945339E-01 AU
 BOTTOM OF VIRTUAL BANDS - BAND    241; K   20; EIG  3.4420137E-02 AU
 INDIRECT ENERGY BAND GAP:   5.0035 eV
 BOTTOM OF VIRTUAL BANDS - BAND    241; K    1; EIG  4.6361967E-02 AU

    BETA       ELECTRONS
 INSULATING STATE
 TOP OF VALENCE BANDS -    BAND    240; K    1; EIG -1.4945339E-01 AU
 BOTTOM OF VIRTUAL BANDS - BAND    241; K   20; EIG  3.4420137E-02 AU
 INDIRECT ENERGY BAND GAP:   5.0035 eV
 BOTTOM OF VIRTUAL BANDS - BAND    241; K    1; EIG  4.6361967E-02 AU
 TTTTTTTTTTTTTTTTTTTTTTTTTTTTTT PDIG        TELAPSE      909.02 TCPU      906.95
 CHARGE NORMALIZATION FACTOR   1.00000000
 TOTAL ATOMIC CHARGES:
   6.0081105   6.0081105   6.0081105   6.0081105   6.0081105   6.0081105
   6.0081105   6.0081105   6.0081105   6.0081105   6.0081105   6.0081105
   6.0081105   6.0081105   6.0081105   6.0081105   6.0081105   6.0081105
   6.0081105   6.0081105   6.0081105   6.0081105   6.0081105   6.0081105
   6.0390135   6.0390135   6.0390135   6.0390135   6.0390135   6.0390135
   6.0390135   6.0390135   6.0390135   6.0390135   6.0390135   6.0390135
   6.0390135   6.0390135   6.0390135   6.0390135   6.0390135   6.0390135
   6.0390135   6.0390135   6.0390135   6.0390135   6.0390135   6.0390135
   5.9505409   5.9505409   5.9505409   5.9505409   5.9505409   5.9505409
   5.9505409   5.9505409   5.9505409   5.9505409   5.9505409   5.9505409
   5.9505409   5.9505409   5.9505409   5.9505409   5.9505409   5.9505409
   5.9505409   5.9505409   5.9505409   5.9505409   5.9505409   5.9505409
   6.0070053   6.0070053   6.0070053   6.0070053   6.0070053   6.0070053
   6.0070053   6.0070053
 SUMMED SPIN DENSITY           0.00000000
 TOTAL ATOMIC SPINS  :
  -0.0000000  -0.0000000  -0.0000000  -0.0000000  -0.0000000  -0.0000000
  -0.0000000  -0.0000000  -0.0000000  -0.0000000  -0.0000000  -0.0000000
  -0.0000000  -0.0000000  -0.0000000  -0.0000000  -0.0000000  -0.0000000
  -0.0000000  -0.0000000  -0.0000000  -0.0000000  -0.0000000  -0.0000000
   0.0000000   0.0000000   0.0000000   0.0000000   0.0000000   0.0000000
   0.0000000   0.0000000   0.0000000   0.0000000   0.0000000   0.0000000
   0.0000000   0.0000000   0.0000000   0.0000000   0.0000000   0.0000000
   0.0000000   0.0000000   0.0000000   0.0000000   0.0000000   0.0000000
   0.0000000   0.0000000   0.0000000   0.0000000   0.0000000   0.0000000
   0.0000000   0.0000000   0.0000000   0.0000000   0.0000000   0.0000000
   0.0000000   0.0000000   0.0000000   0.0000000   0.0000000   0.0000000
   0.0000000   0.0000000   0.0000000   0.0000000   0.0000000   0.0000000
  -0.0000000  -0.0000000  -0.0000000  -0.0000000  -0.0000000  -0.0000000
  -0.0000000  -0.0000000
 TTTTTTTTTTTTTTTTTTTTTTTTTTTTTT MOQGAD      TELAPSE      909.06 TCPU      906.99
 WARNING **** GENBUD **** COUL. BIPO BUFFER TOO SMALL - TO AVOID I/O SET BIPOSIZE =     4683000
 TTTTTTTTTTTTTTTTTTTTTTTTTTTTTT SHELLXN     TELAPSE      971.74 TCPU      969.66
 +++ ENERGIES IN A.U. +++
 ::: EXT EL-POLE                                  -1.4708132453690E+04
 ::: EXT EL-SPHEROPOLE                             1.2453393728876E+02
 ::: BIELET ZONE E-E                               1.5162811115843E+04
 ::: TOTAL E-E                                     5.7921259944152E+02
 ::: TOTAL E-N + N-E                              -5.2522171276461E+03
 ::: TOTAL N-N                                    -1.0571502057452E+03
 ::: KINETIC ENERGY                                3.0364267864915E+03
 ::: PSEUDO TOTAL   ENERGY                        -2.6937279474584E+03
 ::: VIRIAL COEFFICIENT                            1.0598062102935E+00
 TTTTTTTTTTTTTTTTTTTTTTTTTTTTTT MONMO3      TELAPSE      971.88 TCPU      969.80
 NUMERICALLY INTEGRATED DENSITY    240.0004770796    240.0004770796
 EXCHANGE ENERGY: -0.331316325901E+03  CORRELATION ENERGY: -0.203012211029E+02
 TTTTTTTTTTTTTTTTTTTTTTTTTTTTTT NUMDFT      TELAPSE      973.02 TCPU      970.94
 CYC  13 ETOT(AU) -3.045345494462E+03 DETOT -4.96E-11 tst  1.95E-15 PX  2.34E-07

 == SCF ENDED - CONVERGENCE ON ENERGY      E(AU) -3.0453454944623E+03 CYCLES  13


 ENERGY EXPRESSION=HARTREE+FOCK EXCH*0.20000+(BECKE      EXCH)*0.80000+LYP        CORR


 TOTAL ENERGY(DFT)(AU)( 13) -3.0453454944623E+03 DE-5.0E-11 tester 2.0E-15
 TTTTTTTTTTTTTTTTTTTTTTTTTTTTTT EDFT        TELAPSE      973.04 TCPU      970.95
 
 INFORMATION **** DFTD3 ENERGY **** CALCULATE DFTD3 ENERGY

           DFT-D V3(BJ)
 DF                                         b3-lyp    
 parameters
 s6       :    1.0000
 s8       :    1.9889
 a1       :    0.3981
 a2       :    4.4211
 k1 k3    :   16.0000   -4.0000
 Cutoff   :   50.2022
 CN-Cutoff:   21.1671
 ABC-Cutoff:   21.1671
 
 Edisp /kcal,au:  -515.2008 -0.82102469

 E6    /kcal :  -248.0917
 E8    /kcal :  -267.1091
 
 INFORMATION **** DFTD3 ENERGY **** NORMAL TERMINATION OF DFTD3 MODULE

 *******************************************************************************

 DFT-D3 DISPERSION ENERGY CORRECTION

 D3 DISPERSION ENERGY (AU)       -8.2102468976054E-01
 TOTAL ENERGY + DISP (AU)        -3.0461665191521E+03

 *******************************************************************************


 NEIGHBORS OF THE NON-EQUIVALENT ATOMS

 N = NUMBER OF NEIGHBORS AT DISTANCE R
    ATOM  N     R/ANG      R/AU   NEIGHBORS (ATOM LABELS AND CELL INDICES)
   1 C    1     1.4402     2.7215   48 C    0 0 0
   1 C    2     1.5002     2.8349   52 C    0 0 0   53 C    0 0 0
   1 C    1     1.5967     3.0172    2 C    0 0 0
   1 C    2     2.2987     4.3439   42 C    0 0 0   46 C    0 0 0
   1 C    1     2.3505     4.4419   44 C    0 0 0
   1 C    2     2.4606     4.6498   75 C    0 0 0   76 C    0 0 0

  25 C    1     1.4402     2.7215   24 C    0 0 0
  25 C    2     1.5940     3.0122   26 C    0 0 0   28 C    0 0 0
  25 C    1     1.9089     3.6074   52 C    0 0 0
  25 C    1     2.1613     4.0844   27 C    0 0 0
  25 C    2     2.2987     4.3439   18 C    0 0 0   20 C    0 0 0
  25 C    2     2.3139     4.3727   63 C    1 0 0   66 C    1 0 0

  49 C    2     1.5002     2.8349    4 C    0 0 1    6 C    0 0 0
  49 C    1     1.5760     2.9783   73 C    0 0 0
  49 C    1     1.9089     3.6074   28 C    0 0 1
  49 C    2     2.3139     4.3727   40 C    0 0 0   42 C    0 0 1
  49 C    1     2.4909     4.7071   78 C    1 0 1
  49 C    2     2.5222     4.7662    3 C    0 0 1    8 C    0 0 0

  73 C    1     1.4750     2.7874   78 C    1 0 1
  73 C    3     1.5760     2.9783   49 C    0 0 0   57 C    0 0 0   58 C    0 0 0
  73 C    6     2.4606     4.6498    3 C    0 0 1    4 C    0 0 1    6 C    0 0 0
                                     7 C    1 0 0    8 C    0 0 0   11 C    1 0 0
  73 C    3     2.4909     4.7071   62 C    1 0 1   66 C    1 0 1   71 C    1 0 1
  73 C    3     2.8591     5.4029   39 C    0 0 0   45 C    1 0 0   48 C    0 0 1
  73 C    3     2.9253     5.5280   28 C    0 0 1   32 C    1 0 0   35 C    1 0 1

 TTTTTTTTTTTTTTTTTTTTTTTTTTTTTT AFTER FIRST TELAPSE      973.53 TCPU      971.44
 MMMMMMMMMMMMMMMMMMMMMMMMMMMMMMMMMMMMMMMMMMMMMMMMMMMMMMMMMMMMMMMMMMMMMMMMMMMMMMM
     ALPHA+BETA ELECTRONS
 MULLIKEN POPULATION ANALYSIS - NO. OF ELECTRONS  480.000000

  ATOM    Z CHARGE  A.O. POPULATION

   1 C    6  6.008  0.853  1.120  0.758  0.370  0.440  0.440  0.499 -0.008
                   -0.008 -0.024  0.496  0.496  0.524  0.012  0.008  0.008
                    0.009  0.013
   2 C    6  6.008  0.853  1.120  0.758  0.370  0.440  0.440  0.499 -0.008
                   -0.008 -0.024  0.496  0.496  0.524  0.012  0.008  0.008
                    0.009  0.013
   3 C    6  6.008  0.853  1.120  0.758  0.370  0.440  0.440  0.499 -0.008
                   -0.008 -0.024  0.496  0.496  0.524  0.012  0.008  0.008
                    0.009  0.013
   4 C    6  6.008  0.853  1.120  0.758  0.370  0.440  0.440  0.499 -0.008
                   -0.008 -0.024  0.496  0.496  0.524  0.012  0.008  0.008
                    0.009  0.013
   5 C    6  6.008  0.853  1.120  0.758  0.370  0.499  0.440  0.440 -0.024
                   -0.008 -0.008  0.524  0.496  0.496  0.009  0.008  0.013
                    0.011  0.008
   6 C    6  6.008  0.853  1.120  0.758  0.370  0.440  0.499  0.440 -0.008
                   -0.024 -0.008  0.496  0.524  0.496  0.009  0.013  0.008
                    0.011  0.008
   7 C    6  6.008  0.853  1.120  0.758  0.370  0.499  0.440  0.440 -0.024
                   -0.008 -0.008  0.524  0.496  0.496  0.009  0.008  0.013
                    0.011  0.008
   8 C    6  6.008  0.853  1.120  0.758  0.370  0.440  0.499  0.440 -0.008
                   -0.024 -0.008  0.496  0.524  0.496  0.009  0.013  0.008
                    0.011  0.008
   9 C    6  6.008  0.853  1.120  0.758  0.370  0.499  0.440  0.440 -0.024
                   -0.008 -0.008  0.524  0.496  0.496  0.009  0.008  0.013
                    0.011  0.008
  10 C    6  6.008  0.853  1.120  0.758  0.370  0.440  0.499  0.440 -0.008
                   -0.024 -0.008  0.496  0.524  0.496  0.009  0.013  0.008
                    0.011  0.008
  11 C    6  6.008  0.853  1.120  0.758  0.370  0.499  0.440  0.440 -0.024
                   -0.008 -0.008  0.524  0.496  0.496  0.009  0.008  0.013
                    0.011  0.008
  12 C    6  6.008  0.853  1.120  0.758  0.370  0.440  0.499  0.440 -0.008
                   -0.024 -0.008  0.496  0.524  0.496  0.009  0.013  0.008
                    0.011  0.008
  13 C    6  6.008  0.853  1.120  0.758  0.370  0.440  0.440  0.499 -0.008
                   -0.008 -0.024  0.496  0.496  0.524  0.012  0.008  0.008
                    0.009  0.013
  14 C    6  6.008  0.853  1.120  0.758  0.370  0.440  0.440  0.499 -0.008
                   -0.008 -0.024  0.496  0.496  0.524  0.012  0.008  0.008
                    0.009  0.013
  15 C    6  6.008  0.853  1.120  0.758  0.370  0.440  0.440  0.499 -0.008
                   -0.008 -0.024  0.496  0.496  0.524  0.012  0.008  0.008
                    0.009  0.013
  16 C    6  6.008  0.853  1.120  0.758  0.370  0.440  0.440  0.499 -0.008
                   -0.008 -0.024  0.496  0.496  0.524  0.012  0.008  0.008
                    0.009  0.013
  17 C    6  6.008  0.853  1.120  0.758  0.370  0.440  0.499  0.440 -0.008
                   -0.024 -0.008  0.496  0.524  0.496  0.009  0.013  0.008
                    0.011  0.008
  18 C    6  6.008  0.853  1.120  0.758  0.370  0.499  0.440  0.440 -0.024
                   -0.008 -0.008  0.524  0.496  0.496  0.009  0.008  0.013
                    0.011  0.008
  19 C    6  6.008  0.853  1.120  0.758  0.370  0.440  0.499  0.440 -0.008
                   -0.024 -0.008  0.496  0.524  0.496  0.009  0.013  0.008
                    0.011  0.008
  20 C    6  6.008  0.853  1.120  0.758  0.370  0.499  0.440  0.440 -0.024
                   -0.008 -0.008  0.524  0.496  0.496  0.009  0.008  0.013
                    0.011  0.008
  21 C    6  6.008  0.853  1.120  0.758  0.370  0.440  0.499  0.440 -0.008
                   -0.024 -0.008  0.496  0.524  0.496  0.009  0.013  0.008
                    0.011  0.008
  22 C    6  6.008  0.853  1.120  0.758  0.370  0.499  0.440  0.440 -0.024
                   -0.008 -0.008  0.524  0.496  0.496  0.009  0.008  0.013
                    0.011  0.008
  23 C    6  6.008  0.853  1.120  0.758  0.370  0.440  0.499  0.440 -0.008
                   -0.024 -0.008  0.496  0.524  0.496  0.009  0.013  0.008
                    0.011  0.008
  24 C    6  6.008  0.853  1.120  0.758  0.370  0.499  0.440  0.440 -0.024
                   -0.008 -0.008  0.524  0.496  0.496  0.009  0.008  0.013
                    0.011  0.008
  25 C    6  6.039  0.854  1.119  0.752  0.568  0.487  0.392  0.392 -0.027
                   -0.020 -0.020  0.477  0.511  0.511  0.011  0.007  0.006
                    0.012  0.007
  26 C    6  6.039  0.854  1.119  0.752  0.568  0.487  0.392  0.392 -0.027
                   -0.020 -0.020  0.477  0.511  0.511  0.011  0.007  0.006
                    0.012  0.007
  27 C    6  6.039  0.854  1.119  0.752  0.568  0.487  0.392  0.392 -0.027
                   -0.020 -0.020  0.477  0.511  0.511  0.011  0.007  0.006
                    0.012  0.007
  28 C    6  6.039  0.854  1.119  0.752  0.568  0.487  0.392  0.392 -0.027
                   -0.020 -0.020  0.477  0.511  0.511  0.011  0.007  0.006
                    0.012  0.007
  29 C    6  6.039  0.854  1.119  0.752  0.568  0.392  0.487  0.392 -0.020
                   -0.027 -0.020  0.511  0.477  0.511  0.011  0.006  0.007
                    0.012  0.007
  30 C    6  6.039  0.854  1.119  0.752  0.568  0.392  0.392  0.487 -0.020
                   -0.020 -0.027  0.511  0.511  0.477  0.013  0.007  0.007
                    0.011  0.006
  31 C    6  6.039  0.854  1.119  0.752  0.568  0.392  0.487  0.392 -0.020
                   -0.027 -0.020  0.511  0.477  0.511  0.011  0.006  0.007
                    0.012  0.007
  32 C    6  6.039  0.854  1.119  0.752  0.568  0.392  0.392  0.487 -0.020
                   -0.020 -0.027  0.511  0.511  0.477  0.013  0.007  0.007
                    0.011  0.006
  33 C    6  6.039  0.854  1.119  0.752  0.568  0.392  0.487  0.392 -0.020
                   -0.027 -0.020  0.511  0.477  0.511  0.011  0.006  0.007
                    0.012  0.007
  34 C    6  6.039  0.854  1.119  0.752  0.568  0.392  0.392  0.487 -0.020
                   -0.020 -0.027  0.511  0.511  0.477  0.013  0.007  0.007
                    0.011  0.006
  35 C    6  6.039  0.854  1.119  0.752  0.568  0.392  0.487  0.392 -0.020
                   -0.027 -0.020  0.511  0.477  0.511  0.011  0.006  0.007
                    0.012  0.007
  36 C    6  6.039  0.854  1.119  0.752  0.568  0.392  0.392  0.487 -0.020
                   -0.020 -0.027  0.511  0.511  0.477  0.013  0.007  0.007
                    0.011  0.006
  37 C    6  6.039  0.854  1.119  0.752  0.568  0.392  0.487  0.392 -0.020
                   -0.027 -0.020  0.511  0.477  0.511  0.011  0.006  0.007
                    0.012  0.007
  38 C    6  6.039  0.854  1.119  0.752  0.568  0.392  0.487  0.392 -0.020
                   -0.027 -0.020  0.511  0.477  0.511  0.011  0.006  0.007
                    0.012  0.007
  39 C    6  6.039  0.854  1.119  0.752  0.568  0.392  0.487  0.392 -0.020
                   -0.027 -0.020  0.511  0.477  0.511  0.011  0.006  0.007
                    0.012  0.007
  40 C    6  6.039  0.854  1.119  0.752  0.568  0.392  0.487  0.392 -0.020
                   -0.027 -0.020  0.511  0.477  0.511  0.011  0.006  0.007
                    0.012  0.007
  41 C    6  6.039  0.854  1.119  0.752  0.568  0.487  0.392  0.392 -0.027
                   -0.020 -0.020  0.477  0.511  0.511  0.011  0.007  0.006
                    0.012  0.007
  42 C    6  6.039  0.854  1.119  0.752  0.568  0.392  0.392  0.487 -0.020
                   -0.020 -0.027  0.511  0.511  0.477  0.013  0.007  0.007
                    0.011  0.006
  43 C    6  6.039  0.854  1.119  0.752  0.568  0.487  0.392  0.392 -0.027
                   -0.020 -0.020  0.477  0.511  0.511  0.011  0.007  0.006
                    0.012  0.007
  44 C    6  6.039  0.854  1.119  0.752  0.568  0.392  0.392  0.487 -0.020
                   -0.020 -0.027  0.511  0.511  0.477  0.013  0.007  0.007
                    0.011  0.006
  45 C    6  6.039  0.854  1.119  0.752  0.568  0.487  0.392  0.392 -0.027
                   -0.020 -0.020  0.477  0.511  0.511  0.011  0.007  0.006
                    0.012  0.007
  46 C    6  6.039  0.854  1.119  0.752  0.568  0.392  0.392  0.487 -0.020
                   -0.020 -0.027  0.511  0.511  0.477  0.013  0.007  0.007
                    0.011  0.006
  47 C    6  6.039  0.854  1.119  0.752  0.568  0.487  0.392  0.392 -0.027
                   -0.020 -0.020  0.477  0.511  0.511  0.011  0.007  0.006
                    0.012  0.007
  48 C    6  6.039  0.854  1.119  0.752  0.568  0.392  0.392  0.487 -0.020
                   -0.020 -0.027  0.511  0.511  0.477  0.013  0.007  0.007
                    0.011  0.006
  49 C    6  5.951  0.854  1.120  0.761  0.480  0.442  0.418  0.418 -0.004
                   -0.007 -0.007  0.491  0.473  0.473  0.009  0.007  0.007
                    0.009  0.007
  50 C    6  5.951  0.854  1.120  0.761  0.480  0.442  0.418  0.418 -0.004
                   -0.007 -0.007  0.491  0.473  0.473  0.009  0.007  0.007
                    0.009  0.007
  51 C    6  5.951  0.854  1.120  0.761  0.480  0.442  0.418  0.418 -0.004
                   -0.007 -0.007  0.491  0.473  0.473  0.009  0.007  0.007
                    0.009  0.007
  52 C    6  5.951  0.854  1.120  0.761  0.480  0.442  0.418  0.418 -0.004
                   -0.007 -0.007  0.491  0.473  0.473  0.009  0.007  0.007
                    0.009  0.007
  53 C    6  5.951  0.854  1.120  0.761  0.480  0.418  0.442  0.418 -0.007
                   -0.004 -0.007  0.473  0.491  0.473  0.009  0.007  0.007
                    0.009  0.007
  54 C    6  5.951  0.854  1.120  0.761  0.480  0.418  0.418  0.442 -0.007
                   -0.007 -0.004  0.473  0.473  0.491  0.009  0.007  0.007
                    0.009  0.007
  55 C    6  5.951  0.854  1.120  0.761  0.480  0.418  0.442  0.418 -0.007
                   -0.004 -0.007  0.473  0.491  0.473  0.009  0.007  0.007
                    0.009  0.007
  56 C    6  5.951  0.854  1.120  0.761  0.480  0.418  0.418  0.442 -0.007
                   -0.007 -0.004  0.473  0.473  0.491  0.009  0.007  0.007
                    0.009  0.007
  57 C    6  5.951  0.854  1.120  0.761  0.480  0.418  0.442  0.418 -0.007
                   -0.004 -0.007  0.473  0.491  0.473  0.009  0.007  0.007
                    0.009  0.007
  58 C    6  5.951  0.854  1.120  0.761  0.480  0.418  0.418  0.442 -0.007
                   -0.007 -0.004  0.473  0.473  0.491  0.009  0.007  0.007
                    0.009  0.007
  59 C    6  5.951  0.854  1.120  0.761  0.480  0.418  0.442  0.418 -0.007
                   -0.004 -0.007  0.473  0.491  0.473  0.009  0.007  0.007
                    0.009  0.007
  60 C    6  5.951  0.854  1.120  0.761  0.480  0.418  0.418  0.442 -0.007
                   -0.007 -0.004  0.473  0.473  0.491  0.009  0.007  0.007
                    0.009  0.007
  61 C    6  5.951  0.854  1.120  0.761  0.480  0.418  0.442  0.418 -0.007
                   -0.004 -0.007  0.473  0.491  0.473  0.009  0.007  0.007
                    0.009  0.007
  62 C    6  5.951  0.854  1.120  0.761  0.480  0.418  0.442  0.418 -0.007
                   -0.004 -0.007  0.473  0.491  0.473  0.009  0.007  0.007
                    0.009  0.007
  63 C    6  5.951  0.854  1.120  0.761  0.480  0.418  0.442  0.418 -0.007
                   -0.004 -0.007  0.473  0.491  0.473  0.009  0.007  0.007
                    0.009  0.007
  64 C    6  5.951  0.854  1.120  0.761  0.480  0.418  0.442  0.418 -0.007
                   -0.004 -0.007  0.473  0.491  0.473  0.009  0.007  0.007
                    0.009  0.007
  65 C    6  5.951  0.854  1.120  0.761  0.480  0.442  0.418  0.418 -0.004
                   -0.007 -0.007  0.491  0.473  0.473  0.009  0.007  0.007
                    0.009  0.007
  66 C    6  5.951  0.854  1.120  0.761  0.480  0.418  0.418  0.442 -0.007
                   -0.007 -0.004  0.473  0.473  0.491  0.009  0.007  0.007
                    0.009  0.007
  67 C    6  5.951  0.854  1.120  0.761  0.480  0.442  0.418  0.418 -0.004
                   -0.007 -0.007  0.491  0.473  0.473  0.009  0.007  0.007
                    0.009  0.007
  68 C    6  5.951  0.854  1.120  0.761  0.480  0.418  0.418  0.442 -0.007
                   -0.007 -0.004  0.473  0.473  0.491  0.009  0.007  0.007
                    0.009  0.007
  69 C    6  5.951  0.854  1.120  0.761  0.480  0.442  0.418  0.418 -0.004
                   -0.007 -0.007  0.491  0.473  0.473  0.009  0.007  0.007
                    0.009  0.007
  70 C    6  5.951  0.854  1.120  0.761  0.480  0.418  0.418  0.442 -0.007
                   -0.007 -0.004  0.473  0.473  0.491  0.009  0.007  0.007
                    0.009  0.007
  71 C    6  5.951  0.854  1.120  0.761  0.480  0.442  0.418  0.418 -0.004
                   -0.007 -0.007  0.491  0.473  0.473  0.009  0.007  0.007
                    0.009  0.007
  72 C    6  5.951  0.854  1.120  0.761  0.480  0.418  0.418  0.442 -0.007
                   -0.007 -0.004  0.473  0.473  0.491  0.009  0.007  0.007
                    0.009  0.007
  73 C    6  6.007  0.854  1.120  0.771  0.436  0.437  0.437  0.437 -0.004
                   -0.004 -0.004  0.494  0.494  0.494  0.011  0.008  0.008
                    0.011  0.008
  74 C    6  6.007  0.854  1.120  0.771  0.436  0.437  0.437  0.437 -0.004
                   -0.004 -0.004  0.494  0.494  0.494  0.011  0.008  0.008
                    0.011  0.008
  75 C    6  6.007  0.854  1.120  0.771  0.436  0.437  0.437  0.437 -0.004
                   -0.004 -0.004  0.494  0.494  0.494  0.011  0.008  0.008
                    0.011  0.008
  76 C    6  6.007  0.854  1.120  0.771  0.436  0.437  0.437  0.437 -0.004
                   -0.004 -0.004  0.494  0.494  0.494  0.011  0.008  0.008
                    0.011  0.008
  77 C    6  6.007  0.854  1.120  0.771  0.436  0.437  0.437  0.437 -0.004
                   -0.004 -0.004  0.494  0.494  0.494  0.011  0.008  0.008
                    0.011  0.008
  78 C    6  6.007  0.854  1.120  0.771  0.436  0.437  0.437  0.437 -0.004
                   -0.004 -0.004  0.494  0.494  0.494  0.011  0.008  0.008
                    0.011  0.008
  79 C    6  6.007  0.854  1.120  0.771  0.436  0.437  0.437  0.437 -0.004
                   -0.004 -0.004  0.494  0.494  0.494  0.011  0.008  0.008
                    0.011  0.008
  80 C    6  6.007  0.854  1.120  0.771  0.436  0.437  0.437  0.437 -0.004
                   -0.004 -0.004  0.494  0.494  0.494  0.011  0.008  0.008
                    0.011  0.008

  ATOM    Z CHARGE  SHELL POPULATION

   1 C    6  6.008  0.853  1.120  0.758  0.370  1.379 -0.039  1.517  0.050
   2 C    6  6.008  0.853  1.120  0.758  0.370  1.379 -0.039  1.517  0.050
   3 C    6  6.008  0.853  1.120  0.758  0.370  1.379 -0.039  1.517  0.050
   4 C    6  6.008  0.853  1.120  0.758  0.370  1.379 -0.039  1.517  0.050
   5 C    6  6.008  0.853  1.120  0.758  0.370  1.379 -0.039  1.517  0.050
   6 C    6  6.008  0.853  1.120  0.758  0.370  1.379 -0.039  1.517  0.050
   7 C    6  6.008  0.853  1.120  0.758  0.370  1.379 -0.039  1.517  0.050
   8 C    6  6.008  0.853  1.120  0.758  0.370  1.379 -0.039  1.517  0.050
   9 C    6  6.008  0.853  1.120  0.758  0.370  1.379 -0.039  1.517  0.050
  10 C    6  6.008  0.853  1.120  0.758  0.370  1.379 -0.039  1.517  0.050
  11 C    6  6.008  0.853  1.120  0.758  0.370  1.379 -0.039  1.517  0.050
  12 C    6  6.008  0.853  1.120  0.758  0.370  1.379 -0.039  1.517  0.050
  13 C    6  6.008  0.853  1.120  0.758  0.370  1.379 -0.039  1.517  0.050
  14 C    6  6.008  0.853  1.120  0.758  0.370  1.379 -0.039  1.517  0.050
  15 C    6  6.008  0.853  1.120  0.758  0.370  1.379 -0.039  1.517  0.050
  16 C    6  6.008  0.853  1.120  0.758  0.370  1.379 -0.039  1.517  0.050
  17 C    6  6.008  0.853  1.120  0.758  0.370  1.379 -0.039  1.517  0.050
  18 C    6  6.008  0.853  1.120  0.758  0.370  1.379 -0.039  1.517  0.050
  19 C    6  6.008  0.853  1.120  0.758  0.370  1.379 -0.039  1.517  0.050
  20 C    6  6.008  0.853  1.120  0.758  0.370  1.379 -0.039  1.517  0.050
  21 C    6  6.008  0.853  1.120  0.758  0.370  1.379 -0.039  1.517  0.050
  22 C    6  6.008  0.853  1.120  0.758  0.370  1.379 -0.039  1.517  0.050
  23 C    6  6.008  0.853  1.120  0.758  0.370  1.379 -0.039  1.517  0.050
  24 C    6  6.008  0.853  1.120  0.758  0.370  1.379 -0.039  1.517  0.050
  25 C    6  6.039  0.854  1.119  0.752  0.568  1.271 -0.066  1.498  0.042
  26 C    6  6.039  0.854  1.119  0.752  0.568  1.271 -0.066  1.498  0.042
  27 C    6  6.039  0.854  1.119  0.752  0.568  1.271 -0.066  1.498  0.042
  28 C    6  6.039  0.854  1.119  0.752  0.568  1.271 -0.066  1.498  0.042
  29 C    6  6.039  0.854  1.119  0.752  0.568  1.271 -0.066  1.498  0.042
  30 C    6  6.039  0.854  1.119  0.752  0.568  1.271 -0.066  1.498  0.042
  31 C    6  6.039  0.854  1.119  0.752  0.568  1.271 -0.066  1.498  0.042
  32 C    6  6.039  0.854  1.119  0.752  0.568  1.271 -0.066  1.498  0.042
  33 C    6  6.039  0.854  1.119  0.752  0.568  1.271 -0.066  1.498  0.042
  34 C    6  6.039  0.854  1.119  0.752  0.568  1.271 -0.066  1.498  0.042
  35 C    6  6.039  0.854  1.119  0.752  0.568  1.271 -0.066  1.498  0.042
  36 C    6  6.039  0.854  1.119  0.752  0.568  1.271 -0.066  1.498  0.042
  37 C    6  6.039  0.854  1.119  0.752  0.568  1.271 -0.066  1.498  0.042
  38 C    6  6.039  0.854  1.119  0.752  0.568  1.271 -0.066  1.498  0.042
  39 C    6  6.039  0.854  1.119  0.752  0.568  1.271 -0.066  1.498  0.042
  40 C    6  6.039  0.854  1.119  0.752  0.568  1.271 -0.066  1.498  0.042
  41 C    6  6.039  0.854  1.119  0.752  0.568  1.271 -0.066  1.498  0.042
  42 C    6  6.039  0.854  1.119  0.752  0.568  1.271 -0.066  1.498  0.042
  43 C    6  6.039  0.854  1.119  0.752  0.568  1.271 -0.066  1.498  0.042
  44 C    6  6.039  0.854  1.119  0.752  0.568  1.271 -0.066  1.498  0.042
  45 C    6  6.039  0.854  1.119  0.752  0.568  1.271 -0.066  1.498  0.042
  46 C    6  6.039  0.854  1.119  0.752  0.568  1.271 -0.066  1.498  0.042
  47 C    6  6.039  0.854  1.119  0.752  0.568  1.271 -0.066  1.498  0.042
  48 C    6  6.039  0.854  1.119  0.752  0.568  1.271 -0.066  1.498  0.042
  49 C    6  5.951  0.854  1.120  0.761  0.480  1.278 -0.019  1.438  0.039
  50 C    6  5.951  0.854  1.120  0.761  0.480  1.278 -0.019  1.438  0.039
  51 C    6  5.951  0.854  1.120  0.761  0.480  1.278 -0.019  1.438  0.039
  52 C    6  5.951  0.854  1.120  0.761  0.480  1.278 -0.019  1.438  0.039
  53 C    6  5.951  0.854  1.120  0.761  0.480  1.278 -0.019  1.438  0.039
  54 C    6  5.951  0.854  1.120  0.761  0.480  1.278 -0.019  1.438  0.039
  55 C    6  5.951  0.854  1.120  0.761  0.480  1.278 -0.019  1.438  0.039
  56 C    6  5.951  0.854  1.120  0.761  0.480  1.278 -0.019  1.438  0.039
  57 C    6  5.951  0.854  1.120  0.761  0.480  1.278 -0.019  1.438  0.039
  58 C    6  5.951  0.854  1.120  0.761  0.480  1.278 -0.019  1.438  0.039
  59 C    6  5.951  0.854  1.120  0.761  0.480  1.278 -0.019  1.438  0.039
  60 C    6  5.951  0.854  1.120  0.761  0.480  1.278 -0.019  1.438  0.039
  61 C    6  5.951  0.854  1.120  0.761  0.480  1.278 -0.019  1.438  0.039
  62 C    6  5.951  0.854  1.120  0.761  0.480  1.278 -0.019  1.438  0.039
  63 C    6  5.951  0.854  1.120  0.761  0.480  1.278 -0.019  1.438  0.039
  64 C    6  5.951  0.854  1.120  0.761  0.480  1.278 -0.019  1.438  0.039
  65 C    6  5.951  0.854  1.120  0.761  0.480  1.278 -0.019  1.438  0.039
  66 C    6  5.951  0.854  1.120  0.761  0.480  1.278 -0.019  1.438  0.039
  67 C    6  5.951  0.854  1.120  0.761  0.480  1.278 -0.019  1.438  0.039
  68 C    6  5.951  0.854  1.120  0.761  0.480  1.278 -0.019  1.438  0.039
  69 C    6  5.951  0.854  1.120  0.761  0.480  1.278 -0.019  1.438  0.039
  70 C    6  5.951  0.854  1.120  0.761  0.480  1.278 -0.019  1.438  0.039
  71 C    6  5.951  0.854  1.120  0.761  0.480  1.278 -0.019  1.438  0.039
  72 C    6  5.951  0.854  1.120  0.761  0.480  1.278 -0.019  1.438  0.039
  73 C    6  6.007  0.854  1.120  0.771  0.436  1.310 -0.011  1.483  0.044
  74 C    6  6.007  0.854  1.120  0.771  0.436  1.310 -0.011  1.483  0.044
  75 C    6  6.007  0.854  1.120  0.771  0.436  1.310 -0.011  1.483  0.044
  76 C    6  6.007  0.854  1.120  0.771  0.436  1.310 -0.011  1.483  0.044
  77 C    6  6.007  0.854  1.120  0.771  0.436  1.310 -0.011  1.483  0.044
  78 C    6  6.007  0.854  1.120  0.771  0.436  1.310 -0.011  1.483  0.044
  79 C    6  6.007  0.854  1.120  0.771  0.436  1.310 -0.011  1.483  0.044
  80 C    6  6.007  0.854  1.120  0.771  0.436  1.310 -0.011  1.483  0.044

 OVERLAP POPULATION CONDENSED TO ATOMS FOR FIRST   6 NEIGHBORS

 ATOM A   1 C    ATOM B     CELL      R(AB)/AU R(AB)/ANG    OVPOP(AB)
                 48 C    (  0  0  0)     2.722     1.440     0.340
                 52 C    (  0  0  0)     2.835     1.500     0.285
                  2 C    (  0  0  0)     3.017     1.597     0.368
                 42 C    (  0  0  0)     4.344     2.299    -0.073
                 44 C    (  0  0  0)     4.442     2.351    -0.019
                 75 C    (  0  0  0)     4.650     2.461    -0.025

 ATOM A  25 C    ATOM B     CELL      R(AB)/AU R(AB)/ANG    OVPOP(AB)
                 24 C    (  0  0  0)     2.722     1.440     0.340
                 26 C    (  0  0  0)     3.012     1.594     0.296
                 52 C    (  0  0  0)     3.607     1.909     0.301
                 27 C    (  0  0  0)     4.084     2.161    -0.095
                 18 C    (  0  0  0)     4.344     2.299    -0.073
                 63 C    (  1  0  0)     4.373     2.314    -0.044

 ATOM A  49 C    ATOM B     CELL      R(AB)/AU R(AB)/ANG    OVPOP(AB)
                  4 C    (  0  0  1)     2.835     1.500     0.285
                 73 C    (  0  0  0)     2.978     1.576     0.320
                 28 C    (  0  0  1)     3.607     1.909     0.301
                 40 C    (  0  0  0)     4.373     2.314    -0.044
                 78 C    (  1  0  1)     4.707     2.491    -0.029
                  3 C    (  0  0  1)     4.766     2.522    -0.027

 ATOM A  73 C    ATOM B     CELL      R(AB)/AU R(AB)/ANG    OVPOP(AB)
                 78 C    (  1  0  1)     2.787     1.475     0.301
                 49 C    (  0  0  0)     2.978     1.576     0.320
                  3 C    (  0  0  1)     4.650     2.461    -0.025
                 62 C    (  1  0  1)     4.707     2.491    -0.029
                 39 C    (  0  0  0)     5.403     2.859     0.006
                 28 C    (  0  0  1)     5.528     2.925    -0.018
 TTTTTTTTTTTTTTTTTTTTTTTTTTTTTT AFTER FIRST TELAPSE      976.63 TCPU      971.71
 MMMMMMMMMMMMMMMMMMMMMMMMMMMMMMMMMMMMMMMMMMMMMMMMMMMMMMMMMMMMMMMMMMMMMMMMMMMMMMM
     ALPHA-BETA ELECTRONS
 MULLIKEN POPULATION ANALYSIS - NO. OF ELECTRONS    0.000000

  ATOM    Z CHARGE  A.O. POPULATION

   1 C    6 -0.000  0.000  0.000 -0.000 -0.000 -0.000 -0.000 -0.000  0.000
                    0.000  0.000 -0.000 -0.000 -0.000 -0.000 -0.000 -0.000
                    0.000 -0.000
   2 C    6 -0.000  0.000  0.000 -0.000 -0.000 -0.000 -0.000 -0.000  0.000
                    0.000  0.000 -0.000 -0.000 -0.000 -0.000 -0.000 -0.000
                    0.000 -0.000
   3 C    6 -0.000  0.000  0.000 -0.000 -0.000 -0.000 -0.000 -0.000  0.000
                    0.000  0.000 -0.000 -0.000 -0.000 -0.000 -0.000 -0.000
                    0.000 -0.000
   4 C    6 -0.000  0.000  0.000 -0.000 -0.000 -0.000 -0.000 -0.000  0.000
                    0.000  0.000 -0.000 -0.000 -0.000 -0.000 -0.000 -0.000
                    0.000 -0.000
   5 C    6 -0.000  0.000  0.000 -0.000 -0.000 -0.000 -0.000 -0.000  0.000
                    0.000  0.000 -0.000 -0.000 -0.000 -0.000 -0.000 -0.000
                   -0.000 -0.000
   6 C    6 -0.000  0.000  0.000 -0.000 -0.000 -0.000 -0.000 -0.000  0.000
                    0.000  0.000 -0.000 -0.000 -0.000 -0.000 -0.000 -0.000
                   -0.000 -0.000
   7 C    6 -0.000  0.000  0.000 -0.000 -0.000 -0.000 -0.000 -0.000  0.000
                    0.000  0.000 -0.000 -0.000 -0.000 -0.000 -0.000 -0.000
                   -0.000 -0.000
   8 C    6 -0.000  0.000  0.000 -0.000 -0.000 -0.000 -0.000 -0.000  0.000
                    0.000  0.000 -0.000 -0.000 -0.000 -0.000 -0.000 -0.000
                   -0.000 -0.000
   9 C    6 -0.000  0.000  0.000 -0.000 -0.000 -0.000 -0.000 -0.000  0.000
                    0.000  0.000 -0.000 -0.000 -0.000 -0.000 -0.000 -0.000
                   -0.000 -0.000
  10 C    6 -0.000  0.000  0.000 -0.000 -0.000 -0.000 -0.000 -0.000  0.000
                    0.000  0.000 -0.000 -0.000 -0.000 -0.000 -0.000 -0.000
                   -0.000 -0.000
  11 C    6 -0.000  0.000  0.000 -0.000 -0.000 -0.000 -0.000 -0.000  0.000
                    0.000  0.000 -0.000 -0.000 -0.000 -0.000 -0.000 -0.000
                   -0.000 -0.000
  12 C    6 -0.000  0.000  0.000 -0.000 -0.000 -0.000 -0.000 -0.000  0.000
                    0.000  0.000 -0.000 -0.000 -0.000 -0.000 -0.000 -0.000
                   -0.000 -0.000
  13 C    6 -0.000  0.000  0.000 -0.000 -0.000 -0.000 -0.000 -0.000  0.000
                    0.000  0.000 -0.000 -0.000 -0.000 -0.000 -0.000 -0.000
                    0.000 -0.000
  14 C    6 -0.000  0.000  0.000 -0.000 -0.000 -0.000 -0.000 -0.000  0.000
                    0.000  0.000 -0.000 -0.000 -0.000 -0.000 -0.000 -0.000
                    0.000 -0.000
  15 C    6 -0.000  0.000  0.000 -0.000 -0.000 -0.000 -0.000 -0.000  0.000
                    0.000  0.000 -0.000 -0.000 -0.000 -0.000 -0.000 -0.000
                    0.000 -0.000
  16 C    6 -0.000  0.000  0.000 -0.000 -0.000 -0.000 -0.000 -0.000  0.000
                    0.000  0.000 -0.000 -0.000 -0.000 -0.000 -0.000 -0.000
                    0.000 -0.000
  17 C    6 -0.000  0.000  0.000 -0.000 -0.000 -0.000 -0.000 -0.000  0.000
                    0.000  0.000 -0.000 -0.000 -0.000 -0.000 -0.000 -0.000
                   -0.000 -0.000
  18 C    6 -0.000  0.000  0.000 -0.000 -0.000 -0.000 -0.000 -0.000  0.000
                    0.000  0.000 -0.000 -0.000 -0.000 -0.000 -0.000 -0.000
                   -0.000 -0.000
  19 C    6 -0.000  0.000  0.000 -0.000 -0.000 -0.000 -0.000 -0.000  0.000
                    0.000  0.000 -0.000 -0.000 -0.000 -0.000 -0.000 -0.000
                   -0.000 -0.000
  20 C    6 -0.000  0.000  0.000 -0.000 -0.000 -0.000 -0.000 -0.000  0.000
                    0.000  0.000 -0.000 -0.000 -0.000 -0.000 -0.000 -0.000
                   -0.000 -0.000
  21 C    6 -0.000  0.000  0.000 -0.000 -0.000 -0.000 -0.000 -0.000  0.000
                    0.000  0.000 -0.000 -0.000 -0.000 -0.000 -0.000 -0.000
                   -0.000 -0.000
  22 C    6 -0.000  0.000  0.000 -0.000 -0.000 -0.000 -0.000 -0.000  0.000
                    0.000  0.000 -0.000 -0.000 -0.000 -0.000 -0.000 -0.000
                   -0.000 -0.000
  23 C    6 -0.000  0.000  0.000 -0.000 -0.000 -0.000 -0.000 -0.000  0.000
                    0.000  0.000 -0.000 -0.000 -0.000 -0.000 -0.000 -0.000
                   -0.000 -0.000
  24 C    6 -0.000  0.000  0.000 -0.000 -0.000 -0.000 -0.000 -0.000  0.000
                    0.000  0.000 -0.000 -0.000 -0.000 -0.000 -0.000 -0.000
                   -0.000 -0.000
  25 C    6  0.000 -0.000 -0.000  0.000 -0.000  0.000  0.000  0.000 -0.000
                   -0.000 -0.000  0.000  0.000  0.000 -0.000  0.000  0.000
                   -0.000  0.000
  26 C    6  0.000 -0.000 -0.000  0.000 -0.000  0.000  0.000  0.000 -0.000
                   -0.000 -0.000  0.000  0.000  0.000 -0.000  0.000  0.000
                   -0.000  0.000
  27 C    6  0.000 -0.000 -0.000  0.000 -0.000  0.000  0.000  0.000 -0.000
                   -0.000 -0.000  0.000  0.000  0.000 -0.000  0.000  0.000
                   -0.000  0.000
  28 C    6  0.000 -0.000 -0.000  0.000 -0.000  0.000  0.000  0.000 -0.000
                   -0.000 -0.000  0.000  0.000  0.000 -0.000  0.000  0.000
                   -0.000  0.000
  29 C    6  0.000 -0.000 -0.000  0.000 -0.000  0.000  0.000  0.000 -0.000
                   -0.000 -0.000  0.000  0.000  0.000 -0.000  0.000  0.000
                   -0.000  0.000
  30 C    6  0.000 -0.000 -0.000  0.000 -0.000  0.000  0.000  0.000 -0.000
                   -0.000 -0.000  0.000  0.000  0.000 -0.000  0.000  0.000
                   -0.000  0.000
  31 C    6  0.000 -0.000 -0.000  0.000 -0.000  0.000  0.000  0.000 -0.000
                   -0.000 -0.000  0.000  0.000  0.000 -0.000  0.000  0.000
                   -0.000  0.000
  32 C    6  0.000 -0.000 -0.000  0.000 -0.000  0.000  0.000  0.000 -0.000
                   -0.000 -0.000  0.000  0.000  0.000 -0.000  0.000  0.000
                   -0.000  0.000
  33 C    6  0.000 -0.000 -0.000  0.000 -0.000  0.000  0.000  0.000 -0.000
                   -0.000 -0.000  0.000  0.000  0.000 -0.000  0.000  0.000
                   -0.000  0.000
  34 C    6  0.000 -0.000 -0.000  0.000 -0.000  0.000  0.000  0.000 -0.000
                   -0.000 -0.000  0.000  0.000  0.000 -0.000  0.000  0.000
                   -0.000  0.000
  35 C    6  0.000 -0.000 -0.000  0.000 -0.000  0.000  0.000  0.000 -0.000
                   -0.000 -0.000  0.000  0.000  0.000 -0.000  0.000  0.000
                   -0.000  0.000
  36 C    6  0.000 -0.000 -0.000  0.000 -0.000  0.000  0.000  0.000 -0.000
                   -0.000 -0.000  0.000  0.000  0.000 -0.000  0.000  0.000
                   -0.000  0.000
  37 C    6  0.000 -0.000 -0.000  0.000 -0.000  0.000  0.000  0.000 -0.000
                   -0.000 -0.000  0.000  0.000  0.000 -0.000  0.000  0.000
                   -0.000  0.000
  38 C    6  0.000 -0.000 -0.000  0.000 -0.000  0.000  0.000  0.000 -0.000
                   -0.000 -0.000  0.000  0.000  0.000 -0.000  0.000  0.000
                   -0.000  0.000
  39 C    6  0.000 -0.000 -0.000  0.000 -0.000  0.000  0.000  0.000 -0.000
                   -0.000 -0.000  0.000  0.000  0.000 -0.000  0.000  0.000
                   -0.000  0.000
  40 C    6  0.000 -0.000 -0.000  0.000 -0.000  0.000  0.000  0.000 -0.000
                   -0.000 -0.000  0.000  0.000  0.000 -0.000  0.000  0.000
                   -0.000  0.000
  41 C    6  0.000 -0.000 -0.000  0.000 -0.000  0.000  0.000  0.000 -0.000
                   -0.000 -0.000  0.000  0.000  0.000 -0.000  0.000  0.000
                   -0.000  0.000
  42 C    6  0.000 -0.000 -0.000  0.000 -0.000  0.000  0.000  0.000 -0.000
                   -0.000 -0.000  0.000  0.000  0.000 -0.000  0.000  0.000
                   -0.000  0.000
  43 C    6  0.000 -0.000 -0.000  0.000 -0.000  0.000  0.000  0.000 -0.000
                   -0.000 -0.000  0.000  0.000  0.000 -0.000  0.000  0.000
                   -0.000  0.000
  44 C    6  0.000 -0.000 -0.000  0.000 -0.000  0.000  0.000  0.000 -0.000
                   -0.000 -0.000  0.000  0.000  0.000 -0.000  0.000  0.000
                   -0.000  0.000
  45 C    6  0.000 -0.000 -0.000  0.000 -0.000  0.000  0.000  0.000 -0.000
                   -0.000 -0.000  0.000  0.000  0.000 -0.000  0.000  0.000
                   -0.000  0.000
  46 C    6  0.000 -0.000 -0.000  0.000 -0.000  0.000  0.000  0.000 -0.000
                   -0.000 -0.000  0.000  0.000  0.000 -0.000  0.000  0.000
                   -0.000  0.000
  47 C    6  0.000 -0.000 -0.000  0.000 -0.000  0.000  0.000  0.000 -0.000
                   -0.000 -0.000  0.000  0.000  0.000 -0.000  0.000  0.000
                   -0.000  0.000
  48 C    6  0.000 -0.000 -0.000  0.000 -0.000  0.000  0.000  0.000 -0.000
                   -0.000 -0.000  0.000  0.000  0.000 -0.000  0.000  0.000
                   -0.000  0.000
  49 C    6  0.000  0.000  0.000 -0.000  0.000 -0.000  0.000  0.000  0.000
                    0.000  0.000 -0.000 -0.000 -0.000 -0.000 -0.000  0.000
                    0.000 -0.000
  50 C    6  0.000  0.000  0.000 -0.000  0.000 -0.000  0.000  0.000  0.000
                    0.000  0.000 -0.000 -0.000 -0.000 -0.000 -0.000  0.000
                    0.000 -0.000
  51 C    6  0.000  0.000  0.000 -0.000  0.000 -0.000  0.000  0.000  0.000
                    0.000  0.000 -0.000 -0.000 -0.000 -0.000 -0.000  0.000
                    0.000 -0.000
  52 C    6  0.000  0.000  0.000 -0.000  0.000 -0.000  0.000  0.000  0.000
                    0.000  0.000 -0.000 -0.000 -0.000 -0.000 -0.000  0.000
                    0.000 -0.000
  53 C    6  0.000  0.000  0.000 -0.000  0.000  0.000 -0.000  0.000  0.000
                    0.000  0.000 -0.000 -0.000 -0.000 -0.000  0.000 -0.000
                    0.000 -0.000
  54 C    6  0.000  0.000  0.000 -0.000  0.000  0.000  0.000 -0.000  0.000
                    0.000  0.000 -0.000 -0.000 -0.000  0.000 -0.000 -0.000
                   -0.000  0.000
  55 C    6  0.000  0.000  0.000 -0.000  0.000  0.000 -0.000  0.000  0.000
                    0.000  0.000 -0.000 -0.000 -0.000 -0.000  0.000 -0.000
                    0.000 -0.000
  56 C    6  0.000  0.000  0.000 -0.000  0.000  0.000  0.000 -0.000  0.000
                    0.000  0.000 -0.000 -0.000 -0.000  0.000 -0.000 -0.000
                   -0.000  0.000
  57 C    6  0.000  0.000  0.000 -0.000  0.000  0.000 -0.000  0.000  0.000
                    0.000  0.000 -0.000 -0.000 -0.000 -0.000  0.000 -0.000
                    0.000 -0.000
  58 C    6  0.000  0.000  0.000 -0.000  0.000  0.000  0.000 -0.000  0.000
                    0.000  0.000 -0.000 -0.000 -0.000  0.000 -0.000 -0.000
                   -0.000  0.000
  59 C    6  0.000  0.000  0.000 -0.000  0.000  0.000 -0.000  0.000  0.000
                    0.000  0.000 -0.000 -0.000 -0.000 -0.000  0.000 -0.000
                    0.000 -0.000
  60 C    6  0.000  0.000  0.000 -0.000  0.000  0.000  0.000 -0.000  0.000
                    0.000  0.000 -0.000 -0.000 -0.000  0.000 -0.000 -0.000
                   -0.000  0.000
  61 C    6  0.000  0.000  0.000 -0.000  0.000  0.000 -0.000  0.000  0.000
                    0.000  0.000 -0.000 -0.000 -0.000 -0.000  0.000 -0.000
                    0.000 -0.000
  62 C    6  0.000  0.000  0.000 -0.000  0.000  0.000 -0.000  0.000  0.000
                    0.000  0.000 -0.000 -0.000 -0.000 -0.000  0.000 -0.000
                    0.000 -0.000
  63 C    6  0.000  0.000  0.000 -0.000  0.000  0.000 -0.000  0.000  0.000
                    0.000  0.000 -0.000 -0.000 -0.000 -0.000  0.000 -0.000
                    0.000 -0.000
  64 C    6  0.000  0.000  0.000 -0.000  0.000  0.000 -0.000  0.000  0.000
                    0.000  0.000 -0.000 -0.000 -0.000 -0.000  0.000 -0.000
                    0.000 -0.000
  65 C    6  0.000  0.000  0.000 -0.000  0.000 -0.000  0.000  0.000  0.000
                    0.000  0.000 -0.000 -0.000 -0.000 -0.000 -0.000  0.000
                    0.000 -0.000
  66 C    6  0.000  0.000  0.000 -0.000  0.000  0.000  0.000 -0.000  0.000
                    0.000  0.000 -0.000 -0.000 -0.000  0.000 -0.000 -0.000
                   -0.000  0.000
  67 C    6  0.000  0.000  0.000 -0.000  0.000 -0.000  0.000  0.000  0.000
                    0.000  0.000 -0.000 -0.000 -0.000 -0.000 -0.000  0.000
                    0.000 -0.000
  68 C    6  0.000  0.000  0.000 -0.000  0.000  0.000  0.000 -0.000  0.000
                    0.000  0.000 -0.000 -0.000 -0.000  0.000 -0.000 -0.000
                   -0.000  0.000
  69 C    6  0.000  0.000  0.000 -0.000  0.000 -0.000  0.000  0.000  0.000
                    0.000  0.000 -0.000 -0.000 -0.000 -0.000 -0.000  0.000
                    0.000 -0.000
  70 C    6  0.000  0.000  0.000 -0.000  0.000  0.000  0.000 -0.000  0.000
                    0.000  0.000 -0.000 -0.000 -0.000  0.000 -0.000 -0.000
                   -0.000  0.000
  71 C    6  0.000  0.000  0.000 -0.000  0.000 -0.000  0.000  0.000  0.000
                    0.000  0.000 -0.000 -0.000 -0.000 -0.000 -0.000  0.000
                    0.000 -0.000
  72 C    6  0.000  0.000  0.000 -0.000  0.000  0.000  0.000 -0.000  0.000
                    0.000  0.000 -0.000 -0.000 -0.000  0.000 -0.000 -0.000
                   -0.000  0.000
  73 C    6 -0.000 -0.000  0.000 -0.000 -0.000 -0.000 -0.000 -0.000  0.000
                    0.000  0.000  0.000  0.000  0.000  0.000 -0.000 -0.000
                    0.000 -0.000
  74 C    6 -0.000 -0.000  0.000 -0.000 -0.000 -0.000 -0.000 -0.000  0.000
                    0.000  0.000  0.000  0.000  0.000  0.000 -0.000 -0.000
                    0.000 -0.000
  75 C    6 -0.000 -0.000  0.000 -0.000 -0.000 -0.000 -0.000 -0.000  0.000
                    0.000  0.000  0.000  0.000  0.000  0.000 -0.000 -0.000
                    0.000 -0.000
  76 C    6 -0.000 -0.000  0.000 -0.000 -0.000 -0.000 -0.000 -0.000  0.000
                    0.000  0.000  0.000  0.000  0.000  0.000 -0.000 -0.000
                    0.000 -0.000
  77 C    6 -0.000 -0.000  0.000 -0.000 -0.000 -0.000 -0.000 -0.000  0.000
                    0.000  0.000  0.000  0.000  0.000  0.000 -0.000 -0.000
                    0.000 -0.000
  78 C    6 -0.000 -0.000  0.000 -0.000 -0.000 -0.000 -0.000 -0.000  0.000
                    0.000  0.000  0.000  0.000  0.000  0.000 -0.000 -0.000
                    0.000 -0.000
  79 C    6 -0.000 -0.000  0.000 -0.000 -0.000 -0.000 -0.000 -0.000  0.000
                    0.000  0.000  0.000  0.000  0.000  0.000 -0.000 -0.000
                    0.000 -0.000
  80 C    6 -0.000 -0.000  0.000 -0.000 -0.000 -0.000 -0.000 -0.000  0.000
                    0.000  0.000  0.000  0.000  0.000  0.000 -0.000 -0.000
                    0.000 -0.000

  ATOM    Z CHARGE  SHELL POPULATION

   1 C    6 -0.000  0.000  0.000 -0.000 -0.000 -0.000  0.000 -0.000 -0.000
   2 C    6 -0.000  0.000  0.000 -0.000 -0.000 -0.000  0.000 -0.000 -0.000
   3 C    6 -0.000  0.000  0.000 -0.000 -0.000 -0.000  0.000 -0.000 -0.000
   4 C    6 -0.000  0.000  0.000 -0.000 -0.000 -0.000  0.000 -0.000 -0.000
   5 C    6 -0.000  0.000  0.000 -0.000 -0.000 -0.000  0.000 -0.000 -0.000
   6 C    6 -0.000  0.000  0.000 -0.000 -0.000 -0.000  0.000 -0.000 -0.000
   7 C    6 -0.000  0.000  0.000 -0.000 -0.000 -0.000  0.000 -0.000 -0.000
   8 C    6 -0.000  0.000  0.000 -0.000 -0.000 -0.000  0.000 -0.000 -0.000
   9 C    6 -0.000  0.000  0.000 -0.000 -0.000 -0.000  0.000 -0.000 -0.000
  10 C    6 -0.000  0.000  0.000 -0.000 -0.000 -0.000  0.000 -0.000 -0.000
  11 C    6 -0.000  0.000  0.000 -0.000 -0.000 -0.000  0.000 -0.000 -0.000
  12 C    6 -0.000  0.000  0.000 -0.000 -0.000 -0.000  0.000 -0.000 -0.000
  13 C    6 -0.000  0.000  0.000 -0.000 -0.000 -0.000  0.000 -0.000 -0.000
  14 C    6 -0.000  0.000  0.000 -0.000 -0.000 -0.000  0.000 -0.000 -0.000
  15 C    6 -0.000  0.000  0.000 -0.000 -0.000 -0.000  0.000 -0.000 -0.000
  16 C    6 -0.000  0.000  0.000 -0.000 -0.000 -0.000  0.000 -0.000 -0.000
  17 C    6 -0.000  0.000  0.000 -0.000 -0.000 -0.000  0.000 -0.000 -0.000
  18 C    6 -0.000  0.000  0.000 -0.000 -0.000 -0.000  0.000 -0.000 -0.000
  19 C    6 -0.000  0.000  0.000 -0.000 -0.000 -0.000  0.000 -0.000 -0.000
  20 C    6 -0.000  0.000  0.000 -0.000 -0.000 -0.000  0.000 -0.000 -0.000
  21 C    6 -0.000  0.000  0.000 -0.000 -0.000 -0.000  0.000 -0.000 -0.000
  22 C    6 -0.000  0.000  0.000 -0.000 -0.000 -0.000  0.000 -0.000 -0.000
  23 C    6 -0.000  0.000  0.000 -0.000 -0.000 -0.000  0.000 -0.000 -0.000
  24 C    6 -0.000  0.000  0.000 -0.000 -0.000 -0.000  0.000 -0.000 -0.000
  25 C    6  0.000 -0.000 -0.000  0.000 -0.000  0.000 -0.000  0.000  0.000
  26 C    6  0.000 -0.000 -0.000  0.000 -0.000  0.000 -0.000  0.000  0.000
  27 C    6  0.000 -0.000 -0.000  0.000 -0.000  0.000 -0.000  0.000  0.000
  28 C    6  0.000 -0.000 -0.000  0.000 -0.000  0.000 -0.000  0.000  0.000
  29 C    6  0.000 -0.000 -0.000  0.000 -0.000  0.000 -0.000  0.000  0.000
  30 C    6  0.000 -0.000 -0.000  0.000 -0.000  0.000 -0.000  0.000  0.000
  31 C    6  0.000 -0.000 -0.000  0.000 -0.000  0.000 -0.000  0.000  0.000
  32 C    6  0.000 -0.000 -0.000  0.000 -0.000  0.000 -0.000  0.000  0.000
  33 C    6  0.000 -0.000 -0.000  0.000 -0.000  0.000 -0.000  0.000  0.000
  34 C    6  0.000 -0.000 -0.000  0.000 -0.000  0.000 -0.000  0.000  0.000
  35 C    6  0.000 -0.000 -0.000  0.000 -0.000  0.000 -0.000  0.000  0.000
  36 C    6  0.000 -0.000 -0.000  0.000 -0.000  0.000 -0.000  0.000  0.000
  37 C    6  0.000 -0.000 -0.000  0.000 -0.000  0.000 -0.000  0.000  0.000
  38 C    6  0.000 -0.000 -0.000  0.000 -0.000  0.000 -0.000  0.000  0.000
  39 C    6  0.000 -0.000 -0.000  0.000 -0.000  0.000 -0.000  0.000  0.000
  40 C    6  0.000 -0.000 -0.000  0.000 -0.000  0.000 -0.000  0.000  0.000
  41 C    6  0.000 -0.000 -0.000  0.000 -0.000  0.000 -0.000  0.000  0.000
  42 C    6  0.000 -0.000 -0.000  0.000 -0.000  0.000 -0.000  0.000  0.000
  43 C    6  0.000 -0.000 -0.000  0.000 -0.000  0.000 -0.000  0.000  0.000
  44 C    6  0.000 -0.000 -0.000  0.000 -0.000  0.000 -0.000  0.000  0.000
  45 C    6  0.000 -0.000 -0.000  0.000 -0.000  0.000 -0.000  0.000  0.000
  46 C    6  0.000 -0.000 -0.000  0.000 -0.000  0.000 -0.000  0.000  0.000
  47 C    6  0.000 -0.000 -0.000  0.000 -0.000  0.000 -0.000  0.000  0.000
  48 C    6  0.000 -0.000 -0.000  0.000 -0.000  0.000 -0.000  0.000  0.000
  49 C    6  0.000  0.000  0.000 -0.000  0.000 -0.000  0.000 -0.000  0.000
  50 C    6  0.000  0.000  0.000 -0.000  0.000 -0.000  0.000 -0.000  0.000
  51 C    6  0.000  0.000  0.000 -0.000  0.000 -0.000  0.000 -0.000  0.000
  52 C    6  0.000  0.000  0.000 -0.000  0.000 -0.000  0.000 -0.000  0.000
  53 C    6  0.000  0.000  0.000 -0.000  0.000 -0.000  0.000 -0.000  0.000
  54 C    6  0.000  0.000  0.000 -0.000  0.000 -0.000  0.000 -0.000  0.000
  55 C    6  0.000  0.000  0.000 -0.000  0.000 -0.000  0.000 -0.000  0.000
  56 C    6  0.000  0.000  0.000 -0.000  0.000 -0.000  0.000 -0.000  0.000
  57 C    6  0.000  0.000  0.000 -0.000  0.000 -0.000  0.000 -0.000  0.000
  58 C    6  0.000  0.000  0.000 -0.000  0.000 -0.000  0.000 -0.000  0.000
  59 C    6  0.000  0.000  0.000 -0.000  0.000 -0.000  0.000 -0.000  0.000
  60 C    6  0.000  0.000  0.000 -0.000  0.000 -0.000  0.000 -0.000  0.000
  61 C    6  0.000  0.000  0.000 -0.000  0.000 -0.000  0.000 -0.000  0.000
  62 C    6  0.000  0.000  0.000 -0.000  0.000 -0.000  0.000 -0.000  0.000
  63 C    6  0.000  0.000  0.000 -0.000  0.000 -0.000  0.000 -0.000  0.000
  64 C    6  0.000  0.000  0.000 -0.000  0.000 -0.000  0.000 -0.000  0.000
  65 C    6  0.000  0.000  0.000 -0.000  0.000 -0.000  0.000 -0.000  0.000
  66 C    6  0.000  0.000  0.000 -0.000  0.000 -0.000  0.000 -0.000  0.000
  67 C    6  0.000  0.000  0.000 -0.000  0.000 -0.000  0.000 -0.000  0.000
  68 C    6  0.000  0.000  0.000 -0.000  0.000 -0.000  0.000 -0.000  0.000
  69 C    6  0.000  0.000  0.000 -0.000  0.000 -0.000  0.000 -0.000  0.000
  70 C    6  0.000  0.000  0.000 -0.000  0.000 -0.000  0.000 -0.000  0.000
  71 C    6  0.000  0.000  0.000 -0.000  0.000 -0.000  0.000 -0.000  0.000
  72 C    6  0.000  0.000  0.000 -0.000  0.000 -0.000  0.000 -0.000  0.000
  73 C    6 -0.000 -0.000  0.000 -0.000 -0.000 -0.000  0.000  0.000  0.000
  74 C    6 -0.000 -0.000  0.000 -0.000 -0.000 -0.000  0.000  0.000  0.000
  75 C    6 -0.000 -0.000  0.000 -0.000 -0.000 -0.000  0.000  0.000  0.000
  76 C    6 -0.000 -0.000  0.000 -0.000 -0.000 -0.000  0.000  0.000  0.000
  77 C    6 -0.000 -0.000  0.000 -0.000 -0.000 -0.000  0.000  0.000  0.000
  78 C    6 -0.000 -0.000  0.000 -0.000 -0.000 -0.000  0.000  0.000  0.000
  79 C    6 -0.000 -0.000  0.000 -0.000 -0.000 -0.000  0.000  0.000  0.000
  80 C    6 -0.000 -0.000  0.000 -0.000 -0.000 -0.000  0.000  0.000  0.000

 OVERLAP POPULATION CONDENSED TO ATOMS FOR FIRST   6 NEIGHBORS

 ATOM A   1 C    ATOM B     CELL      R(AB)/AU R(AB)/ANG    OVPOP(AB)
                 48 C    (  0  0  0)     2.722     1.440    -0.000
                 52 C    (  0  0  0)     2.835     1.500     0.000
                  2 C    (  0  0  0)     3.017     1.597     0.000
                 42 C    (  0  0  0)     4.344     2.299    -0.000
                 44 C    (  0  0  0)     4.442     2.351     0.000
                 75 C    (  0  0  0)     4.650     2.461    -0.000

 ATOM A  25 C    ATOM B     CELL      R(AB)/AU R(AB)/ANG    OVPOP(AB)
                 24 C    (  0  0  0)     2.722     1.440    -0.000
                 26 C    (  0  0  0)     3.012     1.594     0.000
                 52 C    (  0  0  0)     3.607     1.909    -0.000
                 27 C    (  0  0  0)     4.084     2.161    -0.000
                 18 C    (  0  0  0)     4.344     2.299    -0.000
                 63 C    (  1  0  0)     4.373     2.314     0.000

 ATOM A  49 C    ATOM B     CELL      R(AB)/AU R(AB)/ANG    OVPOP(AB)
                  4 C    (  0  0  1)     2.835     1.500     0.000
                 73 C    (  0  0  0)     2.978     1.576    -0.000
                 28 C    (  0  0  1)     3.607     1.909    -0.000
                 40 C    (  0  0  0)     4.373     2.314     0.000
                 78 C    (  1  0  1)     4.707     2.491     0.000
                  3 C    (  0  0  1)     4.766     2.522    -0.000

 ATOM A  73 C    ATOM B     CELL      R(AB)/AU R(AB)/ANG    OVPOP(AB)
                 78 C    (  1  0  1)     2.787     1.475    -0.000
                 49 C    (  0  0  0)     2.978     1.576    -0.000
                  3 C    (  0  0  1)     4.650     2.461    -0.000
                 62 C    (  1  0  1)     4.707     2.491     0.000
                 39 C    (  0  0  0)     5.403     2.859    -0.000
                 28 C    (  0  0  1)     5.528     2.925    -0.000
 EIGENVECTORS IN FORTRAN UNIT 10
 TTTTTTTTTTTTTTTTTTTTTTTTTTTTTT END         TELAPSE      978.16 TCPU      972.97
 EEEEEEEEEE TERMINATION  DATE 25 01 2026 TIME 03:02:30.1
NODE    0 CPU TIME =       972.968
NODE    1 CPU TIME =       975.012
NODE    2 CPU TIME =       974.118
NODE    3 CPU TIME =       972.457
NODE    4 CPU TIME =       973.120
NODE    5 CPU TIME =       972.796
NODE    6 CPU TIME =       973.375
NODE    7 CPU TIME =       973.198
NODE    8 CPU TIME =       972.509
NODE    9 CPU TIME =       972.767
NODE   10 CPU TIME =       972.254
NODE   11 CPU TIME =       972.639
NODE   12 CPU TIME =       972.459
NODE   13 CPU TIME =       965.060
NODE   14 CPU TIME =       973.036
NODE   15 CPU TIME =       963.877
NODE   16 CPU TIME =       963.403
NODE   17 CPU TIME =       964.693
NODE   18 CPU TIME =       975.305
NODE   19 CPU TIME =       972.673
NODE   20 CPU TIME =       972.858
NODE   21 CPU TIME =       972.656
NODE   22 CPU TIME =       964.072
NODE   23 CPU TIME =       963.924
NODE   24 CPU TIME =       972.622
NODE   25 CPU TIME =       973.023
NODE   26 CPU TIME =       973.208
NODE   27 CPU TIME =       973.355
NODE   28 CPU TIME =       971.962
NODE   29 CPU TIME =       973.193
NODE   30 CPU TIME =       973.241
NODE   31 CPU TIME =       972.461
    TOTAL CPU TIME =     31084.293
