MPI startup(): Warning: I_MPI_PMI_LIBRARY will be ignored since the hydra process manager was found
MPI startup(): Warning: I_MPI_PMI_LIBRARY will be ignored since the hydra process manager was found
MPI startup(): Warning: I_MPI_PMI_LIBRARY will be ignored since the hydra process manager was found
MPI startup(): Warning: I_MPI_PMI_LIBRARY will be ignored since the hydra process manager was found
MPI startup(): Warning: I_MPI_PMI_LIBRARY will be ignored since the hydra process manager was found
MPI startup(): Warning: I_MPI_PMI_LIBRARY will be ignored since the hydra process manager was found
MPI startup(): Warning: I_MPI_PMI_LIBRARY will be ignored since the hydra process manager was found
MPI startup(): Warning: I_MPI_PMI_LIBRARY will be ignored since the hydra process manager was found
MPI startup(): Warning: I_MPI_PMI_LIBRARY will be ignored since the hydra process manager was found
MPI startup(): Warning: I_MPI_PMI_LIBRARY will be ignored since the hydra process manager was found
MPI startup(): Warning: I_MPI_PMI_LIBRARY will be ignored since the hydra process manager was found
MPI startup(): Warning: I_MPI_PMI_LIBRARY will be ignored since the hydra process manager was found
MPI startup(): Warning: I_MPI_PMI_LIBRARY will be ignored since the hydra process manager was found
MPI startup(): Warning: I_MPI_PMI_LIBRARY will be ignored since the hydra process manager was found
MPI startup(): Warning: I_MPI_PMI_LIBRARY will be ignored since the hydra process manager was found
MPI startup(): Warning: I_MPI_PMI_LIBRARY will be ignored since the hydra process manager was found
MPI startup(): Warning: I_MPI_PMI_LIBRARY will be ignored since the hydra process manager was found
MPI startup(): Warning: I_MPI_PMI_LIBRARY will be ignored since the hydra process manager was found
MPI startup(): Warning: I_MPI_PMI_LIBRARY will be ignored since the hydra process manager was found
MPI startup(): Warning: I_MPI_PMI_LIBRARY will be ignored since the hydra process manager was found
MPI startup(): Warning: I_MPI_PMI_LIBRARY will be ignored since the hydra process manager was found
MPI startup(): Warning: I_MPI_PMI_LIBRARY will be ignored since the hydra process manager was found
MPI startup(): Warning: I_MPI_PMI_LIBRARY will be ignored since the hydra process manager was found
MPI startup(): Warning: I_MPI_PMI_LIBRARY will be ignored since the hydra process manager was found
MPI startup(): Warning: I_MPI_PMI_LIBRARY will be ignored since the hydra process manager was found
MPI startup(): Warning: I_MPI_PMI_LIBRARY will be ignored since the hydra process manager was found
MPI startup(): Warning: I_MPI_PMI_LIBRARY will be ignored since the hydra process manager was found
MPI startup(): Warning: I_MPI_PMI_LIBRARY will be ignored since the hydra process manager was found
MPI startup(): Warning: I_MPI_PMI_LIBRARY will be ignored since the hydra process manager was found
MPI startup(): Warning: I_MPI_PMI_LIBRARY will be ignored since the hydra process manager was found
MPI startup(): Warning: I_MPI_PMI_LIBRARY will be ignored since the hydra process manager was found
MPI startup(): Warning: I_MPI_PMI_LIBRARY will be ignored since the hydra process manager was found
 PROCESS           12  OF           32  WORKING
 PROCESS           23  OF           32  WORKING
 PROCESS           28  OF           32  WORKING
 PROCESS           30  OF           32  WORKING
 PROCESS            4  OF           32  WORKING
 PROCESS           24  OF           32  WORKING
 PROCESS           25  OF           32  WORKING
 PROCESS            3  OF           32  WORKING
 PROCESS            5  OF           32  WORKING
 PROCESS            6  OF           32  WORKING
 PROCESS           27  OF           32  WORKING
 PROCESS            2  OF           32  WORKING
 PROCESS           17  OF           32  WORKING
 PROCESS           14  OF           32  WORKING
 PROCESS           26  OF           32  WORKING
 PROCESS           10  OF           32  WORKING
 PROCESS           16  OF           32  WORKING
 PROCESS           15  OF           32  WORKING
 PROCESS           18  OF           32  WORKING
 PROCESS           22  OF           32  WORKING
 PROCESS           21  OF           32  WORKING
 PROCESS           11  OF           32  WORKING
 PROCESS           19  OF           32  WORKING
 PROCESS           31  OF           32  WORKING
 PROCESS           29  OF           32  WORKING
 PROCESS           20  OF           32  WORKING
 PROCESS            8  OF           32  WORKING
 PROCESS            1  OF           32  WORKING
 PROCESS            0  OF           32  WORKING

         
 *******************************************************************************
 *                                                                             *
 *                               CRYSTAL23                                     *
 *                      public : 1.0.1 - October 2022                          *
 *                       HTTP://WWW.CRYSTAL.UNITO.IT                           *
 *                                                                             *
 *                              MAIN AUTHORS                                   *
 *                                                                             *
 *  R. DOVESI(1,11), V.R. SAUNDERS(2), C. ROETTI(1,11), R. ORLANDO(1,11),      *
 *  C.M. ZICOVICH-WILSON(1,3), F. PASCALE(4), B. CIVALLERI(1,11),              *
 *  K. DOLL(5), N.M. HARRISON(6), I.J. BUSH(7), Ph. D'ARCO(8),                 *
 *  M. LLUNELL(9), M. CAUSA'(10), Y. NOEL(8), L. MASCHIO(1,11), A. ERBA(1,11)  *
 *  M. RE'RAT(14), S. CASASSA(1,11), B.G. SEARLE(2), J.K. DESMARAIS(1)         *
 *                                                                             *
 *        CONTRIBUTIONS TO THE CODE HAVE ALSO BEEN GIVEN BY                    *
 *                                                                             *
 *  M. FERRABONE(1,11), M. DE LA PIERRE(1,11), M. FERRERO(1,11),               *
 *  J. BAIMA(1,11), E. ALBANESE(1,11), M.F. PEINTINGER(12), R. BAST(13),       *
 *  B. KIRTMAN(15), V. LACIVITA(1,11), R. DEMICHELIS(1,16)                     *
 *  G. BRANDEBURG(17), S. SALUSTRO(1,11), G. SANSONE(1,11)                     *
 *  M.T. RUGGIERO(18), L.E. DAGA(1), L. DONA'(1), A. COSSARD(1)                *
 *                                                                             *
 * (1) THEORETICAL CHEMISTRY GROUP - UNIVERSITA' DI TORINO - TORINO (ITALY)    *
 * (2) SCIENTIFIC COMPUTING DEPARTMENT - STFC DARESBURY (UK)                   *
 * (3) UNIVERSIDAD AUTONOMA DEL ESTADO DE MORELOS - CUERNAVACA (MEXICO)        *
 * (4) UNIVERSITE' DE LORRAINE - NANCY (FRANCE)                                *
 * (5) UNIVERSITAET STUTTGART- STUTTGART (GERMANY)                             *
 * (6) IMPERIAL COLLEGE - LONDON (UK)                                          *
 * (7) SCIENTIFIC COMPUTING DEPARTMENT - STFC RAL (UK)                         *
 * (8) UPMC - SORBONNE UNIVERSITES - PARIS (FRANCE)                            *
 * (9) UNIVERSIDAD DE BARCELONA - BARCELONA (SPAIN)                            *
 *(10) UNIVERSITA' DI NAPOLI "FEDERICO II" - NAPOLI (ITALY)                    *
 *(11) NIS - NANOSTRUCTURED INTERFACES AND SURFACES - TORINO (ITALY)           *
 *(12) MPI FUER CHEMISCHE ENERGIEKONVERSION - MUELHEIM AN DER RUHR (GERMANY)   *
 *(13) UNIVERSITY OF TROMSO - TROMSO (NORWAY)                                  *
 *(14) UNIVERSITE' DE PAU ET DES PAYS DE L'ADOUR - PAU (FRANCE)                *
 *(15) UNIVERSITY OF CALIFORNIA SANTA BARBARA - SANTA BARBARA (USA)            *
 *(16) CURTIN UNIVERSITY - PERTH (AUSTRALIA)                                   *
 *(17) UNIVERSITY COLLEGE LONDON - LONDON (UK)                                 *
 *(18) UNIVERSITY OF VERMONT - BURLINGTON (USA)                                *
 *                                                                             *
 *******************************************************************************
 EEEEEEEEEE STARTING  DATE 30 01 2026 TIME 22:21:19.8
 ./3^2,4^10T1-CA_rev1_sp_B3LYP-D3-D3_optimized                                   
 PROCESS            7  OF           32  WORKING
 PROCESS           13  OF           32  WORKING
 PROCESS            9  OF           32  WORKING

 CRYSTAL CALCULATION
 (INPUT ACCORDING TO THE INTERNATIONAL TABLES FOR X-RAY CRYSTALLOGRAPHY)
 CRYSTAL FAMILY                       :  MONOCLINIC  
 CRYSTAL CLASS  (GROTH - 1921)        :  MONOCLINIC SPHENOIDAL                

 SPACE GROUP (NONCENTROSYMMETRIC)     :  P 2             

 LATTICE PARAMETERS  (ANGSTROMS AND DEGREES) - CONVENTIONAL CELL
        A           B           C        ALPHA        BETA       GAMMA
     6.71104     3.30859     7.06268    90.00000    99.62390    90.00000


 NUMBER OF IRREDUCIBLE ATOMS IN THE CONVENTIONAL CELL:   12

 INPUT COORDINATES

 ATOM AT. N.              COORDINATES
   1   6    -4.609003425703E-01  1.541311198115E-03  2.727625918022E-01
   2   6     2.801252951281E-01  4.710266859042E-01  3.245509100162E-02
   3   6     1.808203251076E-04 -3.842386585030E-01  2.061883821365E-01
   4   6     2.508154194364E-01  4.914620407363E-02  4.319800211459E-01
   5   6    -3.709338569249E-01 -3.340367155669E-01 -2.240876262549E-01
   6   6    -3.078171363418E-01  1.764730310577E-01  1.449432533601E-01
   7   6    -1.605221541231E-01 -8.321638329021E-02 -2.434517760238E-01
   8   6    -1.882451655429E-01 -4.731531306893E-01  2.850144047457E-01
   9   6    -4.288909300283E-01  3.112382919760E-01 -3.913275298414E-01
  10   6    -1.985829306271E-01 -2.173676138968E-01  1.129417738287E-01
  11   6    -8.844901544817E-02  2.794348637805E-01 -9.491345591120E-02
  12   6    -2.863422641744E-01 -1.771678860440E-01  4.088362140233E-01

 *******************************************************************************

 << INFORMATION >>: FROM NOW ON, ALL COORDINATES REFER TO THE PRIMITIVE CELL

 *******************************************************************************

 LATTICE PARAMETERS  (ANGSTROMS AND DEGREES) - PRIMITIVE CELL
       A          B          C        ALPHA      BETA     GAMMA        VOLUME
    6.71104    3.30859    7.06268    90.00000  99.62390  90.00000    154.613213

 COORDINATES OF THE EQUIVALENT ATOMS (FRACTIONAL UNITS)

 N. ATOM EQUIV AT. N.          X                  Y                  Z

   1   1   1    6 C    -4.60900342570E-01  1.54131119811E-03  2.72762591802E-01
   2   1   2    6 C     4.60900342570E-01  1.54131119811E-03 -2.72762591802E-01

   3   2   1    6 C     2.80125295128E-01  4.71026685904E-01  3.24550910016E-02
   4   2   2    6 C    -2.80125295128E-01  4.71026685904E-01 -3.24550910016E-02

   5   3   1    6 C     1.80820325108E-04 -3.84238658503E-01  2.06188382137E-01
   6   3   2    6 C    -1.80820325108E-04 -3.84238658503E-01 -2.06188382137E-01

   7   4   1    6 C     2.50815419436E-01  4.91462040736E-02  4.31980021146E-01
   8   4   2    6 C    -2.50815419436E-01  4.91462040736E-02 -4.31980021146E-01

   9   5   1    6 C    -3.70933856925E-01 -3.34036715567E-01 -2.24087626255E-01
  10   5   2    6 C     3.70933856925E-01 -3.34036715567E-01  2.24087626255E-01

  11   6   1    6 C    -3.07817136342E-01  1.76473031058E-01  1.44943253360E-01
  12   6   2    6 C     3.07817136342E-01  1.76473031058E-01 -1.44943253360E-01

  13   7   1    6 C    -1.60522154123E-01 -8.32163832902E-02 -2.43451776024E-01
  14   7   2    6 C     1.60522154123E-01 -8.32163832902E-02  2.43451776024E-01

  15   8   1    6 C    -1.88245165543E-01 -4.73153130689E-01  2.85014404746E-01
  16   8   2    6 C     1.88245165543E-01 -4.73153130689E-01 -2.85014404746E-01

  17   9   1    6 C    -4.28890930028E-01  3.11238291976E-01 -3.91327529841E-01
  18   9   2    6 C     4.28890930028E-01  3.11238291976E-01  3.91327529841E-01

  19  10   1    6 C    -1.98582930627E-01 -2.17367613897E-01  1.12941773829E-01
  20  10   2    6 C     1.98582930627E-01 -2.17367613897E-01 -1.12941773829E-01

  21  11   1    6 C    -8.84490154482E-02  2.79434863780E-01 -9.49134559112E-02
  22  11   2    6 C     8.84490154482E-02  2.79434863780E-01  9.49134559112E-02

  23  12   1    6 C    -2.86342264174E-01 -1.77167886044E-01  4.08836214023E-01
  24  12   2    6 C     2.86342264174E-01 -1.77167886044E-01 -4.08836214023E-01

 NUMBER OF SYMMETRY OPERATORS         :    2
 *******************************************************************************
 * GEOMETRY EDITING - INPUT COORDINATES ARE GIVEN IN ANGSTROM         
 *******************************************************************************

 GEOMETRY NOW FULLY CONSISTENT WITH THE GROUP

 GCALCO - MAX INDICES DIRECT LATTICE VECTOR    11    23    11
 NO.OF VECTORS CREATED 6999 STARS 1829 RMAX   120.30720 BOHR

 GEOMETRY FOR WAVE FUNCTION - DIMENSIONALITY OF THE SYSTEM    3
 (NON PERIODIC DIRECTION: LATTICE PARAMETER FORMALLY SET TO 500)
 *******************************************************************************
 LATTICE PARAMETERS (ANGSTROMS AND DEGREES) - BOHR = 0.5291772083 ANGSTROM
 PRIMITIVE CELL - CENTRING CODE 1/0 VOLUME=   154.613213 - DENSITY  3.093 g/cm^3
         A              B              C           ALPHA      BETA       GAMMA 
     6.71103981     3.30858688     7.06268360    90.000000  99.623895  90.000000
 *******************************************************************************
 ATOMS IN THE ASYMMETRIC UNIT   12 - ATOMS IN THE UNIT CELL:   24
     ATOM                 X/A                 Y/B                 Z/C    
 *******************************************************************************
      1 T   6 C    -4.609003425703E-01  1.541311198115E-03  2.727625918022E-01
      2 F   6 C     4.609003425703E-01  1.541311198115E-03 -2.727625918022E-01
      3 T   6 C     2.801252951281E-01  4.710266859042E-01  3.245509100162E-02
      4 F   6 C    -2.801252951281E-01  4.710266859042E-01 -3.245509100162E-02
      5 T   6 C     1.808203251076E-04 -3.842386585030E-01  2.061883821365E-01
      6 F   6 C    -1.808203251076E-04 -3.842386585030E-01 -2.061883821365E-01
      7 T   6 C     2.508154194364E-01  4.914620407363E-02  4.319800211459E-01
      8 F   6 C    -2.508154194364E-01  4.914620407363E-02 -4.319800211459E-01
      9 T   6 C    -3.709338569249E-01 -3.340367155669E-01 -2.240876262549E-01
     10 F   6 C     3.709338569249E-01 -3.340367155669E-01  2.240876262549E-01
     11 T   6 C    -3.078171363418E-01  1.764730310577E-01  1.449432533601E-01
     12 F   6 C     3.078171363418E-01  1.764730310577E-01 -1.449432533601E-01
     13 T   6 C    -1.605221541231E-01 -8.321638329021E-02 -2.434517760238E-01
     14 F   6 C     1.605221541231E-01 -8.321638329021E-02  2.434517760238E-01
     15 T   6 C    -1.882451655429E-01 -4.731531306893E-01  2.850144047457E-01
     16 F   6 C     1.882451655429E-01 -4.731531306893E-01 -2.850144047457E-01
     17 T   6 C    -4.288909300283E-01  3.112382919760E-01 -3.913275298414E-01
     18 F   6 C     4.288909300283E-01  3.112382919760E-01  3.913275298414E-01
     19 T   6 C    -1.985829306271E-01 -2.173676138968E-01  1.129417738287E-01
     20 F   6 C     1.985829306271E-01 -2.173676138968E-01 -1.129417738287E-01
     21 T   6 C    -8.844901544817E-02  2.794348637805E-01 -9.491345591120E-02
     22 F   6 C     8.844901544817E-02  2.794348637805E-01  9.491345591120E-02
     23 T   6 C    -2.863422641744E-01 -1.771678860440E-01  4.088362140233E-01
     24 F   6 C     2.863422641744E-01 -1.771678860440E-01 -4.088362140233E-01

 T = ATOM BELONGING TO THE ASYMMETRIC UNIT

 ****    2 SYMMOPS - TRANSLATORS IN FRACTIONAL UNITS
 **** MATRICES AND TRANSLATORS IN THE CRYSTALLOGRAPHIC REFERENCE FRAME
   V INV                    ROTATION MATRICES                   TRANSLATORS
   1   1  1.00  0.00  0.00  0.00  1.00  0.00  0.00  0.00  1.00  0.00  0.00  0.00
   2   2 -1.00  0.00  0.00  0.00  1.00 -0.00  0.00  0.00 -1.00  0.00  0.00  0.00

 DIRECT LATTICE VECTORS CARTESIAN COMPONENTS (ANGSTROM)
          X                    Y                    Z
   0.671103981000E+01   0.410932671113E-15   0.000000000000E+00
   0.000000000000E+00   0.330858688000E+01   0.000000000000E+00
  -0.118073900865E+01   0.432464643207E-15   0.696328622327E+01


 CARTESIAN COORDINATES - PRIMITIVE CELL
 *******************************************************************************
 *      ATOM          X(ANGSTROM)         Y(ANGSTROM)         Z(ANGSTROM)
 *******************************************************************************
    1     6 C     3.295857830328E+00  5.099562008081E-03  1.899323997719E+00
    2     6 C    -3.295857830328E+00  5.099562008080E-03 -1.899323997719E+00
    3     6 C     1.841611015418E+00  1.558432713113E+00  2.259940880465E-01
    4     6 C    -1.841611015418E+00  1.558432713113E+00 -2.259940880465E-01
    5     6 C    -2.422411735179E-01 -1.271286984312E+00  1.435748720729E+00
    6     6 C     2.422411735179E-01 -1.271286984312E+00 -1.435748720729E+00
    7     6 C     1.173176602877E+00  1.626044859998E-01  3.008000529973E+00
    8     6 C    -1.173176602877E+00  1.626044859998E-01 -3.008000529973E+00
    9     6 C    -2.224762879026E+00 -1.105189494563E+00 -1.560386280706E+00
   10     6 C     2.224762879026E+00 -1.105189494563E+00  1.560386280706E+00
   11     6 C    -2.236913209472E+00  5.838763552313E-01  1.009281359278E+00
   12     6 C     2.236913209472E+00  5.838763552313E-01 -1.009281359278E+00
   13     6 C    -7.898175580317E-01 -2.753286339550E-01 -1.695224398017E+00
   14     6 C     7.898175580317E-01 -2.753286339550E-01  1.695224398017E+00
   15     6 C    -1.599848425708E+00 -1.565468240430E+00  1.984636877999E+00
   16     6 C     1.599848425708E+00 -1.565468240430E+00 -1.984636877999E+00
   17     6 C    -2.416248425927E+00  1.029758929385E+00 -2.724925597331E+00
   18     6 C     2.416248425927E+00  1.029758929385E+00  2.724925597331E+00
   19     6 C    -1.466052711090E+00 -7.191796354759E-01  7.864458977330E-01
   20     6 C     1.466052711090E+00 -7.191796354759E-01 -7.864458977330E-01
   21     6 C    -4.815168439882E-01  9.245345241187E-01 -6.609095599493E-01
   22     6 C     4.815168439882E-01  9.245345241187E-01  6.609095599493E-01
   23     6 C    -2.404383200204E+00 -5.861753433225E-01  2.846843576682E+00
   24     6 C     2.404383200204E+00 -5.861753433225E-01 -2.846843576682E+00

 *******************************************************************************
 LOCAL ATOMIC FUNCTIONS BASIS SET
 *******************************************************************************
   ATOM   X(AU)   Y(AU)   Z(AU)  N. TYPE  EXPONENT  S COEF   P COEF   D/F/G COEF
 *******************************************************************************
   1 C    6.228   0.010   3.589
                                  1 S  
                                         1.358E+04 2.225E-04 0.000E+00 0.000E+00
                                         2.035E+03 1.723E-03 0.000E+00 0.000E+00
                                         4.632E+02 8.926E-03 0.000E+00 0.000E+00
                                         1.312E+02 3.573E-02 0.000E+00 0.000E+00
                                         4.285E+01 1.108E-01 0.000E+00 0.000E+00
                                         1.558E+01 2.430E-01 0.000E+00 0.000E+00
                                  2 S  
                                         6.207E+00 4.144E-01 0.000E+00 0.000E+00
                                         2.576E+00 2.374E-01 0.000E+00 0.000E+00
                                  3 S  
                                         4.941E-01 1.000E+00 0.000E+00 0.000E+00
                                  4 S  
                                         1.644E-01 1.000E+00 0.000E+00 0.000E+00
                           5-     7 P  
                                         3.470E+01 0.000E+00 5.333E-03 0.000E+00
                                         7.958E+00 0.000E+00 3.586E-02 0.000E+00
                                         2.378E+00 0.000E+00 1.422E-01 0.000E+00
                                         8.143E-01 0.000E+00 3.427E-01 0.000E+00
                           8-    10 P  
                                         5.662E-01 0.000E+00 1.000E+00 0.000E+00
                          11-    13 P  
                                         2.674E-01 0.000E+00 1.000E+00 0.000E+00
                          14-    18 D  
                                         8.792E-01 0.000E+00 0.000E+00 1.000E+00
   2 C   -6.228   0.010  -3.589
   3 C    3.480   2.945   0.427
   4 C   -3.480   2.945  -0.427
   5 C   -0.458  -2.402   2.713
   6 C    0.458  -2.402  -2.713
   7 C    2.217   0.307   5.684
   8 C   -2.217   0.307  -5.684
   9 C   -4.204  -2.089  -2.949
  10 C    4.204  -2.089   2.949
  11 C   -4.227   1.103   1.907
  12 C    4.227   1.103  -1.907
  13 C   -1.493  -0.520  -3.204
  14 C    1.493  -0.520   3.204
  15 C   -3.023  -2.958   3.750
  16 C    3.023  -2.958  -3.750
  17 C   -4.566   1.946  -5.149
  18 C    4.566   1.946   5.149
  19 C   -2.770  -1.359   1.486
  20 C    2.770  -1.359  -1.486
  21 C   -0.910   1.747  -1.249
  22 C    0.910   1.747   1.249
  23 C   -4.544  -1.108   5.380
  24 C    4.544  -1.108  -5.380
 INFORMATION **** SET_MPP **** PCRYSTAL CALCULATION
 INFORMATION **** READM2 **** NEW DEFAULT: FOCK/KS MATRIX MIXING SET TO 30 %
 INFORMATION **** READM2 **** NEW DEFAULT: FULL DIRECT SCF MODE
 INFORMATION **** READM2 **** NEW DEFAULT: COULOMB BIPOLAR BUFFER SET TO 32 Mb
 INFORMATION **** READM2 **** NEW DEFAULT: EXCHANGE BIPOLAR BUFFER SET TO 32 Mb

 *******************************************************************************
 NEW DEFAULT: DFT INTEGRATION GRID INCREASED TO XLGRID
 NEW DEFAULT: DIIS ACCELERATOR ACTIVE
 USE KEYWORD NODIIS TO TURN IT OFF
 *******************************************************************************

 INFORMATION **** DFTD3_INPUT **** PERFORM LATEST DISPERSION CORRECTION DFT-D3(BJ) WITH AUTOMATIC PARAMETER SETUP
 PLEASE CITE:
 (1) DFT-D3 Reference
  S. Grimme, J. Antony, S. Ehrlich, and H. Krieg, J. Chem. Phys. 132 (2010), 154104
 (2) BJ-Damping Reference
  S. Grimme, S. Ehrlich, and L. Goerigk, J. Comput. Chem. 32 (2011), 1456-1465
 (3) General DFT-D Review
  S. Grimme, A. Hansen, J. G. Brandenburg, and C. Bannwarth,
  Chem. Rev. 116 (2016), 5105-5154

 INFORMATION **** TOLINTEG **** COULOMB AND EXCHANGE SERIES TOLERANCES MODIFIED
 INFORMATION **** TOLDEE **** SCF TOL ON TOTAL ENERGY SET TO           9
 INFORMATION **** READM2 **** FULL DIRECT SCF (MONO AND BIEL INT) SELECTED
 INFORMATION **** BIPOSIZE **** COULOMB BIPOLAR BUFFER SET TO   110000000
 INFORMATION **** EXCHSIZE **** EXCHANGE BIPOLAR BUFFER SIZE SET TO   110000000
 INFORMATION **** MAXCYCLE **** MAX NUMBER OF SCF CYCLES SET TO         800
 INFORMATION **** DIIS **** DIIS FOR SCF ACTIVE
 INFORMATION **** DIIS **** LEVEL SHIFTER DISABLED
 INFORMATION **** PPAN ****  MULLIKEN POPULATION ANALYSIS AT THE END OF SCF
 *******************************************************************************
 N. OF ATOMS PER CELL        24  COULOMB OVERLAP TOL         (T1) 10**   -8
 NUMBER OF SHELLS           192  COULOMB PENETRATION TOL     (T2) 10**   -8
 NUMBER OF AO               432  EXCHANGE OVERLAP TOL        (T3) 10**   -8
 N. OF ELECTRONS PER CELL   144  EXCHANGE PSEUDO OVP (F(G))  (T4) 10**   -9
 CORE ELECTRONS PER CELL     48  EXCHANGE PSEUDO OVP (P(G))  (T5) 10**  -24
 N. OF SYMMETRY OPERATORS     2  POLE ORDER IN MONO ZONE                  4
 *******************************************************************************
 TYPE OF CALCULATION :  UNRESTRICTED OPEN SHELL
 KOHN-SHAM HAMILTONIAN

 (EXCHANGE)[CORRELATION] FUNCTIONAL:(BECKE 88)[LEE-YANG-PARR]

 NON-LOCAL WEIGHTING FACTOR (EXCHANGE) =           0.9000
 NON-LOCAL WEIGHTING FACTOR [CORRELATION] =        0.8100

 HYBRID EXCHANGE - PERCENTAGE OF FOCK EXCHANGE    20.0000

 SPIN POLARIZED DFT SELECTED

 CAPPA:IS1 15;IS2 15;IS3 15; K PTS MONK NET 904; SYMMOPS:K SPACE   4;G SPACE   2

 *******************************************************************************
 MAX NUMBER OF SCF CYCLES     800  CONVERGENCE ON DELTAP        10**-19
 WEIGHT OF F(I) IN F(I+1)      30% CONVERGENCE ON ENERGY        10**- 9
 SHRINK. FACT.(MONKH.)   15 15 15  NUMBER OF K POINTS IN THE IBZ    904
 SHRINKING FACTOR(GILAT NET)   30  NUMBER OF K POINTS(GILAT NET)   7232
 *******************************************************************************
 *** K POINTS COORDINATES (OBLIQUE COORDINATES IN UNITS OF IS = 15)
   1-R(  0  0  0)   2-C(  1  0  0)   3-C(  2  0  0)   4-C(  3  0  0)
   5-C(  4  0  0)   6-C(  5  0  0)   7-C(  6  0  0)   8-C(  7  0  0)
   9-C(  0  1  0)  10-C(  1  1  0)  11-C(  2  1  0)  12-C(  3  1  0)
  13-C(  4  1  0)  14-C(  5  1  0)  15-C(  6  1  0)  16-C(  7  1  0)
  17-C(  0  2  0)  18-C(  1  2  0)  19-C(  2  2  0)  20-C(  3  2  0)
  21-C(  4  2  0)  22-C(  5  2  0)  23-C(  6  2  0)  24-C(  7  2  0)
  25-C(  0  3  0)  26-C(  1  3  0)  27-C(  2  3  0)  28-C(  3  3  0)
  29-C(  4  3  0)  30-C(  5  3  0)  31-C(  6  3  0)  32-C(  7  3  0)
  33-C(  0  4  0)  34-C(  1  4  0)  35-C(  2  4  0)  36-C(  3  4  0)
  37-C(  4  4  0)  38-C(  5  4  0)  39-C(  6  4  0)  40-C(  7  4  0)
  41-C(  0  5  0)  42-C(  1  5  0)  43-C(  2  5  0)  44-C(  3  5  0)
  45-C(  4  5  0)  46-C(  5  5  0)  47-C(  6  5  0)  48-C(  7  5  0)
  49-C(  0  6  0)  50-C(  1  6  0)  51-C(  2  6  0)  52-C(  3  6  0)
  53-C(  4  6  0)  54-C(  5  6  0)  55-C(  6  6  0)  56-C(  7  6  0)
  57-C(  0  7  0)  58-C(  1  7  0)  59-C(  2  7  0)  60-C(  3  7  0)
  61-C(  4  7  0)  62-C(  5  7  0)  63-C(  6  7  0)  64-C(  7  7  0)
  65-C(  0  0  1)  66-C(  1  0  1)  67-C(  2  0  1)  68-C(  3  0  1)
  69-C(  4  0  1)  70-C(  5  0  1)  71-C(  6  0  1)  72-C(  7  0  1)
  73-C(  8  0  1)  74-C(  9  0  1)  75-C( 10  0  1)  76-C( 11  0  1)
  77-C( 12  0  1)  78-C( 13  0  1)  79-C( 14  0  1)  80-C(  0  1  1)
  81-C(  1  1  1)  82-C(  2  1  1)  83-C(  3  1  1)  84-C(  4  1  1)
  85-C(  5  1  1)  86-C(  6  1  1)  87-C(  7  1  1)  88-C(  8  1  1)
  89-C(  9  1  1)  90-C( 10  1  1)  91-C( 11  1  1)  92-C( 12  1  1)
  93-C( 13  1  1)  94-C( 14  1  1)  95-C(  0  2  1)  96-C(  1  2  1)
  97-C(  2  2  1)  98-C(  3  2  1)  99-C(  4  2  1) 100-C(  5  2  1)
 101-C(  6  2  1) 102-C(  7  2  1) 103-C(  8  2  1) 104-C(  9  2  1)
 105-C( 10  2  1) 106-C( 11  2  1) 107-C( 12  2  1) 108-C( 13  2  1)
 109-C( 14  2  1) 110-C(  0  3  1) 111-C(  1  3  1) 112-C(  2  3  1)
 113-C(  3  3  1) 114-C(  4  3  1) 115-C(  5  3  1) 116-C(  6  3  1)
 117-C(  7  3  1) 118-C(  8  3  1) 119-C(  9  3  1) 120-C( 10  3  1)
 121-C( 11  3  1) 122-C( 12  3  1) 123-C( 13  3  1) 124-C( 14  3  1)
 125-C(  0  4  1) 126-C(  1  4  1) 127-C(  2  4  1) 128-C(  3  4  1)
 129-C(  4  4  1) 130-C(  5  4  1) 131-C(  6  4  1) 132-C(  7  4  1)
 133-C(  8  4  1) 134-C(  9  4  1) 135-C( 10  4  1) 136-C( 11  4  1)
 137-C( 12  4  1) 138-C( 13  4  1) 139-C( 14  4  1) 140-C(  0  5  1)
 141-C(  1  5  1) 142-C(  2  5  1) 143-C(  3  5  1) 144-C(  4  5  1)
 145-C(  5  5  1) 146-C(  6  5  1) 147-C(  7  5  1) 148-C(  8  5  1)
 149-C(  9  5  1) 150-C( 10  5  1) 151-C( 11  5  1) 152-C( 12  5  1)
 153-C( 13  5  1) 154-C( 14  5  1) 155-C(  0  6  1) 156-C(  1  6  1)
 157-C(  2  6  1) 158-C(  3  6  1) 159-C(  4  6  1) 160-C(  5  6  1)
 161-C(  6  6  1) 162-C(  7  6  1) 163-C(  8  6  1) 164-C(  9  6  1)
 165-C( 10  6  1) 166-C( 11  6  1) 167-C( 12  6  1) 168-C( 13  6  1)
 169-C( 14  6  1) 170-C(  0  7  1) 171-C(  1  7  1) 172-C(  2  7  1)
 173-C(  3  7  1) 174-C(  4  7  1) 175-C(  5  7  1) 176-C(  6  7  1)
 177-C(  7  7  1) 178-C(  8  7  1) 179-C(  9  7  1) 180-C( 10  7  1)
 181-C( 11  7  1) 182-C( 12  7  1) 183-C( 13  7  1) 184-C( 14  7  1)
 185-C(  0  0  2) 186-C(  1  0  2) 187-C(  2  0  2) 188-C(  3  0  2)
 189-C(  4  0  2) 190-C(  5  0  2) 191-C(  6  0  2) 192-C(  7  0  2)
 193-C(  8  0  2) 194-C(  9  0  2) 195-C( 10  0  2) 196-C( 11  0  2)
 197-C( 12  0  2) 198-C( 13  0  2) 199-C( 14  0  2) 200-C(  0  1  2)
 201-C(  1  1  2) 202-C(  2  1  2) 203-C(  3  1  2) 204-C(  4  1  2)
 205-C(  5  1  2) 206-C(  6  1  2) 207-C(  7  1  2) 208-C(  8  1  2)
 209-C(  9  1  2) 210-C( 10  1  2) 211-C( 11  1  2) 212-C( 12  1  2)
 213-C( 13  1  2) 214-C( 14  1  2) 215-C(  0  2  2) 216-C(  1  2  2)
 217-C(  2  2  2) 218-C(  3  2  2) 219-C(  4  2  2) 220-C(  5  2  2)
 221-C(  6  2  2) 222-C(  7  2  2) 223-C(  8  2  2) 224-C(  9  2  2)
 225-C( 10  2  2) 226-C( 11  2  2) 227-C( 12  2  2) 228-C( 13  2  2)
 229-C( 14  2  2) 230-C(  0  3  2) 231-C(  1  3  2) 232-C(  2  3  2)
 233-C(  3  3  2) 234-C(  4  3  2) 235-C(  5  3  2) 236-C(  6  3  2)
 237-C(  7  3  2) 238-C(  8  3  2) 239-C(  9  3  2) 240-C( 10  3  2)
 241-C( 11  3  2) 242-C( 12  3  2) 243-C( 13  3  2) 244-C( 14  3  2)
 245-C(  0  4  2) 246-C(  1  4  2) 247-C(  2  4  2) 248-C(  3  4  2)
 249-C(  4  4  2) 250-C(  5  4  2) 251-C(  6  4  2) 252-C(  7  4  2)
 253-C(  8  4  2) 254-C(  9  4  2) 255-C( 10  4  2) 256-C( 11  4  2)
 257-C( 12  4  2) 258-C( 13  4  2) 259-C( 14  4  2) 260-C(  0  5  2)
 261-C(  1  5  2) 262-C(  2  5  2) 263-C(  3  5  2) 264-C(  4  5  2)
 265-C(  5  5  2) 266-C(  6  5  2) 267-C(  7  5  2) 268-C(  8  5  2)
 269-C(  9  5  2) 270-C( 10  5  2) 271-C( 11  5  2) 272-C( 12  5  2)
 273-C( 13  5  2) 274-C( 14  5  2) 275-C(  0  6  2) 276-C(  1  6  2)
 277-C(  2  6  2) 278-C(  3  6  2) 279-C(  4  6  2) 280-C(  5  6  2)
 281-C(  6  6  2) 282-C(  7  6  2) 283-C(  8  6  2) 284-C(  9  6  2)
 285-C( 10  6  2) 286-C( 11  6  2) 287-C( 12  6  2) 288-C( 13  6  2)
 289-C( 14  6  2) 290-C(  0  7  2) 291-C(  1  7  2) 292-C(  2  7  2)
 293-C(  3  7  2) 294-C(  4  7  2) 295-C(  5  7  2) 296-C(  6  7  2)
 297-C(  7  7  2) 298-C(  8  7  2) 299-C(  9  7  2) 300-C( 10  7  2)
 301-C( 11  7  2) 302-C( 12  7  2) 303-C( 13  7  2) 304-C( 14  7  2)
 305-C(  0  0  3) 306-C(  1  0  3) 307-C(  2  0  3) 308-C(  3  0  3)
 309-C(  4  0  3) 310-C(  5  0  3) 311-C(  6  0  3) 312-C(  7  0  3)
 313-C(  8  0  3) 314-C(  9  0  3) 315-C( 10  0  3) 316-C( 11  0  3)
 317-C( 12  0  3) 318-C( 13  0  3) 319-C( 14  0  3) 320-C(  0  1  3)
 321-C(  1  1  3) 322-C(  2  1  3) 323-C(  3  1  3) 324-C(  4  1  3)
 325-C(  5  1  3) 326-C(  6  1  3) 327-C(  7  1  3) 328-C(  8  1  3)
 329-C(  9  1  3) 330-C( 10  1  3) 331-C( 11  1  3) 332-C( 12  1  3)
 333-C( 13  1  3) 334-C( 14  1  3) 335-C(  0  2  3) 336-C(  1  2  3)
 337-C(  2  2  3) 338-C(  3  2  3) 339-C(  4  2  3) 340-C(  5  2  3)
 341-C(  6  2  3) 342-C(  7  2  3) 343-C(  8  2  3) 344-C(  9  2  3)
 345-C( 10  2  3) 346-C( 11  2  3) 347-C( 12  2  3) 348-C( 13  2  3)
 349-C( 14  2  3) 350-C(  0  3  3) 351-C(  1  3  3) 352-C(  2  3  3)
 353-C(  3  3  3) 354-C(  4  3  3) 355-C(  5  3  3) 356-C(  6  3  3)
 357-C(  7  3  3) 358-C(  8  3  3) 359-C(  9  3  3) 360-C( 10  3  3)
 361-C( 11  3  3) 362-C( 12  3  3) 363-C( 13  3  3) 364-C( 14  3  3)
 365-C(  0  4  3) 366-C(  1  4  3) 367-C(  2  4  3) 368-C(  3  4  3)
 369-C(  4  4  3) 370-C(  5  4  3) 371-C(  6  4  3) 372-C(  7  4  3)
 373-C(  8  4  3) 374-C(  9  4  3) 375-C( 10  4  3) 376-C( 11  4  3)
 377-C( 12  4  3) 378-C( 13  4  3) 379-C( 14  4  3) 380-C(  0  5  3)
 381-C(  1  5  3) 382-C(  2  5  3) 383-C(  3  5  3) 384-C(  4  5  3)
 385-C(  5  5  3) 386-C(  6  5  3) 387-C(  7  5  3) 388-C(  8  5  3)
 389-C(  9  5  3) 390-C( 10  5  3) 391-C( 11  5  3) 392-C( 12  5  3)
 393-C( 13  5  3) 394-C( 14  5  3) 395-C(  0  6  3) 396-C(  1  6  3)
 397-C(  2  6  3) 398-C(  3  6  3) 399-C(  4  6  3) 400-C(  5  6  3)
 401-C(  6  6  3) 402-C(  7  6  3) 403-C(  8  6  3) 404-C(  9  6  3)
 405-C( 10  6  3) 406-C( 11  6  3) 407-C( 12  6  3) 408-C( 13  6  3)
 409-C( 14  6  3) 410-C(  0  7  3) 411-C(  1  7  3) 412-C(  2  7  3)
 413-C(  3  7  3) 414-C(  4  7  3) 415-C(  5  7  3) 416-C(  6  7  3)
 417-C(  7  7  3) 418-C(  8  7  3) 419-C(  9  7  3) 420-C( 10  7  3)
 421-C( 11  7  3) 422-C( 12  7  3) 423-C( 13  7  3) 424-C( 14  7  3)
 425-C(  0  0  4) 426-C(  1  0  4) 427-C(  2  0  4) 428-C(  3  0  4)
 429-C(  4  0  4) 430-C(  5  0  4) 431-C(  6  0  4) 432-C(  7  0  4)
 433-C(  8  0  4) 434-C(  9  0  4) 435-C( 10  0  4) 436-C( 11  0  4)
 437-C( 12  0  4) 438-C( 13  0  4) 439-C( 14  0  4) 440-C(  0  1  4)
 441-C(  1  1  4) 442-C(  2  1  4) 443-C(  3  1  4) 444-C(  4  1  4)
 445-C(  5  1  4) 446-C(  6  1  4) 447-C(  7  1  4) 448-C(  8  1  4)
 449-C(  9  1  4) 450-C( 10  1  4) 451-C( 11  1  4) 452-C( 12  1  4)
 453-C( 13  1  4) 454-C( 14  1  4) 455-C(  0  2  4) 456-C(  1  2  4)
 457-C(  2  2  4) 458-C(  3  2  4) 459-C(  4  2  4) 460-C(  5  2  4)
 461-C(  6  2  4) 462-C(  7  2  4) 463-C(  8  2  4) 464-C(  9  2  4)
 465-C( 10  2  4) 466-C( 11  2  4) 467-C( 12  2  4) 468-C( 13  2  4)
 469-C( 14  2  4) 470-C(  0  3  4) 471-C(  1  3  4) 472-C(  2  3  4)
 473-C(  3  3  4) 474-C(  4  3  4) 475-C(  5  3  4) 476-C(  6  3  4)
 477-C(  7  3  4) 478-C(  8  3  4) 479-C(  9  3  4) 480-C( 10  3  4)
 481-C( 11  3  4) 482-C( 12  3  4) 483-C( 13  3  4) 484-C( 14  3  4)
 485-C(  0  4  4) 486-C(  1  4  4) 487-C(  2  4  4) 488-C(  3  4  4)
 489-C(  4  4  4) 490-C(  5  4  4) 491-C(  6  4  4) 492-C(  7  4  4)
 493-C(  8  4  4) 494-C(  9  4  4) 495-C( 10  4  4) 496-C( 11  4  4)
 497-C( 12  4  4) 498-C( 13  4  4) 499-C( 14  4  4) 500-C(  0  5  4)
 501-C(  1  5  4) 502-C(  2  5  4) 503-C(  3  5  4) 504-C(  4  5  4)
 505-C(  5  5  4) 506-C(  6  5  4) 507-C(  7  5  4) 508-C(  8  5  4)
 509-C(  9  5  4) 510-C( 10  5  4) 511-C( 11  5  4) 512-C( 12  5  4)
 513-C( 13  5  4) 514-C( 14  5  4) 515-C(  0  6  4) 516-C(  1  6  4)
 517-C(  2  6  4) 518-C(  3  6  4) 519-C(  4  6  4) 520-C(  5  6  4)
 521-C(  6  6  4) 522-C(  7  6  4) 523-C(  8  6  4) 524-C(  9  6  4)
 525-C( 10  6  4) 526-C( 11  6  4) 527-C( 12  6  4) 528-C( 13  6  4)
 529-C( 14  6  4) 530-C(  0  7  4) 531-C(  1  7  4) 532-C(  2  7  4)
 533-C(  3  7  4) 534-C(  4  7  4) 535-C(  5  7  4) 536-C(  6  7  4)
 537-C(  7  7  4) 538-C(  8  7  4) 539-C(  9  7  4) 540-C( 10  7  4)
 541-C( 11  7  4) 542-C( 12  7  4) 543-C( 13  7  4) 544-C( 14  7  4)
 545-C(  0  0  5) 546-C(  1  0  5) 547-C(  2  0  5) 548-C(  3  0  5)
 549-C(  4  0  5) 550-C(  5  0  5) 551-C(  6  0  5) 552-C(  7  0  5)
 553-C(  8  0  5) 554-C(  9  0  5) 555-C( 10  0  5) 556-C( 11  0  5)
 557-C( 12  0  5) 558-C( 13  0  5) 559-C( 14  0  5) 560-C(  0  1  5)
 561-C(  1  1  5) 562-C(  2  1  5) 563-C(  3  1  5) 564-C(  4  1  5)
 565-C(  5  1  5) 566-C(  6  1  5) 567-C(  7  1  5) 568-C(  8  1  5)
 569-C(  9  1  5) 570-C( 10  1  5) 571-C( 11  1  5) 572-C( 12  1  5)
 573-C( 13  1  5) 574-C( 14  1  5) 575-C(  0  2  5) 576-C(  1  2  5)
 577-C(  2  2  5) 578-C(  3  2  5) 579-C(  4  2  5) 580-C(  5  2  5)
 581-C(  6  2  5) 582-C(  7  2  5) 583-C(  8  2  5) 584-C(  9  2  5)
 585-C( 10  2  5) 586-C( 11  2  5) 587-C( 12  2  5) 588-C( 13  2  5)
 589-C( 14  2  5) 590-C(  0  3  5) 591-C(  1  3  5) 592-C(  2  3  5)
 593-C(  3  3  5) 594-C(  4  3  5) 595-C(  5  3  5) 596-C(  6  3  5)
 597-C(  7  3  5) 598-C(  8  3  5) 599-C(  9  3  5) 600-C( 10  3  5)
 601-C( 11  3  5) 602-C( 12  3  5) 603-C( 13  3  5) 604-C( 14  3  5)
 605-C(  0  4  5) 606-C(  1  4  5) 607-C(  2  4  5) 608-C(  3  4  5)
 609-C(  4  4  5) 610-C(  5  4  5) 611-C(  6  4  5) 612-C(  7  4  5)
 613-C(  8  4  5) 614-C(  9  4  5) 615-C( 10  4  5) 616-C( 11  4  5)
 617-C( 12  4  5) 618-C( 13  4  5) 619-C( 14  4  5) 620-C(  0  5  5)
 621-C(  1  5  5) 622-C(  2  5  5) 623-C(  3  5  5) 624-C(  4  5  5)
 625-C(  5  5  5) 626-C(  6  5  5) 627-C(  7  5  5) 628-C(  8  5  5)
 629-C(  9  5  5) 630-C( 10  5  5) 631-C( 11  5  5) 632-C( 12  5  5)
 633-C( 13  5  5) 634-C( 14  5  5) 635-C(  0  6  5) 636-C(  1  6  5)
 637-C(  2  6  5) 638-C(  3  6  5) 639-C(  4  6  5) 640-C(  5  6  5)
 641-C(  6  6  5) 642-C(  7  6  5) 643-C(  8  6  5) 644-C(  9  6  5)
 645-C( 10  6  5) 646-C( 11  6  5) 647-C( 12  6  5) 648-C( 13  6  5)
 649-C( 14  6  5) 650-C(  0  7  5) 651-C(  1  7  5) 652-C(  2  7  5)
 653-C(  3  7  5) 654-C(  4  7  5) 655-C(  5  7  5) 656-C(  6  7  5)
 657-C(  7  7  5) 658-C(  8  7  5) 659-C(  9  7  5) 660-C( 10  7  5)
 661-C( 11  7  5) 662-C( 12  7  5) 663-C( 13  7  5) 664-C( 14  7  5)
 665-C(  0  0  6) 666-C(  1  0  6) 667-C(  2  0  6) 668-C(  3  0  6)
 669-C(  4  0  6) 670-C(  5  0  6) 671-C(  6  0  6) 672-C(  7  0  6)
 673-C(  8  0  6) 674-C(  9  0  6) 675-C( 10  0  6) 676-C( 11  0  6)
 677-C( 12  0  6) 678-C( 13  0  6) 679-C( 14  0  6) 680-C(  0  1  6)
 681-C(  1  1  6) 682-C(  2  1  6) 683-C(  3  1  6) 684-C(  4  1  6)
 685-C(  5  1  6) 686-C(  6  1  6) 687-C(  7  1  6) 688-C(  8  1  6)
 689-C(  9  1  6) 690-C( 10  1  6) 691-C( 11  1  6) 692-C( 12  1  6)
 693-C( 13  1  6) 694-C( 14  1  6) 695-C(  0  2  6) 696-C(  1  2  6)
 697-C(  2  2  6) 698-C(  3  2  6) 699-C(  4  2  6) 700-C(  5  2  6)
 701-C(  6  2  6) 702-C(  7  2  6) 703-C(  8  2  6) 704-C(  9  2  6)
 705-C( 10  2  6) 706-C( 11  2  6) 707-C( 12  2  6) 708-C( 13  2  6)
 709-C( 14  2  6) 710-C(  0  3  6) 711-C(  1  3  6) 712-C(  2  3  6)
 713-C(  3  3  6) 714-C(  4  3  6) 715-C(  5  3  6) 716-C(  6  3  6)
 717-C(  7  3  6) 718-C(  8  3  6) 719-C(  9  3  6) 720-C( 10  3  6)
 721-C( 11  3  6) 722-C( 12  3  6) 723-C( 13  3  6) 724-C( 14  3  6)
 725-C(  0  4  6) 726-C(  1  4  6) 727-C(  2  4  6) 728-C(  3  4  6)
 729-C(  4  4  6) 730-C(  5  4  6) 731-C(  6  4  6) 732-C(  7  4  6)
 733-C(  8  4  6) 734-C(  9  4  6) 735-C( 10  4  6) 736-C( 11  4  6)
 737-C( 12  4  6) 738-C( 13  4  6) 739-C( 14  4  6) 740-C(  0  5  6)
 741-C(  1  5  6) 742-C(  2  5  6) 743-C(  3  5  6) 744-C(  4  5  6)
 745-C(  5  5  6) 746-C(  6  5  6) 747-C(  7  5  6) 748-C(  8  5  6)
 749-C(  9  5  6) 750-C( 10  5  6) 751-C( 11  5  6) 752-C( 12  5  6)
 753-C( 13  5  6) 754-C( 14  5  6) 755-C(  0  6  6) 756-C(  1  6  6)
 757-C(  2  6  6) 758-C(  3  6  6) 759-C(  4  6  6) 760-C(  5  6  6)
 761-C(  6  6  6) 762-C(  7  6  6) 763-C(  8  6  6) 764-C(  9  6  6)
 765-C( 10  6  6) 766-C( 11  6  6) 767-C( 12  6  6) 768-C( 13  6  6)
 769-C( 14  6  6) 770-C(  0  7  6) 771-C(  1  7  6) 772-C(  2  7  6)
 773-C(  3  7  6) 774-C(  4  7  6) 775-C(  5  7  6) 776-C(  6  7  6)
 777-C(  7  7  6) 778-C(  8  7  6) 779-C(  9  7  6) 780-C( 10  7  6)
 781-C( 11  7  6) 782-C( 12  7  6) 783-C( 13  7  6) 784-C( 14  7  6)
 785-C(  0  0  7) 786-C(  1  0  7) 787-C(  2  0  7) 788-C(  3  0  7)
 789-C(  4  0  7) 790-C(  5  0  7) 791-C(  6  0  7) 792-C(  7  0  7)
 793-C(  8  0  7) 794-C(  9  0  7) 795-C( 10  0  7) 796-C( 11  0  7)
 797-C( 12  0  7) 798-C( 13  0  7) 799-C( 14  0  7) 800-C(  0  1  7)
 801-C(  1  1  7) 802-C(  2  1  7) 803-C(  3  1  7) 804-C(  4  1  7)
 805-C(  5  1  7) 806-C(  6  1  7) 807-C(  7  1  7) 808-C(  8  1  7)
 809-C(  9  1  7) 810-C( 10  1  7) 811-C( 11  1  7) 812-C( 12  1  7)
 813-C( 13  1  7) 814-C( 14  1  7) 815-C(  0  2  7) 816-C(  1  2  7)
 817-C(  2  2  7) 818-C(  3  2  7) 819-C(  4  2  7) 820-C(  5  2  7)
 821-C(  6  2  7) 822-C(  7  2  7) 823-C(  8  2  7) 824-C(  9  2  7)
 825-C( 10  2  7) 826-C( 11  2  7) 827-C( 12  2  7) 828-C( 13  2  7)
 829-C( 14  2  7) 830-C(  0  3  7) 831-C(  1  3  7) 832-C(  2  3  7)
 833-C(  3  3  7) 834-C(  4  3  7) 835-C(  5  3  7) 836-C(  6  3  7)
 837-C(  7  3  7) 838-C(  8  3  7) 839-C(  9  3  7) 840-C( 10  3  7)
 841-C( 11  3  7) 842-C( 12  3  7) 843-C( 13  3  7) 844-C( 14  3  7)
 845-C(  0  4  7) 846-C(  1  4  7) 847-C(  2  4  7) 848-C(  3  4  7)
 849-C(  4  4  7) 850-C(  5  4  7) 851-C(  6  4  7) 852-C(  7  4  7)
 853-C(  8  4  7) 854-C(  9  4  7) 855-C( 10  4  7) 856-C( 11  4  7)
 857-C( 12  4  7) 858-C( 13  4  7) 859-C( 14  4  7) 860-C(  0  5  7)
 861-C(  1  5  7) 862-C(  2  5  7) 863-C(  3  5  7) 864-C(  4  5  7)
 865-C(  5  5  7) 866-C(  6  5  7) 867-C(  7  5  7) 868-C(  8  5  7)
 869-C(  9  5  7) 870-C( 10  5  7) 871-C( 11  5  7) 872-C( 12  5  7)
 873-C( 13  5  7) 874-C( 14  5  7) 875-C(  0  6  7) 876-C(  1  6  7)
 877-C(  2  6  7) 878-C(  3  6  7) 879-C(  4  6  7) 880-C(  5  6  7)
 881-C(  6  6  7) 882-C(  7  6  7) 883-C(  8  6  7) 884-C(  9  6  7)
 885-C( 10  6  7) 886-C( 11  6  7) 887-C( 12  6  7) 888-C( 13  6  7)
 889-C( 14  6  7) 890-C(  0  7  7) 891-C(  1  7  7) 892-C(  2  7  7)
 893-C(  3  7  7) 894-C(  4  7  7) 895-C(  5  7  7) 896-C(  6  7  7)
 897-C(  7  7  7) 898-C(  8  7  7) 899-C(  9  7  7) 900-C( 10  7  7)
 901-C( 11  7  7) 902-C( 12  7  7) 903-C( 13  7  7) 904-C( 14  7  7)

 DIRECT LATTICE VECTORS COMPON. (A.U.)     RECIP. LATTICE VECTORS COMPON. (A.U.) 
        X            Y            Z              X            Y            Z
   12.6820273    0.0000000    0.0000000      0.4954401    0.0000000    0.0840100
    0.0000000    6.2523231    0.0000000     -0.0000000    1.0049361   -0.0000000
   -2.2312734    0.0000000   13.1587040      0.0000000    0.0000000    0.4774927

 DISK SPACE FOR EIGENVECTORS (FTN 10)   337229568 REALS

 SYMMETRY ADAPTION OF THE BLOCH FUNCTIONS ENABLED
 TTTTTTTTTTTTTTTTTTTTTTTTTTTTTT gordsh1     TELAPSE        1.55 TCPU        0.60

 MATRIX SIZE: P(G) 2516540, F(G)  286610, P(G) IRR  636770, F(G) IRR  144853
 MAX G-VECTOR INDEX FOR 1- AND 2-ELECTRON INTEGRALS 237

 TTTTTTTTTTTTTTTTTTTTTTTTTTTTTT INPUT       TELAPSE        1.56 TCPU        0.62

 NEIGHBORS OF THE NON-EQUIVALENT ATOMS

 N = NUMBER OF NEIGHBORS AT DISTANCE R
    ATOM  N     R/ANG      R/AU   NEIGHBORS (ATOM LABELS AND CELL INDICES)
   1 C    1     1.5064     2.8466   23 C    1 0 0
   1 C    1     1.5795     2.9848   10 C    0 0 0
   1 C    1     1.5828     2.9911   18 C    0 0 0
   1 C    1     1.5860     2.9972   11 C    1 0 0
   1 C    1     2.3191     4.3824    8 C    1 0 1
   1 C    1     2.3584     4.4568   19 C    1 0 0

   3 C    1     1.4930     2.8213   20 C    0 1 0
   3 C    1     1.5308     2.8928   10 C    0 1 0
   3 C    1     1.5623     2.9524   22 C    0 0 0
   3 C    1     1.6223     3.0657   12 C    0 0 0
   3 C    1     2.2315     4.2169   16 C    0 1 0
   3 C    1     2.3324     4.4076   14 C    0 1 0

   5 C    1     1.4575     2.7543   14 C    0 0 0
   5 C    1     1.4914     2.8182   19 C    0 0 0
   5 C    1     1.4936     2.8225   15 C    0 0 0
   5 C    1     1.5370     2.9046   22 C    0-1 0
   5 C    1     2.3556     4.4514    4 C    0-1 0
   5 C    1     2.3857     4.5083   21 C    0-1 0

   7 C    1     1.3386     2.5296   24 C    0 0 1
   7 C    1     1.4360     2.7137   14 C    0 0 0
   7 C    1     1.5419     2.9137   18 C    0 0 0
   7 C    1     2.1929     4.1439   10 C    0 0 0
   7 C    1     2.3191     4.3824    2 C    1 0 1
   7 C    1     2.3999     4.5352    1 C    0 0 0

   9 C    1     1.5308     2.8928    4 C    0-1 0
   9 C    1     1.5795     2.9848    2 C    0 0 0
   9 C    1     1.6631     3.1428   13 C    0 0 0
   9 C    1     1.6644     3.1453   17 C    0-1 0
   9 C    1     2.1929     4.1439    8 C    0 0 0
   9 C    1     2.3417     4.4251   21 C    0-1 0

  11 C    1     1.5303     2.8919   19 C    0 0 0
  11 C    1     1.5860     2.9972    1 C   -1 0 0
  11 C    1     1.6223     3.0657    4 C    0 0 0
  11 C    1     1.6435     3.1057   15 C    0 1 0
  11 C    1     2.1601     4.0820   19 C    0 1 0
  11 C    1     2.1849     4.1288   23 C    0 0 0

  13 C    1     1.4360     2.7137    8 C    0 0 0
  13 C    1     1.4575     2.7543    6 C    0 0 0
  13 C    1     1.6139     3.0497   21 C    0 0 0
  13 C    1     1.6631     3.1428    9 C    0 0 0
  13 C    1     2.3257     4.3949   17 C    0 0 0
  13 C    1     2.3324     4.4076    4 C    0-1 0

  15 C    1     1.4730     2.7836   19 C    0 0 0
  15 C    1     1.4936     2.8225    5 C    0 0 0
  15 C    1     1.5329     2.8967   23 C    0 0 0
  15 C    1     1.6435     3.1057   11 C    0-1 0
  15 C    1     2.2315     4.2169    4 C    0-1 0
  15 C    1     2.4020     4.5390    1 C   -1 0 0

  17 C    1     1.5419     2.9137    8 C    0 0 0
  17 C    1     1.5828     2.9911    2 C    0 0 0
  17 C    1     1.6644     3.1453    9 C    0 1 0
  17 C    1     1.6666     3.1493   18 C   -1 0-1
  17 C    1     2.3257     4.3949   13 C    0 0 0
  17 C    1     2.4394     4.6099    9 C    0 0 0

  19 C    1     1.4730     2.7836   15 C    0 0 0
  19 C    1     1.4914     2.8182    5 C    0 0 0
  19 C    1     1.4930     2.8213    4 C    0-1 0
  19 C    1     1.5303     2.8919   11 C    0 0 0
  19 C    1     2.1601     4.0820   11 C    0-1 0
  19 C    1     2.2679     4.2857   23 C    0 0 0

  21 C    1     1.5370     2.9046    6 C    0 1 0
  21 C    1     1.5623     2.9524    4 C    0 0 0
  21 C    1     1.6139     3.0497   13 C    0 0 0
  21 C    1     1.6354     3.0905   22 C    0 0 0
  21 C    1     2.3417     4.4251    9 C    0 1 0
  21 C    1     2.3689     4.4765   13 C    0 1 0

  23 C    1     1.3386     2.5296    8 C    0 0 1
  23 C    1     1.5064     2.8466    1 C   -1 0 0
  23 C    1     1.5329     2.8967   15 C    0 0 0
  23 C    1     2.1849     4.1288   11 C    0 0 0
  23 C    1     2.2679     4.2857   19 C    0 0 0
  23 C    1     2.4433     4.6172   17 C    0 0 1


 SYMMETRY ALLOWED INTERNAL DEGREE(S) OF FREEDOM:  35
 TTTTTTTTTTTTTTTTTTTTTTTTTTTTTT SYMM        TELAPSE        1.60 TCPU        0.64
 TTTTTTTTTTTTTTTTTTTTTTTTTTTTTT INT_SCREEN  TELAPSE        1.61 TCPU        0.65

 DFT PARAMETERS

     ATOM       ELECTRONS   NET CHARGE   R(ANGSTROM)
   1   6  C       6.0000      0.0000     0.77000000

 SIZE OF GRID=     324825
 TTTTTTTTTTTTTTTTTTTTTTTTTTTTTT MAKE_GRID2  TELAPSE        2.29 TCPU        1.32
 BECKE WEIGHT FUNCTION
 RADSAFE =     2.00
 TOLERANCES - DENSITY:10**- 6; POTENTIAL:10**- 9; GRID WGT:10**-14

 RADIAL INTEGRATION  - INTERVALS (POINTS,UPPER LIMIT):            1( 75,  4.0*R)

 ANGULAR INTEGRATION - INTERVALS (ACCURACY LEVEL [N. POINTS] UPPER LIMIT):
  1(  4[  86]   0.2)  2(  8[ 194]   0.5)  3( 12[ 350]   0.9)  4( 16[ 974]   3.5)
  5( 12[ 350]9999.0)
 TTTTTTTTTTTTTTTTTTTTTTTTTTTTTT INT_CALC    TELAPSE        2.31 TCPU        1.35
 EEEEEEEEEE INT_CALC TERMINATION  DATE 30 01 2026 TIME 22:21:21.0

 *******************************************************************************
 ./3^2,4^10T1-CA_rev1_sp_B3LYP-D3-D3_optimized                                   
 CRYSTAL - SCF - TYPE OF CALCULATION :  UNRESTRICTED OPEN SHELL
 *******************************************************************************

 CAPPA:IS1 15;IS2 15;IS3 15; K PTS MONK NET 904; SYMMOPS:K SPACE   4;G SPACE   2

 TTTTTTTTTTTTTTTTTTTTTTTTTTTTTT SDIK        TELAPSE        5.94 TCPU        4.95

 AAAAAAAAAAAAAAAAAAAAAAAAAAAAAAAAAAAAAAAAAAAAAAAAAAAAAAAAAAAAAAAAAAAAAAAAAAAAAAA
         ATOMIC WAVEFUNCTION(S)


 NUCLEAR CHARGE  6.0  SYMMETRY SPECIES            S    P
 N. ELECTRONS    6.0  NUMBER OF PRIMITIVE GTOS   10    6
                      NUMBER OF CONTRACTED GTOS   4    3
                      NUMBER OF CLOSED SHELLS     2    0
                      OPEN SHELL OCCUPATION       0    2

  ZNUC  SCFIT    TOTAL HF ENERGY   KINETIC ENERGY   VIRIAL THEOREM ACCURACY
   6.0    10    -3.766702350E+01  3.783137943E+01 -1.995655566E+00  1.6E-06

 AAAAAAAAAAAAAAAAAAAAAAAAAAAAAAAAAAAAAAAAAAAAAAAAAAAAAAAAAAAAAAAAAAAAAAAAAAAAAAA

 CHARGE NORMALIZATION FACTOR   1.00000000
 TOTAL ATOMIC CHARGES:
   6.0000000   6.0000000   6.0000000   6.0000000   6.0000000   6.0000000
   6.0000000   6.0000000   6.0000000   6.0000000   6.0000000   6.0000000
   6.0000000   6.0000000   6.0000000   6.0000000   6.0000000   6.0000000
   6.0000000   6.0000000   6.0000000   6.0000000   6.0000000   6.0000000
 SUMMED SPIN DENSITY           0.00000000
 TOTAL ATOMIC SPINS  :
   0.0000000   0.0000000   0.0000000   0.0000000   0.0000000   0.0000000
   0.0000000   0.0000000   0.0000000   0.0000000   0.0000000   0.0000000
   0.0000000   0.0000000   0.0000000   0.0000000   0.0000000   0.0000000
   0.0000000   0.0000000   0.0000000   0.0000000   0.0000000   0.0000000
 TTTTTTTTTTTTTTTTTTTTTTTTTTTTTT MOQGAD      TELAPSE        5.96 TCPU        4.98
 TTTTTTTTTTTTTTTTTTTTTTTTTTTTTT SHELLXN     TELAPSE      184.19 TCPU      183.16
 TTTTTTTTTTTTTTTTTTTTTTTTTTTTTT MONMO3      TELAPSE      184.46 TCPU      183.42
 NUMERICALLY INTEGRATED DENSITY     72.0000365679     72.0000365679
 TTTTTTTTTTTTTTTTTTTTTTTTTTTTTT NUMDFT      TELAPSE      186.36 TCPU      185.33
 CYC   0 ETOT(AU) -9.214162822523E+02 DETOT -9.21E+02 tst  0.00E+00 PX  1.00E+00
 TTTTTTTTTTTTTTTTTTTTTTTTTTTTTT DIIS        TELAPSE      187.33 TCPU      186.12
 TTTTTTTTTTTTTTTTTTTTTTTTTTTTTT FDIK        TELAPSE      242.71 TCPU      241.38

    ALPHA      ELECTRONS
 INSULATING STATE
 TOP OF VALENCE BANDS -    BAND     72; K   57; EIG -1.8215860E-01 AU
 TOP OF VALENCE BANDS -    BAND     72; K    1; EIG -2.2732448E-01 AU
 BOTTOM OF VIRTUAL BANDS - BAND     73; K  792; EIG -1.0588511E-01 AU
 INDIRECT ENERGY BAND GAP:   2.0755 eV
 BOTTOM OF VIRTUAL BANDS - BAND     73; K    1; EIG -9.9999375E-02 AU

    BETA       ELECTRONS
 INSULATING STATE
 TOP OF VALENCE BANDS -    BAND     72; K   57; EIG -1.8215860E-01 AU
 TOP OF VALENCE BANDS -    BAND     72; K    1; EIG -2.2732448E-01 AU
 BOTTOM OF VIRTUAL BANDS - BAND     73; K  792; EIG -1.0588511E-01 AU
 INDIRECT ENERGY BAND GAP:   2.0755 eV
 BOTTOM OF VIRTUAL BANDS - BAND     73; K    1; EIG -9.9999375E-02 AU
 TTTTTTTTTTTTTTTTTTTTTTTTTTTTTT PDIG        TELAPSE      246.01 TCPU      244.59
 CHARGE NORMALIZATION FACTOR   1.00000000
 TOTAL ATOMIC CHARGES:
   6.0240175   6.0240175   6.0195059   6.0195059   6.0193211   6.0193211
   6.0880000   6.0880000   5.8545618   5.8545618   5.8051895   5.8051895
   6.0004867   6.0004867   6.0303640   6.0303640   5.9646901   5.9646901
   6.2160258   6.2160258   5.9592937   5.9592937   6.0185439   6.0185439
 SUMMED SPIN DENSITY           0.00000000
 TOTAL ATOMIC SPINS  :
  -0.0000000  -0.0000000   0.0000000   0.0000000   0.0000000   0.0000000
   0.0000000   0.0000000   0.0000000   0.0000000   0.0000000   0.0000000
  -0.0000000  -0.0000000   0.0000000   0.0000000   0.0000000   0.0000000
  -0.0000000  -0.0000000   0.0000000   0.0000000   0.0000000   0.0000000
 TTTTTTTTTTTTTTTTTTTTTTTTTTTTTT MOQGAD      TELAPSE      246.03 TCPU      244.61
 TTTTTTTTTTTTTTTTTTTTTTTTTTTTTT SHELLXN     TELAPSE      433.32 TCPU      431.71
 TTTTTTTTTTTTTTTTTTTTTTTTTTTTTT MONMO3      TELAPSE      433.58 TCPU      431.97
 NUMERICALLY INTEGRATED DENSITY     72.0000233264     72.0000233264
 TTTTTTTTTTTTTTTTTTTTTTTTTTTTTT NUMDFT      TELAPSE      435.52 TCPU      433.91
 CYC   1 ETOT(AU) -9.134775013668E+02 DETOT  7.94E+00 tst  0.00E+00 PX  1.00E+00
 TTTTTTTTTTTTTTTTTTTTTTTTTTTTTT DIIS        TELAPSE      436.53 TCPU      434.66
 DIIS TEST: 0.93179E+00 AT SCF   CYCLE   1 - MIX   30 %
 TTTTTTTTTTTTTTTTTTTTTTTTTTTTTT FDIK        TELAPSE      462.04 TCPU      459.58

    ALPHA      ELECTRONS
 INSULATING STATE
 TOP OF VALENCE BANDS -    BAND     72; K   57; EIG -1.0652398E-01 AU
 TOP OF VALENCE BANDS -    BAND     72; K    1; EIG -1.4968987E-01 AU
 BOTTOM OF VIRTUAL BANDS - BAND     73; K  792; EIG -4.5790819E-03 AU
 INDIRECT ENERGY BAND GAP:   2.7741 eV
 BOTTOM OF VIRTUAL BANDS - BAND     73; K    1; EIG -1.8080604E-03 AU

    BETA       ELECTRONS
 INSULATING STATE
 TOP OF VALENCE BANDS -    BAND     72; K   57; EIG -1.0652398E-01 AU
 TOP OF VALENCE BANDS -    BAND     72; K    1; EIG -1.4968987E-01 AU
 BOTTOM OF VIRTUAL BANDS - BAND     73; K  792; EIG -4.5790819E-03 AU
 INDIRECT ENERGY BAND GAP:   2.7741 eV
 BOTTOM OF VIRTUAL BANDS - BAND     73; K    1; EIG -1.8080604E-03 AU
 TTTTTTTTTTTTTTTTTTTTTTTTTTTTTT PDIG        TELAPSE      465.44 TCPU      462.91
 CHARGE NORMALIZATION FACTOR   1.00000000
 TOTAL ATOMIC CHARGES:
   6.0536456   6.0536456   6.0230504   6.0230504   5.8833357   5.8833357
   5.8313991   5.8313991   6.0912641   6.0912641   6.0518548   6.0518548
   5.9807156   5.9807156   5.9686008   5.9686008   6.0727516   6.0727516
   6.0413077   6.0413077   6.0392512   6.0392512   5.9628234   5.9628234
 SUMMED SPIN DENSITY           0.00000000
 TOTAL ATOMIC SPINS  :
   0.0000000   0.0000000   0.0000000   0.0000000   0.0000000   0.0000000
   0.0000000   0.0000000   0.0000000   0.0000000  -0.0000000  -0.0000000
  -0.0000000  -0.0000000   0.0000000   0.0000000   0.0000000   0.0000000
   0.0000000   0.0000000   0.0000000   0.0000000   0.0000000   0.0000000
 TTTTTTTTTTTTTTTTTTTTTTTTTTTTTT MOQGAD      TELAPSE      465.46 TCPU      462.93
 TTTTTTTTTTTTTTTTTTTTTTTTTTTTTT SHELLXN     TELAPSE      653.77 TCPU      651.09
 TTTTTTTTTTTTTTTTTTTTTTTTTTTTTT MONMO3      TELAPSE      654.03 TCPU      651.35
 NUMERICALLY INTEGRATED DENSITY     72.0000247404     72.0000247404
 TTTTTTTTTTTTTTTTTTTTTTTTTTTTTT NUMDFT      TELAPSE      655.96 TCPU      653.28
 CYC   2 ETOT(AU) -9.135074614256E+02 DETOT -3.00E-02 tst  4.75E-04 PX  1.01E-01
 TTTTTTTTTTTTTTTTTTTTTTTTTTTTTT DIIS        TELAPSE      656.89 TCPU      653.99
 DIIS TEST: 0.88765E+00 AT SCF   CYCLE   2 - DIIS ACTIVE - HISTORY:     2 CYCLES
 TTTTTTTTTTTTTTTTTTTTTTTTTTTTTT FDIK        TELAPSE      681.84 TCPU      678.16

    ALPHA      ELECTRONS
 INSULATING STATE
 TOP OF VALENCE BANDS -    BAND     72; K   57; EIG -9.1165089E-02 AU
 TOP OF VALENCE BANDS -    BAND     72; K    1; EIG -1.3557739E-01 AU
 BOTTOM OF VIRTUAL BANDS - BAND     73; K  792; EIG  2.0954294E-02 AU
 INDIRECT ENERGY BAND GAP:   3.0509 eV
 BOTTOM OF VIRTUAL BANDS - BAND     73; K    1; EIG  2.7662507E-02 AU

    BETA       ELECTRONS
 INSULATING STATE
 TOP OF VALENCE BANDS -    BAND     72; K   57; EIG -9.1165089E-02 AU
 TOP OF VALENCE BANDS -    BAND     72; K    1; EIG -1.3557739E-01 AU
 BOTTOM OF VIRTUAL BANDS - BAND     73; K  792; EIG  2.0954294E-02 AU
 INDIRECT ENERGY BAND GAP:   3.0509 eV
 BOTTOM OF VIRTUAL BANDS - BAND     73; K    1; EIG  2.7662507E-02 AU
 TTTTTTTTTTTTTTTTTTTTTTTTTTTTTT PDIG        TELAPSE      685.17 TCPU      681.41
 CHARGE NORMALIZATION FACTOR   1.00000000
 TOTAL ATOMIC CHARGES:
   5.9619370   5.9619370   5.9552720   5.9552720   5.9924011   5.9924011
   5.9855620   5.9855620   5.9456918   5.9456918   5.9176458   5.9176458
   6.0258490   6.0258490   6.0610132   6.0610132   6.0547816   6.0547816
   6.0631561   6.0631561   6.0325324   6.0325324   6.0041580   6.0041580
 SUMMED SPIN DENSITY           0.00000000
 TOTAL ATOMIC SPINS  :
   0.0000000   0.0000000   0.0000000   0.0000000   0.0000000   0.0000000
   0.0000000   0.0000000  -0.0000000  -0.0000000  -0.0000000  -0.0000000
  -0.0000000  -0.0000000   0.0000000   0.0000000   0.0000000   0.0000000
   0.0000000   0.0000000  -0.0000000  -0.0000000  -0.0000000  -0.0000000
 TTTTTTTTTTTTTTTTTTTTTTTTTTTTTT MOQGAD      TELAPSE      685.19 TCPU      681.43
 TTTTTTTTTTTTTTTTTTTTTTTTTTTTTT SHELLXN     TELAPSE      873.54 TCPU      869.58
 TTTTTTTTTTTTTTTTTTTTTTTTTTTTTT MONMO3      TELAPSE      873.81 TCPU      869.85
 NUMERICALLY INTEGRATED DENSITY     72.0000258164     72.0000258164
 TTTTTTTTTTTTTTTTTTTTTTTTTTTTTT NUMDFT      TELAPSE      875.75 TCPU      871.79
 CYC   3 ETOT(AU) -9.135400824153E+02 DETOT -3.26E-02 tst  3.54E-04 PX  5.84E-02
 TTTTTTTTTTTTTTTTTTTTTTTTTTTTTT DIIS        TELAPSE      876.78 TCPU      872.68
 DIIS TEST: 0.22009E+00 AT SCF   CYCLE   3 - DIIS ACTIVE - HISTORY:     3 CYCLES
 TTTTTTTTTTTTTTTTTTTTTTTTTTTTTT FDIK        TELAPSE      901.67 TCPU      897.07

    ALPHA      ELECTRONS
 INSULATING STATE
 TOP OF VALENCE BANDS -    BAND     72; K   57; EIG -9.6060839E-02 AU
 TOP OF VALENCE BANDS -    BAND     72; K    1; EIG -1.3910318E-01 AU
 BOTTOM OF VIRTUAL BANDS - BAND     73; K  792; EIG  1.9704224E-02 AU
 INDIRECT ENERGY BAND GAP:   3.1501 eV
 BOTTOM OF VIRTUAL BANDS - BAND     73; K    1; EIG  2.5133535E-02 AU

    BETA       ELECTRONS
 INSULATING STATE
 TOP OF VALENCE BANDS -    BAND     72; K   57; EIG -9.6060839E-02 AU
 TOP OF VALENCE BANDS -    BAND     72; K    1; EIG -1.3910318E-01 AU
 BOTTOM OF VIRTUAL BANDS - BAND     73; K  792; EIG  1.9704224E-02 AU
 INDIRECT ENERGY BAND GAP:   3.1501 eV
 BOTTOM OF VIRTUAL BANDS - BAND     73; K    1; EIG  2.5133535E-02 AU
 TTTTTTTTTTTTTTTTTTTTTTTTTTTTTT PDIG        TELAPSE      904.94 TCPU      900.32
 CHARGE NORMALIZATION FACTOR   1.00000000
 TOTAL ATOMIC CHARGES:
   6.0185369   6.0185369   6.0169035   6.0169035   5.9506443   5.9506443
   5.9571493   5.9571493   5.9621098   5.9621098   5.9312237   5.9312237
   5.9974189   5.9974189   5.9998449   5.9998449   6.0219302   6.0219302
   6.1370366   6.1370366   5.9992334   5.9992334   6.0079684   6.0079684
 SUMMED SPIN DENSITY           0.00000000
 TOTAL ATOMIC SPINS  :
   0.0000000   0.0000000   0.0000000   0.0000000   0.0000000   0.0000000
   0.0000000   0.0000000  -0.0000000  -0.0000000  -0.0000000  -0.0000000
   0.0000000   0.0000000   0.0000000   0.0000000   0.0000000   0.0000000
   0.0000000   0.0000000  -0.0000000  -0.0000000  -0.0000000  -0.0000000
 TTTTTTTTTTTTTTTTTTTTTTTTTTTTTT MOQGAD      TELAPSE      904.96 TCPU      900.34
 TTTTTTTTTTTTTTTTTTTTTTTTTTTTTT SHELLXN     TELAPSE     1092.85 TCPU     1087.98
 TTTTTTTTTTTTTTTTTTTTTTTTTTTTTT MONMO3      TELAPSE     1093.11 TCPU     1088.25
 NUMERICALLY INTEGRATED DENSITY     72.0000251660     72.0000251660
 TTTTTTTTTTTTTTTTTTTTTTTTTTTTTT NUMDFT      TELAPSE     1095.05 TCPU     1090.18
 CYC   4 ETOT(AU) -9.135492397890E+02 DETOT -9.16E-03 tst  9.13E-05 PX  2.56E-02
 TTTTTTTTTTTTTTTTTTTTTTTTTTTTTT DIIS        TELAPSE     1095.93 TCPU     1090.93
 DIIS TEST: 0.19516E-01 AT SCF   CYCLE   4 - DIIS ACTIVE - HISTORY:     4 CYCLES
 TTTTTTTTTTTTTTTTTTTTTTTTTTTTTT FDIK        TELAPSE     1119.80 TCPU     1114.40

    ALPHA      ELECTRONS
 INSULATING STATE
 TOP OF VALENCE BANDS -    BAND     72; K   57; EIG -9.5831792E-02 AU
 TOP OF VALENCE BANDS -    BAND     72; K    1; EIG -1.4120711E-01 AU
 BOTTOM OF VIRTUAL BANDS - BAND     73; K  792; EIG  1.8325284E-02 AU
 INDIRECT ENERGY BAND GAP:   3.1064 eV
 BOTTOM OF VIRTUAL BANDS - BAND     73; K    1; EIG  2.3761184E-02 AU

    BETA       ELECTRONS
 INSULATING STATE
 TOP OF VALENCE BANDS -    BAND     72; K   57; EIG -9.5831792E-02 AU
 TOP OF VALENCE BANDS -    BAND     72; K    1; EIG -1.4120711E-01 AU
 BOTTOM OF VIRTUAL BANDS - BAND     73; K  792; EIG  1.8325284E-02 AU
 INDIRECT ENERGY BAND GAP:   3.1064 eV
 BOTTOM OF VIRTUAL BANDS - BAND     73; K    1; EIG  2.3761184E-02 AU
 TTTTTTTTTTTTTTTTTTTTTTTTTTTTTT PDIG        TELAPSE     1123.12 TCPU     1117.67
 CHARGE NORMALIZATION FACTOR   1.00000000
 TOTAL ATOMIC CHARGES:
   6.0106085   6.0106085   6.0007092   6.0007092   5.9540169   5.9540169
   5.9662826   5.9662826   5.9754321   5.9754321   5.9257234   5.9257234
   6.0040351   6.0040351   6.0118746   6.0118746   6.0439170   6.0439170
   6.1000230   6.1000230   6.0072489   6.0072489   6.0001288   6.0001288
 SUMMED SPIN DENSITY           0.00000000
 TOTAL ATOMIC SPINS  :
   0.0000000   0.0000000   0.0000000   0.0000000   0.0000000   0.0000000
   0.0000000   0.0000000  -0.0000000  -0.0000000  -0.0000000  -0.0000000
   0.0000000   0.0000000  -0.0000000  -0.0000000   0.0000000   0.0000000
   0.0000000   0.0000000  -0.0000000  -0.0000000  -0.0000000  -0.0000000
 TTTTTTTTTTTTTTTTTTTTTTTTTTTTTT MOQGAD      TELAPSE     1123.14 TCPU     1117.69
 TTTTTTTTTTTTTTTTTTTTTTTTTTTTTT SHELLXN     TELAPSE     1309.70 TCPU     1304.10
 TTTTTTTTTTTTTTTTTTTTTTTTTTTTTT MONMO3      TELAPSE     1309.96 TCPU     1304.37
 NUMERICALLY INTEGRATED DENSITY     72.0000250504     72.0000250504
 TTTTTTTTTTTTTTTTTTTTTTTTTTTTTT NUMDFT      TELAPSE     1311.90 TCPU     1306.30
 CYC   5 ETOT(AU) -9.135499750845E+02 DETOT -7.35E-04 tst  8.30E-06 PX  8.77E-03
 TTTTTTTTTTTTTTTTTTTTTTTTTTTTTT DIIS        TELAPSE     1312.84 TCPU     1307.09
 DIIS TEST: 0.59913E-02 AT SCF   CYCLE   5 - DIIS ACTIVE - HISTORY:     5 CYCLES
 TTTTTTTTTTTTTTTTTTTTTTTTTTTTTT FDIK        TELAPSE     1347.98 TCPU     1330.66

    ALPHA      ELECTRONS
 INSULATING STATE
 TOP OF VALENCE BANDS -    BAND     72; K   57; EIG -9.6747237E-02 AU
 TOP OF VALENCE BANDS -    BAND     72; K    1; EIG -1.4025719E-01 AU
 BOTTOM OF VIRTUAL BANDS - BAND     73; K  792; EIG  1.9513022E-02 AU
 INDIRECT ENERGY BAND GAP:   3.1636 eV
 BOTTOM OF VIRTUAL BANDS - BAND     73; K    1; EIG  2.4969824E-02 AU

    BETA       ELECTRONS
 INSULATING STATE
 TOP OF VALENCE BANDS -    BAND     72; K   57; EIG -9.6747237E-02 AU
 TOP OF VALENCE BANDS -    BAND     72; K    1; EIG -1.4025719E-01 AU
 BOTTOM OF VIRTUAL BANDS - BAND     73; K  792; EIG  1.9513022E-02 AU
 INDIRECT ENERGY BAND GAP:   3.1636 eV
 BOTTOM OF VIRTUAL BANDS - BAND     73; K    1; EIG  2.4969824E-02 AU
 TTTTTTTTTTTTTTTTTTTTTTTTTTTTTT PDIG        TELAPSE     1351.27 TCPU     1333.93
 CHARGE NORMALIZATION FACTOR   1.00000000
 TOTAL ATOMIC CHARGES:
   6.0051261   6.0051261   6.0010915   6.0010915   5.9572368   5.9572368
   5.9551359   5.9551359   5.9701104   5.9701104   5.9367956   5.9367956
   6.0046609   6.0046609   6.0122722   6.0122722   6.0343943   6.0343943
   6.1073081   6.1073081   6.0155290   6.0155290   6.0003392   6.0003392
 SUMMED SPIN DENSITY           0.00000000
 TOTAL ATOMIC SPINS  :
   0.0000000   0.0000000   0.0000000   0.0000000   0.0000000   0.0000000
  -0.0000000  -0.0000000  -0.0000000  -0.0000000  -0.0000000  -0.0000000
   0.0000000   0.0000000  -0.0000000  -0.0000000   0.0000000   0.0000000
   0.0000000   0.0000000  -0.0000000  -0.0000000  -0.0000000  -0.0000000
 TTTTTTTTTTTTTTTTTTTTTTTTTTTTTT MOQGAD      TELAPSE     1351.29 TCPU     1333.95
 TTTTTTTTTTTTTTTTTTTTTTTTTTTTTT SHELLXN     TELAPSE     1538.00 TCPU     1520.36
 TTTTTTTTTTTTTTTTTTTTTTTTTTTTTT MONMO3      TELAPSE     1538.27 TCPU     1520.62
 NUMERICALLY INTEGRATED DENSITY     72.0000251059     72.0000251059
 TTTTTTTTTTTTTTTTTTTTTTTTTTTTTT NUMDFT      TELAPSE     1540.19 TCPU     1522.54
 CYC   6 ETOT(AU) -9.135501942685E+02 DETOT -2.19E-04 tst  2.37E-06 PX  3.59E-03
 TTTTTTTTTTTTTTTTTTTTTTTTTTTTTT DIIS        TELAPSE     1541.17 TCPU     1523.25
 DIIS TEST: 0.13770E-02 AT SCF   CYCLE   6 - DIIS ACTIVE - HISTORY:     6 CYCLES
 TTTTTTTTTTTTTTTTTTTTTTTTTTTTTT FDIK        TELAPSE     1565.77 TCPU     1546.99

    ALPHA      ELECTRONS
 INSULATING STATE
 TOP OF VALENCE BANDS -    BAND     72; K   57; EIG -9.6258044E-02 AU
 TOP OF VALENCE BANDS -    BAND     72; K    1; EIG -1.4043967E-01 AU
 BOTTOM OF VIRTUAL BANDS - BAND     73; K  792; EIG  1.9179502E-02 AU
 INDIRECT ENERGY BAND GAP:   3.1412 eV
 BOTTOM OF VIRTUAL BANDS - BAND     73; K    1; EIG  2.4676643E-02 AU

    BETA       ELECTRONS
 INSULATING STATE
 TOP OF VALENCE BANDS -    BAND     72; K   57; EIG -9.6258044E-02 AU
 TOP OF VALENCE BANDS -    BAND     72; K    1; EIG -1.4043967E-01 AU
 BOTTOM OF VIRTUAL BANDS - BAND     73; K  792; EIG  1.9179502E-02 AU
 INDIRECT ENERGY BAND GAP:   3.1412 eV
 BOTTOM OF VIRTUAL BANDS - BAND     73; K    1; EIG  2.4676643E-02 AU
 TTTTTTTTTTTTTTTTTTTTTTTTTTTTTT PDIG        TELAPSE     1569.06 TCPU     1550.24
 CHARGE NORMALIZATION FACTOR   1.00000000
 TOTAL ATOMIC CHARGES:
   6.0083665   6.0083665   6.0011186   6.0011186   5.9544486   5.9544486
   5.9574153   5.9574153   5.9700063   5.9700063   5.9343813   5.9343813
   6.0034253   6.0034253   6.0132457   6.0132457   6.0375602   6.0375602
   6.1072615   6.1072615   6.0090244   6.0090244   6.0037462   6.0037462
 SUMMED SPIN DENSITY           0.00000000
 TOTAL ATOMIC SPINS  :
  -0.0000000  -0.0000000   0.0000000   0.0000000   0.0000000   0.0000000
   0.0000000   0.0000000  -0.0000000  -0.0000000  -0.0000000  -0.0000000
  -0.0000000  -0.0000000  -0.0000000  -0.0000000   0.0000000   0.0000000
   0.0000000   0.0000000  -0.0000000  -0.0000000   0.0000000   0.0000000
 TTTTTTTTTTTTTTTTTTTTTTTTTTTTTT MOQGAD      TELAPSE     1569.08 TCPU     1550.25
 TTTTTTTTTTTTTTTTTTTTTTTTTTTTTT SHELLXN     TELAPSE     1755.72 TCPU     1736.52
 TTTTTTTTTTTTTTTTTTTTTTTTTTTTTT MONMO3      TELAPSE     1755.99 TCPU     1736.78
 NUMERICALLY INTEGRATED DENSITY     72.0000251236     72.0000251236
 TTTTTTTTTTTTTTTTTTTTTTTTTTTTTT NUMDFT      TELAPSE     1757.92 TCPU     1738.71
 CYC   7 ETOT(AU) -9.135502520186E+02 DETOT -5.78E-05 tst  3.39E-07 PX  1.40E-03
 TTTTTTTTTTTTTTTTTTTTTTTTTTTTTT DIIS        TELAPSE     1758.88 TCPU     1739.58
 DIIS TEST: 0.19348E-03 AT SCF   CYCLE   7 - DIIS ACTIVE - HISTORY:     7 CYCLES
 TTTTTTTTTTTTTTTTTTTTTTTTTTTTTT FDIK        TELAPSE     1782.99 TCPU     1763.33

    ALPHA      ELECTRONS
 INSULATING STATE
 TOP OF VALENCE BANDS -    BAND     72; K   57; EIG -9.6263178E-02 AU
 TOP OF VALENCE BANDS -    BAND     72; K    1; EIG -1.4038807E-01 AU
 BOTTOM OF VIRTUAL BANDS - BAND     73; K  792; EIG  1.9286693E-02 AU
 INDIRECT ENERGY BAND GAP:   3.1443 eV
 BOTTOM OF VIRTUAL BANDS - BAND     73; K    1; EIG  2.4743864E-02 AU

    BETA       ELECTRONS
 INSULATING STATE
 TOP OF VALENCE BANDS -    BAND     72; K   57; EIG -9.6263178E-02 AU
 TOP OF VALENCE BANDS -    BAND     72; K    1; EIG -1.4038807E-01 AU
 BOTTOM OF VIRTUAL BANDS - BAND     73; K  792; EIG  1.9286693E-02 AU
 INDIRECT ENERGY BAND GAP:   3.1443 eV
 BOTTOM OF VIRTUAL BANDS - BAND     73; K    1; EIG  2.4743864E-02 AU
 TTTTTTTTTTTTTTTTTTTTTTTTTTTTTT PDIG        TELAPSE     1786.36 TCPU     1766.64
 CHARGE NORMALIZATION FACTOR   1.00000000
 TOTAL ATOMIC CHARGES:
   6.0077600   6.0077600   6.0021690   6.0021690   5.9555070   5.9555070
   5.9591867   5.9591867   5.9710830   5.9710830   5.9327974   5.9327974
   6.0040346   6.0040346   6.0112631   6.0112631   6.0370855   6.0370855
   6.1076108   6.1076108   6.0104833   6.0104833   6.0010198   6.0010198
 SUMMED SPIN DENSITY           0.00000000
 TOTAL ATOMIC SPINS  :
  -0.0000000  -0.0000000  -0.0000000  -0.0000000   0.0000000   0.0000000
   0.0000000   0.0000000   0.0000000   0.0000000   0.0000000   0.0000000
  -0.0000000  -0.0000000   0.0000000   0.0000000  -0.0000000  -0.0000000
   0.0000000   0.0000000  -0.0000000  -0.0000000  -0.0000000  -0.0000000
 TTTTTTTTTTTTTTTTTTTTTTTTTTTTTT MOQGAD      TELAPSE     1786.38 TCPU     1766.66
 TTTTTTTTTTTTTTTTTTTTTTTTTTTTTT SHELLXN     TELAPSE     1972.84 TCPU     1952.73
 TTTTTTTTTTTTTTTTTTTTTTTTTTTTTT MONMO3      TELAPSE     1973.10 TCPU     1952.99
 NUMERICALLY INTEGRATED DENSITY     72.0000251289     72.0000251289
 TTTTTTTTTTTTTTTTTTTTTTTTTTTTTT NUMDFT      TELAPSE     1975.02 TCPU     1954.91
 CYC   8 ETOT(AU) -9.135502591709E+02 DETOT -7.15E-06 tst  1.38E-07 PX  7.19E-04
 TTTTTTTTTTTTTTTTTTTTTTTTTTTTTT DIIS        TELAPSE     1975.95 TCPU     1955.57
 DIIS TEST: 0.33299E-04 AT SCF   CYCLE   8 - DIIS ACTIVE - HISTORY:     8 CYCLES
 TTTTTTTTTTTTTTTTTTTTTTTTTTTTTT FDIK        TELAPSE     1999.98 TCPU     1979.13

    ALPHA      ELECTRONS
 INSULATING STATE
 TOP OF VALENCE BANDS -    BAND     72; K   57; EIG -9.6321338E-02 AU
 TOP OF VALENCE BANDS -    BAND     72; K    1; EIG -1.4044156E-01 AU
 BOTTOM OF VIRTUAL BANDS - BAND     73; K  792; EIG  1.9238696E-02 AU
 INDIRECT ENERGY BAND GAP:   3.1445 eV
 BOTTOM OF VIRTUAL BANDS - BAND     73; K    1; EIG  2.4708676E-02 AU

    BETA       ELECTRONS
 INSULATING STATE
 TOP OF VALENCE BANDS -    BAND     72; K   57; EIG -9.6321338E-02 AU
 TOP OF VALENCE BANDS -    BAND     72; K    1; EIG -1.4044156E-01 AU
 BOTTOM OF VIRTUAL BANDS - BAND     73; K  792; EIG  1.9238696E-02 AU
 INDIRECT ENERGY BAND GAP:   3.1445 eV
 BOTTOM OF VIRTUAL BANDS - BAND     73; K    1; EIG  2.4708676E-02 AU
 TTTTTTTTTTTTTTTTTTTTTTTTTTTTTT PDIG        TELAPSE     2003.25 TCPU     1982.34
 CHARGE NORMALIZATION FACTOR   1.00000000
 TOTAL ATOMIC CHARGES:
   6.0078540   6.0078540   6.0016069   6.0016069   5.9554787   5.9554787
   5.9582309   5.9582309   5.9708138   5.9708138   5.9334530   5.9334530
   6.0036042   6.0036042   6.0120292   6.0120292   6.0371515   6.0371515
   6.1071502   6.1071502   6.0105771   6.0105771   6.0020504   6.0020504
 SUMMED SPIN DENSITY           0.00000000
 TOTAL ATOMIC SPINS  :
  -0.0000000  -0.0000000  -0.0000000  -0.0000000  -0.0000000  -0.0000000
   0.0000000   0.0000000  -0.0000000  -0.0000000   0.0000000   0.0000000
  -0.0000000  -0.0000000   0.0000000   0.0000000  -0.0000000  -0.0000000
   0.0000000   0.0000000  -0.0000000  -0.0000000  -0.0000000  -0.0000000
 TTTTTTTTTTTTTTTTTTTTTTTTTTTTTT MOQGAD      TELAPSE     2003.27 TCPU     1982.36
 TTTTTTTTTTTTTTTTTTTTTTTTTTTTTT SHELLXN     TELAPSE     2189.69 TCPU     2168.43
 TTTTTTTTTTTTTTTTTTTTTTTTTTTTTT MONMO3      TELAPSE     2189.95 TCPU     2168.69
 NUMERICALLY INTEGRATED DENSITY     72.0000251215     72.0000251215
 TTTTTTTTTTTTTTTTTTTTTTTTTTTTTT NUMDFT      TELAPSE     2191.87 TCPU     2170.61
 CYC   9 ETOT(AU) -9.135502608103E+02 DETOT -1.64E-06 tst  2.39E-08 PX  1.73E-04
 TTTTTTTTTTTTTTTTTTTTTTTTTTTTTT DIIS        TELAPSE     2192.81 TCPU     2171.32
 DIIS TEST: 0.11121E-05 AT SCF   CYCLE   9 - DIIS ACTIVE - HISTORY:     9 CYCLES
 TTTTTTTTTTTTTTTTTTTTTTTTTTTTTT FDIK        TELAPSE     2217.43 TCPU     2195.31

    ALPHA      ELECTRONS
 INSULATING STATE
 TOP OF VALENCE BANDS -    BAND     72; K   57; EIG -9.6322356E-02 AU
 TOP OF VALENCE BANDS -    BAND     72; K    1; EIG -1.4044396E-01 AU
 BOTTOM OF VIRTUAL BANDS - BAND     73; K  792; EIG  1.9232029E-02 AU
 INDIRECT ENERGY BAND GAP:   3.1444 eV
 BOTTOM OF VIRTUAL BANDS - BAND     73; K    1; EIG  2.4699268E-02 AU

    BETA       ELECTRONS
 INSULATING STATE
 TOP OF VALENCE BANDS -    BAND     72; K   57; EIG -9.6322356E-02 AU
 TOP OF VALENCE BANDS -    BAND     72; K    1; EIG -1.4044396E-01 AU
 BOTTOM OF VIRTUAL BANDS - BAND     73; K  792; EIG  1.9232029E-02 AU
 INDIRECT ENERGY BAND GAP:   3.1444 eV
 BOTTOM OF VIRTUAL BANDS - BAND     73; K    1; EIG  2.4699268E-02 AU
 TTTTTTTTTTTTTTTTTTTTTTTTTTTTTT PDIG        TELAPSE     2220.71 TCPU     2198.53
 CHARGE NORMALIZATION FACTOR   1.00000000
 TOTAL ATOMIC CHARGES:
   6.0077773   6.0077773   6.0016917   6.0016917   5.9553542   5.9553542
   5.9584454   5.9584454   5.9708060   5.9708060   5.9335876   5.9335876
   6.0038621   6.0038621   6.0120205   6.0120205   6.0370970   6.0370970
   6.1071700   6.1071700   6.0104099   6.0104099   6.0017783   6.0017783
 SUMMED SPIN DENSITY           0.00000000
 TOTAL ATOMIC SPINS  :
   0.0000000   0.0000000  -0.0000000  -0.0000000   0.0000000   0.0000000
   0.0000000   0.0000000  -0.0000000  -0.0000000  -0.0000000  -0.0000000
   0.0000000   0.0000000   0.0000000   0.0000000  -0.0000000  -0.0000000
   0.0000000   0.0000000   0.0000000   0.0000000  -0.0000000  -0.0000000
 TTTTTTTTTTTTTTTTTTTTTTTTTTTTTT MOQGAD      TELAPSE     2220.73 TCPU     2198.55
 TTTTTTTTTTTTTTTTTTTTTTTTTTTTTT SHELLXN     TELAPSE     2407.08 TCPU     2384.54
 TTTTTTTTTTTTTTTTTTTTTTTTTTTTTT MONMO3      TELAPSE     2407.34 TCPU     2384.80
 NUMERICALLY INTEGRATED DENSITY     72.0000251231     72.0000251231
 TTTTTTTTTTTTTTTTTTTTTTTTTTTTTT NUMDFT      TELAPSE     2409.28 TCPU     2386.73
 CYC  10 ETOT(AU) -9.135502608709E+02 DETOT -6.06E-08 tst  1.04E-09 PX  4.87E-05
 TTTTTTTTTTTTTTTTTTTTTTTTTTTTTT DIIS        TELAPSE     2410.15 TCPU     2387.48
 DIIS TEST: 0.30017E-06 AT SCF   CYCLE  10 - DIIS ACTIVE - HISTORY:    10 CYCLES
 TTTTTTTTTTTTTTTTTTTTTTTTTTTTTT FDIK        TELAPSE     2434.22 TCPU     2411.00

    ALPHA      ELECTRONS
 INSULATING STATE
 TOP OF VALENCE BANDS -    BAND     72; K   57; EIG -9.6324659E-02 AU
 TOP OF VALENCE BANDS -    BAND     72; K    1; EIG -1.4044640E-01 AU
 BOTTOM OF VIRTUAL BANDS - BAND     73; K  792; EIG  1.9231657E-02 AU
 INDIRECT ENERGY BAND GAP:   3.1444 eV
 BOTTOM OF VIRTUAL BANDS - BAND     73; K    1; EIG  2.4699773E-02 AU

    BETA       ELECTRONS
 INSULATING STATE
 TOP OF VALENCE BANDS -    BAND     72; K   57; EIG -9.6324659E-02 AU
 TOP OF VALENCE BANDS -    BAND     72; K    1; EIG -1.4044640E-01 AU
 BOTTOM OF VIRTUAL BANDS - BAND     73; K  792; EIG  1.9231657E-02 AU
 INDIRECT ENERGY BAND GAP:   3.1444 eV
 BOTTOM OF VIRTUAL BANDS - BAND     73; K    1; EIG  2.4699773E-02 AU
 TTTTTTTTTTTTTTTTTTTTTTTTTTTTTT PDIG        TELAPSE     2437.58 TCPU     2414.31
 CHARGE NORMALIZATION FACTOR   1.00000000
 TOTAL ATOMIC CHARGES:
   6.0078084   6.0078084   6.0016786   6.0016786   5.9553893   5.9553893
   5.9583413   5.9583413   5.9708145   5.9708145   5.9334859   5.9334859
   6.0037697   6.0037697   6.0119765   6.0119765   6.0371566   6.0371566
   6.1072006   6.1072006   6.0104911   6.0104911   6.0018875   6.0018875
 SUMMED SPIN DENSITY           0.00000000
 TOTAL ATOMIC SPINS  :
   0.0000000   0.0000000   0.0000000   0.0000000  -0.0000000  -0.0000000
   0.0000000   0.0000000   0.0000000   0.0000000  -0.0000000  -0.0000000
  -0.0000000  -0.0000000   0.0000000   0.0000000   0.0000000   0.0000000
   0.0000000   0.0000000  -0.0000000  -0.0000000  -0.0000000  -0.0000000
 TTTTTTTTTTTTTTTTTTTTTTTTTTTTTT MOQGAD      TELAPSE     2437.60 TCPU     2414.33
 TTTTTTTTTTTTTTTTTTTTTTTTTTTTTT SHELLXN     TELAPSE     2624.01 TCPU     2600.41
 TTTTTTTTTTTTTTTTTTTTTTTTTTTTTT MONMO3      TELAPSE     2624.28 TCPU     2600.67
 NUMERICALLY INTEGRATED DENSITY     72.0000251229     72.0000251229
 TTTTTTTTTTTTTTTTTTTTTTTTTTTTTT NUMDFT      TELAPSE     2626.21 TCPU     2602.60
 CYC  11 ETOT(AU) -9.135502608861E+02 DETOT -1.52E-08 tst  1.48E-10 PX  1.95E-05
 TTTTTTTTTTTTTTTTTTTTTTTTTTTTTT DIIS        TELAPSE     2627.09 TCPU     2603.33
 DIIS TEST: 0.10397E-07 AT SCF   CYCLE  11 - DIIS ACTIVE - HISTORY:    11 CYCLES
 TTTTTTTTTTTTTTTTTTTTTTTTTTTTTT FDIK        TELAPSE     2651.76 TCPU     2627.31

    ALPHA      ELECTRONS
 INSULATING STATE
 TOP OF VALENCE BANDS -    BAND     72; K   57; EIG -9.6325043E-02 AU
 TOP OF VALENCE BANDS -    BAND     72; K    1; EIG -1.4044670E-01 AU
 BOTTOM OF VIRTUAL BANDS - BAND     73; K  792; EIG  1.9230974E-02 AU
 INDIRECT ENERGY BAND GAP:   3.1444 eV
 BOTTOM OF VIRTUAL BANDS - BAND     73; K    1; EIG  2.4698930E-02 AU

    BETA       ELECTRONS
 INSULATING STATE
 TOP OF VALENCE BANDS -    BAND     72; K   57; EIG -9.6325043E-02 AU
 TOP OF VALENCE BANDS -    BAND     72; K    1; EIG -1.4044670E-01 AU
 BOTTOM OF VIRTUAL BANDS - BAND     73; K  792; EIG  1.9230974E-02 AU
 INDIRECT ENERGY BAND GAP:   3.1444 eV
 BOTTOM OF VIRTUAL BANDS - BAND     73; K    1; EIG  2.4698930E-02 AU
 TTTTTTTTTTTTTTTTTTTTTTTTTTTTTT PDIG        TELAPSE     2655.22 TCPU     2630.69
 CHARGE NORMALIZATION FACTOR   1.00000000
 TOTAL ATOMIC CHARGES:
   6.0078152   6.0078152   6.0016782   6.0016782   5.9553999   5.9553999
   5.9583700   5.9583700   5.9708260   5.9708260   5.9335026   5.9335026
   6.0037599   6.0037599   6.0119904   6.0119904   6.0371307   6.0371307
   6.1071849   6.1071849   6.0104782   6.0104782   6.0018642   6.0018642
 SUMMED SPIN DENSITY           0.00000000
 TOTAL ATOMIC SPINS  :
  -0.0000000  -0.0000000  -0.0000000  -0.0000000  -0.0000000  -0.0000000
  -0.0000000  -0.0000000  -0.0000000  -0.0000000  -0.0000000  -0.0000000
   0.0000000   0.0000000   0.0000000   0.0000000   0.0000000   0.0000000
   0.0000000   0.0000000   0.0000000   0.0000000   0.0000000   0.0000000
 TTTTTTTTTTTTTTTTTTTTTTTTTTTTTT MOQGAD      TELAPSE     2655.24 TCPU     2630.71
 TTTTTTTTTTTTTTTTTTTTTTTTTTTTTT SHELLXN     TELAPSE     2844.33 TCPU     2819.38
 TTTTTTTTTTTTTTTTTTTTTTTTTTTTTT MONMO3      TELAPSE     2844.60 TCPU     2819.65
 NUMERICALLY INTEGRATED DENSITY     72.0000251229     72.0000251229
 TTTTTTTTTTTTTTTTTTTTTTTTTTTTTT NUMDFT      TELAPSE     2846.57 TCPU     2821.61
 CYC  12 ETOT(AU) -9.135502608878E+02 DETOT -1.74E-09 tst  6.57E-12 PX  5.58E-06
 TTTTTTTTTTTTTTTTTTTTTTTTTTTTTT DIIS        TELAPSE     2847.60 TCPU     2822.32
 DIIS TEST: 0.17043E-08 AT SCF   CYCLE  12 - DIIS ACTIVE - HISTORY:    12 CYCLES
 TTTTTTTTTTTTTTTTTTTTTTTTTTTTTT FDIK        TELAPSE     2870.80 TCPU     2844.93

    ALPHA      ELECTRONS
 INSULATING STATE
 TOP OF VALENCE BANDS -    BAND     72; K   57; EIG -9.6325143E-02 AU
 TOP OF VALENCE BANDS -    BAND     72; K    1; EIG -1.4044682E-01 AU
 BOTTOM OF VIRTUAL BANDS - BAND     73; K  792; EIG  1.9231072E-02 AU
 INDIRECT ENERGY BAND GAP:   3.1444 eV
 BOTTOM OF VIRTUAL BANDS - BAND     73; K    1; EIG  2.4699050E-02 AU

    BETA       ELECTRONS
 INSULATING STATE
 TOP OF VALENCE BANDS -    BAND     72; K   57; EIG -9.6325143E-02 AU
 TOP OF VALENCE BANDS -    BAND     72; K    1; EIG -1.4044682E-01 AU
 BOTTOM OF VIRTUAL BANDS - BAND     73; K  792; EIG  1.9231072E-02 AU
 INDIRECT ENERGY BAND GAP:   3.1444 eV
 BOTTOM OF VIRTUAL BANDS - BAND     73; K    1; EIG  2.4699050E-02 AU
 TTTTTTTTTTTTTTTTTTTTTTTTTTTTTT PDIG        TELAPSE     2874.24 TCPU     2848.22
 CHARGE NORMALIZATION FACTOR   1.00000000
 TOTAL ATOMIC CHARGES:
   6.0078089   6.0078089   6.0016786   6.0016786   5.9553936   5.9553936
   5.9583619   5.9583619   5.9708170   5.9708170   5.9335031   5.9335031
   6.0037705   6.0037705   6.0119860   6.0119860   6.0371409   6.0371409
   6.1071900   6.1071900   6.0104789   6.0104789   6.0018707   6.0018707
 SUMMED SPIN DENSITY           0.00000000
 TOTAL ATOMIC SPINS  :
   0.0000000   0.0000000  -0.0000000  -0.0000000  -0.0000000  -0.0000000
  -0.0000000  -0.0000000  -0.0000000  -0.0000000  -0.0000000  -0.0000000
   0.0000000   0.0000000   0.0000000   0.0000000   0.0000000   0.0000000
   0.0000000   0.0000000   0.0000000   0.0000000   0.0000000   0.0000000
 TTTTTTTTTTTTTTTTTTTTTTTTTTTTTT MOQGAD      TELAPSE     2874.26 TCPU     2848.24
 TTTTTTTTTTTTTTTTTTTTTTTTTTTTTT SHELLXN     TELAPSE     3065.01 TCPU     3038.61
 TTTTTTTTTTTTTTTTTTTTTTTTTTTTTT MONMO3      TELAPSE     3065.27 TCPU     3038.87
 NUMERICALLY INTEGRATED DENSITY     72.0000251229     72.0000251229
 TTTTTTTTTTTTTTTTTTTTTTTTTTTTTT NUMDFT      TELAPSE     3067.19 TCPU     3040.79
 CYC  13 ETOT(AU) -9.135502608881E+02 DETOT -2.92E-10 tst  4.27E-13 PX  2.10E-06
 TTTTTTTTTTTTTTTTTTTTTTTTTTTTTT DIIS        TELAPSE     3068.66 TCPU     3041.70
 DIIS TEST: 0.12435E-09 AT SCF   CYCLE  13 - DIIS ACTIVE - HISTORY:    13 CYCLES
 TTTTTTTTTTTTTTTTTTTTTTTTTTTTTT FDIK        TELAPSE     3095.49 TCPU     3068.09

    ALPHA      ELECTRONS
 INSULATING STATE
 TOP OF VALENCE BANDS -    BAND     72; K   57; EIG -9.6325063E-02 AU
 TOP OF VALENCE BANDS -    BAND     72; K    1; EIG -1.4044670E-01 AU
 BOTTOM OF VIRTUAL BANDS - BAND     73; K  792; EIG  1.9231134E-02 AU
 INDIRECT ENERGY BAND GAP:   3.1444 eV
 BOTTOM OF VIRTUAL BANDS - BAND     73; K    1; EIG  2.4699113E-02 AU

    BETA       ELECTRONS
 INSULATING STATE
 TOP OF VALENCE BANDS -    BAND     72; K   57; EIG -9.6325063E-02 AU
 TOP OF VALENCE BANDS -    BAND     72; K    1; EIG -1.4044670E-01 AU
 BOTTOM OF VIRTUAL BANDS - BAND     73; K  792; EIG  1.9231134E-02 AU
 INDIRECT ENERGY BAND GAP:   3.1444 eV
 BOTTOM OF VIRTUAL BANDS - BAND     73; K    1; EIG  2.4699113E-02 AU
 TTTTTTTTTTTTTTTTTTTTTTTTTTTTTT PDIG        TELAPSE     3098.80 TCPU     3071.33
 CHARGE NORMALIZATION FACTOR   1.00000000
 TOTAL ATOMIC CHARGES:
   6.0078104   6.0078104   6.0016784   6.0016784   5.9553945   5.9553945
   5.9583627   5.9583627   5.9708200   5.9708200   5.9335009   5.9335009
   6.0037684   6.0037684   6.0119876   6.0119876   6.0371386   6.0371386
   6.1071895   6.1071895   6.0104794   6.0104794   6.0018695   6.0018695
 SUMMED SPIN DENSITY           0.00000000
 TOTAL ATOMIC SPINS  :
   0.0000000   0.0000000   0.0000000   0.0000000  -0.0000000  -0.0000000
  -0.0000000  -0.0000000  -0.0000000  -0.0000000  -0.0000000  -0.0000000
   0.0000000   0.0000000   0.0000000   0.0000000   0.0000000   0.0000000
   0.0000000   0.0000000  -0.0000000  -0.0000000  -0.0000000  -0.0000000
 TTTTTTTTTTTTTTTTTTTTTTTTTTTTTT MOQGAD      TELAPSE     3098.82 TCPU     3071.35
 TTTTTTTTTTTTTTTTTTTTTTTTTTTTTT SHELLXN     TELAPSE     3286.75 TCPU     3258.96
 +++ ENERGIES IN A.U. +++
 ::: EXT EL-POLE                                  -4.2298539753825E+03
 ::: EXT EL-SPHEROPOLE                             3.6143442995018E+01
 ::: BIELET ZONE E-E                               4.3807815873475E+03
 ::: TOTAL E-E                                     1.8707105495996E+02
 ::: TOTAL E-N + N-E                              -1.6063958462204E+03
 ::: TOTAL N-N                                    -2.9958097512919E+02
 ::: KINETIC ENERGY                                9.1080644234770E+02
 ::: PSEUDO TOTAL   ENERGY                        -8.0809932404191E+02
 ::: VIRIAL COEFFICIENT                            1.0597514536946E+00
 TTTTTTTTTTTTTTTTTTTTTTTTTTTTTT MONMO3      TELAPSE     3287.02 TCPU     3259.22
 NUMERICALLY INTEGRATED DENSITY     72.0000251229     72.0000251229
 EXCHANGE ENERGY: -0.993700426612E+02  CORRELATION ENERGY: -0.608089418469E+01
 TTTTTTTTTTTTTTTTTTTTTTTTTTTTTT NUMDFT      TELAPSE     3288.99 TCPU     3261.19
 CYC  14 ETOT(AU) -9.135502608878E+02 DETOT  3.25E-10 tst  3.03E-14 PX  2.10E-06

 == SCF ENDED - CONVERGENCE ON ENERGY      E(AU) -9.1355026088780E+02 CYCLES  14


 ENERGY EXPRESSION=HARTREE+FOCK EXCH*0.20000+(BECKE      EXCH)*0.80000+LYP        CORR


 TOTAL ENERGY(DFT)(AU)( 14) -9.1355026088780E+02 DE 3.2E-10 tester 3.0E-14
 TTTTTTTTTTTTTTTTTTTTTTTTTTTTTT EDFT        TELAPSE     3289.02 TCPU     3261.22
 
 INFORMATION **** DFTD3 ENERGY **** CALCULATE DFTD3 ENERGY

           DFT-D V3(BJ)
 DF                                         b3-lyp    
 parameters
 s6       :    1.0000
 s8       :    1.9889
 a1       :    0.3981
 a2       :    4.4211
 k1 k3    :   16.0000   -4.0000
 Cutoff   :   50.2022
 CN-Cutoff:   21.1671
 ABC-Cutoff:   21.1671
 
 Edisp /kcal,au:  -151.3824 -0.24124318

 E6    /kcal :   -72.7977
 E8    /kcal :   -78.5847
 
 INFORMATION **** DFTD3 ENERGY **** NORMAL TERMINATION OF DFTD3 MODULE

 *******************************************************************************

 DFT-D3 DISPERSION ENERGY CORRECTION

 D3 DISPERSION ENERGY (AU)       -2.4124317791967E-01
 TOTAL ENERGY + DISP (AU)        -9.1379150406572E+02

 *******************************************************************************


 NEIGHBORS OF THE NON-EQUIVALENT ATOMS

 N = NUMBER OF NEIGHBORS AT DISTANCE R
    ATOM  N     R/ANG      R/AU   NEIGHBORS (ATOM LABELS AND CELL INDICES)
   1 C    1     1.5064     2.8466   23 C    1 0 0
   1 C    1     1.5795     2.9848   10 C    0 0 0
   1 C    1     1.5828     2.9911   18 C    0 0 0
   1 C    1     1.5860     2.9972   11 C    1 0 0
   1 C    1     2.3191     4.3824    8 C    1 0 1
   1 C    1     2.3584     4.4568   19 C    1 0 0

   3 C    1     1.4930     2.8213   20 C    0 1 0
   3 C    1     1.5308     2.8928   10 C    0 1 0
   3 C    1     1.5623     2.9524   22 C    0 0 0
   3 C    1     1.6223     3.0657   12 C    0 0 0
   3 C    1     2.2315     4.2169   16 C    0 1 0
   3 C    1     2.3324     4.4076   14 C    0 1 0

   5 C    1     1.4575     2.7543   14 C    0 0 0
   5 C    1     1.4914     2.8182   19 C    0 0 0
   5 C    1     1.4936     2.8225   15 C    0 0 0
   5 C    1     1.5370     2.9046   22 C    0-1 0
   5 C    1     2.3556     4.4514    4 C    0-1 0
   5 C    1     2.3857     4.5083   21 C    0-1 0

   7 C    1     1.3386     2.5296   24 C    0 0 1
   7 C    1     1.4360     2.7137   14 C    0 0 0
   7 C    1     1.5419     2.9137   18 C    0 0 0
   7 C    1     2.1929     4.1439   10 C    0 0 0
   7 C    1     2.3191     4.3824    2 C    1 0 1
   7 C    1     2.3999     4.5352    1 C    0 0 0

   9 C    1     1.5308     2.8928    4 C    0-1 0
   9 C    1     1.5795     2.9848    2 C    0 0 0
   9 C    1     1.6631     3.1428   13 C    0 0 0
   9 C    1     1.6644     3.1453   17 C    0-1 0
   9 C    1     2.1929     4.1439    8 C    0 0 0
   9 C    1     2.3417     4.4251   21 C    0-1 0

  11 C    1     1.5303     2.8919   19 C    0 0 0
  11 C    1     1.5860     2.9972    1 C   -1 0 0
  11 C    1     1.6223     3.0657    4 C    0 0 0
  11 C    1     1.6435     3.1057   15 C    0 1 0
  11 C    1     2.1601     4.0820   19 C    0 1 0
  11 C    1     2.1849     4.1288   23 C    0 0 0

  13 C    1     1.4360     2.7137    8 C    0 0 0
  13 C    1     1.4575     2.7543    6 C    0 0 0
  13 C    1     1.6139     3.0497   21 C    0 0 0
  13 C    1     1.6631     3.1428    9 C    0 0 0
  13 C    1     2.3257     4.3949   17 C    0 0 0
  13 C    1     2.3324     4.4076    4 C    0-1 0

  15 C    1     1.4730     2.7836   19 C    0 0 0
  15 C    1     1.4936     2.8225    5 C    0 0 0
  15 C    1     1.5329     2.8967   23 C    0 0 0
  15 C    1     1.6435     3.1057   11 C    0-1 0
  15 C    1     2.2315     4.2169    4 C    0-1 0
  15 C    1     2.4020     4.5390    1 C   -1 0 0

  17 C    1     1.5419     2.9137    8 C    0 0 0
  17 C    1     1.5828     2.9911    2 C    0 0 0
  17 C    1     1.6644     3.1453    9 C    0 1 0
  17 C    1     1.6666     3.1493   18 C   -1 0-1
  17 C    1     2.3257     4.3949   13 C    0 0 0
  17 C    1     2.4394     4.6099    9 C    0 0 0

  19 C    1     1.4730     2.7836   15 C    0 0 0
  19 C    1     1.4914     2.8182    5 C    0 0 0
  19 C    1     1.4930     2.8213    4 C    0-1 0
  19 C    1     1.5303     2.8919   11 C    0 0 0
  19 C    1     2.1601     4.0820   11 C    0-1 0
  19 C    1     2.2679     4.2857   23 C    0 0 0

  21 C    1     1.5370     2.9046    6 C    0 1 0
  21 C    1     1.5623     2.9524    4 C    0 0 0
  21 C    1     1.6139     3.0497   13 C    0 0 0
  21 C    1     1.6354     3.0905   22 C    0 0 0
  21 C    1     2.3417     4.4251    9 C    0 1 0
  21 C    1     2.3689     4.4765   13 C    0 1 0

  23 C    1     1.3386     2.5296    8 C    0 0 1
  23 C    1     1.5064     2.8466    1 C   -1 0 0
  23 C    1     1.5329     2.8967   15 C    0 0 0
  23 C    1     2.1849     4.1288   11 C    0 0 0
  23 C    1     2.2679     4.2857   19 C    0 0 0
  23 C    1     2.4433     4.6172   17 C    0 0 1

 TTTTTTTTTTTTTTTTTTTTTTTTTTTTTT AFTER FIRST TELAPSE     3289.23 TCPU     3261.39
 MMMMMMMMMMMMMMMMMMMMMMMMMMMMMMMMMMMMMMMMMMMMMMMMMMMMMMMMMMMMMMMMMMMMMMMMMMMMMMM
     ALPHA+BETA ELECTRONS
 MULLIKEN POPULATION ANALYSIS - NO. OF ELECTRONS  144.000000

  ATOM    Z CHARGE  A.O. POPULATION

   1 C    6  6.008  0.854  1.120  0.759  0.456  0.442  0.425  0.432 -0.007
                   -0.009 -0.012  0.477  0.506  0.520  0.005  0.012  0.008
                    0.006  0.013
   2 C    6  6.008  0.854  1.120  0.759  0.456  0.442  0.425  0.432 -0.007
                   -0.009 -0.012  0.477  0.506  0.520  0.005  0.012  0.008
                    0.006  0.013
   3 C    6  6.002  0.854  1.120  0.754  0.450  0.436  0.436  0.440 -0.015
                   -0.002 -0.005  0.538  0.485  0.465  0.009  0.008  0.015
                    0.007  0.008
   4 C    6  6.002  0.854  1.120  0.754  0.450  0.436  0.436  0.440 -0.015
                   -0.002 -0.005  0.538  0.485  0.465  0.009  0.008  0.015
                    0.007  0.008
   5 C    6  5.955  0.853  1.121  0.753  0.411  0.441  0.463  0.464  0.021
                    0.002 -0.018  0.373  0.480  0.541  0.006  0.011  0.008
                    0.012  0.014
   6 C    6  5.955  0.853  1.121  0.753  0.411  0.441  0.463  0.464  0.021
                    0.002 -0.018  0.373  0.480  0.541  0.006  0.011  0.008
                    0.012  0.014
   7 C    6  5.958  0.854  1.120  0.766  0.411  0.424  0.439  0.498 -0.023
                   -0.014 -0.003  0.523  0.511  0.410  0.012  0.009  0.011
                    0.005  0.006
   8 C    6  5.958  0.854  1.120  0.766  0.411  0.424  0.439  0.498 -0.023
                   -0.014 -0.003  0.523  0.511  0.410  0.012  0.009  0.011
                    0.005  0.006
   9 C    6  5.971  0.854  1.120  0.768  0.481  0.415  0.410  0.421 -0.012
                   -0.010 -0.001  0.497  0.504  0.481  0.009  0.005  0.011
                    0.005  0.011
  10 C    6  5.971  0.854  1.120  0.768  0.481  0.415  0.410  0.421 -0.012
                   -0.010 -0.001  0.497  0.504  0.481  0.009  0.005  0.011
                    0.005  0.011
  11 C    6  5.934  0.854  1.120  0.766  0.480  0.423  0.421  0.398 -0.010
                    0.006 -0.002  0.508  0.444  0.482  0.008  0.007  0.012
                    0.008  0.009
  12 C    6  5.934  0.854  1.120  0.766  0.480  0.423  0.421  0.398 -0.010
                    0.006 -0.002  0.508  0.444  0.482  0.008  0.007  0.012
                    0.008  0.009
  13 C    6  6.004  0.854  1.120  0.760  0.429  0.429  0.440  0.462 -0.004
                   -0.003 -0.003  0.487  0.496  0.489  0.011  0.007  0.011
                    0.007  0.012
  14 C    6  6.004  0.854  1.120  0.760  0.429  0.429  0.440  0.462 -0.004
                   -0.003 -0.003  0.487  0.496  0.489  0.011  0.007  0.011
                    0.007  0.012
  15 C    6  6.012  0.853  1.121  0.739  0.525  0.435  0.446  0.450  0.002
                   -0.003 -0.000  0.461  0.485  0.448  0.007  0.010  0.015
                    0.008  0.008
  16 C    6  6.012  0.853  1.121  0.739  0.525  0.435  0.446  0.450  0.002
                   -0.003 -0.000  0.461  0.485  0.448  0.007  0.010  0.015
                    0.008  0.008
  17 C    6  6.037  0.854  1.120  0.762  0.501  0.431  0.426  0.398 -0.012
                   -0.018 -0.006  0.503  0.536  0.504  0.008  0.008  0.010
                    0.005  0.009
  18 C    6  6.037  0.854  1.120  0.762  0.501  0.431  0.426  0.398 -0.012
                   -0.018 -0.006  0.503  0.536  0.504  0.008  0.008  0.010
                    0.005  0.009
  19 C    6  6.107  0.853  1.120  0.739  0.452  0.480  0.459  0.461 -0.017
                   -0.017 -0.016  0.527  0.514  0.500  0.010  0.009  0.015
                    0.008  0.011
  20 C    6  6.107  0.853  1.120  0.739  0.452  0.480  0.459  0.461 -0.017
                   -0.017 -0.016  0.527  0.514  0.500  0.010  0.009  0.015
                    0.008  0.011
  21 C    6  6.010  0.854  1.120  0.761  0.488  0.427  0.435  0.415 -0.009
                   -0.013 -0.010  0.478  0.517  0.504  0.006  0.009  0.010
                    0.008  0.009
  22 C    6  6.010  0.854  1.120  0.761  0.488  0.427  0.435  0.415 -0.009
                   -0.013 -0.010  0.478  0.517  0.504  0.006  0.009  0.010
                    0.008  0.009
  23 C    6  6.002  0.854  1.120  0.764  0.421  0.425  0.420  0.500 -0.019
                   -0.013 -0.022  0.509  0.502  0.499  0.009  0.011  0.011
                    0.004  0.007
  24 C    6  6.002  0.854  1.120  0.764  0.421  0.425  0.420  0.500 -0.019
                   -0.013 -0.022  0.509  0.502  0.499  0.009  0.011  0.011
                    0.004  0.007

  ATOM    Z CHARGE  SHELL POPULATION

   1 C    6  6.008  0.854  1.120  0.759  0.456  1.299 -0.027  1.502  0.045
   2 C    6  6.008  0.854  1.120  0.759  0.456  1.299 -0.027  1.502  0.045
   3 C    6  6.002  0.854  1.120  0.754  0.450  1.313 -0.022  1.487  0.046
   4 C    6  6.002  0.854  1.120  0.754  0.450  1.313 -0.022  1.487  0.046
   5 C    6  5.955  0.853  1.121  0.753  0.411  1.368  0.005  1.394  0.050
   6 C    6  5.955  0.853  1.121  0.753  0.411  1.368  0.005  1.394  0.050
   7 C    6  5.958  0.854  1.120  0.766  0.411  1.361 -0.040  1.444  0.044
   8 C    6  5.958  0.854  1.120  0.766  0.411  1.361 -0.040  1.444  0.044
   9 C    6  5.971  0.854  1.120  0.768  0.481  1.246 -0.023  1.483  0.041
  10 C    6  5.971  0.854  1.120  0.768  0.481  1.246 -0.023  1.483  0.041
  11 C    6  5.934  0.854  1.120  0.766  0.480  1.242 -0.006  1.433  0.044
  12 C    6  5.934  0.854  1.120  0.766  0.480  1.242 -0.006  1.433  0.044
  13 C    6  6.004  0.854  1.120  0.760  0.429  1.332 -0.010  1.472  0.047
  14 C    6  6.004  0.854  1.120  0.760  0.429  1.332 -0.010  1.472  0.047
  15 C    6  6.012  0.853  1.121  0.739  0.525  1.332 -0.001  1.395  0.048
  16 C    6  6.012  0.853  1.121  0.739  0.525  1.332 -0.001  1.395  0.048
  17 C    6  6.037  0.854  1.120  0.762  0.501  1.254 -0.037  1.543  0.039
  18 C    6  6.037  0.854  1.120  0.762  0.501  1.254 -0.037  1.543  0.039
  19 C    6  6.107  0.853  1.120  0.739  0.452  1.399 -0.050  1.541  0.053
  20 C    6  6.107  0.853  1.120  0.739  0.452  1.399 -0.050  1.541  0.053
  21 C    6  6.010  0.854  1.120  0.761  0.488  1.277 -0.031  1.499  0.043
  22 C    6  6.010  0.854  1.120  0.761  0.488  1.277 -0.031  1.499  0.043
  23 C    6  6.002  0.854  1.120  0.764  0.421  1.345 -0.055  1.510  0.042
  24 C    6  6.002  0.854  1.120  0.764  0.421  1.345 -0.055  1.510  0.042

 OVERLAP POPULATION CONDENSED TO ATOMS FOR FIRST   6 NEIGHBORS

 ATOM A   1 C    ATOM B     CELL      R(AB)/AU R(AB)/ANG    OVPOP(AB)
                 23 C    (  1  0  0)     2.847     1.506     0.311
                 10 C    (  0  0  0)     2.985     1.580     0.296
                 18 C    (  0  0  0)     2.991     1.583     0.320
                 11 C    (  1  0  0)     2.997     1.586     0.301
                  8 C    (  1  0  1)     4.382     2.319    -0.035
                 19 C    (  1  0  0)     4.457     2.358    -0.060

 ATOM A   3 C    ATOM B     CELL      R(AB)/AU R(AB)/ANG    OVPOP(AB)
                 20 C    (  0  1  0)     2.821     1.493     0.276
                 10 C    (  0  1  0)     2.893     1.531     0.286
                 22 C    (  0  0  0)     2.952     1.562     0.336
                 12 C    (  0  0  0)     3.066     1.622     0.264
                 16 C    (  0  1  0)     4.217     2.231    -0.060
                 14 C    (  0  1  0)     4.408     2.332    -0.037

 ATOM A   5 C    ATOM B     CELL      R(AB)/AU R(AB)/ANG    OVPOP(AB)
                 14 C    (  0  0  0)     2.754     1.458     0.275
                 19 C    (  0  0  0)     2.818     1.491     0.201
                 15 C    (  0  0  0)     2.823     1.494     0.243
                 22 C    (  0 -1  0)     2.905     1.537     0.269
                  4 C    (  0 -1  0)     4.451     2.356    -0.014
                 21 C    (  0 -1  0)     4.508     2.386    -0.049

 ATOM A   7 C    ATOM B     CELL      R(AB)/AU R(AB)/ANG    OVPOP(AB)
                 24 C    (  0  0  1)     2.530     1.339     0.550
                 14 C    (  0  0  0)     2.714     1.436     0.281
                 18 C    (  0  0  0)     2.914     1.542     0.344
                 10 C    (  0  0  0)     4.144     2.193    -0.051
                  2 C    (  1  0  1)     4.382     2.319    -0.035
                  1 C    (  0  0  0)     4.535     2.400    -0.038

 ATOM A   9 C    ATOM B     CELL      R(AB)/AU R(AB)/ANG    OVPOP(AB)
                  4 C    (  0 -1  0)     2.893     1.531     0.286
                  2 C    (  0  0  0)     2.985     1.580     0.296
                 13 C    (  0  0  0)     3.143     1.663     0.343
                 17 C    (  0 -1  0)     3.145     1.664     0.312
                  8 C    (  0  0  0)     4.144     2.193    -0.051
                 21 C    (  0 -1  0)     4.425     2.342    -0.036

 ATOM A  11 C    ATOM B     CELL      R(AB)/AU R(AB)/ANG    OVPOP(AB)
                 19 C    (  0  0  0)     2.892     1.530     0.298
                  1 C    ( -1  0  0)     2.997     1.586     0.301
                  4 C    (  0  0  0)     3.066     1.622     0.264
                 15 C    (  0  1  0)     3.106     1.643     0.311
                 19 C    (  0  1  0)     4.082     2.160    -0.091
                 23 C    (  0  0  0)     4.129     2.185    -0.065

 ATOM A  13 C    ATOM B     CELL      R(AB)/AU R(AB)/ANG    OVPOP(AB)
                  8 C    (  0  0  0)     2.714     1.436     0.281
                  6 C    (  0  0  0)     2.754     1.458     0.275
                 21 C    (  0  0  0)     3.050     1.614     0.278
                  9 C    (  0  0  0)     3.143     1.663     0.343
                 17 C    (  0  0  0)     4.395     2.326    -0.042
                  4 C    (  0 -1  0)     4.408     2.332    -0.037

 ATOM A  15 C    ATOM B     CELL      R(AB)/AU R(AB)/ANG    OVPOP(AB)
                 19 C    (  0  0  0)     2.784     1.473     0.203
                  5 C    (  0  0  0)     2.823     1.494     0.243
                 23 C    (  0  0  0)     2.897     1.533     0.345
                 11 C    (  0 -1  0)     3.106     1.643     0.311
                  4 C    (  0 -1  0)     4.217     2.231    -0.060
                  1 C    ( -1  0  0)     4.539     2.402    -0.049

 ATOM A  17 C    ATOM B     CELL      R(AB)/AU R(AB)/ANG    OVPOP(AB)
                  8 C    (  0  0  0)     2.914     1.542     0.344
                  2 C    (  0  0  0)     2.991     1.583     0.320
                  9 C    (  0  1  0)     3.145     1.664     0.312
                 18 C    ( -1  0 -1)     3.149     1.667     0.300
                 13 C    (  0  0  0)     4.395     2.326    -0.042
                  9 C    (  0  0  0)     4.610     2.439    -0.032

 ATOM A  19 C    ATOM B     CELL      R(AB)/AU R(AB)/ANG    OVPOP(AB)
                 15 C    (  0  0  0)     2.784     1.473     0.203
                  5 C    (  0  0  0)     2.818     1.491     0.201
                  4 C    (  0 -1  0)     2.821     1.493     0.276
                 11 C    (  0  0  0)     2.892     1.530     0.298
                 11 C    (  0 -1  0)     4.082     2.160    -0.091
                 23 C    (  0  0  0)     4.286     2.268    -0.044

 ATOM A  21 C    ATOM B     CELL      R(AB)/AU R(AB)/ANG    OVPOP(AB)
                  6 C    (  0  1  0)     2.905     1.537     0.269
                  4 C    (  0  0  0)     2.952     1.562     0.336
                 13 C    (  0  0  0)     3.050     1.614     0.278
                 22 C    (  0  0  0)     3.091     1.635     0.311
                  9 C    (  0  1  0)     4.425     2.342    -0.036
                 13 C    (  0  1  0)     4.477     2.369    -0.018

 ATOM A  23 C    ATOM B     CELL      R(AB)/AU R(AB)/ANG    OVPOP(AB)
                  8 C    (  0  0  1)     2.530     1.339     0.550
                  1 C    ( -1  0  0)     2.847     1.506     0.311
                 15 C    (  0  0  0)     2.897     1.533     0.345
                 11 C    (  0  0  0)     4.129     2.185    -0.065
                 19 C    (  0  0  0)     4.286     2.268    -0.044
                 17 C    (  0  0  1)     4.617     2.443    -0.026
 TTTTTTTTTTTTTTTTTTTTTTTTTTTTTT AFTER FIRST TELAPSE     3290.38 TCPU     3261.49
 MMMMMMMMMMMMMMMMMMMMMMMMMMMMMMMMMMMMMMMMMMMMMMMMMMMMMMMMMMMMMMMMMMMMMMMMMMMMMMM
     ALPHA-BETA ELECTRONS
 MULLIKEN POPULATION ANALYSIS - NO. OF ELECTRONS    0.000000

  ATOM    Z CHARGE  A.O. POPULATION

   1 C    6  0.000  0.000 -0.000  0.000  0.000 -0.000 -0.000 -0.000 -0.000
                   -0.000 -0.000  0.000  0.000  0.000  0.000  0.000 -0.000
                   -0.000 -0.000
   2 C    6  0.000  0.000 -0.000  0.000  0.000 -0.000 -0.000 -0.000 -0.000
                   -0.000 -0.000  0.000  0.000  0.000  0.000  0.000 -0.000
                   -0.000 -0.000
   3 C    6  0.000  0.000 -0.000  0.000  0.000 -0.000  0.000  0.000  0.000
                   -0.000 -0.000  0.000  0.000  0.000 -0.000  0.000  0.000
                    0.000 -0.000
   4 C    6  0.000  0.000 -0.000  0.000  0.000 -0.000  0.000  0.000  0.000
                   -0.000 -0.000  0.000  0.000  0.000 -0.000  0.000  0.000
                    0.000 -0.000
   5 C    6 -0.000  0.000  0.000  0.000 -0.000  0.000  0.000  0.000 -0.000
                   -0.000  0.000 -0.000  0.000 -0.000  0.000  0.000 -0.000
                   -0.000  0.000
   6 C    6 -0.000  0.000  0.000  0.000 -0.000  0.000  0.000  0.000 -0.000
                   -0.000  0.000 -0.000  0.000 -0.000  0.000  0.000 -0.000
                   -0.000  0.000
   7 C    6 -0.000 -0.000 -0.000  0.000  0.000 -0.000 -0.000 -0.000  0.000
                    0.000  0.000 -0.000 -0.000  0.000 -0.000 -0.000  0.000
                   -0.000  0.000
   8 C    6 -0.000 -0.000 -0.000  0.000  0.000 -0.000 -0.000 -0.000  0.000
                    0.000  0.000 -0.000 -0.000  0.000 -0.000 -0.000  0.000
                   -0.000  0.000
   9 C    6 -0.000  0.000 -0.000  0.000 -0.000  0.000 -0.000  0.000  0.000
                   -0.000  0.000 -0.000  0.000 -0.000  0.000  0.000  0.000
                   -0.000 -0.000
  10 C    6 -0.000  0.000 -0.000  0.000 -0.000  0.000 -0.000  0.000  0.000
                   -0.000  0.000 -0.000  0.000 -0.000  0.000  0.000  0.000
                   -0.000 -0.000
  11 C    6 -0.000 -0.000  0.000 -0.000 -0.000  0.000  0.000 -0.000  0.000
                   -0.000  0.000 -0.000  0.000 -0.000 -0.000  0.000 -0.000
                    0.000  0.000
  12 C    6 -0.000 -0.000  0.000 -0.000 -0.000  0.000  0.000 -0.000  0.000
                   -0.000  0.000 -0.000  0.000 -0.000 -0.000  0.000 -0.000
                    0.000  0.000
  13 C    6  0.000 -0.000 -0.000  0.000 -0.000  0.000 -0.000  0.000 -0.000
                   -0.000 -0.000 -0.000  0.000  0.000  0.000  0.000  0.000
                    0.000  0.000
  14 C    6  0.000 -0.000 -0.000  0.000 -0.000  0.000 -0.000  0.000 -0.000
                   -0.000 -0.000 -0.000  0.000  0.000  0.000  0.000  0.000
                    0.000  0.000
  15 C    6  0.000 -0.000  0.000 -0.000  0.000  0.000 -0.000 -0.000 -0.000
                    0.000  0.000  0.000 -0.000 -0.000  0.000  0.000  0.000
                   -0.000 -0.000
  16 C    6  0.000 -0.000  0.000 -0.000  0.000  0.000 -0.000 -0.000 -0.000
                    0.000  0.000  0.000 -0.000 -0.000  0.000  0.000  0.000
                   -0.000 -0.000
  17 C    6  0.000  0.000 -0.000 -0.000  0.000 -0.000 -0.000 -0.000  0.000
                   -0.000  0.000  0.000  0.000  0.000  0.000 -0.000 -0.000
                   -0.000  0.000
  18 C    6  0.000  0.000 -0.000 -0.000  0.000 -0.000 -0.000 -0.000  0.000
                   -0.000  0.000  0.000  0.000  0.000  0.000 -0.000 -0.000
                   -0.000  0.000
  19 C    6  0.000  0.000 -0.000 -0.000  0.000 -0.000  0.000  0.000  0.000
                   -0.000 -0.000  0.000  0.000 -0.000 -0.000 -0.000  0.000
                    0.000 -0.000
  20 C    6  0.000  0.000 -0.000 -0.000  0.000 -0.000  0.000  0.000  0.000
                   -0.000 -0.000  0.000  0.000 -0.000 -0.000 -0.000  0.000
                    0.000 -0.000
  21 C    6 -0.000 -0.000 -0.000  0.000 -0.000  0.000  0.000  0.000 -0.000
                    0.000 -0.000  0.000 -0.000  0.000 -0.000 -0.000  0.000
                   -0.000 -0.000
  22 C    6 -0.000 -0.000 -0.000  0.000 -0.000  0.000  0.000  0.000 -0.000
                    0.000 -0.000  0.000 -0.000  0.000 -0.000 -0.000  0.000
                   -0.000 -0.000
  23 C    6 -0.000 -0.000  0.000 -0.000 -0.000  0.000  0.000  0.000 -0.000
                   -0.000 -0.000 -0.000 -0.000  0.000 -0.000 -0.000  0.000
                   -0.000 -0.000
  24 C    6 -0.000 -0.000  0.000 -0.000 -0.000  0.000  0.000  0.000 -0.000
                   -0.000 -0.000 -0.000 -0.000  0.000 -0.000 -0.000  0.000
                   -0.000 -0.000

  ATOM    Z CHARGE  SHELL POPULATION

   1 C    6  0.000  0.000 -0.000  0.000  0.000 -0.000 -0.000  0.000 -0.000
   2 C    6  0.000  0.000 -0.000  0.000  0.000 -0.000 -0.000  0.000 -0.000
   3 C    6  0.000  0.000 -0.000  0.000  0.000  0.000 -0.000  0.000  0.000
   4 C    6  0.000  0.000 -0.000  0.000  0.000  0.000 -0.000  0.000  0.000
   5 C    6 -0.000  0.000  0.000  0.000 -0.000  0.000 -0.000 -0.000 -0.000
   6 C    6 -0.000  0.000  0.000  0.000 -0.000  0.000 -0.000 -0.000 -0.000
   7 C    6 -0.000 -0.000 -0.000  0.000  0.000 -0.000  0.000 -0.000 -0.000
   8 C    6 -0.000 -0.000 -0.000  0.000  0.000 -0.000  0.000 -0.000 -0.000
   9 C    6 -0.000  0.000 -0.000  0.000 -0.000  0.000  0.000 -0.000 -0.000
  10 C    6 -0.000  0.000 -0.000  0.000 -0.000  0.000  0.000 -0.000 -0.000
  11 C    6 -0.000 -0.000  0.000 -0.000 -0.000  0.000  0.000 -0.000  0.000
  12 C    6 -0.000 -0.000  0.000 -0.000 -0.000  0.000  0.000 -0.000  0.000
  13 C    6  0.000 -0.000 -0.000  0.000 -0.000  0.000 -0.000  0.000  0.000
  14 C    6  0.000 -0.000 -0.000  0.000 -0.000  0.000 -0.000  0.000  0.000
  15 C    6  0.000 -0.000  0.000 -0.000  0.000 -0.000  0.000 -0.000  0.000
  16 C    6  0.000 -0.000  0.000 -0.000  0.000 -0.000  0.000 -0.000  0.000
  17 C    6  0.000  0.000 -0.000 -0.000  0.000 -0.000 -0.000  0.000 -0.000
  18 C    6  0.000  0.000 -0.000 -0.000  0.000 -0.000 -0.000  0.000 -0.000
  19 C    6  0.000  0.000 -0.000 -0.000  0.000  0.000 -0.000  0.000 -0.000
  20 C    6  0.000  0.000 -0.000 -0.000  0.000  0.000 -0.000  0.000 -0.000
  21 C    6 -0.000 -0.000 -0.000  0.000 -0.000  0.000 -0.000  0.000 -0.000
  22 C    6 -0.000 -0.000 -0.000  0.000 -0.000  0.000 -0.000  0.000 -0.000
  23 C    6 -0.000 -0.000  0.000 -0.000 -0.000  0.000 -0.000 -0.000 -0.000
  24 C    6 -0.000 -0.000  0.000 -0.000 -0.000  0.000 -0.000 -0.000 -0.000

 OVERLAP POPULATION CONDENSED TO ATOMS FOR FIRST   6 NEIGHBORS

 ATOM A   1 C    ATOM B     CELL      R(AB)/AU R(AB)/ANG    OVPOP(AB)
                 23 C    (  1  0  0)     2.847     1.506    -0.000
                 10 C    (  0  0  0)     2.985     1.580     0.000
                 18 C    (  0  0  0)     2.991     1.583     0.000
                 11 C    (  1  0  0)     2.997     1.586    -0.000
                  8 C    (  1  0  1)     4.382     2.319     0.000
                 19 C    (  1  0  0)     4.457     2.358    -0.000

 ATOM A   3 C    ATOM B     CELL      R(AB)/AU R(AB)/ANG    OVPOP(AB)
                 20 C    (  0  1  0)     2.821     1.493    -0.000
                 10 C    (  0  1  0)     2.893     1.531    -0.000
                 22 C    (  0  0  0)     2.952     1.562    -0.000
                 12 C    (  0  0  0)     3.066     1.622     0.000
                 16 C    (  0  1  0)     4.217     2.231     0.000
                 14 C    (  0  1  0)     4.408     2.332    -0.000

 ATOM A   5 C    ATOM B     CELL      R(AB)/AU R(AB)/ANG    OVPOP(AB)
                 14 C    (  0  0  0)     2.754     1.458     0.000
                 19 C    (  0  0  0)     2.818     1.491    -0.000
                 15 C    (  0  0  0)     2.823     1.494    -0.000
                 22 C    (  0 -1  0)     2.905     1.537    -0.000
                  4 C    (  0 -1  0)     4.451     2.356    -0.000
                 21 C    (  0 -1  0)     4.508     2.386     0.000

 ATOM A   7 C    ATOM B     CELL      R(AB)/AU R(AB)/ANG    OVPOP(AB)
                 24 C    (  0  0  1)     2.530     1.339    -0.000
                 14 C    (  0  0  0)     2.714     1.436     0.000
                 18 C    (  0  0  0)     2.914     1.542    -0.000
                 10 C    (  0  0  0)     4.144     2.193     0.000
                  2 C    (  1  0  1)     4.382     2.319     0.000
                  1 C    (  0  0  0)     4.535     2.400    -0.000

 ATOM A   9 C    ATOM B     CELL      R(AB)/AU R(AB)/ANG    OVPOP(AB)
                  4 C    (  0 -1  0)     2.893     1.531    -0.000
                  2 C    (  0  0  0)     2.985     1.580     0.000
                 13 C    (  0  0  0)     3.143     1.663     0.000
                 17 C    (  0 -1  0)     3.145     1.664    -0.000
                  8 C    (  0  0  0)     4.144     2.193     0.000
                 21 C    (  0 -1  0)     4.425     2.342     0.000

 ATOM A  11 C    ATOM B     CELL      R(AB)/AU R(AB)/ANG    OVPOP(AB)
                 19 C    (  0  0  0)     2.892     1.530    -0.000
                  1 C    ( -1  0  0)     2.997     1.586    -0.000
                  4 C    (  0  0  0)     3.066     1.622     0.000
                 15 C    (  0  1  0)     3.106     1.643    -0.000
                 19 C    (  0  1  0)     4.082     2.160     0.000
                 23 C    (  0  0  0)     4.129     2.185     0.000

 ATOM A  13 C    ATOM B     CELL      R(AB)/AU R(AB)/ANG    OVPOP(AB)
                  8 C    (  0  0  0)     2.714     1.436     0.000
                  6 C    (  0  0  0)     2.754     1.458     0.000
                 21 C    (  0  0  0)     3.050     1.614     0.000
                  9 C    (  0  0  0)     3.143     1.663     0.000
                 17 C    (  0  0  0)     4.395     2.326    -0.000
                  4 C    (  0 -1  0)     4.408     2.332    -0.000

 ATOM A  15 C    ATOM B     CELL      R(AB)/AU R(AB)/ANG    OVPOP(AB)
                 19 C    (  0  0  0)     2.784     1.473    -0.000
                  5 C    (  0  0  0)     2.823     1.494    -0.000
                 23 C    (  0  0  0)     2.897     1.533    -0.000
                 11 C    (  0 -1  0)     3.106     1.643    -0.000
                  4 C    (  0 -1  0)     4.217     2.231     0.000
                  1 C    ( -1  0  0)     4.539     2.402    -0.000

 ATOM A  17 C    ATOM B     CELL      R(AB)/AU R(AB)/ANG    OVPOP(AB)
                  8 C    (  0  0  0)     2.914     1.542    -0.000
                  2 C    (  0  0  0)     2.991     1.583     0.000
                  9 C    (  0  1  0)     3.145     1.664    -0.000
                 18 C    ( -1  0 -1)     3.149     1.667    -0.000
                 13 C    (  0  0  0)     4.395     2.326    -0.000
                  9 C    (  0  0  0)     4.610     2.439     0.000

 ATOM A  19 C    ATOM B     CELL      R(AB)/AU R(AB)/ANG    OVPOP(AB)
                 15 C    (  0  0  0)     2.784     1.473    -0.000
                  5 C    (  0  0  0)     2.818     1.491    -0.000
                  4 C    (  0 -1  0)     2.821     1.493    -0.000
                 11 C    (  0  0  0)     2.892     1.530    -0.000
                 11 C    (  0 -1  0)     4.082     2.160     0.000
                 23 C    (  0  0  0)     4.286     2.268    -0.000

 ATOM A  21 C    ATOM B     CELL      R(AB)/AU R(AB)/ANG    OVPOP(AB)
                  6 C    (  0  1  0)     2.905     1.537    -0.000
                  4 C    (  0  0  0)     2.952     1.562    -0.000
                 13 C    (  0  0  0)     3.050     1.614     0.000
                 22 C    (  0  0  0)     3.091     1.635    -0.000
                  9 C    (  0  1  0)     4.425     2.342     0.000
                 13 C    (  0  1  0)     4.477     2.369     0.000

 ATOM A  23 C    ATOM B     CELL      R(AB)/AU R(AB)/ANG    OVPOP(AB)
                  8 C    (  0  0  1)     2.530     1.339    -0.000
                  1 C    ( -1  0  0)     2.847     1.506    -0.000
                 15 C    (  0  0  0)     2.897     1.533    -0.000
                 11 C    (  0  0  0)     4.129     2.185     0.000
                 19 C    (  0  0  0)     4.286     2.268    -0.000
                 17 C    (  0  0  1)     4.617     2.443    -0.000
 EIGENVECTORS IN FORTRAN UNIT  8
 TTTTTTTTTTTTTTTTTTTTTTTTTTTTTT END         TELAPSE     3292.45 TCPU     3263.43
 EEEEEEEEEE TERMINATION  DATE 30 01 2026 TIME 23:16:11.2
NODE    0 CPU TIME =      3263.429
NODE    1 CPU TIME =      3264.527
NODE    2 CPU TIME =      3264.699
NODE    3 CPU TIME =      3269.776
NODE    4 CPU TIME =      3267.979
NODE    5 CPU TIME =      3267.391
NODE    6 CPU TIME =      3264.437
NODE    7 CPU TIME =      3264.139
NODE    8 CPU TIME =      3263.340
NODE    9 CPU TIME =      3263.832
NODE   10 CPU TIME =      3268.587
NODE   11 CPU TIME =      3263.881
NODE   12 CPU TIME =      3268.010
NODE   13 CPU TIME =      3262.051
NODE   14 CPU TIME =      3262.412
NODE   15 CPU TIME =      3261.397
NODE   16 CPU TIME =      3262.120
NODE   17 CPU TIME =      3264.594
NODE   18 CPU TIME =      3267.959
NODE   19 CPU TIME =      3269.805
NODE   20 CPU TIME =      3268.266
NODE   21 CPU TIME =      3264.534
NODE   22 CPU TIME =      3261.784
NODE   23 CPU TIME =      3268.532
NODE   24 CPU TIME =      3269.152
NODE   25 CPU TIME =      3260.833
NODE   26 CPU TIME =      3261.444
NODE   27 CPU TIME =      3267.757
NODE   28 CPU TIME =      3264.509
NODE   29 CPU TIME =      3273.595
NODE   30 CPU TIME =      3269.196
NODE   31 CPU TIME =      3263.918
    TOTAL CPU TIME =    104497.888
