MPI startup(): Warning: I_MPI_PMI_LIBRARY will be ignored since the hydra process manager was found
MPI startup(): Warning: I_MPI_PMI_LIBRARY will be ignored since the hydra process manager was found
MPI startup(): Warning: I_MPI_PMI_LIBRARY will be ignored since the hydra process manager was found
MPI startup(): Warning: I_MPI_PMI_LIBRARY will be ignored since the hydra process manager was found
MPI startup(): Warning: I_MPI_PMI_LIBRARY will be ignored since the hydra process manager was found
MPI startup(): Warning: I_MPI_PMI_LIBRARY will be ignored since the hydra process manager was found
MPI startup(): Warning: I_MPI_PMI_LIBRARY will be ignored since the hydra process manager was found
MPI startup(): Warning: I_MPI_PMI_LIBRARY will be ignored since the hydra process manager was found
MPI startup(): Warning: I_MPI_PMI_LIBRARY will be ignored since the hydra process manager was found
MPI startup(): Warning: I_MPI_PMI_LIBRARY will be ignored since the hydra process manager was found
MPI startup(): Warning: I_MPI_PMI_LIBRARY will be ignored since the hydra process manager was found
MPI startup(): Warning: I_MPI_PMI_LIBRARY will be ignored since the hydra process manager was found
MPI startup(): Warning: I_MPI_PMI_LIBRARY will be ignored since the hydra process manager was found
MPI startup(): Warning: I_MPI_PMI_LIBRARY will be ignored since the hydra process manager was found
MPI startup(): Warning: I_MPI_PMI_LIBRARY will be ignored since the hydra process manager was found
MPI startup(): Warning: I_MPI_PMI_LIBRARY will be ignored since the hydra process manager was found
MPI startup(): Warning: I_MPI_PMI_LIBRARY will be ignored since the hydra process manager was found
MPI startup(): Warning: I_MPI_PMI_LIBRARY will be ignored since the hydra process manager was found
MPI startup(): Warning: I_MPI_PMI_LIBRARY will be ignored since the hydra process manager was found
MPI startup(): Warning: I_MPI_PMI_LIBRARY will be ignored since the hydra process manager was found
MPI startup(): Warning: I_MPI_PMI_LIBRARY will be ignored since the hydra process manager was found
MPI startup(): Warning: I_MPI_PMI_LIBRARY will be ignored since the hydra process manager was found
MPI startup(): Warning: I_MPI_PMI_LIBRARY will be ignored since the hydra process manager was found
MPI startup(): Warning: I_MPI_PMI_LIBRARY will be ignored since the hydra process manager was found
MPI startup(): Warning: I_MPI_PMI_LIBRARY will be ignored since the hydra process manager was found
MPI startup(): Warning: I_MPI_PMI_LIBRARY will be ignored since the hydra process manager was found
MPI startup(): Warning: I_MPI_PMI_LIBRARY will be ignored since the hydra process manager was found
MPI startup(): Warning: I_MPI_PMI_LIBRARY will be ignored since the hydra process manager was found
MPI startup(): Warning: I_MPI_PMI_LIBRARY will be ignored since the hydra process manager was found
MPI startup(): Warning: I_MPI_PMI_LIBRARY will be ignored since the hydra process manager was found
MPI startup(): Warning: I_MPI_PMI_LIBRARY will be ignored since the hydra process manager was found
MPI startup(): Warning: I_MPI_PMI_LIBRARY will be ignored since the hydra process manager was found
 PROCESS           16  OF           32  WORKING
 PROCESS           21  OF           32  WORKING
 PROCESS           22  OF           32  WORKING
 PROCESS           27  OF           32  WORKING
 PROCESS           14  OF           32  WORKING
 PROCESS           29  OF           32  WORKING
 PROCESS            3  OF           32  WORKING
 PROCESS           23  OF           32  WORKING
 PROCESS            4  OF           32  WORKING
 PROCESS            0  OF           32  WORKING
 PROCESS            2  OF           32  WORKING
 PROCESS            5  OF           32  WORKING
 PROCESS            7  OF           32  WORKING
 PROCESS            8  OF           32  WORKING
 PROCESS           10  OF           32  WORKING
 PROCESS           13  OF           32  WORKING
 PROCESS           15  OF           32  WORKING
 PROCESS           17  OF           32  WORKING
 PROCESS           20  OF           32  WORKING
 PROCESS           24  OF           32  WORKING

         
 *******************************************************************************
 *                                                                             *
 *                               CRYSTAL23                                     *
 *                      public : 1.0.1 - October 2022                          *
 *                       HTTP://WWW.CRYSTAL.UNITO.IT                           *
 *                                                                             *
 *                              MAIN AUTHORS                                   *
 *                                                                             *
 *  R. DOVESI(1,11), V.R. SAUNDERS(2), C. ROETTI(1,11), R. ORLANDO(1,11),      *
 *  C.M. ZICOVICH-WILSON(1,3), F. PASCALE(4), B. CIVALLERI(1,11),              *
 *  K. DOLL(5), N.M. HARRISON(6), I.J. BUSH(7), Ph. D'ARCO(8),                 *
 *  M. LLUNELL(9), M. CAUSA'(10), Y. NOEL(8), L. MASCHIO(1,11), A. ERBA(1,11)  *
 *  M. RE'RAT(14), S. CASASSA(1,11), B.G. SEARLE(2), J.K. DESMARAIS(1)         *
 *                                                                             *
 *        CONTRIBUTIONS TO THE CODE HAVE ALSO BEEN GIVEN BY                    *
 *                                                                             *
 *  M. FERRABONE(1,11), M. DE LA PIERRE(1,11), M. FERRERO(1,11),               *
 *  J. BAIMA(1,11), E. ALBANESE(1,11), M.F. PEINTINGER(12), R. BAST(13),       *
 *  B. KIRTMAN(15), V. LACIVITA(1,11), R. DEMICHELIS(1,16)                     *
 *  G. BRANDEBURG(17), S. SALUSTRO(1,11), G. SANSONE(1,11)                     *
 *  M.T. RUGGIERO(18), L.E. DAGA(1), L. DONA'(1), A. COSSARD(1)                *
 *                                                                             *
 * (1) THEORETICAL CHEMISTRY GROUP - UNIVERSITA' DI TORINO - TORINO (ITALY)    *
 * (2) SCIENTIFIC COMPUTING DEPARTMENT - STFC DARESBURY (UK)                   *
 * (3) UNIVERSIDAD AUTONOMA DEL ESTADO DE MORELOS - CUERNAVACA (MEXICO)        *
 * (4) UNIVERSITE' DE LORRAINE - NANCY (FRANCE)                                *
 * (5) UNIVERSITAET STUTTGART- STUTTGART (GERMANY)                             *
 * (6) IMPERIAL COLLEGE - LONDON (UK)                                          *
 * (7) SCIENTIFIC COMPUTING DEPARTMENT - STFC RAL (UK)                         *
 * (8) UPMC - SORBONNE UNIVERSITES - PARIS (FRANCE)                            *
 * (9) UNIVERSIDAD DE BARCELONA - BARCELONA (SPAIN)                            *
 *(10) UNIVERSITA' DI NAPOLI "FEDERICO II" - NAPOLI (ITALY)                    *
 *(11) NIS - NANOSTRUCTURED INTERFACES AND SURFACES - TORINO (ITALY)           *
 *(12) MPI FUER CHEMISCHE ENERGIEKONVERSION - MUELHEIM AN DER RUHR (GERMANY)   *
 *(13) UNIVERSITY OF TROMSO - TROMSO (NORWAY)                                  *
 *(14) UNIVERSITE' DE PAU ET DES PAYS DE L'ADOUR - PAU (FRANCE)                *
 *(15) UNIVERSITY OF CALIFORNIA SANTA BARBARA - SANTA BARBARA (USA)            *
 *(16) CURTIN UNIVERSITY - PERTH (AUSTRALIA)                                   *
 *(17) UNIVERSITY COLLEGE LONDON - LONDON (UK)                                 *
 *(18) UNIVERSITY OF VERMONT - BURLINGTON (USA)                                *
 *                                                                             *
 *******************************************************************************
 EEEEEEEEEE STARTING  DATE 30 01 2026 TIME 17:51:09.7
 ./3^2.4T192_rev1_sp_B3LYP-D3-D3_optimized                                       
 PROCESS           25  OF           32  WORKING
 PROCESS           28  OF           32  WORKING
 PROCESS           12  OF           32  WORKING
 PROCESS            6  OF           32  WORKING
 PROCESS           11  OF           32  WORKING
 PROCESS           30  OF           32  WORKING
 PROCESS            1  OF           32  WORKING
 PROCESS           18  OF           32  WORKING
 PROCESS           19  OF           32  WORKING
 PROCESS           26  OF           32  WORKING
 PROCESS           31  OF           32  WORKING
 PROCESS            9  OF           32  WORKING

 CRYSTAL CALCULATION
 (INPUT ACCORDING TO THE INTERNATIONAL TABLES FOR X-RAY CRYSTALLOGRAPHY)
 CRYSTAL FAMILY                       :  CUBIC       
 CRYSTAL CLASS  (GROTH - 1921)        :  CUBIC DYAKISDODECAHEDRAL             

 SPACE GROUP (CENTROSYMMETRIC)        :  F M 3           

 LATTICE PARAMETERS  (ANGSTROMS AND DEGREES) - CONVENTIONAL CELL
        A           B           C        ALPHA        BETA       GAMMA
    13.66905    13.66905    13.66905    90.00000    90.00000    90.00000


 NUMBER OF IRREDUCIBLE ATOMS IN THE CONVENTIONAL CELL:    3

 INPUT COORDINATES

 ATOM AT. N.              COORDINATES
   1   6    -1.669440810643E-01 -5.290678792403E-02  3.110825472799E-01
   2   6     2.789117047545E-01 -8.567272033039E-02 -1.037252317533E-01
   3   6     2.456404007189E-01  4.960197579720E-18 -5.078055778814E-02

 *******************************************************************************

 << INFORMATION >>: FROM NOW ON, ALL COORDINATES REFER TO THE PRIMITIVE CELL

 *******************************************************************************

 LATTICE PARAMETERS  (ANGSTROMS AND DEGREES) - PRIMITIVE CELL
       A          B          C        ALPHA      BETA     GAMMA        VOLUME
    9.66548    9.66548    9.66548    60.00000  60.00000  60.00000    638.491360

 COORDINATES OF THE EQUIVALENT ATOMS (FRACTIONAL UNITS)

 N. ATOM EQUIV AT. N.          X                  Y                  Z

   1   1   1    6 C     4.25119840420E-01  1.97045254140E-01  4.69066583732E-01
   2   1   2    6 C     1.97045254140E-01  4.25119840420E-01 -9.12316782916E-02
   3   1   3    6 C    -9.12316782916E-02  4.69066583732E-01  1.97045254140E-01
   4   1   4    6 C     4.69066583732E-01 -9.12316782916E-02  4.25119840420E-01
   5   1   5    6 C     4.69066583732E-01  4.25119840420E-01  1.97045254140E-01
   6   1   6    6 C     1.97045254140E-01  4.69066583732E-01  4.25119840420E-01
   7   1   7    6 C     4.25119840420E-01  4.69066583732E-01 -9.12316782916E-02
   8   1   8    6 C     4.25119840420E-01 -9.12316782916E-02  1.97045254140E-01
   9   1   9    6 C    -9.12316782916E-02  1.97045254140E-01  4.25119840420E-01
  10   1  10    6 C     4.69066583732E-01  1.97045254140E-01 -9.12316782916E-02
  11   1  11    6 C     1.97045254140E-01 -9.12316782916E-02  4.69066583732E-01
  12   1  12    6 C    -9.12316782916E-02  4.25119840420E-01  4.69066583732E-01
  13   1  13    6 C    -4.25119840420E-01 -1.97045254140E-01 -4.69066583732E-01
  14   1  14    6 C    -1.97045254140E-01 -4.25119840420E-01  9.12316782916E-02
  15   1  15    6 C     9.12316782916E-02 -4.69066583732E-01 -1.97045254140E-01
  16   1  16    6 C    -4.69066583732E-01  9.12316782916E-02 -4.25119840420E-01
  17   1  17    6 C    -4.69066583732E-01 -4.25119840420E-01 -1.97045254140E-01
  18   1  18    6 C    -1.97045254140E-01 -4.69066583732E-01 -4.25119840420E-01
  19   1  19    6 C    -4.25119840420E-01 -4.69066583732E-01  9.12316782916E-02
  20   1  20    6 C    -4.25119840420E-01  9.12316782916E-02 -1.97045254140E-01
  21   1  21    6 C     9.12316782916E-02 -1.97045254140E-01 -4.25119840420E-01
  22   1  22    6 C    -4.69066583732E-01 -1.97045254140E-01  9.12316782916E-02
  23   1  23    6 C    -1.97045254140E-01  9.12316782916E-02 -4.69066583732E-01
  24   1  24    6 C     9.12316782916E-02 -4.25119840420E-01 -4.69066583732E-01

  25   2   1    6 C    -4.68309656838E-01  2.60859193332E-01  2.96964216177E-01
  26   2   2    6 C     2.60859193332E-01 -4.68309656838E-01 -8.95137526708E-02
  27   2   3    6 C    -8.95137526708E-02  2.96964216177E-01  2.60859193332E-01
  28   2   4    6 C     2.96964216177E-01 -8.95137526708E-02 -4.68309656838E-01
  29   2   5    6 C     2.96964216177E-01 -4.68309656838E-01  2.60859193332E-01
  30   2   6    6 C     2.60859193332E-01  2.96964216177E-01 -4.68309656838E-01
  31   2   7    6 C    -4.68309656838E-01  2.96964216177E-01 -8.95137526708E-02
  32   2   8    6 C    -4.68309656838E-01 -8.95137526708E-02  2.60859193332E-01
  33   2   9    6 C    -8.95137526708E-02  2.60859193332E-01 -4.68309656838E-01
  34   2  10    6 C     2.96964216177E-01  2.60859193332E-01 -8.95137526708E-02
  35   2  11    6 C     2.60859193332E-01 -8.95137526708E-02  2.96964216177E-01
  36   2  12    6 C    -8.95137526708E-02 -4.68309656838E-01  2.96964216177E-01
  37   2  13    6 C     4.68309656838E-01 -2.60859193332E-01 -2.96964216177E-01
  38   2  14    6 C    -2.60859193332E-01  4.68309656838E-01  8.95137526708E-02
  39   2  15    6 C     8.95137526708E-02 -2.96964216177E-01 -2.60859193332E-01
  40   2  16    6 C    -2.96964216177E-01  8.95137526708E-02  4.68309656838E-01
  41   2  17    6 C    -2.96964216177E-01  4.68309656838E-01 -2.60859193332E-01
  42   2  18    6 C    -2.60859193332E-01 -2.96964216177E-01  4.68309656838E-01
  43   2  19    6 C     4.68309656838E-01 -2.96964216177E-01  8.95137526708E-02
  44   2  20    6 C     4.68309656838E-01  8.95137526708E-02 -2.60859193332E-01
  45   2  21    6 C     8.95137526708E-02 -2.60859193332E-01  4.68309656838E-01
  46   2  22    6 C    -2.96964216177E-01 -2.60859193332E-01  8.95137526708E-02
  47   2  23    6 C    -2.60859193332E-01  8.95137526708E-02 -2.96964216177E-01
  48   2  24    6 C     8.95137526708E-02  4.68309656838E-01 -2.96964216177E-01

  49   3   1    6 C    -2.96420958507E-01  1.94859842931E-01  2.96420958507E-01
  50   3   2    6 C     1.94859842931E-01 -2.96420958507E-01 -1.94859842931E-01
  51   3   3    6 C    -1.94859842931E-01  2.96420958507E-01  1.94859842931E-01
  52   3   4    6 C     2.96420958507E-01 -1.94859842931E-01 -2.96420958507E-01
  53   3   5    6 C     2.96420958507E-01 -2.96420958507E-01  1.94859842931E-01
  54   3   6    6 C     1.94859842931E-01  2.96420958507E-01 -2.96420958507E-01
  55   3   7    6 C    -2.96420958507E-01  2.96420958507E-01 -1.94859842931E-01
  56   3   8    6 C    -2.96420958507E-01 -1.94859842931E-01  1.94859842931E-01
  57   3   9    6 C    -1.94859842931E-01  1.94859842931E-01 -2.96420958507E-01
  58   3  10    6 C     2.96420958507E-01  1.94859842931E-01 -1.94859842931E-01
  59   3  11    6 C     1.94859842931E-01 -1.94859842931E-01  2.96420958507E-01
  60   3  12    6 C    -1.94859842931E-01 -2.96420958507E-01  2.96420958507E-01

 NUMBER OF SYMMETRY OPERATORS         :   24
 *******************************************************************************
 * GEOMETRY EDITING - INPUT COORDINATES ARE GIVEN IN ANGSTROM         
 *******************************************************************************

 GEOMETRY NOW FULLY CONSISTENT WITH THE GROUP

 GCALCO - MAX INDICES DIRECT LATTICE VECTOR    14    14    14
 NO.OF VECTORS CREATED 6999 STARS  105 RMAX   193.29972 BOHR

 GEOMETRY FOR WAVE FUNCTION - DIMENSIONALITY OF THE SYSTEM    3
 (NON PERIODIC DIRECTION: LATTICE PARAMETER FORMALLY SET TO 500)
 *******************************************************************************
 LATTICE PARAMETERS (ANGSTROMS AND DEGREES) - BOHR = 0.5291772083 ANGSTROM
 PRIMITIVE CELL - CENTRING CODE 5/0 VOLUME=   638.491360 - DENSITY  1.873 g/cm^3
         A              B              C           ALPHA      BETA       GAMMA 
     9.66547810     9.66547810     9.66547810    60.000000  60.000000  60.000000
 *******************************************************************************
 ATOMS IN THE ASYMMETRIC UNIT    3 - ATOMS IN THE UNIT CELL:   60
     ATOM                 X/A                 Y/B                 Z/C    
 *******************************************************************************
      1 T   6 C     4.251198404202E-01  1.970452541396E-01  4.690665837318E-01
      2 F   6 C     1.970452541396E-01  4.251198404202E-01 -9.123167829157E-02
      3 F   6 C    -9.123167829157E-02  4.690665837318E-01  1.970452541396E-01
      4 F   6 C     4.690665837318E-01 -9.123167829157E-02  4.251198404202E-01
      5 F   6 C     4.690665837318E-01  4.251198404202E-01  1.970452541396E-01
      6 F   6 C     1.970452541396E-01  4.690665837318E-01  4.251198404202E-01
      7 F   6 C     4.251198404202E-01  4.690665837318E-01 -9.123167829157E-02
      8 F   6 C     4.251198404202E-01 -9.123167829157E-02  1.970452541396E-01
      9 F   6 C    -9.123167829157E-02  1.970452541396E-01  4.251198404202E-01
     10 F   6 C     4.690665837318E-01  1.970452541396E-01 -9.123167829157E-02
     11 F   6 C     1.970452541396E-01 -9.123167829157E-02  4.690665837318E-01
     12 F   6 C    -9.123167829157E-02  4.251198404202E-01  4.690665837318E-01
     13 F   6 C    -4.251198404202E-01 -1.970452541396E-01 -4.690665837318E-01
     14 F   6 C    -1.970452541396E-01 -4.251198404202E-01  9.123167829157E-02
     15 F   6 C     9.123167829157E-02 -4.690665837318E-01 -1.970452541396E-01
     16 F   6 C    -4.690665837318E-01  9.123167829157E-02 -4.251198404202E-01
     17 F   6 C    -4.690665837318E-01 -4.251198404202E-01 -1.970452541396E-01
     18 F   6 C    -1.970452541396E-01 -4.690665837318E-01 -4.251198404202E-01
     19 F   6 C    -4.251198404202E-01 -4.690665837318E-01  9.123167829157E-02
     20 F   6 C    -4.251198404202E-01  9.123167829157E-02 -1.970452541396E-01
     21 F   6 C     9.123167829157E-02 -1.970452541396E-01 -4.251198404202E-01
     22 F   6 C    -4.690665837318E-01 -1.970452541396E-01  9.123167829157E-02
     23 F   6 C    -1.970452541396E-01  9.123167829157E-02 -4.690665837318E-01
     24 F   6 C     9.123167829157E-02 -4.251198404202E-01 -4.690665837318E-01
     25 T   6 C    -4.683096568382E-01  2.608591933316E-01  2.969642161774E-01
     26 F   6 C     2.608591933316E-01 -4.683096568382E-01 -8.951375267081E-02
     27 F   6 C    -8.951375267081E-02  2.969642161774E-01  2.608591933316E-01
     28 F   6 C     2.969642161774E-01 -8.951375267081E-02 -4.683096568382E-01
     29 F   6 C     2.969642161774E-01 -4.683096568382E-01  2.608591933316E-01
     30 F   6 C     2.608591933316E-01  2.969642161774E-01 -4.683096568382E-01
     31 F   6 C    -4.683096568382E-01  2.969642161774E-01 -8.951375267081E-02
     32 F   6 C    -4.683096568382E-01 -8.951375267081E-02  2.608591933316E-01
     33 F   6 C    -8.951375267081E-02  2.608591933316E-01 -4.683096568382E-01
     34 F   6 C     2.969642161774E-01  2.608591933316E-01 -8.951375267081E-02
     35 F   6 C     2.608591933316E-01 -8.951375267081E-02  2.969642161774E-01
     36 F   6 C    -8.951375267081E-02 -4.683096568382E-01  2.969642161774E-01
     37 F   6 C     4.683096568382E-01 -2.608591933316E-01 -2.969642161774E-01
     38 F   6 C    -2.608591933316E-01  4.683096568382E-01  8.951375267081E-02
     39 F   6 C     8.951375267081E-02 -2.969642161774E-01 -2.608591933316E-01
     40 F   6 C    -2.969642161774E-01  8.951375267081E-02  4.683096568382E-01
     41 F   6 C    -2.969642161774E-01  4.683096568382E-01 -2.608591933316E-01
     42 F   6 C    -2.608591933316E-01 -2.969642161774E-01  4.683096568382E-01
     43 F   6 C     4.683096568382E-01 -2.969642161774E-01  8.951375267081E-02
     44 F   6 C     4.683096568382E-01  8.951375267081E-02 -2.608591933316E-01
     45 F   6 C     8.951375267081E-02 -2.608591933316E-01  4.683096568382E-01
     46 F   6 C    -2.969642161774E-01 -2.608591933316E-01  8.951375267081E-02
     47 F   6 C    -2.608591933316E-01  8.951375267081E-02 -2.969642161774E-01
     48 F   6 C     8.951375267081E-02  4.683096568382E-01 -2.969642161774E-01
     49 T   6 C    -2.964209585070E-01  1.948598429308E-01  2.964209585070E-01
     50 F   6 C     1.948598429308E-01 -2.964209585070E-01 -1.948598429308E-01
     51 F   6 C    -1.948598429308E-01  2.964209585070E-01  1.948598429308E-01
     52 F   6 C     2.964209585070E-01 -1.948598429308E-01 -2.964209585070E-01
     53 F   6 C     2.964209585070E-01 -2.964209585070E-01  1.948598429308E-01
     54 F   6 C     1.948598429308E-01  2.964209585070E-01 -2.964209585070E-01
     55 F   6 C    -2.964209585070E-01  2.964209585070E-01 -1.948598429308E-01
     56 F   6 C    -2.964209585070E-01 -1.948598429308E-01  1.948598429308E-01
     57 F   6 C    -1.948598429308E-01  1.948598429308E-01 -2.964209585070E-01
     58 F   6 C     2.964209585070E-01  1.948598429308E-01 -1.948598429308E-01
     59 F   6 C     1.948598429308E-01 -1.948598429308E-01  2.964209585070E-01
     60 F   6 C    -1.948598429308E-01 -2.964209585070E-01  2.964209585070E-01

 TRANSFORMATION MATRIX PRIMITIVE-CRYSTALLOGRAPHIC CELL
 -1.0000  1.0000  1.0000  1.0000 -1.0000  1.0000  1.0000  1.0000 -1.0000

 *******************************************************************************
 CRYSTALLOGRAPHIC CELL (VOLUME=       2553.96544136)
         A              B              C           ALPHA      BETA       GAMMA 
    13.66905021    13.66905021    13.66905021    90.000000  90.000000  90.000000

 COORDINATES IN THE CRYSTALLOGRAPHIC CELL
     ATOM                 X/A                 Y/B                 Z/C    
 *******************************************************************************
      1 T   6 C    -1.669440810643E-01 -5.290678792403E-02  3.110825472799E-01
      2 F   6 C     1.669440810643E-01  5.290678792403E-02  3.110825472799E-01
      3 F   6 C    -1.669440810643E-01  5.290678792403E-02 -3.110825472799E-01
      4 F   6 C     1.669440810643E-01 -5.290678792403E-02 -3.110825472799E-01
      5 F   6 C     3.110825472799E-01 -1.669440810643E-01 -5.290678792403E-02
      6 F   6 C    -5.290678792403E-02  3.110825472799E-01 -1.669440810643E-01
      7 F   6 C    -3.110825472799E-01  1.669440810643E-01 -5.290678792403E-02
      8 F   6 C     5.290678792403E-02  3.110825472799E-01  1.669440810643E-01
      9 F   6 C     3.110825472799E-01  1.669440810643E-01  5.290678792403E-02
     10 F   6 C     5.290678792403E-02 -3.110825472799E-01 -1.669440810643E-01
     11 F   6 C    -3.110825472799E-01 -1.669440810643E-01  5.290678792403E-02
     12 F   6 C    -5.290678792403E-02 -3.110825472799E-01  1.669440810643E-01
     13 F   6 C     1.669440810643E-01  5.290678792403E-02 -3.110825472799E-01
     14 F   6 C    -1.669440810643E-01 -5.290678792403E-02 -3.110825472799E-01
     15 F   6 C     1.669440810643E-01 -5.290678792403E-02  3.110825472799E-01
     16 F   6 C    -1.669440810643E-01  5.290678792403E-02  3.110825472799E-01
     17 F   6 C    -3.110825472799E-01  1.669440810643E-01  5.290678792403E-02
     18 F   6 C     5.290678792403E-02 -3.110825472799E-01  1.669440810643E-01
     19 F   6 C     3.110825472799E-01 -1.669440810643E-01  5.290678792403E-02
     20 F   6 C    -5.290678792403E-02 -3.110825472799E-01 -1.669440810643E-01
     21 F   6 C    -3.110825472799E-01 -1.669440810643E-01 -5.290678792403E-02
     22 F   6 C    -5.290678792403E-02  3.110825472799E-01  1.669440810643E-01
     23 F   6 C     3.110825472799E-01  1.669440810643E-01 -5.290678792403E-02
     24 F   6 C     5.290678792403E-02  3.110825472799E-01 -1.669440810643E-01
     25 T   6 C     2.789117047545E-01 -8.567272033039E-02 -1.037252317533E-01
     26 F   6 C    -2.789117047545E-01  8.567272033039E-02 -1.037252317533E-01
     27 F   6 C     2.789117047545E-01  8.567272033039E-02  1.037252317533E-01
     28 F   6 C    -2.789117047545E-01 -8.567272033039E-02  1.037252317533E-01
     29 F   6 C    -1.037252317533E-01  2.789117047545E-01 -8.567272033039E-02
     30 F   6 C    -8.567272033039E-02 -1.037252317533E-01  2.789117047545E-01
     31 F   6 C     1.037252317533E-01 -2.789117047545E-01 -8.567272033039E-02
     32 F   6 C     8.567272033039E-02 -1.037252317533E-01 -2.789117047545E-01
     33 F   6 C    -1.037252317533E-01 -2.789117047545E-01  8.567272033039E-02
     34 F   6 C     8.567272033039E-02  1.037252317533E-01  2.789117047545E-01
     35 F   6 C     1.037252317533E-01  2.789117047545E-01  8.567272033039E-02
     36 F   6 C    -8.567272033039E-02  1.037252317533E-01 -2.789117047545E-01
     37 F   6 C    -2.789117047545E-01  8.567272033039E-02  1.037252317533E-01
     38 F   6 C     2.789117047545E-01 -8.567272033039E-02  1.037252317533E-01
     39 F   6 C    -2.789117047545E-01 -8.567272033039E-02 -1.037252317533E-01
     40 F   6 C     2.789117047545E-01  8.567272033039E-02 -1.037252317533E-01
     41 F   6 C     1.037252317533E-01 -2.789117047545E-01  8.567272033039E-02
     42 F   6 C     8.567272033039E-02  1.037252317533E-01 -2.789117047545E-01
     43 F   6 C    -1.037252317533E-01  2.789117047545E-01  8.567272033039E-02
     44 F   6 C    -8.567272033039E-02  1.037252317533E-01  2.789117047545E-01
     45 F   6 C     1.037252317533E-01  2.789117047545E-01 -8.567272033039E-02
     46 F   6 C    -8.567272033039E-02 -1.037252317533E-01 -2.789117047545E-01
     47 F   6 C    -1.037252317533E-01 -2.789117047545E-01 -8.567272033039E-02
     48 F   6 C     8.567272033039E-02 -1.037252317533E-01  2.789117047545E-01
     49 T   6 C     2.456404007189E-01 -2.012175268714E-17 -5.078055778814E-02
     50 F   6 C    -2.456404007189E-01  3.011747620038E-17 -5.078055778814E-02
     51 F   6 C     2.456404007189E-01 -3.011747620038E-17  5.078055778814E-02
     52 F   6 C    -2.456404007189E-01  5.450627607307E-17  5.078055778814E-02
     53 F   6 C    -5.078055778814E-02  2.456404007189E-01  2.675070045744E-17
     54 F   6 C     2.012175268714E-17 -5.078055778814E-02  2.456404007189E-01
     55 F   6 C     5.078055778814E-02 -2.456404007189E-01 -2.675070045744E-17
     56 F   6 C    -9.610740622267E-18 -5.078055778814E-02 -2.456404007189E-01
     57 F   6 C    -5.078055778814E-02 -2.456404007189E-01 -3.011747620038E-17
     58 F   6 C    -1.814483499336E-17  5.078055778814E-02  2.456404007189E-01
     59 F   6 C     5.078055778814E-02  2.456404007189E-01  3.011747620038E-17
     60 F   6 C    -2.929490994174E-18  5.078055778814E-02 -2.456404007189E-01

 T = ATOM BELONGING TO THE ASYMMETRIC UNIT

 ****   24 SYMMOPS - TRANSLATORS IN FRACTIONAL UNITS
 **** MATRICES AND TRANSLATORS IN THE CRYSTALLOGRAPHIC REFERENCE FRAME
   V INV                    ROTATION MATRICES                   TRANSLATORS
   1   1  1.00  0.00  0.00  0.00  1.00  0.00  0.00  0.00  1.00  0.00  0.00  0.00
   2   2 -0.00  1.00  0.00  1.00 -0.00 -0.00 -1.00 -1.00 -1.00  0.00  0.00  0.00
   3   3 -1.00 -1.00 -1.00  0.00  0.00  1.00 -0.00  1.00  0.00  0.00  0.00  0.00
   4   4  0.00  0.00  1.00 -1.00 -1.00 -1.00  1.00 -0.00 -0.00  0.00  0.00  0.00
   5   6 -0.00 -0.00  1.00  1.00  0.00 -0.00  0.00  1.00  0.00  0.00  0.00  0.00
   6   5 -0.00  1.00 -0.00  0.00 -0.00  1.00  1.00  0.00  0.00  0.00  0.00  0.00
   7   8  1.00  0.00 -0.00 -0.00 -0.00  1.00 -1.00 -1.00 -1.00  0.00  0.00  0.00
   8   7  1.00  0.00  0.00 -1.00 -1.00 -1.00 -0.00  1.00 -0.00  0.00  0.00  0.00
   9  10 -1.00 -1.00 -1.00  0.00  1.00  0.00  1.00  0.00 -0.00  0.00  0.00  0.00
  10   9  0.00 -0.00  1.00 -0.00  1.00 -0.00 -1.00 -1.00 -1.00  0.00  0.00  0.00
  11  12  0.00  1.00  0.00 -1.00 -1.00 -1.00 -0.00 -0.00  1.00  0.00  0.00  0.00
  12  11 -1.00 -1.00 -1.00  1.00  0.00  0.00  0.00 -0.00  1.00  0.00  0.00  0.00
  13  13 -1.00  0.00  0.00  0.00 -1.00 -0.00 -0.00 -0.00 -1.00  0.00  0.00  0.00
  14  14  0.00 -1.00 -0.00 -1.00  0.00  0.00  1.00  1.00  1.00  0.00  0.00  0.00
  15  15  1.00  1.00  1.00 -0.00 -0.00 -1.00  0.00 -1.00 -0.00  0.00  0.00  0.00
  16  16 -0.00 -0.00 -1.00  1.00  1.00  1.00 -1.00  0.00  0.00  0.00  0.00  0.00
  17  18  0.00  0.00 -1.00 -1.00 -0.00  0.00 -0.00 -1.00 -0.00  0.00  0.00  0.00
  18  17  0.00 -1.00  0.00 -0.00  0.00 -1.00 -1.00 -0.00 -0.00  0.00  0.00  0.00
  19  20 -1.00 -0.00  0.00  0.00  0.00 -1.00  1.00  1.00  1.00  0.00  0.00  0.00
  20  19 -1.00 -0.00 -0.00  1.00  1.00  1.00  0.00 -1.00  0.00  0.00  0.00  0.00
  21  22  1.00  1.00  1.00 -0.00 -1.00 -0.00 -1.00 -0.00  0.00  0.00  0.00  0.00
  22  21 -0.00  0.00 -1.00  0.00 -1.00  0.00  1.00  1.00  1.00  0.00  0.00  0.00
  23  24 -0.00 -1.00 -0.00  1.00  1.00  1.00  0.00  0.00 -1.00  0.00  0.00  0.00
  24  23  1.00  1.00  1.00 -1.00 -0.00 -0.00 -0.00  0.00 -1.00  0.00  0.00  0.00

 DIRECT LATTICE VECTORS CARTESIAN COMPONENTS (ANGSTROM)
          X                    Y                    Z
   0.000000000000E+00   0.683452510500E+01   0.683452510500E+01
   0.683452510500E+01   0.000000000000E+00   0.683452510500E+01
   0.683452510500E+01   0.683452510500E+01   0.000000000000E+00


 CARTESIAN COORDINATES - PRIMITIVE CELL
 *******************************************************************************
 *      ATOM          X(ANGSTROM)         Y(ANGSTROM)         Z(ANGSTROM)
 *******************************************************************************
    1     6 C    -2.281967026330E+00 -7.231855405834E-01  4.252202958224E+00
    2     6 C     2.281967026330E+00  7.231855405834E-01  4.252202958224E+00
    3     6 C    -2.281967026330E+00  7.231855405834E-01 -4.252202958224E+00
    4     6 C     2.281967026330E+00 -7.231855405834E-01 -4.252202958224E+00
    5     6 C     4.252202958224E+00 -2.281967026330E+00 -7.231855405834E-01
    6     6 C    -7.231855405834E-01  4.252202958224E+00 -2.281967026330E+00
    7     6 C    -4.252202958224E+00  2.281967026330E+00 -7.231855405834E-01
    8     6 C     7.231855405834E-01  4.252202958224E+00  2.281967026330E+00
    9     6 C     4.252202958224E+00  2.281967026330E+00  7.231855405834E-01
   10     6 C     7.231855405834E-01 -4.252202958224E+00 -2.281967026330E+00
   11     6 C    -4.252202958224E+00 -2.281967026330E+00  7.231855405834E-01
   12     6 C    -7.231855405834E-01 -4.252202958224E+00  2.281967026330E+00
   13     6 C     2.281967026330E+00  7.231855405834E-01 -4.252202958224E+00
   14     6 C    -2.281967026330E+00 -7.231855405834E-01 -4.252202958224E+00
   15     6 C     2.281967026330E+00 -7.231855405834E-01  4.252202958224E+00
   16     6 C    -2.281967026330E+00  7.231855405834E-01  4.252202958224E+00
   17     6 C    -4.252202958224E+00  2.281967026330E+00  7.231855405834E-01
   18     6 C     7.231855405834E-01 -4.252202958224E+00  2.281967026330E+00
   19     6 C     4.252202958224E+00 -2.281967026330E+00  7.231855405834E-01
   20     6 C    -7.231855405834E-01 -4.252202958224E+00 -2.281967026330E+00
   21     6 C    -4.252202958224E+00 -2.281967026330E+00 -7.231855405834E-01
   22     6 C    -7.231855405834E-01  4.252202958224E+00  2.281967026330E+00
   23     6 C     4.252202958224E+00  2.281967026330E+00 -7.231855405834E-01
   24     6 C     7.231855405834E-01  4.252202958224E+00 -2.281967026330E+00
   25     6 C     3.812458096446E+00 -1.171064715823E+00 -1.417825400880E+00
   26     6 C    -3.812458096446E+00  1.171064715823E+00 -1.417825400880E+00
   27     6 C     3.812458096446E+00  1.171064715823E+00  1.417825400880E+00
   28     6 C    -3.812458096446E+00 -1.171064715823E+00  1.417825400880E+00
   29     6 C    -1.417825400880E+00  3.812458096446E+00 -1.171064715823E+00
   30     6 C    -1.171064715823E+00 -1.417825400880E+00  3.812458096446E+00
   31     6 C     1.417825400880E+00 -3.812458096446E+00 -1.171064715823E+00
   32     6 C     1.171064715823E+00 -1.417825400880E+00 -3.812458096446E+00
   33     6 C    -1.417825400880E+00 -3.812458096446E+00  1.171064715823E+00
   34     6 C     1.171064715823E+00  1.417825400880E+00  3.812458096446E+00
   35     6 C     1.417825400880E+00  3.812458096446E+00  1.171064715823E+00
   36     6 C    -1.171064715823E+00  1.417825400880E+00 -3.812458096446E+00
   37     6 C    -3.812458096446E+00  1.171064715823E+00  1.417825400880E+00
   38     6 C     3.812458096446E+00 -1.171064715823E+00  1.417825400880E+00
   39     6 C    -3.812458096446E+00 -1.171064715823E+00 -1.417825400880E+00
   40     6 C     3.812458096446E+00  1.171064715823E+00 -1.417825400880E+00
   41     6 C     1.417825400880E+00 -3.812458096446E+00  1.171064715823E+00
   42     6 C     1.171064715823E+00  1.417825400880E+00 -3.812458096446E+00
   43     6 C    -1.417825400880E+00  3.812458096446E+00  1.171064715823E+00
   44     6 C    -1.171064715823E+00  1.417825400880E+00  3.812458096446E+00
   45     6 C     1.417825400880E+00  3.812458096446E+00 -1.171064715823E+00
   46     6 C    -1.171064715823E+00 -1.417825400880E+00 -3.812458096446E+00
   47     6 C    -1.417825400880E+00 -3.812458096446E+00 -1.171064715823E+00
   48     6 C     1.171064715823E+00 -1.417825400880E+00  3.812458096446E+00
   49     6 C     3.357670971031E+00 -2.750452477937E-16 -6.941219940979E-01
   50     6 C    -3.357670971031E+00  4.116772943815E-16 -6.941219940979E-01
   51     6 C     3.357670971031E+00 -4.116772943815E-16  6.941219940979E-01
   52     6 C    -3.357670971031E+00  7.450490244029E-16  6.941219940979E-01
   53     6 C    -6.941219940979E-01  3.357670971031E+00  3.656566677054E-16
   54     6 C     2.750452477937E-16 -6.941219940979E-01  3.357670971031E+00
   55     6 C     6.941219940979E-01 -3.357670971031E+00 -3.656566677054E-16
   56     6 C    -1.313696961210E-16 -6.941219940979E-01 -3.357670971031E+00
   57     6 C    -6.941219940979E-01 -3.357670971031E+00 -4.116772943815E-16
   58     6 C    -2.480226605764E-16  6.941219940979E-01  3.357670971031E+00
   59     6 C     6.941219940979E-01  3.357670971031E+00  4.116772943815E-16
   60     6 C    -4.004335948910E-17  6.941219940979E-01 -3.357670971031E+00

 *******************************************************************************
 LOCAL ATOMIC FUNCTIONS BASIS SET
 *******************************************************************************
   ATOM   X(AU)   Y(AU)   Z(AU)  N. TYPE  EXPONENT  S COEF   P COEF   D/F/G COEF
 *******************************************************************************
   1 C   -4.312  -1.367   8.035
                                  1 S  
                                         1.358E+04 2.225E-04 0.000E+00 0.000E+00
                                         2.035E+03 1.723E-03 0.000E+00 0.000E+00
                                         4.632E+02 8.926E-03 0.000E+00 0.000E+00
                                         1.312E+02 3.573E-02 0.000E+00 0.000E+00
                                         4.285E+01 1.108E-01 0.000E+00 0.000E+00
                                         1.558E+01 2.430E-01 0.000E+00 0.000E+00
                                  2 S  
                                         6.207E+00 4.144E-01 0.000E+00 0.000E+00
                                         2.576E+00 2.374E-01 0.000E+00 0.000E+00
                                  3 S  
                                         4.941E-01 1.000E+00 0.000E+00 0.000E+00
                                  4 S  
                                         1.644E-01 1.000E+00 0.000E+00 0.000E+00
                           5-     7 P  
                                         3.470E+01 0.000E+00 5.333E-03 0.000E+00
                                         7.958E+00 0.000E+00 3.586E-02 0.000E+00
                                         2.378E+00 0.000E+00 1.422E-01 0.000E+00
                                         8.143E-01 0.000E+00 3.427E-01 0.000E+00
                           8-    10 P  
                                         5.662E-01 0.000E+00 1.000E+00 0.000E+00
                          11-    13 P  
                                         2.674E-01 0.000E+00 1.000E+00 0.000E+00
                          14-    18 D  
                                         8.792E-01 0.000E+00 0.000E+00 1.000E+00
   2 C    4.312   1.367   8.035
   3 C   -4.312   1.367  -8.035
   4 C    4.312  -1.367  -8.035
   5 C    8.035  -4.312  -1.367
   6 C   -1.367   8.035  -4.312
   7 C   -8.035   4.312  -1.367
   8 C    1.367   8.035   4.312
   9 C    8.035   4.312   1.367
  10 C    1.367  -8.035  -4.312
  11 C   -8.035  -4.312   1.367
  12 C   -1.367  -8.035   4.312
  13 C    4.312   1.367  -8.035
  14 C   -4.312  -1.367  -8.035
  15 C    4.312  -1.367   8.035
  16 C   -4.312   1.367   8.035
  17 C   -8.035   4.312   1.367
  18 C    1.367  -8.035   4.312
  19 C    8.035  -4.312   1.367
  20 C   -1.367  -8.035  -4.312
  21 C   -8.035  -4.312  -1.367
  22 C   -1.367   8.035   4.312
  23 C    8.035   4.312  -1.367
  24 C    1.367   8.035  -4.312
  25 C    7.205  -2.213  -2.679
  26 C   -7.205   2.213  -2.679
  27 C    7.205   2.213   2.679
  28 C   -7.205  -2.213   2.679
  29 C   -2.679   7.205  -2.213
  30 C   -2.213  -2.679   7.205
  31 C    2.679  -7.205  -2.213
  32 C    2.213  -2.679  -7.205
  33 C   -2.679  -7.205   2.213
  34 C    2.213   2.679   7.205
  35 C    2.679   7.205   2.213
  36 C   -2.213   2.679  -7.205
  37 C   -7.205   2.213   2.679
  38 C    7.205  -2.213   2.679
  39 C   -7.205  -2.213  -2.679
  40 C    7.205   2.213  -2.679
  41 C    2.679  -7.205   2.213
  42 C    2.213   2.679  -7.205
  43 C   -2.679   7.205   2.213
  44 C   -2.213   2.679   7.205
  45 C    2.679   7.205  -2.213
  46 C   -2.213  -2.679  -7.205
  47 C   -2.679  -7.205  -2.213
  48 C    2.213  -2.679   7.205
  49 C    6.345  -0.000  -1.312
  50 C   -6.345   0.000  -1.312
  51 C    6.345  -0.000   1.312
  52 C   -6.345   0.000   1.312
  53 C   -1.312   6.345   0.000
  54 C    0.000  -1.312   6.345
  55 C    1.312  -6.345  -0.000
  56 C   -0.000  -1.312  -6.345
  57 C   -1.312  -6.345  -0.000
  58 C   -0.000   1.312   6.345
  59 C    1.312   6.345   0.000
  60 C   -0.000   1.312  -6.345
 INFORMATION **** SET_MPP **** PCRYSTAL CALCULATION
 INFORMATION **** READM2 **** NEW DEFAULT: FOCK/KS MATRIX MIXING SET TO 30 %
 INFORMATION **** READM2 **** NEW DEFAULT: FULL DIRECT SCF MODE
 INFORMATION **** READM2 **** NEW DEFAULT: COULOMB BIPOLAR BUFFER SET TO 32 Mb
 INFORMATION **** READM2 **** NEW DEFAULT: EXCHANGE BIPOLAR BUFFER SET TO 32 Mb

 *******************************************************************************
 NEW DEFAULT: DFT INTEGRATION GRID INCREASED TO XLGRID
 NEW DEFAULT: DIIS ACCELERATOR ACTIVE
 USE KEYWORD NODIIS TO TURN IT OFF
 *******************************************************************************

 INFORMATION **** DFTD3_INPUT **** PERFORM LATEST DISPERSION CORRECTION DFT-D3(BJ) WITH AUTOMATIC PARAMETER SETUP
 PLEASE CITE:
 (1) DFT-D3 Reference
  S. Grimme, J. Antony, S. Ehrlich, and H. Krieg, J. Chem. Phys. 132 (2010), 154104
 (2) BJ-Damping Reference
  S. Grimme, S. Ehrlich, and L. Goerigk, J. Comput. Chem. 32 (2011), 1456-1465
 (3) General DFT-D Review
  S. Grimme, A. Hansen, J. G. Brandenburg, and C. Bannwarth,
  Chem. Rev. 116 (2016), 5105-5154

 INFORMATION **** TOLINTEG **** COULOMB AND EXCHANGE SERIES TOLERANCES MODIFIED
 INFORMATION **** TOLDEE **** SCF TOL ON TOTAL ENERGY SET TO           9
 INFORMATION **** READM2 **** FULL DIRECT SCF (MONO AND BIEL INT) SELECTED
 INFORMATION **** MAXCYCLE **** MAX NUMBER OF SCF CYCLES SET TO         800
 INFORMATION **** DIIS **** DIIS FOR SCF ACTIVE
 INFORMATION **** DIIS **** LEVEL SHIFTER DISABLED
 INFORMATION **** PPAN ****  MULLIKEN POPULATION ANALYSIS AT THE END OF SCF
 *******************************************************************************
 N. OF ATOMS PER CELL        60  COULOMB OVERLAP TOL         (T1) 10**   -8
 NUMBER OF SHELLS           480  COULOMB PENETRATION TOL     (T2) 10**   -8
 NUMBER OF AO              1080  EXCHANGE OVERLAP TOL        (T3) 10**   -8
 N. OF ELECTRONS PER CELL   360  EXCHANGE PSEUDO OVP (F(G))  (T4) 10**   -9
 CORE ELECTRONS PER CELL    120  EXCHANGE PSEUDO OVP (P(G))  (T5) 10**  -24
 N. OF SYMMETRY OPERATORS    24  POLE ORDER IN MONO ZONE                  4
 *******************************************************************************
 TYPE OF CALCULATION :  UNRESTRICTED OPEN SHELL
 KOHN-SHAM HAMILTONIAN

 (EXCHANGE)[CORRELATION] FUNCTIONAL:(BECKE 88)[LEE-YANG-PARR]

 NON-LOCAL WEIGHTING FACTOR (EXCHANGE) =           0.9000
 NON-LOCAL WEIGHTING FACTOR [CORRELATION] =        0.8100

 HYBRID EXCHANGE - PERCENTAGE OF FOCK EXCHANGE    20.0000

 SPIN POLARIZED DFT SELECTED

 CAPPA:IS1  3;IS2  3;IS3  3; K PTS MONK NET   4; SYMMOPS:K SPACE  24;G SPACE  24

 *******************************************************************************
 MAX NUMBER OF SCF CYCLES     800  CONVERGENCE ON DELTAP        10**-19
 WEIGHT OF F(I) IN F(I+1)      30% CONVERGENCE ON ENERGY        10**- 9
 SHRINK. FACT.(MONKH.)    3  3  3  NUMBER OF K POINTS IN THE IBZ      4
 SHRINKING FACTOR(GILAT NET)    6  NUMBER OF K POINTS(GILAT NET)     18
 *******************************************************************************
 *** K POINTS COORDINATES (OBLIQUE COORDINATES IN UNITS OF IS =  3)
   1-R(  0  0  0)   2-C(  1  0  0)   3-C(  1  1  0)   4-C(  2  1  0)

 DIRECT LATTICE VECTORS COMPON. (A.U.)     RECIP. LATTICE VECTORS COMPON. (A.U.) 
        X            Y            Z              X            Y            Z
    0.0000000   12.9153807   12.9153807     -0.2432443    0.2432443    0.2432443
   12.9153807    0.0000000   12.9153807      0.2432443   -0.2432443    0.2432443
   12.9153807   12.9153807    0.0000000      0.2432443    0.2432443   -0.2432443

 DISK SPACE FOR EIGENVECTORS (FTN 10)     8164800 REALS

 SYMMETRY ADAPTION OF THE BLOCH FUNCTIONS ENABLED
 TTTTTTTTTTTTTTTTTTTTTTTTTTTTTT gordsh1     TELAPSE        1.66 TCPU        0.51

 MATRIX SIZE: P(G) 3818388, F(G)  432768, P(G) IRR   81730, F(G) IRR   18563
 MAX G-VECTOR INDEX FOR 1- AND 2-ELECTRON INTEGRALS  79

 TTTTTTTTTTTTTTTTTTTTTTTTTTTTTT INPUT       TELAPSE        1.68 TCPU        0.53

 NEIGHBORS OF THE NON-EQUIVALENT ATOMS

 N = NUMBER OF NEIGHBORS AT DISTANCE R
    ATOM  N     R/ANG      R/AU   NEIGHBORS (ATOM LABELS AND CELL INDICES)
   1 C    1     1.3820     2.6117   30 C    0 0 0
   1 C    1     1.4464     2.7332   16 C    0 0 0
   1 C    1     1.4507     2.7413   25 C    1 0-1
   1 C    1     2.3435     4.4286   40 C    1 0-1
   1 C    1     2.3486     4.4383   49 C    1 0-1
   1 C    2     2.4447     4.6198    5 C    1 0-1    6 C    0 1-1

  25 C    1     1.3820     2.6117    5 C    0 0 0
  25 C    1     1.4498     2.7398   49 C    0 0 0
  25 C    1     1.4507     2.7413    1 C   -1 0 1
  25 C    1     2.3421     4.4260   40 C    0 0 0
  25 C    1     2.3435     4.4286   16 C   -1 0 1
  25 C    1     2.4518     4.6333   19 C    0 0 0

  49 C    1     1.3882     2.6234   51 C    0 0 0
  49 C    2     1.4498     2.7398   25 C    0 0 0   40 C    0 0 0
  49 C    2     2.3486     4.4383    1 C   -1 0 1   16 C   -1 0 1
  49 C    2     2.4512     4.6321    5 C    0 0 0   23 C    0 0 0
  49 C    2     2.4573     4.6437   27 C    0 0 0   38 C    0 0 0
  49 C    2     2.8313     5.3504    9 C    0 0 0   19 C    0 0 0


 SYMMETRY ALLOWED INTERNAL DEGREE(S) OF FREEDOM:   8
 TTTTTTTTTTTTTTTTTTTTTTTTTTTTTT SYMM        TELAPSE        1.73 TCPU        0.57
 TTTTTTTTTTTTTTTTTTTTTTTTTTTTTT INT_SCREEN  TELAPSE        1.74 TCPU        0.59
 WARNING **** EXCBUF **** EXCH. BIPO BUFFER TOO SMALL - TO AVOID I/O SET EXCHSIZE =     4792095

 DFT PARAMETERS

     ATOM       ELECTRONS   NET CHARGE   R(ANGSTROM)
   1   6  C       6.0000      0.0000     0.77000000

 SIZE OF GRID=      79699
 TTTTTTTTTTTTTTTTTTTTTTTTTTTTTT MAKE_GRID2  TELAPSE        2.05 TCPU        0.88
 BECKE WEIGHT FUNCTION
 RADSAFE =     2.00
 TOLERANCES - DENSITY:10**- 6; POTENTIAL:10**- 9; GRID WGT:10**-14

 RADIAL INTEGRATION  - INTERVALS (POINTS,UPPER LIMIT):            1( 75,  4.0*R)

 ANGULAR INTEGRATION - INTERVALS (ACCURACY LEVEL [N. POINTS] UPPER LIMIT):
  1(  4[  86]   0.2)  2(  8[ 194]   0.5)  3( 12[ 350]   0.9)  4( 16[ 974]   3.5)
  5( 12[ 350]9999.0)
 TTTTTTTTTTTTTTTTTTTTTTTTTTTTTT INT_CALC    TELAPSE        2.07 TCPU        0.90
 EEEEEEEEEE INT_CALC TERMINATION  DATE 30 01 2026 TIME 17:51:10.6

 *******************************************************************************
 ./3^2.4T192_rev1_sp_B3LYP-D3-D3_optimized                                       
 CRYSTAL - SCF - TYPE OF CALCULATION :  UNRESTRICTED OPEN SHELL
 *******************************************************************************

 CAPPA:IS1  3;IS2  3;IS3  3; K PTS MONK NET   4; SYMMOPS:K SPACE  24;G SPACE  24

 TTTTTTTTTTTTTTTTTTTTTTTTTTTTTT SDIK        TELAPSE        2.23 TCPU        1.06

 AAAAAAAAAAAAAAAAAAAAAAAAAAAAAAAAAAAAAAAAAAAAAAAAAAAAAAAAAAAAAAAAAAAAAAAAAAAAAAA
         ATOMIC WAVEFUNCTION(S)


 NUCLEAR CHARGE  6.0  SYMMETRY SPECIES            S    P
 N. ELECTRONS    6.0  NUMBER OF PRIMITIVE GTOS   10    6
                      NUMBER OF CONTRACTED GTOS   4    3
                      NUMBER OF CLOSED SHELLS     2    0
                      OPEN SHELL OCCUPATION       0    2

  ZNUC  SCFIT    TOTAL HF ENERGY   KINETIC ENERGY   VIRIAL THEOREM ACCURACY
   6.0    10    -3.766702350E+01  3.783137943E+01 -1.995655566E+00  1.6E-06

 AAAAAAAAAAAAAAAAAAAAAAAAAAAAAAAAAAAAAAAAAAAAAAAAAAAAAAAAAAAAAAAAAAAAAAAAAAAAAAA

 CHARGE NORMALIZATION FACTOR   1.00000000
 TOTAL ATOMIC CHARGES:
   6.0000000   6.0000000   6.0000000   6.0000000   6.0000000   6.0000000
   6.0000000   6.0000000   6.0000000   6.0000000   6.0000000   6.0000000
   6.0000000   6.0000000   6.0000000   6.0000000   6.0000000   6.0000000
   6.0000000   6.0000000   6.0000000   6.0000000   6.0000000   6.0000000
   6.0000000   6.0000000   6.0000000   6.0000000   6.0000000   6.0000000
   6.0000000   6.0000000   6.0000000   6.0000000   6.0000000   6.0000000
   6.0000000   6.0000000   6.0000000   6.0000000   6.0000000   6.0000000
   6.0000000   6.0000000   6.0000000   6.0000000   6.0000000   6.0000000
   6.0000000   6.0000000   6.0000000   6.0000000   6.0000000   6.0000000
   6.0000000   6.0000000   6.0000000   6.0000000   6.0000000   6.0000000
 SUMMED SPIN DENSITY           0.00000000
 TOTAL ATOMIC SPINS  :
   0.0000000   0.0000000   0.0000000   0.0000000   0.0000000   0.0000000
   0.0000000   0.0000000   0.0000000   0.0000000   0.0000000   0.0000000
   0.0000000   0.0000000   0.0000000   0.0000000   0.0000000   0.0000000
   0.0000000   0.0000000   0.0000000   0.0000000   0.0000000   0.0000000
   0.0000000   0.0000000   0.0000000   0.0000000   0.0000000   0.0000000
   0.0000000   0.0000000   0.0000000   0.0000000   0.0000000   0.0000000
   0.0000000   0.0000000   0.0000000   0.0000000   0.0000000   0.0000000
   0.0000000   0.0000000   0.0000000   0.0000000   0.0000000   0.0000000
   0.0000000   0.0000000   0.0000000   0.0000000   0.0000000   0.0000000
   0.0000000   0.0000000   0.0000000   0.0000000   0.0000000   0.0000000
 TTTTTTTTTTTTTTTTTTTTTTTTTTTTTT MOQGAD      TELAPSE        2.24 TCPU        1.08
 TTTTTTTTTTTTTTTTTTTTTTTTTTTTTT SHELLXN     TELAPSE       13.78 TCPU       12.60
 TTTTTTTTTTTTTTTTTTTTTTTTTTTTTT MONMO3      TELAPSE       13.85 TCPU       12.66
 NUMERICALLY INTEGRATED DENSITY    180.0000390021    180.0000390021
 TTTTTTTTTTTTTTTTTTTTTTTTTTTTTT NUMDFT      TELAPSE       14.53 TCPU       13.34
 CYC   0 ETOT(AU) -2.303829218091E+03 DETOT -2.30E+03 tst  0.00E+00 PX  1.00E+00
 TTTTTTTTTTTTTTTTTTTTTTTTTTTTTT DIIS        TELAPSE       14.56 TCPU       13.37
 TTTTTTTTTTTTTTTTTTTTTTTTTTTTTT FDIK        TELAPSE       16.45 TCPU       15.26

    ALPHA      ELECTRONS
 INSULATING STATE
 TOP OF VALENCE BANDS -    BAND    180; K    3; EIG -2.1637757E-01 AU
 TOP OF VALENCE BANDS -    BAND    180; K    1; EIG -2.2353238E-01 AU
 BOTTOM OF VIRTUAL BANDS - BAND    181; K    3; EIG -1.6004690E-01 AU
 DIRECT ENERGY BAND GAP:   1.5328 eV
 BOTTOM OF VIRTUAL BANDS - BAND    181; K    1; EIG -1.4704893E-01 AU

    BETA       ELECTRONS
 INSULATING STATE
 TOP OF VALENCE BANDS -    BAND    180; K    3; EIG -2.1637757E-01 AU
 TOP OF VALENCE BANDS -    BAND    180; K    1; EIG -2.2353238E-01 AU
 BOTTOM OF VIRTUAL BANDS - BAND    181; K    3; EIG -1.6004690E-01 AU
 DIRECT ENERGY BAND GAP:   1.5328 eV
 BOTTOM OF VIRTUAL BANDS - BAND    181; K    1; EIG -1.4704893E-01 AU
 TTTTTTTTTTTTTTTTTTTTTTTTTTTTTT PDIG        TELAPSE       16.56 TCPU       15.38
 CHARGE NORMALIZATION FACTOR   1.00000000
 TOTAL ATOMIC CHARGES:
   5.9861036   5.9861036   5.9861036   5.9861036   5.9861036   5.9861036
   5.9861036   5.9861036   5.9861036   5.9861036   5.9861036   5.9861036
   5.9861036   5.9861036   5.9861036   5.9861036   5.9861036   5.9861036
   5.9861036   5.9861036   5.9861036   5.9861036   5.9861036   5.9861036
   6.0146569   6.0146569   6.0146569   6.0146569   6.0146569   6.0146569
   6.0146569   6.0146569   6.0146569   6.0146569   6.0146569   6.0146569
   6.0146569   6.0146569   6.0146569   6.0146569   6.0146569   6.0146569
   6.0146569   6.0146569   6.0146569   6.0146569   6.0146569   6.0146569
   5.9984790   5.9984790   5.9984790   5.9984790   5.9984790   5.9984790
   5.9984790   5.9984790   5.9984790   5.9984790   5.9984790   5.9984790
 SUMMED SPIN DENSITY          -0.00000000
 TOTAL ATOMIC SPINS  :
  -0.0000000  -0.0000000  -0.0000000  -0.0000000  -0.0000000  -0.0000000
  -0.0000000  -0.0000000  -0.0000000  -0.0000000  -0.0000000  -0.0000000
  -0.0000000  -0.0000000  -0.0000000  -0.0000000  -0.0000000  -0.0000000
  -0.0000000  -0.0000000  -0.0000000  -0.0000000  -0.0000000  -0.0000000
   0.0000000   0.0000000   0.0000000   0.0000000   0.0000000   0.0000000
   0.0000000   0.0000000   0.0000000   0.0000000   0.0000000   0.0000000
   0.0000000   0.0000000   0.0000000   0.0000000   0.0000000   0.0000000
   0.0000000   0.0000000   0.0000000   0.0000000   0.0000000   0.0000000
   0.0000000   0.0000000   0.0000000   0.0000000   0.0000000   0.0000000
   0.0000000   0.0000000   0.0000000   0.0000000   0.0000000   0.0000000
 TTTTTTTTTTTTTTTTTTTTTTTTTTTTTT MOQGAD      TELAPSE       16.58 TCPU       15.39
 TTTTTTTTTTTTTTTTTTTTTTTTTTTTTT SHELLXN     TELAPSE       28.65 TCPU       27.45
 TTTTTTTTTTTTTTTTTTTTTTTTTTTTTT MONMO3      TELAPSE       28.72 TCPU       27.52
 NUMERICALLY INTEGRATED DENSITY    180.0000069784    180.0000069784
 TTTTTTTTTTTTTTTTTTTTTTTTTTTTTT NUMDFT      TELAPSE       29.34 TCPU       28.14
 CYC   1 ETOT(AU) -2.284921908566E+03 DETOT  1.89E+01 tst  0.00E+00 PX  1.00E+00
 TTTTTTTTTTTTTTTTTTTTTTTTTTTTTT DIIS        TELAPSE       29.37 TCPU       28.17
 DIIS TEST: 0.37437E+01 AT SCF   CYCLE   1 - MIX   30 %
 TTTTTTTTTTTTTTTTTTTTTTTTTTTTTT FDIK        TELAPSE       30.02 TCPU       28.82

    ALPHA      ELECTRONS
 INSULATING STATE
 TOP OF VALENCE BANDS -    BAND    180; K    3; EIG -1.6135401E-01 AU
 TOP OF VALENCE BANDS -    BAND    180; K    1; EIG -1.7034941E-01 AU
 BOTTOM OF VIRTUAL BANDS - BAND    181; K    3; EIG -9.0440052E-02 AU
 DIRECT ENERGY BAND GAP:   1.9297 eV
 BOTTOM OF VIRTUAL BANDS - BAND    181; K    1; EIG -7.5861799E-02 AU

    BETA       ELECTRONS
 INSULATING STATE
 TOP OF VALENCE BANDS -    BAND    180; K    3; EIG -1.6135401E-01 AU
 TOP OF VALENCE BANDS -    BAND    180; K    1; EIG -1.7034941E-01 AU
 BOTTOM OF VIRTUAL BANDS - BAND    181; K    3; EIG -9.0440052E-02 AU
 DIRECT ENERGY BAND GAP:   1.9297 eV
 BOTTOM OF VIRTUAL BANDS - BAND    181; K    1; EIG -7.5861799E-02 AU
 TTTTTTTTTTTTTTTTTTTTTTTTTTTTTT PDIG        TELAPSE       30.13 TCPU       28.93
 CHARGE NORMALIZATION FACTOR   1.00000000
 TOTAL ATOMIC CHARGES:
   5.9897313   5.9897313   5.9897313   5.9897313   5.9897313   5.9897313
   5.9897313   5.9897313   5.9897313   5.9897313   5.9897313   5.9897313
   5.9897313   5.9897313   5.9897313   5.9897313   5.9897313   5.9897313
   5.9897313   5.9897313   5.9897313   5.9897313   5.9897313   5.9897313
   6.0090079   6.0090079   6.0090079   6.0090079   6.0090079   6.0090079
   6.0090079   6.0090079   6.0090079   6.0090079   6.0090079   6.0090079
   6.0090079   6.0090079   6.0090079   6.0090079   6.0090079   6.0090079
   6.0090079   6.0090079   6.0090079   6.0090079   6.0090079   6.0090079
   6.0025216   6.0025216   6.0025216   6.0025216   6.0025216   6.0025216
   6.0025216   6.0025216   6.0025216   6.0025216   6.0025216   6.0025216
 SUMMED SPIN DENSITY          -0.00000000
 TOTAL ATOMIC SPINS  :
  -0.0000000  -0.0000000  -0.0000000  -0.0000000  -0.0000000  -0.0000000
  -0.0000000  -0.0000000  -0.0000000  -0.0000000  -0.0000000  -0.0000000
  -0.0000000  -0.0000000  -0.0000000  -0.0000000  -0.0000000  -0.0000000
  -0.0000000  -0.0000000  -0.0000000  -0.0000000  -0.0000000  -0.0000000
   0.0000000   0.0000000   0.0000000   0.0000000   0.0000000   0.0000000
   0.0000000   0.0000000   0.0000000   0.0000000   0.0000000   0.0000000
   0.0000000   0.0000000   0.0000000   0.0000000   0.0000000   0.0000000
   0.0000000   0.0000000   0.0000000   0.0000000   0.0000000   0.0000000
  -0.0000000  -0.0000000  -0.0000000  -0.0000000  -0.0000000  -0.0000000
  -0.0000000  -0.0000000  -0.0000000  -0.0000000  -0.0000000  -0.0000000
 TTTTTTTTTTTTTTTTTTTTTTTTTTTTTT MOQGAD      TELAPSE       30.15 TCPU       28.94
 TTTTTTTTTTTTTTTTTTTTTTTTTTTTTT SHELLXN     TELAPSE       42.22 TCPU       41.01
 TTTTTTTTTTTTTTTTTTTTTTTTTTTTTT MONMO3      TELAPSE       42.29 TCPU       41.07
 NUMERICALLY INTEGRATED DENSITY    180.0000049939    180.0000049939
 TTTTTTTTTTTTTTTTTTTTTTTTTTTTTT NUMDFT      TELAPSE       42.91 TCPU       41.69
 CYC   2 ETOT(AU) -2.285067542279E+03 DETOT -1.46E-01 tst  5.00E-04 PX  6.81E-02
 TTTTTTTTTTTTTTTTTTTTTTTTTTTTTT DIIS        TELAPSE       42.94 TCPU       41.72
 DIIS TEST: 0.12205E+01 AT SCF   CYCLE   2 - DIIS ACTIVE - HISTORY:     2 CYCLES
 TTTTTTTTTTTTTTTTTTTTTTTTTTTTTT FDIK        TELAPSE       43.59 TCPU       42.37

    ALPHA      ELECTRONS
 INSULATING STATE
 TOP OF VALENCE BANDS -    BAND    180; K    3; EIG -1.5906810E-01 AU
 TOP OF VALENCE BANDS -    BAND    180; K    1; EIG -1.6793828E-01 AU
 BOTTOM OF VIRTUAL BANDS - BAND    181; K    3; EIG -7.8813042E-02 AU
 DIRECT ENERGY BAND GAP:   2.1839 eV
 BOTTOM OF VIRTUAL BANDS - BAND    181; K    1; EIG -6.3639695E-02 AU

    BETA       ELECTRONS
 INSULATING STATE
 TOP OF VALENCE BANDS -    BAND    180; K    3; EIG -1.5906810E-01 AU
 TOP OF VALENCE BANDS -    BAND    180; K    1; EIG -1.6793828E-01 AU
 BOTTOM OF VIRTUAL BANDS - BAND    181; K    3; EIG -7.8813042E-02 AU
 DIRECT ENERGY BAND GAP:   2.1839 eV
 BOTTOM OF VIRTUAL BANDS - BAND    181; K    1; EIG -6.3639695E-02 AU
 TTTTTTTTTTTTTTTTTTTTTTTTTTTTTT PDIG        TELAPSE       43.70 TCPU       42.48
 CHARGE NORMALIZATION FACTOR   1.00000000
 TOTAL ATOMIC CHARGES:
   5.9920549   5.9920549   5.9920549   5.9920549   5.9920549   5.9920549
   5.9920549   5.9920549   5.9920549   5.9920549   5.9920549   5.9920549
   5.9920549   5.9920549   5.9920549   5.9920549   5.9920549   5.9920549
   5.9920549   5.9920549   5.9920549   5.9920549   5.9920549   5.9920549
   6.0083216   6.0083216   6.0083216   6.0083216   6.0083216   6.0083216
   6.0083216   6.0083216   6.0083216   6.0083216   6.0083216   6.0083216
   6.0083216   6.0083216   6.0083216   6.0083216   6.0083216   6.0083216
   6.0083216   6.0083216   6.0083216   6.0083216   6.0083216   6.0083216
   5.9992470   5.9992470   5.9992470   5.9992470   5.9992470   5.9992470
   5.9992470   5.9992470   5.9992470   5.9992470   5.9992470   5.9992470
 SUMMED SPIN DENSITY          -0.00000000
 TOTAL ATOMIC SPINS  :
  -0.0000000  -0.0000000  -0.0000000  -0.0000000  -0.0000000  -0.0000000
  -0.0000000  -0.0000000  -0.0000000  -0.0000000  -0.0000000  -0.0000000
  -0.0000000  -0.0000000  -0.0000000  -0.0000000  -0.0000000  -0.0000000
  -0.0000000  -0.0000000  -0.0000000  -0.0000000  -0.0000000  -0.0000000
   0.0000000   0.0000000   0.0000000   0.0000000   0.0000000   0.0000000
   0.0000000   0.0000000   0.0000000   0.0000000   0.0000000   0.0000000
   0.0000000   0.0000000   0.0000000   0.0000000   0.0000000   0.0000000
   0.0000000   0.0000000   0.0000000   0.0000000   0.0000000   0.0000000
  -0.0000000  -0.0000000  -0.0000000  -0.0000000  -0.0000000  -0.0000000
  -0.0000000  -0.0000000  -0.0000000  -0.0000000  -0.0000000  -0.0000000
 TTTTTTTTTTTTTTTTTTTTTTTTTTTTTT MOQGAD      TELAPSE       43.72 TCPU       42.50
 TTTTTTTTTTTTTTTTTTTTTTTTTTTTTT SHELLXN     TELAPSE       55.79 TCPU       54.56
 TTTTTTTTTTTTTTTTTTTTTTTTTTTTTT MONMO3      TELAPSE       55.86 TCPU       54.63
 NUMERICALLY INTEGRATED DENSITY    180.0000070881    180.0000070881
 TTTTTTTTTTTTTTTTTTTTTTTTTTTTTT NUMDFT      TELAPSE       56.48 TCPU       55.24
 CYC   3 ETOT(AU) -2.285088696493E+03 DETOT -2.12E-02 tst  1.10E-04 PX  2.28E-02
 TTTTTTTTTTTTTTTTTTTTTTTTTTTTTT DIIS        TELAPSE       56.51 TCPU       55.27
 DIIS TEST: 0.13601E+00 AT SCF   CYCLE   3 - DIIS ACTIVE - HISTORY:     3 CYCLES
 TTTTTTTTTTTTTTTTTTTTTTTTTTTTTT FDIK        TELAPSE       57.18 TCPU       55.94

    ALPHA      ELECTRONS
 INSULATING STATE
 TOP OF VALENCE BANDS -    BAND    180; K    3; EIG -1.6364031E-01 AU
 TOP OF VALENCE BANDS -    BAND    180; K    1; EIG -1.7257318E-01 AU
 BOTTOM OF VIRTUAL BANDS - BAND    181; K    3; EIG -8.3258475E-02 AU
 DIRECT ENERGY BAND GAP:   2.1873 eV
 BOTTOM OF VIRTUAL BANDS - BAND    181; K    1; EIG -6.8108886E-02 AU

    BETA       ELECTRONS
 INSULATING STATE
 TOP OF VALENCE BANDS -    BAND    180; K    3; EIG -1.6364031E-01 AU
 TOP OF VALENCE BANDS -    BAND    180; K    1; EIG -1.7257318E-01 AU
 BOTTOM OF VIRTUAL BANDS - BAND    181; K    3; EIG -8.3258475E-02 AU
 DIRECT ENERGY BAND GAP:   2.1873 eV
 BOTTOM OF VIRTUAL BANDS - BAND    181; K    1; EIG -6.8108886E-02 AU
 TTTTTTTTTTTTTTTTTTTTTTTTTTTTTT PDIG        TELAPSE       57.29 TCPU       56.06
 CHARGE NORMALIZATION FACTOR   1.00000000
 TOTAL ATOMIC CHARGES:
   5.9885693   5.9885693   5.9885693   5.9885693   5.9885693   5.9885693
   5.9885693   5.9885693   5.9885693   5.9885693   5.9885693   5.9885693
   5.9885693   5.9885693   5.9885693   5.9885693   5.9885693   5.9885693
   5.9885693   5.9885693   5.9885693   5.9885693   5.9885693   5.9885693
   6.0104055   6.0104055   6.0104055   6.0104055   6.0104055   6.0104055
   6.0104055   6.0104055   6.0104055   6.0104055   6.0104055   6.0104055
   6.0104055   6.0104055   6.0104055   6.0104055   6.0104055   6.0104055
   6.0104055   6.0104055   6.0104055   6.0104055   6.0104055   6.0104055
   6.0020503   6.0020503   6.0020503   6.0020503   6.0020503   6.0020503
   6.0020503   6.0020503   6.0020503   6.0020503   6.0020503   6.0020503
 SUMMED SPIN DENSITY           0.00000000
 TOTAL ATOMIC SPINS  :
  -0.0000000  -0.0000000  -0.0000000  -0.0000000  -0.0000000  -0.0000000
  -0.0000000  -0.0000000  -0.0000000  -0.0000000  -0.0000000  -0.0000000
  -0.0000000  -0.0000000  -0.0000000  -0.0000000  -0.0000000  -0.0000000
  -0.0000000  -0.0000000  -0.0000000  -0.0000000  -0.0000000  -0.0000000
   0.0000000   0.0000000   0.0000000   0.0000000   0.0000000   0.0000000
   0.0000000   0.0000000   0.0000000   0.0000000   0.0000000   0.0000000
   0.0000000   0.0000000   0.0000000   0.0000000   0.0000000   0.0000000
   0.0000000   0.0000000   0.0000000   0.0000000   0.0000000   0.0000000
  -0.0000000  -0.0000000  -0.0000000  -0.0000000  -0.0000000  -0.0000000
  -0.0000000  -0.0000000  -0.0000000  -0.0000000  -0.0000000  -0.0000000
 TTTTTTTTTTTTTTTTTTTTTTTTTTTTTT MOQGAD      TELAPSE       57.30 TCPU       56.07
 TTTTTTTTTTTTTTTTTTTTTTTTTTTTTT SHELLXN     TELAPSE       69.38 TCPU       68.13
 TTTTTTTTTTTTTTTTTTTTTTTTTTTTTT MONMO3      TELAPSE       69.44 TCPU       68.19
 NUMERICALLY INTEGRATED DENSITY    180.0000064965    180.0000064965
 TTTTTTTTTTTTTTTTTTTTTTTTTTTTTT NUMDFT      TELAPSE       70.06 TCPU       68.82
 CYC   4 ETOT(AU) -2.285091857618E+03 DETOT -3.16E-03 tst  5.64E-06 PX  1.17E-02
 TTTTTTTTTTTTTTTTTTTTTTTTTTTTTT DIIS        TELAPSE       70.09 TCPU       68.84
 DIIS TEST: 0.17540E-02 AT SCF   CYCLE   4 - DIIS ACTIVE - HISTORY:     4 CYCLES
 TTTTTTTTTTTTTTTTTTTTTTTTTTTTTT FDIK        TELAPSE       70.75 TCPU       69.50

    ALPHA      ELECTRONS
 INSULATING STATE
 TOP OF VALENCE BANDS -    BAND    180; K    3; EIG -1.6378816E-01 AU
 TOP OF VALENCE BANDS -    BAND    180; K    1; EIG -1.7264982E-01 AU
 BOTTOM OF VIRTUAL BANDS - BAND    181; K    3; EIG -8.3176341E-02 AU
 DIRECT ENERGY BAND GAP:   2.1936 eV
 BOTTOM OF VIRTUAL BANDS - BAND    181; K    1; EIG -6.8158496E-02 AU

    BETA       ELECTRONS
 INSULATING STATE
 TOP OF VALENCE BANDS -    BAND    180; K    3; EIG -1.6378816E-01 AU
 TOP OF VALENCE BANDS -    BAND    180; K    1; EIG -1.7264982E-01 AU
 BOTTOM OF VIRTUAL BANDS - BAND    181; K    3; EIG -8.3176341E-02 AU
 DIRECT ENERGY BAND GAP:   2.1936 eV
 BOTTOM OF VIRTUAL BANDS - BAND    181; K    1; EIG -6.8158496E-02 AU
 TTTTTTTTTTTTTTTTTTTTTTTTTTTTTT PDIG        TELAPSE       70.86 TCPU       69.61
 CHARGE NORMALIZATION FACTOR   1.00000000
 TOTAL ATOMIC CHARGES:
   5.9936122   5.9936122   5.9936122   5.9936122   5.9936122   5.9936122
   5.9936122   5.9936122   5.9936122   5.9936122   5.9936122   5.9936122
   5.9936122   5.9936122   5.9936122   5.9936122   5.9936122   5.9936122
   5.9936122   5.9936122   5.9936122   5.9936122   5.9936122   5.9936122
   6.0075878   6.0075878   6.0075878   6.0075878   6.0075878   6.0075878
   6.0075878   6.0075878   6.0075878   6.0075878   6.0075878   6.0075878
   6.0075878   6.0075878   6.0075878   6.0075878   6.0075878   6.0075878
   6.0075878   6.0075878   6.0075878   6.0075878   6.0075878   6.0075878
   5.9975999   5.9975999   5.9975999   5.9975999   5.9975999   5.9975999
   5.9975999   5.9975999   5.9975999   5.9975999   5.9975999   5.9975999
 SUMMED SPIN DENSITY          -0.00000000
 TOTAL ATOMIC SPINS  :
  -0.0000000  -0.0000000  -0.0000000  -0.0000000  -0.0000000  -0.0000000
  -0.0000000  -0.0000000  -0.0000000  -0.0000000  -0.0000000  -0.0000000
  -0.0000000  -0.0000000  -0.0000000  -0.0000000  -0.0000000  -0.0000000
  -0.0000000  -0.0000000  -0.0000000  -0.0000000  -0.0000000  -0.0000000
   0.0000000   0.0000000   0.0000000   0.0000000   0.0000000   0.0000000
   0.0000000   0.0000000   0.0000000   0.0000000   0.0000000   0.0000000
   0.0000000   0.0000000   0.0000000   0.0000000   0.0000000   0.0000000
   0.0000000   0.0000000   0.0000000   0.0000000   0.0000000   0.0000000
   0.0000000   0.0000000   0.0000000   0.0000000   0.0000000   0.0000000
   0.0000000   0.0000000   0.0000000   0.0000000   0.0000000   0.0000000
 TTTTTTTTTTTTTTTTTTTTTTTTTTTTTT MOQGAD      TELAPSE       70.88 TCPU       69.62
 TTTTTTTTTTTTTTTTTTTTTTTTTTTTTT SHELLXN     TELAPSE       82.95 TCPU       81.69
 TTTTTTTTTTTTTTTTTTTTTTTTTTTTTT MONMO3      TELAPSE       83.02 TCPU       81.75
 NUMERICALLY INTEGRATED DENSITY    180.0000064927    180.0000064927
 TTTTTTTTTTTTTTTTTTTTTTTTTTTTTT NUMDFT      TELAPSE       83.64 TCPU       82.38
 CYC   5 ETOT(AU) -2.285091827028E+03 DETOT  3.06E-05 tst  1.03E-06 PX  1.44E-03
 TTTTTTTTTTTTTTTTTTTTTTTTTTTTTT DIIS        TELAPSE       83.67 TCPU       82.40
 DIIS TEST: 0.36960E-02 AT SCF   CYCLE   5 - DIIS ACTIVE - HISTORY:     5 CYCLES
 TTTTTTTTTTTTTTTTTTTTTTTTTTTTTT FDIK        TELAPSE       84.28 TCPU       83.01

    ALPHA      ELECTRONS
 INSULATING STATE
 TOP OF VALENCE BANDS -    BAND    180; K    3; EIG -1.6365991E-01 AU
 TOP OF VALENCE BANDS -    BAND    180; K    1; EIG -1.7265064E-01 AU
 BOTTOM OF VIRTUAL BANDS - BAND    181; K    3; EIG -8.3123684E-02 AU
 DIRECT ENERGY BAND GAP:   2.1915 eV
 BOTTOM OF VIRTUAL BANDS - BAND    181; K    1; EIG -6.8037966E-02 AU

    BETA       ELECTRONS
 INSULATING STATE
 TOP OF VALENCE BANDS -    BAND    180; K    3; EIG -1.6365991E-01 AU
 TOP OF VALENCE BANDS -    BAND    180; K    1; EIG -1.7265064E-01 AU
 BOTTOM OF VIRTUAL BANDS - BAND    181; K    3; EIG -8.3123684E-02 AU
 DIRECT ENERGY BAND GAP:   2.1915 eV
 BOTTOM OF VIRTUAL BANDS - BAND    181; K    1; EIG -6.8037966E-02 AU
 TTTTTTTTTTTTTTTTTTTTTTTTTTTTTT PDIG        TELAPSE       84.39 TCPU       83.12
 CHARGE NORMALIZATION FACTOR   1.00000000
 TOTAL ATOMIC CHARGES:
   5.9904417   5.9904417   5.9904417   5.9904417   5.9904417   5.9904417
   5.9904417   5.9904417   5.9904417   5.9904417   5.9904417   5.9904417
   5.9904417   5.9904417   5.9904417   5.9904417   5.9904417   5.9904417
   5.9904417   5.9904417   5.9904417   5.9904417   5.9904417   5.9904417
   6.0089962   6.0089962   6.0089962   6.0089962   6.0089962   6.0089962
   6.0089962   6.0089962   6.0089962   6.0089962   6.0089962   6.0089962
   6.0089962   6.0089962   6.0089962   6.0089962   6.0089962   6.0089962
   6.0089962   6.0089962   6.0089962   6.0089962   6.0089962   6.0089962
   6.0011243   6.0011243   6.0011243   6.0011243   6.0011243   6.0011243
   6.0011243   6.0011243   6.0011243   6.0011243   6.0011243   6.0011243
 SUMMED SPIN DENSITY          -0.00000000
 TOTAL ATOMIC SPINS  :
  -0.0000000  -0.0000000  -0.0000000  -0.0000000  -0.0000000  -0.0000000
  -0.0000000  -0.0000000  -0.0000000  -0.0000000  -0.0000000  -0.0000000
  -0.0000000  -0.0000000  -0.0000000  -0.0000000  -0.0000000  -0.0000000
  -0.0000000  -0.0000000  -0.0000000  -0.0000000  -0.0000000  -0.0000000
   0.0000000   0.0000000   0.0000000   0.0000000   0.0000000   0.0000000
   0.0000000   0.0000000   0.0000000   0.0000000   0.0000000   0.0000000
   0.0000000   0.0000000   0.0000000   0.0000000   0.0000000   0.0000000
   0.0000000   0.0000000   0.0000000   0.0000000   0.0000000   0.0000000
  -0.0000000  -0.0000000  -0.0000000  -0.0000000  -0.0000000  -0.0000000
  -0.0000000  -0.0000000  -0.0000000  -0.0000000  -0.0000000  -0.0000000
 TTTTTTTTTTTTTTTTTTTTTTTTTTTTTT MOQGAD      TELAPSE       84.40 TCPU       83.14
 TTTTTTTTTTTTTTTTTTTTTTTTTTTTTT SHELLXN     TELAPSE       96.48 TCPU       95.20
 TTTTTTTTTTTTTTTTTTTTTTTTTTTTTT MONMO3      TELAPSE       96.54 TCPU       95.27
 NUMERICALLY INTEGRATED DENSITY    180.0000064989    180.0000064989
 TTTTTTTTTTTTTTTTTTTTTTTTTTTTTT NUMDFT      TELAPSE       97.18 TCPU       95.90
 CYC   6 ETOT(AU) -2.285091910083E+03 DETOT -8.31E-05 tst  5.21E-07 PX  6.45E-04
 TTTTTTTTTTTTTTTTTTTTTTTTTTTTTT DIIS        TELAPSE      103.31 TCPU      102.03
 DIIS TEST: 0.48145E-04 AT SCF   CYCLE   6 - DIIS ACTIVE - HISTORY:     6 CYCLES
 TTTTTTTTTTTTTTTTTTTTTTTTTTTTTT FDIK        TELAPSE      103.95 TCPU      102.67

    ALPHA      ELECTRONS
 INSULATING STATE
 TOP OF VALENCE BANDS -    BAND    180; K    3; EIG -1.6371861E-01 AU
 TOP OF VALENCE BANDS -    BAND    180; K    1; EIG -1.7263750E-01 AU
 BOTTOM OF VIRTUAL BANDS - BAND    181; K    3; EIG -8.3128004E-02 AU
 DIRECT ENERGY BAND GAP:   2.1930 eV
 BOTTOM OF VIRTUAL BANDS - BAND    181; K    1; EIG -6.8039613E-02 AU

    BETA       ELECTRONS
 INSULATING STATE
 TOP OF VALENCE BANDS -    BAND    180; K    3; EIG -1.6371861E-01 AU
 TOP OF VALENCE BANDS -    BAND    180; K    1; EIG -1.7263750E-01 AU
 BOTTOM OF VIRTUAL BANDS - BAND    181; K    3; EIG -8.3128004E-02 AU
 DIRECT ENERGY BAND GAP:   2.1930 eV
 BOTTOM OF VIRTUAL BANDS - BAND    181; K    1; EIG -6.8039613E-02 AU
 TTTTTTTTTTTTTTTTTTTTTTTTTTTTTT PDIG        TELAPSE      104.07 TCPU      102.79
 CHARGE NORMALIZATION FACTOR   1.00000000
 TOTAL ATOMIC CHARGES:
   5.9903576   5.9903576   5.9903576   5.9903576   5.9903576   5.9903576
   5.9903576   5.9903576   5.9903576   5.9903576   5.9903576   5.9903576
   5.9903576   5.9903576   5.9903576   5.9903576   5.9903576   5.9903576
   5.9903576   5.9903576   5.9903576   5.9903576   5.9903576   5.9903576
   6.0094515   6.0094515   6.0094515   6.0094515   6.0094515   6.0094515
   6.0094515   6.0094515   6.0094515   6.0094515   6.0094515   6.0094515
   6.0094515   6.0094515   6.0094515   6.0094515   6.0094515   6.0094515
   6.0094515   6.0094515   6.0094515   6.0094515   6.0094515   6.0094515
   6.0003817   6.0003817   6.0003817   6.0003817   6.0003817   6.0003817
   6.0003817   6.0003817   6.0003817   6.0003817   6.0003817   6.0003817
 SUMMED SPIN DENSITY           0.00000000
 TOTAL ATOMIC SPINS  :
  -0.0000000  -0.0000000  -0.0000000  -0.0000000  -0.0000000  -0.0000000
  -0.0000000  -0.0000000  -0.0000000  -0.0000000  -0.0000000  -0.0000000
  -0.0000000  -0.0000000  -0.0000000  -0.0000000  -0.0000000  -0.0000000
  -0.0000000  -0.0000000  -0.0000000  -0.0000000  -0.0000000  -0.0000000
   0.0000000   0.0000000   0.0000000   0.0000000   0.0000000   0.0000000
   0.0000000   0.0000000   0.0000000   0.0000000   0.0000000   0.0000000
   0.0000000   0.0000000   0.0000000   0.0000000   0.0000000   0.0000000
   0.0000000   0.0000000   0.0000000   0.0000000   0.0000000   0.0000000
  -0.0000000  -0.0000000  -0.0000000  -0.0000000  -0.0000000  -0.0000000
  -0.0000000  -0.0000000  -0.0000000  -0.0000000  -0.0000000  -0.0000000
 TTTTTTTTTTTTTTTTTTTTTTTTTTTTTT MOQGAD      TELAPSE      104.08 TCPU      102.80
 TTTTTTTTTTTTTTTTTTTTTTTTTTTTTT SHELLXN     TELAPSE      116.16 TCPU      114.87
 TTTTTTTTTTTTTTTTTTTTTTTTTTTTTT MONMO3      TELAPSE      116.23 TCPU      114.93
 NUMERICALLY INTEGRATED DENSITY    180.0000065020    180.0000065020
 TTTTTTTTTTTTTTTTTTTTTTTTTTTTTT NUMDFT      TELAPSE      116.85 TCPU      115.56
 CYC   7 ETOT(AU) -2.285091911689E+03 DETOT -1.61E-06 tst  6.98E-09 PX  1.18E-04
 TTTTTTTTTTTTTTTTTTTTTTTTTTTTTT DIIS        TELAPSE      116.88 TCPU      115.59
 DIIS TEST: 0.19139E-04 AT SCF   CYCLE   7 - DIIS ACTIVE - HISTORY:     7 CYCLES
 TTTTTTTTTTTTTTTTTTTTTTTTTTTTTT FDIK        TELAPSE      117.46 TCPU      116.17

    ALPHA      ELECTRONS
 INSULATING STATE
 TOP OF VALENCE BANDS -    BAND    180; K    3; EIG -1.6370349E-01 AU
 TOP OF VALENCE BANDS -    BAND    180; K    1; EIG -1.7266020E-01 AU
 BOTTOM OF VIRTUAL BANDS - BAND    181; K    3; EIG -8.3134419E-02 AU
 DIRECT ENERGY BAND GAP:   2.1924 eV
 BOTTOM OF VIRTUAL BANDS - BAND    181; K    1; EIG -6.8051187E-02 AU

    BETA       ELECTRONS
 INSULATING STATE
 TOP OF VALENCE BANDS -    BAND    180; K    3; EIG -1.6370349E-01 AU
 TOP OF VALENCE BANDS -    BAND    180; K    1; EIG -1.7266020E-01 AU
 BOTTOM OF VIRTUAL BANDS - BAND    181; K    3; EIG -8.3134419E-02 AU
 DIRECT ENERGY BAND GAP:   2.1924 eV
 BOTTOM OF VIRTUAL BANDS - BAND    181; K    1; EIG -6.8051187E-02 AU
 TTTTTTTTTTTTTTTTTTTTTTTTTTTTTT PDIG        TELAPSE      117.57 TCPU      116.28
 CHARGE NORMALIZATION FACTOR   1.00000000
 TOTAL ATOMIC CHARGES:
   5.9905298   5.9905298   5.9905298   5.9905298   5.9905298   5.9905298
   5.9905298   5.9905298   5.9905298   5.9905298   5.9905298   5.9905298
   5.9905298   5.9905298   5.9905298   5.9905298   5.9905298   5.9905298
   5.9905298   5.9905298   5.9905298   5.9905298   5.9905298   5.9905298
   6.0091344   6.0091344   6.0091344   6.0091344   6.0091344   6.0091344
   6.0091344   6.0091344   6.0091344   6.0091344   6.0091344   6.0091344
   6.0091344   6.0091344   6.0091344   6.0091344   6.0091344   6.0091344
   6.0091344   6.0091344   6.0091344   6.0091344   6.0091344   6.0091344
   6.0006716   6.0006716   6.0006716   6.0006716   6.0006716   6.0006716
   6.0006716   6.0006716   6.0006716   6.0006716   6.0006716   6.0006716
 SUMMED SPIN DENSITY           0.00000000
 TOTAL ATOMIC SPINS  :
  -0.0000000  -0.0000000  -0.0000000  -0.0000000  -0.0000000  -0.0000000
  -0.0000000  -0.0000000  -0.0000000  -0.0000000  -0.0000000  -0.0000000
  -0.0000000  -0.0000000  -0.0000000  -0.0000000  -0.0000000  -0.0000000
  -0.0000000  -0.0000000  -0.0000000  -0.0000000  -0.0000000  -0.0000000
   0.0000000   0.0000000   0.0000000   0.0000000   0.0000000   0.0000000
   0.0000000   0.0000000   0.0000000   0.0000000   0.0000000   0.0000000
   0.0000000   0.0000000   0.0000000   0.0000000   0.0000000   0.0000000
   0.0000000   0.0000000   0.0000000   0.0000000   0.0000000   0.0000000
  -0.0000000  -0.0000000  -0.0000000  -0.0000000  -0.0000000  -0.0000000
  -0.0000000  -0.0000000  -0.0000000  -0.0000000  -0.0000000  -0.0000000
 TTTTTTTTTTTTTTTTTTTTTTTTTTTTTT MOQGAD      TELAPSE      117.59 TCPU      116.29
 TTTTTTTTTTTTTTTTTTTTTTTTTTTTTT SHELLXN     TELAPSE      129.68 TCPU      128.37
 TTTTTTTTTTTTTTTTTTTTTTTTTTTTTT MONMO3      TELAPSE      129.74 TCPU      128.43
 NUMERICALLY INTEGRATED DENSITY    180.0000065010    180.0000065010
 TTTTTTTTTTTTTTTTTTTTTTTTTTTTTT NUMDFT      TELAPSE      130.37 TCPU      129.06
 CYC   8 ETOT(AU) -2.285091911917E+03 DETOT -2.28E-07 tst  1.58E-09 PX  4.86E-05
 TTTTTTTTTTTTTTTTTTTTTTTTTTTTTT DIIS        TELAPSE      130.40 TCPU      129.09
 DIIS TEST: 0.42353E-06 AT SCF   CYCLE   8 - DIIS ACTIVE - HISTORY:     8 CYCLES
 TTTTTTTTTTTTTTTTTTTTTTTTTTTTTT FDIK        TELAPSE      131.07 TCPU      129.76

    ALPHA      ELECTRONS
 INSULATING STATE
 TOP OF VALENCE BANDS -    BAND    180; K    3; EIG -1.6370441E-01 AU
 TOP OF VALENCE BANDS -    BAND    180; K    1; EIG -1.7265707E-01 AU
 BOTTOM OF VIRTUAL BANDS - BAND    181; K    3; EIG -8.3132057E-02 AU
 DIRECT ENERGY BAND GAP:   2.1925 eV
 BOTTOM OF VIRTUAL BANDS - BAND    181; K    1; EIG -6.8048463E-02 AU

    BETA       ELECTRONS
 INSULATING STATE
 TOP OF VALENCE BANDS -    BAND    180; K    3; EIG -1.6370441E-01 AU
 TOP OF VALENCE BANDS -    BAND    180; K    1; EIG -1.7265707E-01 AU
 BOTTOM OF VIRTUAL BANDS - BAND    181; K    3; EIG -8.3132057E-02 AU
 DIRECT ENERGY BAND GAP:   2.1925 eV
 BOTTOM OF VIRTUAL BANDS - BAND    181; K    1; EIG -6.8048463E-02 AU
 TTTTTTTTTTTTTTTTTTTTTTTTTTTTTT PDIG        TELAPSE      131.18 TCPU      129.87
 CHARGE NORMALIZATION FACTOR   1.00000000
 TOTAL ATOMIC CHARGES:
   5.9905103   5.9905103   5.9905103   5.9905103   5.9905103   5.9905103
   5.9905103   5.9905103   5.9905103   5.9905103   5.9905103   5.9905103
   5.9905103   5.9905103   5.9905103   5.9905103   5.9905103   5.9905103
   5.9905103   5.9905103   5.9905103   5.9905103   5.9905103   5.9905103
   6.0091697   6.0091697   6.0091697   6.0091697   6.0091697   6.0091697
   6.0091697   6.0091697   6.0091697   6.0091697   6.0091697   6.0091697
   6.0091697   6.0091697   6.0091697   6.0091697   6.0091697   6.0091697
   6.0091697   6.0091697   6.0091697   6.0091697   6.0091697   6.0091697
   6.0006401   6.0006401   6.0006401   6.0006401   6.0006401   6.0006401
   6.0006401   6.0006401   6.0006401   6.0006401   6.0006401   6.0006401
 SUMMED SPIN DENSITY           0.00000000
 TOTAL ATOMIC SPINS  :
  -0.0000000  -0.0000000  -0.0000000  -0.0000000  -0.0000000  -0.0000000
  -0.0000000  -0.0000000  -0.0000000  -0.0000000  -0.0000000  -0.0000000
  -0.0000000  -0.0000000  -0.0000000  -0.0000000  -0.0000000  -0.0000000
  -0.0000000  -0.0000000  -0.0000000  -0.0000000  -0.0000000  -0.0000000
   0.0000000   0.0000000   0.0000000   0.0000000   0.0000000   0.0000000
   0.0000000   0.0000000   0.0000000   0.0000000   0.0000000   0.0000000
   0.0000000   0.0000000   0.0000000   0.0000000   0.0000000   0.0000000
   0.0000000   0.0000000   0.0000000   0.0000000   0.0000000   0.0000000
  -0.0000000  -0.0000000  -0.0000000  -0.0000000  -0.0000000  -0.0000000
  -0.0000000  -0.0000000  -0.0000000  -0.0000000  -0.0000000  -0.0000000
 TTTTTTTTTTTTTTTTTTTTTTTTTTTTTT MOQGAD      TELAPSE      131.20 TCPU      129.88
 TTTTTTTTTTTTTTTTTTTTTTTTTTTTTT SHELLXN     TELAPSE      143.28 TCPU      141.96
 TTTTTTTTTTTTTTTTTTTTTTTTTTTTTT MONMO3      TELAPSE      143.35 TCPU      142.02
 NUMERICALLY INTEGRATED DENSITY    180.0000065011    180.0000065011
 TTTTTTTTTTTTTTTTTTTTTTTTTTTTTT NUMDFT      TELAPSE      143.97 TCPU      142.65
 CYC   9 ETOT(AU) -2.285091911968E+03 DETOT -5.07E-08 tst  2.12E-11 PX  7.34E-06
 TTTTTTTTTTTTTTTTTTTTTTTTTTTTTT DIIS        TELAPSE      144.00 TCPU      142.68
 DIIS TEST: 0.23621E-08 AT SCF   CYCLE   9 - DIIS ACTIVE - HISTORY:     9 CYCLES
 TTTTTTTTTTTTTTTTTTTTTTTTTTTTTT FDIK        TELAPSE      144.60 TCPU      143.28

    ALPHA      ELECTRONS
 INSULATING STATE
 TOP OF VALENCE BANDS -    BAND    180; K    3; EIG -1.6370452E-01 AU
 TOP OF VALENCE BANDS -    BAND    180; K    1; EIG -1.7265708E-01 AU
 BOTTOM OF VIRTUAL BANDS - BAND    181; K    3; EIG -8.3131881E-02 AU
 DIRECT ENERGY BAND GAP:   2.1925 eV
 BOTTOM OF VIRTUAL BANDS - BAND    181; K    1; EIG -6.8048293E-02 AU

    BETA       ELECTRONS
 INSULATING STATE
 TOP OF VALENCE BANDS -    BAND    180; K    3; EIG -1.6370452E-01 AU
 TOP OF VALENCE BANDS -    BAND    180; K    1; EIG -1.7265708E-01 AU
 BOTTOM OF VIRTUAL BANDS - BAND    181; K    3; EIG -8.3131881E-02 AU
 DIRECT ENERGY BAND GAP:   2.1925 eV
 BOTTOM OF VIRTUAL BANDS - BAND    181; K    1; EIG -6.8048293E-02 AU
 TTTTTTTTTTTTTTTTTTTTTTTTTTTTTT PDIG        TELAPSE      144.72 TCPU      143.39
 CHARGE NORMALIZATION FACTOR   1.00000000
 TOTAL ATOMIC CHARGES:
   5.9905109   5.9905109   5.9905109   5.9905109   5.9905109   5.9905109
   5.9905109   5.9905109   5.9905109   5.9905109   5.9905109   5.9905109
   5.9905109   5.9905109   5.9905109   5.9905109   5.9905109   5.9905109
   5.9905109   5.9905109   5.9905109   5.9905109   5.9905109   5.9905109
   6.0091702   6.0091702   6.0091702   6.0091702   6.0091702   6.0091702
   6.0091702   6.0091702   6.0091702   6.0091702   6.0091702   6.0091702
   6.0091702   6.0091702   6.0091702   6.0091702   6.0091702   6.0091702
   6.0091702   6.0091702   6.0091702   6.0091702   6.0091702   6.0091702
   6.0006376   6.0006376   6.0006376   6.0006376   6.0006376   6.0006376
   6.0006376   6.0006376   6.0006376   6.0006376   6.0006376   6.0006376
 SUMMED SPIN DENSITY          -0.00000000
 TOTAL ATOMIC SPINS  :
  -0.0000000  -0.0000000  -0.0000000  -0.0000000  -0.0000000  -0.0000000
  -0.0000000  -0.0000000  -0.0000000  -0.0000000  -0.0000000  -0.0000000
  -0.0000000  -0.0000000  -0.0000000  -0.0000000  -0.0000000  -0.0000000
  -0.0000000  -0.0000000  -0.0000000  -0.0000000  -0.0000000  -0.0000000
   0.0000000   0.0000000   0.0000000   0.0000000   0.0000000   0.0000000
   0.0000000   0.0000000   0.0000000   0.0000000   0.0000000   0.0000000
   0.0000000   0.0000000   0.0000000   0.0000000   0.0000000   0.0000000
   0.0000000   0.0000000   0.0000000   0.0000000   0.0000000   0.0000000
  -0.0000000  -0.0000000  -0.0000000  -0.0000000  -0.0000000  -0.0000000
  -0.0000000  -0.0000000  -0.0000000  -0.0000000  -0.0000000  -0.0000000
 TTTTTTTTTTTTTTTTTTTTTTTTTTTTTT MOQGAD      TELAPSE      144.73 TCPU      143.40
 TTTTTTTTTTTTTTTTTTTTTTTTTTTTTT SHELLXN     TELAPSE      156.80 TCPU      155.47
 TTTTTTTTTTTTTTTTTTTTTTTTTTTTTT MONMO3      TELAPSE      156.87 TCPU      155.53
 NUMERICALLY INTEGRATED DENSITY    180.0000065011    180.0000065011
 TTTTTTTTTTTTTTTTTTTTTTTTTTTTTT NUMDFT      TELAPSE      157.49 TCPU      156.15
 CYC  10 ETOT(AU) -2.285091911972E+03 DETOT -4.35E-09 tst  5.26E-13 PX  1.86E-06
 TTTTTTTTTTTTTTTTTTTTTTTTTTTTTT DIIS        TELAPSE      157.52 TCPU      156.18
 DIIS TEST: 0.27427E-09 AT SCF   CYCLE  10 - DIIS ACTIVE - HISTORY:    10 CYCLES
 TTTTTTTTTTTTTTTTTTTTTTTTTTTTTT FDIK        TELAPSE      158.01 TCPU      156.67

    ALPHA      ELECTRONS
 INSULATING STATE
 TOP OF VALENCE BANDS -    BAND    180; K    3; EIG -1.6370450E-01 AU
 TOP OF VALENCE BANDS -    BAND    180; K    1; EIG -1.7265709E-01 AU
 BOTTOM OF VIRTUAL BANDS - BAND    181; K    3; EIG -8.3131848E-02 AU
 DIRECT ENERGY BAND GAP:   2.1925 eV
 BOTTOM OF VIRTUAL BANDS - BAND    181; K    1; EIG -6.8048269E-02 AU

    BETA       ELECTRONS
 INSULATING STATE
 TOP OF VALENCE BANDS -    BAND    180; K    3; EIG -1.6370450E-01 AU
 TOP OF VALENCE BANDS -    BAND    180; K    1; EIG -1.7265709E-01 AU
 BOTTOM OF VIRTUAL BANDS - BAND    181; K    3; EIG -8.3131848E-02 AU
 DIRECT ENERGY BAND GAP:   2.1925 eV
 BOTTOM OF VIRTUAL BANDS - BAND    181; K    1; EIG -6.8048269E-02 AU
 TTTTTTTTTTTTTTTTTTTTTTTTTTTTTT PDIG        TELAPSE      158.12 TCPU      156.78
 CHARGE NORMALIZATION FACTOR   1.00000000
 TOTAL ATOMIC CHARGES:
   5.9905107   5.9905107   5.9905107   5.9905107   5.9905107   5.9905107
   5.9905107   5.9905107   5.9905107   5.9905107   5.9905107   5.9905107
   5.9905107   5.9905107   5.9905107   5.9905107   5.9905107   5.9905107
   5.9905107   5.9905107   5.9905107   5.9905107   5.9905107   5.9905107
   6.0091702   6.0091702   6.0091702   6.0091702   6.0091702   6.0091702
   6.0091702   6.0091702   6.0091702   6.0091702   6.0091702   6.0091702
   6.0091702   6.0091702   6.0091702   6.0091702   6.0091702   6.0091702
   6.0091702   6.0091702   6.0091702   6.0091702   6.0091702   6.0091702
   6.0006381   6.0006381   6.0006381   6.0006381   6.0006381   6.0006381
   6.0006381   6.0006381   6.0006381   6.0006381   6.0006381   6.0006381
 SUMMED SPIN DENSITY          -0.00000000
 TOTAL ATOMIC SPINS  :
  -0.0000000  -0.0000000  -0.0000000  -0.0000000  -0.0000000  -0.0000000
  -0.0000000  -0.0000000  -0.0000000  -0.0000000  -0.0000000  -0.0000000
  -0.0000000  -0.0000000  -0.0000000  -0.0000000  -0.0000000  -0.0000000
  -0.0000000  -0.0000000  -0.0000000  -0.0000000  -0.0000000  -0.0000000
   0.0000000   0.0000000   0.0000000   0.0000000   0.0000000   0.0000000
   0.0000000   0.0000000   0.0000000   0.0000000   0.0000000   0.0000000
   0.0000000   0.0000000   0.0000000   0.0000000   0.0000000   0.0000000
   0.0000000   0.0000000   0.0000000   0.0000000   0.0000000   0.0000000
  -0.0000000  -0.0000000  -0.0000000  -0.0000000  -0.0000000  -0.0000000
  -0.0000000  -0.0000000  -0.0000000  -0.0000000  -0.0000000  -0.0000000
 TTTTTTTTTTTTTTTTTTTTTTTTTTTTTT MOQGAD      TELAPSE      158.13 TCPU      156.79
 TTTTTTTTTTTTTTTTTTTTTTTTTTTTTT SHELLXN     TELAPSE      170.21 TCPU      168.86
 TTTTTTTTTTTTTTTTTTTTTTTTTTTTTT MONMO3      TELAPSE      170.28 TCPU      168.93
 NUMERICALLY INTEGRATED DENSITY    180.0000065011    180.0000065011
 TTTTTTTTTTTTTTTTTTTTTTTTTTTTTT NUMDFT      TELAPSE      170.90 TCPU      169.55
 CYC  11 ETOT(AU) -2.285091911971E+03 DETOT  1.30E-09 tst  2.61E-14 PX  5.32E-07
 TTTTTTTTTTTTTTTTTTTTTTTTTTTTTT DIIS        TELAPSE      170.93 TCPU      169.58
 DIIS TEST: 0.46425E-10 AT SCF   CYCLE  11 - DIIS ACTIVE - HISTORY:    11 CYCLES
 TTTTTTTTTTTTTTTTTTTTTTTTTTTTTT FDIK        TELAPSE      171.32 TCPU      169.96

    ALPHA      ELECTRONS
 INSULATING STATE
 TOP OF VALENCE BANDS -    BAND    180; K    3; EIG -1.6370449E-01 AU
 TOP OF VALENCE BANDS -    BAND    180; K    1; EIG -1.7265709E-01 AU
 BOTTOM OF VIRTUAL BANDS - BAND    181; K    3; EIG -8.3131833E-02 AU
 DIRECT ENERGY BAND GAP:   2.1925 eV
 BOTTOM OF VIRTUAL BANDS - BAND    181; K    1; EIG -6.8048256E-02 AU

    BETA       ELECTRONS
 INSULATING STATE
 TOP OF VALENCE BANDS -    BAND    180; K    3; EIG -1.6370449E-01 AU
 TOP OF VALENCE BANDS -    BAND    180; K    1; EIG -1.7265709E-01 AU
 BOTTOM OF VIRTUAL BANDS - BAND    181; K    3; EIG -8.3131833E-02 AU
 DIRECT ENERGY BAND GAP:   2.1925 eV
 BOTTOM OF VIRTUAL BANDS - BAND    181; K    1; EIG -6.8048256E-02 AU
 TTTTTTTTTTTTTTTTTTTTTTTTTTTTTT PDIG        TELAPSE      171.43 TCPU      170.08
 CHARGE NORMALIZATION FACTOR   1.00000000
 TOTAL ATOMIC CHARGES:
   5.9905107   5.9905107   5.9905107   5.9905107   5.9905107   5.9905107
   5.9905107   5.9905107   5.9905107   5.9905107   5.9905107   5.9905107
   5.9905107   5.9905107   5.9905107   5.9905107   5.9905107   5.9905107
   5.9905107   5.9905107   5.9905107   5.9905107   5.9905107   5.9905107
   6.0091702   6.0091702   6.0091702   6.0091702   6.0091702   6.0091702
   6.0091702   6.0091702   6.0091702   6.0091702   6.0091702   6.0091702
   6.0091702   6.0091702   6.0091702   6.0091702   6.0091702   6.0091702
   6.0091702   6.0091702   6.0091702   6.0091702   6.0091702   6.0091702
   6.0006381   6.0006381   6.0006381   6.0006381   6.0006381   6.0006381
   6.0006381   6.0006381   6.0006381   6.0006381   6.0006381   6.0006381
 SUMMED SPIN DENSITY          -0.00000000
 TOTAL ATOMIC SPINS  :
  -0.0000000  -0.0000000  -0.0000000  -0.0000000  -0.0000000  -0.0000000
  -0.0000000  -0.0000000  -0.0000000  -0.0000000  -0.0000000  -0.0000000
  -0.0000000  -0.0000000  -0.0000000  -0.0000000  -0.0000000  -0.0000000
  -0.0000000  -0.0000000  -0.0000000  -0.0000000  -0.0000000  -0.0000000
   0.0000000   0.0000000   0.0000000   0.0000000   0.0000000   0.0000000
   0.0000000   0.0000000   0.0000000   0.0000000   0.0000000   0.0000000
   0.0000000   0.0000000   0.0000000   0.0000000   0.0000000   0.0000000
   0.0000000   0.0000000   0.0000000   0.0000000   0.0000000   0.0000000
  -0.0000000  -0.0000000  -0.0000000  -0.0000000  -0.0000000  -0.0000000
  -0.0000000  -0.0000000  -0.0000000  -0.0000000  -0.0000000  -0.0000000
 TTTTTTTTTTTTTTTTTTTTTTTTTTTTTT MOQGAD      TELAPSE      171.44 TCPU      170.09
 TTTTTTTTTTTTTTTTTTTTTTTTTTTTTT SHELLXN     TELAPSE      183.52 TCPU      182.16
 TTTTTTTTTTTTTTTTTTTTTTTTTTTTTT MONMO3      TELAPSE      183.58 TCPU      182.22
 NUMERICALLY INTEGRATED DENSITY    180.0000065011    180.0000065011
 TTTTTTTTTTTTTTTTTTTTTTTTTTTTTT NUMDFT      TELAPSE      184.20 TCPU      182.84
 CYC  12 ETOT(AU) -2.285091911971E+03 DETOT -1.92E-10 tst  1.38E-15 PX  2.95E-08
 TTTTTTTTTTTTTTTTTTTTTTTTTTTTTT DIIS        TELAPSE      184.23 TCPU      182.86
 DIIS TEST: 0.34757E-10 AT SCF   CYCLE  12 - DIIS ACTIVE - HISTORY:    12 CYCLES
 TTTTTTTTTTTTTTTTTTTTTTTTTTTTTT FDIK        TELAPSE      184.61 TCPU      183.24

    ALPHA      ELECTRONS
 INSULATING STATE
 TOP OF VALENCE BANDS -    BAND    180; K    3; EIG -1.6370449E-01 AU
 TOP OF VALENCE BANDS -    BAND    180; K    1; EIG -1.7265709E-01 AU
 BOTTOM OF VIRTUAL BANDS - BAND    181; K    3; EIG -8.3131831E-02 AU
 DIRECT ENERGY BAND GAP:   2.1925 eV
 BOTTOM OF VIRTUAL BANDS - BAND    181; K    1; EIG -6.8048255E-02 AU

    BETA       ELECTRONS
 INSULATING STATE
 TOP OF VALENCE BANDS -    BAND    180; K    3; EIG -1.6370449E-01 AU
 TOP OF VALENCE BANDS -    BAND    180; K    1; EIG -1.7265709E-01 AU
 BOTTOM OF VIRTUAL BANDS - BAND    181; K    3; EIG -8.3131831E-02 AU
 DIRECT ENERGY BAND GAP:   2.1925 eV
 BOTTOM OF VIRTUAL BANDS - BAND    181; K    1; EIG -6.8048255E-02 AU
 TTTTTTTTTTTTTTTTTTTTTTTTTTTTTT PDIG        TELAPSE      184.72 TCPU      183.35
 CHARGE NORMALIZATION FACTOR   1.00000000
 TOTAL ATOMIC CHARGES:
   5.9905107   5.9905107   5.9905107   5.9905107   5.9905107   5.9905107
   5.9905107   5.9905107   5.9905107   5.9905107   5.9905107   5.9905107
   5.9905107   5.9905107   5.9905107   5.9905107   5.9905107   5.9905107
   5.9905107   5.9905107   5.9905107   5.9905107   5.9905107   5.9905107
   6.0091702   6.0091702   6.0091702   6.0091702   6.0091702   6.0091702
   6.0091702   6.0091702   6.0091702   6.0091702   6.0091702   6.0091702
   6.0091702   6.0091702   6.0091702   6.0091702   6.0091702   6.0091702
   6.0091702   6.0091702   6.0091702   6.0091702   6.0091702   6.0091702
   6.0006381   6.0006381   6.0006381   6.0006381   6.0006381   6.0006381
   6.0006381   6.0006381   6.0006381   6.0006381   6.0006381   6.0006381
 SUMMED SPIN DENSITY          -0.00000000
 TOTAL ATOMIC SPINS  :
  -0.0000000  -0.0000000  -0.0000000  -0.0000000  -0.0000000  -0.0000000
  -0.0000000  -0.0000000  -0.0000000  -0.0000000  -0.0000000  -0.0000000
  -0.0000000  -0.0000000  -0.0000000  -0.0000000  -0.0000000  -0.0000000
  -0.0000000  -0.0000000  -0.0000000  -0.0000000  -0.0000000  -0.0000000
   0.0000000   0.0000000   0.0000000   0.0000000   0.0000000   0.0000000
   0.0000000   0.0000000   0.0000000   0.0000000   0.0000000   0.0000000
   0.0000000   0.0000000   0.0000000   0.0000000   0.0000000   0.0000000
   0.0000000   0.0000000   0.0000000   0.0000000   0.0000000   0.0000000
  -0.0000000  -0.0000000  -0.0000000  -0.0000000  -0.0000000  -0.0000000
  -0.0000000  -0.0000000  -0.0000000  -0.0000000  -0.0000000  -0.0000000
 TTTTTTTTTTTTTTTTTTTTTTTTTTTTTT MOQGAD      TELAPSE      184.73 TCPU      183.36
 TTTTTTTTTTTTTTTTTTTTTTTTTTTTTT SHELLXN     TELAPSE      196.81 TCPU      195.44
 +++ ENERGIES IN A.U. +++
 ::: EXT EL-POLE                                  -6.3507686786605E+03
 ::: EXT EL-SPHEROPOLE                             5.7570362619475E+01
 ::: BIELET ZONE E-E                               7.1038294593986E+03
 ::: TOTAL E-E                                     8.1063114335762E+02
 ::: TOTAL E-N + N-E                              -4.7858325103458E+03
 ::: TOTAL N-N                                    -3.2538952714184E+02
 ::: KINETIC ENERGY                                2.2791152487224E+03
 ::: PSEUDO TOTAL   ENERGY                        -2.0214756454077E+03
 ::: VIRIAL COEFFICIENT                            1.0599079544317E+00
 TTTTTTTTTTTTTTTTTTTTTTTTTTTTTT MONMO3      TELAPSE      196.88 TCPU      195.50
 NUMERICALLY INTEGRATED DENSITY    180.0000065011    180.0000065011
 EXCHANGE ENERGY: -0.248641766379E+03  CORRELATION ENERGY: -0.149745001849E+02
 TTTTTTTTTTTTTTTTTTTTTTTTTTTTTT NUMDFT      TELAPSE      197.48 TCPU      196.11
 CYC  13 ETOT(AU) -2.285091911971E+03 DETOT -5.91E-12 tst  7.67E-16 PX  2.95E-08

 == SCF ENDED - CONVERGENCE ON ENERGY      E(AU) -2.2850919119711E+03 CYCLES  13


 ENERGY EXPRESSION=HARTREE+FOCK EXCH*0.20000+(BECKE      EXCH)*0.80000+LYP        CORR


 TOTAL ENERGY(DFT)(AU)( 13) -2.2850919119711E+03 DE-5.9E-12 tester 7.7E-16
 TTTTTTTTTTTTTTTTTTTTTTTTTTTTTT EDFT        TELAPSE      197.50 TCPU      196.12
 
 INFORMATION **** DFTD3 ENERGY **** CALCULATE DFTD3 ENERGY

           DFT-D V3(BJ)
 DF                                         b3-lyp    
 parameters
 s6       :    1.0000
 s8       :    1.9889
 a1       :    0.3981
 a2       :    4.4211
 k1 k3    :   16.0000   -4.0000
 Cutoff   :   50.2022
 CN-Cutoff:   21.1671
 ABC-Cutoff:   21.1671
 
 Edisp /kcal,au:  -280.0249 -0.44624808

 E6    /kcal :  -135.3669
 E8    /kcal :  -144.6580
 
 INFORMATION **** DFTD3 ENERGY **** NORMAL TERMINATION OF DFTD3 MODULE

 *******************************************************************************

 DFT-D3 DISPERSION ENERGY CORRECTION

 D3 DISPERSION ENERGY (AU)       -4.4624808410976E-01
 TOTAL ENERGY + DISP (AU)        -2.2855381600553E+03

 *******************************************************************************


 NEIGHBORS OF THE NON-EQUIVALENT ATOMS

 N = NUMBER OF NEIGHBORS AT DISTANCE R
    ATOM  N     R/ANG      R/AU   NEIGHBORS (ATOM LABELS AND CELL INDICES)
   1 C    1     1.3820     2.6117   30 C    0 0 0
   1 C    1     1.4464     2.7332   16 C    0 0 0
   1 C    1     1.4507     2.7413   25 C    1 0-1
   1 C    1     2.3435     4.4286   40 C    1 0-1
   1 C    1     2.3486     4.4383   49 C    1 0-1
   1 C    2     2.4447     4.6198    5 C    1 0-1    6 C    0 1-1

  25 C    1     1.3820     2.6117    5 C    0 0 0
  25 C    1     1.4498     2.7398   49 C    0 0 0
  25 C    1     1.4507     2.7413    1 C   -1 0 1
  25 C    1     2.3421     4.4260   40 C    0 0 0
  25 C    1     2.3435     4.4286   16 C   -1 0 1
  25 C    1     2.4518     4.6333   19 C    0 0 0

  49 C    1     1.3882     2.6234   51 C    0 0 0
  49 C    2     1.4498     2.7398   25 C    0 0 0   40 C    0 0 0
  49 C    2     2.3486     4.4383    1 C   -1 0 1   16 C   -1 0 1
  49 C    2     2.4512     4.6321    5 C    0 0 0   23 C    0 0 0
  49 C    2     2.4573     4.6437   27 C    0 0 0   38 C    0 0 0
  49 C    2     2.8313     5.3504    9 C    0 0 0   19 C    0 0 0

 TTTTTTTTTTTTTTTTTTTTTTTTTTTTTT AFTER FIRST TELAPSE      197.72 TCPU      196.33
 MMMMMMMMMMMMMMMMMMMMMMMMMMMMMMMMMMMMMMMMMMMMMMMMMMMMMMMMMMMMMMMMMMMMMMMMMMMMMMM
     ALPHA+BETA ELECTRONS
 MULLIKEN POPULATION ANALYSIS - NO. OF ELECTRONS  360.000000

  ATOM    Z CHARGE  A.O. POPULATION

   1 C    6  5.991  0.854  1.121  0.765  0.404  0.457  0.475  0.431 -0.019
                    0.006 -0.032  0.507  0.434  0.546  0.008  0.007  0.007
                    0.010  0.008
   2 C    6  5.991  0.854  1.121  0.765  0.404  0.457  0.475  0.431 -0.019
                    0.006 -0.032  0.507  0.434  0.546  0.008  0.007  0.007
                    0.010  0.008
   3 C    6  5.991  0.854  1.121  0.765  0.404  0.457  0.475  0.431 -0.019
                    0.006 -0.032  0.507  0.434  0.546  0.008  0.007  0.007
                    0.010  0.008
   4 C    6  5.991  0.854  1.121  0.765  0.404  0.457  0.475  0.431 -0.019
                    0.006 -0.032  0.507  0.434  0.546  0.008  0.007  0.007
                    0.010  0.008
   5 C    6  5.991  0.854  1.121  0.765  0.404  0.431  0.457  0.475 -0.032
                   -0.019  0.006  0.546  0.507  0.434  0.011  0.007  0.008
                    0.007  0.007
   6 C    6  5.991  0.854  1.121  0.765  0.404  0.475  0.431  0.457  0.006
                   -0.032 -0.019  0.434  0.546  0.507  0.008  0.008  0.007
                    0.010  0.007
   7 C    6  5.991  0.854  1.121  0.765  0.404  0.431  0.457  0.475 -0.032
                   -0.019  0.006  0.546  0.507  0.434  0.011  0.007  0.008
                    0.007  0.007
   8 C    6  5.991  0.854  1.121  0.765  0.404  0.475  0.431  0.457  0.006
                   -0.032 -0.019  0.434  0.546  0.507  0.008  0.008  0.007
                    0.010  0.007
   9 C    6  5.991  0.854  1.121  0.765  0.404  0.431  0.457  0.475 -0.032
                   -0.019  0.006  0.546  0.507  0.434  0.011  0.007  0.008
                    0.007  0.007
  10 C    6  5.991  0.854  1.121  0.765  0.404  0.475  0.431  0.457  0.006
                   -0.032 -0.019  0.434  0.546  0.507  0.008  0.008  0.007
                    0.010  0.007
  11 C    6  5.991  0.854  1.121  0.765  0.404  0.431  0.457  0.475 -0.032
                   -0.019  0.006  0.546  0.507  0.434  0.011  0.007  0.008
                    0.007  0.007
  12 C    6  5.991  0.854  1.121  0.765  0.404  0.475  0.431  0.457  0.006
                   -0.032 -0.019  0.434  0.546  0.507  0.008  0.008  0.007
                    0.010  0.007
  13 C    6  5.991  0.854  1.121  0.765  0.404  0.457  0.475  0.431 -0.019
                    0.006 -0.032  0.507  0.434  0.546  0.008  0.007  0.007
                    0.010  0.008
  14 C    6  5.991  0.854  1.121  0.765  0.404  0.457  0.475  0.431 -0.019
                    0.006 -0.032  0.507  0.434  0.546  0.008  0.007  0.007
                    0.010  0.008
  15 C    6  5.991  0.854  1.121  0.765  0.404  0.457  0.475  0.431 -0.019
                    0.006 -0.032  0.507  0.434  0.546  0.008  0.007  0.007
                    0.010  0.008
  16 C    6  5.991  0.854  1.121  0.765  0.404  0.457  0.475  0.431 -0.019
                    0.006 -0.032  0.507  0.434  0.546  0.008  0.007  0.007
                    0.010  0.008
  17 C    6  5.991  0.854  1.121  0.765  0.404  0.431  0.457  0.475 -0.032
                   -0.019  0.006  0.546  0.507  0.434  0.011  0.007  0.008
                    0.007  0.007
  18 C    6  5.991  0.854  1.121  0.765  0.404  0.475  0.431  0.457  0.006
                   -0.032 -0.019  0.434  0.546  0.507  0.008  0.008  0.007
                    0.010  0.007
  19 C    6  5.991  0.854  1.121  0.765  0.404  0.431  0.457  0.475 -0.032
                   -0.019  0.006  0.546  0.507  0.434  0.011  0.007  0.008
                    0.007  0.007
  20 C    6  5.991  0.854  1.121  0.765  0.404  0.475  0.431  0.457  0.006
                   -0.032 -0.019  0.434  0.546  0.507  0.008  0.008  0.007
                    0.010  0.007
  21 C    6  5.991  0.854  1.121  0.765  0.404  0.431  0.457  0.475 -0.032
                   -0.019  0.006  0.546  0.507  0.434  0.011  0.007  0.008
                    0.007  0.007
  22 C    6  5.991  0.854  1.121  0.765  0.404  0.475  0.431  0.457  0.006
                   -0.032 -0.019  0.434  0.546  0.507  0.008  0.008  0.007
                    0.010  0.007
  23 C    6  5.991  0.854  1.121  0.765  0.404  0.431  0.457  0.475 -0.032
                   -0.019  0.006  0.546  0.507  0.434  0.011  0.007  0.008
                    0.007  0.007
  24 C    6  5.991  0.854  1.121  0.765  0.404  0.475  0.431  0.457  0.006
                   -0.032 -0.019  0.434  0.546  0.507  0.008  0.008  0.007
                    0.010  0.007
  25 C    6  6.009  0.854  1.121  0.759  0.444  0.422  0.480  0.465 -0.045
                    0.001 -0.005  0.566  0.436  0.471  0.007  0.007  0.011
                    0.007  0.007
  26 C    6  6.009  0.854  1.121  0.759  0.444  0.422  0.480  0.465 -0.045
                    0.001 -0.005  0.566  0.436  0.471  0.007  0.007  0.011
                    0.007  0.007
  27 C    6  6.009  0.854  1.121  0.759  0.444  0.422  0.480  0.465 -0.045
                    0.001 -0.005  0.566  0.436  0.471  0.007  0.007  0.011
                    0.007  0.007
  28 C    6  6.009  0.854  1.121  0.759  0.444  0.422  0.480  0.465 -0.045
                    0.001 -0.005  0.566  0.436  0.471  0.007  0.007  0.011
                    0.007  0.007
  29 C    6  6.009  0.854  1.121  0.759  0.444  0.465  0.422  0.480 -0.005
                   -0.045  0.001  0.471  0.566  0.436  0.009  0.011  0.007
                    0.005  0.007
  30 C    6  6.009  0.854  1.121  0.759  0.444  0.480  0.465  0.422  0.001
                   -0.005 -0.045  0.436  0.471  0.566  0.005  0.007  0.007
                    0.009  0.011
  31 C    6  6.009  0.854  1.121  0.759  0.444  0.465  0.422  0.480 -0.005
                   -0.045  0.001  0.471  0.566  0.436  0.009  0.011  0.007
                    0.005  0.007
  32 C    6  6.009  0.854  1.121  0.759  0.444  0.480  0.465  0.422  0.001
                   -0.005 -0.045  0.436  0.471  0.566  0.005  0.007  0.007
                    0.009  0.011
  33 C    6  6.009  0.854  1.121  0.759  0.444  0.465  0.422  0.480 -0.005
                   -0.045  0.001  0.471  0.566  0.436  0.009  0.011  0.007
                    0.005  0.007
  34 C    6  6.009  0.854  1.121  0.759  0.444  0.480  0.465  0.422  0.001
                   -0.005 -0.045  0.436  0.471  0.566  0.005  0.007  0.007
                    0.009  0.011
  35 C    6  6.009  0.854  1.121  0.759  0.444  0.465  0.422  0.480 -0.005
                   -0.045  0.001  0.471  0.566  0.436  0.009  0.011  0.007
                    0.005  0.007
  36 C    6  6.009  0.854  1.121  0.759  0.444  0.480  0.465  0.422  0.001
                   -0.005 -0.045  0.436  0.471  0.566  0.005  0.007  0.007
                    0.009  0.011
  37 C    6  6.009  0.854  1.121  0.759  0.444  0.422  0.480  0.465 -0.045
                    0.001 -0.005  0.566  0.436  0.471  0.007  0.007  0.011
                    0.007  0.007
  38 C    6  6.009  0.854  1.121  0.759  0.444  0.422  0.480  0.465 -0.045
                    0.001 -0.005  0.566  0.436  0.471  0.007  0.007  0.011
                    0.007  0.007
  39 C    6  6.009  0.854  1.121  0.759  0.444  0.422  0.480  0.465 -0.045
                    0.001 -0.005  0.566  0.436  0.471  0.007  0.007  0.011
                    0.007  0.007
  40 C    6  6.009  0.854  1.121  0.759  0.444  0.422  0.480  0.465 -0.045
                    0.001 -0.005  0.566  0.436  0.471  0.007  0.007  0.011
                    0.007  0.007
  41 C    6  6.009  0.854  1.121  0.759  0.444  0.465  0.422  0.480 -0.005
                   -0.045  0.001  0.471  0.566  0.436  0.009  0.011  0.007
                    0.005  0.007
  42 C    6  6.009  0.854  1.121  0.759  0.444  0.480  0.465  0.422  0.001
                   -0.005 -0.045  0.436  0.471  0.566  0.005  0.007  0.007
                    0.009  0.011
  43 C    6  6.009  0.854  1.121  0.759  0.444  0.465  0.422  0.480 -0.005
                   -0.045  0.001  0.471  0.566  0.436  0.009  0.011  0.007
                    0.005  0.007
  44 C    6  6.009  0.854  1.121  0.759  0.444  0.480  0.465  0.422  0.001
                   -0.005 -0.045  0.436  0.471  0.566  0.005  0.007  0.007
                    0.009  0.011
  45 C    6  6.009  0.854  1.121  0.759  0.444  0.465  0.422  0.480 -0.005
                   -0.045  0.001  0.471  0.566  0.436  0.009  0.011  0.007
                    0.005  0.007
  46 C    6  6.009  0.854  1.121  0.759  0.444  0.480  0.465  0.422  0.001
                   -0.005 -0.045  0.436  0.471  0.566  0.005  0.007  0.007
                    0.009  0.011
  47 C    6  6.009  0.854  1.121  0.759  0.444  0.465  0.422  0.480 -0.005
                   -0.045  0.001  0.471  0.566  0.436  0.009  0.011  0.007
                    0.005  0.007
  48 C    6  6.009  0.854  1.121  0.759  0.444  0.480  0.465  0.422  0.001
                   -0.005 -0.045  0.436  0.471  0.566  0.005  0.007  0.007
                    0.009  0.011
  49 C    6  6.001  0.854  1.122  0.757  0.439  0.404  0.468  0.493 -0.069
                    0.009  0.007  0.633  0.430  0.413  0.010  0.006  0.012
                    0.005  0.007
  50 C    6  6.001  0.854  1.122  0.757  0.439  0.404  0.468  0.493 -0.069
                    0.009  0.007  0.633  0.430  0.413  0.010  0.006  0.012
                    0.005  0.007
  51 C    6  6.001  0.854  1.122  0.757  0.439  0.404  0.468  0.493 -0.069
                    0.009  0.007  0.633  0.430  0.413  0.010  0.006  0.012
                    0.005  0.007
  52 C    6  6.001  0.854  1.122  0.757  0.439  0.404  0.468  0.493 -0.069
                    0.009  0.007  0.633  0.430  0.413  0.010  0.006  0.012
                    0.005  0.007
  53 C    6  6.001  0.854  1.122  0.757  0.439  0.493  0.404  0.468  0.007
                   -0.069  0.009  0.413  0.633  0.430  0.008  0.012  0.007
                    0.007  0.006
  54 C    6  6.001  0.854  1.122  0.757  0.439  0.468  0.493  0.404  0.009
                    0.007 -0.069  0.430  0.413  0.633  0.004  0.007  0.006
                    0.011  0.012
  55 C    6  6.001  0.854  1.122  0.757  0.439  0.493  0.404  0.468  0.007
                   -0.069  0.009  0.413  0.633  0.430  0.008  0.012  0.007
                    0.007  0.006
  56 C    6  6.001  0.854  1.122  0.757  0.439  0.468  0.493  0.404  0.009
                    0.007 -0.069  0.430  0.413  0.633  0.004  0.007  0.006
                    0.011  0.012
  57 C    6  6.001  0.854  1.122  0.757  0.439  0.493  0.404  0.468  0.007
                   -0.069  0.009  0.413  0.633  0.430  0.008  0.012  0.007
                    0.007  0.006
  58 C    6  6.001  0.854  1.122  0.757  0.439  0.468  0.493  0.404  0.009
                    0.007 -0.069  0.430  0.413  0.633  0.004  0.007  0.006
                    0.011  0.012
  59 C    6  6.001  0.854  1.122  0.757  0.439  0.493  0.404  0.468  0.007
                   -0.069  0.009  0.413  0.633  0.430  0.008  0.012  0.007
                    0.007  0.006
  60 C    6  6.001  0.854  1.122  0.757  0.439  0.468  0.493  0.404  0.009
                    0.007 -0.069  0.430  0.413  0.633  0.004  0.007  0.006
                    0.011  0.012

  ATOM    Z CHARGE  SHELL POPULATION

   1 C    6  5.991  0.854  1.121  0.765  0.404  1.363 -0.044  1.487  0.040
   2 C    6  5.991  0.854  1.121  0.765  0.404  1.363 -0.044  1.487  0.040
   3 C    6  5.991  0.854  1.121  0.765  0.404  1.363 -0.044  1.487  0.040
   4 C    6  5.991  0.854  1.121  0.765  0.404  1.363 -0.044  1.487  0.040
   5 C    6  5.991  0.854  1.121  0.765  0.404  1.363 -0.044  1.487  0.040
   6 C    6  5.991  0.854  1.121  0.765  0.404  1.363 -0.044  1.487  0.040
   7 C    6  5.991  0.854  1.121  0.765  0.404  1.363 -0.044  1.487  0.040
   8 C    6  5.991  0.854  1.121  0.765  0.404  1.363 -0.044  1.487  0.040
   9 C    6  5.991  0.854  1.121  0.765  0.404  1.363 -0.044  1.487  0.040
  10 C    6  5.991  0.854  1.121  0.765  0.404  1.363 -0.044  1.487  0.040
  11 C    6  5.991  0.854  1.121  0.765  0.404  1.363 -0.044  1.487  0.040
  12 C    6  5.991  0.854  1.121  0.765  0.404  1.363 -0.044  1.487  0.040
  13 C    6  5.991  0.854  1.121  0.765  0.404  1.363 -0.044  1.487  0.040
  14 C    6  5.991  0.854  1.121  0.765  0.404  1.363 -0.044  1.487  0.040
  15 C    6  5.991  0.854  1.121  0.765  0.404  1.363 -0.044  1.487  0.040
  16 C    6  5.991  0.854  1.121  0.765  0.404  1.363 -0.044  1.487  0.040
  17 C    6  5.991  0.854  1.121  0.765  0.404  1.363 -0.044  1.487  0.040
  18 C    6  5.991  0.854  1.121  0.765  0.404  1.363 -0.044  1.487  0.040
  19 C    6  5.991  0.854  1.121  0.765  0.404  1.363 -0.044  1.487  0.040
  20 C    6  5.991  0.854  1.121  0.765  0.404  1.363 -0.044  1.487  0.040
  21 C    6  5.991  0.854  1.121  0.765  0.404  1.363 -0.044  1.487  0.040
  22 C    6  5.991  0.854  1.121  0.765  0.404  1.363 -0.044  1.487  0.040
  23 C    6  5.991  0.854  1.121  0.765  0.404  1.363 -0.044  1.487  0.040
  24 C    6  5.991  0.854  1.121  0.765  0.404  1.363 -0.044  1.487  0.040
  25 C    6  6.009  0.854  1.121  0.759  0.444  1.367 -0.048  1.473  0.040
  26 C    6  6.009  0.854  1.121  0.759  0.444  1.367 -0.048  1.473  0.040
  27 C    6  6.009  0.854  1.121  0.759  0.444  1.367 -0.048  1.473  0.040
  28 C    6  6.009  0.854  1.121  0.759  0.444  1.367 -0.048  1.473  0.040
  29 C    6  6.009  0.854  1.121  0.759  0.444  1.367 -0.048  1.473  0.040
  30 C    6  6.009  0.854  1.121  0.759  0.444  1.367 -0.048  1.473  0.040
  31 C    6  6.009  0.854  1.121  0.759  0.444  1.367 -0.048  1.473  0.040
  32 C    6  6.009  0.854  1.121  0.759  0.444  1.367 -0.048  1.473  0.040
  33 C    6  6.009  0.854  1.121  0.759  0.444  1.367 -0.048  1.473  0.040
  34 C    6  6.009  0.854  1.121  0.759  0.444  1.367 -0.048  1.473  0.040
  35 C    6  6.009  0.854  1.121  0.759  0.444  1.367 -0.048  1.473  0.040
  36 C    6  6.009  0.854  1.121  0.759  0.444  1.367 -0.048  1.473  0.040
  37 C    6  6.009  0.854  1.121  0.759  0.444  1.367 -0.048  1.473  0.040
  38 C    6  6.009  0.854  1.121  0.759  0.444  1.367 -0.048  1.473  0.040
  39 C    6  6.009  0.854  1.121  0.759  0.444  1.367 -0.048  1.473  0.040
  40 C    6  6.009  0.854  1.121  0.759  0.444  1.367 -0.048  1.473  0.040
  41 C    6  6.009  0.854  1.121  0.759  0.444  1.367 -0.048  1.473  0.040
  42 C    6  6.009  0.854  1.121  0.759  0.444  1.367 -0.048  1.473  0.040
  43 C    6  6.009  0.854  1.121  0.759  0.444  1.367 -0.048  1.473  0.040
  44 C    6  6.009  0.854  1.121  0.759  0.444  1.367 -0.048  1.473  0.040
  45 C    6  6.009  0.854  1.121  0.759  0.444  1.367 -0.048  1.473  0.040
  46 C    6  6.009  0.854  1.121  0.759  0.444  1.367 -0.048  1.473  0.040
  47 C    6  6.009  0.854  1.121  0.759  0.444  1.367 -0.048  1.473  0.040
  48 C    6  6.009  0.854  1.121  0.759  0.444  1.367 -0.048  1.473  0.040
  49 C    6  6.001  0.854  1.122  0.757  0.439  1.366 -0.053  1.476  0.040
  50 C    6  6.001  0.854  1.122  0.757  0.439  1.366 -0.053  1.476  0.040
  51 C    6  6.001  0.854  1.122  0.757  0.439  1.366 -0.053  1.476  0.040
  52 C    6  6.001  0.854  1.122  0.757  0.439  1.366 -0.053  1.476  0.040
  53 C    6  6.001  0.854  1.122  0.757  0.439  1.366 -0.053  1.476  0.040
  54 C    6  6.001  0.854  1.122  0.757  0.439  1.366 -0.053  1.476  0.040
  55 C    6  6.001  0.854  1.122  0.757  0.439  1.366 -0.053  1.476  0.040
  56 C    6  6.001  0.854  1.122  0.757  0.439  1.366 -0.053  1.476  0.040
  57 C    6  6.001  0.854  1.122  0.757  0.439  1.366 -0.053  1.476  0.040
  58 C    6  6.001  0.854  1.122  0.757  0.439  1.366 -0.053  1.476  0.040
  59 C    6  6.001  0.854  1.122  0.757  0.439  1.366 -0.053  1.476  0.040
  60 C    6  6.001  0.854  1.122  0.757  0.439  1.366 -0.053  1.476  0.040

 OVERLAP POPULATION CONDENSED TO ATOMS FOR FIRST   6 NEIGHBORS

 ATOM A   1 C    ATOM B     CELL      R(AB)/AU R(AB)/ANG    OVPOP(AB)
                 30 C    (  0  0  0)     2.612     1.382     0.479
                 16 C    (  0  0  0)     2.733     1.446     0.430
                 25 C    (  1  0 -1)     2.741     1.451     0.408
                 40 C    (  1  0 -1)     4.429     2.343    -0.042
                 49 C    (  1  0 -1)     4.438     2.349    -0.041
                  5 C    (  1  0 -1)     4.620     2.445    -0.017

 ATOM A  25 C    ATOM B     CELL      R(AB)/AU R(AB)/ANG    OVPOP(AB)
                  5 C    (  0  0  0)     2.612     1.382     0.479
                 49 C    (  0  0  0)     2.740     1.450     0.423
                  1 C    ( -1  0  1)     2.741     1.451     0.408
                 40 C    (  0  0  0)     4.426     2.342    -0.045
                 16 C    ( -1  0  1)     4.429     2.343    -0.042
                 19 C    (  0  0  0)     4.633     2.452    -0.026

 ATOM A  49 C    ATOM B     CELL      R(AB)/AU R(AB)/ANG    OVPOP(AB)
                 51 C    (  0  0  0)     2.623     1.388     0.482
                 25 C    (  0  0  0)     2.740     1.450     0.423
                  1 C    ( -1  0  1)     4.438     2.349    -0.041
                  5 C    (  0  0  0)     4.632     2.451    -0.025
                 27 C    (  0  0  0)     4.644     2.457    -0.024
                  9 C    (  0  0  0)     5.350     2.831    -0.008
 TTTTTTTTTTTTTTTTTTTTTTTTTTTTTT AFTER FIRST TELAPSE      198.58 TCPU      196.48
 MMMMMMMMMMMMMMMMMMMMMMMMMMMMMMMMMMMMMMMMMMMMMMMMMMMMMMMMMMMMMMMMMMMMMMMMMMMMMMM
     ALPHA-BETA ELECTRONS
 MULLIKEN POPULATION ANALYSIS - NO. OF ELECTRONS   -0.000000

  ATOM    Z CHARGE  A.O. POPULATION

   1 C    6 -0.000  0.000  0.000  0.000 -0.000  0.000 -0.000  0.000 -0.000
                    0.000 -0.000  0.000 -0.000  0.000 -0.000 -0.000 -0.000
                   -0.000 -0.000
   2 C    6 -0.000  0.000  0.000  0.000 -0.000  0.000 -0.000  0.000 -0.000
                    0.000 -0.000  0.000 -0.000  0.000 -0.000 -0.000 -0.000
                   -0.000 -0.000
   3 C    6 -0.000  0.000  0.000  0.000 -0.000  0.000 -0.000  0.000 -0.000
                    0.000 -0.000  0.000 -0.000  0.000 -0.000 -0.000 -0.000
                   -0.000 -0.000
   4 C    6 -0.000  0.000  0.000  0.000 -0.000  0.000 -0.000  0.000 -0.000
                    0.000 -0.000  0.000 -0.000  0.000 -0.000 -0.000 -0.000
                   -0.000 -0.000
   5 C    6 -0.000  0.000  0.000  0.000 -0.000  0.000  0.000 -0.000 -0.000
                   -0.000  0.000  0.000  0.000 -0.000  0.000 -0.000 -0.000
                   -0.000 -0.000
   6 C    6 -0.000  0.000  0.000  0.000 -0.000 -0.000  0.000  0.000  0.000
                   -0.000 -0.000 -0.000  0.000  0.000 -0.000 -0.000 -0.000
                    0.000 -0.000
   7 C    6 -0.000  0.000  0.000  0.000 -0.000  0.000  0.000 -0.000 -0.000
                   -0.000  0.000  0.000  0.000 -0.000  0.000 -0.000 -0.000
                   -0.000 -0.000
   8 C    6 -0.000  0.000  0.000  0.000 -0.000 -0.000  0.000  0.000  0.000
                   -0.000 -0.000 -0.000  0.000  0.000 -0.000 -0.000 -0.000
                    0.000 -0.000
   9 C    6 -0.000  0.000  0.000  0.000 -0.000  0.000  0.000 -0.000 -0.000
                   -0.000  0.000  0.000  0.000 -0.000  0.000 -0.000 -0.000
                   -0.000 -0.000
  10 C    6 -0.000  0.000  0.000  0.000 -0.000 -0.000  0.000  0.000  0.000
                   -0.000 -0.000 -0.000  0.000  0.000 -0.000 -0.000 -0.000
                    0.000 -0.000
  11 C    6 -0.000  0.000  0.000  0.000 -0.000  0.000  0.000 -0.000 -0.000
                   -0.000  0.000  0.000  0.000 -0.000  0.000 -0.000 -0.000
                   -0.000 -0.000
  12 C    6 -0.000  0.000  0.000  0.000 -0.000 -0.000  0.000  0.000  0.000
                   -0.000 -0.000 -0.000  0.000  0.000 -0.000 -0.000 -0.000
                    0.000 -0.000
  13 C    6 -0.000  0.000  0.000  0.000 -0.000  0.000 -0.000  0.000 -0.000
                    0.000 -0.000  0.000 -0.000  0.000 -0.000 -0.000 -0.000
                   -0.000 -0.000
  14 C    6 -0.000  0.000  0.000  0.000 -0.000  0.000 -0.000  0.000 -0.000
                    0.000 -0.000  0.000 -0.000  0.000 -0.000 -0.000 -0.000
                   -0.000 -0.000
  15 C    6 -0.000  0.000  0.000  0.000 -0.000  0.000 -0.000  0.000 -0.000
                    0.000 -0.000  0.000 -0.000  0.000 -0.000 -0.000 -0.000
                   -0.000 -0.000
  16 C    6 -0.000  0.000  0.000  0.000 -0.000  0.000 -0.000  0.000 -0.000
                    0.000 -0.000  0.000 -0.000  0.000 -0.000 -0.000 -0.000
                   -0.000 -0.000
  17 C    6 -0.000  0.000  0.000  0.000 -0.000  0.000  0.000 -0.000 -0.000
                   -0.000  0.000  0.000  0.000 -0.000  0.000 -0.000 -0.000
                   -0.000 -0.000
  18 C    6 -0.000  0.000  0.000  0.000 -0.000 -0.000  0.000  0.000  0.000
                   -0.000 -0.000 -0.000  0.000  0.000 -0.000 -0.000 -0.000
                    0.000 -0.000
  19 C    6 -0.000  0.000  0.000  0.000 -0.000  0.000  0.000 -0.000 -0.000
                   -0.000  0.000  0.000  0.000 -0.000  0.000 -0.000 -0.000
                   -0.000 -0.000
  20 C    6 -0.000  0.000  0.000  0.000 -0.000 -0.000  0.000  0.000  0.000
                   -0.000 -0.000 -0.000  0.000  0.000 -0.000 -0.000 -0.000
                    0.000 -0.000
  21 C    6 -0.000  0.000  0.000  0.000 -0.000  0.000  0.000 -0.000 -0.000
                   -0.000  0.000  0.000  0.000 -0.000  0.000 -0.000 -0.000
                   -0.000 -0.000
  22 C    6 -0.000  0.000  0.000  0.000 -0.000 -0.000  0.000  0.000  0.000
                   -0.000 -0.000 -0.000  0.000  0.000 -0.000 -0.000 -0.000
                    0.000 -0.000
  23 C    6 -0.000  0.000  0.000  0.000 -0.000  0.000  0.000 -0.000 -0.000
                   -0.000  0.000  0.000  0.000 -0.000  0.000 -0.000 -0.000
                   -0.000 -0.000
  24 C    6 -0.000  0.000  0.000  0.000 -0.000 -0.000  0.000  0.000  0.000
                   -0.000 -0.000 -0.000  0.000  0.000 -0.000 -0.000 -0.000
                    0.000 -0.000
  25 C    6  0.000  0.000  0.000 -0.000  0.000 -0.000 -0.000 -0.000  0.000
                    0.000  0.000 -0.000  0.000 -0.000  0.000  0.000 -0.000
                    0.000  0.000
  26 C    6  0.000  0.000  0.000 -0.000  0.000 -0.000 -0.000 -0.000  0.000
                    0.000  0.000 -0.000  0.000 -0.000  0.000  0.000 -0.000
                    0.000  0.000
  27 C    6  0.000  0.000  0.000 -0.000  0.000 -0.000 -0.000 -0.000  0.000
                    0.000  0.000 -0.000  0.000 -0.000  0.000  0.000 -0.000
                    0.000  0.000
  28 C    6  0.000  0.000  0.000 -0.000  0.000 -0.000 -0.000 -0.000  0.000
                    0.000  0.000 -0.000  0.000 -0.000  0.000  0.000 -0.000
                    0.000  0.000
  29 C    6  0.000  0.000  0.000 -0.000  0.000 -0.000 -0.000 -0.000  0.000
                    0.000  0.000 -0.000 -0.000  0.000  0.000 -0.000  0.000
                   -0.000  0.000
  30 C    6  0.000  0.000  0.000 -0.000  0.000 -0.000 -0.000 -0.000  0.000
                    0.000  0.000  0.000 -0.000 -0.000 -0.000  0.000  0.000
                    0.000 -0.000
  31 C    6  0.000  0.000  0.000 -0.000  0.000 -0.000 -0.000 -0.000  0.000
                    0.000  0.000 -0.000 -0.000  0.000  0.000 -0.000  0.000
                   -0.000  0.000
  32 C    6  0.000  0.000  0.000 -0.000  0.000 -0.000 -0.000 -0.000  0.000
                    0.000  0.000  0.000 -0.000 -0.000 -0.000  0.000  0.000
                    0.000 -0.000
  33 C    6  0.000  0.000  0.000 -0.000  0.000 -0.000 -0.000 -0.000  0.000
                    0.000  0.000 -0.000 -0.000  0.000  0.000 -0.000  0.000
                   -0.000  0.000
  34 C    6  0.000  0.000  0.000 -0.000  0.000 -0.000 -0.000 -0.000  0.000
                    0.000  0.000  0.000 -0.000 -0.000 -0.000  0.000  0.000
                    0.000 -0.000
  35 C    6  0.000  0.000  0.000 -0.000  0.000 -0.000 -0.000 -0.000  0.000
                    0.000  0.000 -0.000 -0.000  0.000  0.000 -0.000  0.000
                   -0.000  0.000
  36 C    6  0.000  0.000  0.000 -0.000  0.000 -0.000 -0.000 -0.000  0.000
                    0.000  0.000  0.000 -0.000 -0.000 -0.000  0.000  0.000
                    0.000 -0.000
  37 C    6  0.000  0.000  0.000 -0.000  0.000 -0.000 -0.000 -0.000  0.000
                    0.000  0.000 -0.000  0.000 -0.000  0.000  0.000 -0.000
                    0.000  0.000
  38 C    6  0.000  0.000  0.000 -0.000  0.000 -0.000 -0.000 -0.000  0.000
                    0.000  0.000 -0.000  0.000 -0.000  0.000  0.000 -0.000
                    0.000  0.000
  39 C    6  0.000  0.000  0.000 -0.000  0.000 -0.000 -0.000 -0.000  0.000
                    0.000  0.000 -0.000  0.000 -0.000  0.000  0.000 -0.000
                    0.000  0.000
  40 C    6  0.000  0.000  0.000 -0.000  0.000 -0.000 -0.000 -0.000  0.000
                    0.000  0.000 -0.000  0.000 -0.000  0.000  0.000 -0.000
                    0.000  0.000
  41 C    6  0.000  0.000  0.000 -0.000  0.000 -0.000 -0.000 -0.000  0.000
                    0.000  0.000 -0.000 -0.000  0.000  0.000 -0.000  0.000
                   -0.000  0.000
  42 C    6  0.000  0.000  0.000 -0.000  0.000 -0.000 -0.000 -0.000  0.000
                    0.000  0.000  0.000 -0.000 -0.000 -0.000  0.000  0.000
                    0.000 -0.000
  43 C    6  0.000  0.000  0.000 -0.000  0.000 -0.000 -0.000 -0.000  0.000
                    0.000  0.000 -0.000 -0.000  0.000  0.000 -0.000  0.000
                   -0.000  0.000
  44 C    6  0.000  0.000  0.000 -0.000  0.000 -0.000 -0.000 -0.000  0.000
                    0.000  0.000  0.000 -0.000 -0.000 -0.000  0.000  0.000
                    0.000 -0.000
  45 C    6  0.000  0.000  0.000 -0.000  0.000 -0.000 -0.000 -0.000  0.000
                    0.000  0.000 -0.000 -0.000  0.000  0.000 -0.000  0.000
                   -0.000  0.000
  46 C    6  0.000  0.000  0.000 -0.000  0.000 -0.000 -0.000 -0.000  0.000
                    0.000  0.000  0.000 -0.000 -0.000 -0.000  0.000  0.000
                    0.000 -0.000
  47 C    6  0.000  0.000  0.000 -0.000  0.000 -0.000 -0.000 -0.000  0.000
                    0.000  0.000 -0.000 -0.000  0.000  0.000 -0.000  0.000
                   -0.000  0.000
  48 C    6  0.000  0.000  0.000 -0.000  0.000 -0.000 -0.000 -0.000  0.000
                    0.000  0.000  0.000 -0.000 -0.000 -0.000  0.000  0.000
                    0.000 -0.000
  49 C    6 -0.000 -0.000 -0.000  0.000 -0.000  0.000 -0.000 -0.000  0.000
                    0.000  0.000  0.000 -0.000 -0.000 -0.000 -0.000  0.000
                   -0.000 -0.000
  50 C    6 -0.000 -0.000 -0.000  0.000 -0.000  0.000 -0.000 -0.000  0.000
                    0.000  0.000  0.000 -0.000 -0.000 -0.000 -0.000  0.000
                   -0.000 -0.000
  51 C    6 -0.000 -0.000 -0.000  0.000 -0.000  0.000 -0.000 -0.000  0.000
                    0.000  0.000  0.000 -0.000 -0.000 -0.000 -0.000  0.000
                   -0.000 -0.000
  52 C    6 -0.000 -0.000 -0.000  0.000 -0.000  0.000 -0.000 -0.000  0.000
                    0.000  0.000  0.000 -0.000 -0.000 -0.000 -0.000  0.000
                   -0.000 -0.000
  53 C    6 -0.000 -0.000 -0.000  0.000 -0.000 -0.000  0.000 -0.000  0.000
                    0.000  0.000 -0.000  0.000 -0.000 -0.000  0.000 -0.000
                    0.000 -0.000
  54 C    6 -0.000 -0.000 -0.000  0.000 -0.000 -0.000 -0.000  0.000  0.000
                    0.000  0.000 -0.000 -0.000  0.000  0.000 -0.000 -0.000
                   -0.000  0.000
  55 C    6 -0.000 -0.000 -0.000  0.000 -0.000 -0.000  0.000 -0.000  0.000
                    0.000  0.000 -0.000  0.000 -0.000 -0.000  0.000 -0.000
                    0.000 -0.000
  56 C    6 -0.000 -0.000 -0.000  0.000 -0.000 -0.000 -0.000  0.000  0.000
                    0.000  0.000 -0.000 -0.000  0.000  0.000 -0.000 -0.000
                   -0.000  0.000
  57 C    6 -0.000 -0.000 -0.000  0.000 -0.000 -0.000  0.000 -0.000  0.000
                    0.000  0.000 -0.000  0.000 -0.000 -0.000  0.000 -0.000
                    0.000 -0.000
  58 C    6 -0.000 -0.000 -0.000  0.000 -0.000 -0.000 -0.000  0.000  0.000
                    0.000  0.000 -0.000 -0.000  0.000  0.000 -0.000 -0.000
                   -0.000  0.000
  59 C    6 -0.000 -0.000 -0.000  0.000 -0.000 -0.000  0.000 -0.000  0.000
                    0.000  0.000 -0.000  0.000 -0.000 -0.000  0.000 -0.000
                    0.000 -0.000
  60 C    6 -0.000 -0.000 -0.000  0.000 -0.000 -0.000 -0.000  0.000  0.000
                    0.000  0.000 -0.000 -0.000  0.000  0.000 -0.000 -0.000
                   -0.000  0.000

  ATOM    Z CHARGE  SHELL POPULATION

   1 C    6 -0.000  0.000  0.000  0.000 -0.000  0.000 -0.000  0.000 -0.000
   2 C    6 -0.000  0.000  0.000  0.000 -0.000  0.000 -0.000  0.000 -0.000
   3 C    6 -0.000  0.000  0.000  0.000 -0.000  0.000 -0.000  0.000 -0.000
   4 C    6 -0.000  0.000  0.000  0.000 -0.000  0.000 -0.000  0.000 -0.000
   5 C    6 -0.000  0.000  0.000  0.000 -0.000  0.000 -0.000  0.000 -0.000
   6 C    6 -0.000  0.000  0.000  0.000 -0.000  0.000 -0.000  0.000 -0.000
   7 C    6 -0.000  0.000  0.000  0.000 -0.000  0.000 -0.000  0.000 -0.000
   8 C    6 -0.000  0.000  0.000  0.000 -0.000  0.000 -0.000  0.000 -0.000
   9 C    6 -0.000  0.000  0.000  0.000 -0.000  0.000 -0.000  0.000 -0.000
  10 C    6 -0.000  0.000  0.000  0.000 -0.000  0.000 -0.000  0.000 -0.000
  11 C    6 -0.000  0.000  0.000  0.000 -0.000  0.000 -0.000  0.000 -0.000
  12 C    6 -0.000  0.000  0.000  0.000 -0.000  0.000 -0.000  0.000 -0.000
  13 C    6 -0.000  0.000  0.000  0.000 -0.000  0.000 -0.000  0.000 -0.000
  14 C    6 -0.000  0.000  0.000  0.000 -0.000  0.000 -0.000  0.000 -0.000
  15 C    6 -0.000  0.000  0.000  0.000 -0.000  0.000 -0.000  0.000 -0.000
  16 C    6 -0.000  0.000  0.000  0.000 -0.000  0.000 -0.000  0.000 -0.000
  17 C    6 -0.000  0.000  0.000  0.000 -0.000  0.000 -0.000  0.000 -0.000
  18 C    6 -0.000  0.000  0.000  0.000 -0.000  0.000 -0.000  0.000 -0.000
  19 C    6 -0.000  0.000  0.000  0.000 -0.000  0.000 -0.000  0.000 -0.000
  20 C    6 -0.000  0.000  0.000  0.000 -0.000  0.000 -0.000  0.000 -0.000
  21 C    6 -0.000  0.000  0.000  0.000 -0.000  0.000 -0.000  0.000 -0.000
  22 C    6 -0.000  0.000  0.000  0.000 -0.000  0.000 -0.000  0.000 -0.000
  23 C    6 -0.000  0.000  0.000  0.000 -0.000  0.000 -0.000  0.000 -0.000
  24 C    6 -0.000  0.000  0.000  0.000 -0.000  0.000 -0.000  0.000 -0.000
  25 C    6  0.000  0.000  0.000 -0.000  0.000 -0.000  0.000 -0.000  0.000
  26 C    6  0.000  0.000  0.000 -0.000  0.000 -0.000  0.000 -0.000  0.000
  27 C    6  0.000  0.000  0.000 -0.000  0.000 -0.000  0.000 -0.000  0.000
  28 C    6  0.000  0.000  0.000 -0.000  0.000 -0.000  0.000 -0.000  0.000
  29 C    6  0.000  0.000  0.000 -0.000  0.000 -0.000  0.000 -0.000  0.000
  30 C    6  0.000  0.000  0.000 -0.000  0.000 -0.000  0.000 -0.000  0.000
  31 C    6  0.000  0.000  0.000 -0.000  0.000 -0.000  0.000 -0.000  0.000
  32 C    6  0.000  0.000  0.000 -0.000  0.000 -0.000  0.000 -0.000  0.000
  33 C    6  0.000  0.000  0.000 -0.000  0.000 -0.000  0.000 -0.000  0.000
  34 C    6  0.000  0.000  0.000 -0.000  0.000 -0.000  0.000 -0.000  0.000
  35 C    6  0.000  0.000  0.000 -0.000  0.000 -0.000  0.000 -0.000  0.000
  36 C    6  0.000  0.000  0.000 -0.000  0.000 -0.000  0.000 -0.000  0.000
  37 C    6  0.000  0.000  0.000 -0.000  0.000 -0.000  0.000 -0.000  0.000
  38 C    6  0.000  0.000  0.000 -0.000  0.000 -0.000  0.000 -0.000  0.000
  39 C    6  0.000  0.000  0.000 -0.000  0.000 -0.000  0.000 -0.000  0.000
  40 C    6  0.000  0.000  0.000 -0.000  0.000 -0.000  0.000 -0.000  0.000
  41 C    6  0.000  0.000  0.000 -0.000  0.000 -0.000  0.000 -0.000  0.000
  42 C    6  0.000  0.000  0.000 -0.000  0.000 -0.000  0.000 -0.000  0.000
  43 C    6  0.000  0.000  0.000 -0.000  0.000 -0.000  0.000 -0.000  0.000
  44 C    6  0.000  0.000  0.000 -0.000  0.000 -0.000  0.000 -0.000  0.000
  45 C    6  0.000  0.000  0.000 -0.000  0.000 -0.000  0.000 -0.000  0.000
  46 C    6  0.000  0.000  0.000 -0.000  0.000 -0.000  0.000 -0.000  0.000
  47 C    6  0.000  0.000  0.000 -0.000  0.000 -0.000  0.000 -0.000  0.000
  48 C    6  0.000  0.000  0.000 -0.000  0.000 -0.000  0.000 -0.000  0.000
  49 C    6 -0.000 -0.000 -0.000  0.000 -0.000 -0.000  0.000 -0.000  0.000
  50 C    6 -0.000 -0.000 -0.000  0.000 -0.000 -0.000  0.000 -0.000  0.000
  51 C    6 -0.000 -0.000 -0.000  0.000 -0.000 -0.000  0.000 -0.000  0.000
  52 C    6 -0.000 -0.000 -0.000  0.000 -0.000 -0.000  0.000 -0.000  0.000
  53 C    6 -0.000 -0.000 -0.000  0.000 -0.000 -0.000  0.000 -0.000  0.000
  54 C    6 -0.000 -0.000 -0.000  0.000 -0.000 -0.000  0.000 -0.000  0.000
  55 C    6 -0.000 -0.000 -0.000  0.000 -0.000 -0.000  0.000 -0.000  0.000
  56 C    6 -0.000 -0.000 -0.000  0.000 -0.000 -0.000  0.000 -0.000  0.000
  57 C    6 -0.000 -0.000 -0.000  0.000 -0.000 -0.000  0.000 -0.000  0.000
  58 C    6 -0.000 -0.000 -0.000  0.000 -0.000 -0.000  0.000 -0.000  0.000
  59 C    6 -0.000 -0.000 -0.000  0.000 -0.000 -0.000  0.000 -0.000  0.000
  60 C    6 -0.000 -0.000 -0.000  0.000 -0.000 -0.000  0.000 -0.000  0.000

 OVERLAP POPULATION CONDENSED TO ATOMS FOR FIRST   6 NEIGHBORS

 ATOM A   1 C    ATOM B     CELL      R(AB)/AU R(AB)/ANG    OVPOP(AB)
                 30 C    (  0  0  0)     2.612     1.382    -0.000
                 16 C    (  0  0  0)     2.733     1.446    -0.000
                 25 C    (  1  0 -1)     2.741     1.451    -0.000
                 40 C    (  1  0 -1)     4.429     2.343     0.000
                 49 C    (  1  0 -1)     4.438     2.349    -0.000
                  5 C    (  1  0 -1)     4.620     2.445     0.000

 ATOM A  25 C    ATOM B     CELL      R(AB)/AU R(AB)/ANG    OVPOP(AB)
                  5 C    (  0  0  0)     2.612     1.382    -0.000
                 49 C    (  0  0  0)     2.740     1.450     0.000
                  1 C    ( -1  0  1)     2.741     1.451    -0.000
                 40 C    (  0  0  0)     4.426     2.342    -0.000
                 16 C    ( -1  0  1)     4.429     2.343     0.000
                 19 C    (  0  0  0)     4.633     2.452     0.000

 ATOM A  49 C    ATOM B     CELL      R(AB)/AU R(AB)/ANG    OVPOP(AB)
                 51 C    (  0  0  0)     2.623     1.388     0.000
                 25 C    (  0  0  0)     2.740     1.450     0.000
                  1 C    ( -1  0  1)     4.438     2.349    -0.000
                  5 C    (  0  0  0)     4.632     2.451    -0.000
                 27 C    (  0  0  0)     4.644     2.457    -0.000
                  9 C    (  0  0  0)     5.350     2.831    -0.000
 EIGENVECTORS IN FORTRAN UNIT 10
 TTTTTTTTTTTTTTTTTTTTTTTTTTTTTT END         TELAPSE      199.69 TCPU      197.43
 EEEEEEEEEE TERMINATION  DATE 30 01 2026 TIME 17:54:28.2
NODE    0 CPU TIME =       197.432
NODE    1 CPU TIME =       197.682
NODE    2 CPU TIME =       198.431
NODE    3 CPU TIME =       197.851
NODE    4 CPU TIME =       198.307
NODE    5 CPU TIME =       198.063
NODE    6 CPU TIME =       198.468
NODE    7 CPU TIME =       197.761
NODE    8 CPU TIME =       197.884
NODE    9 CPU TIME =       198.173
NODE   10 CPU TIME =       198.158
NODE   11 CPU TIME =       198.409
NODE   12 CPU TIME =       197.999
NODE   13 CPU TIME =       191.705
NODE   14 CPU TIME =       197.674
NODE   15 CPU TIME =       197.460
NODE   16 CPU TIME =       192.036
NODE   17 CPU TIME =       197.283
NODE   18 CPU TIME =       197.591
NODE   19 CPU TIME =       197.821
NODE   20 CPU TIME =       198.200
NODE   21 CPU TIME =       191.899
NODE   22 CPU TIME =       197.795
NODE   23 CPU TIME =       197.746
NODE   24 CPU TIME =       197.627
NODE   25 CPU TIME =       198.348
NODE   26 CPU TIME =       197.300
NODE   27 CPU TIME =       197.604
NODE   28 CPU TIME =       197.313
NODE   29 CPU TIME =       191.790
NODE   30 CPU TIME =       197.575
NODE   31 CPU TIME =       197.325
    TOTAL CPU TIME =      6306.712
