MPI startup(): Warning: I_MPI_PMI_LIBRARY will be ignored since the hydra process manager was found
MPI startup(): Warning: I_MPI_PMI_LIBRARY will be ignored since the hydra process manager was found
MPI startup(): Warning: I_MPI_PMI_LIBRARY will be ignored since the hydra process manager was found
MPI startup(): Warning: I_MPI_PMI_LIBRARY will be ignored since the hydra process manager was found
MPI startup(): Warning: I_MPI_PMI_LIBRARY will be ignored since the hydra process manager was found
MPI startup(): Warning: I_MPI_PMI_LIBRARY will be ignored since the hydra process manager was found
MPI startup(): Warning: I_MPI_PMI_LIBRARY will be ignored since the hydra process manager was found
MPI startup(): Warning: I_MPI_PMI_LIBRARY will be ignored since the hydra process manager was found
MPI startup(): Warning: I_MPI_PMI_LIBRARY will be ignored since the hydra process manager was found
MPI startup(): Warning: I_MPI_PMI_LIBRARY will be ignored since the hydra process manager was found
MPI startup(): Warning: I_MPI_PMI_LIBRARY will be ignored since the hydra process manager was found
MPI startup(): Warning: I_MPI_PMI_LIBRARY will be ignored since the hydra process manager was found
MPI startup(): Warning: I_MPI_PMI_LIBRARY will be ignored since the hydra process manager was found
MPI startup(): Warning: I_MPI_PMI_LIBRARY will be ignored since the hydra process manager was found
MPI startup(): Warning: I_MPI_PMI_LIBRARY will be ignored since the hydra process manager was found
MPI startup(): Warning: I_MPI_PMI_LIBRARY will be ignored since the hydra process manager was found
MPI startup(): Warning: I_MPI_PMI_LIBRARY will be ignored since the hydra process manager was found
MPI startup(): Warning: I_MPI_PMI_LIBRARY will be ignored since the hydra process manager was found
MPI startup(): Warning: I_MPI_PMI_LIBRARY will be ignored since the hydra process manager was found
MPI startup(): Warning: I_MPI_PMI_LIBRARY will be ignored since the hydra process manager was found
MPI startup(): Warning: I_MPI_PMI_LIBRARY will be ignored since the hydra process manager was found
MPI startup(): Warning: I_MPI_PMI_LIBRARY will be ignored since the hydra process manager was found
MPI startup(): Warning: I_MPI_PMI_LIBRARY will be ignored since the hydra process manager was found
MPI startup(): Warning: I_MPI_PMI_LIBRARY will be ignored since the hydra process manager was found
MPI startup(): Warning: I_MPI_PMI_LIBRARY will be ignored since the hydra process manager was found
MPI startup(): Warning: I_MPI_PMI_LIBRARY will be ignored since the hydra process manager was found
MPI startup(): Warning: I_MPI_PMI_LIBRARY will be ignored since the hydra process manager was found
MPI startup(): Warning: I_MPI_PMI_LIBRARY will be ignored since the hydra process manager was found
MPI startup(): Warning: I_MPI_PMI_LIBRARY will be ignored since the hydra process manager was found
MPI startup(): Warning: I_MPI_PMI_LIBRARY will be ignored since the hydra process manager was found
MPI startup(): Warning: I_MPI_PMI_LIBRARY will be ignored since the hydra process manager was found
MPI startup(): Warning: I_MPI_PMI_LIBRARY will be ignored since the hydra process manager was found
 PROCESS            1  OF           32  WORKING
 PROCESS           16  OF           32  WORKING
 PROCESS            3  OF           32  WORKING
 PROCESS           11  OF           32  WORKING
 PROCESS           20  OF           32  WORKING
 PROCESS           22  OF           32  WORKING
 PROCESS            5  OF           32  WORKING
 PROCESS            6  OF           32  WORKING
 PROCESS           18  OF           32  WORKING
 PROCESS           19  OF           32  WORKING
 PROCESS            4  OF           32  WORKING
 PROCESS           10  OF           32  WORKING
 PROCESS           21  OF           32  WORKING
 PROCESS           24  OF           32  WORKING
 PROCESS           25  OF           32  WORKING
 PROCESS           15  OF           32  WORKING
 PROCESS           23  OF           32  WORKING
 PROCESS            7  OF           32  WORKING
 PROCESS           14  OF           32  WORKING
 PROCESS            2  OF           32  WORKING
 PROCESS           17  OF           32  WORKING
 PROCESS            8  OF           32  WORKING
 PROCESS           30  OF           32  WORKING
 PROCESS           31  OF           32  WORKING
 PROCESS           13  OF           32  WORKING
 PROCESS           27  OF           32  WORKING
 PROCESS           29  OF           32  WORKING
 PROCESS            0  OF           32  WORKING
 PROCESS           28  OF           32  WORKING
 PROCESS           12  OF           32  WORKING
 PROCESS           26  OF           32  WORKING

         
 *******************************************************************************
 *                                                                             *
 *                               CRYSTAL23                                     *
 *                      public : 1.0.1 - October 2022                          *
 *                       HTTP://WWW.CRYSTAL.UNITO.IT                           *
 *                                                                             *
 *                              MAIN AUTHORS                                   *
 *                                                                             *
 *  R. DOVESI(1,11), V.R. SAUNDERS(2), C. ROETTI(1,11), R. ORLANDO(1,11),      *
 *  C.M. ZICOVICH-WILSON(1,3), F. PASCALE(4), B. CIVALLERI(1,11),              *
 *  K. DOLL(5), N.M. HARRISON(6), I.J. BUSH(7), Ph. D'ARCO(8),                 *
 *  M. LLUNELL(9), M. CAUSA'(10), Y. NOEL(8), L. MASCHIO(1,11), A. ERBA(1,11)  *
 *  M. RE'RAT(14), S. CASASSA(1,11), B.G. SEARLE(2), J.K. DESMARAIS(1)         *
 *                                                                             *
 *        CONTRIBUTIONS TO THE CODE HAVE ALSO BEEN GIVEN BY                    *
 *                                                                             *
 *  M. FERRABONE(1,11), M. DE LA PIERRE(1,11), M. FERRERO(1,11),               *
 *  J. BAIMA(1,11), E. ALBANESE(1,11), M.F. PEINTINGER(12), R. BAST(13),       *
 *  B. KIRTMAN(15), V. LACIVITA(1,11), R. DEMICHELIS(1,16)                     *
 *  G. BRANDEBURG(17), S. SALUSTRO(1,11), G. SANSONE(1,11)                     *
 *  M.T. RUGGIERO(18), L.E. DAGA(1), L. DONA'(1), A. COSSARD(1)                *
 *                                                                             *
 * (1) THEORETICAL CHEMISTRY GROUP - UNIVERSITA' DI TORINO - TORINO (ITALY)    *
 * (2) SCIENTIFIC COMPUTING DEPARTMENT - STFC DARESBURY (UK)                   *
 * (3) UNIVERSIDAD AUTONOMA DEL ESTADO DE MORELOS - CUERNAVACA (MEXICO)        *
 * (4) UNIVERSITE' DE LORRAINE - NANCY (FRANCE)                                *
 * (5) UNIVERSITAET STUTTGART- STUTTGART (GERMANY)                             *
 * (6) IMPERIAL COLLEGE - LONDON (UK)                                          *
 * (7) SCIENTIFIC COMPUTING DEPARTMENT - STFC RAL (UK)                         *
 * (8) UPMC - SORBONNE UNIVERSITES - PARIS (FRANCE)                            *
 * (9) UNIVERSIDAD DE BARCELONA - BARCELONA (SPAIN)                            *
 *(10) UNIVERSITA' DI NAPOLI "FEDERICO II" - NAPOLI (ITALY)                    *
 *(11) NIS - NANOSTRUCTURED INTERFACES AND SURFACES - TORINO (ITALY)           *
 *(12) MPI FUER CHEMISCHE ENERGIEKONVERSION - MUELHEIM AN DER RUHR (GERMANY)   *
 *(13) UNIVERSITY OF TROMSO - TROMSO (NORWAY)                                  *
 *(14) UNIVERSITE' DE PAU ET DES PAYS DE L'ADOUR - PAU (FRANCE)                *
 *(15) UNIVERSITY OF CALIFORNIA SANTA BARBARA - SANTA BARBARA (USA)            *
 *(16) CURTIN UNIVERSITY - PERTH (AUSTRALIA)                                   *
 *(17) UNIVERSITY COLLEGE LONDON - LONDON (UK)                                 *
 *(18) UNIVERSITY OF VERMONT - BURLINGTON (USA)                                *
 *                                                                             *
 *******************************************************************************
 EEEEEEEEEE STARTING  DATE 30 01 2026 TIME 21:05:43.1
 ./3^2.4^2T202_rev1_sp_B3LYP-D3-D3_optimized                                     
 PROCESS            9  OF           32  WORKING

 CRYSTAL CALCULATION
 (INPUT ACCORDING TO THE INTERNATIONAL TABLES FOR X-RAY CRYSTALLOGRAPHY)
 CRYSTAL FAMILY                       :  TRICLINIC   
 CRYSTAL CLASS  (GROTH - 1921)        :  TRICLINIC PEDIAL                     

 SPACE GROUP (NONCENTROSYMMETRIC)     :  P 1             

 LATTICE PARAMETERS  (ANGSTROMS AND DEGREES) - CONVENTIONAL CELL
        A           B           C        ALPHA        BETA       GAMMA
     8.72193     8.72188     8.72185    90.00008    90.00007    90.00003


 NUMBER OF IRREDUCIBLE ATOMS IN THE CONVENTIONAL CELL:   84

 INPUT COORDINATES

 ATOM AT. N.              COORDINATES
   1   6    -2.173783889660E-01 -7.901074939624E-02  8.749680426548E-04
   2   6     2.173791091434E-01  7.900987821559E-02  8.742769268355E-04
   3   6     2.173787728222E-01 -7.901082882833E-02 -8.744813156398E-04
   4   6    -2.173782776154E-01  7.901096785915E-02 -8.746321849361E-04
   5   6     8.783038349247E-04 -2.173751999596E-01 -7.901815645075E-02
   6   6     8.791683034295E-04  2.173755905237E-01  7.901854341392E-02
   7   6    -8.766662557275E-04  2.173751364449E-01 -7.901855450191E-02
   8   6    -8.776065620499E-04 -2.173750849152E-01  7.901862133337E-02
   9   6    -7.901616004164E-02  8.787723854434E-04 -2.173878268160E-01
  10   6     7.901752101784E-02  8.794961116994E-04  2.173883153101E-01
  11   6    -7.901602248913E-02 -8.789227906125E-04  2.173878467183E-01
  12   6     7.901745864322E-02 -8.800503367704E-04 -2.173885499070E-01
  13   6    -2.173793808175E-01  4.209883052978E-01 -4.991252804371E-01
  14   6     2.173797657414E-01 -4.209884982471E-01 -4.991255822332E-01
  15   6     2.173795281339E-01  4.209893460910E-01  4.991253698093E-01
  16   6    -2.173798785330E-01 -4.209882150625E-01  4.991261912296E-01
  17   6     8.787423056735E-04  2.826236245037E-01  4.209802823767E-01
  18   6     8.785701572814E-04 -2.826231515539E-01 -4.209801483876E-01
  19   6    -8.775256795092E-04 -2.826230218301E-01  4.209823872521E-01
  20   6    -8.768880110197E-04  2.826233514298E-01 -4.209820041772E-01
  21   6    -7.901759332284E-02 -4.991196350582E-01  2.826116478382E-01
  22   6     7.901832832841E-02 -4.991206260897E-01 -2.826103132713E-01
  23   6    -7.901642814384E-02  4.991204149883E-01 -2.826107432607E-01
  24   6     7.901706562602E-02  4.991214671615E-01  2.826104415752E-01
  25   6     2.826210393614E-01 -7.901085788516E-02 -4.991256322824E-01
  26   6    -2.826213567717E-01  7.901030059469E-02 -4.991257701886E-01
  27   6    -2.826210717608E-01 -7.901157382371E-02  4.991248243907E-01
  28   6     2.826213901536E-01  7.901015640772E-02  4.991252506357E-01
  29   6    -4.991225978725E-01 -2.173758715684E-01  4.209812100940E-01
  30   6    -4.991220172890E-01  2.173749993921E-01 -4.209817129178E-01
  31   6     4.991215898149E-01  2.173753291347E-01  4.209813408745E-01
  32   6     4.991215144528E-01 -2.173756331431E-01 -4.209820670688E-01
  33   6     4.209828290870E-01  8.787535308490E-04  2.826118041670E-01
  34   6    -4.209832541398E-01  8.790213563996E-04 -2.826124316319E-01
  35   6     4.209830704734E-01 -8.796798567132E-04 -2.826122469533E-01
  36   6    -4.209835652809E-01 -8.798115581848E-04  2.826114619027E-01
  37   6     2.826203422026E-01  4.209885035738E-01  8.741259256425E-04
  38   6    -2.826205938828E-01 -4.209872455820E-01  8.750783900803E-04
  39   6    -2.826207916748E-01  4.209890179912E-01 -8.740635898904E-04
  40   6     2.826194872868E-01 -4.209887814986E-01 -8.744634671324E-04
  41   6    -4.991224029520E-01  2.826232935674E-01 -7.901878997705E-02
  42   6    -4.991234954271E-01 -2.826226669262E-01  7.901879947618E-02
  43   6     4.991208459137E-01 -2.826226488420E-01 -7.901885616630E-02
  44   6     4.991215023553E-01  2.826227806646E-01  7.901905675814E-02
  45   6     4.209819842263E-01 -4.991205386824E-01 -2.173895180565E-01
  46   6    -4.209834282073E-01 -4.991200734253E-01  2.173892785241E-01
  47   6     4.209819265598E-01  4.991210193935E-01  2.173898357989E-01
  48   6    -4.209833892401E-01  4.991210097395E-01 -2.173887698592E-01
  49   6    -1.481290820155E-01  1.481266409090E-01  1.481316648732E-01
  50   6     1.481298594478E-01 -1.481260167173E-01  1.481320664502E-01
  51   6     1.481304316111E-01  1.481255556251E-01 -1.481322537254E-01
  52   6    -1.481295173684E-01 -1.481263911413E-01 -1.481314045529E-01
  53   6    -1.481294282133E-01 -3.518732303229E-01 -3.518673424359E-01
  54   6     1.481304402603E-01  3.518732742495E-01 -3.518681713880E-01
  55   6     1.481296862049E-01 -3.518727462824E-01  3.518682236830E-01
  56   6    -1.481296225741E-01  3.518736247268E-01  3.518680036646E-01
  57   6     3.518704824266E-01  1.481258554002E-01 -3.518682717489E-01
  58   6    -3.518701322013E-01 -1.481266940115E-01 -3.518686002722E-01
  59   6    -3.518703030514E-01  1.481261134562E-01  3.518678244134E-01
  60   6     3.518699614364E-01 -1.481265133302E-01  3.518679422307E-01
  61   6     3.518694865768E-01 -3.518731146835E-01  1.481321289934E-01
  62   6    -3.518706849944E-01  3.518735668378E-01  1.481321440154E-01
  63   6    -3.518708513191E-01 -3.518726826549E-01 -1.481315270335E-01
  64   6     3.518703203237E-01  3.518731781694E-01 -1.481322950046E-01
  65   6     1.352755769114E-01 -1.352822449468E-01 -1.352909415683E-01
  66   6    -1.352753694019E-01  1.352817478213E-01 -1.352911652267E-01
  67   6    -1.352756049553E-01 -1.352816212863E-01  1.352911259198E-01
  68   6     1.352762918123E-01  1.352815057965E-01  1.352908219495E-01
  69   6     1.352754844002E-01  3.647178438597E-01  3.647081459369E-01
  70   6    -1.352764473803E-01 -3.647161921116E-01  3.647095848972E-01
  71   6    -1.352755795608E-01  3.647160805071E-01 -3.647087539465E-01
  72   6     1.352758275886E-01 -3.647174909797E-01 -3.647084775010E-01
  73   6    -3.647245903226E-01 -1.352822120253E-01  3.647090016438E-01
  74   6     3.647238722867E-01  1.352814700462E-01  3.647090063695E-01
  75   6     3.647237266932E-01 -1.352820688806E-01 -3.647093449703E-01
  76   6    -3.647240306298E-01  1.352814997981E-01 -3.647094991226E-01
  77   6    -3.647238339103E-01  3.647167788359E-01 -1.352910770893E-01
  78   6     3.647232967514E-01 -3.647174600260E-01 -1.352910994435E-01
  79   6     3.647238642714E-01  3.647169203687E-01  1.352909213352E-01
  80   6    -3.647246107355E-01 -3.647160574649E-01  1.352913228865E-01
  81   6    -2.499999182837E-01  2.499998076334E-01  2.499998926866E-01
  82   6     2.499995823098E-01 -2.499994302139E-01  2.500000993160E-01
  83   6     2.500003756445E-01  2.499991715313E-01 -2.500003502326E-01
  84   6    -2.500000350474E-01 -2.499996379922E-01 -2.499997096643E-01

 *******************************************************************************

 << INFORMATION >>: FROM NOW ON, ALL COORDINATES REFER TO THE PRIMITIVE CELL

 *******************************************************************************

 LATTICE PARAMETERS  (ANGSTROMS AND DEGREES) - PRIMITIVE CELL
       A          B          C        ALPHA      BETA     GAMMA        VOLUME
    8.72193    8.72188    8.72185    90.00008  90.00007  90.00003    663.485244

 COORDINATES OF THE EQUIVALENT ATOMS (FRACTIONAL UNITS)

 N. ATOM EQUIV AT. N.          X                  Y                  Z

   1   1   1    6 C    -2.17378388966E-01 -7.90107493962E-02  8.74968042655E-04

   2   2   1    6 C     2.17379109143E-01  7.90098782156E-02  8.74276926835E-04

   3   3   1    6 C     2.17378772822E-01 -7.90108288283E-02 -8.74481315640E-04

   4   4   1    6 C    -2.17378277615E-01  7.90109678592E-02 -8.74632184936E-04

   5   5   1    6 C     8.78303834925E-04 -2.17375199960E-01 -7.90181564507E-02

   6   6   1    6 C     8.79168303430E-04  2.17375590524E-01  7.90185434139E-02

   7   7   1    6 C    -8.76666255727E-04  2.17375136445E-01 -7.90185545019E-02

   8   8   1    6 C    -8.77606562050E-04 -2.17375084915E-01  7.90186213334E-02

   9   9   1    6 C    -7.90161600416E-02  8.78772385443E-04 -2.17387826816E-01

  10  10   1    6 C     7.90175210178E-02  8.79496111699E-04  2.17388315310E-01

  11  11   1    6 C    -7.90160224891E-02 -8.78922790613E-04  2.17387846718E-01

  12  12   1    6 C     7.90174586432E-02 -8.80050336770E-04 -2.17388549907E-01

  13  13   1    6 C    -2.17379380817E-01  4.20988305298E-01 -4.99125280437E-01

  14  14   1    6 C     2.17379765741E-01 -4.20988498247E-01 -4.99125582233E-01

  15  15   1    6 C     2.17379528134E-01  4.20989346091E-01  4.99125369809E-01

  16  16   1    6 C    -2.17379878533E-01 -4.20988215063E-01  4.99126191230E-01

  17  17   1    6 C     8.78742305674E-04  2.82623624504E-01  4.20980282377E-01

  18  18   1    6 C     8.78570157281E-04 -2.82623151554E-01 -4.20980148388E-01

  19  19   1    6 C    -8.77525679509E-04 -2.82623021830E-01  4.20982387252E-01

  20  20   1    6 C    -8.76888011020E-04  2.82623351430E-01 -4.20982004177E-01

  21  21   1    6 C    -7.90175933228E-02 -4.99119635058E-01  2.82611647838E-01

  22  22   1    6 C     7.90183283284E-02 -4.99120626090E-01 -2.82610313271E-01

  23  23   1    6 C    -7.90164281438E-02  4.99120414988E-01 -2.82610743261E-01

  24  24   1    6 C     7.90170656260E-02  4.99121467162E-01  2.82610441575E-01

  25  25   1    6 C     2.82621039361E-01 -7.90108578852E-02 -4.99125632282E-01

  26  26   1    6 C    -2.82621356772E-01  7.90103005947E-02 -4.99125770189E-01

  27  27   1    6 C    -2.82621071761E-01 -7.90115738237E-02  4.99124824391E-01

  28  28   1    6 C     2.82621390154E-01  7.90101564077E-02  4.99125250636E-01

  29  29   1    6 C    -4.99122597873E-01 -2.17375871568E-01  4.20981210094E-01

  30  30   1    6 C    -4.99122017289E-01  2.17374999392E-01 -4.20981712918E-01

  31  31   1    6 C     4.99121589815E-01  2.17375329135E-01  4.20981340875E-01

  32  32   1    6 C     4.99121514453E-01 -2.17375633143E-01 -4.20982067069E-01

  33  33   1    6 C     4.20982829087E-01  8.78753530849E-04  2.82611804167E-01

  34  34   1    6 C    -4.20983254140E-01  8.79021356400E-04 -2.82612431632E-01

  35  35   1    6 C     4.20983070473E-01 -8.79679856713E-04 -2.82612246953E-01

  36  36   1    6 C    -4.20983565281E-01 -8.79811558185E-04  2.82611461903E-01

  37  37   1    6 C     2.82620342203E-01  4.20988503574E-01  8.74125925643E-04

  38  38   1    6 C    -2.82620593883E-01 -4.20987245582E-01  8.75078390080E-04

  39  39   1    6 C    -2.82620791675E-01  4.20989017991E-01 -8.74063589890E-04

  40  40   1    6 C     2.82619487287E-01 -4.20988781499E-01 -8.74463467132E-04

  41  41   1    6 C    -4.99122402952E-01  2.82623293567E-01 -7.90187899771E-02

  42  42   1    6 C    -4.99123495427E-01 -2.82622666926E-01  7.90187994762E-02

  43  43   1    6 C     4.99120845914E-01 -2.82622648842E-01 -7.90188561663E-02

  44  44   1    6 C     4.99121502355E-01  2.82622780665E-01  7.90190567581E-02

  45  45   1    6 C     4.20981984226E-01 -4.99120538682E-01 -2.17389518057E-01

  46  46   1    6 C    -4.20983428207E-01 -4.99120073425E-01  2.17389278524E-01

  47  47   1    6 C     4.20981926560E-01  4.99121019394E-01  2.17389835799E-01

  48  48   1    6 C    -4.20983389240E-01  4.99121009740E-01 -2.17388769859E-01

  49  49   1    6 C    -1.48129082016E-01  1.48126640909E-01  1.48131664873E-01

  50  50   1    6 C     1.48129859448E-01 -1.48126016717E-01  1.48132066450E-01

  51  51   1    6 C     1.48130431611E-01  1.48125555625E-01 -1.48132253725E-01

  52  52   1    6 C    -1.48129517368E-01 -1.48126391141E-01 -1.48131404553E-01

  53  53   1    6 C    -1.48129428213E-01 -3.51873230323E-01 -3.51867342436E-01

  54  54   1    6 C     1.48130440260E-01  3.51873274249E-01 -3.51868171388E-01

  55  55   1    6 C     1.48129686205E-01 -3.51872746282E-01  3.51868223683E-01

  56  56   1    6 C    -1.48129622574E-01  3.51873624727E-01  3.51868003665E-01

  57  57   1    6 C     3.51870482427E-01  1.48125855400E-01 -3.51868271749E-01

  58  58   1    6 C    -3.51870132201E-01 -1.48126694011E-01 -3.51868600272E-01

  59  59   1    6 C    -3.51870303051E-01  1.48126113456E-01  3.51867824413E-01

  60  60   1    6 C     3.51869961436E-01 -1.48126513330E-01  3.51867942231E-01

  61  61   1    6 C     3.51869486577E-01 -3.51873114684E-01  1.48132128993E-01

  62  62   1    6 C    -3.51870684994E-01  3.51873566838E-01  1.48132144015E-01

  63  63   1    6 C    -3.51870851319E-01 -3.51872682655E-01 -1.48131527033E-01

  64  64   1    6 C     3.51870320324E-01  3.51873178169E-01 -1.48132295005E-01

  65  65   1    6 C     1.35275576911E-01 -1.35282244947E-01 -1.35290941568E-01

  66  66   1    6 C    -1.35275369402E-01  1.35281747821E-01 -1.35291165227E-01

  67  67   1    6 C    -1.35275604955E-01 -1.35281621286E-01  1.35291125920E-01

  68  68   1    6 C     1.35276291812E-01  1.35281505797E-01  1.35290821950E-01

  69  69   1    6 C     1.35275484400E-01  3.64717843860E-01  3.64708145937E-01

  70  70   1    6 C    -1.35276447380E-01 -3.64716192112E-01  3.64709584897E-01

  71  71   1    6 C    -1.35275579561E-01  3.64716080507E-01 -3.64708753946E-01

  72  72   1    6 C     1.35275827589E-01 -3.64717490980E-01 -3.64708477501E-01

  73  73   1    6 C    -3.64724590323E-01 -1.35282212025E-01  3.64709001644E-01

  74  74   1    6 C     3.64723872287E-01  1.35281470046E-01  3.64709006369E-01

  75  75   1    6 C     3.64723726693E-01 -1.35282068881E-01 -3.64709344970E-01

  76  76   1    6 C    -3.64724030630E-01  1.35281499798E-01 -3.64709499123E-01

  77  77   1    6 C    -3.64723833910E-01  3.64716778836E-01 -1.35291077089E-01

  78  78   1    6 C     3.64723296751E-01 -3.64717460026E-01 -1.35291099444E-01

  79  79   1    6 C     3.64723864271E-01  3.64716920369E-01  1.35290921335E-01

  80  80   1    6 C    -3.64724610735E-01 -3.64716057465E-01  1.35291322887E-01

  81  81   1    6 C    -2.49999918284E-01  2.49999807633E-01  2.49999892687E-01

  82  82   1    6 C     2.49999582310E-01 -2.49999430214E-01  2.50000099316E-01

  83  83   1    6 C     2.50000375645E-01  2.49999171531E-01 -2.50000350233E-01

  84  84   1    6 C    -2.50000035047E-01 -2.49999637992E-01 -2.49999709664E-01

 NUMBER OF SYMMETRY OPERATORS         :    1
 *******************************************************************************
 * GEOMETRY EDITING - INPUT COORDINATES ARE GIVEN IN ANGSTROM         
 *******************************************************************************

 GCALCO - MAX INDICES DIRECT LATTICE VECTOR    14    14    14
 NO.OF VECTORS CREATED 6999 STARS 3479 RMAX   195.71207 BOHR

 GEOMETRY FOR WAVE FUNCTION - DIMENSIONALITY OF THE SYSTEM    3
 (NON PERIODIC DIRECTION: LATTICE PARAMETER FORMALLY SET TO 500)
 *******************************************************************************
 LATTICE PARAMETERS (ANGSTROMS AND DEGREES) - BOHR = 0.5291772083 ANGSTROM
 PRIMITIVE CELL - CENTRING CODE 1/0 VOLUME=   663.485244 - DENSITY  2.523 g/cm^3
         A              B              C           ALPHA      BETA       GAMMA 
     8.72193177     8.72188072     8.72184653    90.000083  90.000067  90.000029
 *******************************************************************************
 ATOMS IN THE ASYMMETRIC UNIT   84 - ATOMS IN THE UNIT CELL:   84
     ATOM                 X/A                 Y/B                 Z/C    
 *******************************************************************************
      1 T   6 C    -2.173783889660E-01 -7.901074939624E-02  8.749680426548E-04
      2 T   6 C     2.173791091434E-01  7.900987821559E-02  8.742769268355E-04
      3 T   6 C     2.173787728222E-01 -7.901082882833E-02 -8.744813156398E-04
      4 T   6 C    -2.173782776154E-01  7.901096785915E-02 -8.746321849361E-04
      5 T   6 C     8.783038349247E-04 -2.173751999596E-01 -7.901815645075E-02
      6 T   6 C     8.791683034295E-04  2.173755905237E-01  7.901854341392E-02
      7 T   6 C    -8.766662557275E-04  2.173751364449E-01 -7.901855450191E-02
      8 T   6 C    -8.776065620499E-04 -2.173750849152E-01  7.901862133337E-02
      9 T   6 C    -7.901616004164E-02  8.787723854434E-04 -2.173878268160E-01
     10 T   6 C     7.901752101784E-02  8.794961116994E-04  2.173883153101E-01
     11 T   6 C    -7.901602248913E-02 -8.789227906125E-04  2.173878467183E-01
     12 T   6 C     7.901745864322E-02 -8.800503367704E-04 -2.173885499070E-01
     13 T   6 C    -2.173793808175E-01  4.209883052978E-01 -4.991252804371E-01
     14 T   6 C     2.173797657414E-01 -4.209884982471E-01 -4.991255822332E-01
     15 T   6 C     2.173795281339E-01  4.209893460910E-01  4.991253698093E-01
     16 T   6 C    -2.173798785330E-01 -4.209882150625E-01  4.991261912296E-01
     17 T   6 C     8.787423056735E-04  2.826236245037E-01  4.209802823767E-01
     18 T   6 C     8.785701572814E-04 -2.826231515539E-01 -4.209801483876E-01
     19 T   6 C    -8.775256795092E-04 -2.826230218301E-01  4.209823872521E-01
     20 T   6 C    -8.768880110197E-04  2.826233514298E-01 -4.209820041772E-01
     21 T   6 C    -7.901759332284E-02 -4.991196350582E-01  2.826116478382E-01
     22 T   6 C     7.901832832841E-02 -4.991206260897E-01 -2.826103132713E-01
     23 T   6 C    -7.901642814384E-02  4.991204149883E-01 -2.826107432607E-01
     24 T   6 C     7.901706562602E-02  4.991214671615E-01  2.826104415752E-01
     25 T   6 C     2.826210393614E-01 -7.901085788516E-02 -4.991256322824E-01
     26 T   6 C    -2.826213567717E-01  7.901030059469E-02 -4.991257701886E-01
     27 T   6 C    -2.826210717608E-01 -7.901157382371E-02  4.991248243907E-01
     28 T   6 C     2.826213901536E-01  7.901015640772E-02  4.991252506357E-01
     29 T   6 C    -4.991225978725E-01 -2.173758715684E-01  4.209812100940E-01
     30 T   6 C    -4.991220172890E-01  2.173749993921E-01 -4.209817129178E-01
     31 T   6 C     4.991215898149E-01  2.173753291347E-01  4.209813408745E-01
     32 T   6 C     4.991215144528E-01 -2.173756331431E-01 -4.209820670688E-01
     33 T   6 C     4.209828290870E-01  8.787535308490E-04  2.826118041670E-01
     34 T   6 C    -4.209832541398E-01  8.790213563996E-04 -2.826124316319E-01
     35 T   6 C     4.209830704734E-01 -8.796798567132E-04 -2.826122469533E-01
     36 T   6 C    -4.209835652809E-01 -8.798115581848E-04  2.826114619027E-01
     37 T   6 C     2.826203422026E-01  4.209885035738E-01  8.741259256425E-04
     38 T   6 C    -2.826205938828E-01 -4.209872455820E-01  8.750783900803E-04
     39 T   6 C    -2.826207916748E-01  4.209890179912E-01 -8.740635898904E-04
     40 T   6 C     2.826194872868E-01 -4.209887814986E-01 -8.744634671324E-04
     41 T   6 C    -4.991224029520E-01  2.826232935674E-01 -7.901878997705E-02
     42 T   6 C    -4.991234954271E-01 -2.826226669262E-01  7.901879947618E-02
     43 T   6 C     4.991208459137E-01 -2.826226488420E-01 -7.901885616630E-02
     44 T   6 C     4.991215023553E-01  2.826227806646E-01  7.901905675814E-02
     45 T   6 C     4.209819842263E-01 -4.991205386824E-01 -2.173895180565E-01
     46 T   6 C    -4.209834282073E-01 -4.991200734253E-01  2.173892785241E-01
     47 T   6 C     4.209819265598E-01  4.991210193935E-01  2.173898357989E-01
     48 T   6 C    -4.209833892401E-01  4.991210097395E-01 -2.173887698592E-01
     49 T   6 C    -1.481290820155E-01  1.481266409090E-01  1.481316648732E-01
     50 T   6 C     1.481298594478E-01 -1.481260167173E-01  1.481320664502E-01
     51 T   6 C     1.481304316111E-01  1.481255556251E-01 -1.481322537254E-01
     52 T   6 C    -1.481295173684E-01 -1.481263911413E-01 -1.481314045529E-01
     53 T   6 C    -1.481294282133E-01 -3.518732303229E-01 -3.518673424359E-01
     54 T   6 C     1.481304402603E-01  3.518732742495E-01 -3.518681713880E-01
     55 T   6 C     1.481296862049E-01 -3.518727462824E-01  3.518682236830E-01
     56 T   6 C    -1.481296225741E-01  3.518736247268E-01  3.518680036646E-01
     57 T   6 C     3.518704824266E-01  1.481258554002E-01 -3.518682717489E-01
     58 T   6 C    -3.518701322013E-01 -1.481266940115E-01 -3.518686002722E-01
     59 T   6 C    -3.518703030514E-01  1.481261134562E-01  3.518678244134E-01
     60 T   6 C     3.518699614364E-01 -1.481265133302E-01  3.518679422307E-01
     61 T   6 C     3.518694865768E-01 -3.518731146835E-01  1.481321289934E-01
     62 T   6 C    -3.518706849944E-01  3.518735668378E-01  1.481321440154E-01
     63 T   6 C    -3.518708513191E-01 -3.518726826549E-01 -1.481315270335E-01
     64 T   6 C     3.518703203237E-01  3.518731781694E-01 -1.481322950046E-01
     65 T   6 C     1.352755769114E-01 -1.352822449468E-01 -1.352909415683E-01
     66 T   6 C    -1.352753694019E-01  1.352817478213E-01 -1.352911652267E-01
     67 T   6 C    -1.352756049553E-01 -1.352816212863E-01  1.352911259198E-01
     68 T   6 C     1.352762918123E-01  1.352815057965E-01  1.352908219495E-01
     69 T   6 C     1.352754844002E-01  3.647178438597E-01  3.647081459369E-01
     70 T   6 C    -1.352764473803E-01 -3.647161921116E-01  3.647095848972E-01
     71 T   6 C    -1.352755795608E-01  3.647160805071E-01 -3.647087539465E-01
     72 T   6 C     1.352758275886E-01 -3.647174909797E-01 -3.647084775010E-01
     73 T   6 C    -3.647245903226E-01 -1.352822120253E-01  3.647090016438E-01
     74 T   6 C     3.647238722867E-01  1.352814700462E-01  3.647090063695E-01
     75 T   6 C     3.647237266932E-01 -1.352820688806E-01 -3.647093449703E-01
     76 T   6 C    -3.647240306298E-01  1.352814997981E-01 -3.647094991226E-01
     77 T   6 C    -3.647238339103E-01  3.647167788359E-01 -1.352910770893E-01
     78 T   6 C     3.647232967514E-01 -3.647174600260E-01 -1.352910994435E-01
     79 T   6 C     3.647238642714E-01  3.647169203687E-01  1.352909213352E-01
     80 T   6 C    -3.647246107355E-01 -3.647160574649E-01  1.352913228865E-01
     81 T   6 C    -2.499999182837E-01  2.499998076334E-01  2.499998926866E-01
     82 T   6 C     2.499995823098E-01 -2.499994302139E-01  2.500000993160E-01
     83 T   6 C     2.500003756445E-01  2.499991715313E-01 -2.500003502326E-01
     84 T   6 C    -2.500000350474E-01 -2.499996379922E-01 -2.499997096643E-01

 T = ATOM BELONGING TO THE ASYMMETRIC UNIT

 ****    1 SYMMOPS - TRANSLATORS IN FRACTIONAL UNITS
 **** MATRICES AND TRANSLATORS IN THE CRYSTALLOGRAPHIC REFERENCE FRAME
   V INV                    ROTATION MATRICES                   TRANSLATORS
   1   1  1.00  0.00  0.00  0.00  1.00  0.00  0.00 -0.00  1.00  0.00  0.00  0.00

 DIRECT LATTICE VECTORS CARTESIAN COMPONENTS (ANGSTROM)
          X                    Y                    Z
   0.872193177000E+01  -0.441456636859E-05   0.000000000000E+00
   0.000000000000E+00   0.872188072000E+01   0.000000000000E+00
  -0.101990772938E-04  -0.126346699216E-04   0.872184652998E+01


 CARTESIAN COORDINATES - PRIMITIVE CELL
 *******************************************************************************
 *      ATOM          X(ANGSTROM)         Y(ANGSTROM)         Z(ANGSTROM)
 *******************************************************************************
    1     6 C    -1.895959485758E+00 -6.891213832554E-01  7.631336986676E-03
    2     6 C     1.895965749255E+00  6.891137628174E-01  7.625309180566E-03
    3     6 C     1.895962833720E+00 -6.891239732133E-01 -7.627091828350E-03
    4     6 C    -1.895958496721E+00  6.891252079208E-01 -7.628407687198E-03
    5     6 C     7.661312033827E-03 -1.895919571043E+00 -6.891842336458E-01
    6     6 C     7.667240040626E-03  1.895922969733E+00  6.891876086792E-01
    7     6 C    -7.645417351171E-03  1.895921013810E+00 -6.891877053869E-01
    8     6 C    -7.655230472129E-03 -1.895920556630E+00  6.891882882806E-01
    9     6 C    -6.891713394552E-01  7.667643371387E-03 -1.896023262976E+00
   10     6 C     6.891832097918E-01  7.667764722246E-03  1.896027523547E+00
   11     6 C    -6.891745740423E-01 -7.668257544025E-03  1.896023436561E+00
   12     6 C     6.891871000875E-01 -7.673296260150E-03 -1.896029569665E+00
   13     6 C    -1.895963037078E+00  3.671817049241E+00 -4.353294095208E+00
   14     6 C     1.895976575595E+00 -3.671806119554E+00 -4.353296727427E+00
   15     6 C     1.895964321960E+00  3.671811595076E+00  4.353294874699E+00
   16     6 C    -1.895977559362E+00 -3.671814342958E+00  4.353302039000E+00
   17     6 C     7.660036823057E-03  2.465004218749E+00  3.671725415039E+00
   18     6 C     7.667122576038E-03 -2.465000101497E+00 -3.671724246407E+00
   19     6 C    -7.658012735008E-03 -2.465009600228E+00  3.671743773439E+00
   20     6 C    -7.643863774044E-03  2.465012482697E+00 -3.671740432319E+00
   21     6 C    -6.891889399694E-01 -4.353265143864E+00  2.464895420031E+00
   22     6 C     6.891953506242E-01 -4.353267343790E+00 -2.464883780143E+00
   23     6 C    -6.891730126108E-01  4.353272643962E+00 -2.464887530445E+00
   24     6 C     6.891785726899E-01  4.353273981858E+00  2.464884899190E+00
   25     6 C     2.465006512697E+00 -6.891182194210E-01 -4.353297163949E+00
   26     6 C    -2.464999099885E+00  6.891259713783E-01 -4.353298366745E+00
   27     6 C    -2.465006795274E+00 -6.891345810178E-01  4.353290117641E+00
   28     6 C     2.464999391045E+00  6.891096059230E-01  4.353293835285E+00
   29     6 C    -4.353317537128E+00 -1.895929538774E+00  3.671733506447E+00
   30     6 C    -4.353303886074E+00  1.895926338580E+00 -3.671737891999E+00
   31     6 C     4.353300157678E+00  1.895914169818E+00  3.671734647095E+00
   32     6 C     4.353308087624E+00 -1.895921228144E+00 -3.671740980850E+00
   33     6 C     3.671780629258E+00  7.658954314843E-03  2.464896783507E+00
   34     6 C    -3.671784336533E+00  7.672148594155E-03 -2.464902256159E+00
   35     6 C     3.671788499378E+00 -7.670750527288E-03 -2.464900645421E+00
   36     6 C    -3.671792815047E+00 -7.675323709213E-03  2.464893798330E+00
   37     6 C     2.464995332590E+00  3.671810253971E+00  7.623992171335E-03
   38     6 C    -2.464997545567E+00 -3.671799304017E+00  7.632299419987E-03
   39     6 C    -2.464999252856E+00  3.671817258041E+00 -7.623448488472E-03
   40     6 C     2.464987893906E+00 -3.671815173283E+00 -7.626936156407E-03
   41     6 C    -4.353310737506E+00  2.465009856974E+00 -6.891897591649E-01
   42     6 C    -4.353321877837E+00 -2.464999984661E+00  6.891898420149E-01
   43     6 C     4.353298768963E+00 -2.465002236995E+00 -6.891903364574E-01
   44     6 C     4.353302882561E+00  2.464998979927E+00  6.891920859887E-01
   45     6 C     3.671778359993E+00 -4.353268915098E+00 -1.896038013716E+00
   46     6 C    -3.671790954294E+00 -4.353266633556E+00  1.896035924551E+00
   47     6 C     3.671773422682E+00  4.353269390893E+00  1.896040785017E+00
   48     6 C    -3.671786180090E+00  4.353278516888E+00 -1.896031488054E+00
   49     6 C    -1.291973257298E+00  1.291941675794E+00  1.291981647255E+00
   50     6 C     1.291977016393E+00 -1.291939974866E+00  1.291985149748E+00
   51     6 C     1.291985028385E+00  1.291934645416E+00 -1.291986783134E+00
   52     6 C    -1.291974032806E+00 -1.291938189499E+00 -1.291979376781E+00
   53     6 C    -1.291971177283E+00 -3.068991243783E+00 -3.068932959640E+00
   54     6 C     1.291987181741E+00  3.069000518367E+00 -3.068940189633E+00
   55     6 C     1.291973427459E+00 -3.068997221361E+00  3.068940645742E+00
   56     6 C    -1.291980049936E+00  3.068995991573E+00  3.068938726775E+00
   57     6 C     3.068993928333E+00  1.291938934732E+00 -3.068941064965E+00
   58     6 C    -3.068983696225E+00 -1.291937357519E+00 -3.068943930295E+00
   59     6 C    -3.068992363830E+00  1.291935400703E+00  3.068937163373E+00
   60     6 C     3.068982206832E+00 -1.291947779824E+00  3.068938190958E+00
   61     6 C     3.068980143056E+00 -3.068998759796E+00  1.291985695240E+00
   62     6 C    -3.068993617195E+00  3.068998960236E+00  1.291985826260E+00
   63     6 C    -3.068992046252E+00 -3.068988141792E+00 -1.291980445038E+00
   64     6 C     3.068990436564E+00  3.068996206809E+00 -1.291987143165E+00
   65     6 C     1.179865731811E+00 -1.179914491786E+00 -1.179986829256E+00
   66     6 C    -1.179861162240E+00  1.179913574632E+00 -1.179988779970E+00
   67     6 C    -1.179865976410E+00 -1.179911276643E+00  1.179988437141E+00
   68     6 C     1.179869207444E+00  1.179906850638E+00  1.179985785959E+00
   69     6 C     1.179859825406E+00  3.181020325450E+00  3.180928477097E+00
   70     6 C    -1.179875663840E+00 -3.181015135048E+00  3.180941027488E+00
   71     6 C    -1.179860655384E+00  3.181015356007E+00 -3.180933780063E+00
   72     6 C     1.179870258048E+00 -3.181018442036E+00 -3.180931368948E+00
   73     6 C    -3.181106711330E+00 -1.179918314699E+00  3.180935940441E+00
   74     6 C     3.181093009279E+00  1.179902627294E+00  3.180935981658E+00
   75     6 C     3.181099178817E+00 -1.179911070446E+00 -3.180938934882E+00
   76     6 C    -3.181094390332E+00  1.179915322944E+00 -3.180940279375E+00
   77     6 C    -3.181095014414E+00  3.181019561045E+00 -1.179988011249E+00
   78     6 C     3.181093089039E+00 -3.181022083585E+00 -1.179988206219E+00
   79     6 C     3.181095279223E+00  3.181014156568E+00  1.179986652786E+00
   80     6 C    -3.181104549521E+00 -3.181010049138E+00  1.179990155055E+00
   81     6 C    -2.180484779544E+00  2.180466447177E+00  2.180460696525E+00
   82     6 C     2.180476749664E+00 -2.180469472702E+00  2.180462498715E+00
   83     6 C     2.180488768618E+00  2.180465009223E+00 -2.180464687171E+00
   84     6 C    -2.180480698414E+00 -2.180462760306E+00 -2.180459100233E+00

 *******************************************************************************
 LOCAL ATOMIC FUNCTIONS BASIS SET
 *******************************************************************************
   ATOM   X(AU)   Y(AU)   Z(AU)  N. TYPE  EXPONENT  S COEF   P COEF   D/F/G COEF
 *******************************************************************************
   1 C   -3.583  -1.302   0.014
                                  1 S  
                                         1.358E+04 2.225E-04 0.000E+00 0.000E+00
                                         2.035E+03 1.723E-03 0.000E+00 0.000E+00
                                         4.632E+02 8.926E-03 0.000E+00 0.000E+00
                                         1.312E+02 3.573E-02 0.000E+00 0.000E+00
                                         4.285E+01 1.108E-01 0.000E+00 0.000E+00
                                         1.558E+01 2.430E-01 0.000E+00 0.000E+00
                                  2 S  
                                         6.207E+00 4.144E-01 0.000E+00 0.000E+00
                                         2.576E+00 2.374E-01 0.000E+00 0.000E+00
                                  3 S  
                                         4.941E-01 1.000E+00 0.000E+00 0.000E+00
                                  4 S  
                                         1.644E-01 1.000E+00 0.000E+00 0.000E+00
                           5-     7 P  
                                         3.470E+01 0.000E+00 5.333E-03 0.000E+00
                                         7.958E+00 0.000E+00 3.586E-02 0.000E+00
                                         2.378E+00 0.000E+00 1.422E-01 0.000E+00
                                         8.143E-01 0.000E+00 3.427E-01 0.000E+00
                           8-    10 P  
                                         5.662E-01 0.000E+00 1.000E+00 0.000E+00
                          11-    13 P  
                                         2.674E-01 0.000E+00 1.000E+00 0.000E+00
                          14-    18 D  
                                         8.792E-01 0.000E+00 0.000E+00 1.000E+00
   2 C    3.583   1.302   0.014
   3 C    3.583  -1.302  -0.014
   4 C   -3.583   1.302  -0.014
   5 C    0.014  -3.583  -1.302
   6 C    0.014   3.583   1.302
   7 C   -0.014   3.583  -1.302
   8 C   -0.014  -3.583   1.302
   9 C   -1.302   0.014  -3.583
  10 C    1.302   0.014   3.583
  11 C   -1.302  -0.014   3.583
  12 C    1.302  -0.015  -3.583
  13 C   -3.583   6.939  -8.227
  14 C    3.583  -6.939  -8.227
  15 C    3.583   6.939   8.227
  16 C   -3.583  -6.939   8.227
  17 C    0.014   4.658   6.939
  18 C    0.014  -4.658  -6.939
  19 C   -0.014  -4.658   6.939
  20 C   -0.014   4.658  -6.939
  21 C   -1.302  -8.226   4.658
  22 C    1.302  -8.226  -4.658
  23 C   -1.302   8.226  -4.658
  24 C    1.302   8.226   4.658
  25 C    4.658  -1.302  -8.227
  26 C   -4.658   1.302  -8.227
  27 C   -4.658  -1.302   8.227
  28 C    4.658   1.302   8.227
  29 C   -8.227  -3.583   6.939
  30 C   -8.227   3.583  -6.939
  31 C    8.227   3.583   6.939
  32 C    8.227  -3.583  -6.939
  33 C    6.939   0.014   4.658
  34 C   -6.939   0.014  -4.658
  35 C    6.939  -0.014  -4.658
  36 C   -6.939  -0.015   4.658
  37 C    4.658   6.939   0.014
  38 C   -4.658  -6.939   0.014
  39 C   -4.658   6.939  -0.014
  40 C    4.658  -6.939  -0.014
  41 C   -8.227   4.658  -1.302
  42 C   -8.227  -4.658   1.302
  43 C    8.227  -4.658  -1.302
  44 C    8.227   4.658   1.302
  45 C    6.939  -8.226  -3.583
  46 C   -6.939  -8.226   3.583
  47 C    6.939   8.226   3.583
  48 C   -6.939   8.227  -3.583
  49 C   -2.441   2.441   2.441
  50 C    2.441  -2.441   2.441
  51 C    2.441   2.441  -2.442
  52 C   -2.441  -2.441  -2.441
  53 C   -2.441  -5.800  -5.799
  54 C    2.442   5.800  -5.799
  55 C    2.441  -5.800   5.799
  56 C   -2.441   5.800   5.799
  57 C    5.800   2.441  -5.799
  58 C   -5.800  -2.441  -5.799
  59 C   -5.800   2.441   5.799
  60 C    5.800  -2.441   5.799
  61 C    5.800  -5.800   2.441
  62 C   -5.800   5.800   2.441
  63 C   -5.800  -5.800  -2.441
  64 C    5.800   5.800  -2.442
  65 C    2.230  -2.230  -2.230
  66 C   -2.230   2.230  -2.230
  67 C   -2.230  -2.230   2.230
  68 C    2.230   2.230   2.230
  69 C    2.230   6.011   6.011
  70 C   -2.230  -6.011   6.011
  71 C   -2.230   6.011  -6.011
  72 C    2.230  -6.011  -6.011
  73 C   -6.011  -2.230   6.011
  74 C    6.011   2.230   6.011
  75 C    6.011  -2.230  -6.011
  76 C   -6.011   2.230  -6.011
  77 C   -6.011   6.011  -2.230
  78 C    6.011  -6.011  -2.230
  79 C    6.011   6.011   2.230
  80 C   -6.011  -6.011   2.230
  81 C   -4.121   4.120   4.120
  82 C    4.121  -4.120   4.120
  83 C    4.121   4.120  -4.120
  84 C   -4.121  -4.120  -4.120
 INFORMATION **** SET_MPP **** PCRYSTAL CALCULATION
 INFORMATION **** READM2 **** NEW DEFAULT: FOCK/KS MATRIX MIXING SET TO 30 %
 INFORMATION **** READM2 **** NEW DEFAULT: FULL DIRECT SCF MODE
 INFORMATION **** READM2 **** NEW DEFAULT: COULOMB BIPOLAR BUFFER SET TO 32 Mb
 INFORMATION **** READM2 **** NEW DEFAULT: EXCHANGE BIPOLAR BUFFER SET TO 32 Mb

 *******************************************************************************
 NEW DEFAULT: DFT INTEGRATION GRID INCREASED TO XLGRID
 NEW DEFAULT: DIIS ACCELERATOR ACTIVE
 USE KEYWORD NODIIS TO TURN IT OFF
 *******************************************************************************

 INFORMATION **** DFTD3_INPUT **** PERFORM LATEST DISPERSION CORRECTION DFT-D3(BJ) WITH AUTOMATIC PARAMETER SETUP
 PLEASE CITE:
 (1) DFT-D3 Reference
  S. Grimme, J. Antony, S. Ehrlich, and H. Krieg, J. Chem. Phys. 132 (2010), 154104
 (2) BJ-Damping Reference
  S. Grimme, S. Ehrlich, and L. Goerigk, J. Comput. Chem. 32 (2011), 1456-1465
 (3) General DFT-D Review
  S. Grimme, A. Hansen, J. G. Brandenburg, and C. Bannwarth,
  Chem. Rev. 116 (2016), 5105-5154

 INFORMATION **** TOLINTEG **** COULOMB AND EXCHANGE SERIES TOLERANCES MODIFIED
 INFORMATION **** TOLDEE **** SCF TOL ON TOTAL ENERGY SET TO           9
 INFORMATION **** READM2 **** FULL DIRECT SCF (MONO AND BIEL INT) SELECTED
 INFORMATION **** BIPOSIZE **** COULOMB BIPOLAR BUFFER SET TO   110000000
 INFORMATION **** EXCHSIZE **** EXCHANGE BIPOLAR BUFFER SIZE SET TO   110000000
 INFORMATION **** MAXCYCLE **** MAX NUMBER OF SCF CYCLES SET TO         800
 INFORMATION **** DIIS **** DIIS FOR SCF ACTIVE
 INFORMATION **** DIIS **** LEVEL SHIFTER DISABLED
 INFORMATION **** PPAN ****  MULLIKEN POPULATION ANALYSIS AT THE END OF SCF
 *******************************************************************************
 N. OF ATOMS PER CELL        84  COULOMB OVERLAP TOL         (T1) 10**   -8
 NUMBER OF SHELLS           672  COULOMB PENETRATION TOL     (T2) 10**   -8
 NUMBER OF AO              1512  EXCHANGE OVERLAP TOL        (T3) 10**   -8
 N. OF ELECTRONS PER CELL   504  EXCHANGE PSEUDO OVP (F(G))  (T4) 10**   -9
 CORE ELECTRONS PER CELL    168  EXCHANGE PSEUDO OVP (P(G))  (T5) 10**  -24
 N. OF SYMMETRY OPERATORS     1  POLE ORDER IN MONO ZONE                  4
 *******************************************************************************
 TYPE OF CALCULATION :  UNRESTRICTED OPEN SHELL
 KOHN-SHAM HAMILTONIAN

 (EXCHANGE)[CORRELATION] FUNCTIONAL:(BECKE 88)[LEE-YANG-PARR]

 NON-LOCAL WEIGHTING FACTOR (EXCHANGE) =           0.9000
 NON-LOCAL WEIGHTING FACTOR [CORRELATION] =        0.8100

 HYBRID EXCHANGE - PERCENTAGE OF FOCK EXCHANGE    20.0000

 SPIN POLARIZED DFT SELECTED

 CAPPA:IS1  5;IS2  5;IS3  5; K PTS MONK NET  63; SYMMOPS:K SPACE   2;G SPACE   1

 *******************************************************************************
 MAX NUMBER OF SCF CYCLES     800  CONVERGENCE ON DELTAP        10**-19
 WEIGHT OF F(I) IN F(I+1)      30% CONVERGENCE ON ENERGY        10**- 9
 SHRINK. FACT.(MONKH.)    5  5  5  NUMBER OF K POINTS IN THE IBZ     63
 SHRINKING FACTOR(GILAT NET)   10  NUMBER OF K POINTS(GILAT NET)    504
 *******************************************************************************
 *** K POINTS COORDINATES (OBLIQUE COORDINATES IN UNITS OF IS =  5)
   1-R(  0  0  0)   2-C(  1  0  0)   3-C(  2  0  0)   4-C(  0  1  0)
   5-C(  1  1  0)   6-C(  2  1  0)   7-C(  3  1  0)   8-C(  4  1  0)
   9-C(  0  2  0)  10-C(  1  2  0)  11-C(  2  2  0)  12-C(  3  2  0)
  13-C(  4  2  0)  14-C(  0  0  1)  15-C(  1  0  1)  16-C(  2  0  1)
  17-C(  3  0  1)  18-C(  4  0  1)  19-C(  0  1  1)  20-C(  1  1  1)
  21-C(  2  1  1)  22-C(  3  1  1)  23-C(  4  1  1)  24-C(  0  2  1)
  25-C(  1  2  1)  26-C(  2  2  1)  27-C(  3  2  1)  28-C(  4  2  1)
  29-C(  0  3  1)  30-C(  1  3  1)  31-C(  2  3  1)  32-C(  3  3  1)
  33-C(  4  3  1)  34-C(  0  4  1)  35-C(  1  4  1)  36-C(  2  4  1)
  37-C(  3  4  1)  38-C(  4  4  1)  39-C(  0  0  2)  40-C(  1  0  2)
  41-C(  2  0  2)  42-C(  3  0  2)  43-C(  4  0  2)  44-C(  0  1  2)
  45-C(  1  1  2)  46-C(  2  1  2)  47-C(  3  1  2)  48-C(  4  1  2)
  49-C(  0  2  2)  50-C(  1  2  2)  51-C(  2  2  2)  52-C(  3  2  2)
  53-C(  4  2  2)  54-C(  0  3  2)  55-C(  1  3  2)  56-C(  2  3  2)
  57-C(  3  3  2)  58-C(  4  3  2)  59-C(  0  4  2)  60-C(  1  4  2)
  61-C(  2  4  2)  62-C(  3  4  2)  63-C(  4  4  2)

 DIRECT LATTICE VECTORS COMPON. (A.U.)     RECIP. LATTICE VECTORS COMPON. (A.U.) 
        X            Y            Z              X            Y            Z
   16.4820624   -0.0000083    0.0000000      0.3812135    0.0000000    0.0000004
    0.0000000   16.4819659    0.0000000      0.0000002    0.3812158    0.0000006
   -0.0000193   -0.0000239   16.4819013      0.0000000    0.0000000    0.3812173

 DISK SPACE FOR EIGENVECTORS (FTN 10)   285768000 REALS

 SYMMETRY ADAPTION OF THE BLOCH FUNCTIONS DISABLED
 TTTTTTTTTTTTTTTTTTTTTTTTTTTTTT gordsh1     TELAPSE        1.29 TCPU        0.50

 MATRIX SIZE: P(G) 7174784, F(G)  823868, P(G) IRR 3592768, F(G) IRR  825464
 MAX G-VECTOR INDEX FOR 1- AND 2-ELECTRON INTEGRALS  93

 TTTTTTTTTTTTTTTTTTTTTTTTTTTTTT INPUT       TELAPSE        3.19 TCPU        2.40

 NEIGHBORS OF THE NON-EQUIVALENT ATOMS

 N = NUMBER OF NEIGHBORS AT DISTANCE R
    ATOM  N     R/ANG      R/AU   NEIGHBORS (ATOM LABELS AND CELL INDICES)
   1 C    1     1.3783     2.6047    4 C    0 0 0
   1 C    1     1.4588     2.7567   67 C    0 0 0
   1 C    1     1.5547     2.9380   52 C    0 0 0
   1 C    1     2.3273     4.3980   66 C    0 0 0
   1 C    1     2.3423     4.4264    8 C    0 0 0
   1 C    1     2.3424     4.4265   11 C    0 0 0

   2 C    1     1.3783     2.6047    3 C    0 0 0
   2 C    1     1.4588     2.7567   68 C    0 0 0
   2 C    1     1.5547     2.9380   51 C    0 0 0
   2 C    1     2.3273     4.3980   65 C    0 0 0
   2 C    1     2.3423     4.4264    6 C    0 0 0
   2 C    1     2.3424     4.4265   10 C    0 0 0

   3 C    1     1.3783     2.6047    2 C    0 0 0
   3 C    1     1.4588     2.7567   65 C    0 0 0
   3 C    1     1.5547     2.9380   50 C    0 0 0
   3 C    1     2.3273     4.3980   68 C    0 0 0
   3 C    1     2.3423     4.4264    5 C    0 0 0
   3 C    1     2.3424     4.4265   12 C    0 0 0

   4 C    1     1.3783     2.6047    1 C    0 0 0
   4 C    1     1.4588     2.7567   66 C    0 0 0
   4 C    1     1.5547     2.9380   49 C    0 0 0
   4 C    1     2.3273     4.3980   67 C    0 0 0
   4 C    1     2.3424     4.4264    7 C    0 0 0
   4 C    1     2.3424     4.4265    9 C    0 0 0

   5 C    1     1.3785     2.6049    8 C    0 0 0
   5 C    1     1.4586     2.7564   65 C    0 0 0
   5 C    1     1.5547     2.9380   52 C    0 0 0
   5 C    1     2.3274     4.3981   67 C    0 0 0
   5 C    1     2.3423     4.4263   12 C    0 0 0
   5 C    1     2.3423     4.4264    3 C    0 0 0

   6 C    1     1.3785     2.6049    7 C    0 0 0
   6 C    1     1.4586     2.7564   68 C    0 0 0
   6 C    1     1.5547     2.9380   49 C    0 0 0
   6 C    1     2.3274     4.3981   66 C    0 0 0
   6 C    1     2.3423     4.4263   10 C    0 0 0
   6 C    1     2.3423     4.4264    2 C    0 0 0

   7 C    1     1.3785     2.6049    6 C    0 0 0
   7 C    1     1.4586     2.7564   66 C    0 0 0
   7 C    1     1.5547     2.9380   51 C    0 0 0
   7 C    1     2.3274     4.3981   68 C    0 0 0
   7 C    1     2.3423     4.4263    9 C    0 0 0
   7 C    1     2.3424     4.4264    4 C    0 0 0

   8 C    1     1.3785     2.6049    5 C    0 0 0
   8 C    1     1.4586     2.7564   67 C    0 0 0
   8 C    1     1.5547     2.9380   50 C    0 0 0
   8 C    1     2.3274     4.3981   65 C    0 0 0
   8 C    1     2.3423     4.4263   11 C    0 0 0
   8 C    1     2.3423     4.4264    1 C    0 0 0

   9 C    1     1.3784     2.6049   12 C    0 0 0
   9 C    1     1.4586     2.7564   66 C    0 0 0
   9 C    1     1.5547     2.9380   52 C    0 0 0
   9 C    1     2.3273     4.3980   65 C    0 0 0
   9 C    1     2.3423     4.4263    7 C    0 0 0
   9 C    1     2.3424     4.4265    4 C    0 0 0

  10 C    1     1.3784     2.6049   11 C    0 0 0
  10 C    1     1.4586     2.7564   68 C    0 0 0
  10 C    1     1.5547     2.9380   50 C    0 0 0
  10 C    1     2.3273     4.3980   67 C    0 0 0
  10 C    1     2.3423     4.4263    6 C    0 0 0
  10 C    1     2.3424     4.4265    2 C    0 0 0

  11 C    1     1.3784     2.6049   10 C    0 0 0
  11 C    1     1.4586     2.7564   67 C    0 0 0
  11 C    1     1.5547     2.9380   49 C    0 0 0
  11 C    1     2.3273     4.3980   68 C    0 0 0
  11 C    1     2.3423     4.4263    8 C    0 0 0
  11 C    1     2.3424     4.4265    1 C    0 0 0

  12 C    1     1.3784     2.6049    9 C    0 0 0
  12 C    1     1.4586     2.7564   65 C    0 0 0
  12 C    1     1.5547     2.9380   51 C    0 0 0
  12 C    1     2.3273     4.3980   66 C    0 0 0
  12 C    1     2.3423     4.4263    5 C    0 0 0
  12 C    1     2.3424     4.4265    3 C    0 0 0

  13 C    1     1.3783     2.6047   16 C    0 1-1
  13 C    1     1.4588     2.7567   71 C    0 0 0
  13 C    1     1.5547     2.9380   56 C    0 0-1
  13 C    1     2.3274     4.3981   70 C    0 1-1
  13 C    1     2.3424     4.4264   20 C    0 0 0
  13 C    1     2.3424     4.4265   23 C    0 0 0

  14 C    1     1.3783     2.6047   15 C    0-1-1
  14 C    1     1.4588     2.7567   72 C    0 0 0
  14 C    1     1.5547     2.9380   55 C    0 0-1
  14 C    1     2.3274     4.3981   69 C    0-1-1
  14 C    1     2.3424     4.4264   18 C    0 0 0
  14 C    1     2.3424     4.4265   22 C    0 0 0

  15 C    1     1.3783     2.6047   14 C    0 1 1
  15 C    1     1.4588     2.7568   69 C    0 0 0
  15 C    1     1.5547     2.9380   54 C    0 0 1
  15 C    1     2.3273     4.3981   72 C    0 1 1
  15 C    1     2.3424     4.4264   17 C    0 0 0
  15 C    1     2.3424     4.4265   24 C    0 0 0

  16 C    1     1.3783     2.6047   13 C    0-1 1
  16 C    1     1.4588     2.7567   70 C    0 0 0
  16 C    1     1.5547     2.9380   53 C    0 0 1
  16 C    1     2.3274     4.3981   71 C    0-1 1
  16 C    1     2.3424     4.4264   19 C    0 0 0
  16 C    1     2.3424     4.4265   21 C    0 0 0

  17 C    1     1.3785     2.6049   20 C    0 0 1
  17 C    1     1.4586     2.7564   69 C    0 0 0
  17 C    1     1.5547     2.9380   56 C    0 0 0
  17 C    1     2.3274     4.3981   71 C    0 0 1
  17 C    1     2.3423     4.4264   24 C    0 0 0
  17 C    1     2.3424     4.4264   15 C    0 0 0

  18 C    1     1.3785     2.6049   19 C    0 0-1
  18 C    1     1.4586     2.7564   72 C    0 0 0
  18 C    1     1.5547     2.9380   53 C    0 0 0
  18 C    1     2.3274     4.3981   70 C    0 0-1
  18 C    1     2.3423     4.4264   22 C    0 0 0
  18 C    1     2.3424     4.4264   14 C    0 0 0

  19 C    1     1.3785     2.6049   18 C    0 0 1
  19 C    1     1.4586     2.7564   70 C    0 0 0
  19 C    1     1.5547     2.9380   55 C    0 0 0
  19 C    1     2.3274     4.3981   72 C    0 0 1
  19 C    1     2.3423     4.4263   21 C    0 0 0
  19 C    1     2.3424     4.4264   16 C    0 0 0

  20 C    1     1.3785     2.6049   17 C    0 0-1
  20 C    1     1.4586     2.7564   71 C    0 0 0
  20 C    1     1.5547     2.9380   54 C    0 0 0
  20 C    1     2.3274     4.3981   69 C    0 0-1
  20 C    1     2.3423     4.4264   23 C    0 0 0
  20 C    1     2.3424     4.4264   13 C    0 0 0

  21 C    1     1.3785     2.6049   24 C    0-1 0
  21 C    1     1.4587     2.7565   70 C    0 0 0
  21 C    1     1.5547     2.9380   56 C    0-1 0
  21 C    1     2.3273     4.3980   69 C    0-1 0
  21 C    1     2.3423     4.4263   19 C    0 0 0
  21 C    1     2.3424     4.4265   16 C    0 0 0

  22 C    1     1.3785     2.6049   23 C    0-1 0
  22 C    1     1.4586     2.7564   72 C    0 0 0
  22 C    1     1.5547     2.9380   54 C    0-1 0
  22 C    1     2.3273     4.3980   71 C    0-1 0
  22 C    1     2.3423     4.4264   18 C    0 0 0
  22 C    1     2.3424     4.4265   14 C    0 0 0

  23 C    1     1.3785     2.6049   22 C    0 1 0
  23 C    1     1.4587     2.7565   71 C    0 0 0
  23 C    1     1.5547     2.9380   53 C    0 1 0
  23 C    1     2.3273     4.3980   72 C    0 1 0
  23 C    1     2.3423     4.4264   20 C    0 0 0
  23 C    1     2.3424     4.4265   13 C    0 0 0

  24 C    1     1.3785     2.6049   21 C    0 1 0
  24 C    1     1.4587     2.7565   69 C    0 0 0
  24 C    1     1.5547     2.9380   55 C    0 1 0
  24 C    1     2.3273     4.3980   70 C    0 1 0
  24 C    1     2.3423     4.4264   17 C    0 0 0
  24 C    1     2.3424     4.4265   15 C    0 0 0

  25 C    1     1.3783     2.6047   28 C    0 0-1
  25 C    1     1.4588     2.7567   75 C    0 0 0
  25 C    1     1.5547     2.9380   60 C    0 0-1
  25 C    1     2.3273     4.3980   74 C    0 0-1
  25 C    1     2.3423     4.4264   32 C    0 0 0
  25 C    1     2.3424     4.4265   35 C    0 0 0

  26 C    1     1.3783     2.6047   27 C    0 0-1
  26 C    1     1.4588     2.7567   76 C    0 0 0
  26 C    1     1.5547     2.9380   59 C    0 0-1
  26 C    1     2.3273     4.3980   73 C    0 0-1
  26 C    1     2.3423     4.4264   30 C    0 0 0
  26 C    1     2.3424     4.4265   34 C    0 0 0

  27 C    1     1.3783     2.6047   26 C    0 0 1
  27 C    1     1.4588     2.7567   73 C    0 0 0
  27 C    1     1.5547     2.9380   58 C    0 0 1
  27 C    1     2.3273     4.3980   76 C    0 0 1
  27 C    1     2.3423     4.4264   29 C    0 0 0
  27 C    1     2.3424     4.4265   36 C    0 0 0

  28 C    1     1.3783     2.6047   25 C    0 0 1
  28 C    1     1.4588     2.7567   74 C    0 0 0
  28 C    1     1.5547     2.9380   57 C    0 0 1
  28 C    1     2.3273     4.3980   75 C    0 0 1
  28 C    1     2.3423     4.4264   31 C    0 0 0
  28 C    1     2.3424     4.4265   33 C    0 0 0

  29 C    1     1.3785     2.6049   32 C   -1 0 1
  29 C    1     1.4586     2.7564   73 C    0 0 0
  29 C    1     1.5547     2.9380   60 C   -1 0 0
  29 C    1     2.3274     4.3981   75 C   -1 0 1
  29 C    1     2.3423     4.4263   36 C    0 0 0
  29 C    1     2.3423     4.4264   27 C    0 0 0

  30 C    1     1.3785     2.6049   31 C   -1 0-1
  30 C    1     1.4586     2.7564   76 C    0 0 0
  30 C    1     1.5547     2.9380   57 C   -1 0 0
  30 C    1     2.3274     4.3981   74 C   -1 0-1
  30 C    1     2.3423     4.4263   34 C    0 0 0
  30 C    1     2.3423     4.4264   26 C    0 0 0

  31 C    1     1.3785     2.6049   30 C    1 0 1
  31 C    1     1.4586     2.7564   74 C    0 0 0
  31 C    1     1.5547     2.9380   59 C    1 0 0
  31 C    1     2.3274     4.3981   76 C    1 0 1
  31 C    1     2.3423     4.4263   33 C    0 0 0
  31 C    1     2.3423     4.4264   28 C    0 0 0

  32 C    1     1.3785     2.6049   29 C    1 0-1
  32 C    1     1.4586     2.7564   75 C    0 0 0
  32 C    1     1.5547     2.9380   58 C    1 0 0
  32 C    1     2.3274     4.3981   73 C    1 0-1
  32 C    1     2.3423     4.4263   35 C    0 0 0
  32 C    1     2.3423     4.4264   25 C    0 0 0

  33 C    1     1.3784     2.6049   36 C    1 0 0
  33 C    1     1.4586     2.7564   74 C    0 0 0
  33 C    1     1.5547     2.9380   60 C    0 0 0
  33 C    1     2.3273     4.3980   73 C    1 0 0
  33 C    1     2.3423     4.4263   31 C    0 0 0
  33 C    1     2.3424     4.4265   28 C    0 0 0

  34 C    1     1.3784     2.6049   35 C   -1 0 0
  34 C    1     1.4586     2.7564   76 C    0 0 0
  34 C    1     1.5547     2.9380   58 C    0 0 0
  34 C    1     2.3273     4.3980   75 C   -1 0 0
  34 C    1     2.3423     4.4263   30 C    0 0 0
  34 C    1     2.3424     4.4265   26 C    0 0 0

  35 C    1     1.3784     2.6049   34 C    1 0 0
  35 C    1     1.4586     2.7564   75 C    0 0 0
  35 C    1     1.5547     2.9380   57 C    0 0 0
  35 C    1     2.3273     4.3980   76 C    1 0 0
  35 C    1     2.3423     4.4263   32 C    0 0 0
  35 C    1     2.3424     4.4265   25 C    0 0 0

  36 C    1     1.3784     2.6049   33 C   -1 0 0
  36 C    1     1.4586     2.7564   73 C    0 0 0
  36 C    1     1.5547     2.9380   59 C    0 0 0
  36 C    1     2.3273     4.3980   74 C   -1 0 0
  36 C    1     2.3423     4.4263   29 C    0 0 0
  36 C    1     2.3424     4.4265   27 C    0 0 0

  37 C    1     1.3783     2.6047   40 C    0 1 0
  37 C    1     1.4588     2.7567   79 C    0 0 0
  37 C    1     1.5547     2.9380   64 C    0 0 0
  37 C    1     2.3274     4.3981   78 C    0 1 0
  37 C    1     2.3424     4.4264   44 C    0 0 0
  37 C    1     2.3424     4.4265   47 C    0 0 0

  38 C    1     1.3783     2.6047   39 C    0-1 0
  38 C    1     1.4588     2.7567   80 C    0 0 0
  38 C    1     1.5547     2.9380   63 C    0 0 0
  38 C    1     2.3274     4.3981   77 C    0-1 0
  38 C    1     2.3424     4.4264   42 C    0 0 0
  38 C    1     2.3424     4.4265   46 C    0 0 0

  39 C    1     1.3783     2.6047   38 C    0 1 0
  39 C    1     1.4588     2.7567   77 C    0 0 0
  39 C    1     1.5547     2.9380   62 C    0 0 0
  39 C    1     2.3274     4.3981   80 C    0 1 0
  39 C    1     2.3424     4.4264   41 C    0 0 0
  39 C    1     2.3424     4.4265   48 C    0 0 0

  40 C    1     1.3783     2.6047   37 C    0-1 0
  40 C    1     1.4588     2.7567   78 C    0 0 0
  40 C    1     1.5547     2.9380   61 C    0 0 0
  40 C    1     2.3274     4.3981   79 C    0-1 0
  40 C    1     2.3424     4.4264   43 C    0 0 0
  40 C    1     2.3424     4.4265   45 C    0 0 0

  41 C    1     1.3785     2.6049   44 C   -1 0 0
  41 C    1     1.4586     2.7564   77 C    0 0 0
  41 C    1     1.5547     2.9380   64 C   -1 0 0
  41 C    1     2.3274     4.3981   79 C   -1 0 0
  41 C    1     2.3423     4.4264   48 C    0 0 0
  41 C    1     2.3424     4.4264   39 C    0 0 0

  42 C    1     1.3785     2.6049   43 C   -1 0 0
  42 C    1     1.4586     2.7564   80 C    0 0 0
  42 C    1     1.5547     2.9380   61 C   -1 0 0
  42 C    1     2.3274     4.3981   78 C   -1 0 0
  42 C    1     2.3423     4.4264   46 C    0 0 0
  42 C    1     2.3424     4.4264   38 C    0 0 0

  43 C    1     1.3785     2.6049   42 C    1 0 0
  43 C    1     1.4586     2.7564   78 C    0 0 0
  43 C    1     1.5547     2.9380   63 C    1 0 0
  43 C    1     2.3274     4.3981   80 C    1 0 0
  43 C    1     2.3423     4.4264   45 C    0 0 0
  43 C    1     2.3424     4.4264   40 C    0 0 0

  44 C    1     1.3785     2.6049   41 C    1 0 0
  44 C    1     1.4586     2.7564   79 C    0 0 0
  44 C    1     1.5547     2.9380   62 C    1 0 0
  44 C    1     2.3274     4.3981   77 C    1 0 0
  44 C    1     2.3423     4.4264   47 C    0 0 0
  44 C    1     2.3424     4.4264   37 C    0 0 0

  45 C    1     1.3785     2.6049   48 C    1-1 0
  45 C    1     1.4587     2.7565   78 C    0 0 0
  45 C    1     1.5547     2.9380   64 C    0-1 0
  45 C    1     2.3273     4.3980   77 C    1-1 0
  45 C    1     2.3423     4.4264   43 C    0 0 0
  45 C    1     2.3424     4.4265   40 C    0 0 0

  46 C    1     1.3785     2.6049   47 C   -1-1 0
  46 C    1     1.4587     2.7565   80 C    0 0 0
  46 C    1     1.5547     2.9380   62 C    0-1 0
  46 C    1     2.3273     4.3980   79 C   -1-1 0
  46 C    1     2.3423     4.4264   42 C    0 0 0
  46 C    1     2.3424     4.4265   38 C    0 0 0

  47 C    1     1.3785     2.6049   46 C    1 1 0
  47 C    1     1.4587     2.7565   79 C    0 0 0
  47 C    1     1.5547     2.9380   61 C    0 1 0
  47 C    1     2.3273     4.3980   80 C    1 1 0
  47 C    1     2.3423     4.4264   44 C    0 0 0
  47 C    1     2.3424     4.4265   37 C    0 0 0

  48 C    1     1.3785     2.6049   45 C   -1 1 0
  48 C    1     1.4587     2.7565   77 C    0 0 0
  48 C    1     1.5547     2.9380   63 C    0 1 0
  48 C    1     2.3273     4.3980   78 C   -1 1 0
  48 C    1     2.3423     4.4264   41 C    0 0 0
  48 C    1     2.3424     4.4265   39 C    0 0 0

  49 C    1     1.5389     2.9082   81 C    0 0 0
  49 C    1     1.5547     2.9380    4 C    0 0 0
  49 C    1     1.5547     2.9380   11 C    0 0 0
  49 C    1     1.5547     2.9380    6 C    0 0 0
  49 C    1     2.4370     4.6053    1 C    0 0 0
  49 C    1     2.4370     4.6054   10 C    0 0 0

  50 C    1     1.5389     2.9082   82 C    0 0 0
  50 C    1     1.5547     2.9380    3 C    0 0 0
  50 C    1     1.5547     2.9380    8 C    0 0 0
  50 C    1     1.5547     2.9380   10 C    0 0 0
  50 C    1     2.4370     4.6053    2 C    0 0 0
  50 C    1     2.4370     4.6053   11 C    0 0 0

  51 C    1     1.5389     2.9082   83 C    0 0 0
  51 C    1     1.5547     2.9380    2 C    0 0 0
  51 C    1     1.5547     2.9380    7 C    0 0 0
  51 C    1     1.5547     2.9380   12 C    0 0 0
  51 C    1     2.4370     4.6053    3 C    0 0 0
  51 C    1     2.4370     4.6053    9 C    0 0 0

  52 C    1     1.5389     2.9082   84 C    0 0 0
  52 C    1     1.5547     2.9380    1 C    0 0 0
  52 C    1     1.5547     2.9380    5 C    0 0 0
  52 C    1     1.5547     2.9380    9 C    0 0 0
  52 C    1     2.4370     4.6053    4 C    0 0 0
  52 C    1     2.4370     4.6054   12 C    0 0 0

  53 C    1     1.5389     2.9082   84 C    0 0 0
  53 C    1     1.5547     2.9380   16 C    0 0-1
  53 C    1     1.5547     2.9380   18 C    0 0 0
  53 C    1     1.5547     2.9380   23 C    0-1 0
  53 C    1     2.4370     4.6053   13 C    0-1 0
  53 C    1     2.4371     4.6054   22 C    0 0 0

  54 C    1     1.5389     2.9082   83 C    0 0 0
  54 C    1     1.5547     2.9380   15 C    0 0-1
  54 C    1     1.5547     2.9380   20 C    0 0 0
  54 C    1     1.5547     2.9380   22 C    0 1 0
  54 C    1     2.4370     4.6053   14 C    0 1 0
  54 C    1     2.4371     4.6054   23 C    0 0 0

  55 C    1     1.5389     2.9082   82 C    0 0 0
  55 C    1     1.5547     2.9380   14 C    0 0 1
  55 C    1     1.5547     2.9380   19 C    0 0 0
  55 C    1     1.5547     2.9380   24 C    0-1 0
  55 C    1     2.4370     4.6053   15 C    0-1 0
  55 C    1     2.4371     4.6054   21 C    0 0 0

  56 C    1     1.5389     2.9082   81 C    0 0 0
  56 C    1     1.5547     2.9380   13 C    0 0 1
  56 C    1     1.5547     2.9380   17 C    0 0 0
  56 C    1     1.5547     2.9380   21 C    0 1 0
  56 C    1     2.4370     4.6053   16 C    0 1 0
  56 C    1     2.4371     4.6054   24 C    0 0 0

  57 C    1     1.5389     2.9082   83 C    0 0 0
  57 C    1     1.5547     2.9380   28 C    0 0-1
  57 C    1     1.5547     2.9380   30 C    1 0 0
  57 C    1     1.5547     2.9380   35 C    0 0 0
  57 C    1     2.4370     4.6053   25 C    0 0 0
  57 C    1     2.4370     4.6053   34 C    1 0 0

  58 C    1     1.5389     2.9082   84 C    0 0 0
  58 C    1     1.5547     2.9380   27 C    0 0-1
  58 C    1     1.5547     2.9380   32 C   -1 0 0
  58 C    1     1.5547     2.9380   34 C    0 0 0
  58 C    1     2.4370     4.6053   26 C    0 0 0
  58 C    1     2.4371     4.6054   35 C   -1 0 0

  59 C    1     1.5389     2.9082   81 C    0 0 0
  59 C    1     1.5547     2.9380   26 C    0 0 1
  59 C    1     1.5547     2.9380   31 C   -1 0 0
  59 C    1     1.5547     2.9380   36 C    0 0 0
  59 C    1     2.4370     4.6053   27 C    0 0 0
  59 C    1     2.4370     4.6054   33 C   -1 0 0

  60 C    1     1.5389     2.9082   82 C    0 0 0
  60 C    1     1.5547     2.9380   25 C    0 0 1
  60 C    1     1.5547     2.9380   29 C    1 0 0
  60 C    1     1.5547     2.9380   33 C    0 0 0
  60 C    1     2.4370     4.6053   28 C    0 0 0
  60 C    1     2.4370     4.6054   36 C    1 0 0

  61 C    1     1.5389     2.9082   82 C    0 0 0
  61 C    1     1.5547     2.9380   40 C    0 0 0
  61 C    1     1.5547     2.9380   42 C    1 0 0
  61 C    1     1.5547     2.9380   47 C    0-1 0
  61 C    1     2.4370     4.6053   37 C    0-1 0
  61 C    1     2.4371     4.6054   46 C    1 0 0

  62 C    1     1.5389     2.9082   81 C    0 0 0
  62 C    1     1.5547     2.9380   39 C    0 0 0
  62 C    1     1.5547     2.9380   44 C   -1 0 0
  62 C    1     1.5547     2.9380   46 C    0 1 0
  62 C    1     2.4370     4.6053   38 C    0 1 0
  62 C    1     2.4371     4.6054   47 C   -1 0 0

  63 C    1     1.5389     2.9082   84 C    0 0 0
  63 C    1     1.5547     2.9380   38 C    0 0 0
  63 C    1     1.5547     2.9380   43 C   -1 0 0
  63 C    1     1.5547     2.9380   48 C    0-1 0
  63 C    1     2.4370     4.6053   39 C    0-1 0
  63 C    1     2.4371     4.6054   45 C   -1 0 0

  64 C    1     1.5389     2.9082   83 C    0 0 0
  64 C    1     1.5547     2.9380   37 C    0 0 0
  64 C    1     1.5547     2.9380   41 C    1 0 0
  64 C    1     1.5547     2.9380   45 C    0 1 0
  64 C    1     2.4370     4.6053   40 C    0 1 0
  64 C    1     2.4371     4.6054   48 C    1 0 0

  65 C    1     1.4586     2.7564    5 C    0 0 0
  65 C    1     1.4586     2.7564   12 C    0 0 0
  65 C    1     1.4588     2.7567    3 C    0 0 0
  65 C    1     2.3273     4.3980    9 C    0 0 0
  65 C    1     2.3273     4.3980    2 C    0 0 0
  65 C    1     2.3274     4.3981    8 C    0 0 0

  66 C    1     1.4586     2.7564    7 C    0 0 0
  66 C    1     1.4586     2.7564    9 C    0 0 0
  66 C    1     1.4588     2.7567    4 C    0 0 0
  66 C    1     2.3273     4.3980   12 C    0 0 0
  66 C    1     2.3273     4.3980    1 C    0 0 0
  66 C    1     2.3274     4.3981    6 C    0 0 0

  67 C    1     1.4586     2.7564    8 C    0 0 0
  67 C    1     1.4586     2.7564   11 C    0 0 0
  67 C    1     1.4588     2.7567    1 C    0 0 0
  67 C    1     2.3273     4.3980   10 C    0 0 0
  67 C    1     2.3273     4.3980    4 C    0 0 0
  67 C    1     2.3274     4.3981    5 C    0 0 0

  68 C    1     1.4586     2.7564    6 C    0 0 0
  68 C    1     1.4586     2.7564   10 C    0 0 0
  68 C    1     1.4588     2.7567    2 C    0 0 0
  68 C    1     2.3273     4.3980   11 C    0 0 0
  68 C    1     2.3273     4.3980    3 C    0 0 0
  68 C    1     2.3274     4.3981    7 C    0 0 0

  69 C    1     1.4586     2.7564   17 C    0 0 0
  69 C    1     1.4587     2.7565   24 C    0 0 0
  69 C    1     1.4588     2.7568   15 C    0 0 0
  69 C    1     2.3273     4.3980   21 C    0 1 0
  69 C    1     2.3274     4.3981   14 C    0 1 1
  69 C    1     2.3274     4.3981   20 C    0 0 1

  70 C    1     1.4586     2.7564   19 C    0 0 0
  70 C    1     1.4587     2.7565   21 C    0 0 0
  70 C    1     1.4588     2.7567   16 C    0 0 0
  70 C    1     2.3273     4.3980   24 C    0-1 0
  70 C    1     2.3274     4.3981   13 C    0-1 1
  70 C    1     2.3274     4.3981   18 C    0 0 1

  71 C    1     1.4586     2.7564   20 C    0 0 0
  71 C    1     1.4587     2.7565   23 C    0 0 0
  71 C    1     1.4588     2.7567   13 C    0 0 0
  71 C    1     2.3273     4.3980   22 C    0 1 0
  71 C    1     2.3274     4.3981   16 C    0 1-1
  71 C    1     2.3274     4.3981   17 C    0 0-1

  72 C    1     1.4586     2.7564   18 C    0 0 0
  72 C    1     1.4586     2.7564   22 C    0 0 0
  72 C    1     1.4588     2.7567   14 C    0 0 0
  72 C    1     2.3273     4.3980   23 C    0-1 0
  72 C    1     2.3273     4.3981   15 C    0-1-1
  72 C    1     2.3274     4.3981   19 C    0 0-1

  73 C    1     1.4586     2.7564   29 C    0 0 0
  73 C    1     1.4586     2.7564   36 C    0 0 0
  73 C    1     1.4588     2.7567   27 C    0 0 0
  73 C    1     2.3273     4.3980   33 C   -1 0 0
  73 C    1     2.3273     4.3980   26 C    0 0 1
  73 C    1     2.3274     4.3981   32 C   -1 0 1

  74 C    1     1.4586     2.7564   31 C    0 0 0
  74 C    1     1.4586     2.7564   33 C    0 0 0
  74 C    1     1.4588     2.7567   28 C    0 0 0
  74 C    1     2.3273     4.3980   36 C    1 0 0
  74 C    1     2.3273     4.3980   25 C    0 0 1
  74 C    1     2.3274     4.3981   30 C    1 0 1

  75 C    1     1.4586     2.7564   32 C    0 0 0
  75 C    1     1.4586     2.7564   35 C    0 0 0
  75 C    1     1.4588     2.7567   25 C    0 0 0
  75 C    1     2.3273     4.3980   34 C    1 0 0
  75 C    1     2.3273     4.3980   28 C    0 0-1
  75 C    1     2.3274     4.3981   29 C    1 0-1

  76 C    1     1.4586     2.7564   30 C    0 0 0
  76 C    1     1.4586     2.7564   34 C    0 0 0
  76 C    1     1.4588     2.7567   26 C    0 0 0
  76 C    1     2.3273     4.3980   35 C   -1 0 0
  76 C    1     2.3273     4.3980   27 C    0 0-1
  76 C    1     2.3274     4.3981   31 C   -1 0-1

  77 C    1     1.4586     2.7564   41 C    0 0 0
  77 C    1     1.4587     2.7565   48 C    0 0 0
  77 C    1     1.4588     2.7567   39 C    0 0 0
  77 C    1     2.3273     4.3980   45 C   -1 1 0
  77 C    1     2.3274     4.3981   38 C    0 1 0
  77 C    1     2.3274     4.3981   44 C   -1 0 0

  78 C    1     1.4586     2.7564   43 C    0 0 0
  78 C    1     1.4587     2.7565   45 C    0 0 0
  78 C    1     1.4588     2.7567   40 C    0 0 0
  78 C    1     2.3273     4.3980   48 C    1-1 0
  78 C    1     2.3274     4.3981   37 C    0-1 0
  78 C    1     2.3274     4.3981   42 C    1 0 0

  79 C    1     1.4586     2.7564   44 C    0 0 0
  79 C    1     1.4587     2.7565   47 C    0 0 0
  79 C    1     1.4588     2.7567   37 C    0 0 0
  79 C    1     2.3273     4.3980   46 C    1 1 0
  79 C    1     2.3274     4.3981   40 C    0 1 0
  79 C    1     2.3274     4.3981   41 C    1 0 0

  80 C    1     1.4586     2.7564   42 C    0 0 0
  80 C    1     1.4587     2.7565   46 C    0 0 0
  80 C    1     1.4588     2.7567   38 C    0 0 0
  80 C    1     2.3273     4.3980   47 C   -1-1 0
  80 C    1     2.3274     4.3981   39 C    0-1 0
  80 C    1     2.3274     4.3981   43 C   -1 0 0

  81 C    1     1.5389     2.9082   56 C    0 0 0
  81 C    1     1.5389     2.9082   59 C    0 0 0
  81 C    1     1.5389     2.9082   49 C    0 0 0
  81 C    1     1.5389     2.9082   62 C    0 0 0
  81 C    1     2.6632     5.0328   13 C    0 0 1
  81 C    1     2.6632     5.0328    4 C    0 0 0

  82 C    1     1.5389     2.9082   60 C    0 0 0
  82 C    1     1.5389     2.9082   50 C    0 0 0
  82 C    1     1.5389     2.9082   55 C    0 0 0
  82 C    1     1.5389     2.9082   61 C    0 0 0
  82 C    1     2.6632     5.0328   25 C    0 0 1
  82 C    1     2.6632     5.0328   42 C    1 0 0

  83 C    1     1.5389     2.9082   57 C    0 0 0
  83 C    1     1.5389     2.9082   64 C    0 0 0
  83 C    1     1.5389     2.9082   51 C    0 0 0
  83 C    1     1.5389     2.9082   54 C    0 0 0
  83 C    1     2.6632     5.0328   28 C    0 0-1
  83 C    1     2.6632     5.0328   37 C    0 0 0

  84 C    1     1.5389     2.9082   52 C    0 0 0
  84 C    1     1.5389     2.9082   53 C    0 0 0
  84 C    1     1.5389     2.9082   58 C    0 0 0
  84 C    1     1.5389     2.9082   63 C    0 0 0
  84 C    1     2.6632     5.0328   16 C    0 0-1
  84 C    1     2.6632     5.0328   38 C    0 0 0


 SYMMETRY ALLOWED INTERNAL DEGREE(S) OF FREEDOM: 249
 TTTTTTTTTTTTTTTTTTTTTTTTTTTTTT SYMM        TELAPSE        3.23 TCPU        2.42
 TTTTTTTTTTTTTTTTTTTTTTTTTTTTTT INT_SCREEN  TELAPSE        3.34 TCPU        2.53

 DFT PARAMETERS

     ATOM       ELECTRONS   NET CHARGE   R(ANGSTROM)
   1   6  C       6.0000      0.0000     0.77000000

 SIZE OF GRID=    2451280
 TTTTTTTTTTTTTTTTTTTTTTTTTTTTTT MAKE_GRID2  TELAPSE        6.51 TCPU        5.69
 BECKE WEIGHT FUNCTION
 RADSAFE =     2.00
 TOLERANCES - DENSITY:10**- 6; POTENTIAL:10**- 9; GRID WGT:10**-14

 RADIAL INTEGRATION  - INTERVALS (POINTS,UPPER LIMIT):            1( 75,  4.0*R)

 ANGULAR INTEGRATION - INTERVALS (ACCURACY LEVEL [N. POINTS] UPPER LIMIT):
  1(  4[  86]   0.2)  2(  8[ 194]   0.5)  3( 12[ 350]   0.9)  4( 16[ 974]   3.5)
  5( 12[ 350]9999.0)
 TTTTTTTTTTTTTTTTTTTTTTTTTTTTTT INT_CALC    TELAPSE        6.60 TCPU        5.79
 EEEEEEEEEE INT_CALC TERMINATION  DATE 30 01 2026 TIME 21:05:48.7

 *******************************************************************************
 ./3^2.4^2T202_rev1_sp_B3LYP-D3-D3_optimized                                     
 CRYSTAL - SCF - TYPE OF CALCULATION :  UNRESTRICTED OPEN SHELL
 *******************************************************************************

 CAPPA:IS1  5;IS2  5;IS3  5; K PTS MONK NET  63; SYMMOPS:K SPACE   2;G SPACE   1

 TTTTTTTTTTTTTTTTTTTTTTTTTTTTTT SDIK        TELAPSE       82.72 TCPU       81.68

 AAAAAAAAAAAAAAAAAAAAAAAAAAAAAAAAAAAAAAAAAAAAAAAAAAAAAAAAAAAAAAAAAAAAAAAAAAAAAAA
         ATOMIC WAVEFUNCTION(S)


 NUCLEAR CHARGE  6.0  SYMMETRY SPECIES            S    P
 N. ELECTRONS    6.0  NUMBER OF PRIMITIVE GTOS   10    6
                      NUMBER OF CONTRACTED GTOS   4    3
                      NUMBER OF CLOSED SHELLS     2    0
                      OPEN SHELL OCCUPATION       0    2

  ZNUC  SCFIT    TOTAL HF ENERGY   KINETIC ENERGY   VIRIAL THEOREM ACCURACY
   6.0    10    -3.766702350E+01  3.783137943E+01 -1.995655566E+00  1.6E-06

 AAAAAAAAAAAAAAAAAAAAAAAAAAAAAAAAAAAAAAAAAAAAAAAAAAAAAAAAAAAAAAAAAAAAAAAAAAAAAAA

 CHARGE NORMALIZATION FACTOR   1.00000000
 TOTAL ATOMIC CHARGES:
   6.0000000   6.0000000   6.0000000   6.0000000   6.0000000   6.0000000
   6.0000000   6.0000000   6.0000000   6.0000000   6.0000000   6.0000000
   6.0000000   6.0000000   6.0000000   6.0000000   6.0000000   6.0000000
   6.0000000   6.0000000   6.0000000   6.0000000   6.0000000   6.0000000
   6.0000000   6.0000000   6.0000000   6.0000000   6.0000000   6.0000000
   6.0000000   6.0000000   6.0000000   6.0000000   6.0000000   6.0000000
   6.0000000   6.0000000   6.0000000   6.0000000   6.0000000   6.0000000
   6.0000000   6.0000000   6.0000000   6.0000000   6.0000000   6.0000000
   6.0000000   6.0000000   6.0000000   6.0000000   6.0000000   6.0000000
   6.0000000   6.0000000   6.0000000   6.0000000   6.0000000   6.0000000
   6.0000000   6.0000000   6.0000000   6.0000000   6.0000000   6.0000000
   6.0000000   6.0000000   6.0000000   6.0000000   6.0000000   6.0000000
   6.0000000   6.0000000   6.0000000   6.0000000   6.0000000   6.0000000
   6.0000000   6.0000000   6.0000000   6.0000000   6.0000000   6.0000000
 SUMMED SPIN DENSITY           0.00000000
 TOTAL ATOMIC SPINS  :
   0.0000000   0.0000000   0.0000000   0.0000000   0.0000000   0.0000000
   0.0000000   0.0000000   0.0000000   0.0000000   0.0000000   0.0000000
   0.0000000   0.0000000   0.0000000   0.0000000   0.0000000   0.0000000
   0.0000000   0.0000000   0.0000000   0.0000000   0.0000000   0.0000000
   0.0000000   0.0000000   0.0000000   0.0000000   0.0000000   0.0000000
   0.0000000   0.0000000   0.0000000   0.0000000   0.0000000   0.0000000
   0.0000000   0.0000000   0.0000000   0.0000000   0.0000000   0.0000000
   0.0000000   0.0000000   0.0000000   0.0000000   0.0000000   0.0000000
   0.0000000   0.0000000   0.0000000   0.0000000   0.0000000   0.0000000
   0.0000000   0.0000000   0.0000000   0.0000000   0.0000000   0.0000000
   0.0000000   0.0000000   0.0000000   0.0000000   0.0000000   0.0000000
   0.0000000   0.0000000   0.0000000   0.0000000   0.0000000   0.0000000
   0.0000000   0.0000000   0.0000000   0.0000000   0.0000000   0.0000000
   0.0000000   0.0000000   0.0000000   0.0000000   0.0000000   0.0000000
 TTTTTTTTTTTTTTTTTTTTTTTTTTTTTT MOQGAD      TELAPSE       82.88 TCPU       81.83
 TTTTTTTTTTTTTTTTTTTTTTTTTTTTTT SHELLXN     TELAPSE     1159.12 TCPU     1157.78
 TTTTTTTTTTTTTTTTTTTTTTTTTTTTTT MONMO3      TELAPSE     1163.03 TCPU     1161.68
 NUMERICALLY INTEGRATED DENSITY    251.9995211422    251.9995211422
 TTTTTTTTTTTTTTTTTTTTTTTTTTTTTT NUMDFT      TELAPSE     1176.62 TCPU     1175.26
 CYC   0 ETOT(AU) -3.222663809527E+03 DETOT -3.22E+03 tst  0.00E+00 PX  1.00E+00
 TTTTTTTTTTTTTTTTTTTTTTTTTTTTTT DIIS        TELAPSE     1177.67 TCPU     1176.25
 TTTTTTTTTTTTTTTTTTTTTTTTTTTTTT FDIK        TELAPSE     2307.52 TCPU     2305.49
 POSSIBLY CONDUCTING STATE - EFERMI(AU) -1.6638058E-01 (RES. CHARGE  7.84E-12;IT. 14)
 TTTTTTTTTTTTTTTTTTTTTTTTTTTTTT PDIG        TELAPSE     2315.60 TCPU     2313.29
 CHARGE NORMALIZATION FACTOR   1.00000000
 TOTAL ATOMIC CHARGES:
   6.0243233   6.0243253   6.0243231   6.0243239   6.0243131   6.0243137
   6.0243058   6.0243099   6.0242537   6.0242672   6.0242537   6.0242669
   6.0243123   6.0243214   6.0243131   6.0243195   6.0243098   6.0243114
   6.0242991   6.0243024   6.0242463   6.0242653   6.0242425   6.0242638
   6.0243268   6.0243189   6.0243267   6.0243239   6.0243149   6.0243091
   6.0243149   6.0243093   6.0242603   6.0242617   6.0242635   6.0242637
   6.0243125   6.0243203   6.0243091   6.0243206   6.0242969   6.0243010
   6.0243045   6.0243107   6.0242652   6.0242490   6.0242608   6.0242466
   5.9507491   5.9507508   5.9507483   5.9507525   5.9507512   5.9507494
   5.9507499   5.9507531   5.9507521   5.9507491   5.9507480   5.9507530
   5.9507503   5.9507510   5.9507504   5.9507532   6.0079393   6.0079485
   6.0079511   6.0079336   6.0079306   6.0079414   6.0079449   6.0079186
   6.0079351   6.0079429   6.0079442   6.0079464   6.0079484   6.0079239
   6.0079283   6.0079323   5.8736990   5.8737029   5.8737002   5.8736996
 SUMMED SPIN DENSITY          -0.00000000
 TOTAL ATOMIC SPINS  :
   0.0000000  -0.0000000  -0.0000000  -0.0000000  -0.0000000  -0.0000000
   0.0000000   0.0000000  -0.0000000  -0.0000000   0.0000000   0.0000000
   0.0000000  -0.0000000  -0.0000000  -0.0000000  -0.0000000  -0.0000000
   0.0000000   0.0000000  -0.0000000  -0.0000000   0.0000000   0.0000000
  -0.0000000   0.0000000   0.0000000   0.0000000   0.0000000   0.0000000
  -0.0000000  -0.0000000   0.0000000   0.0000000  -0.0000000  -0.0000000
  -0.0000000   0.0000000   0.0000000   0.0000000   0.0000000   0.0000000
  -0.0000000  -0.0000000   0.0000000   0.0000000  -0.0000000  -0.0000000
   0.0000000  -0.0000000  -0.0000000  -0.0000000   0.0000000  -0.0000000
  -0.0000000  -0.0000000  -0.0000000   0.0000000   0.0000000   0.0000000
  -0.0000000   0.0000000   0.0000000   0.0000000  -0.0000000   0.0000000
   0.0000000  -0.0000000  -0.0000000   0.0000000   0.0000000  -0.0000000
   0.0000000  -0.0000000  -0.0000000   0.0000000   0.0000000  -0.0000000
  -0.0000000   0.0000000  -0.0000000   0.0000000   0.0000000  -0.0000000
 TTTTTTTTTTTTTTTTTTTTTTTTTTTTTT MOQGAD      TELAPSE     2315.68 TCPU     2313.37
 TTTTTTTTTTTTTTTTTTTTTTTTTTTTTT SHELLXN     TELAPSE     3402.13 TCPU     3399.00
 TTTTTTTTTTTTTTTTTTTTTTTTTTTTTT MONMO3      TELAPSE     3405.81 TCPU     3402.68
 NUMERICALLY INTEGRATED DENSITY    251.9996110888    251.9996110888
 TTTTTTTTTTTTTTTTTTTTTTTTTTTTTT NUMDFT      TELAPSE     3419.41 TCPU     3416.28
 CYC   1 ETOT(AU) -3.197052859626E+03 DETOT  2.56E+01 tst  0.00E+00 PX  1.00E+00
 TTTTTTTTTTTTTTTTTTTTTTTTTTTTTT DIIS        TELAPSE     3421.26 TCPU     3418.00
 DIIS TEST: 0.21760E+01 AT SCF   CYCLE   1 - MIX   30 %
 TTTTTTTTTTTTTTTTTTTTTTTTTTTTTT FDIK        TELAPSE     3640.56 TCPU     3636.93
 POSSIBLY CONDUCTING STATE - EFERMI(AU) -9.8467510E-02 (RES. CHARGE  4.19E-11;IT. 14)
 TTTTTTTTTTTTTTTTTTTTTTTTTTTTTT PDIG        TELAPSE     3648.38 TCPU     3644.60
 CHARGE NORMALIZATION FACTOR   1.00000000
 TOTAL ATOMIC CHARGES:
   6.0036788   6.0036837   6.0036994   6.0036097   6.0037395   6.0037735
   6.0036634   6.0037141   6.0037422   6.0037009   6.0037749   6.0037145
   6.0037066   6.0036340   6.0036701   6.0035968   6.0037516   6.0037515
   6.0036605   6.0037104   6.0037637   6.0036534   6.0037831   6.0036607
   6.0037223   6.0036059   6.0036680   6.0035996   6.0037067   6.0037301
   6.0037110   6.0037751   6.0037467   6.0036957   6.0037656   6.0036922
   6.0036865   6.0036700   6.0036097   6.0035944   6.0037139   6.0037308
   6.0036995   6.0037281   6.0037530   6.0036926   6.0037749   6.0036730
   6.0796381   6.0796504   6.0796550   6.0796770   6.0796851   6.0796938
   6.0797223   6.0796825   6.0796579   6.0796887   6.0796919   6.0796979
   6.0796745   6.0796651   6.0796698   6.0797060   5.9260296   5.9260269
   5.9259875   5.9260325   5.9259733   5.9260209   5.9259289   5.9259936
   5.9259873   5.9260053   5.9259425   5.9260683   5.9260246   5.9259477
   5.9259256   5.9259990   5.9329158   5.9329208   5.9329054   5.9329258
 SUMMED SPIN DENSITY          -0.00000000
 TOTAL ATOMIC SPINS  :
  -0.0000000   0.0000000  -0.0000000  -0.0000000  -0.0000000  -0.0000000
   0.0000000   0.0000000  -0.0000000  -0.0000000  -0.0000000   0.0000000
  -0.0000000  -0.0000000  -0.0000000   0.0000000  -0.0000000   0.0000000
  -0.0000000   0.0000000  -0.0000000  -0.0000000  -0.0000000   0.0000000
  -0.0000000  -0.0000000   0.0000000  -0.0000000   0.0000000   0.0000000
  -0.0000000  -0.0000000   0.0000000   0.0000000  -0.0000000  -0.0000000
   0.0000000   0.0000000   0.0000000   0.0000000   0.0000000  -0.0000000
   0.0000000  -0.0000000   0.0000000   0.0000000  -0.0000000  -0.0000000
   0.0000000  -0.0000000  -0.0000000  -0.0000000  -0.0000000  -0.0000000
   0.0000000  -0.0000000   0.0000000   0.0000000   0.0000000   0.0000000
  -0.0000000   0.0000000  -0.0000000   0.0000000  -0.0000000   0.0000000
  -0.0000000  -0.0000000  -0.0000000   0.0000000   0.0000000  -0.0000000
   0.0000000   0.0000000   0.0000000   0.0000000   0.0000000  -0.0000000
  -0.0000000   0.0000000   0.0000000  -0.0000000  -0.0000000   0.0000000
 TTTTTTTTTTTTTTTTTTTTTTTTTTTTTT MOQGAD      TELAPSE     3648.46 TCPU     3644.68
 TTTTTTTTTTTTTTTTTTTTTTTTTTTTTT SHELLXN     TELAPSE     4739.61 TCPU     4735.23
 TTTTTTTTTTTTTTTTTTTTTTTTTTTTTT MONMO3      TELAPSE     4743.29 TCPU     4738.91
 NUMERICALLY INTEGRATED DENSITY    251.9995703516    251.9995703516
 TTTTTTTTTTTTTTTTTTTTTTTTTTTTTT NUMDFT      TELAPSE     4756.89 TCPU     4752.51
 CYC   2 ETOT(AU) -3.197203206491E+03 DETOT -1.50E-01 tst  6.29E-04 PX  8.46E-02
 TTTTTTTTTTTTTTTTTTTTTTTTTTTTTT DIIS        TELAPSE     4758.82 TCPU     4754.16
 DIIS TEST: 0.10051E+01 AT SCF   CYCLE   2 - DIIS ACTIVE - HISTORY:     2 CYCLES
 TTTTTTTTTTTTTTTTTTTTTTTTTTTTTT FDIK        TELAPSE     4969.29 TCPU     4963.99
 POSSIBLY CONDUCTING STATE - EFERMI(AU) -9.0870700E-02 (RES. CHARGE  5.68E-14;IT. 16)
 TTTTTTTTTTTTTTTTTTTTTTTTTTTTTT PDIG        TELAPSE     4977.05 TCPU     4971.59
 CHARGE NORMALIZATION FACTOR   1.00000000
 TOTAL ATOMIC CHARGES:
   6.0244666   6.0244393   6.0243899   6.0244220   6.0244072   6.0244397
   6.0243861   6.0244036   6.0244149   6.0244037   6.0243311   6.0243722
   6.0244846   6.0244126   6.0243766   6.0244132   6.0244414   6.0243846
   6.0244000   6.0244001   6.0244147   6.0243875   6.0243433   6.0243736
   6.0244731   6.0243646   6.0244277   6.0244666   6.0243995   6.0244071
   6.0244175   6.0244904   6.0243801   6.0244187   6.0243205   6.0244281
   6.0244782   6.0244635   6.0243345   6.0244230   6.0244130   6.0243941
   6.0244186   6.0244281   6.0244267   6.0243953   6.0243607   6.0243736
   6.0003875   6.0003533   6.0004138   6.0003135   6.0003891   6.0003649
   6.0004242   6.0003042   6.0003792   6.0003420   6.0004390   6.0002933
   6.0003345   6.0003466   6.0004056   6.0002788   5.9797324   5.9796620
   5.9796565   5.9796517   5.9796265   5.9796524   5.9796457   5.9796293
   5.9796250   5.9796452   5.9796290   5.9796475   5.9796671   5.9795992
   5.9795972   5.9796093   5.7870842   5.7870969   5.7870745   5.7870871
 SUMMED SPIN DENSITY          -0.00000000
 TOTAL ATOMIC SPINS  :
   0.0000000   0.0000000  -0.0000000  -0.0000000  -0.0000000  -0.0000000
   0.0000000   0.0000000  -0.0000000  -0.0000000   0.0000000   0.0000000
  -0.0000000  -0.0000000  -0.0000000   0.0000000  -0.0000000  -0.0000000
  -0.0000000   0.0000000  -0.0000000  -0.0000000   0.0000000  -0.0000000
  -0.0000000   0.0000000  -0.0000000   0.0000000   0.0000000   0.0000000
  -0.0000000  -0.0000000   0.0000000   0.0000000  -0.0000000  -0.0000000
   0.0000000  -0.0000000   0.0000000  -0.0000000   0.0000000  -0.0000000
   0.0000000  -0.0000000  -0.0000000   0.0000000   0.0000000  -0.0000000
  -0.0000000  -0.0000000  -0.0000000  -0.0000000   0.0000000  -0.0000000
  -0.0000000  -0.0000000  -0.0000000   0.0000000  -0.0000000   0.0000000
  -0.0000000  -0.0000000  -0.0000000  -0.0000000   0.0000000   0.0000000
   0.0000000  -0.0000000  -0.0000000   0.0000000   0.0000000  -0.0000000
   0.0000000   0.0000000   0.0000000   0.0000000   0.0000000   0.0000000
  -0.0000000   0.0000000   0.0000000   0.0000000   0.0000000  -0.0000000
 TTTTTTTTTTTTTTTTTTTTTTTTTTTTTT MOQGAD      TELAPSE     4977.14 TCPU     4971.67
 TTTTTTTTTTTTTTTTTTTTTTTTTTTTTT SHELLXN     TELAPSE     6061.84 TCPU     6055.79
 TTTTTTTTTTTTTTTTTTTTTTTTTTTTTT MONMO3      TELAPSE     6065.52 TCPU     6059.46
 NUMERICALLY INTEGRATED DENSITY    251.9995789748    251.9995789748
 TTTTTTTTTTTTTTTTTTTTTTTTTTTTTT NUMDFT      TELAPSE     6079.12 TCPU     6073.06
 CYC   3 ETOT(AU) -3.197250877464E+03 DETOT -4.77E-02 tst  1.61E-04 PX  5.43E-02
 TTTTTTTTTTTTTTTTTTTTTTTTTTTTTT DIIS        TELAPSE     6081.35 TCPU     6074.78
 DIIS TEST: 0.16363E+00 AT SCF   CYCLE   3 - DIIS ACTIVE - HISTORY:     3 CYCLES
 TTTTTTTTTTTTTTTTTTTTTTTTTTTTTT FDIK        TELAPSE     6291.75 TCPU     6284.70
 POSSIBLY CONDUCTING STATE - EFERMI(AU) -9.1302389E-02 (RES. CHARGE  0.00E+00;IT. 12)
 TTTTTTTTTTTTTTTTTTTTTTTTTTTTTT PDIG        TELAPSE     6299.71 TCPU     6292.58
 CHARGE NORMALIZATION FACTOR   1.00000000
 TOTAL ATOMIC CHARGES:
   6.0273158   6.0273335   6.0273325   6.0273101   6.0273295   6.0273450
   6.0273473   6.0273174   6.0272899   6.0273272   6.0272908   6.0273197
   6.0272908   6.0273151   6.0273043   6.0272988   6.0273666   6.0273654
   6.0273313   6.0272723   6.0272954   6.0273175   6.0272615   6.0272784
   6.0273311   6.0273138   6.0273329   6.0273227   6.0273364   6.0273131
   6.0273838   6.0273602   6.0272973   6.0273262   6.0272866   6.0273106
   6.0272805   6.0273234   6.0272631   6.0272997   6.0272976   6.0273286
   6.0273512   6.0273192   6.0273234   6.0272881   6.0272890   6.0272536
   6.0104285   6.0103683   6.0103965   6.0103941   6.0104144   6.0104380
   6.0104047   6.0103995   6.0104266   6.0104008   6.0104248   6.0103486
   6.0103781   6.0104420   6.0104051   6.0104173   5.9375290   5.9374957
   5.9375773   5.9375855   5.9374935   5.9374911   5.9375693   5.9375528
   5.9374862   5.9375054   5.9375359   5.9375780   5.9375423   5.9374595
   5.9375497   5.9375586   5.8804401   5.8805236   5.8804643   5.8804869
 SUMMED SPIN DENSITY          -0.00000000
 TOTAL ATOMIC SPINS  :
  -0.0000000  -0.0000000  -0.0000000  -0.0000000   0.0000000  -0.0000000
   0.0000000   0.0000000  -0.0000000  -0.0000000  -0.0000000   0.0000000
  -0.0000000  -0.0000000  -0.0000000  -0.0000000  -0.0000000  -0.0000000
   0.0000000   0.0000000  -0.0000000  -0.0000000   0.0000000   0.0000000
  -0.0000000   0.0000000  -0.0000000   0.0000000  -0.0000000   0.0000000
  -0.0000000  -0.0000000   0.0000000   0.0000000   0.0000000  -0.0000000
   0.0000000  -0.0000000   0.0000000   0.0000000   0.0000000   0.0000000
  -0.0000000  -0.0000000  -0.0000000  -0.0000000   0.0000000  -0.0000000
   0.0000000  -0.0000000  -0.0000000  -0.0000000   0.0000000  -0.0000000
  -0.0000000  -0.0000000   0.0000000   0.0000000   0.0000000   0.0000000
  -0.0000000   0.0000000   0.0000000  -0.0000000  -0.0000000   0.0000000
   0.0000000  -0.0000000  -0.0000000   0.0000000   0.0000000  -0.0000000
   0.0000000   0.0000000  -0.0000000   0.0000000   0.0000000   0.0000000
  -0.0000000   0.0000000   0.0000000  -0.0000000   0.0000000   0.0000000
 TTTTTTTTTTTTTTTTTTTTTTTTTTTTTT MOQGAD      TELAPSE     6299.80 TCPU     6292.66
 TTTTTTTTTTTTTTTTTTTTTTTTTTTTTT SHELLXN     TELAPSE     7384.34 TCPU     7376.56
 TTTTTTTTTTTTTTTTTTTTTTTTTTTTTT MONMO3      TELAPSE     7388.01 TCPU     7380.23
 NUMERICALLY INTEGRATED DENSITY    251.9995799513    251.9995799513
 TTTTTTTTTTTTTTTTTTTTTTTTTTTTTT NUMDFT      TELAPSE     7401.62 TCPU     7393.83
 CYC   4 ETOT(AU) -3.197258853119E+03 DETOT -7.98E-03 tst  5.58E-05 PX  2.04E-02
 TTTTTTTTTTTTTTTTTTTTTTTTTTTTTT DIIS        TELAPSE     7403.97 TCPU     7395.72
 DIIS TEST: 0.39609E-01 AT SCF   CYCLE   4 - DIIS ACTIVE - HISTORY:     4 CYCLES
 TTTTTTTTTTTTTTTTTTTTTTTTTTTTTT FDIK        TELAPSE     7629.98 TCPU     7621.04
 POSSIBLY CONDUCTING STATE - EFERMI(AU) -9.2175014E-02 (RES. CHARGE  8.40E-10;IT. 10)
 TTTTTTTTTTTTTTTTTTTTTTTTTTTTTT PDIG        TELAPSE     7637.80 TCPU     7628.74
 CHARGE NORMALIZATION FACTOR   1.00000000
 TOTAL ATOMIC CHARGES:
   6.0194033   6.0194009   6.0194089   6.0194278   6.0194228   6.0194149
   6.0194219   6.0194303   6.0193877   6.0193923   6.0193744   6.0194021
   6.0193997   6.0193986   6.0194086   6.0194299   6.0194160   6.0194199
   6.0194086   6.0194281   6.0193878   6.0193927   6.0193706   6.0194080
   6.0194043   6.0193952   6.0194211   6.0194194   6.0194281   6.0194213
   6.0194243   6.0194304   6.0193969   6.0193898   6.0193813   6.0193968
   6.0193921   6.0194053   6.0194120   6.0194233   6.0194123   6.0194137
   6.0194115   6.0194289   6.0194107   6.0193822   6.0193853   6.0193931
   6.0146814   6.0146693   6.0146782   6.0146758   6.0146892   6.0146929
   6.0146848   6.0146863   6.0146835   6.0146782   6.0146855   6.0146668
   6.0146839   6.0146897   6.0146918   6.0146930   5.9631215   5.9631329
   5.9631082   5.9630654   5.9631313   5.9631523   5.9631239   5.9630694
   5.9631217   5.9631437   5.9631034   5.9630737   5.9631501   5.9631327
   5.9631187   5.9630890   5.8559100   5.8559494   5.8559182   5.8559186
 SUMMED SPIN DENSITY          -0.00000000
 TOTAL ATOMIC SPINS  :
   0.0000000   0.0000000  -0.0000000  -0.0000000  -0.0000000   0.0000000
  -0.0000000   0.0000000  -0.0000000  -0.0000000   0.0000000   0.0000000
   0.0000000  -0.0000000  -0.0000000  -0.0000000  -0.0000000   0.0000000
   0.0000000   0.0000000  -0.0000000  -0.0000000   0.0000000   0.0000000
  -0.0000000   0.0000000   0.0000000   0.0000000   0.0000000  -0.0000000
  -0.0000000  -0.0000000   0.0000000   0.0000000   0.0000000  -0.0000000
  -0.0000000   0.0000000  -0.0000000   0.0000000   0.0000000   0.0000000
  -0.0000000  -0.0000000   0.0000000   0.0000000  -0.0000000  -0.0000000
   0.0000000  -0.0000000  -0.0000000  -0.0000000   0.0000000  -0.0000000
  -0.0000000  -0.0000000  -0.0000000   0.0000000   0.0000000   0.0000000
  -0.0000000   0.0000000   0.0000000   0.0000000  -0.0000000   0.0000000
   0.0000000  -0.0000000  -0.0000000   0.0000000   0.0000000  -0.0000000
   0.0000000   0.0000000  -0.0000000   0.0000000   0.0000000   0.0000000
  -0.0000000   0.0000000  -0.0000000   0.0000000   0.0000000  -0.0000000
 TTTTTTTTTTTTTTTTTTTTTTTTTTTTTT MOQGAD      TELAPSE     7637.88 TCPU     7628.82
 TTTTTTTTTTTTTTTTTTTTTTTTTTTTTT SHELLXN     TELAPSE     8722.24 TCPU     8712.60
 TTTTTTTTTTTTTTTTTTTTTTTTTTTTTT MONMO3      TELAPSE     8725.92 TCPU     8716.28
 NUMERICALLY INTEGRATED DENSITY    251.9995801503    251.9995801503
 TTTTTTTTTTTTTTTTTTTTTTTTTTTTTT NUMDFT      TELAPSE     8739.53 TCPU     8729.89
 CYC   5 ETOT(AU) -3.197260665630E+03 DETOT -1.81E-03 tst  1.16E-05 PX  7.42E-03
 TTTTTTTTTTTTTTTTTTTTTTTTTTTTTT DIIS        TELAPSE     8741.96 TCPU     8731.64
 DIIS TEST: 0.39370E-02 AT SCF   CYCLE   5 - DIIS ACTIVE - HISTORY:     5 CYCLES
 TTTTTTTTTTTTTTTTTTTTTTTTTTTTTT FDIK        TELAPSE     8969.50 TCPU     8958.51
 POSSIBLY CONDUCTING STATE - EFERMI(AU) -9.1765405E-02 (RES. CHARGE  9.36E-11;IT. 10)
 TTTTTTTTTTTTTTTTTTTTTTTTTTTTTT PDIG        TELAPSE     8977.26 TCPU     8966.06
 CHARGE NORMALIZATION FACTOR   1.00000000
 TOTAL ATOMIC CHARGES:
   6.0238599   6.0238635   6.0238448   6.0238292   6.0238720   6.0238752
   6.0238723   6.0238560   6.0237986   6.0238266   6.0238196   6.0237955
   6.0238512   6.0238557   6.0238387   6.0238275   6.0238656   6.0238745
   6.0238641   6.0238564   6.0237922   6.0238236   6.0238130   6.0237947
   6.0238599   6.0238592   6.0238494   6.0238332   6.0238698   6.0238731
   6.0238774   6.0238569   6.0237980   6.0238286   6.0238206   6.0238001
   6.0238514   6.0238592   6.0238398   6.0238283   6.0238585   6.0238671
   6.0238675   6.0238552   6.0237989   6.0238147   6.0238197   6.0237891
   6.0166569   6.0166549   6.0166558   6.0166593   6.0166560   6.0166577
   6.0166625   6.0166643   6.0166584   6.0166511   6.0166567   6.0166631
   6.0166629   6.0166567   6.0166601   6.0166713   5.9504995   5.9504907
   5.9505346   5.9505710   5.9504922   5.9504945   5.9505339   5.9505680
   5.9504939   5.9504929   5.9505354   5.9505790   5.9505031   5.9504815
   5.9505260   5.9505752   5.8451809   5.8451863   5.8451812   5.8451864
 SUMMED SPIN DENSITY          -0.00000000
 TOTAL ATOMIC SPINS  :
  -0.0000000  -0.0000000  -0.0000000  -0.0000000   0.0000000  -0.0000000
   0.0000000   0.0000000   0.0000000   0.0000000  -0.0000000   0.0000000
   0.0000000  -0.0000000   0.0000000   0.0000000   0.0000000  -0.0000000
   0.0000000   0.0000000  -0.0000000   0.0000000  -0.0000000   0.0000000
  -0.0000000   0.0000000   0.0000000   0.0000000  -0.0000000   0.0000000
  -0.0000000  -0.0000000   0.0000000  -0.0000000   0.0000000  -0.0000000
  -0.0000000   0.0000000  -0.0000000  -0.0000000  -0.0000000   0.0000000
  -0.0000000  -0.0000000   0.0000000  -0.0000000   0.0000000  -0.0000000
   0.0000000   0.0000000   0.0000000   0.0000000   0.0000000  -0.0000000
  -0.0000000   0.0000000  -0.0000000  -0.0000000   0.0000000  -0.0000000
  -0.0000000   0.0000000   0.0000000  -0.0000000   0.0000000   0.0000000
   0.0000000  -0.0000000  -0.0000000   0.0000000   0.0000000  -0.0000000
   0.0000000  -0.0000000  -0.0000000   0.0000000   0.0000000  -0.0000000
  -0.0000000   0.0000000   0.0000000   0.0000000  -0.0000000  -0.0000000
 TTTTTTTTTTTTTTTTTTTTTTTTTTTTTT MOQGAD      TELAPSE     8977.35 TCPU     8966.14
 TTTTTTTTTTTTTTTTTTTTTTTTTTTTTT SHELLXN     TELAPSE    10062.16 TCPU    10050.34
 TTTTTTTTTTTTTTTTTTTTTTTTTTTTTT MONMO3      TELAPSE    10065.84 TCPU    10054.03
 NUMERICALLY INTEGRATED DENSITY    251.9995797113    251.9995797113
 TTTTTTTTTTTTTTTTTTTTTTTTTTTTTT NUMDFT      TELAPSE    10079.49 TCPU    10067.67
 CYC   6 ETOT(AU) -3.197260777386E+03 DETOT -1.12E-04 tst  2.46E-06 PX  2.69E-03
 TTTTTTTTTTTTTTTTTTTTTTTTTTTTTT DIIS        TELAPSE    10081.83 TCPU    10069.27
 DIIS TEST: 0.22188E-02 AT SCF   CYCLE   6 - DIIS ACTIVE - HISTORY:     6 CYCLES
 TTTTTTTTTTTTTTTTTTTTTTTTTTTTTT FDIK        TELAPSE    10287.08 TCPU    10273.77
 POSSIBLY CONDUCTING STATE - EFERMI(AU) -9.1913537E-02 (RES. CHARGE  1.67E-10;IT.  8)
 TTTTTTTTTTTTTTTTTTTTTTTTTTTTTT PDIG        TELAPSE    10294.90 TCPU    10281.49
 CHARGE NORMALIZATION FACTOR   1.00000000
 TOTAL ATOMIC CHARGES:
   6.0218751   6.0218736   6.0218862   6.0218914   6.0218688   6.0218632
   6.0218685   6.0218727   6.0218881   6.0218743   6.0218739   6.0218916
   6.0218691   6.0218677   6.0218809   6.0218881   6.0218640   6.0218610
   6.0218612   6.0218703   6.0218819   6.0218730   6.0218672   6.0218922
   6.0218769   6.0218680   6.0218908   6.0218931   6.0218672   6.0218624
   6.0218732   6.0218726   6.0218886   6.0218770   6.0218756   6.0218950
   6.0218698   6.0218718   6.0218808   6.0218895   6.0218549   6.0218539
   6.0218636   6.0218728   6.0218892   6.0218644   6.0218750   6.0218841
   6.0150097   6.0150074   6.0150021   6.0150047   6.0150098   6.0150106
   6.0150058   6.0150085   6.0150104   6.0150058   6.0150039   6.0150074
   6.0150122   6.0150113   6.0150058   6.0150127   5.9559890   5.9559950
   5.9559684   5.9559295   5.9559815   5.9559990   5.9559675   5.9559267
   5.9559843   5.9559959   5.9559673   5.9559368   5.9559928   5.9559865
   5.9559581   5.9559333   5.8535835   5.8535897   5.8535862   5.8535870
 SUMMED SPIN DENSITY           0.00000000
 TOTAL ATOMIC SPINS  :
   0.0000000  -0.0000000  -0.0000000  -0.0000000  -0.0000000   0.0000000
  -0.0000000   0.0000000  -0.0000000  -0.0000000  -0.0000000  -0.0000000
   0.0000000  -0.0000000  -0.0000000  -0.0000000  -0.0000000  -0.0000000
  -0.0000000   0.0000000  -0.0000000  -0.0000000  -0.0000000   0.0000000
  -0.0000000   0.0000000  -0.0000000  -0.0000000  -0.0000000  -0.0000000
  -0.0000000   0.0000000  -0.0000000   0.0000000   0.0000000  -0.0000000
   0.0000000  -0.0000000  -0.0000000  -0.0000000   0.0000000  -0.0000000
   0.0000000  -0.0000000  -0.0000000  -0.0000000   0.0000000  -0.0000000
  -0.0000000   0.0000000   0.0000000  -0.0000000  -0.0000000   0.0000000
   0.0000000  -0.0000000   0.0000000  -0.0000000  -0.0000000   0.0000000
   0.0000000  -0.0000000  -0.0000000   0.0000000   0.0000000   0.0000000
  -0.0000000   0.0000000   0.0000000   0.0000000  -0.0000000   0.0000000
   0.0000000   0.0000000   0.0000000   0.0000000  -0.0000000   0.0000000
   0.0000000   0.0000000  -0.0000000   0.0000000   0.0000000  -0.0000000
 TTTTTTTTTTTTTTTTTTTTTTTTTTTTTT MOQGAD      TELAPSE    10294.98 TCPU    10281.57
 TTTTTTTTTTTTTTTTTTTTTTTTTTTTTT SHELLXN     TELAPSE    11380.32 TCPU    11366.31
 TTTTTTTTTTTTTTTTTTTTTTTTTTTTTT MONMO3      TELAPSE    11384.01 TCPU    11370.01
 NUMERICALLY INTEGRATED DENSITY    251.9995797755    251.9995797755
 TTTTTTTTTTTTTTTTTTTTTTTTTTTTTT NUMDFT      TELAPSE    11397.66 TCPU    11383.65
 CYC   7 ETOT(AU) -3.197260899699E+03 DETOT -1.22E-04 tst  4.13E-07 PX  1.86E-03
 TTTTTTTTTTTTTTTTTTTTTTTTTTTTTT DIIS        TELAPSE    11400.34 TCPU    11385.28
 DIIS TEST: 0.67262E-04 AT SCF   CYCLE   7 - DIIS ACTIVE - HISTORY:     7 CYCLES
 TTTTTTTTTTTTTTTTTTTTTTTTTTTTTT FDIK        TELAPSE    11693.26 TCPU    11677.54
 POSSIBLY CONDUCTING STATE - EFERMI(AU) -9.1936715E-02 (RES. CHARGE  1.25E-12;IT.  8)
 TTTTTTTTTTTTTTTTTTTTTTTTTTTTTT PDIG        TELAPSE    11701.10 TCPU    11685.31
 CHARGE NORMALIZATION FACTOR   1.00000000
 TOTAL ATOMIC CHARGES:
   6.0219900   6.0220012   6.0219644   6.0219561   6.0220334   6.0220423
   6.0220331   6.0220175   6.0218905   6.0219191   6.0219202   6.0218785
   6.0220214   6.0220265   6.0219962   6.0219876   6.0220458   6.0220509
   6.0220439   6.0220328   6.0219193   6.0219522   6.0219509   6.0219116
   6.0219836   6.0220045   6.0219684   6.0219500   6.0220324   6.0220420
   6.0220335   6.0220194   6.0218838   6.0219297   6.0219130   6.0218872
   6.0220169   6.0220338   6.0220022   6.0219831   6.0220474   6.0220537
   6.0220426   6.0220309   6.0219154   6.0219601   6.0219445   6.0219179
   6.0153696   6.0153683   6.0153749   6.0153795   6.0153723   6.0153688
   6.0153760   6.0153826   6.0153700   6.0153685   6.0153748   6.0153787
   6.0153700   6.0153691   6.0153770   6.0153811   5.9555008   5.9554885
   5.9555525   5.9556094   5.9555487   5.9555371   5.9556041   5.9556552
   5.9554940   5.9554875   5.9555524   5.9556003   5.9555512   5.9555395
   5.9556092   5.9556572   5.8524656   5.8524584   5.8524614   5.8524639
 SUMMED SPIN DENSITY          -0.00000000
 TOTAL ATOMIC SPINS  :
   0.0000000  -0.0000000   0.0000000   0.0000000   0.0000000  -0.0000000
  -0.0000000  -0.0000000   0.0000000   0.0000000   0.0000000   0.0000000
   0.0000000  -0.0000000   0.0000000   0.0000000   0.0000000  -0.0000000
  -0.0000000   0.0000000   0.0000000  -0.0000000  -0.0000000   0.0000000
   0.0000000   0.0000000   0.0000000  -0.0000000  -0.0000000   0.0000000
  -0.0000000   0.0000000  -0.0000000   0.0000000  -0.0000000  -0.0000000
   0.0000000  -0.0000000   0.0000000  -0.0000000  -0.0000000  -0.0000000
   0.0000000   0.0000000  -0.0000000   0.0000000   0.0000000  -0.0000000
  -0.0000000  -0.0000000   0.0000000  -0.0000000   0.0000000  -0.0000000
  -0.0000000  -0.0000000   0.0000000  -0.0000000   0.0000000   0.0000000
   0.0000000  -0.0000000  -0.0000000   0.0000000  -0.0000000  -0.0000000
   0.0000000   0.0000000  -0.0000000  -0.0000000  -0.0000000   0.0000000
  -0.0000000   0.0000000  -0.0000000  -0.0000000   0.0000000   0.0000000
  -0.0000000  -0.0000000  -0.0000000  -0.0000000  -0.0000000  -0.0000000
 TTTTTTTTTTTTTTTTTTTTTTTTTTTTTT MOQGAD      TELAPSE    11701.19 TCPU    11685.39
 TTTTTTTTTTTTTTTTTTTTTTTTTTTTTT SHELLXN     TELAPSE    12789.66 TCPU    12773.19
 TTTTTTTTTTTTTTTTTTTTTTTTTTTTTT MONMO3      TELAPSE    12793.35 TCPU    12776.88
 NUMERICALLY INTEGRATED DENSITY    251.9995797988    251.9995797988
 TTTTTTTTTTTTTTTTTTTTTTTTTTTTTT NUMDFT      TELAPSE    12807.01 TCPU    12790.54
 CYC   8 ETOT(AU) -3.197260906439E+03 DETOT -6.74E-06 tst  2.56E-09 PX  2.19E-04
 TTTTTTTTTTTTTTTTTTTTTTTTTTTTTT DIIS        TELAPSE    12809.65 TCPU    12792.28
 DIIS TEST: 0.27183E-05 AT SCF   CYCLE   8 - DIIS ACTIVE - HISTORY:     8 CYCLES
 TTTTTTTTTTTTTTTTTTTTTTTTTTTTTT FDIK        TELAPSE    13109.77 TCPU    13091.68
 POSSIBLY CONDUCTING STATE - EFERMI(AU) -9.1929703E-02 (RES. CHARGE  5.23E-12;IT.  8)
 TTTTTTTTTTTTTTTTTTTTTTTTTTTTTT PDIG        TELAPSE    13117.61 TCPU    13099.38
 CHARGE NORMALIZATION FACTOR   1.00000000
 TOTAL ATOMIC CHARGES:
   6.0221160   6.0220897   6.0221959   6.0222129   6.0220232   6.0219902
   6.0220300   6.0220599   6.0222663   6.0221889   6.0221963   6.0222973
   6.0219147   6.0219114   6.0219955   6.0220278   6.0219625   6.0219416
   6.0219830   6.0220065   6.0220545   6.0219720   6.0219818   6.0220792
   6.0221353   6.0220883   6.0221957   6.0222292   6.0220299   6.0219958
   6.0220396   6.0220656   6.0222906   6.0221738   6.0222221   6.0222811
   6.0219172   6.0218989   6.0219839   6.0220311   6.0219567   6.0219353
   6.0219742   6.0219974   6.0220748   6.0219496   6.0220010   6.0220566
   6.0151974   6.0152068   6.0151848   6.0151749   6.0151781   6.0151847
   6.0151684   6.0151528   6.0152041   6.0152032   6.0151819   6.0151802
   6.0151812   6.0151796   6.0151640   6.0151552   5.9557520   5.9557552
   5.9556068   5.9554602   5.9554420   5.9554533   5.9552867   5.9551602
   5.9557574   5.9557654   5.9556180   5.9554743   5.9554358   5.9554431
   5.9552750   5.9551532   5.8525577   5.8525641   5.8525622   5.8525595
 SUMMED SPIN DENSITY          -0.00000000
 TOTAL ATOMIC SPINS  :
  -0.0000000  -0.0000000   0.0000000  -0.0000000  -0.0000000   0.0000000
   0.0000000   0.0000000   0.0000000   0.0000000   0.0000000  -0.0000000
  -0.0000000  -0.0000000  -0.0000000  -0.0000000  -0.0000000  -0.0000000
  -0.0000000   0.0000000   0.0000000  -0.0000000  -0.0000000  -0.0000000
   0.0000000  -0.0000000   0.0000000   0.0000000   0.0000000   0.0000000
   0.0000000  -0.0000000  -0.0000000   0.0000000   0.0000000   0.0000000
   0.0000000   0.0000000  -0.0000000   0.0000000  -0.0000000   0.0000000
  -0.0000000   0.0000000   0.0000000  -0.0000000   0.0000000  -0.0000000
  -0.0000000  -0.0000000  -0.0000000   0.0000000   0.0000000  -0.0000000
  -0.0000000  -0.0000000  -0.0000000  -0.0000000  -0.0000000  -0.0000000
  -0.0000000  -0.0000000  -0.0000000  -0.0000000   0.0000000   0.0000000
  -0.0000000   0.0000000   0.0000000   0.0000000   0.0000000   0.0000000
  -0.0000000  -0.0000000  -0.0000000  -0.0000000   0.0000000   0.0000000
   0.0000000   0.0000000  -0.0000000   0.0000000  -0.0000000   0.0000000
 TTTTTTTTTTTTTTTTTTTTTTTTTTTTTT MOQGAD      TELAPSE    13117.69 TCPU    13099.46
 TTTTTTTTTTTTTTTTTTTTTTTTTTTTTT SHELLXN     TELAPSE    14205.38 TCPU    14186.49
 TTTTTTTTTTTTTTTTTTTTTTTTTTTTTT MONMO3      TELAPSE    14209.07 TCPU    14190.18
 NUMERICALLY INTEGRATED DENSITY    251.9995797791    251.9995797791
 TTTTTTTTTTTTTTTTTTTTTTTTTTTTTT NUMDFT      TELAPSE    14222.67 TCPU    14203.78
 CYC   9 ETOT(AU) -3.197260904591E+03 DETOT  1.85E-06 tst  3.44E-08 PX  8.73E-05
 TTTTTTTTTTTTTTTTTTTTTTTTTTTTTT DIIS        TELAPSE    14225.60 TCPU    14205.74
 DIIS TEST: 0.12150E-04 AT SCF   CYCLE   9 - DIIS ACTIVE - HISTORY:     9 CYCLES
 TTTTTTTTTTTTTTTTTTTTTTTTTTTTTT FDIK        TELAPSE    14464.45 TCPU    14443.84
 POSSIBLY CONDUCTING STATE - EFERMI(AU) -9.1930876E-02 (RES. CHARGE  6.65E-12;IT.  6)
 TTTTTTTTTTTTTTTTTTTTTTTTTTTTTT PDIG        TELAPSE    14472.24 TCPU    14451.55
 CHARGE NORMALIZATION FACTOR   1.00000000
 TOTAL ATOMIC CHARGES:
   6.0219303   6.0219318   6.0219255   6.0219295   6.0220013   6.0220091
   6.0220049   6.0220047   6.0219322   6.0219247   6.0219238   6.0219310
   6.0221518   6.0221494   6.0221441   6.0221480   6.0220526   6.0220540
   6.0220502   6.0220612   6.0221782   6.0221704   6.0221696   6.0221756
   6.0219256   6.0219318   6.0219271   6.0219221   6.0219955   6.0220016
   6.0220043   6.0220013   6.0219353   6.0219172   6.0219277   6.0219230
   6.0221520   6.0221590   6.0221547   6.0221481   6.0220549   6.0220560
   6.0220529   6.0220637   6.0221896   6.0221680   6.0221803   6.0221727
   6.0152322   6.0152330   6.0152327   6.0152332   6.0152592   6.0152612
   6.0152604   6.0152632   6.0152343   6.0152315   6.0152317   6.0152342
   6.0152601   6.0152604   6.0152602   6.0152636   5.9553222   5.9553313
   5.9553170   5.9553242   5.9556833   5.9556756   5.9556771   5.9556652
   5.9553209   5.9553113   5.9552969   5.9553278   5.9557043   5.9556707
   5.9556723   5.9556873   5.8525359   5.8525356   5.8525366   5.8525351
 SUMMED SPIN DENSITY           0.00000000
 TOTAL ATOMIC SPINS  :
   0.0000000  -0.0000000   0.0000000  -0.0000000   0.0000000   0.0000000
  -0.0000000  -0.0000000   0.0000000   0.0000000   0.0000000   0.0000000
  -0.0000000   0.0000000   0.0000000  -0.0000000  -0.0000000   0.0000000
   0.0000000   0.0000000  -0.0000000  -0.0000000  -0.0000000   0.0000000
  -0.0000000  -0.0000000   0.0000000  -0.0000000  -0.0000000  -0.0000000
  -0.0000000   0.0000000  -0.0000000  -0.0000000   0.0000000   0.0000000
   0.0000000  -0.0000000  -0.0000000  -0.0000000  -0.0000000   0.0000000
  -0.0000000   0.0000000  -0.0000000  -0.0000000  -0.0000000   0.0000000
  -0.0000000  -0.0000000  -0.0000000  -0.0000000   0.0000000   0.0000000
  -0.0000000  -0.0000000  -0.0000000  -0.0000000   0.0000000   0.0000000
   0.0000000   0.0000000  -0.0000000   0.0000000  -0.0000000   0.0000000
   0.0000000   0.0000000  -0.0000000  -0.0000000  -0.0000000  -0.0000000
  -0.0000000   0.0000000   0.0000000   0.0000000  -0.0000000   0.0000000
   0.0000000   0.0000000   0.0000000   0.0000000  -0.0000000   0.0000000
 TTTTTTTTTTTTTTTTTTTTTTTTTTTTTT MOQGAD      TELAPSE    14472.32 TCPU    14451.63
 TTTTTTTTTTTTTTTTTTTTTTTTTTTTTT SHELLXN     TELAPSE    15565.32 TCPU    15544.02
 TTTTTTTTTTTTTTTTTTTTTTTTTTTTTT MONMO3      TELAPSE    15569.04 TCPU    15547.73
 NUMERICALLY INTEGRATED DENSITY    251.9995797853    251.9995797853
 TTTTTTTTTTTTTTTTTTTTTTTTTTTTTT NUMDFT      TELAPSE    15582.70 TCPU    15561.40
 CYC  10 ETOT(AU) -3.197260904998E+03 DETOT -4.07E-07 tst  1.12E-07 PX  1.07E-04
 TTTTTTTTTTTTTTTTTTTTTTTTTTTTTT DIIS        TELAPSE    15585.53 TCPU    15563.22
 DIIS TEST: 0.10974E-04 AT SCF   CYCLE  10 - DIIS ACTIVE - HISTORY:    10 CYCLES
 TTTTTTTTTTTTTTTTTTTTTTTTTTTTTT FDIK        TELAPSE    15835.93 TCPU    15812.90
 POSSIBLY CONDUCTING STATE - EFERMI(AU) -9.1932048E-02 (RES. CHARGE  4.83E-12;IT.  6)
 TTTTTTTTTTTTTTTTTTTTTTTTTTTTTT PDIG        TELAPSE    15857.77 TCPU    15834.64
 CHARGE NORMALIZATION FACTOR   1.00000000
 TOTAL ATOMIC CHARGES:
   6.0220766   6.0220735   6.0220207   6.0220266   6.0220524   6.0220779
   6.0220401   6.0220363   6.0219834   6.0220350   6.0220079   6.0219937
   6.0220391   6.0220300   6.0219796   6.0219877   6.0220442   6.0220664
   6.0220289   6.0220314   6.0219373   6.0219912   6.0219615   6.0219483
   6.0220681   6.0220765   6.0220255   6.0220161   6.0220465   6.0220708
   6.0220415   6.0220364   6.0219789   6.0220392   6.0220031   6.0219975
   6.0220351   6.0220413   6.0219916   6.0219837   6.0220447   6.0220672
   6.0220325   6.0220351   6.0219377   6.0219969   6.0219610   6.0219536
   6.0152985   6.0152958   6.0153033   6.0153102   6.0152930   6.0152899
   6.0152972   6.0153065   6.0152975   6.0152972   6.0153051   6.0153083
   6.0152906   6.0152918   6.0153000   6.0153043   5.9554833   5.9555208
   5.9555738   5.9555935   5.9554232   5.9554612   5.9555167   5.9555283
   5.9554798   5.9555104   5.9555624   5.9555907   5.9554353   5.9554601
   5.9555172   5.9555418   5.8525181   5.8525126   5.8525146   5.8525168
 SUMMED SPIN DENSITY           0.00000000
 TOTAL ATOMIC SPINS  :
  -0.0000000  -0.0000000   0.0000000  -0.0000000  -0.0000000  -0.0000000
  -0.0000000  -0.0000000  -0.0000000   0.0000000  -0.0000000   0.0000000
  -0.0000000   0.0000000  -0.0000000   0.0000000   0.0000000  -0.0000000
   0.0000000   0.0000000  -0.0000000   0.0000000  -0.0000000   0.0000000
  -0.0000000   0.0000000   0.0000000  -0.0000000   0.0000000   0.0000000
  -0.0000000  -0.0000000   0.0000000   0.0000000  -0.0000000  -0.0000000
  -0.0000000   0.0000000  -0.0000000   0.0000000  -0.0000000  -0.0000000
  -0.0000000   0.0000000   0.0000000  -0.0000000  -0.0000000   0.0000000
   0.0000000  -0.0000000  -0.0000000  -0.0000000   0.0000000   0.0000000
  -0.0000000   0.0000000   0.0000000  -0.0000000  -0.0000000  -0.0000000
  -0.0000000  -0.0000000  -0.0000000  -0.0000000   0.0000000   0.0000000
   0.0000000   0.0000000   0.0000000  -0.0000000  -0.0000000  -0.0000000
   0.0000000   0.0000000   0.0000000  -0.0000000   0.0000000   0.0000000
   0.0000000   0.0000000  -0.0000000   0.0000000   0.0000000   0.0000000
 TTTTTTTTTTTTTTTTTTTTTTTTTTTTTT MOQGAD      TELAPSE    15857.86 TCPU    15834.72
 TTTTTTTTTTTTTTTTTTTTTTTTTTTTTT SHELLXN     TELAPSE    16946.94 TCPU    16923.18
 TTTTTTTTTTTTTTTTTTTTTTTTTTTTTT MONMO3      TELAPSE    16950.63 TCPU    16926.86
 NUMERICALLY INTEGRATED DENSITY    251.9995797898    251.9995797897
 TTTTTTTTTTTTTTTTTTTTTTTTTTTTTT NUMDFT      TELAPSE    16964.26 TCPU    16940.49
 CYC  11 ETOT(AU) -3.197260906056E+03 DETOT -1.06E-06 tst  4.21E-08 PX  6.52E-05
 TTTTTTTTTTTTTTTTTTTTTTTTTTTTTT DIIS        TELAPSE    16967.04 TCPU    16942.26
 DIIS TEST: 0.79251E-06 AT SCF   CYCLE  11 - DIIS ACTIVE - HISTORY:    11 CYCLES
 TTTTTTTTTTTTTTTTTTTTTTTTTTTTTT FDIK        TELAPSE    17245.91 TCPU    17220.30
 POSSIBLY CONDUCTING STATE - EFERMI(AU) -9.1932560E-02 (RES. CHARGE  4.55E-13;IT.  6)
 TTTTTTTTTTTTTTTTTTTTTTTTTTTTTT PDIG        TELAPSE    17253.62 TCPU    17228.01
 CHARGE NORMALIZATION FACTOR   1.00000000
 TOTAL ATOMIC CHARGES:
   6.0219769   6.0219886   6.0220442   6.0220247   6.0220423   6.0219964
   6.0220492   6.0220272   6.0219913   6.0219650   6.0219852   6.0219929
   6.0219886   6.0220152   6.0220589   6.0220505   6.0220479   6.0220114
   6.0220648   6.0220343   6.0220004   6.0219762   6.0219948   6.0220040
   6.0220010   6.0219909   6.0220486   6.0220485   6.0220555   6.0220087
   6.0220629   6.0220408   6.0220073   6.0219616   6.0220028   6.0219882
   6.0219852   6.0219938   6.0220356   6.0220473   6.0220344   6.0219986
   6.0220518   6.0220207   6.0220125   6.0219589   6.0220046   6.0219870
   6.0153108   6.0153159   6.0153062   6.0153019   6.0153151   6.0153163
   6.0153111   6.0153029   6.0153174   6.0153139   6.0153040   6.0153069
   6.0153160   6.0153110   6.0153069   6.0153043   5.9555507   5.9554747
   5.9554994   5.9555007   5.9555720   5.9555126   5.9555175   5.9555396
   5.9555431   5.9555158   5.9555440   5.9554961   5.9555339   5.9555139
   5.9555193   5.9554996   5.8525067   5.8525075   5.8525074   5.8525071
 SUMMED SPIN DENSITY           0.00000000
 TOTAL ATOMIC SPINS  :
   0.0000000  -0.0000000   0.0000000  -0.0000000  -0.0000000   0.0000000
   0.0000000  -0.0000000  -0.0000000   0.0000000  -0.0000000   0.0000000
  -0.0000000   0.0000000   0.0000000   0.0000000   0.0000000   0.0000000
  -0.0000000  -0.0000000  -0.0000000   0.0000000  -0.0000000  -0.0000000
  -0.0000000  -0.0000000   0.0000000   0.0000000   0.0000000   0.0000000
  -0.0000000  -0.0000000   0.0000000   0.0000000  -0.0000000  -0.0000000
  -0.0000000  -0.0000000  -0.0000000   0.0000000  -0.0000000  -0.0000000
  -0.0000000   0.0000000   0.0000000  -0.0000000   0.0000000  -0.0000000
  -0.0000000  -0.0000000  -0.0000000  -0.0000000  -0.0000000  -0.0000000
   0.0000000  -0.0000000  -0.0000000  -0.0000000  -0.0000000   0.0000000
   0.0000000  -0.0000000  -0.0000000  -0.0000000   0.0000000   0.0000000
  -0.0000000   0.0000000  -0.0000000  -0.0000000   0.0000000   0.0000000
  -0.0000000  -0.0000000   0.0000000   0.0000000   0.0000000  -0.0000000
   0.0000000   0.0000000   0.0000000   0.0000000   0.0000000   0.0000000
 TTTTTTTTTTTTTTTTTTTTTTTTTTTTTT MOQGAD      TELAPSE    17253.70 TCPU    17228.09
 TTTTTTTTTTTTTTTTTTTTTTTTTTTTTT SHELLXN     TELAPSE    18339.54 TCPU    18313.49
 TTTTTTTTTTTTTTTTTTTTTTTTTTTTTT MONMO3      TELAPSE    18343.22 TCPU    18317.16
 NUMERICALLY INTEGRATED DENSITY    251.9995797894    251.9995797891
 TTTTTTTTTTTTTTTTTTTTTTTTTTTTTT NUMDFT      TELAPSE    18356.83 TCPU    18330.77
 CYC  12 ETOT(AU) -3.197260906069E+03 DETOT -1.37E-08 tst  1.58E-09 PX  2.52E-05
 TTTTTTTTTTTTTTTTTTTTTTTTTTTTTT DIIS        TELAPSE    18359.76 TCPU    18332.39
 DIIS TEST: 0.23939E-06 AT SCF   CYCLE  12 - DIIS ACTIVE - HISTORY:    12 CYCLES
 TTTTTTTTTTTTTTTTTTTTTTTTTTTTTT FDIK        TELAPSE    18648.89 TCPU    18620.63
 POSSIBLY CONDUCTING STATE - EFERMI(AU) -9.1932180E-02 (RES. CHARGE  3.98E-13;IT.  6)
 TTTTTTTTTTTTTTTTTTTTTTTTTTTTTT PDIG        TELAPSE    18656.68 TCPU    18628.26
 CHARGE NORMALIZATION FACTOR   1.00000000
 TOTAL ATOMIC CHARGES:
   6.0220799   6.0220649   6.0220152   6.0220566   6.0220171   6.0220782
   6.0220350   6.0220567   6.0220282   6.0220045   6.0220172   6.0219934
   6.0220488   6.0220074   6.0219808   6.0220041   6.0219933   6.0220259
   6.0219828   6.0220339   6.0220142   6.0219926   6.0220038   6.0219837
   6.0220090   6.0220491   6.0220057   6.0219815   6.0219804   6.0220388
   6.0219963   6.0220134   6.0219961   6.0220175   6.0219838   6.0220084
   6.0220639   6.0220823   6.0220572   6.0220164   6.0220311   6.0220671
   6.0220175   6.0220706   6.0220050   6.0220249   6.0219951   6.0220138
   6.0152942   6.0152843   6.0152918   6.0153009   6.0152860   6.0152818
   6.0152825   6.0153011   6.0152822   6.0152870   6.0152952   6.0152878
   6.0152815   6.0152954   6.0152964   6.0152966   5.9555199   5.9556274
   5.9555260   5.9555116   5.9554869   5.9555417   5.9554953   5.9554147
   5.9555183   5.9554993   5.9553867   5.9555161   5.9556196   5.9555349
   5.9554874   5.9555554   5.8525221   5.8525138   5.8525167   5.8525188
 SUMMED SPIN DENSITY           0.00000000
 TOTAL ATOMIC SPINS  :
  -0.0000000   0.0000000   0.0000000   0.0000000  -0.0000000  -0.0000000
  -0.0000000  -0.0000000   0.0000000  -0.0000000   0.0000000   0.0000000
  -0.0000000  -0.0000000  -0.0000000   0.0000000  -0.0000000   0.0000000
   0.0000000   0.0000000  -0.0000000  -0.0000000  -0.0000000  -0.0000000
  -0.0000000  -0.0000000  -0.0000000   0.0000000  -0.0000000  -0.0000000
  -0.0000000  -0.0000000   0.0000000  -0.0000000   0.0000000  -0.0000000
   0.0000000  -0.0000000  -0.0000000   0.0000000  -0.0000000   0.0000000
   0.0000000   0.0000000  -0.0000000  -0.0000000   0.0000000  -0.0000000
   0.0000000   0.0000000   0.0000000   0.0000000   0.0000000  -0.0000000
   0.0000000   0.0000000   0.0000000   0.0000000   0.0000000   0.0000000
  -0.0000000  -0.0000000  -0.0000000   0.0000000   0.0000000  -0.0000000
  -0.0000000   0.0000000   0.0000000  -0.0000000   0.0000000  -0.0000000
   0.0000000   0.0000000  -0.0000000   0.0000000   0.0000000  -0.0000000
   0.0000000  -0.0000000  -0.0000000   0.0000000   0.0000000  -0.0000000
 TTTTTTTTTTTTTTTTTTTTTTTTTTTTTT MOQGAD      TELAPSE    18656.76 TCPU    18628.34
 TTTTTTTTTTTTTTTTTTTTTTTTTTTTTT SHELLXN     TELAPSE    19736.31 TCPU    19707.44
 TTTTTTTTTTTTTTTTTTTTTTTTTTTTTT MONMO3      TELAPSE    19739.97 TCPU    19711.10
 NUMERICALLY INTEGRATED DENSITY    251.9995797901    251.9995797853
 TTTTTTTTTTTTTTTTTTTTTTTTTTTTTT NUMDFT      TELAPSE    19753.54 TCPU    19724.66
 CYC  13 ETOT(AU) -3.197260905903E+03 DETOT  1.66E-07 tst  1.77E-09 PX  2.72E-05
 TTTTTTTTTTTTTTTTTTTTTTTTTTTTTT DIIS        TELAPSE    19756.70 TCPU    19726.47
 DIIS TEST: 0.73607E-06 AT SCF   CYCLE  13 - DIIS ACTIVE - HISTORY:    13 CYCLES
 TTTTTTTTTTTTTTTTTTTTTTTTTTTTTT FDIK        TELAPSE    20031.26 TCPU    20000.03
 POSSIBLY CONDUCTING STATE - EFERMI(AU) -9.1932062E-02 (RES. CHARGE  1.71E-13;IT.  6)
 TTTTTTTTTTTTTTTTTTTTTTTTTTTTTT PDIG        TELAPSE    20039.01 TCPU    20007.62
 CHARGE NORMALIZATION FACTOR   1.00000000
 TOTAL ATOMIC CHARGES:
   6.0220331   6.0220354   6.0220060   6.0219991   6.0220047   6.0220303
   6.0219991   6.0220194   6.0220149   6.0220297   6.0220134   6.0220216
   6.0220507   6.0220568   6.0220212   6.0220240   6.0220210   6.0220513
   6.0220197   6.0220377   6.0220170   6.0220348   6.0220139   6.0220237
   6.0220583   6.0220500   6.0220232   6.0220230   6.0220201   6.0220434
   6.0220212   6.0220392   6.0220272   6.0220267   6.0220265   6.0220186
   6.0220362   6.0220360   6.0219991   6.0220096   6.0219992   6.0220308
   6.0220034   6.0220227   6.0220263   6.0220218   6.0220221   6.0220102
   6.0152800   6.0152834   6.0152858   6.0152882   6.0152838   6.0152843
   6.0152886   6.0152911   6.0152858   6.0152841   6.0152867   6.0152925
   6.0152814   6.0152803   6.0152854   6.0152893   5.9554998   5.9554901
   5.9554850   5.9555066   5.9555211   5.9555289   5.9555110   5.9555410
   5.9555087   5.9555295   5.9555264   5.9555192   5.9554864   5.9555135
   5.9554969   5.9555032   5.8525233   5.8525214   5.8525221   5.8525224
 SUMMED SPIN DENSITY           0.00000001
 TOTAL ATOMIC SPINS  :
  -0.0000000   0.0000000   0.0000000  -0.0000000   0.0000000  -0.0000000
  -0.0000000  -0.0000000  -0.0000000  -0.0000000   0.0000000   0.0000000
  -0.0000000  -0.0000000   0.0000000   0.0000000   0.0000000   0.0000000
   0.0000000   0.0000000  -0.0000000   0.0000000  -0.0000000   0.0000000
   0.0000000   0.0000000  -0.0000000  -0.0000000   0.0000000   0.0000000
  -0.0000000  -0.0000000  -0.0000000  -0.0000000   0.0000000   0.0000000
   0.0000000   0.0000000  -0.0000000   0.0000000   0.0000000   0.0000000
   0.0000000   0.0000000  -0.0000000  -0.0000000  -0.0000000   0.0000000
   0.0000000   0.0000000   0.0000000   0.0000000  -0.0000000  -0.0000000
  -0.0000000  -0.0000000  -0.0000000   0.0000000   0.0000000   0.0000000
  -0.0000000  -0.0000000  -0.0000000   0.0000000  -0.0000000  -0.0000000
   0.0000000   0.0000000  -0.0000000  -0.0000000   0.0000000  -0.0000000
   0.0000000   0.0000000  -0.0000000  -0.0000000  -0.0000000  -0.0000000
   0.0000000  -0.0000000   0.0000000   0.0000000   0.0000000   0.0000000
 TTTTTTTTTTTTTTTTTTTTTTTTTTTTTT MOQGAD      TELAPSE    20039.09 TCPU    20007.70
 TTTTTTTTTTTTTTTTTTTTTTTTTTTTTT SHELLXN     TELAPSE    21118.12 TCPU    21086.19
 TTTTTTTTTTTTTTTTTTTTTTTTTTTTTT MONMO3      TELAPSE    21121.78 TCPU    21089.85
 NUMERICALLY INTEGRATED DENSITY    251.9995797914    251.9995797856
 TTTTTTTTTTTTTTTTTTTTTTTTTTTTTT NUMDFT      TELAPSE    21135.33 TCPU    21103.40
 CYC  14 ETOT(AU) -3.197260905994E+03 DETOT -9.11E-08 tst  2.04E-09 PX  2.12E-05
 TTTTTTTTTTTTTTTTTTTTTTTTTTTTTT DIIS        TELAPSE    21138.27 TCPU    21105.23
 DIIS TEST: 0.12563E-06 AT SCF   CYCLE  14 - DIIS ACTIVE - HISTORY:    14 CYCLES
 TTTTTTTTTTTTTTTTTTTTTTTTTTTTTT FDIK        TELAPSE    21391.66 TCPU    21357.61
 POSSIBLY CONDUCTING STATE - EFERMI(AU) -9.1932137E-02 (RES. CHARGE  4.90E-10;IT.  4)
 TTTTTTTTTTTTTTTTTTTTTTTTTTTTTT PDIG        TELAPSE    21399.46 TCPU    21365.32
 CHARGE NORMALIZATION FACTOR   1.00000000
 TOTAL ATOMIC CHARGES:
   6.0220248   6.0220207   6.0220403   6.0220419   6.0220599   6.0220363
   6.0220467   6.0220331   6.0219890   6.0220223   6.0220020   6.0220231
   6.0220046   6.0220084   6.0220212   6.0220298   6.0220420   6.0220224
   6.0220323   6.0220174   6.0219847   6.0220205   6.0219974   6.0220201
   6.0220117   6.0220003   6.0220227   6.0220275   6.0220433   6.0220185
   6.0220340   6.0220196   6.0219932   6.0220145   6.0220076   6.0220146
   6.0220246   6.0220253   6.0220366   6.0220498   6.0220546   6.0220355
   6.0220489   6.0220330   6.0220001   6.0220147   6.0220111   6.0220148
   6.0152888   6.0152912   6.0152878   6.0152857   6.0152879   6.0152878
   6.0152867   6.0152833   6.0152900   6.0152877   6.0152840   6.0152852
   6.0152902   6.0152881   6.0152882   6.0152863   5.9555127   5.9555165
   5.9555578   5.9555133   5.9554866   5.9554997   5.9555308   5.9554949
   5.9554751   5.9555001   5.9555430   5.9554793   5.9555073   5.9555307
   5.9555627   5.9555145   5.8525204   5.8525190   5.8525197   5.8525201
 SUMMED SPIN DENSITY           0.00000001
 TOTAL ATOMIC SPINS  :
  -0.0000001   0.0000000   0.0000000   0.0000000   0.0000000  -0.0000000
  -0.0000000  -0.0000000  -0.0000000  -0.0000000  -0.0000000   0.0000000
  -0.0000000  -0.0000000  -0.0000000   0.0000000   0.0000001   0.0000000
   0.0000001  -0.0000000  -0.0000000   0.0000000  -0.0000000   0.0000000
  -0.0000000   0.0000000   0.0000000   0.0000000   0.0000000  -0.0000000
   0.0000000  -0.0000000   0.0000000  -0.0000000   0.0000000   0.0000000
  -0.0000000  -0.0000000  -0.0000000   0.0000000   0.0000000   0.0000000
   0.0000000   0.0000000   0.0000000  -0.0000000  -0.0000000  -0.0000000
   0.0000000   0.0000000   0.0000000  -0.0000000  -0.0000000  -0.0000000
  -0.0000000  -0.0000000  -0.0000000   0.0000000   0.0000000  -0.0000000
  -0.0000000   0.0000000  -0.0000000  -0.0000000   0.0000001  -0.0000001
   0.0000000   0.0000000  -0.0000000  -0.0000000   0.0000000   0.0000000
  -0.0000000  -0.0000000   0.0000001  -0.0000000  -0.0000001   0.0000000
   0.0000001  -0.0000000   0.0000000   0.0000000   0.0000000  -0.0000000
 TTTTTTTTTTTTTTTTTTTTTTTTTTTTTT MOQGAD      TELAPSE    21399.54 TCPU    21365.40
 TTTTTTTTTTTTTTTTTTTTTTTTTTTTTT SHELLXN     TELAPSE    22478.38 TCPU    22443.76
 TTTTTTTTTTTTTTTTTTTTTTTTTTTTTT MONMO3      TELAPSE    22482.04 TCPU    22447.42
 NUMERICALLY INTEGRATED DENSITY    251.9995797931    251.9995797828
 TTTTTTTTTTTTTTTTTTTTTTTTTTTTTT NUMDFT      TELAPSE    22495.58 TCPU    22460.95
 CYC  15 ETOT(AU) -3.197260906085E+03 DETOT -9.04E-08 tst  6.82E-10 PX  1.48E-05
 TTTTTTTTTTTTTTTTTTTTTTTTTTTTTT DIIS        TELAPSE    22498.77 TCPU    22462.66
 DIIS TEST: 0.88384E-07 AT SCF   CYCLE  15 - DIIS ACTIVE - HISTORY:    15 CYCLES
 TTTTTTTTTTTTTTTTTTTTTTTTTTTTTT FDIK        TELAPSE    22777.41 TCPU    22740.46
 POSSIBLY CONDUCTING STATE - EFERMI(AU) -9.1932179E-02 (RES. CHARGE  1.53E-10;IT.  4)
 TTTTTTTTTTTTTTTTTTTTTTTTTTTTTT PDIG        TELAPSE    22785.05 TCPU    22748.02
 CHARGE NORMALIZATION FACTOR   1.00000000
 TOTAL ATOMIC CHARGES:
   6.0220231   6.0220198   6.0220251   6.0220343   6.0220472   6.0220456
   6.0220529   6.0220428   6.0219828   6.0219744   6.0219820   6.0219756
   6.0220347   6.0220280   6.0220372   6.0220437   6.0220591   6.0220487
   6.0220568   6.0220555   6.0219836   6.0219764   6.0219834   6.0219796
   6.0220242   6.0220360   6.0220438   6.0220347   6.0220568   6.0220528
   6.0220620   6.0220496   6.0219812   6.0219828   6.0219806   6.0219848
   6.0220168   6.0220298   6.0220366   6.0220264   6.0220495   6.0220408
   6.0220465   6.0220457   6.0219813   6.0219777   6.0219805   6.0219802
   6.0152918   6.0152894   6.0152877   6.0152904   6.0152923   6.0152905
   6.0152887   6.0152928   6.0152927   6.0152923   6.0152908   6.0152899
   6.0152883   6.0152912   6.0152902   6.0152891   5.9555023   5.9555201
   5.9555153   5.9555077   5.9555267   5.9555280   5.9555377   5.9555113
   5.9555290   5.9555149   5.9555092   5.9555361   5.9555357   5.9554937
   5.9555067   5.9555205   5.8525177   5.8525141   5.8525154   5.8525165
 SUMMED SPIN DENSITY           0.00000001
 TOTAL ATOMIC SPINS  :
  -0.0000000   0.0000000   0.0000000   0.0000000   0.0000000  -0.0000000
   0.0000000  -0.0000000  -0.0000000  -0.0000000  -0.0000000   0.0000000
  -0.0000000  -0.0000000   0.0000000   0.0000000   0.0000000  -0.0000000
   0.0000000  -0.0000000  -0.0000000   0.0000000  -0.0000000   0.0000000
  -0.0000000   0.0000000   0.0000000   0.0000000   0.0000000  -0.0000000
   0.0000000  -0.0000000   0.0000000   0.0000000   0.0000000   0.0000000
  -0.0000000  -0.0000000   0.0000000   0.0000000   0.0000000   0.0000000
   0.0000000  -0.0000000  -0.0000000  -0.0000000  -0.0000000   0.0000000
   0.0000000   0.0000000   0.0000000  -0.0000000  -0.0000000  -0.0000000
  -0.0000000  -0.0000000  -0.0000000  -0.0000000  -0.0000000  -0.0000000
  -0.0000000   0.0000000   0.0000000  -0.0000000  -0.0000000  -0.0000000
   0.0000000   0.0000000  -0.0000000  -0.0000000   0.0000000  -0.0000000
  -0.0000000  -0.0000000   0.0000000  -0.0000000  -0.0000000   0.0000000
   0.0000001  -0.0000000  -0.0000000   0.0000000   0.0000000  -0.0000000
 TTTTTTTTTTTTTTTTTTTTTTTTTTTTTT MOQGAD      TELAPSE    22785.13 TCPU    22748.10
 TTTTTTTTTTTTTTTTTTTTTTTTTTTTTT SHELLXN     TELAPSE    23861.50 TCPU    23823.86
 TTTTTTTTTTTTTTTTTTTTTTTTTTTTTT MONMO3      TELAPSE    23865.15 TCPU    23827.52
 NUMERICALLY INTEGRATED DENSITY    251.9995797918    251.9995797810
 TTTTTTTTTTTTTTTTTTTTTTTTTTTTTT NUMDFT      TELAPSE    23878.69 TCPU    23841.05
 CYC  16 ETOT(AU) -3.197260905895E+03 DETOT  1.90E-07 tst  3.50E-10 PX  2.16E-05
 TTTTTTTTTTTTTTTTTTTTTTTTTTTTTT DIIS        TELAPSE    23881.90 TCPU    23842.82
 DIIS TEST: 0.72363E-07 AT SCF   CYCLE  16 - DIIS ACTIVE - HISTORY:    16 CYCLES
 TTTTTTTTTTTTTTTTTTTTTTTTTTTTTT FDIK        TELAPSE    24129.17 TCPU    24089.07
 POSSIBLY CONDUCTING STATE - EFERMI(AU) -9.1932106E-02 (RES. CHARGE  4.80E-10;IT.  4)
 TTTTTTTTTTTTTTTTTTTTTTTTTTTTTT PDIG        TELAPSE    24136.94 TCPU    24096.83
 CHARGE NORMALIZATION FACTOR   1.00000000
 TOTAL ATOMIC CHARGES:
   6.0220273   6.0220215   6.0220280   6.0220232   6.0220309   6.0220224
   6.0220295   6.0220239   6.0220152   6.0220157   6.0220157   6.0220166
   6.0220245   6.0220208   6.0220248   6.0220246   6.0220281   6.0220201
   6.0220273   6.0220226   6.0220135   6.0220164   6.0220137   6.0220166
   6.0220260   6.0220178   6.0220278   6.0220201   6.0220280   6.0220178
   6.0220298   6.0220225   6.0220187   6.0220135   6.0220201   6.0220147
   6.0220277   6.0220260   6.0220289   6.0220272   6.0220278   6.0220214
   6.0220299   6.0220256   6.0220223   6.0220120   6.0220214   6.0220121
   6.0152922   6.0152935   6.0152921   6.0152944   6.0152922   6.0152919
   6.0152921   6.0152943   6.0152937   6.0152926   6.0152914   6.0152944
   6.0152918   6.0152921   6.0152931   6.0152944   5.9555061   5.9555073
   5.9555129   5.9555217   5.9555031   5.9555076   5.9555106   5.9555181
   5.9554963   5.9555047   5.9555088   5.9555157   5.9555106   5.9555120
   5.9555143   5.9555263   5.8525200   5.8525177   5.8525188   5.8525192
 SUMMED SPIN DENSITY           0.00000001
 TOTAL ATOMIC SPINS  :
  -0.0000000  -0.0000000   0.0000000   0.0000000   0.0000000  -0.0000000
   0.0000000  -0.0000000  -0.0000000  -0.0000000  -0.0000000   0.0000000
  -0.0000000  -0.0000000   0.0000000   0.0000000   0.0000000   0.0000000
   0.0000000  -0.0000000   0.0000000   0.0000000  -0.0000000   0.0000000
  -0.0000000   0.0000000   0.0000000   0.0000000   0.0000000  -0.0000000
   0.0000000  -0.0000000   0.0000000   0.0000000   0.0000000   0.0000000
  -0.0000000  -0.0000000   0.0000000   0.0000000   0.0000000   0.0000000
   0.0000000  -0.0000000  -0.0000000  -0.0000000  -0.0000000   0.0000000
   0.0000000   0.0000000  -0.0000000  -0.0000000  -0.0000000  -0.0000000
  -0.0000000  -0.0000000  -0.0000000  -0.0000000  -0.0000000  -0.0000000
  -0.0000000   0.0000000  -0.0000000  -0.0000000   0.0000000  -0.0000000
   0.0000000   0.0000000  -0.0000000  -0.0000000   0.0000000   0.0000000
  -0.0000000  -0.0000000   0.0000000  -0.0000000  -0.0000000   0.0000000
   0.0000001  -0.0000000   0.0000000  -0.0000000   0.0000000  -0.0000000
 TTTTTTTTTTTTTTTTTTTTTTTTTTTTTT MOQGAD      TELAPSE    24137.03 TCPU    24096.91
 TTTTTTTTTTTTTTTTTTTTTTTTTTTTTT SHELLXN     TELAPSE    25214.32 TCPU    25173.49
 TTTTTTTTTTTTTTTTTTTTTTTTTTTTTT MONMO3      TELAPSE    25218.00 TCPU    25177.17
 NUMERICALLY INTEGRATED DENSITY    251.9995797948    251.9995797832
 TTTTTTTTTTTTTTTTTTTTTTTTTTTTTT NUMDFT      TELAPSE    25231.57 TCPU    25190.73
 CYC  17 ETOT(AU) -3.197260906056E+03 DETOT -1.61E-07 tst  1.22E-10 PX  2.55E-05
 TTTTTTTTTTTTTTTTTTTTTTTTTTTTTT DIIS        TELAPSE    25234.95 TCPU    25192.56
 DIIS TEST: 0.12427E-07 AT SCF   CYCLE  17 - DIIS ACTIVE - HISTORY:    17 CYCLES
 TTTTTTTTTTTTTTTTTTTTTTTTTTTTTT FDIK        TELAPSE    25458.92 TCPU    25415.62
 POSSIBLY CONDUCTING STATE - EFERMI(AU) -9.1932147E-02 (RES. CHARGE  1.48E-10;IT.  4)
 TTTTTTTTTTTTTTTTTTTTTTTTTTTTTT PDIG        TELAPSE    25466.72 TCPU    25423.35
 CHARGE NORMALIZATION FACTOR   1.00000000
 TOTAL ATOMIC CHARGES:
   6.0220268   6.0220311   6.0220303   6.0220241   6.0220228   6.0220306
   6.0220308   6.0220281   6.0220047   6.0220065   6.0220141   6.0220031
   6.0220256   6.0220317   6.0220285   6.0220271   6.0220218   6.0220302
   6.0220302   6.0220286   6.0220040   6.0220086   6.0220131   6.0220039
   6.0220271   6.0220279   6.0220309   6.0220224   6.0220207   6.0220265
   6.0220320   6.0220275   6.0220093   6.0220042   6.0220198   6.0220007
   6.0220278   6.0220354   6.0220309   6.0220289   6.0220198   6.0220295
   6.0220313   6.0220301   6.0220126   6.0220024   6.0220204   6.0219976
   6.0152922   6.0152927   6.0152921   6.0152925   6.0152924   6.0152913
   6.0152922   6.0152926   6.0152940   6.0152919   6.0152913   6.0152928
   6.0152919   6.0152911   6.0152928   6.0152926   5.9555234   5.9555039
   5.9555059   5.9555244   5.9555213   5.9555077   5.9555059   5.9555247
   5.9555128   5.9555031   5.9555049   5.9555189   5.9555260   5.9555102
   5.9555087   5.9555287   5.8525188   5.8525165   5.8525176   5.8525179
 SUMMED SPIN DENSITY           0.00000001
 TOTAL ATOMIC SPINS  :
  -0.0000000   0.0000000   0.0000000   0.0000000  -0.0000000   0.0000000
  -0.0000000  -0.0000000  -0.0000000  -0.0000000  -0.0000000   0.0000000
   0.0000000   0.0000000  -0.0000000  -0.0000000   0.0000000   0.0000000
   0.0000000  -0.0000000   0.0000000   0.0000000   0.0000000   0.0000000
  -0.0000000   0.0000000  -0.0000000  -0.0000000  -0.0000000   0.0000000
   0.0000000  -0.0000000   0.0000000   0.0000000   0.0000000   0.0000000
  -0.0000000   0.0000000   0.0000000   0.0000000  -0.0000000   0.0000000
   0.0000000   0.0000000  -0.0000000  -0.0000000  -0.0000000  -0.0000000
   0.0000000   0.0000000   0.0000000   0.0000000  -0.0000000  -0.0000000
  -0.0000000  -0.0000000  -0.0000000  -0.0000000  -0.0000000  -0.0000000
   0.0000000   0.0000000  -0.0000000   0.0000000   0.0000000  -0.0000000
   0.0000000  -0.0000000  -0.0000000   0.0000000  -0.0000000  -0.0000000
   0.0000000   0.0000000   0.0000000  -0.0000000  -0.0000000   0.0000000
   0.0000000  -0.0000000  -0.0000000  -0.0000000   0.0000000  -0.0000000
 TTTTTTTTTTTTTTTTTTTTTTTTTTTTTT MOQGAD      TELAPSE    25466.80 TCPU    25423.43
 TTTTTTTTTTTTTTTTTTTTTTTTTTTTTT SHELLXN     TELAPSE    26546.14 TCPU    26502.14
 TTTTTTTTTTTTTTTTTTTTTTTTTTTTTT MONMO3      TELAPSE    26549.81 TCPU    26505.81
 NUMERICALLY INTEGRATED DENSITY    251.9995797935    251.9995797831
 TTTTTTTTTTTTTTTTTTTTTTTTTTTTTT NUMDFT      TELAPSE    26563.37 TCPU    26519.37
 CYC  18 ETOT(AU) -3.197260906128E+03 DETOT -7.23E-08 tst  3.18E-11 PX  8.83E-06
 TTTTTTTTTTTTTTTTTTTTTTTTTTTTTT DIIS        TELAPSE    26567.02 TCPU    26521.22
 DIIS TEST: 0.69273E-08 AT SCF   CYCLE  18 - DIIS ACTIVE - HISTORY:    18 CYCLES
 TTTTTTTTTTTTTTTTTTTTTTTTTTTTTT FDIK        TELAPSE    26799.74 TCPU    26752.91
 POSSIBLY CONDUCTING STATE - EFERMI(AU) -9.1932120E-02 (RES. CHARGE  6.47E-11;IT.  4)
 TTTTTTTTTTTTTTTTTTTTTTTTTTTTTT PDIG        TELAPSE    26807.47 TCPU    26760.57
 CHARGE NORMALIZATION FACTOR   1.00000000
 TOTAL ATOMIC CHARGES:
   6.0220255   6.0220299   6.0220182   6.0220285   6.0220283   6.0220268
   6.0220233   6.0220281   6.0220108   6.0220065   6.0219958   6.0220092
   6.0220275   6.0220333   6.0220199   6.0220341   6.0220309   6.0220280
   6.0220247   6.0220319   6.0220106   6.0220086   6.0219950   6.0220108
   6.0220267   6.0220323   6.0220243   6.0220279   6.0220301   6.0220261
   6.0220279   6.0220306   6.0220151   6.0220067   6.0220006   6.0220099
   6.0220249   6.0220367   6.0220218   6.0220312   6.0220272   6.0220260
   6.0220239   6.0220316   6.0220179   6.0220048   6.0220014   6.0220064
   6.0152916   6.0152934   6.0152924   6.0152941   6.0152922   6.0152925
   6.0152928   6.0152948   6.0152935   6.0152935   6.0152926   6.0152945
   6.0152909   6.0152924   6.0152934   6.0152939   5.9555184   5.9555129
   5.9555183   5.9555014   5.9555225   5.9555194   5.9555230   5.9555035
   5.9555176   5.9555139   5.9555182   5.9555043   5.9555281   5.9555152
   5.9555202   5.9555097   5.8525181   5.8525154   5.8525165   5.8525172
 SUMMED SPIN DENSITY           0.00000001
 TOTAL ATOMIC SPINS  :
  -0.0000000   0.0000000  -0.0000000   0.0000000  -0.0000000   0.0000000
  -0.0000000   0.0000000  -0.0000000  -0.0000000   0.0000000  -0.0000000
   0.0000000  -0.0000000   0.0000000   0.0000000  -0.0000000   0.0000000
   0.0000000   0.0000000   0.0000000   0.0000000   0.0000000   0.0000000
  -0.0000000   0.0000000  -0.0000000   0.0000000  -0.0000000  -0.0000000
   0.0000000   0.0000000   0.0000000   0.0000000   0.0000000   0.0000000
  -0.0000000  -0.0000000   0.0000000   0.0000000  -0.0000000   0.0000000
   0.0000000   0.0000000  -0.0000000  -0.0000000  -0.0000000  -0.0000000
   0.0000000  -0.0000000  -0.0000000  -0.0000000  -0.0000000  -0.0000000
  -0.0000000  -0.0000000  -0.0000000  -0.0000000  -0.0000000  -0.0000000
   0.0000000   0.0000000  -0.0000000   0.0000000   0.0000000  -0.0000000
   0.0000000  -0.0000000  -0.0000000  -0.0000000  -0.0000000  -0.0000000
   0.0000000  -0.0000000  -0.0000000  -0.0000000   0.0000000  -0.0000000
   0.0000000   0.0000000  -0.0000000  -0.0000000   0.0000000   0.0000000
 TTTTTTTTTTTTTTTTTTTTTTTTTTTTTT MOQGAD      TELAPSE    26807.55 TCPU    26760.65
 TTTTTTTTTTTTTTTTTTTTTTTTTTTTTT SHELLXN     TELAPSE    27886.66 TCPU    27839.08
 TTTTTTTTTTTTTTTTTTTTTTTTTTTTTT MONMO3      TELAPSE    27890.32 TCPU    27842.74
 NUMERICALLY INTEGRATED DENSITY    251.9995797931    251.9995797829
 TTTTTTTTTTTTTTTTTTTTTTTTTTTTTT NUMDFT      TELAPSE    27903.90 TCPU    27856.31
 CYC  19 ETOT(AU) -3.197260906195E+03 DETOT -6.69E-08 tst  2.58E-11 PX  7.67E-06
 TTTTTTTTTTTTTTTTTTTTTTTTTTTTTT DIIS        TELAPSE    27907.45 TCPU    27858.13
 DIIS TEST: 0.62811E-08 AT SCF   CYCLE  19 - DIIS ACTIVE - HISTORY:    19 CYCLES
 TTTTTTTTTTTTTTTTTTTTTTTTTTTTTT FDIK        TELAPSE    28132.07 TCPU    28081.65
 POSSIBLY CONDUCTING STATE - EFERMI(AU) -9.1932087E-02 (RES. CHARGE  9.41E-11;IT.  4)
 TTTTTTTTTTTTTTTTTTTTTTTTTTTTTT PDIG        TELAPSE    28139.79 TCPU    28089.28
 CHARGE NORMALIZATION FACTOR   1.00000000
 TOTAL ATOMIC CHARGES:
   6.0220291   6.0220218   6.0220264   6.0220268   6.0220473   6.0220504
   6.0220461   6.0220456   6.0219800   6.0219890   6.0219826   6.0219900
   6.0220306   6.0220247   6.0220277   6.0220319   6.0220494   6.0220509
   6.0220468   6.0220491   6.0219793   6.0219908   6.0219816   6.0219910
   6.0220297   6.0220223   6.0220301   6.0220262   6.0220476   6.0220482
   6.0220487   6.0220463   6.0219828   6.0219879   6.0219862   6.0219891
   6.0220280   6.0220268   6.0220277   6.0220295   6.0220449   6.0220478
   6.0220446   6.0220474   6.0219858   6.0219859   6.0219869   6.0219859
   6.0152922   6.0152936   6.0152916   6.0152928   6.0152927   6.0152927
   6.0152919   6.0152935   6.0152940   6.0152934   6.0152915   6.0152932
   6.0152914   6.0152923   6.0152924   6.0152926   5.9555105   5.9555254
   5.9555181   5.9555122   5.9555140   5.9555300   5.9555226   5.9555133
   5.9555054   5.9555246   5.9555180   5.9555101   5.9555170   5.9555257
   5.9555201   5.9555146   5.8525166   5.8525139   5.8525150   5.8525156
 SUMMED SPIN DENSITY           0.00000001
 TOTAL ATOMIC SPINS  :
  -0.0000000   0.0000000  -0.0000000   0.0000000  -0.0000000   0.0000000
  -0.0000000   0.0000000  -0.0000000  -0.0000000   0.0000000  -0.0000000
   0.0000000  -0.0000000   0.0000000  -0.0000000  -0.0000000   0.0000000
  -0.0000000   0.0000000   0.0000000   0.0000000   0.0000000  -0.0000000
   0.0000000   0.0000000  -0.0000000   0.0000000  -0.0000000  -0.0000000
   0.0000000   0.0000000   0.0000000   0.0000000   0.0000000   0.0000000
   0.0000000  -0.0000000   0.0000000   0.0000000  -0.0000000   0.0000000
   0.0000000   0.0000000  -0.0000000  -0.0000000  -0.0000000  -0.0000000
   0.0000000  -0.0000000  -0.0000000  -0.0000000  -0.0000000  -0.0000000
  -0.0000000  -0.0000000  -0.0000000  -0.0000000  -0.0000000  -0.0000000
   0.0000000   0.0000000  -0.0000000   0.0000000   0.0000000  -0.0000000
   0.0000000  -0.0000000   0.0000000  -0.0000000  -0.0000000  -0.0000000
   0.0000000   0.0000000  -0.0000000  -0.0000000   0.0000000   0.0000000
   0.0000000   0.0000000  -0.0000000   0.0000000   0.0000000   0.0000000
 TTTTTTTTTTTTTTTTTTTTTTTTTTTTTT MOQGAD      TELAPSE    28139.87 TCPU    28089.36
 TTTTTTTTTTTTTTTTTTTTTTTTTTTTTT SHELLXN     TELAPSE    29219.16 TCPU    29167.97
 TTTTTTTTTTTTTTTTTTTTTTTTTTTTTT MONMO3      TELAPSE    29222.83 TCPU    29171.64
 NUMERICALLY INTEGRATED DENSITY    251.9995797917    251.9995797812
 TTTTTTTTTTTTTTTTTTTTTTTTTTTTTT NUMDFT      TELAPSE    29236.38 TCPU    29185.18
 CYC  20 ETOT(AU) -3.197260905941E+03 DETOT  2.54E-07 tst  5.84E-11 PX  1.97E-05
 TTTTTTTTTTTTTTTTTTTTTTTTTTTTTT DIIS        TELAPSE    29239.85 TCPU    29186.94
 DIIS TEST: 0.19543E-07 AT SCF   CYCLE  20 - DIIS ACTIVE - HISTORY:    20 CYCLES
 TTTTTTTTTTTTTTTTTTTTTTTTTTTTTT FDIK        TELAPSE    29456.69 TCPU    29403.00
 POSSIBLY CONDUCTING STATE - EFERMI(AU) -9.1932047E-02 (RES. CHARGE  1.41E-10;IT.  4)
 TTTTTTTTTTTTTTTTTTTTTTTTTTTTTT PDIG        TELAPSE    29464.36 TCPU    29410.60
 CHARGE NORMALIZATION FACTOR   1.00000000
 TOTAL ATOMIC CHARGES:
   6.0220220   6.0220179   6.0220175   6.0220211   6.0220286   6.0220336
   6.0220212   6.0220300   6.0220090   6.0220198   6.0220079   6.0220235
   6.0220239   6.0220212   6.0220194   6.0220263   6.0220312   6.0220344
   6.0220221   6.0220340   6.0220086   6.0220218   6.0220073   6.0220249
   6.0220227   6.0220206   6.0220238   6.0220202   6.0220300   6.0220327
   6.0220250   6.0220319   6.0220127   6.0220197   6.0220125   6.0220235
   6.0220207   6.0220245   6.0220213   6.0220227   6.0220271   6.0220317
   6.0220203   6.0220326   6.0220153   6.0220172   6.0220128   6.0220201
   6.0152915   6.0152924   6.0152906   6.0152915   6.0152920   6.0152916
   6.0152909   6.0152922   6.0152933   6.0152925   6.0152907   6.0152918
   6.0152906   6.0152914   6.0152915   6.0152913   5.9555091   5.9555236
   5.9555136   5.9554926   5.9555140   5.9555285   5.9555191   5.9554943
   5.9555091   5.9555219   5.9555120   5.9554966   5.9555199   5.9555218
   5.9555133   5.9555000   5.8525203   5.8525175   5.8525188   5.8525193
 SUMMED SPIN DENSITY           0.00000001
 TOTAL ATOMIC SPINS  :
  -0.0000000   0.0000000  -0.0000000   0.0000000   0.0000000   0.0000000
  -0.0000000  -0.0000000  -0.0000000  -0.0000000   0.0000000  -0.0000000
   0.0000000  -0.0000000   0.0000000   0.0000000  -0.0000000   0.0000000
   0.0000000   0.0000000   0.0000000   0.0000000   0.0000000   0.0000000
   0.0000000   0.0000000  -0.0000000   0.0000000  -0.0000000  -0.0000000
   0.0000000   0.0000000   0.0000000  -0.0000000   0.0000000   0.0000000
   0.0000000  -0.0000000   0.0000000   0.0000000  -0.0000000   0.0000000
   0.0000000   0.0000000  -0.0000000  -0.0000000  -0.0000000  -0.0000000
   0.0000000  -0.0000000  -0.0000000  -0.0000000  -0.0000000  -0.0000000
  -0.0000000  -0.0000000  -0.0000000  -0.0000000  -0.0000000  -0.0000000
  -0.0000000   0.0000000  -0.0000000   0.0000000   0.0000000  -0.0000000
   0.0000000  -0.0000000   0.0000000  -0.0000000  -0.0000000  -0.0000000
   0.0000000   0.0000000  -0.0000000  -0.0000000   0.0000000   0.0000000
   0.0000000   0.0000000   0.0000000   0.0000000   0.0000000   0.0000000
 TTTTTTTTTTTTTTTTTTTTTTTTTTTTTT MOQGAD      TELAPSE    29464.44 TCPU    29410.68
 TTTTTTTTTTTTTTTTTTTTTTTTTTTTTT SHELLXN     TELAPSE    30543.78 TCPU    30489.46
 TTTTTTTTTTTTTTTTTTTTTTTTTTTTTT MONMO3      TELAPSE    30547.44 TCPU    30493.12
 NUMERICALLY INTEGRATED DENSITY    251.9995797936    251.9995797834
 TTTTTTTTTTTTTTTTTTTTTTTTTTTTTT NUMDFT      TELAPSE    30560.98 TCPU    30506.65
 CYC  21 ETOT(AU) -3.197260906107E+03 DETOT -1.66E-07 tst  4.82E-11 PX  2.56E-05
 TTTTTTTTTTTTTTTTTTTTTTTTTTTTTT DIIS        TELAPSE    30564.67 TCPU    30508.54
 DIIS TEST: 0.10418E-07 AT SCF   CYCLE  21 - DIIS ACTIVE - HISTORY:    21 CYCLES
 TTTTTTTTTTTTTTTTTTTTTTTTTTTTTT FDIK        TELAPSE    30815.90 TCPU    30758.68
 POSSIBLY CONDUCTING STATE - EFERMI(AU) -9.1932071E-02 (RES. CHARGE  4.88E-11;IT.  4)
 TTTTTTTTTTTTTTTTTTTTTTTTTTTTTT PDIG        TELAPSE    30823.74 TCPU    30766.42
 CHARGE NORMALIZATION FACTOR   1.00000000
 TOTAL ATOMIC CHARGES:
   6.0220284   6.0220260   6.0220232   6.0220269   6.0220433   6.0220526
   6.0220428   6.0220445   6.0219835   6.0219900   6.0219803   6.0219952
   6.0220296   6.0220286   6.0220244   6.0220314   6.0220451   6.0220529
   6.0220432   6.0220477   6.0219827   6.0219916   6.0219793   6.0219963
   6.0220290   6.0220272   6.0220275   6.0220264   6.0220445   6.0220516
   6.0220462   6.0220460   6.0219871   6.0219903   6.0219847   6.0219957
   6.0220274   6.0220320   6.0220255   6.0220296   6.0220422   6.0220512
   6.0220423   6.0220473   6.0219900   6.0219881   6.0219854   6.0219925
   6.0152919   6.0152926   6.0152916   6.0152925   6.0152925   6.0152918
   6.0152919   6.0152932   6.0152939   6.0152927   6.0152917   6.0152930
   6.0152912   6.0152916   6.0152925   6.0152924   5.9555138   5.9555266
   5.9555158   5.9555013   5.9555175   5.9555308   5.9555200   5.9555019
   5.9555117   5.9555266   5.9555164   5.9555020   5.9555235   5.9555273
   5.9555186   5.9555064   5.8525172   5.8525145   5.8525158   5.8525163
 SUMMED SPIN DENSITY           0.00000001
 TOTAL ATOMIC SPINS  :
  -0.0000000   0.0000000  -0.0000000   0.0000000   0.0000000  -0.0000000
  -0.0000000  -0.0000000  -0.0000000  -0.0000000   0.0000000  -0.0000000
   0.0000000  -0.0000000   0.0000000   0.0000000  -0.0000000   0.0000000
  -0.0000000  -0.0000000  -0.0000000   0.0000000  -0.0000000   0.0000000
  -0.0000000   0.0000000   0.0000000  -0.0000000   0.0000000  -0.0000000
   0.0000000   0.0000000   0.0000000  -0.0000000   0.0000000   0.0000000
   0.0000000  -0.0000000   0.0000000   0.0000000  -0.0000000   0.0000000
   0.0000000   0.0000000  -0.0000000   0.0000000   0.0000000   0.0000000
  -0.0000000  -0.0000000  -0.0000000  -0.0000000  -0.0000000  -0.0000000
  -0.0000000  -0.0000000  -0.0000000  -0.0000000  -0.0000000  -0.0000000
  -0.0000000  -0.0000000  -0.0000000   0.0000000   0.0000000  -0.0000000
   0.0000000  -0.0000000  -0.0000000   0.0000000  -0.0000000  -0.0000000
   0.0000000   0.0000000  -0.0000000  -0.0000000  -0.0000000   0.0000000
   0.0000000   0.0000000   0.0000000   0.0000000   0.0000000   0.0000000
 TTTTTTTTTTTTTTTTTTTTTTTTTTTTTT MOQGAD      TELAPSE    30823.82 TCPU    30766.50
 TTTTTTTTTTTTTTTTTTTTTTTTTTTTTT SHELLXN     TELAPSE    31903.06 TCPU    31845.10
 TTTTTTTTTTTTTTTTTTTTTTTTTTTTTT MONMO3      TELAPSE    31906.73 TCPU    31848.77
 NUMERICALLY INTEGRATED DENSITY    251.9995797919    251.9995797817
 TTTTTTTTTTTTTTTTTTTTTTTTTTTTTT NUMDFT      TELAPSE    31920.31 TCPU    31862.33
 CYC  22 ETOT(AU) -3.197260905888E+03 DETOT  2.19E-07 tst  7.60E-12 PX  2.49E-05
 TTTTTTTTTTTTTTTTTTTTTTTTTTTTTT DIIS        TELAPSE    31924.20 TCPU    31864.50
 DIIS TEST: 0.16377E-07 AT SCF   CYCLE  22 - DIIS ACTIVE - HISTORY:    22 CYCLES
 TTTTTTTTTTTTTTTTTTTTTTTTTTTTTT FDIK        TELAPSE    32141.80 TCPU    32080.92
 POSSIBLY CONDUCTING STATE - EFERMI(AU) -9.1932067E-02 (RES. CHARGE  1.93E-12;IT.  4)
 TTTTTTTTTTTTTTTTTTTTTTTTTTTTTT PDIG        TELAPSE    32149.47 TCPU    32088.53
 CHARGE NORMALIZATION FACTOR   1.00000000
 TOTAL ATOMIC CHARGES:
   6.0220284   6.0220262   6.0220232   6.0220268   6.0220431   6.0220527
   6.0220426   6.0220442   6.0219833   6.0219897   6.0219800   6.0219953
   6.0220294   6.0220287   6.0220242   6.0220311   6.0220448   6.0220529
   6.0220429   6.0220473   6.0219826   6.0219913   6.0219790   6.0219965
   6.0220291   6.0220274   6.0220274   6.0220264   6.0220446   6.0220519
   6.0220463   6.0220461   6.0219873   6.0219904   6.0219847   6.0219962
   6.0220276   6.0220322   6.0220255   6.0220296   6.0220423   6.0220516
   6.0220425   6.0220473   6.0219902   6.0219881   6.0219854   6.0219930
   6.0152919   6.0152925   6.0152916   6.0152925   6.0152925   6.0152918
   6.0152920   6.0152932   6.0152939   6.0152927   6.0152918   6.0152930
   6.0152912   6.0152916   6.0152926   6.0152925   5.9555136   5.9555265
   5.9555154   5.9555008   5.9555174   5.9555306   5.9555196   5.9555014
   5.9555121   5.9555270   5.9555166   5.9555021   5.9555239   5.9555276
   5.9555187   5.9555065   5.8525172   5.8525144   5.8525157   5.8525163
 SUMMED SPIN DENSITY           0.00000001
 TOTAL ATOMIC SPINS  :
  -0.0000000  -0.0000000  -0.0000000  -0.0000000   0.0000000   0.0000000
  -0.0000000  -0.0000000  -0.0000000  -0.0000000  -0.0000000   0.0000000
   0.0000000  -0.0000000   0.0000000  -0.0000000  -0.0000000   0.0000000
  -0.0000000  -0.0000000  -0.0000000   0.0000000  -0.0000000   0.0000000
   0.0000000   0.0000000   0.0000000   0.0000000  -0.0000000  -0.0000000
   0.0000000   0.0000000   0.0000000  -0.0000000   0.0000000   0.0000000
   0.0000000  -0.0000000   0.0000000   0.0000000  -0.0000000  -0.0000000
   0.0000000   0.0000000  -0.0000000   0.0000000   0.0000000  -0.0000000
   0.0000000   0.0000000   0.0000000  -0.0000000   0.0000000  -0.0000000
  -0.0000000  -0.0000000  -0.0000000  -0.0000000  -0.0000000  -0.0000000
   0.0000000  -0.0000000   0.0000000   0.0000000   0.0000000  -0.0000000
   0.0000000  -0.0000000  -0.0000000   0.0000000  -0.0000000  -0.0000000
   0.0000000   0.0000000   0.0000000  -0.0000000  -0.0000000   0.0000000
   0.0000000   0.0000000   0.0000000  -0.0000000  -0.0000000   0.0000000
 TTTTTTTTTTTTTTTTTTTTTTTTTTTTTT MOQGAD      TELAPSE    32149.55 TCPU    32088.61
 TTTTTTTTTTTTTTTTTTTTTTTTTTTTTT SHELLXN     TELAPSE    33229.07 TCPU    33167.45
 TTTTTTTTTTTTTTTTTTTTTTTTTTTTTT MONMO3      TELAPSE    33232.74 TCPU    33171.12
 NUMERICALLY INTEGRATED DENSITY    251.9995797919    251.9995797817
 TTTTTTTTTTTTTTTTTTTTTTTTTTTTTT NUMDFT      TELAPSE    33246.29 TCPU    33184.67
 CYC  23 ETOT(AU) -3.197260905890E+03 DETOT -1.93E-09 tst  4.50E-13 PX  2.11E-07
 TTTTTTTTTTTTTTTTTTTTTTTTTTTTTT DIIS        TELAPSE    33250.19 TCPU    33186.80
 DIIS TEST: 0.15680E-07 AT SCF   CYCLE  23 - DIIS ACTIVE - HISTORY:    23 CYCLES
 TTTTTTTTTTTTTTTTTTTTTTTTTTTTTT FDIK        TELAPSE    33457.36 TCPU    33392.47
 POSSIBLY CONDUCTING STATE - EFERMI(AU) -9.1932059E-02 (RES. CHARGE  4.72E-12;IT.  4)
 TTTTTTTTTTTTTTTTTTTTTTTTTTTTTT PDIG        TELAPSE    33465.05 TCPU    33400.08
 CHARGE NORMALIZATION FACTOR   1.00000000
 TOTAL ATOMIC CHARGES:
   6.0220368   6.0220257   6.0220265   6.0220289   6.0220435   6.0220534
   6.0220409   6.0220421   6.0219814   6.0219907   6.0219769   6.0220023
   6.0220376   6.0220279   6.0220272   6.0220329   6.0220448   6.0220534
   6.0220410   6.0220449   6.0219804   6.0219920   6.0219756   6.0220032
   6.0220367   6.0220262   6.0220301   6.0220277   6.0220435   6.0220514
   6.0220432   6.0220428   6.0219838   6.0219902   6.0219801   6.0220021
   6.0220353   6.0220312   6.0220283   6.0220310   6.0220412   6.0220513
   6.0220396   6.0220441   6.0219868   6.0219880   6.0219809   6.0219989
   6.0152917   6.0152925   6.0152917   6.0152926   6.0152922   6.0152917
   6.0152921   6.0152933   6.0152935   6.0152925   6.0152917   6.0152929
   6.0152908   6.0152914   6.0152925   6.0152923   5.9555042   5.9555361
   5.9555177   5.9554964   5.9555072   5.9555398   5.9555212   5.9554966
   5.9555008   5.9555348   5.9555165   5.9554954   5.9555126   5.9555357
   5.9555186   5.9555001   5.8525180   5.8525152   5.8525165   5.8525171
 SUMMED SPIN DENSITY           0.00000001
 TOTAL ATOMIC SPINS  :
  -0.0000000  -0.0000000  -0.0000000  -0.0000000   0.0000000   0.0000000
  -0.0000000  -0.0000000  -0.0000000   0.0000000  -0.0000000   0.0000000
  -0.0000000  -0.0000000   0.0000000  -0.0000000   0.0000000   0.0000000
  -0.0000000  -0.0000000  -0.0000000   0.0000000  -0.0000000   0.0000000
  -0.0000000   0.0000000  -0.0000000  -0.0000000  -0.0000000  -0.0000000
  -0.0000000  -0.0000000   0.0000000  -0.0000000   0.0000000  -0.0000000
   0.0000000  -0.0000000   0.0000000   0.0000000   0.0000000  -0.0000000
   0.0000000   0.0000000   0.0000000   0.0000000   0.0000000  -0.0000000
   0.0000000   0.0000000   0.0000000   0.0000000  -0.0000000  -0.0000000
  -0.0000000  -0.0000000  -0.0000000  -0.0000000  -0.0000000  -0.0000000
   0.0000000   0.0000000   0.0000000   0.0000000   0.0000000  -0.0000000
   0.0000000  -0.0000000  -0.0000000   0.0000000  -0.0000000  -0.0000000
  -0.0000000  -0.0000000  -0.0000000  -0.0000000  -0.0000000   0.0000000
   0.0000000   0.0000000   0.0000000  -0.0000000  -0.0000000   0.0000000
 TTTTTTTTTTTTTTTTTTTTTTTTTTTTTT MOQGAD      TELAPSE    33465.13 TCPU    33400.16
 TTTTTTTTTTTTTTTTTTTTTTTTTTTTTT SHELLXN     TELAPSE    34544.46 TCPU    34478.95
 TTTTTTTTTTTTTTTTTTTTTTTTTTTTTT MONMO3      TELAPSE    34548.12 TCPU    34482.60
 NUMERICALLY INTEGRATED DENSITY    251.9995797924    251.9995797818
 TTTTTTTTTTTTTTTTTTTTTTTTTTTTTT NUMDFT      TELAPSE    34561.69 TCPU    34496.17
 CYC  24 ETOT(AU) -3.197260905846E+03 DETOT  4.41E-08 tst  3.26E-12 PX  4.50E-06
 TTTTTTTTTTTTTTTTTTTTTTTTTTTTTT DIIS        TELAPSE    34565.66 TCPU    34498.28
 DIIS TEST: 0.20076E-07 AT SCF   CYCLE  24 - DIIS ACTIVE - HISTORY:    24 CYCLES
 TTTTTTTTTTTTTTTTTTTTTTTTTTTTTT FDIK        TELAPSE    34780.05 TCPU    34711.86
 POSSIBLY CONDUCTING STATE - EFERMI(AU) -9.1932089E-02 (RES. CHARGE  7.59E-11;IT.  4)
 TTTTTTTTTTTTTTTTTTTTTTTTTTTTTT PDIG        TELAPSE    34787.71 TCPU    34719.47
 CHARGE NORMALIZATION FACTOR   1.00000000
 TOTAL ATOMIC CHARGES:
   6.0220273   6.0220275   6.0220221   6.0220265   6.0220441   6.0220536
   6.0220426   6.0220458   6.0219849   6.0219906   6.0219799   6.0219945
   6.0220279   6.0220294   6.0220226   6.0220303   6.0220453   6.0220534
   6.0220425   6.0220484   6.0219838   6.0219918   6.0219785   6.0219953
   6.0220277   6.0220281   6.0220258   6.0220257   6.0220449   6.0220522
   6.0220458   6.0220472   6.0219885   6.0219907   6.0219843   6.0219949
   6.0220264   6.0220332   6.0220241   6.0220292   6.0220428   6.0220522
   6.0220423   6.0220486   6.0219915   6.0219886   6.0219851   6.0219918
   6.0152918   6.0152925   6.0152915   6.0152926   6.0152923   6.0152917
   6.0152918   6.0152932   6.0152938   6.0152926   6.0152916   6.0152930
   6.0152911   6.0152915   6.0152924   6.0152925   5.9555166   5.9555257
   5.9555155   5.9555013   5.9555193   5.9555291   5.9555186   5.9555010
   5.9555139   5.9555253   5.9555158   5.9555014   5.9555260   5.9555265
   5.9555183   5.9555063   5.8525172   5.8525145   5.8525158   5.8525163
 SUMMED SPIN DENSITY           0.00000001
 TOTAL ATOMIC SPINS  :
  -0.0000000   0.0000000  -0.0000000   0.0000000   0.0000000   0.0000000
  -0.0000000  -0.0000000  -0.0000000   0.0000000  -0.0000000  -0.0000000
  -0.0000000  -0.0000000  -0.0000000  -0.0000000  -0.0000000   0.0000000
  -0.0000000  -0.0000000  -0.0000000   0.0000000  -0.0000000   0.0000000
  -0.0000000   0.0000000  -0.0000000  -0.0000000  -0.0000000  -0.0000000
  -0.0000000   0.0000000   0.0000000   0.0000000   0.0000000  -0.0000000
   0.0000000  -0.0000000   0.0000000   0.0000000   0.0000000   0.0000000
   0.0000000   0.0000000   0.0000000   0.0000000   0.0000000  -0.0000000
  -0.0000000   0.0000000   0.0000000  -0.0000000  -0.0000000  -0.0000000
   0.0000000  -0.0000000  -0.0000000  -0.0000000   0.0000000  -0.0000000
   0.0000000  -0.0000000   0.0000000   0.0000000   0.0000000  -0.0000000
   0.0000000  -0.0000000  -0.0000000   0.0000000  -0.0000000  -0.0000000
   0.0000000  -0.0000000   0.0000000  -0.0000000   0.0000000   0.0000000
   0.0000000   0.0000000   0.0000000  -0.0000000   0.0000000   0.0000000
 TTTTTTTTTTTTTTTTTTTTTTTTTTTTTT MOQGAD      TELAPSE    34787.79 TCPU    34719.55
 TTTTTTTTTTTTTTTTTTTTTTTTTTTTTT SHELLXN     TELAPSE    35865.59 TCPU    35796.66
 TTTTTTTTTTTTTTTTTTTTTTTTTTTTTT MONMO3      TELAPSE    35869.24 TCPU    35800.32
 NUMERICALLY INTEGRATED DENSITY    251.9995797921    251.9995797815
 TTTTTTTTTTTTTTTTTTTTTTTTTTTTTT NUMDFT      TELAPSE    35882.78 TCPU    35813.85
 CYC  25 ETOT(AU) -3.197260905885E+03 DETOT -3.91E-08 tst  7.15E-12 PX  4.45E-06
 TTTTTTTTTTTTTTTTTTTTTTTTTTTTTT DIIS        TELAPSE    35886.97 TCPU    35815.93
 DIIS TEST: 0.15833E-07 AT SCF   CYCLE  25 - DIIS ACTIVE - HISTORY:    25 CYCLES
 TTTTTTTTTTTTTTTTTTTTTTTTTTTTTT FDIK        TELAPSE    36093.13 TCPU    36018.41
 POSSIBLY CONDUCTING STATE - EFERMI(AU) -9.1932104E-02 (RES. CHARGE  5.68E-14;IT.  6)
 TTTTTTTTTTTTTTTTTTTTTTTTTTTTTT PDIG        TELAPSE    36101.24 TCPU    36026.51
 CHARGE NORMALIZATION FACTOR   1.00000000
 TOTAL ATOMIC CHARGES:
   6.0220279   6.0220265   6.0220228   6.0220272   6.0220421   6.0220521
   6.0220423   6.0220438   6.0219829   6.0219892   6.0219798   6.0219941
   6.0220288   6.0220286   6.0220236   6.0220312   6.0220436   6.0220521
   6.0220424   6.0220468   6.0219820   6.0219906   6.0219786   6.0219951
   6.0220288   6.0220279   6.0220273   6.0220269   6.0220446   6.0220523
   6.0220471   6.0220468   6.0219879   6.0219909   6.0219855   6.0219961
   6.0220273   6.0220327   6.0220254   6.0220301   6.0220423   6.0220520
   6.0220433   6.0220481   6.0219907   6.0219886   6.0219861   6.0219927
   6.0152920   6.0152925   6.0152916   6.0152924   6.0152926   6.0152918
   6.0152920   6.0152931   6.0152942   6.0152929   6.0152920   6.0152930
   6.0152914   6.0152917   6.0152928   6.0152925   5.9555134   5.9555259
   5.9555150   5.9555000   5.9555169   5.9555295   5.9555190   5.9555001
   5.9555137   5.9555277   5.9555175   5.9555032   5.9555255   5.9555281
   5.9555197   5.9555073   5.8525171   5.8525144   5.8525157   5.8525162
 SUMMED SPIN DENSITY           0.00000001
 TOTAL ATOMIC SPINS  :
  -0.0000000   0.0000000  -0.0000000  -0.0000000   0.0000000   0.0000000
  -0.0000000   0.0000000   0.0000000   0.0000000  -0.0000000   0.0000000
  -0.0000000   0.0000000  -0.0000000  -0.0000000   0.0000000   0.0000000
  -0.0000000   0.0000000   0.0000000   0.0000000  -0.0000000   0.0000000
  -0.0000000   0.0000000  -0.0000000  -0.0000000  -0.0000000  -0.0000000
  -0.0000000   0.0000000   0.0000000   0.0000000  -0.0000000  -0.0000000
   0.0000000   0.0000000   0.0000000   0.0000000   0.0000000   0.0000000
   0.0000000   0.0000000   0.0000000   0.0000000   0.0000000  -0.0000000
  -0.0000000   0.0000000   0.0000000   0.0000000  -0.0000000  -0.0000000
  -0.0000000  -0.0000000  -0.0000000  -0.0000000  -0.0000000  -0.0000000
  -0.0000000  -0.0000000  -0.0000000   0.0000000   0.0000000  -0.0000000
   0.0000000  -0.0000000   0.0000000   0.0000000  -0.0000000  -0.0000000
  -0.0000000  -0.0000000  -0.0000000  -0.0000000   0.0000000   0.0000000
   0.0000000   0.0000000   0.0000000   0.0000000   0.0000000   0.0000000
 TTTTTTTTTTTTTTTTTTTTTTTTTTTTTT MOQGAD      TELAPSE    36101.32 TCPU    36026.59
 TTTTTTTTTTTTTTTTTTTTTTTTTTTTTT SHELLXN     TELAPSE    37239.73 TCPU    37164.30
 TTTTTTTTTTTTTTTTTTTTTTTTTTTTTT MONMO3      TELAPSE    37243.55 TCPU    37168.12
 NUMERICALLY INTEGRATED DENSITY    251.9995797922    251.9995797815
 TTTTTTTTTTTTTTTTTTTTTTTTTTTTTT NUMDFT      TELAPSE    37257.44 TCPU    37182.01
 CYC  26 ETOT(AU) -3.197260905882E+03 DETOT  2.89E-09 tst  3.03E-12 PX  5.85E-07
 TTTTTTTTTTTTTTTTTTTTTTTTTTTTTT DIIS        TELAPSE    37261.81 TCPU    37183.88
 DIIS TEST: 0.16559E-07 AT SCF   CYCLE  26 - DIIS ACTIVE - HISTORY:    26 CYCLES
 TTTTTTTTTTTTTTTTTTTTTTTTTTTTTT FDIK        TELAPSE    37464.52 TCPU    37385.62
 POSSIBLY CONDUCTING STATE - EFERMI(AU) -9.1932098E-02 (RES. CHARGE  2.50E-12;IT.  4)
 TTTTTTTTTTTTTTTTTTTTTTTTTTTTTT PDIG        TELAPSE    37472.49 TCPU    37393.47
 CHARGE NORMALIZATION FACTOR   1.00000000
 TOTAL ATOMIC CHARGES:
   6.0220282   6.0220275   6.0220230   6.0220271   6.0220437   6.0220537
   6.0220430   6.0220449   6.0219842   6.0219902   6.0219802   6.0219958
   6.0220290   6.0220295   6.0220237   6.0220311   6.0220452   6.0220536
   6.0220431   6.0220478   6.0219833   6.0219916   6.0219789   6.0219967
   6.0220283   6.0220280   6.0220266   6.0220261   6.0220439   6.0220516
   6.0220455   6.0220455   6.0219871   6.0219898   6.0219838   6.0219956
   6.0220270   6.0220329   6.0220248   6.0220294   6.0220417   6.0220513
   6.0220418   6.0220469   6.0219899   6.0219874   6.0219844   6.0219923
   6.0152921   6.0152926   6.0152918   6.0152926   6.0152927   6.0152919
   6.0152921   6.0152933   6.0152940   6.0152926   6.0152918   6.0152929
   6.0152913   6.0152915   6.0152926   6.0152923   5.9555161   5.9555272
   5.9555164   5.9555015   5.9555194   5.9555307   5.9555202   5.9555014
   5.9555127   5.9555257   5.9555157   5.9555009   5.9555246   5.9555262
   5.9555180   5.9555052   5.8525171   5.8525144   5.8525157   5.8525162
 SUMMED SPIN DENSITY           0.00000001
 TOTAL ATOMIC SPINS  :
  -0.0000000   0.0000000  -0.0000000  -0.0000000   0.0000000   0.0000000
  -0.0000000   0.0000000  -0.0000000   0.0000000  -0.0000000   0.0000000
  -0.0000000  -0.0000000   0.0000000  -0.0000000   0.0000000   0.0000000
  -0.0000000   0.0000000  -0.0000000   0.0000000  -0.0000000   0.0000000
  -0.0000000  -0.0000000  -0.0000000  -0.0000000  -0.0000000  -0.0000000
  -0.0000000  -0.0000000   0.0000000  -0.0000000   0.0000000  -0.0000000
   0.0000000   0.0000000   0.0000000   0.0000000   0.0000000   0.0000000
   0.0000000   0.0000000   0.0000000   0.0000000   0.0000000  -0.0000000
   0.0000000   0.0000000   0.0000000   0.0000000  -0.0000000  -0.0000000
   0.0000000  -0.0000000  -0.0000000  -0.0000000  -0.0000000  -0.0000000
   0.0000000  -0.0000000  -0.0000000   0.0000000   0.0000000  -0.0000000
   0.0000000  -0.0000000  -0.0000000   0.0000000  -0.0000000  -0.0000000
  -0.0000000  -0.0000000  -0.0000000  -0.0000000  -0.0000000   0.0000000
   0.0000000   0.0000000   0.0000000   0.0000000   0.0000000   0.0000000
 TTTTTTTTTTTTTTTTTTTTTTTTTTTTTT MOQGAD      TELAPSE    37472.58 TCPU    37393.55
 TTTTTTTTTTTTTTTTTTTTTTTTTTTTTT SHELLXN     TELAPSE    38551.61 TCPU    38472.14
 TTTTTTTTTTTTTTTTTTTTTTTTTTTTTT MONMO3      TELAPSE    38555.27 TCPU    38475.79
 NUMERICALLY INTEGRATED DENSITY    251.9995797919    251.9995797817
 TTTTTTTTTTTTTTTTTTTTTTTTTTTTTT NUMDFT      TELAPSE    38568.78 TCPU    38489.30
 CYC  27 ETOT(AU) -3.197260905883E+03 DETOT -1.42E-09 tst  3.13E-12 PX  5.26E-07
 TTTTTTTTTTTTTTTTTTTTTTTTTTTTTT DIIS        TELAPSE    38572.66 TCPU    38491.11
 DIIS TEST: 0.16318E-07 AT SCF   CYCLE  27 - DIIS ACTIVE - HISTORY:    27 CYCLES
 TTTTTTTTTTTTTTTTTTTTTTTTTTTTTT FDIK        TELAPSE    38770.91 TCPU    38688.32
 POSSIBLY CONDUCTING STATE - EFERMI(AU) -9.1932082E-02 (RES. CHARGE  2.52E-11;IT.  4)
 TTTTTTTTTTTTTTTTTTTTTTTTTTTTTT PDIG        TELAPSE    38778.58 TCPU    38695.86
 CHARGE NORMALIZATION FACTOR   1.00000000
 TOTAL ATOMIC CHARGES:
   6.0220286   6.0220271   6.0220234   6.0220267   6.0220440   6.0220538
   6.0220422   6.0220451   6.0219841   6.0219903   6.0219795   6.0219957
   6.0220291   6.0220293   6.0220239   6.0220307   6.0220452   6.0220539
   6.0220423   6.0220477   6.0219830   6.0219915   6.0219781   6.0219965
   6.0220289   6.0220279   6.0220272   6.0220259   6.0220446   6.0220521
   6.0220451   6.0220462   6.0219873   6.0219903   6.0219835   6.0219959
   6.0220274   6.0220330   6.0220253   6.0220293   6.0220423   6.0220522
   6.0220416   6.0220474   6.0219902   6.0219880   6.0219842   6.0219926
   6.0152919   6.0152927   6.0152915   6.0152926   6.0152925   6.0152919
   6.0152919   6.0152933   6.0152938   6.0152927   6.0152916   6.0152930
   6.0152911   6.0152916   6.0152924   6.0152924   5.9555156   5.9555272
   5.9555158   5.9555007   5.9555184   5.9555309   5.9555189   5.9555008
   5.9555130   5.9555264   5.9555156   5.9555009   5.9555247   5.9555274
   5.9555176   5.9555057   5.8525172   5.8525145   5.8525158   5.8525163
 SUMMED SPIN DENSITY           0.00000001
 TOTAL ATOMIC SPINS  :
  -0.0000000   0.0000000  -0.0000000  -0.0000000   0.0000000   0.0000000
  -0.0000000   0.0000000  -0.0000000   0.0000000  -0.0000000   0.0000000
  -0.0000000  -0.0000000   0.0000000  -0.0000000   0.0000000   0.0000000
  -0.0000000   0.0000000  -0.0000000   0.0000000  -0.0000000   0.0000000
   0.0000000  -0.0000000  -0.0000000  -0.0000000   0.0000000  -0.0000000
  -0.0000000  -0.0000000  -0.0000000  -0.0000000  -0.0000000  -0.0000000
   0.0000000   0.0000000   0.0000000   0.0000000   0.0000000   0.0000000
   0.0000000   0.0000000   0.0000000   0.0000000   0.0000000   0.0000000
  -0.0000000   0.0000000  -0.0000000  -0.0000000  -0.0000000  -0.0000000
  -0.0000000  -0.0000000  -0.0000000  -0.0000000  -0.0000000  -0.0000000
  -0.0000000  -0.0000000  -0.0000000   0.0000000   0.0000000   0.0000000
  -0.0000000  -0.0000000  -0.0000000   0.0000000  -0.0000000  -0.0000000
  -0.0000000  -0.0000000  -0.0000000  -0.0000000   0.0000000   0.0000000
   0.0000000   0.0000000   0.0000000   0.0000000   0.0000000   0.0000000
 TTTTTTTTTTTTTTTTTTTTTTTTTTTTTT MOQGAD      TELAPSE    38778.66 TCPU    38695.93
 TTTTTTTTTTTTTTTTTTTTTTTTTTTTTT SHELLXN     TELAPSE    39852.42 TCPU    39769.15
 TTTTTTTTTTTTTTTTTTTTTTTTTTTTTT MONMO3      TELAPSE    39856.07 TCPU    39772.81
 NUMERICALLY INTEGRATED DENSITY    251.9995797916    251.9995797820
 TTTTTTTTTTTTTTTTTTTTTTTTTTTTTT NUMDFT      TELAPSE    39869.62 TCPU    39786.35
 CYC  28 ETOT(AU) -3.197260905886E+03 DETOT -3.06E-09 tst  6.32E-13 PX  2.64E-07
 TTTTTTTTTTTTTTTTTTTTTTTTTTTTTT DIIS        TELAPSE    39873.78 TCPU    39788.25
 DIIS TEST: 0.16547E-07 AT SCF   CYCLE  28 - DIIS ACTIVE - HISTORY:    28 CYCLES
 TTTTTTTTTTTTTTTTTTTTTTTTTTTTTT FDIK        TELAPSE    40045.18 TCPU    39958.78
 POSSIBLY CONDUCTING STATE - EFERMI(AU) -9.1932082E-02 (RES. CHARGE  1.14E-13;IT.  4)
 TTTTTTTTTTTTTTTTTTTTTTTTTTTTTT PDIG        TELAPSE    40052.82 TCPU    39966.36
 CHARGE NORMALIZATION FACTOR   1.00000000
 TOTAL ATOMIC CHARGES:
   6.0220287   6.0220271   6.0220234   6.0220267   6.0220441   6.0220538
   6.0220421   6.0220451   6.0219840   6.0219903   6.0219795   6.0219957
   6.0220292   6.0220293   6.0220239   6.0220307   6.0220452   6.0220539
   6.0220423   6.0220477   6.0219830   6.0219915   6.0219781   6.0219965
   6.0220289   6.0220278   6.0220272   6.0220258   6.0220447   6.0220522
   6.0220450   6.0220462   6.0219873   6.0219903   6.0219835   6.0219959
   6.0220274   6.0220330   6.0220254   6.0220293   6.0220423   6.0220522
   6.0220416   6.0220474   6.0219902   6.0219880   6.0219842   6.0219927
   6.0152918   6.0152927   6.0152915   6.0152926   6.0152924   6.0152919
   6.0152919   6.0152933   6.0152938   6.0152927   6.0152916   6.0152930
   6.0152911   6.0152916   6.0152924   6.0152924   5.9555155   5.9555273
   5.9555158   5.9555007   5.9555183   5.9555309   5.9555188   5.9555008
   5.9555129   5.9555264   5.9555156   5.9555008   5.9555246   5.9555274
   5.9555176   5.9555057   5.8525172   5.8525145   5.8525158   5.8525163
 SUMMED SPIN DENSITY           0.00000001
 TOTAL ATOMIC SPINS  :
  -0.0000000   0.0000000  -0.0000000  -0.0000000   0.0000000   0.0000000
  -0.0000000   0.0000000  -0.0000000   0.0000000  -0.0000000   0.0000000
  -0.0000000  -0.0000000  -0.0000000  -0.0000000   0.0000000   0.0000000
  -0.0000000  -0.0000000  -0.0000000   0.0000000  -0.0000000   0.0000000
  -0.0000000  -0.0000000  -0.0000000  -0.0000000  -0.0000000  -0.0000000
  -0.0000000  -0.0000000   0.0000000  -0.0000000   0.0000000   0.0000000
   0.0000000   0.0000000   0.0000000   0.0000000   0.0000000   0.0000000
   0.0000000   0.0000000   0.0000000   0.0000000   0.0000000   0.0000000
  -0.0000000   0.0000000   0.0000000   0.0000000  -0.0000000  -0.0000000
   0.0000000  -0.0000000  -0.0000000  -0.0000000  -0.0000000  -0.0000000
   0.0000000  -0.0000000  -0.0000000   0.0000000   0.0000000  -0.0000000
   0.0000000  -0.0000000  -0.0000000   0.0000000  -0.0000000  -0.0000000
  -0.0000000  -0.0000000  -0.0000000  -0.0000000  -0.0000000   0.0000000
   0.0000000   0.0000000   0.0000000  -0.0000000   0.0000000   0.0000000
 TTTTTTTTTTTTTTTTTTTTTTTTTTTTTT MOQGAD      TELAPSE    40052.90 TCPU    39966.43
 TTTTTTTTTTTTTTTTTTTTTTTTTTTTTT SHELLXN     TELAPSE    41126.93 TCPU    41039.79
 TTTTTTTTTTTTTTTTTTTTTTTTTTTTTT MONMO3      TELAPSE    41130.58 TCPU    41043.44
 NUMERICALLY INTEGRATED DENSITY    251.9995797915    251.9995797821
 TTTTTTTTTTTTTTTTTTTTTTTTTTTTTT NUMDFT      TELAPSE    41144.12 TCPU    41056.98
 CYC  29 ETOT(AU) -3.197260905886E+03 DETOT -1.83E-10 tst  3.43E-14 PX  4.45E-08
 TTTTTTTTTTTTTTTTTTTTTTTTTTTTTT DIIS        TELAPSE    41148.37 TCPU    41059.08
 DIIS TEST: 0.16571E-07 AT SCF   CYCLE  29 - DIIS ACTIVE - HISTORY:    29 CYCLES
 TTTTTTTTTTTTTTTTTTTTTTTTTTTTTT FDIK        TELAPSE    41316.91 TCPU    41226.67
 POSSIBLY CONDUCTING STATE - EFERMI(AU) -9.1932081E-02 (RES. CHARGE  0.00E+00;IT.  4)
 TTTTTTTTTTTTTTTTTTTTTTTTTTTTTT PDIG        TELAPSE    41324.53 TCPU    41234.16
 CHARGE NORMALIZATION FACTOR   1.00000000
 TOTAL ATOMIC CHARGES:
   6.0220287   6.0220271   6.0220234   6.0220267   6.0220441   6.0220539
   6.0220421   6.0220452   6.0219840   6.0219903   6.0219794   6.0219957
   6.0220292   6.0220292   6.0220239   6.0220306   6.0220452   6.0220539
   6.0220423   6.0220477   6.0219829   6.0219915   6.0219780   6.0219965
   6.0220289   6.0220278   6.0220271   6.0220258   6.0220447   6.0220523
   6.0220450   6.0220463   6.0219873   6.0219903   6.0219835   6.0219959
   6.0220274   6.0220329   6.0220253   6.0220292   6.0220424   6.0220523
   6.0220416   6.0220475   6.0219902   6.0219880   6.0219842   6.0219927
   6.0152918   6.0152927   6.0152915   6.0152926   6.0152924   6.0152919
   6.0152918   6.0152933   6.0152938   6.0152927   6.0152916   6.0152930
   6.0152911   6.0152916   6.0152924   6.0152924   5.9555155   5.9555274
   5.9555158   5.9555006   5.9555183   5.9555310   5.9555188   5.9555007
   5.9555129   5.9555265   5.9555155   5.9555007   5.9555246   5.9555275
   5.9555176   5.9555056   5.8525172   5.8525145   5.8525158   5.8525163
 SUMMED SPIN DENSITY           0.00000001
 TOTAL ATOMIC SPINS  :
  -0.0000000   0.0000000  -0.0000000  -0.0000000  -0.0000000   0.0000000
  -0.0000000   0.0000000  -0.0000000  -0.0000000  -0.0000000   0.0000000
  -0.0000000  -0.0000000  -0.0000000  -0.0000000   0.0000000   0.0000000
  -0.0000000  -0.0000000  -0.0000000   0.0000000  -0.0000000   0.0000000
  -0.0000000  -0.0000000  -0.0000000  -0.0000000  -0.0000000  -0.0000000
  -0.0000000  -0.0000000  -0.0000000  -0.0000000  -0.0000000  -0.0000000
   0.0000000   0.0000000   0.0000000   0.0000000   0.0000000   0.0000000
   0.0000000   0.0000000   0.0000000   0.0000000   0.0000000   0.0000000
   0.0000000   0.0000000   0.0000000   0.0000000  -0.0000000  -0.0000000
   0.0000000  -0.0000000  -0.0000000  -0.0000000   0.0000000  -0.0000000
   0.0000000  -0.0000000  -0.0000000   0.0000000   0.0000000  -0.0000000
  -0.0000000  -0.0000000  -0.0000000   0.0000000   0.0000000  -0.0000000
  -0.0000000  -0.0000000  -0.0000000  -0.0000000   0.0000000   0.0000000
   0.0000000   0.0000000   0.0000000   0.0000000   0.0000000   0.0000000
 TTTTTTTTTTTTTTTTTTTTTTTTTTTTTT MOQGAD      TELAPSE    41324.61 TCPU    41234.24
 TTTTTTTTTTTTTTTTTTTTTTTTTTTTTT SHELLXN     TELAPSE    42397.32 TCPU    42306.78
 +++ ENERGIES IN A.U. +++
 ::: EXT EL-POLE                                  -1.2170943596047E+04
 ::: EXT EL-SPHEROPOLE                             1.0698012743759E+02
 ::: BIELET ZONE E-E                               1.2879865413319E+04
 ::: TOTAL E-E                                     8.1590194470972E+02
 ::: TOTAL E-N + N-E                              -5.9986749374774E+03
 ::: TOTAL N-N                                    -8.3321089916148E+02
 ::: KINETIC ENERGY                                3.1868139368851E+03
 ::: PSEUDO TOTAL   ENERGY                        -2.8291699550440E+03
 ::: VIRIAL COEFFICIENT                            1.0594489593499E+00
 TTTTTTTTTTTTTTTTTTTTTTTTTTTTTT MONMO3      TELAPSE    42400.98 TCPU    42310.44
 NUMERICALLY INTEGRATED DENSITY    251.9995797914    251.9995797822
 EXCHANGE ENERGY: -0.347023079052E+03  CORRELATION ENERGY: -0.210678717899E+02
 TTTTTTTTTTTTTTTTTTTTTTTTTTTTTT NUMDFT      TELAPSE    42414.51 TCPU    42323.97
 CYC  30 ETOT(AU) -3.197260905886E+03 DETOT  4.68E-11 tst  7.34E-14 PX  4.45E-08

 == SCF ENDED - CONVERGENCE ON ENERGY      E(AU) -3.1972609058864E+03 CYCLES  30


 ENERGY EXPRESSION=HARTREE+FOCK EXCH*0.20000+(BECKE      EXCH)*0.80000+LYP        CORR


 TOTAL ENERGY(DFT)(AU)( 30) -3.1972609058864E+03 DE 4.7E-11 tester 7.3E-14
 TTTTTTTTTTTTTTTTTTTTTTTTTTTTTT EDFT        TELAPSE    42414.67 TCPU    42324.13
 
 INFORMATION **** DFTD3 ENERGY **** CALCULATE DFTD3 ENERGY

           DFT-D V3(BJ)
 DF                                         b3-lyp    
 parameters
 s6       :    1.0000
 s8       :    1.9889
 a1       :    0.3981
 a2       :    4.4211
 k1 k3    :   16.0000   -4.0000
 Cutoff   :   50.2022
 CN-Cutoff:   21.1671
 ABC-Cutoff:   21.1671
 
 Edisp /kcal,au:  -477.4282 -0.76083014

 E6    /kcal :  -229.0932
 E8    /kcal :  -248.3350
 
 INFORMATION **** DFTD3 ENERGY **** NORMAL TERMINATION OF DFTD3 MODULE

 *******************************************************************************

 DFT-D3 DISPERSION ENERGY CORRECTION

 D3 DISPERSION ENERGY (AU)       -7.6083014314037E-01
 TOTAL ENERGY + DISP (AU)        -3.1980217360295E+03

 *******************************************************************************


 NEIGHBORS OF THE NON-EQUIVALENT ATOMS

 N = NUMBER OF NEIGHBORS AT DISTANCE R
    ATOM  N     R/ANG      R/AU   NEIGHBORS (ATOM LABELS AND CELL INDICES)
   1 C    1     1.3783     2.6047    4 C    0 0 0
   1 C    1     1.4588     2.7567   67 C    0 0 0
   1 C    1     1.5547     2.9380   52 C    0 0 0
   1 C    1     2.3273     4.3980   66 C    0 0 0
   1 C    1     2.3423     4.4264    8 C    0 0 0
   1 C    1     2.3424     4.4265   11 C    0 0 0

   2 C    1     1.3783     2.6047    3 C    0 0 0
   2 C    1     1.4588     2.7567   68 C    0 0 0
   2 C    1     1.5547     2.9380   51 C    0 0 0
   2 C    1     2.3273     4.3980   65 C    0 0 0
   2 C    1     2.3423     4.4264    6 C    0 0 0
   2 C    1     2.3424     4.4265   10 C    0 0 0

   3 C    1     1.3783     2.6047    2 C    0 0 0
   3 C    1     1.4588     2.7567   65 C    0 0 0
   3 C    1     1.5547     2.9380   50 C    0 0 0
   3 C    1     2.3273     4.3980   68 C    0 0 0
   3 C    1     2.3423     4.4264    5 C    0 0 0
   3 C    1     2.3424     4.4265   12 C    0 0 0

   4 C    1     1.3783     2.6047    1 C    0 0 0
   4 C    1     1.4588     2.7567   66 C    0 0 0
   4 C    1     1.5547     2.9380   49 C    0 0 0
   4 C    1     2.3273     4.3980   67 C    0 0 0
   4 C    1     2.3424     4.4264    7 C    0 0 0
   4 C    1     2.3424     4.4265    9 C    0 0 0

   5 C    1     1.3785     2.6049    8 C    0 0 0
   5 C    1     1.4586     2.7564   65 C    0 0 0
   5 C    1     1.5547     2.9380   52 C    0 0 0
   5 C    1     2.3274     4.3981   67 C    0 0 0
   5 C    1     2.3423     4.4263   12 C    0 0 0
   5 C    1     2.3423     4.4264    3 C    0 0 0

   6 C    1     1.3785     2.6049    7 C    0 0 0
   6 C    1     1.4586     2.7564   68 C    0 0 0
   6 C    1     1.5547     2.9380   49 C    0 0 0
   6 C    1     2.3274     4.3981   66 C    0 0 0
   6 C    1     2.3423     4.4263   10 C    0 0 0
   6 C    1     2.3423     4.4264    2 C    0 0 0

   7 C    1     1.3785     2.6049    6 C    0 0 0
   7 C    1     1.4586     2.7564   66 C    0 0 0
   7 C    1     1.5547     2.9380   51 C    0 0 0
   7 C    1     2.3274     4.3981   68 C    0 0 0
   7 C    1     2.3423     4.4263    9 C    0 0 0
   7 C    1     2.3424     4.4264    4 C    0 0 0

   8 C    1     1.3785     2.6049    5 C    0 0 0
   8 C    1     1.4586     2.7564   67 C    0 0 0
   8 C    1     1.5547     2.9380   50 C    0 0 0
   8 C    1     2.3274     4.3981   65 C    0 0 0
   8 C    1     2.3423     4.4263   11 C    0 0 0
   8 C    1     2.3423     4.4264    1 C    0 0 0

   9 C    1     1.3784     2.6049   12 C    0 0 0
   9 C    1     1.4586     2.7564   66 C    0 0 0
   9 C    1     1.5547     2.9380   52 C    0 0 0
   9 C    1     2.3273     4.3980   65 C    0 0 0
   9 C    1     2.3423     4.4263    7 C    0 0 0
   9 C    1     2.3424     4.4265    4 C    0 0 0

  10 C    1     1.3784     2.6049   11 C    0 0 0
  10 C    1     1.4586     2.7564   68 C    0 0 0
  10 C    1     1.5547     2.9380   50 C    0 0 0
  10 C    1     2.3273     4.3980   67 C    0 0 0
  10 C    1     2.3423     4.4263    6 C    0 0 0
  10 C    1     2.3424     4.4265    2 C    0 0 0

  11 C    1     1.3784     2.6049   10 C    0 0 0
  11 C    1     1.4586     2.7564   67 C    0 0 0
  11 C    1     1.5547     2.9380   49 C    0 0 0
  11 C    1     2.3273     4.3980   68 C    0 0 0
  11 C    1     2.3423     4.4263    8 C    0 0 0
  11 C    1     2.3424     4.4265    1 C    0 0 0

  12 C    1     1.3784     2.6049    9 C    0 0 0
  12 C    1     1.4586     2.7564   65 C    0 0 0
  12 C    1     1.5547     2.9380   51 C    0 0 0
  12 C    1     2.3273     4.3980   66 C    0 0 0
  12 C    1     2.3423     4.4263    5 C    0 0 0
  12 C    1     2.3424     4.4265    3 C    0 0 0

  13 C    1     1.3783     2.6047   16 C    0 1-1
  13 C    1     1.4588     2.7567   71 C    0 0 0
  13 C    1     1.5547     2.9380   56 C    0 0-1
  13 C    1     2.3274     4.3981   70 C    0 1-1
  13 C    1     2.3424     4.4264   20 C    0 0 0
  13 C    1     2.3424     4.4265   23 C    0 0 0

  14 C    1     1.3783     2.6047   15 C    0-1-1
  14 C    1     1.4588     2.7567   72 C    0 0 0
  14 C    1     1.5547     2.9380   55 C    0 0-1
  14 C    1     2.3274     4.3981   69 C    0-1-1
  14 C    1     2.3424     4.4264   18 C    0 0 0
  14 C    1     2.3424     4.4265   22 C    0 0 0

  15 C    1     1.3783     2.6047   14 C    0 1 1
  15 C    1     1.4588     2.7568   69 C    0 0 0
  15 C    1     1.5547     2.9380   54 C    0 0 1
  15 C    1     2.3273     4.3981   72 C    0 1 1
  15 C    1     2.3424     4.4264   17 C    0 0 0
  15 C    1     2.3424     4.4265   24 C    0 0 0

  16 C    1     1.3783     2.6047   13 C    0-1 1
  16 C    1     1.4588     2.7567   70 C    0 0 0
  16 C    1     1.5547     2.9380   53 C    0 0 1
  16 C    1     2.3274     4.3981   71 C    0-1 1
  16 C    1     2.3424     4.4264   19 C    0 0 0
  16 C    1     2.3424     4.4265   21 C    0 0 0

  17 C    1     1.3785     2.6049   20 C    0 0 1
  17 C    1     1.4586     2.7564   69 C    0 0 0
  17 C    1     1.5547     2.9380   56 C    0 0 0
  17 C    1     2.3274     4.3981   71 C    0 0 1
  17 C    1     2.3423     4.4264   24 C    0 0 0
  17 C    1     2.3424     4.4264   15 C    0 0 0

  18 C    1     1.3785     2.6049   19 C    0 0-1
  18 C    1     1.4586     2.7564   72 C    0 0 0
  18 C    1     1.5547     2.9380   53 C    0 0 0
  18 C    1     2.3274     4.3981   70 C    0 0-1
  18 C    1     2.3423     4.4264   22 C    0 0 0
  18 C    1     2.3424     4.4264   14 C    0 0 0

  19 C    1     1.3785     2.6049   18 C    0 0 1
  19 C    1     1.4586     2.7564   70 C    0 0 0
  19 C    1     1.5547     2.9380   55 C    0 0 0
  19 C    1     2.3274     4.3981   72 C    0 0 1
  19 C    1     2.3423     4.4263   21 C    0 0 0
  19 C    1     2.3424     4.4264   16 C    0 0 0

  20 C    1     1.3785     2.6049   17 C    0 0-1
  20 C    1     1.4586     2.7564   71 C    0 0 0
  20 C    1     1.5547     2.9380   54 C    0 0 0
  20 C    1     2.3274     4.3981   69 C    0 0-1
  20 C    1     2.3423     4.4264   23 C    0 0 0
  20 C    1     2.3424     4.4264   13 C    0 0 0

  21 C    1     1.3785     2.6049   24 C    0-1 0
  21 C    1     1.4587     2.7565   70 C    0 0 0
  21 C    1     1.5547     2.9380   56 C    0-1 0
  21 C    1     2.3273     4.3980   69 C    0-1 0
  21 C    1     2.3423     4.4263   19 C    0 0 0
  21 C    1     2.3424     4.4265   16 C    0 0 0

  22 C    1     1.3785     2.6049   23 C    0-1 0
  22 C    1     1.4586     2.7564   72 C    0 0 0
  22 C    1     1.5547     2.9380   54 C    0-1 0
  22 C    1     2.3273     4.3980   71 C    0-1 0
  22 C    1     2.3423     4.4264   18 C    0 0 0
  22 C    1     2.3424     4.4265   14 C    0 0 0

  23 C    1     1.3785     2.6049   22 C    0 1 0
  23 C    1     1.4587     2.7565   71 C    0 0 0
  23 C    1     1.5547     2.9380   53 C    0 1 0
  23 C    1     2.3273     4.3980   72 C    0 1 0
  23 C    1     2.3423     4.4264   20 C    0 0 0
  23 C    1     2.3424     4.4265   13 C    0 0 0

  24 C    1     1.3785     2.6049   21 C    0 1 0
  24 C    1     1.4587     2.7565   69 C    0 0 0
  24 C    1     1.5547     2.9380   55 C    0 1 0
  24 C    1     2.3273     4.3980   70 C    0 1 0
  24 C    1     2.3423     4.4264   17 C    0 0 0
  24 C    1     2.3424     4.4265   15 C    0 0 0

  25 C    1     1.3783     2.6047   28 C    0 0-1
  25 C    1     1.4588     2.7567   75 C    0 0 0
  25 C    1     1.5547     2.9380   60 C    0 0-1
  25 C    1     2.3273     4.3980   74 C    0 0-1
  25 C    1     2.3423     4.4264   32 C    0 0 0
  25 C    1     2.3424     4.4265   35 C    0 0 0

  26 C    1     1.3783     2.6047   27 C    0 0-1
  26 C    1     1.4588     2.7567   76 C    0 0 0
  26 C    1     1.5547     2.9380   59 C    0 0-1
  26 C    1     2.3273     4.3980   73 C    0 0-1
  26 C    1     2.3423     4.4264   30 C    0 0 0
  26 C    1     2.3424     4.4265   34 C    0 0 0

  27 C    1     1.3783     2.6047   26 C    0 0 1
  27 C    1     1.4588     2.7567   73 C    0 0 0
  27 C    1     1.5547     2.9380   58 C    0 0 1
  27 C    1     2.3273     4.3980   76 C    0 0 1
  27 C    1     2.3423     4.4264   29 C    0 0 0
  27 C    1     2.3424     4.4265   36 C    0 0 0

  28 C    1     1.3783     2.6047   25 C    0 0 1
  28 C    1     1.4588     2.7567   74 C    0 0 0
  28 C    1     1.5547     2.9380   57 C    0 0 1
  28 C    1     2.3273     4.3980   75 C    0 0 1
  28 C    1     2.3423     4.4264   31 C    0 0 0
  28 C    1     2.3424     4.4265   33 C    0 0 0

  29 C    1     1.3785     2.6049   32 C   -1 0 1
  29 C    1     1.4586     2.7564   73 C    0 0 0
  29 C    1     1.5547     2.9380   60 C   -1 0 0
  29 C    1     2.3274     4.3981   75 C   -1 0 1
  29 C    1     2.3423     4.4263   36 C    0 0 0
  29 C    1     2.3423     4.4264   27 C    0 0 0

  30 C    1     1.3785     2.6049   31 C   -1 0-1
  30 C    1     1.4586     2.7564   76 C    0 0 0
  30 C    1     1.5547     2.9380   57 C   -1 0 0
  30 C    1     2.3274     4.3981   74 C   -1 0-1
  30 C    1     2.3423     4.4263   34 C    0 0 0
  30 C    1     2.3423     4.4264   26 C    0 0 0

  31 C    1     1.3785     2.6049   30 C    1 0 1
  31 C    1     1.4586     2.7564   74 C    0 0 0
  31 C    1     1.5547     2.9380   59 C    1 0 0
  31 C    1     2.3274     4.3981   76 C    1 0 1
  31 C    1     2.3423     4.4263   33 C    0 0 0
  31 C    1     2.3423     4.4264   28 C    0 0 0

  32 C    1     1.3785     2.6049   29 C    1 0-1
  32 C    1     1.4586     2.7564   75 C    0 0 0
  32 C    1     1.5547     2.9380   58 C    1 0 0
  32 C    1     2.3274     4.3981   73 C    1 0-1
  32 C    1     2.3423     4.4263   35 C    0 0 0
  32 C    1     2.3423     4.4264   25 C    0 0 0

  33 C    1     1.3784     2.6049   36 C    1 0 0
  33 C    1     1.4586     2.7564   74 C    0 0 0
  33 C    1     1.5547     2.9380   60 C    0 0 0
  33 C    1     2.3273     4.3980   73 C    1 0 0
  33 C    1     2.3423     4.4263   31 C    0 0 0
  33 C    1     2.3424     4.4265   28 C    0 0 0

  34 C    1     1.3784     2.6049   35 C   -1 0 0
  34 C    1     1.4586     2.7564   76 C    0 0 0
  34 C    1     1.5547     2.9380   58 C    0 0 0
  34 C    1     2.3273     4.3980   75 C   -1 0 0
  34 C    1     2.3423     4.4263   30 C    0 0 0
  34 C    1     2.3424     4.4265   26 C    0 0 0

  35 C    1     1.3784     2.6049   34 C    1 0 0
  35 C    1     1.4586     2.7564   75 C    0 0 0
  35 C    1     1.5547     2.9380   57 C    0 0 0
  35 C    1     2.3273     4.3980   76 C    1 0 0
  35 C    1     2.3423     4.4263   32 C    0 0 0
  35 C    1     2.3424     4.4265   25 C    0 0 0

  36 C    1     1.3784     2.6049   33 C   -1 0 0
  36 C    1     1.4586     2.7564   73 C    0 0 0
  36 C    1     1.5547     2.9380   59 C    0 0 0
  36 C    1     2.3273     4.3980   74 C   -1 0 0
  36 C    1     2.3423     4.4263   29 C    0 0 0
  36 C    1     2.3424     4.4265   27 C    0 0 0

  37 C    1     1.3783     2.6047   40 C    0 1 0
  37 C    1     1.4588     2.7567   79 C    0 0 0
  37 C    1     1.5547     2.9380   64 C    0 0 0
  37 C    1     2.3274     4.3981   78 C    0 1 0
  37 C    1     2.3424     4.4264   44 C    0 0 0
  37 C    1     2.3424     4.4265   47 C    0 0 0

  38 C    1     1.3783     2.6047   39 C    0-1 0
  38 C    1     1.4588     2.7567   80 C    0 0 0
  38 C    1     1.5547     2.9380   63 C    0 0 0
  38 C    1     2.3274     4.3981   77 C    0-1 0
  38 C    1     2.3424     4.4264   42 C    0 0 0
  38 C    1     2.3424     4.4265   46 C    0 0 0

  39 C    1     1.3783     2.6047   38 C    0 1 0
  39 C    1     1.4588     2.7567   77 C    0 0 0
  39 C    1     1.5547     2.9380   62 C    0 0 0
  39 C    1     2.3274     4.3981   80 C    0 1 0
  39 C    1     2.3424     4.4264   41 C    0 0 0
  39 C    1     2.3424     4.4265   48 C    0 0 0

  40 C    1     1.3783     2.6047   37 C    0-1 0
  40 C    1     1.4588     2.7567   78 C    0 0 0
  40 C    1     1.5547     2.9380   61 C    0 0 0
  40 C    1     2.3274     4.3981   79 C    0-1 0
  40 C    1     2.3424     4.4264   43 C    0 0 0
  40 C    1     2.3424     4.4265   45 C    0 0 0

  41 C    1     1.3785     2.6049   44 C   -1 0 0
  41 C    1     1.4586     2.7564   77 C    0 0 0
  41 C    1     1.5547     2.9380   64 C   -1 0 0
  41 C    1     2.3274     4.3981   79 C   -1 0 0
  41 C    1     2.3423     4.4264   48 C    0 0 0
  41 C    1     2.3424     4.4264   39 C    0 0 0

  42 C    1     1.3785     2.6049   43 C   -1 0 0
  42 C    1     1.4586     2.7564   80 C    0 0 0
  42 C    1     1.5547     2.9380   61 C   -1 0 0
  42 C    1     2.3274     4.3981   78 C   -1 0 0
  42 C    1     2.3423     4.4264   46 C    0 0 0
  42 C    1     2.3424     4.4264   38 C    0 0 0

  43 C    1     1.3785     2.6049   42 C    1 0 0
  43 C    1     1.4586     2.7564   78 C    0 0 0
  43 C    1     1.5547     2.9380   63 C    1 0 0
  43 C    1     2.3274     4.3981   80 C    1 0 0
  43 C    1     2.3423     4.4264   45 C    0 0 0
  43 C    1     2.3424     4.4264   40 C    0 0 0

  44 C    1     1.3785     2.6049   41 C    1 0 0
  44 C    1     1.4586     2.7564   79 C    0 0 0
  44 C    1     1.5547     2.9380   62 C    1 0 0
  44 C    1     2.3274     4.3981   77 C    1 0 0
  44 C    1     2.3423     4.4264   47 C    0 0 0
  44 C    1     2.3424     4.4264   37 C    0 0 0

  45 C    1     1.3785     2.6049   48 C    1-1 0
  45 C    1     1.4587     2.7565   78 C    0 0 0
  45 C    1     1.5547     2.9380   64 C    0-1 0
  45 C    1     2.3273     4.3980   77 C    1-1 0
  45 C    1     2.3423     4.4264   43 C    0 0 0
  45 C    1     2.3424     4.4265   40 C    0 0 0

  46 C    1     1.3785     2.6049   47 C   -1-1 0
  46 C    1     1.4587     2.7565   80 C    0 0 0
  46 C    1     1.5547     2.9380   62 C    0-1 0
  46 C    1     2.3273     4.3980   79 C   -1-1 0
  46 C    1     2.3423     4.4264   42 C    0 0 0
  46 C    1     2.3424     4.4265   38 C    0 0 0

  47 C    1     1.3785     2.6049   46 C    1 1 0
  47 C    1     1.4587     2.7565   79 C    0 0 0
  47 C    1     1.5547     2.9380   61 C    0 1 0
  47 C    1     2.3273     4.3980   80 C    1 1 0
  47 C    1     2.3423     4.4264   44 C    0 0 0
  47 C    1     2.3424     4.4265   37 C    0 0 0

  48 C    1     1.3785     2.6049   45 C   -1 1 0
  48 C    1     1.4587     2.7565   77 C    0 0 0
  48 C    1     1.5547     2.9380   63 C    0 1 0
  48 C    1     2.3273     4.3980   78 C   -1 1 0
  48 C    1     2.3423     4.4264   41 C    0 0 0
  48 C    1     2.3424     4.4265   39 C    0 0 0

  49 C    1     1.5389     2.9082   81 C    0 0 0
  49 C    1     1.5547     2.9380    4 C    0 0 0
  49 C    1     1.5547     2.9380   11 C    0 0 0
  49 C    1     1.5547     2.9380    6 C    0 0 0
  49 C    1     2.4370     4.6053    1 C    0 0 0
  49 C    1     2.4370     4.6054   10 C    0 0 0

  50 C    1     1.5389     2.9082   82 C    0 0 0
  50 C    1     1.5547     2.9380    3 C    0 0 0
  50 C    1     1.5547     2.9380    8 C    0 0 0
  50 C    1     1.5547     2.9380   10 C    0 0 0
  50 C    1     2.4370     4.6053    2 C    0 0 0
  50 C    1     2.4370     4.6053   11 C    0 0 0

  51 C    1     1.5389     2.9082   83 C    0 0 0
  51 C    1     1.5547     2.9380    2 C    0 0 0
  51 C    1     1.5547     2.9380    7 C    0 0 0
  51 C    1     1.5547     2.9380   12 C    0 0 0
  51 C    1     2.4370     4.6053    3 C    0 0 0
  51 C    1     2.4370     4.6053    9 C    0 0 0

  52 C    1     1.5389     2.9082   84 C    0 0 0
  52 C    1     1.5547     2.9380    1 C    0 0 0
  52 C    1     1.5547     2.9380    5 C    0 0 0
  52 C    1     1.5547     2.9380    9 C    0 0 0
  52 C    1     2.4370     4.6053    4 C    0 0 0
  52 C    1     2.4370     4.6054   12 C    0 0 0

  53 C    1     1.5389     2.9082   84 C    0 0 0
  53 C    1     1.5547     2.9380   16 C    0 0-1
  53 C    1     1.5547     2.9380   18 C    0 0 0
  53 C    1     1.5547     2.9380   23 C    0-1 0
  53 C    1     2.4370     4.6053   13 C    0-1 0
  53 C    1     2.4371     4.6054   22 C    0 0 0

  54 C    1     1.5389     2.9082   83 C    0 0 0
  54 C    1     1.5547     2.9380   15 C    0 0-1
  54 C    1     1.5547     2.9380   20 C    0 0 0
  54 C    1     1.5547     2.9380   22 C    0 1 0
  54 C    1     2.4370     4.6053   14 C    0 1 0
  54 C    1     2.4371     4.6054   23 C    0 0 0

  55 C    1     1.5389     2.9082   82 C    0 0 0
  55 C    1     1.5547     2.9380   14 C    0 0 1
  55 C    1     1.5547     2.9380   19 C    0 0 0
  55 C    1     1.5547     2.9380   24 C    0-1 0
  55 C    1     2.4370     4.6053   15 C    0-1 0
  55 C    1     2.4371     4.6054   21 C    0 0 0

  56 C    1     1.5389     2.9082   81 C    0 0 0
  56 C    1     1.5547     2.9380   13 C    0 0 1
  56 C    1     1.5547     2.9380   17 C    0 0 0
  56 C    1     1.5547     2.9380   21 C    0 1 0
  56 C    1     2.4370     4.6053   16 C    0 1 0
  56 C    1     2.4371     4.6054   24 C    0 0 0

  57 C    1     1.5389     2.9082   83 C    0 0 0
  57 C    1     1.5547     2.9380   28 C    0 0-1
  57 C    1     1.5547     2.9380   30 C    1 0 0
  57 C    1     1.5547     2.9380   35 C    0 0 0
  57 C    1     2.4370     4.6053   25 C    0 0 0
  57 C    1     2.4370     4.6053   34 C    1 0 0

  58 C    1     1.5389     2.9082   84 C    0 0 0
  58 C    1     1.5547     2.9380   27 C    0 0-1
  58 C    1     1.5547     2.9380   32 C   -1 0 0
  58 C    1     1.5547     2.9380   34 C    0 0 0
  58 C    1     2.4370     4.6053   26 C    0 0 0
  58 C    1     2.4371     4.6054   35 C   -1 0 0

  59 C    1     1.5389     2.9082   81 C    0 0 0
  59 C    1     1.5547     2.9380   26 C    0 0 1
  59 C    1     1.5547     2.9380   31 C   -1 0 0
  59 C    1     1.5547     2.9380   36 C    0 0 0
  59 C    1     2.4370     4.6053   27 C    0 0 0
  59 C    1     2.4370     4.6054   33 C   -1 0 0

  60 C    1     1.5389     2.9082   82 C    0 0 0
  60 C    1     1.5547     2.9380   25 C    0 0 1
  60 C    1     1.5547     2.9380   29 C    1 0 0
  60 C    1     1.5547     2.9380   33 C    0 0 0
  60 C    1     2.4370     4.6053   28 C    0 0 0
  60 C    1     2.4370     4.6054   36 C    1 0 0

  61 C    1     1.5389     2.9082   82 C    0 0 0
  61 C    1     1.5547     2.9380   40 C    0 0 0
  61 C    1     1.5547     2.9380   42 C    1 0 0
  61 C    1     1.5547     2.9380   47 C    0-1 0
  61 C    1     2.4370     4.6053   37 C    0-1 0
  61 C    1     2.4371     4.6054   46 C    1 0 0

  62 C    1     1.5389     2.9082   81 C    0 0 0
  62 C    1     1.5547     2.9380   39 C    0 0 0
  62 C    1     1.5547     2.9380   44 C   -1 0 0
  62 C    1     1.5547     2.9380   46 C    0 1 0
  62 C    1     2.4370     4.6053   38 C    0 1 0
  62 C    1     2.4371     4.6054   47 C   -1 0 0

  63 C    1     1.5389     2.9082   84 C    0 0 0
  63 C    1     1.5547     2.9380   38 C    0 0 0
  63 C    1     1.5547     2.9380   43 C   -1 0 0
  63 C    1     1.5547     2.9380   48 C    0-1 0
  63 C    1     2.4370     4.6053   39 C    0-1 0
  63 C    1     2.4371     4.6054   45 C   -1 0 0

  64 C    1     1.5389     2.9082   83 C    0 0 0
  64 C    1     1.5547     2.9380   37 C    0 0 0
  64 C    1     1.5547     2.9380   41 C    1 0 0
  64 C    1     1.5547     2.9380   45 C    0 1 0
  64 C    1     2.4370     4.6053   40 C    0 1 0
  64 C    1     2.4371     4.6054   48 C    1 0 0

  65 C    1     1.4586     2.7564    5 C    0 0 0
  65 C    1     1.4586     2.7564   12 C    0 0 0
  65 C    1     1.4588     2.7567    3 C    0 0 0
  65 C    1     2.3273     4.3980    9 C    0 0 0
  65 C    1     2.3273     4.3980    2 C    0 0 0
  65 C    1     2.3274     4.3981    8 C    0 0 0

  66 C    1     1.4586     2.7564    7 C    0 0 0
  66 C    1     1.4586     2.7564    9 C    0 0 0
  66 C    1     1.4588     2.7567    4 C    0 0 0
  66 C    1     2.3273     4.3980   12 C    0 0 0
  66 C    1     2.3273     4.3980    1 C    0 0 0
  66 C    1     2.3274     4.3981    6 C    0 0 0

  67 C    1     1.4586     2.7564    8 C    0 0 0
  67 C    1     1.4586     2.7564   11 C    0 0 0
  67 C    1     1.4588     2.7567    1 C    0 0 0
  67 C    1     2.3273     4.3980   10 C    0 0 0
  67 C    1     2.3273     4.3980    4 C    0 0 0
  67 C    1     2.3274     4.3981    5 C    0 0 0

  68 C    1     1.4586     2.7564    6 C    0 0 0
  68 C    1     1.4586     2.7564   10 C    0 0 0
  68 C    1     1.4588     2.7567    2 C    0 0 0
  68 C    1     2.3273     4.3980   11 C    0 0 0
  68 C    1     2.3273     4.3980    3 C    0 0 0
  68 C    1     2.3274     4.3981    7 C    0 0 0

  69 C    1     1.4586     2.7564   17 C    0 0 0
  69 C    1     1.4587     2.7565   24 C    0 0 0
  69 C    1     1.4588     2.7568   15 C    0 0 0
  69 C    1     2.3273     4.3980   21 C    0 1 0
  69 C    1     2.3274     4.3981   14 C    0 1 1
  69 C    1     2.3274     4.3981   20 C    0 0 1

  70 C    1     1.4586     2.7564   19 C    0 0 0
  70 C    1     1.4587     2.7565   21 C    0 0 0
  70 C    1     1.4588     2.7567   16 C    0 0 0
  70 C    1     2.3273     4.3980   24 C    0-1 0
  70 C    1     2.3274     4.3981   13 C    0-1 1
  70 C    1     2.3274     4.3981   18 C    0 0 1

  71 C    1     1.4586     2.7564   20 C    0 0 0
  71 C    1     1.4587     2.7565   23 C    0 0 0
  71 C    1     1.4588     2.7567   13 C    0 0 0
  71 C    1     2.3273     4.3980   22 C    0 1 0
  71 C    1     2.3274     4.3981   16 C    0 1-1
  71 C    1     2.3274     4.3981   17 C    0 0-1

  72 C    1     1.4586     2.7564   18 C    0 0 0
  72 C    1     1.4586     2.7564   22 C    0 0 0
  72 C    1     1.4588     2.7567   14 C    0 0 0
  72 C    1     2.3273     4.3980   23 C    0-1 0
  72 C    1     2.3273     4.3981   15 C    0-1-1
  72 C    1     2.3274     4.3981   19 C    0 0-1

  73 C    1     1.4586     2.7564   29 C    0 0 0
  73 C    1     1.4586     2.7564   36 C    0 0 0
  73 C    1     1.4588     2.7567   27 C    0 0 0
  73 C    1     2.3273     4.3980   33 C   -1 0 0
  73 C    1     2.3273     4.3980   26 C    0 0 1
  73 C    1     2.3274     4.3981   32 C   -1 0 1

  74 C    1     1.4586     2.7564   31 C    0 0 0
  74 C    1     1.4586     2.7564   33 C    0 0 0
  74 C    1     1.4588     2.7567   28 C    0 0 0
  74 C    1     2.3273     4.3980   36 C    1 0 0
  74 C    1     2.3273     4.3980   25 C    0 0 1
  74 C    1     2.3274     4.3981   30 C    1 0 1

  75 C    1     1.4586     2.7564   32 C    0 0 0
  75 C    1     1.4586     2.7564   35 C    0 0 0
  75 C    1     1.4588     2.7567   25 C    0 0 0
  75 C    1     2.3273     4.3980   34 C    1 0 0
  75 C    1     2.3273     4.3980   28 C    0 0-1
  75 C    1     2.3274     4.3981   29 C    1 0-1

  76 C    1     1.4586     2.7564   30 C    0 0 0
  76 C    1     1.4586     2.7564   34 C    0 0 0
  76 C    1     1.4588     2.7567   26 C    0 0 0
  76 C    1     2.3273     4.3980   35 C   -1 0 0
  76 C    1     2.3273     4.3980   27 C    0 0-1
  76 C    1     2.3274     4.3981   31 C   -1 0-1

  77 C    1     1.4586     2.7564   41 C    0 0 0
  77 C    1     1.4587     2.7565   48 C    0 0 0
  77 C    1     1.4588     2.7567   39 C    0 0 0
  77 C    1     2.3273     4.3980   45 C   -1 1 0
  77 C    1     2.3274     4.3981   38 C    0 1 0
  77 C    1     2.3274     4.3981   44 C   -1 0 0

  78 C    1     1.4586     2.7564   43 C    0 0 0
  78 C    1     1.4587     2.7565   45 C    0 0 0
  78 C    1     1.4588     2.7567   40 C    0 0 0
  78 C    1     2.3273     4.3980   48 C    1-1 0
  78 C    1     2.3274     4.3981   37 C    0-1 0
  78 C    1     2.3274     4.3981   42 C    1 0 0

  79 C    1     1.4586     2.7564   44 C    0 0 0
  79 C    1     1.4587     2.7565   47 C    0 0 0
  79 C    1     1.4588     2.7567   37 C    0 0 0
  79 C    1     2.3273     4.3980   46 C    1 1 0
  79 C    1     2.3274     4.3981   40 C    0 1 0
  79 C    1     2.3274     4.3981   41 C    1 0 0

  80 C    1     1.4586     2.7564   42 C    0 0 0
  80 C    1     1.4587     2.7565   46 C    0 0 0
  80 C    1     1.4588     2.7567   38 C    0 0 0
  80 C    1     2.3273     4.3980   47 C   -1-1 0
  80 C    1     2.3274     4.3981   39 C    0-1 0
  80 C    1     2.3274     4.3981   43 C   -1 0 0

  81 C    1     1.5389     2.9082   56 C    0 0 0
  81 C    1     1.5389     2.9082   59 C    0 0 0
  81 C    1     1.5389     2.9082   49 C    0 0 0
  81 C    1     1.5389     2.9082   62 C    0 0 0
  81 C    1     2.6632     5.0328   13 C    0 0 1
  81 C    1     2.6632     5.0328    4 C    0 0 0

  82 C    1     1.5389     2.9082   60 C    0 0 0
  82 C    1     1.5389     2.9082   50 C    0 0 0
  82 C    1     1.5389     2.9082   55 C    0 0 0
  82 C    1     1.5389     2.9082   61 C    0 0 0
  82 C    1     2.6632     5.0328   25 C    0 0 1
  82 C    1     2.6632     5.0328   42 C    1 0 0

  83 C    1     1.5389     2.9082   57 C    0 0 0
  83 C    1     1.5389     2.9082   64 C    0 0 0
  83 C    1     1.5389     2.9082   51 C    0 0 0
  83 C    1     1.5389     2.9082   54 C    0 0 0
  83 C    1     2.6632     5.0328   28 C    0 0-1
  83 C    1     2.6632     5.0328   37 C    0 0 0

  84 C    1     1.5389     2.9082   52 C    0 0 0
  84 C    1     1.5389     2.9082   53 C    0 0 0
  84 C    1     1.5389     2.9082   58 C    0 0 0
  84 C    1     1.5389     2.9082   63 C    0 0 0
  84 C    1     2.6632     5.0328   16 C    0 0-1
  84 C    1     2.6632     5.0328   38 C    0 0 0

 TTTTTTTTTTTTTTTTTTTTTTTTTTTTTT AFTER FIRST TELAPSE    42415.57 TCPU    42324.84
 MMMMMMMMMMMMMMMMMMMMMMMMMMMMMMMMMMMMMMMMMMMMMMMMMMMMMMMMMMMMMMMMMMMMMMMMMMMMMMM
     ALPHA+BETA ELECTRONS
 MULLIKEN POPULATION ANALYSIS - NO. OF ELECTRONS  504.000000

  ATOM    Z CHARGE  A.O. POPULATION

   1 C    6  6.022  0.854  1.120  0.765  0.493  0.389  0.493  0.443 -0.055
                   -0.005  0.008  0.600  0.436  0.439  0.009  0.008  0.009
                    0.007  0.007
   2 C    6  6.022  0.854  1.120  0.765  0.493  0.389  0.493  0.443 -0.055
                   -0.005  0.008  0.600  0.436  0.439  0.009  0.008  0.009
                    0.007  0.007
   3 C    6  6.022  0.854  1.120  0.765  0.493  0.389  0.493  0.443 -0.055
                   -0.005  0.008  0.600  0.436  0.439  0.009  0.008  0.009
                    0.007  0.007
   4 C    6  6.022  0.854  1.120  0.765  0.493  0.389  0.493  0.443 -0.055
                   -0.005  0.008  0.600  0.436  0.439  0.009  0.008  0.009
                    0.007  0.007
   5 C    6  6.022  0.854  1.120  0.765  0.493  0.443  0.389  0.493  0.008
                   -0.055 -0.005  0.439  0.600  0.436  0.011  0.009  0.007
                    0.005  0.008
   6 C    6  6.022  0.854  1.120  0.765  0.493  0.443  0.389  0.493  0.008
                   -0.055 -0.005  0.439  0.600  0.436  0.011  0.009  0.007
                    0.005  0.008
   7 C    6  6.022  0.854  1.120  0.765  0.493  0.443  0.389  0.493  0.008
                   -0.055 -0.005  0.439  0.600  0.436  0.011  0.009  0.007
                    0.005  0.008
   8 C    6  6.022  0.854  1.120  0.765  0.493  0.443  0.389  0.493  0.008
                   -0.055 -0.005  0.439  0.600  0.436  0.011  0.009  0.007
                    0.005  0.008
   9 C    6  6.022  0.854  1.120  0.765  0.493  0.493  0.443  0.389 -0.005
                    0.008 -0.055  0.436  0.439  0.600  0.005  0.007  0.008
                    0.012  0.009
  10 C    6  6.022  0.854  1.120  0.765  0.493  0.493  0.443  0.389 -0.005
                    0.008 -0.055  0.436  0.439  0.600  0.005  0.007  0.008
                    0.012  0.009
  11 C    6  6.022  0.854  1.120  0.765  0.493  0.493  0.443  0.389 -0.005
                    0.008 -0.055  0.436  0.439  0.600  0.005  0.007  0.008
                    0.012  0.009
  12 C    6  6.022  0.854  1.120  0.765  0.493  0.493  0.443  0.389 -0.005
                    0.008 -0.055  0.436  0.439  0.600  0.005  0.007  0.008
                    0.012  0.009
  13 C    6  6.022  0.854  1.120  0.765  0.493  0.389  0.493  0.443 -0.055
                   -0.005  0.008  0.600  0.436  0.439  0.009  0.008  0.009
                    0.007  0.007
  14 C    6  6.022  0.854  1.120  0.765  0.493  0.389  0.493  0.443 -0.055
                   -0.005  0.008  0.600  0.436  0.439  0.009  0.008  0.009
                    0.007  0.007
  15 C    6  6.022  0.854  1.120  0.765  0.493  0.389  0.493  0.443 -0.055
                   -0.005  0.008  0.600  0.436  0.439  0.009  0.008  0.009
                    0.007  0.007
  16 C    6  6.022  0.854  1.120  0.765  0.493  0.389  0.493  0.443 -0.055
                   -0.005  0.008  0.600  0.436  0.439  0.009  0.008  0.009
                    0.007  0.007
  17 C    6  6.022  0.854  1.120  0.765  0.493  0.443  0.389  0.493  0.008
                   -0.055 -0.005  0.439  0.600  0.436  0.011  0.009  0.007
                    0.005  0.008
  18 C    6  6.022  0.854  1.120  0.765  0.493  0.443  0.389  0.493  0.008
                   -0.055 -0.005  0.439  0.600  0.436  0.011  0.009  0.007
                    0.005  0.008
  19 C    6  6.022  0.854  1.120  0.765  0.493  0.443  0.389  0.493  0.008
                   -0.055 -0.005  0.439  0.600  0.436  0.011  0.009  0.007
                    0.005  0.008
  20 C    6  6.022  0.854  1.120  0.765  0.493  0.443  0.389  0.493  0.008
                   -0.055 -0.005  0.439  0.600  0.436  0.011  0.009  0.007
                    0.005  0.008
  21 C    6  6.022  0.854  1.120  0.765  0.493  0.493  0.443  0.389 -0.005
                    0.008 -0.055  0.436  0.439  0.600  0.005  0.007  0.008
                    0.012  0.009
  22 C    6  6.022  0.854  1.120  0.765  0.493  0.493  0.443  0.389 -0.005
                    0.008 -0.055  0.436  0.439  0.600  0.005  0.007  0.008
                    0.012  0.009
  23 C    6  6.022  0.854  1.120  0.765  0.493  0.493  0.443  0.389 -0.005
                    0.008 -0.055  0.436  0.439  0.600  0.005  0.007  0.008
                    0.012  0.009
  24 C    6  6.022  0.854  1.120  0.765  0.493  0.493  0.443  0.389 -0.005
                    0.008 -0.055  0.436  0.439  0.600  0.005  0.007  0.008
                    0.012  0.009
  25 C    6  6.022  0.854  1.120  0.765  0.493  0.389  0.493  0.443 -0.055
                   -0.005  0.008  0.600  0.436  0.439  0.009  0.008  0.009
                    0.007  0.007
  26 C    6  6.022  0.854  1.120  0.765  0.493  0.389  0.493  0.443 -0.055
                   -0.005  0.008  0.600  0.436  0.439  0.009  0.008  0.009
                    0.007  0.007
  27 C    6  6.022  0.854  1.120  0.765  0.493  0.389  0.493  0.443 -0.055
                   -0.005  0.008  0.600  0.436  0.439  0.009  0.008  0.009
                    0.007  0.007
  28 C    6  6.022  0.854  1.120  0.765  0.493  0.389  0.493  0.443 -0.055
                   -0.005  0.008  0.600  0.436  0.439  0.009  0.008  0.009
                    0.007  0.007
  29 C    6  6.022  0.854  1.120  0.765  0.493  0.443  0.389  0.493  0.008
                   -0.055 -0.005  0.439  0.600  0.436  0.011  0.009  0.007
                    0.005  0.008
  30 C    6  6.022  0.854  1.120  0.765  0.493  0.443  0.389  0.493  0.008
                   -0.055 -0.005  0.439  0.600  0.436  0.011  0.009  0.007
                    0.005  0.008
  31 C    6  6.022  0.854  1.120  0.765  0.493  0.443  0.389  0.493  0.008
                   -0.055 -0.005  0.439  0.600  0.436  0.011  0.009  0.007
                    0.005  0.008
  32 C    6  6.022  0.854  1.120  0.765  0.493  0.443  0.389  0.493  0.008
                   -0.055 -0.005  0.439  0.600  0.436  0.011  0.009  0.007
                    0.005  0.008
  33 C    6  6.022  0.854  1.120  0.765  0.493  0.493  0.443  0.389 -0.005
                    0.008 -0.055  0.436  0.439  0.600  0.005  0.007  0.008
                    0.012  0.009
  34 C    6  6.022  0.854  1.120  0.765  0.493  0.493  0.443  0.389 -0.005
                    0.008 -0.055  0.436  0.439  0.600  0.005  0.007  0.008
                    0.012  0.009
  35 C    6  6.022  0.854  1.120  0.765  0.493  0.493  0.443  0.389 -0.005
                    0.008 -0.055  0.436  0.439  0.600  0.005  0.007  0.008
                    0.012  0.009
  36 C    6  6.022  0.854  1.120  0.765  0.493  0.493  0.443  0.389 -0.005
                    0.008 -0.055  0.436  0.439  0.600  0.005  0.007  0.008
                    0.012  0.009
  37 C    6  6.022  0.854  1.120  0.765  0.493  0.389  0.493  0.443 -0.055
                   -0.005  0.008  0.600  0.436  0.439  0.009  0.008  0.009
                    0.007  0.007
  38 C    6  6.022  0.854  1.120  0.765  0.493  0.389  0.493  0.443 -0.055
                   -0.005  0.008  0.600  0.436  0.439  0.009  0.008  0.009
                    0.007  0.007
  39 C    6  6.022  0.854  1.120  0.765  0.493  0.389  0.493  0.443 -0.055
                   -0.005  0.008  0.600  0.436  0.439  0.009  0.008  0.009
                    0.007  0.007
  40 C    6  6.022  0.854  1.120  0.765  0.493  0.389  0.493  0.443 -0.055
                   -0.005  0.008  0.600  0.436  0.439  0.009  0.008  0.009
                    0.007  0.007
  41 C    6  6.022  0.854  1.120  0.765  0.493  0.443  0.389  0.493  0.008
                   -0.055 -0.005  0.439  0.600  0.436  0.011  0.009  0.007
                    0.005  0.008
  42 C    6  6.022  0.854  1.120  0.765  0.493  0.443  0.389  0.493  0.008
                   -0.055 -0.005  0.439  0.600  0.436  0.011  0.009  0.007
                    0.005  0.008
  43 C    6  6.022  0.854  1.120  0.765  0.493  0.443  0.389  0.493  0.008
                   -0.055 -0.005  0.439  0.600  0.436  0.011  0.009  0.007
                    0.005  0.008
  44 C    6  6.022  0.854  1.120  0.765  0.493  0.443  0.389  0.493  0.008
                   -0.055 -0.005  0.439  0.600  0.436  0.011  0.009  0.007
                    0.005  0.008
  45 C    6  6.022  0.854  1.120  0.765  0.493  0.493  0.443  0.389 -0.005
                    0.008 -0.055  0.436  0.439  0.600  0.005  0.007  0.008
                    0.012  0.009
  46 C    6  6.022  0.854  1.120  0.765  0.493  0.493  0.443  0.389 -0.005
                    0.008 -0.055  0.436  0.439  0.600  0.005  0.007  0.008
                    0.012  0.009
  47 C    6  6.022  0.854  1.120  0.765  0.493  0.493  0.443  0.389 -0.005
                    0.008 -0.055  0.436  0.439  0.600  0.005  0.007  0.008
                    0.012  0.009
  48 C    6  6.022  0.854  1.120  0.765  0.493  0.493  0.443  0.389 -0.005
                    0.008 -0.055  0.436  0.439  0.600  0.005  0.007  0.008
                    0.012  0.009
  49 C    6  6.015  0.853  1.121  0.752  0.488  0.434  0.434  0.434 -0.003
                   -0.003 -0.003  0.488  0.488  0.488  0.007  0.010  0.010
                    0.007  0.010
  50 C    6  6.015  0.853  1.121  0.752  0.488  0.434  0.434  0.434 -0.003
                   -0.003 -0.003  0.488  0.488  0.488  0.007  0.010  0.010
                    0.007  0.010
  51 C    6  6.015  0.853  1.121  0.752  0.488  0.434  0.434  0.434 -0.003
                   -0.003 -0.003  0.488  0.488  0.488  0.007  0.010  0.010
                    0.007  0.010
  52 C    6  6.015  0.853  1.121  0.752  0.488  0.434  0.434  0.434 -0.003
                   -0.003 -0.003  0.488  0.488  0.488  0.007  0.010  0.010
                    0.007  0.010
  53 C    6  6.015  0.853  1.121  0.752  0.488  0.434  0.434  0.434 -0.003
                   -0.003 -0.003  0.488  0.488  0.488  0.007  0.010  0.010
                    0.007  0.010
  54 C    6  6.015  0.853  1.121  0.752  0.488  0.434  0.434  0.434 -0.003
                   -0.003 -0.003  0.488  0.488  0.488  0.007  0.010  0.010
                    0.007  0.010
  55 C    6  6.015  0.853  1.121  0.752  0.488  0.434  0.434  0.434 -0.003
                   -0.003 -0.003  0.488  0.488  0.488  0.007  0.010  0.010
                    0.007  0.010
  56 C    6  6.015  0.853  1.121  0.752  0.488  0.434  0.434  0.434 -0.003
                   -0.003 -0.003  0.488  0.488  0.488  0.007  0.010  0.010
                    0.007  0.010
  57 C    6  6.015  0.853  1.121  0.752  0.488  0.434  0.434  0.434 -0.003
                   -0.003 -0.003  0.488  0.488  0.488  0.007  0.010  0.010
                    0.007  0.010
  58 C    6  6.015  0.853  1.121  0.752  0.488  0.434  0.434  0.434 -0.003
                   -0.003 -0.003  0.488  0.488  0.488  0.007  0.010  0.010
                    0.007  0.010
  59 C    6  6.015  0.853  1.121  0.752  0.488  0.434  0.434  0.434 -0.003
                   -0.003 -0.003  0.488  0.488  0.488  0.007  0.010  0.010
                    0.007  0.010
  60 C    6  6.015  0.853  1.121  0.752  0.488  0.434  0.434  0.434 -0.003
                   -0.003 -0.003  0.488  0.488  0.488  0.007  0.010  0.010
                    0.007  0.010
  61 C    6  6.015  0.853  1.121  0.752  0.488  0.434  0.434  0.434 -0.003
                   -0.003 -0.003  0.488  0.488  0.488  0.007  0.010  0.010
                    0.007  0.010
  62 C    6  6.015  0.853  1.121  0.752  0.488  0.434  0.434  0.434 -0.003
                   -0.003 -0.003  0.488  0.488  0.488  0.007  0.010  0.010
                    0.007  0.010
  63 C    6  6.015  0.853  1.121  0.752  0.488  0.434  0.434  0.434 -0.003
                   -0.003 -0.003  0.488  0.488  0.488  0.007  0.010  0.010
                    0.007  0.010
  64 C    6  6.015  0.853  1.121  0.752  0.488  0.434  0.434  0.434 -0.003
                   -0.003 -0.003  0.488  0.488  0.488  0.007  0.010  0.010
                    0.007  0.010
  65 C    6  5.956  0.854  1.121  0.762  0.492  0.436  0.436  0.436 -0.006
                   -0.006 -0.006  0.464  0.464  0.464  0.007  0.010  0.010
                    0.007  0.010
  66 C    6  5.956  0.854  1.121  0.762  0.492  0.436  0.436  0.436 -0.006
                   -0.006 -0.006  0.464  0.464  0.464  0.007  0.010  0.010
                    0.007  0.010
  67 C    6  5.956  0.854  1.121  0.762  0.492  0.436  0.436  0.436 -0.006
                   -0.006 -0.006  0.464  0.464  0.464  0.007  0.010  0.010
                    0.007  0.010
  68 C    6  5.956  0.854  1.121  0.762  0.492  0.436  0.436  0.436 -0.006
                   -0.006 -0.006  0.464  0.464  0.464  0.007  0.010  0.010
                    0.007  0.010
  69 C    6  5.956  0.854  1.121  0.762  0.492  0.436  0.436  0.436 -0.006
                   -0.006 -0.006  0.464  0.464  0.464  0.007  0.010  0.010
                    0.007  0.010
  70 C    6  5.956  0.854  1.121  0.762  0.492  0.436  0.436  0.436 -0.006
                   -0.006 -0.006  0.464  0.464  0.464  0.007  0.010  0.010
                    0.007  0.010
  71 C    6  5.956  0.854  1.121  0.762  0.492  0.436  0.436  0.436 -0.006
                   -0.006 -0.006  0.464  0.464  0.464  0.007  0.010  0.010
                    0.007  0.010
  72 C    6  5.956  0.854  1.121  0.762  0.492  0.436  0.436  0.436 -0.006
                   -0.006 -0.006  0.464  0.464  0.464  0.007  0.010  0.010
                    0.007  0.010
  73 C    6  5.956  0.854  1.121  0.762  0.492  0.436  0.436  0.436 -0.006
                   -0.006 -0.006  0.464  0.464  0.464  0.007  0.010  0.010
                    0.007  0.010
  74 C    6  5.956  0.854  1.121  0.762  0.492  0.436  0.436  0.436 -0.006
                   -0.006 -0.006  0.464  0.464  0.464  0.007  0.010  0.010
                    0.007  0.010
  75 C    6  5.956  0.854  1.121  0.762  0.492  0.436  0.436  0.436 -0.006
                   -0.006 -0.006  0.464  0.464  0.464  0.007  0.010  0.010
                    0.007  0.010
  76 C    6  5.956  0.854  1.121  0.762  0.492  0.436  0.436  0.436 -0.006
                   -0.006 -0.006  0.464  0.464  0.464  0.007  0.010  0.010
                    0.007  0.010
  77 C    6  5.956  0.854  1.121  0.762  0.492  0.436  0.436  0.436 -0.006
                   -0.006 -0.006  0.464  0.464  0.464  0.007  0.010  0.010
                    0.007  0.010
  78 C    6  5.956  0.854  1.121  0.762  0.492  0.436  0.436  0.436 -0.006
                   -0.006 -0.006  0.464  0.464  0.464  0.007  0.010  0.010
                    0.007  0.010
  79 C    6  5.956  0.854  1.121  0.762  0.492  0.436  0.436  0.436 -0.006
                   -0.006 -0.006  0.464  0.464  0.464  0.007  0.010  0.010
                    0.007  0.010
  80 C    6  5.956  0.854  1.121  0.762  0.492  0.436  0.436  0.436 -0.006
                   -0.006 -0.006  0.464  0.464  0.464  0.007  0.010  0.010
                    0.007  0.010
  81 C    6  5.853  0.853  1.121  0.778  0.349  0.436  0.436  0.436  0.012
                    0.012  0.012  0.455  0.455  0.455  0.005  0.012  0.012
                    0.005  0.012
  82 C    6  5.853  0.853  1.121  0.778  0.349  0.436  0.436  0.436  0.012
                    0.012  0.012  0.455  0.455  0.455  0.005  0.012  0.012
                    0.005  0.012
  83 C    6  5.853  0.853  1.121  0.778  0.349  0.436  0.436  0.436  0.012
                    0.012  0.012  0.455  0.455  0.455  0.005  0.012  0.012
                    0.005  0.012
  84 C    6  5.853  0.853  1.121  0.778  0.349  0.436  0.436  0.436  0.012
                    0.012  0.012  0.455  0.455  0.455  0.005  0.012  0.012
                    0.005  0.012

  ATOM    Z CHARGE  SHELL POPULATION

   1 C    6  6.022  0.854  1.120  0.765  0.493  1.325 -0.052  1.476  0.040
   2 C    6  6.022  0.854  1.120  0.765  0.493  1.325 -0.052  1.476  0.040
   3 C    6  6.022  0.854  1.120  0.765  0.493  1.325 -0.052  1.476  0.040
   4 C    6  6.022  0.854  1.120  0.765  0.493  1.325 -0.052  1.476  0.040
   5 C    6  6.022  0.854  1.120  0.765  0.493  1.325 -0.052  1.476  0.040
   6 C    6  6.022  0.854  1.120  0.765  0.493  1.325 -0.052  1.476  0.040
   7 C    6  6.022  0.854  1.120  0.765  0.493  1.325 -0.052  1.476  0.040
   8 C    6  6.022  0.854  1.120  0.765  0.493  1.325 -0.052  1.476  0.040
   9 C    6  6.022  0.854  1.120  0.765  0.493  1.325 -0.052  1.476  0.040
  10 C    6  6.022  0.854  1.120  0.765  0.493  1.325 -0.052  1.476  0.040
  11 C    6  6.022  0.854  1.120  0.765  0.493  1.325 -0.052  1.476  0.040
  12 C    6  6.022  0.854  1.120  0.765  0.493  1.325 -0.052  1.476  0.040
  13 C    6  6.022  0.854  1.120  0.765  0.493  1.325 -0.052  1.476  0.040
  14 C    6  6.022  0.854  1.120  0.765  0.493  1.325 -0.052  1.476  0.040
  15 C    6  6.022  0.854  1.120  0.765  0.493  1.325 -0.052  1.476  0.040
  16 C    6  6.022  0.854  1.120  0.765  0.493  1.325 -0.052  1.476  0.040
  17 C    6  6.022  0.854  1.120  0.765  0.493  1.325 -0.052  1.476  0.040
  18 C    6  6.022  0.854  1.120  0.765  0.493  1.325 -0.052  1.476  0.040
  19 C    6  6.022  0.854  1.120  0.765  0.493  1.325 -0.052  1.476  0.040
  20 C    6  6.022  0.854  1.120  0.765  0.493  1.325 -0.052  1.476  0.040
  21 C    6  6.022  0.854  1.120  0.765  0.493  1.325 -0.052  1.476  0.040
  22 C    6  6.022  0.854  1.120  0.765  0.493  1.325 -0.052  1.476  0.040
  23 C    6  6.022  0.854  1.120  0.765  0.493  1.325 -0.052  1.476  0.040
  24 C    6  6.022  0.854  1.120  0.765  0.493  1.325 -0.052  1.476  0.040
  25 C    6  6.022  0.854  1.120  0.765  0.493  1.325 -0.052  1.476  0.040
  26 C    6  6.022  0.854  1.120  0.765  0.493  1.325 -0.052  1.476  0.040
  27 C    6  6.022  0.854  1.120  0.765  0.493  1.325 -0.052  1.476  0.040
  28 C    6  6.022  0.854  1.120  0.765  0.493  1.325 -0.052  1.476  0.040
  29 C    6  6.022  0.854  1.120  0.765  0.493  1.325 -0.052  1.476  0.040
  30 C    6  6.022  0.854  1.120  0.765  0.493  1.325 -0.052  1.476  0.040
  31 C    6  6.022  0.854  1.120  0.765  0.493  1.325 -0.052  1.476  0.040
  32 C    6  6.022  0.854  1.120  0.765  0.493  1.325 -0.052  1.476  0.040
  33 C    6  6.022  0.854  1.120  0.765  0.493  1.325 -0.052  1.476  0.040
  34 C    6  6.022  0.854  1.120  0.765  0.493  1.325 -0.052  1.476  0.040
  35 C    6  6.022  0.854  1.120  0.765  0.493  1.325 -0.052  1.476  0.040
  36 C    6  6.022  0.854  1.120  0.765  0.493  1.325 -0.052  1.476  0.040
  37 C    6  6.022  0.854  1.120  0.765  0.493  1.325 -0.052  1.476  0.040
  38 C    6  6.022  0.854  1.120  0.765  0.493  1.325 -0.052  1.476  0.040
  39 C    6  6.022  0.854  1.120  0.765  0.493  1.325 -0.052  1.476  0.040
  40 C    6  6.022  0.854  1.120  0.765  0.493  1.325 -0.052  1.476  0.040
  41 C    6  6.022  0.854  1.120  0.765  0.493  1.325 -0.052  1.476  0.040
  42 C    6  6.022  0.854  1.120  0.765  0.493  1.325 -0.052  1.476  0.040
  43 C    6  6.022  0.854  1.120  0.765  0.493  1.325 -0.052  1.476  0.040
  44 C    6  6.022  0.854  1.120  0.765  0.493  1.325 -0.052  1.476  0.040
  45 C    6  6.022  0.854  1.120  0.765  0.493  1.325 -0.052  1.476  0.040
  46 C    6  6.022  0.854  1.120  0.765  0.493  1.325 -0.052  1.476  0.040
  47 C    6  6.022  0.854  1.120  0.765  0.493  1.325 -0.052  1.476  0.040
  48 C    6  6.022  0.854  1.120  0.765  0.493  1.325 -0.052  1.476  0.040
  49 C    6  6.015  0.853  1.121  0.752  0.488  1.301 -0.008  1.463  0.045
  50 C    6  6.015  0.853  1.121  0.752  0.488  1.301 -0.008  1.463  0.045
  51 C    6  6.015  0.853  1.121  0.752  0.488  1.301 -0.008  1.463  0.045
  52 C    6  6.015  0.853  1.121  0.752  0.488  1.301 -0.008  1.463  0.045
  53 C    6  6.015  0.853  1.121  0.752  0.488  1.301 -0.008  1.463  0.045
  54 C    6  6.015  0.853  1.121  0.752  0.488  1.301 -0.008  1.463  0.045
  55 C    6  6.015  0.853  1.121  0.752  0.488  1.301 -0.008  1.463  0.045
  56 C    6  6.015  0.853  1.121  0.752  0.488  1.301 -0.008  1.463  0.045
  57 C    6  6.015  0.853  1.121  0.752  0.488  1.301 -0.008  1.463  0.045
  58 C    6  6.015  0.853  1.121  0.752  0.488  1.301 -0.008  1.463  0.045
  59 C    6  6.015  0.853  1.121  0.752  0.488  1.301 -0.008  1.463  0.045
  60 C    6  6.015  0.853  1.121  0.752  0.488  1.301 -0.008  1.463  0.045
  61 C    6  6.015  0.853  1.121  0.752  0.488  1.301 -0.008  1.463  0.045
  62 C    6  6.015  0.853  1.121  0.752  0.488  1.301 -0.008  1.463  0.045
  63 C    6  6.015  0.853  1.121  0.752  0.488  1.301 -0.008  1.463  0.045
  64 C    6  6.015  0.853  1.121  0.752  0.488  1.301 -0.008  1.463  0.045
  65 C    6  5.956  0.854  1.121  0.762  0.492  1.309 -0.017  1.392  0.044
  66 C    6  5.956  0.854  1.121  0.762  0.492  1.309 -0.017  1.392  0.044
  67 C    6  5.956  0.854  1.121  0.762  0.492  1.309 -0.017  1.392  0.044
  68 C    6  5.956  0.854  1.121  0.762  0.492  1.309 -0.017  1.392  0.044
  69 C    6  5.956  0.854  1.121  0.762  0.492  1.309 -0.017  1.392  0.044
  70 C    6  5.956  0.854  1.121  0.762  0.492  1.309 -0.017  1.392  0.044
  71 C    6  5.956  0.854  1.121  0.762  0.492  1.309 -0.017  1.392  0.044
  72 C    6  5.956  0.854  1.121  0.762  0.492  1.309 -0.017  1.392  0.044
  73 C    6  5.956  0.854  1.121  0.762  0.492  1.309 -0.017  1.392  0.044
  74 C    6  5.956  0.854  1.121  0.762  0.492  1.309 -0.017  1.392  0.044
  75 C    6  5.956  0.854  1.121  0.762  0.492  1.309 -0.017  1.392  0.044
  76 C    6  5.956  0.854  1.121  0.762  0.492  1.309 -0.017  1.392  0.044
  77 C    6  5.956  0.854  1.121  0.762  0.492  1.309 -0.017  1.392  0.044
  78 C    6  5.956  0.854  1.121  0.762  0.492  1.309 -0.017  1.392  0.044
  79 C    6  5.956  0.854  1.121  0.762  0.492  1.309 -0.017  1.392  0.044
  80 C    6  5.956  0.854  1.121  0.762  0.492  1.309 -0.017  1.392  0.044
  81 C    6  5.853  0.853  1.121  0.778  0.349  1.308  0.036  1.364  0.044
  82 C    6  5.853  0.853  1.121  0.778  0.349  1.308  0.036  1.364  0.044
  83 C    6  5.853  0.853  1.121  0.778  0.349  1.308  0.036  1.364  0.044
  84 C    6  5.853  0.853  1.121  0.778  0.349  1.308  0.036  1.364  0.044

 OVERLAP POPULATION CONDENSED TO ATOMS FOR FIRST   6 NEIGHBORS

 ATOM A   1 C    ATOM B     CELL      R(AB)/AU R(AB)/ANG    OVPOP(AB)
                  4 C    (  0  0  0)     2.605     1.378     0.438
                 67 C    (  0  0  0)     2.757     1.459     0.312
                 52 C    (  0  0  0)     2.938     1.555     0.242
                 66 C    (  0  0  0)     4.398     2.327    -0.038
                  8 C    (  0  0  0)     4.426     2.342    -0.011
                 11 C    (  0  0  0)     4.426     2.342    -0.011

 ATOM A   2 C    ATOM B     CELL      R(AB)/AU R(AB)/ANG    OVPOP(AB)
                  3 C    (  0  0  0)     2.605     1.378     0.438
                 68 C    (  0  0  0)     2.757     1.459     0.312
                 51 C    (  0  0  0)     2.938     1.555     0.242
                 65 C    (  0  0  0)     4.398     2.327    -0.038
                  6 C    (  0  0  0)     4.426     2.342    -0.011
                 10 C    (  0  0  0)     4.426     2.342    -0.011

 ATOM A   3 C    ATOM B     CELL      R(AB)/AU R(AB)/ANG    OVPOP(AB)
                  2 C    (  0  0  0)     2.605     1.378     0.438
                 65 C    (  0  0  0)     2.757     1.459     0.312
                 50 C    (  0  0  0)     2.938     1.555     0.242
                 68 C    (  0  0  0)     4.398     2.327    -0.038
                  5 C    (  0  0  0)     4.426     2.342    -0.011
                 12 C    (  0  0  0)     4.426     2.342    -0.011

 ATOM A   4 C    ATOM B     CELL      R(AB)/AU R(AB)/ANG    OVPOP(AB)
                  1 C    (  0  0  0)     2.605     1.378     0.438
                 66 C    (  0  0  0)     2.757     1.459     0.312
                 49 C    (  0  0  0)     2.938     1.555     0.242
                 67 C    (  0  0  0)     4.398     2.327    -0.038
                  7 C    (  0  0  0)     4.426     2.342    -0.011
                  9 C    (  0  0  0)     4.426     2.342    -0.011

 ATOM A   5 C    ATOM B     CELL      R(AB)/AU R(AB)/ANG    OVPOP(AB)
                  8 C    (  0  0  0)     2.605     1.378     0.438
                 65 C    (  0  0  0)     2.756     1.459     0.312
                 52 C    (  0  0  0)     2.938     1.555     0.242
                 67 C    (  0  0  0)     4.398     2.327    -0.038
                 12 C    (  0  0  0)     4.426     2.342    -0.011
                  3 C    (  0  0  0)     4.426     2.342    -0.011

 ATOM A   6 C    ATOM B     CELL      R(AB)/AU R(AB)/ANG    OVPOP(AB)
                  7 C    (  0  0  0)     2.605     1.378     0.438
                 68 C    (  0  0  0)     2.756     1.459     0.312
                 49 C    (  0  0  0)     2.938     1.555     0.242
                 66 C    (  0  0  0)     4.398     2.327    -0.038
                 10 C    (  0  0  0)     4.426     2.342    -0.011
                  2 C    (  0  0  0)     4.426     2.342    -0.011

 ATOM A   7 C    ATOM B     CELL      R(AB)/AU R(AB)/ANG    OVPOP(AB)
                  6 C    (  0  0  0)     2.605     1.378     0.438
                 66 C    (  0  0  0)     2.756     1.459     0.312
                 51 C    (  0  0  0)     2.938     1.555     0.242
                 68 C    (  0  0  0)     4.398     2.327    -0.038
                  9 C    (  0  0  0)     4.426     2.342    -0.011
                  4 C    (  0  0  0)     4.426     2.342    -0.011

 ATOM A   8 C    ATOM B     CELL      R(AB)/AU R(AB)/ANG    OVPOP(AB)
                  5 C    (  0  0  0)     2.605     1.378     0.438
                 67 C    (  0  0  0)     2.756     1.459     0.312
                 50 C    (  0  0  0)     2.938     1.555     0.242
                 65 C    (  0  0  0)     4.398     2.327    -0.038
                 11 C    (  0  0  0)     4.426     2.342    -0.011
                  1 C    (  0  0  0)     4.426     2.342    -0.011

 ATOM A   9 C    ATOM B     CELL      R(AB)/AU R(AB)/ANG    OVPOP(AB)
                 12 C    (  0  0  0)     2.605     1.378     0.438
                 66 C    (  0  0  0)     2.756     1.459     0.312
                 52 C    (  0  0  0)     2.938     1.555     0.242
                 65 C    (  0  0  0)     4.398     2.327    -0.038
                  7 C    (  0  0  0)     4.426     2.342    -0.011
                  4 C    (  0  0  0)     4.426     2.342    -0.011

 ATOM A  10 C    ATOM B     CELL      R(AB)/AU R(AB)/ANG    OVPOP(AB)
                 11 C    (  0  0  0)     2.605     1.378     0.438
                 68 C    (  0  0  0)     2.756     1.459     0.312
                 50 C    (  0  0  0)     2.938     1.555     0.242
                 67 C    (  0  0  0)     4.398     2.327    -0.038
                  6 C    (  0  0  0)     4.426     2.342    -0.011
                  2 C    (  0  0  0)     4.426     2.342    -0.011

 ATOM A  11 C    ATOM B     CELL      R(AB)/AU R(AB)/ANG    OVPOP(AB)
                 10 C    (  0  0  0)     2.605     1.378     0.438
                 67 C    (  0  0  0)     2.756     1.459     0.312
                 49 C    (  0  0  0)     2.938     1.555     0.242
                 68 C    (  0  0  0)     4.398     2.327    -0.038
                  8 C    (  0  0  0)     4.426     2.342    -0.011
                  1 C    (  0  0  0)     4.426     2.342    -0.011

 ATOM A  12 C    ATOM B     CELL      R(AB)/AU R(AB)/ANG    OVPOP(AB)
                  9 C    (  0  0  0)     2.605     1.378     0.438
                 65 C    (  0  0  0)     2.756     1.459     0.312
                 51 C    (  0  0  0)     2.938     1.555     0.242
                 66 C    (  0  0  0)     4.398     2.327    -0.038
                  5 C    (  0  0  0)     4.426     2.342    -0.011
                  3 C    (  0  0  0)     4.426     2.342    -0.011

 ATOM A  13 C    ATOM B     CELL      R(AB)/AU R(AB)/ANG    OVPOP(AB)
                 16 C    (  0  1 -1)     2.605     1.378     0.438
                 71 C    (  0  0  0)     2.757     1.459     0.312
                 56 C    (  0  0 -1)     2.938     1.555     0.242
                 70 C    (  0  1 -1)     4.398     2.327    -0.038
                 20 C    (  0  0  0)     4.426     2.342    -0.011
                 23 C    (  0  0  0)     4.426     2.342    -0.011

 ATOM A  14 C    ATOM B     CELL      R(AB)/AU R(AB)/ANG    OVPOP(AB)
                 15 C    (  0 -1 -1)     2.605     1.378     0.438
                 72 C    (  0  0  0)     2.757     1.459     0.312
                 55 C    (  0  0 -1)     2.938     1.555     0.242
                 69 C    (  0 -1 -1)     4.398     2.327    -0.038
                 18 C    (  0  0  0)     4.426     2.342    -0.011
                 22 C    (  0  0  0)     4.426     2.342    -0.011

 ATOM A  15 C    ATOM B     CELL      R(AB)/AU R(AB)/ANG    OVPOP(AB)
                 14 C    (  0  1  1)     2.605     1.378     0.438
                 69 C    (  0  0  0)     2.757     1.459     0.312
                 54 C    (  0  0  1)     2.938     1.555     0.242
                 72 C    (  0  1  1)     4.398     2.327    -0.038
                 17 C    (  0  0  0)     4.426     2.342    -0.011
                 24 C    (  0  0  0)     4.426     2.342    -0.011

 ATOM A  16 C    ATOM B     CELL      R(AB)/AU R(AB)/ANG    OVPOP(AB)
                 13 C    (  0 -1  1)     2.605     1.378     0.438
                 70 C    (  0  0  0)     2.757     1.459     0.312
                 53 C    (  0  0  1)     2.938     1.555     0.242
                 71 C    (  0 -1  1)     4.398     2.327    -0.038
                 19 C    (  0  0  0)     4.426     2.342    -0.011
                 21 C    (  0  0  0)     4.426     2.342    -0.011

 ATOM A  17 C    ATOM B     CELL      R(AB)/AU R(AB)/ANG    OVPOP(AB)
                 20 C    (  0  0  1)     2.605     1.378     0.438
                 69 C    (  0  0  0)     2.756     1.459     0.313
                 56 C    (  0  0  0)     2.938     1.555     0.242
                 71 C    (  0  0  1)     4.398     2.327    -0.038
                 24 C    (  0  0  0)     4.426     2.342    -0.011
                 15 C    (  0  0  0)     4.426     2.342    -0.011

 ATOM A  18 C    ATOM B     CELL      R(AB)/AU R(AB)/ANG    OVPOP(AB)
                 19 C    (  0  0 -1)     2.605     1.378     0.438
                 72 C    (  0  0  0)     2.756     1.459     0.313
                 53 C    (  0  0  0)     2.938     1.555     0.242
                 70 C    (  0  0 -1)     4.398     2.327    -0.038
                 22 C    (  0  0  0)     4.426     2.342    -0.011
                 14 C    (  0  0  0)     4.426     2.342    -0.011

 ATOM A  19 C    ATOM B     CELL      R(AB)/AU R(AB)/ANG    OVPOP(AB)
                 18 C    (  0  0  1)     2.605     1.378     0.438
                 70 C    (  0  0  0)     2.756     1.459     0.312
                 55 C    (  0  0  0)     2.938     1.555     0.242
                 72 C    (  0  0  1)     4.398     2.327    -0.038
                 21 C    (  0  0  0)     4.426     2.342    -0.011
                 16 C    (  0  0  0)     4.426     2.342    -0.011

 ATOM A  20 C    ATOM B     CELL      R(AB)/AU R(AB)/ANG    OVPOP(AB)
                 17 C    (  0  0 -1)     2.605     1.378     0.438
                 71 C    (  0  0  0)     2.756     1.459     0.313
                 54 C    (  0  0  0)     2.938     1.555     0.242
                 69 C    (  0  0 -1)     4.398     2.327    -0.038
                 23 C    (  0  0  0)     4.426     2.342    -0.011
                 13 C    (  0  0  0)     4.426     2.342    -0.011

 ATOM A  21 C    ATOM B     CELL      R(AB)/AU R(AB)/ANG    OVPOP(AB)
                 24 C    (  0 -1  0)     2.605     1.378     0.438
                 70 C    (  0  0  0)     2.756     1.459     0.312
                 56 C    (  0 -1  0)     2.938     1.555     0.242
                 69 C    (  0 -1  0)     4.398     2.327    -0.038
                 19 C    (  0  0  0)     4.426     2.342    -0.011
                 16 C    (  0  0  0)     4.426     2.342    -0.011

 ATOM A  22 C    ATOM B     CELL      R(AB)/AU R(AB)/ANG    OVPOP(AB)
                 23 C    (  0 -1  0)     2.605     1.378     0.438
                 72 C    (  0  0  0)     2.756     1.459     0.312
                 54 C    (  0 -1  0)     2.938     1.555     0.242
                 71 C    (  0 -1  0)     4.398     2.327    -0.038
                 18 C    (  0  0  0)     4.426     2.342    -0.011
                 14 C    (  0  0  0)     4.426     2.342    -0.011

 ATOM A  23 C    ATOM B     CELL      R(AB)/AU R(AB)/ANG    OVPOP(AB)
                 22 C    (  0  1  0)     2.605     1.378     0.438
                 71 C    (  0  0  0)     2.756     1.459     0.312
                 53 C    (  0  1  0)     2.938     1.555     0.242
                 72 C    (  0  1  0)     4.398     2.327    -0.038
                 20 C    (  0  0  0)     4.426     2.342    -0.011
                 13 C    (  0  0  0)     4.426     2.342    -0.011

 ATOM A  24 C    ATOM B     CELL      R(AB)/AU R(AB)/ANG    OVPOP(AB)
                 21 C    (  0  1  0)     2.605     1.378     0.438
                 69 C    (  0  0  0)     2.756     1.459     0.312
                 55 C    (  0  1  0)     2.938     1.555     0.242
                 70 C    (  0  1  0)     4.398     2.327    -0.038
                 17 C    (  0  0  0)     4.426     2.342    -0.011
                 15 C    (  0  0  0)     4.426     2.342    -0.011

 ATOM A  25 C    ATOM B     CELL      R(AB)/AU R(AB)/ANG    OVPOP(AB)
                 28 C    (  0  0 -1)     2.605     1.378     0.438
                 75 C    (  0  0  0)     2.757     1.459     0.312
                 60 C    (  0  0 -1)     2.938     1.555     0.242
                 74 C    (  0  0 -1)     4.398     2.327    -0.038
                 32 C    (  0  0  0)     4.426     2.342    -0.011
                 35 C    (  0  0  0)     4.426     2.342    -0.011

 ATOM A  26 C    ATOM B     CELL      R(AB)/AU R(AB)/ANG    OVPOP(AB)
                 27 C    (  0  0 -1)     2.605     1.378     0.438
                 76 C    (  0  0  0)     2.757     1.459     0.312
                 59 C    (  0  0 -1)     2.938     1.555     0.242
                 73 C    (  0  0 -1)     4.398     2.327    -0.038
                 30 C    (  0  0  0)     4.426     2.342    -0.011
                 34 C    (  0  0  0)     4.426     2.342    -0.011

 ATOM A  27 C    ATOM B     CELL      R(AB)/AU R(AB)/ANG    OVPOP(AB)
                 26 C    (  0  0  1)     2.605     1.378     0.438
                 73 C    (  0  0  0)     2.757     1.459     0.312
                 58 C    (  0  0  1)     2.938     1.555     0.242
                 76 C    (  0  0  1)     4.398     2.327    -0.038
                 29 C    (  0  0  0)     4.426     2.342    -0.011
                 36 C    (  0  0  0)     4.426     2.342    -0.011

 ATOM A  28 C    ATOM B     CELL      R(AB)/AU R(AB)/ANG    OVPOP(AB)
                 25 C    (  0  0  1)     2.605     1.378     0.438
                 74 C    (  0  0  0)     2.757     1.459     0.312
                 57 C    (  0  0  1)     2.938     1.555     0.242
                 75 C    (  0  0  1)     4.398     2.327    -0.038
                 31 C    (  0  0  0)     4.426     2.342    -0.011
                 33 C    (  0  0  0)     4.426     2.342    -0.011

 ATOM A  29 C    ATOM B     CELL      R(AB)/AU R(AB)/ANG    OVPOP(AB)
                 32 C    ( -1  0  1)     2.605     1.378     0.438
                 73 C    (  0  0  0)     2.756     1.459     0.312
                 60 C    ( -1  0  0)     2.938     1.555     0.242
                 75 C    ( -1  0  1)     4.398     2.327    -0.038
                 36 C    (  0  0  0)     4.426     2.342    -0.011
                 27 C    (  0  0  0)     4.426     2.342    -0.011

 ATOM A  30 C    ATOM B     CELL      R(AB)/AU R(AB)/ANG    OVPOP(AB)
                 31 C    ( -1  0 -1)     2.605     1.378     0.438
                 76 C    (  0  0  0)     2.756     1.459     0.312
                 57 C    ( -1  0  0)     2.938     1.555     0.242
                 74 C    ( -1  0 -1)     4.398     2.327    -0.038
                 34 C    (  0  0  0)     4.426     2.342    -0.011
                 26 C    (  0  0  0)     4.426     2.342    -0.011

 ATOM A  31 C    ATOM B     CELL      R(AB)/AU R(AB)/ANG    OVPOP(AB)
                 30 C    (  1  0  1)     2.605     1.378     0.438
                 74 C    (  0  0  0)     2.756     1.459     0.312
                 59 C    (  1  0  0)     2.938     1.555     0.242
                 76 C    (  1  0  1)     4.398     2.327    -0.038
                 33 C    (  0  0  0)     4.426     2.342    -0.011
                 28 C    (  0  0  0)     4.426     2.342    -0.011

 ATOM A  32 C    ATOM B     CELL      R(AB)/AU R(AB)/ANG    OVPOP(AB)
                 29 C    (  1  0 -1)     2.605     1.378     0.438
                 75 C    (  0  0  0)     2.756     1.459     0.312
                 58 C    (  1  0  0)     2.938     1.555     0.242
                 73 C    (  1  0 -1)     4.398     2.327    -0.038
                 35 C    (  0  0  0)     4.426     2.342    -0.011
                 25 C    (  0  0  0)     4.426     2.342    -0.011

 ATOM A  33 C    ATOM B     CELL      R(AB)/AU R(AB)/ANG    OVPOP(AB)
                 36 C    (  1  0  0)     2.605     1.378     0.438
                 74 C    (  0  0  0)     2.756     1.459     0.312
                 60 C    (  0  0  0)     2.938     1.555     0.242
                 73 C    (  1  0  0)     4.398     2.327    -0.038
                 31 C    (  0  0  0)     4.426     2.342    -0.011
                 28 C    (  0  0  0)     4.426     2.342    -0.011

 ATOM A  34 C    ATOM B     CELL      R(AB)/AU R(AB)/ANG    OVPOP(AB)
                 35 C    ( -1  0  0)     2.605     1.378     0.438
                 76 C    (  0  0  0)     2.756     1.459     0.312
                 58 C    (  0  0  0)     2.938     1.555     0.242
                 75 C    ( -1  0  0)     4.398     2.327    -0.038
                 30 C    (  0  0  0)     4.426     2.342    -0.011
                 26 C    (  0  0  0)     4.426     2.342    -0.011

 ATOM A  35 C    ATOM B     CELL      R(AB)/AU R(AB)/ANG    OVPOP(AB)
                 34 C    (  1  0  0)     2.605     1.378     0.438
                 75 C    (  0  0  0)     2.756     1.459     0.312
                 57 C    (  0  0  0)     2.938     1.555     0.242
                 76 C    (  1  0  0)     4.398     2.327    -0.038
                 32 C    (  0  0  0)     4.426     2.342    -0.011
                 25 C    (  0  0  0)     4.426     2.342    -0.011

 ATOM A  36 C    ATOM B     CELL      R(AB)/AU R(AB)/ANG    OVPOP(AB)
                 33 C    ( -1  0  0)     2.605     1.378     0.438
                 73 C    (  0  0  0)     2.756     1.459     0.312
                 59 C    (  0  0  0)     2.938     1.555     0.242
                 74 C    ( -1  0  0)     4.398     2.327    -0.038
                 29 C    (  0  0  0)     4.426     2.342    -0.011
                 27 C    (  0  0  0)     4.426     2.342    -0.011

 ATOM A  37 C    ATOM B     CELL      R(AB)/AU R(AB)/ANG    OVPOP(AB)
                 40 C    (  0  1  0)     2.605     1.378     0.438
                 79 C    (  0  0  0)     2.757     1.459     0.312
                 64 C    (  0  0  0)     2.938     1.555     0.242
                 78 C    (  0  1  0)     4.398     2.327    -0.038
                 44 C    (  0  0  0)     4.426     2.342    -0.011
                 47 C    (  0  0  0)     4.426     2.342    -0.011

 ATOM A  38 C    ATOM B     CELL      R(AB)/AU R(AB)/ANG    OVPOP(AB)
                 39 C    (  0 -1  0)     2.605     1.378     0.438
                 80 C    (  0  0  0)     2.757     1.459     0.312
                 63 C    (  0  0  0)     2.938     1.555     0.242
                 77 C    (  0 -1  0)     4.398     2.327    -0.038
                 42 C    (  0  0  0)     4.426     2.342    -0.011
                 46 C    (  0  0  0)     4.426     2.342    -0.011

 ATOM A  39 C    ATOM B     CELL      R(AB)/AU R(AB)/ANG    OVPOP(AB)
                 38 C    (  0  1  0)     2.605     1.378     0.438
                 77 C    (  0  0  0)     2.757     1.459     0.312
                 62 C    (  0  0  0)     2.938     1.555     0.242
                 80 C    (  0  1  0)     4.398     2.327    -0.038
                 41 C    (  0  0  0)     4.426     2.342    -0.011
                 48 C    (  0  0  0)     4.426     2.342    -0.011

 ATOM A  40 C    ATOM B     CELL      R(AB)/AU R(AB)/ANG    OVPOP(AB)
                 37 C    (  0 -1  0)     2.605     1.378     0.438
                 78 C    (  0  0  0)     2.757     1.459     0.312
                 61 C    (  0  0  0)     2.938     1.555     0.242
                 79 C    (  0 -1  0)     4.398     2.327    -0.038
                 43 C    (  0  0  0)     4.426     2.342    -0.011
                 45 C    (  0  0  0)     4.426     2.342    -0.011

 ATOM A  41 C    ATOM B     CELL      R(AB)/AU R(AB)/ANG    OVPOP(AB)
                 44 C    ( -1  0  0)     2.605     1.378     0.438
                 77 C    (  0  0  0)     2.756     1.459     0.313
                 64 C    ( -1  0  0)     2.938     1.555     0.242
                 79 C    ( -1  0  0)     4.398     2.327    -0.038
                 48 C    (  0  0  0)     4.426     2.342    -0.011
                 39 C    (  0  0  0)     4.426     2.342    -0.011

 ATOM A  42 C    ATOM B     CELL      R(AB)/AU R(AB)/ANG    OVPOP(AB)
                 43 C    ( -1  0  0)     2.605     1.378     0.438
                 80 C    (  0  0  0)     2.756     1.459     0.313
                 61 C    ( -1  0  0)     2.938     1.555     0.242
                 78 C    ( -1  0  0)     4.398     2.327    -0.038
                 46 C    (  0  0  0)     4.426     2.342    -0.011
                 38 C    (  0  0  0)     4.426     2.342    -0.011

 ATOM A  43 C    ATOM B     CELL      R(AB)/AU R(AB)/ANG    OVPOP(AB)
                 42 C    (  1  0  0)     2.605     1.378     0.438
                 78 C    (  0  0  0)     2.756     1.459     0.313
                 63 C    (  1  0  0)     2.938     1.555     0.242
                 80 C    (  1  0  0)     4.398     2.327    -0.038
                 45 C    (  0  0  0)     4.426     2.342    -0.011
                 40 C    (  0  0  0)     4.426     2.342    -0.011

 ATOM A  44 C    ATOM B     CELL      R(AB)/AU R(AB)/ANG    OVPOP(AB)
                 41 C    (  1  0  0)     2.605     1.378     0.438
                 79 C    (  0  0  0)     2.756     1.459     0.313
                 62 C    (  1  0  0)     2.938     1.555     0.242
                 77 C    (  1  0  0)     4.398     2.327    -0.038
                 47 C    (  0  0  0)     4.426     2.342    -0.011
                 37 C    (  0  0  0)     4.426     2.342    -0.011

 ATOM A  45 C    ATOM B     CELL      R(AB)/AU R(AB)/ANG    OVPOP(AB)
                 48 C    (  1 -1  0)     2.605     1.378     0.438
                 78 C    (  0  0  0)     2.756     1.459     0.312
                 64 C    (  0 -1  0)     2.938     1.555     0.242
                 77 C    (  1 -1  0)     4.398     2.327    -0.038
                 43 C    (  0  0  0)     4.426     2.342    -0.011
                 40 C    (  0  0  0)     4.426     2.342    -0.011

 ATOM A  46 C    ATOM B     CELL      R(AB)/AU R(AB)/ANG    OVPOP(AB)
                 47 C    ( -1 -1  0)     2.605     1.378     0.438
                 80 C    (  0  0  0)     2.756     1.459     0.312
                 62 C    (  0 -1  0)     2.938     1.555     0.242
                 79 C    ( -1 -1  0)     4.398     2.327    -0.038
                 42 C    (  0  0  0)     4.426     2.342    -0.011
                 38 C    (  0  0  0)     4.426     2.342    -0.011

 ATOM A  47 C    ATOM B     CELL      R(AB)/AU R(AB)/ANG    OVPOP(AB)
                 46 C    (  1  1  0)     2.605     1.378     0.438
                 79 C    (  0  0  0)     2.756     1.459     0.312
                 61 C    (  0  1  0)     2.938     1.555     0.242
                 80 C    (  1  1  0)     4.398     2.327    -0.038
                 44 C    (  0  0  0)     4.426     2.342    -0.011
                 37 C    (  0  0  0)     4.426     2.342    -0.011

 ATOM A  48 C    ATOM B     CELL      R(AB)/AU R(AB)/ANG    OVPOP(AB)
                 45 C    ( -1  1  0)     2.605     1.378     0.438
                 77 C    (  0  0  0)     2.756     1.459     0.312
                 63 C    (  0  1  0)     2.938     1.555     0.242
                 78 C    ( -1  1  0)     4.398     2.327    -0.038
                 41 C    (  0  0  0)     4.426     2.342    -0.011
                 39 C    (  0  0  0)     4.426     2.342    -0.011

 ATOM A  49 C    ATOM B     CELL      R(AB)/AU R(AB)/ANG    OVPOP(AB)
                 81 C    (  0  0  0)     2.908     1.539     0.309
                  4 C    (  0  0  0)     2.938     1.555     0.242
                 11 C    (  0  0  0)     2.938     1.555     0.242
                  6 C    (  0  0  0)     2.938     1.555     0.242
                  1 C    (  0  0  0)     4.605     2.437    -0.054
                 10 C    (  0  0  0)     4.605     2.437    -0.054

 ATOM A  50 C    ATOM B     CELL      R(AB)/AU R(AB)/ANG    OVPOP(AB)
                 82 C    (  0  0  0)     2.908     1.539     0.309
                  3 C    (  0  0  0)     2.938     1.555     0.242
                  8 C    (  0  0  0)     2.938     1.555     0.242
                 10 C    (  0  0  0)     2.938     1.555     0.242
                  2 C    (  0  0  0)     4.605     2.437    -0.054
                 11 C    (  0  0  0)     4.605     2.437    -0.054

 ATOM A  51 C    ATOM B     CELL      R(AB)/AU R(AB)/ANG    OVPOP(AB)
                 83 C    (  0  0  0)     2.908     1.539     0.309
                  2 C    (  0  0  0)     2.938     1.555     0.242
                  7 C    (  0  0  0)     2.938     1.555     0.242
                 12 C    (  0  0  0)     2.938     1.555     0.242
                  3 C    (  0  0  0)     4.605     2.437    -0.054
                  9 C    (  0  0  0)     4.605     2.437    -0.054

 ATOM A  52 C    ATOM B     CELL      R(AB)/AU R(AB)/ANG    OVPOP(AB)
                 84 C    (  0  0  0)     2.908     1.539     0.309
                  1 C    (  0  0  0)     2.938     1.555     0.242
                  5 C    (  0  0  0)     2.938     1.555     0.242
                  9 C    (  0  0  0)     2.938     1.555     0.242
                  4 C    (  0  0  0)     4.605     2.437    -0.054
                 12 C    (  0  0  0)     4.605     2.437    -0.054

 ATOM A  53 C    ATOM B     CELL      R(AB)/AU R(AB)/ANG    OVPOP(AB)
                 84 C    (  0  0  0)     2.908     1.539     0.309
                 16 C    (  0  0 -1)     2.938     1.555     0.242
                 18 C    (  0  0  0)     2.938     1.555     0.242
                 23 C    (  0 -1  0)     2.938     1.555     0.242
                 13 C    (  0 -1  0)     4.605     2.437    -0.054
                 22 C    (  0  0  0)     4.605     2.437    -0.054

 ATOM A  54 C    ATOM B     CELL      R(AB)/AU R(AB)/ANG    OVPOP(AB)
                 83 C    (  0  0  0)     2.908     1.539     0.309
                 15 C    (  0  0 -1)     2.938     1.555     0.242
                 20 C    (  0  0  0)     2.938     1.555     0.242
                 22 C    (  0  1  0)     2.938     1.555     0.242
                 14 C    (  0  1  0)     4.605     2.437    -0.054
                 23 C    (  0  0  0)     4.605     2.437    -0.054

 ATOM A  55 C    ATOM B     CELL      R(AB)/AU R(AB)/ANG    OVPOP(AB)
                 82 C    (  0  0  0)     2.908     1.539     0.309
                 14 C    (  0  0  1)     2.938     1.555     0.242
                 19 C    (  0  0  0)     2.938     1.555     0.242
                 24 C    (  0 -1  0)     2.938     1.555     0.242
                 15 C    (  0 -1  0)     4.605     2.437    -0.054
                 21 C    (  0  0  0)     4.605     2.437    -0.054

 ATOM A  56 C    ATOM B     CELL      R(AB)/AU R(AB)/ANG    OVPOP(AB)
                 81 C    (  0  0  0)     2.908     1.539     0.309
                 13 C    (  0  0  1)     2.938     1.555     0.242
                 17 C    (  0  0  0)     2.938     1.555     0.242
                 21 C    (  0  1  0)     2.938     1.555     0.242
                 16 C    (  0  1  0)     4.605     2.437    -0.054
                 24 C    (  0  0  0)     4.605     2.437    -0.054

 ATOM A  57 C    ATOM B     CELL      R(AB)/AU R(AB)/ANG    OVPOP(AB)
                 83 C    (  0  0  0)     2.908     1.539     0.309
                 28 C    (  0  0 -1)     2.938     1.555     0.242
                 30 C    (  1  0  0)     2.938     1.555     0.242
                 35 C    (  0  0  0)     2.938     1.555     0.242
                 25 C    (  0  0  0)     4.605     2.437    -0.054
                 34 C    (  1  0  0)     4.605     2.437    -0.054

 ATOM A  58 C    ATOM B     CELL      R(AB)/AU R(AB)/ANG    OVPOP(AB)
                 84 C    (  0  0  0)     2.908     1.539     0.309
                 27 C    (  0  0 -1)     2.938     1.555     0.242
                 32 C    ( -1  0  0)     2.938     1.555     0.242
                 34 C    (  0  0  0)     2.938     1.555     0.242
                 26 C    (  0  0  0)     4.605     2.437    -0.054
                 35 C    ( -1  0  0)     4.605     2.437    -0.054

 ATOM A  59 C    ATOM B     CELL      R(AB)/AU R(AB)/ANG    OVPOP(AB)
                 81 C    (  0  0  0)     2.908     1.539     0.309
                 26 C    (  0  0  1)     2.938     1.555     0.242
                 31 C    ( -1  0  0)     2.938     1.555     0.242
                 36 C    (  0  0  0)     2.938     1.555     0.242
                 27 C    (  0  0  0)     4.605     2.437    -0.054
                 33 C    ( -1  0  0)     4.605     2.437    -0.054

 ATOM A  60 C    ATOM B     CELL      R(AB)/AU R(AB)/ANG    OVPOP(AB)
                 82 C    (  0  0  0)     2.908     1.539     0.309
                 25 C    (  0  0  1)     2.938     1.555     0.242
                 29 C    (  1  0  0)     2.938     1.555     0.242
                 33 C    (  0  0  0)     2.938     1.555     0.242
                 28 C    (  0  0  0)     4.605     2.437    -0.054
                 36 C    (  1  0  0)     4.605     2.437    -0.054

 ATOM A  61 C    ATOM B     CELL      R(AB)/AU R(AB)/ANG    OVPOP(AB)
                 82 C    (  0  0  0)     2.908     1.539     0.309
                 40 C    (  0  0  0)     2.938     1.555     0.242
                 42 C    (  1  0  0)     2.938     1.555     0.242
                 47 C    (  0 -1  0)     2.938     1.555     0.242
                 37 C    (  0 -1  0)     4.605     2.437    -0.054
                 46 C    (  1  0  0)     4.605     2.437    -0.054

 ATOM A  62 C    ATOM B     CELL      R(AB)/AU R(AB)/ANG    OVPOP(AB)
                 81 C    (  0  0  0)     2.908     1.539     0.309
                 39 C    (  0  0  0)     2.938     1.555     0.242
                 44 C    ( -1  0  0)     2.938     1.555     0.242
                 46 C    (  0  1  0)     2.938     1.555     0.242
                 38 C    (  0  1  0)     4.605     2.437    -0.054
                 47 C    ( -1  0  0)     4.605     2.437    -0.054

 ATOM A  63 C    ATOM B     CELL      R(AB)/AU R(AB)/ANG    OVPOP(AB)
                 84 C    (  0  0  0)     2.908     1.539     0.309
                 38 C    (  0  0  0)     2.938     1.555     0.242
                 43 C    ( -1  0  0)     2.938     1.555     0.242
                 48 C    (  0 -1  0)     2.938     1.555     0.242
                 39 C    (  0 -1  0)     4.605     2.437    -0.054
                 45 C    ( -1  0  0)     4.605     2.437    -0.054

 ATOM A  64 C    ATOM B     CELL      R(AB)/AU R(AB)/ANG    OVPOP(AB)
                 83 C    (  0  0  0)     2.908     1.539     0.309
                 37 C    (  0  0  0)     2.938     1.555     0.242
                 41 C    (  1  0  0)     2.938     1.555     0.242
                 45 C    (  0  1  0)     2.938     1.555     0.242
                 40 C    (  0  1  0)     4.605     2.437    -0.054
                 48 C    (  1  0  0)     4.605     2.437    -0.054

 ATOM A  65 C    ATOM B     CELL      R(AB)/AU R(AB)/ANG    OVPOP(AB)
                  5 C    (  0  0  0)     2.756     1.459     0.312
                 12 C    (  0  0  0)     2.756     1.459     0.312
                  3 C    (  0  0  0)     2.757     1.459     0.312
                  9 C    (  0  0  0)     4.398     2.327    -0.038
                  2 C    (  0  0  0)     4.398     2.327    -0.038
                  8 C    (  0  0  0)     4.398     2.327    -0.038

 ATOM A  66 C    ATOM B     CELL      R(AB)/AU R(AB)/ANG    OVPOP(AB)
                  7 C    (  0  0  0)     2.756     1.459     0.312
                  9 C    (  0  0  0)     2.756     1.459     0.312
                  4 C    (  0  0  0)     2.757     1.459     0.312
                 12 C    (  0  0  0)     4.398     2.327    -0.038
                  1 C    (  0  0  0)     4.398     2.327    -0.038
                  6 C    (  0  0  0)     4.398     2.327    -0.038

 ATOM A  67 C    ATOM B     CELL      R(AB)/AU R(AB)/ANG    OVPOP(AB)
                  8 C    (  0  0  0)     2.756     1.459     0.312
                 11 C    (  0  0  0)     2.756     1.459     0.312
                  1 C    (  0  0  0)     2.757     1.459     0.312
                 10 C    (  0  0  0)     4.398     2.327    -0.038
                  4 C    (  0  0  0)     4.398     2.327    -0.038
                  5 C    (  0  0  0)     4.398     2.327    -0.038

 ATOM A  68 C    ATOM B     CELL      R(AB)/AU R(AB)/ANG    OVPOP(AB)
                  6 C    (  0  0  0)     2.756     1.459     0.312
                 10 C    (  0  0  0)     2.756     1.459     0.312
                  2 C    (  0  0  0)     2.757     1.459     0.312
                 11 C    (  0  0  0)     4.398     2.327    -0.038
                  3 C    (  0  0  0)     4.398     2.327    -0.038
                  7 C    (  0  0  0)     4.398     2.327    -0.038

 ATOM A  69 C    ATOM B     CELL      R(AB)/AU R(AB)/ANG    OVPOP(AB)
                 17 C    (  0  0  0)     2.756     1.459     0.313
                 24 C    (  0  0  0)     2.756     1.459     0.312
                 15 C    (  0  0  0)     2.757     1.459     0.312
                 21 C    (  0  1  0)     4.398     2.327    -0.038
                 14 C    (  0  1  1)     4.398     2.327    -0.038
                 20 C    (  0  0  1)     4.398     2.327    -0.038

 ATOM A  70 C    ATOM B     CELL      R(AB)/AU R(AB)/ANG    OVPOP(AB)
                 19 C    (  0  0  0)     2.756     1.459     0.312
                 21 C    (  0  0  0)     2.756     1.459     0.312
                 16 C    (  0  0  0)     2.757     1.459     0.312
                 24 C    (  0 -1  0)     4.398     2.327    -0.038
                 13 C    (  0 -1  1)     4.398     2.327    -0.038
                 18 C    (  0  0  1)     4.398     2.327    -0.038

 ATOM A  71 C    ATOM B     CELL      R(AB)/AU R(AB)/ANG    OVPOP(AB)
                 20 C    (  0  0  0)     2.756     1.459     0.313
                 23 C    (  0  0  0)     2.756     1.459     0.312
                 13 C    (  0  0  0)     2.757     1.459     0.312
                 22 C    (  0  1  0)     4.398     2.327    -0.038
                 16 C    (  0  1 -1)     4.398     2.327    -0.038
                 17 C    (  0  0 -1)     4.398     2.327    -0.038

 ATOM A  72 C    ATOM B     CELL      R(AB)/AU R(AB)/ANG    OVPOP(AB)
                 18 C    (  0  0  0)     2.756     1.459     0.313
                 22 C    (  0  0  0)     2.756     1.459     0.312
                 14 C    (  0  0  0)     2.757     1.459     0.312
                 23 C    (  0 -1  0)     4.398     2.327    -0.038
                 15 C    (  0 -1 -1)     4.398     2.327    -0.038
                 19 C    (  0  0 -1)     4.398     2.327    -0.038

 ATOM A  73 C    ATOM B     CELL      R(AB)/AU R(AB)/ANG    OVPOP(AB)
                 29 C    (  0  0  0)     2.756     1.459     0.312
                 36 C    (  0  0  0)     2.756     1.459     0.312
                 27 C    (  0  0  0)     2.757     1.459     0.312
                 33 C    ( -1  0  0)     4.398     2.327    -0.038
                 26 C    (  0  0  1)     4.398     2.327    -0.038
                 32 C    ( -1  0  1)     4.398     2.327    -0.038

 ATOM A  74 C    ATOM B     CELL      R(AB)/AU R(AB)/ANG    OVPOP(AB)
                 31 C    (  0  0  0)     2.756     1.459     0.312
                 33 C    (  0  0  0)     2.756     1.459     0.312
                 28 C    (  0  0  0)     2.757     1.459     0.312
                 36 C    (  1  0  0)     4.398     2.327    -0.038
                 25 C    (  0  0  1)     4.398     2.327    -0.038
                 30 C    (  1  0  1)     4.398     2.327    -0.038

 ATOM A  75 C    ATOM B     CELL      R(AB)/AU R(AB)/ANG    OVPOP(AB)
                 32 C    (  0  0  0)     2.756     1.459     0.312
                 35 C    (  0  0  0)     2.756     1.459     0.312
                 25 C    (  0  0  0)     2.757     1.459     0.312
                 34 C    (  1  0  0)     4.398     2.327    -0.038
                 28 C    (  0  0 -1)     4.398     2.327    -0.038
                 29 C    (  1  0 -1)     4.398     2.327    -0.038

 ATOM A  76 C    ATOM B     CELL      R(AB)/AU R(AB)/ANG    OVPOP(AB)
                 30 C    (  0  0  0)     2.756     1.459     0.312
                 34 C    (  0  0  0)     2.756     1.459     0.312
                 26 C    (  0  0  0)     2.757     1.459     0.312
                 35 C    ( -1  0  0)     4.398     2.327    -0.038
                 27 C    (  0  0 -1)     4.398     2.327    -0.038
                 31 C    ( -1  0 -1)     4.398     2.327    -0.038

 ATOM A  77 C    ATOM B     CELL      R(AB)/AU R(AB)/ANG    OVPOP(AB)
                 41 C    (  0  0  0)     2.756     1.459     0.313
                 48 C    (  0  0  0)     2.756     1.459     0.312
                 39 C    (  0  0  0)     2.757     1.459     0.312
                 45 C    ( -1  1  0)     4.398     2.327    -0.038
                 38 C    (  0  1  0)     4.398     2.327    -0.038
                 44 C    ( -1  0  0)     4.398     2.327    -0.038

 ATOM A  78 C    ATOM B     CELL      R(AB)/AU R(AB)/ANG    OVPOP(AB)
                 43 C    (  0  0  0)     2.756     1.459     0.313
                 45 C    (  0  0  0)     2.756     1.459     0.312
                 40 C    (  0  0  0)     2.757     1.459     0.312
                 48 C    (  1 -1  0)     4.398     2.327    -0.038
                 37 C    (  0 -1  0)     4.398     2.327    -0.038
                 42 C    (  1  0  0)     4.398     2.327    -0.038

 ATOM A  79 C    ATOM B     CELL      R(AB)/AU R(AB)/ANG    OVPOP(AB)
                 44 C    (  0  0  0)     2.756     1.459     0.313
                 47 C    (  0  0  0)     2.756     1.459     0.312
                 37 C    (  0  0  0)     2.757     1.459     0.312
                 46 C    (  1  1  0)     4.398     2.327    -0.038
                 40 C    (  0  1  0)     4.398     2.327    -0.038
                 41 C    (  1  0  0)     4.398     2.327    -0.038

 ATOM A  80 C    ATOM B     CELL      R(AB)/AU R(AB)/ANG    OVPOP(AB)
                 42 C    (  0  0  0)     2.756     1.459     0.313
                 46 C    (  0  0  0)     2.756     1.459     0.312
                 38 C    (  0  0  0)     2.757     1.459     0.312
                 47 C    ( -1 -1  0)     4.398     2.327    -0.038
                 39 C    (  0 -1  0)     4.398     2.327    -0.038
                 43 C    ( -1  0  0)     4.398     2.327    -0.038

 ATOM A  81 C    ATOM B     CELL      R(AB)/AU R(AB)/ANG    OVPOP(AB)
                 56 C    (  0  0  0)     2.908     1.539     0.309
                 59 C    (  0  0  0)     2.908     1.539     0.309
                 49 C    (  0  0  0)     2.908     1.539     0.309
                 62 C    (  0  0  0)     2.908     1.539     0.309
                 13 C    (  0  0  1)     5.033     2.663    -0.016
                  4 C    (  0  0  0)     5.033     2.663    -0.016

 ATOM A  82 C    ATOM B     CELL      R(AB)/AU R(AB)/ANG    OVPOP(AB)
                 60 C    (  0  0  0)     2.908     1.539     0.309
                 50 C    (  0  0  0)     2.908     1.539     0.309
                 55 C    (  0  0  0)     2.908     1.539     0.309
                 61 C    (  0  0  0)     2.908     1.539     0.309
                 25 C    (  0  0  1)     5.033     2.663    -0.016
                 42 C    (  1  0  0)     5.033     2.663    -0.016

 ATOM A  83 C    ATOM B     CELL      R(AB)/AU R(AB)/ANG    OVPOP(AB)
                 57 C    (  0  0  0)     2.908     1.539     0.309
                 64 C    (  0  0  0)     2.908     1.539     0.309
                 51 C    (  0  0  0)     2.908     1.539     0.309
                 54 C    (  0  0  0)     2.908     1.539     0.309
                 28 C    (  0  0 -1)     5.033     2.663    -0.016
                 37 C    (  0  0  0)     5.033     2.663    -0.016

 ATOM A  84 C    ATOM B     CELL      R(AB)/AU R(AB)/ANG    OVPOP(AB)
                 52 C    (  0  0  0)     2.908     1.539     0.309
                 53 C    (  0  0  0)     2.908     1.539     0.309
                 58 C    (  0  0  0)     2.908     1.539     0.309
                 63 C    (  0  0  0)     2.908     1.539     0.309
                 16 C    (  0  0 -1)     5.033     2.663    -0.016
                 38 C    (  0  0  0)     5.033     2.663    -0.016
 TTTTTTTTTTTTTTTTTTTTTTTTTTTTTT AFTER FIRST TELAPSE    42417.37 TCPU    42325.04
 MMMMMMMMMMMMMMMMMMMMMMMMMMMMMMMMMMMMMMMMMMMMMMMMMMMMMMMMMMMMMMMMMMMMMMMMMMMMMMM
     ALPHA-BETA ELECTRONS
 MULLIKEN POPULATION ANALYSIS - NO. OF ELECTRONS    0.000000

  ATOM    Z CHARGE  A.O. POPULATION

   1 C    6 -0.000  0.000 -0.000 -0.000  0.000 -0.000 -0.000 -0.000 -0.000
                    0.000  0.000 -0.000 -0.000 -0.000  0.000 -0.000 -0.000
                    0.000 -0.000
   2 C    6  0.000  0.000 -0.000  0.000 -0.000  0.000  0.000  0.000  0.000
                    0.000  0.000  0.000 -0.000 -0.000  0.000 -0.000  0.000
                   -0.000 -0.000
   3 C    6 -0.000 -0.000 -0.000 -0.000  0.000 -0.000 -0.000 -0.000  0.000
                    0.000  0.000 -0.000  0.000 -0.000  0.000  0.000 -0.000
                    0.000 -0.000
   4 C    6 -0.000 -0.000  0.000 -0.000  0.000 -0.000 -0.000 -0.000  0.000
                    0.000  0.000  0.000 -0.000 -0.000 -0.000 -0.000 -0.000
                    0.000 -0.000
   5 C    6 -0.000 -0.000  0.000  0.000  0.000 -0.000 -0.000 -0.000  0.000
                    0.000  0.000 -0.000 -0.000 -0.000 -0.000  0.000  0.000
                   -0.000 -0.000
   6 C    6  0.000  0.000 -0.000  0.000 -0.000 -0.000  0.000  0.000  0.000
                    0.000  0.000 -0.000  0.000  0.000 -0.000  0.000 -0.000
                    0.000 -0.000
   7 C    6 -0.000 -0.000  0.000 -0.000  0.000 -0.000 -0.000 -0.000  0.000
                    0.000  0.000 -0.000 -0.000 -0.000  0.000  0.000  0.000
                    0.000 -0.000
   8 C    6  0.000 -0.000  0.000 -0.000  0.000 -0.000  0.000 -0.000  0.000
                    0.000  0.000 -0.000  0.000 -0.000 -0.000  0.000 -0.000
                    0.000 -0.000
   9 C    6 -0.000  0.000 -0.000  0.000 -0.000  0.000  0.000  0.000  0.000
                    0.000  0.000 -0.000 -0.000 -0.000  0.000  0.000 -0.000
                    0.000  0.000
  10 C    6 -0.000  0.000 -0.000 -0.000  0.000 -0.000 -0.000 -0.000  0.000
                    0.000  0.000 -0.000 -0.000 -0.000 -0.000 -0.000 -0.000
                   -0.000 -0.000
  11 C    6 -0.000  0.000 -0.000  0.000  0.000  0.000  0.000 -0.000  0.000
                    0.000  0.000 -0.000 -0.000 -0.000  0.000 -0.000 -0.000
                   -0.000  0.000
  12 C    6  0.000  0.000 -0.000  0.000  0.000  0.000  0.000  0.000  0.000
                    0.000  0.000 -0.000 -0.000 -0.000 -0.000  0.000  0.000
                   -0.000  0.000
  13 C    6 -0.000 -0.000  0.000  0.000 -0.000  0.000  0.000  0.000 -0.000
                    0.000 -0.000  0.000 -0.000 -0.000 -0.000  0.000  0.000
                    0.000  0.000
  14 C    6 -0.000  0.000 -0.000 -0.000  0.000 -0.000  0.000 -0.000 -0.000
                   -0.000 -0.000  0.000  0.000  0.000 -0.000 -0.000 -0.000
                    0.000 -0.000
  15 C    6 -0.000  0.000 -0.000 -0.000  0.000 -0.000 -0.000 -0.000 -0.000
                   -0.000 -0.000  0.000  0.000  0.000 -0.000 -0.000 -0.000
                    0.000 -0.000
  16 C    6 -0.000 -0.000  0.000 -0.000  0.000 -0.000 -0.000 -0.000 -0.000
                   -0.000 -0.000 -0.000  0.000 -0.000 -0.000  0.000 -0.000
                    0.000  0.000
  17 C    6  0.000 -0.000  0.000  0.000 -0.000  0.000  0.000  0.000 -0.000
                    0.000 -0.000 -0.000 -0.000  0.000  0.000 -0.000  0.000
                    0.000  0.000
  18 C    6  0.000  0.000 -0.000  0.000 -0.000  0.000  0.000  0.000  0.000
                    0.000 -0.000 -0.000  0.000  0.000  0.000  0.000 -0.000
                    0.000  0.000
  19 C    6 -0.000 -0.000  0.000  0.000 -0.000  0.000 -0.000  0.000 -0.000
                    0.000 -0.000  0.000 -0.000  0.000  0.000 -0.000  0.000
                    0.000  0.000
  20 C    6 -0.000 -0.000  0.000  0.000 -0.000  0.000 -0.000  0.000  0.000
                   -0.000 -0.000 -0.000 -0.000 -0.000  0.000  0.000  0.000
                    0.000  0.000
  21 C    6 -0.000  0.000  0.000  0.000 -0.000  0.000  0.000 -0.000 -0.000
                   -0.000 -0.000  0.000  0.000 -0.000  0.000  0.000  0.000
                    0.000  0.000
  22 C    6  0.000  0.000 -0.000 -0.000  0.000  0.000  0.000  0.000  0.000
                   -0.000 -0.000  0.000  0.000  0.000  0.000  0.000  0.000
                   -0.000  0.000
  23 C    6 -0.000  0.000 -0.000 -0.000  0.000 -0.000 -0.000 -0.000  0.000
                   -0.000  0.000 -0.000  0.000 -0.000  0.000 -0.000  0.000
                   -0.000 -0.000
  24 C    6  0.000  0.000 -0.000 -0.000  0.000 -0.000  0.000  0.000  0.000
                   -0.000 -0.000  0.000  0.000  0.000  0.000  0.000  0.000
                    0.000 -0.000
  25 C    6 -0.000  0.000 -0.000 -0.000  0.000 -0.000 -0.000 -0.000 -0.000
                   -0.000 -0.000  0.000  0.000  0.000 -0.000 -0.000 -0.000
                   -0.000 -0.000
  26 C    6 -0.000  0.000 -0.000  0.000 -0.000 -0.000  0.000  0.000 -0.000
                   -0.000 -0.000  0.000 -0.000  0.000  0.000 -0.000  0.000
                    0.000  0.000
  27 C    6 -0.000  0.000 -0.000  0.000  0.000 -0.000  0.000  0.000  0.000
                   -0.000 -0.000 -0.000  0.000 -0.000  0.000 -0.000 -0.000
                    0.000 -0.000
  28 C    6 -0.000 -0.000 -0.000 -0.000  0.000 -0.000 -0.000 -0.000 -0.000
                   -0.000 -0.000 -0.000  0.000  0.000 -0.000 -0.000 -0.000
                    0.000 -0.000
  29 C    6 -0.000 -0.000 -0.000 -0.000 -0.000 -0.000 -0.000 -0.000 -0.000
                   -0.000 -0.000  0.000  0.000 -0.000 -0.000 -0.000 -0.000
                   -0.000  0.000
  30 C    6 -0.000 -0.000  0.000 -0.000 -0.000 -0.000 -0.000 -0.000 -0.000
                    0.000 -0.000  0.000 -0.000 -0.000  0.000 -0.000 -0.000
                   -0.000 -0.000
  31 C    6 -0.000 -0.000  0.000  0.000 -0.000 -0.000 -0.000 -0.000 -0.000
                    0.000 -0.000 -0.000 -0.000  0.000 -0.000 -0.000 -0.000
                   -0.000  0.000
  32 C    6 -0.000  0.000 -0.000 -0.000  0.000  0.000 -0.000 -0.000 -0.000
                   -0.000 -0.000  0.000 -0.000  0.000  0.000 -0.000 -0.000
                    0.000 -0.000
  33 C    6 -0.000 -0.000  0.000  0.000  0.000 -0.000  0.000 -0.000 -0.000
                   -0.000 -0.000  0.000  0.000 -0.000 -0.000  0.000  0.000
                    0.000 -0.000
  34 C    6 -0.000 -0.000  0.000 -0.000 -0.000 -0.000 -0.000 -0.000  0.000
                   -0.000 -0.000  0.000  0.000  0.000 -0.000  0.000 -0.000
                   -0.000  0.000
  35 C    6 -0.000 -0.000  0.000 -0.000  0.000 -0.000 -0.000 -0.000 -0.000
                   -0.000  0.000  0.000  0.000 -0.000 -0.000 -0.000 -0.000
                   -0.000 -0.000
  36 C    6 -0.000  0.000 -0.000  0.000 -0.000  0.000  0.000 -0.000  0.000
                   -0.000  0.000 -0.000  0.000 -0.000  0.000  0.000  0.000
                    0.000  0.000
  37 C    6  0.000  0.000 -0.000 -0.000  0.000  0.000  0.000  0.000 -0.000
                    0.000 -0.000  0.000 -0.000  0.000  0.000 -0.000  0.000
                    0.000 -0.000
  38 C    6  0.000  0.000 -0.000 -0.000  0.000  0.000 -0.000 -0.000 -0.000
                   -0.000  0.000  0.000  0.000 -0.000  0.000 -0.000 -0.000
                    0.000  0.000
  39 C    6  0.000  0.000 -0.000 -0.000  0.000  0.000  0.000 -0.000  0.000
                    0.000  0.000  0.000 -0.000  0.000 -0.000 -0.000 -0.000
                    0.000  0.000
  40 C    6  0.000 -0.000  0.000 -0.000  0.000 -0.000 -0.000 -0.000  0.000
                   -0.000  0.000 -0.000  0.000  0.000  0.000 -0.000 -0.000
                    0.000 -0.000
  41 C    6  0.000 -0.000  0.000  0.000  0.000  0.000  0.000  0.000  0.000
                    0.000  0.000 -0.000  0.000 -0.000  0.000  0.000  0.000
                    0.000  0.000
  42 C    6  0.000  0.000 -0.000  0.000 -0.000 -0.000  0.000  0.000  0.000
                    0.000  0.000 -0.000  0.000 -0.000  0.000  0.000 -0.000
                    0.000 -0.000
  43 C    6  0.000 -0.000  0.000 -0.000  0.000 -0.000  0.000 -0.000  0.000
                    0.000  0.000  0.000  0.000 -0.000 -0.000  0.000  0.000
                    0.000 -0.000
  44 C    6  0.000  0.000 -0.000  0.000  0.000  0.000  0.000  0.000  0.000
                    0.000  0.000 -0.000  0.000 -0.000  0.000  0.000  0.000
                    0.000 -0.000
  45 C    6  0.000  0.000 -0.000 -0.000  0.000  0.000 -0.000  0.000 -0.000
                   -0.000 -0.000  0.000 -0.000  0.000 -0.000  0.000  0.000
                   -0.000 -0.000
  46 C    6  0.000  0.000 -0.000  0.000  0.000  0.000  0.000  0.000  0.000
                    0.000  0.000 -0.000 -0.000  0.000  0.000  0.000 -0.000
                   -0.000  0.000
  47 C    6  0.000 -0.000  0.000 -0.000  0.000 -0.000 -0.000  0.000  0.000
                    0.000  0.000 -0.000 -0.000  0.000 -0.000 -0.000 -0.000
                   -0.000 -0.000
  48 C    6  0.000 -0.000  0.000 -0.000  0.000  0.000 -0.000  0.000  0.000
                    0.000  0.000 -0.000 -0.000 -0.000 -0.000  0.000  0.000
                   -0.000  0.000
  49 C    6  0.000 -0.000  0.000  0.000 -0.000  0.000 -0.000 -0.000 -0.000
                    0.000  0.000  0.000 -0.000 -0.000 -0.000  0.000  0.000
                   -0.000  0.000
  50 C    6  0.000  0.000 -0.000 -0.000  0.000 -0.000  0.000  0.000 -0.000
                    0.000 -0.000 -0.000  0.000  0.000 -0.000  0.000  0.000
                   -0.000  0.000
  51 C    6  0.000  0.000 -0.000  0.000  0.000  0.000  0.000 -0.000 -0.000
                    0.000  0.000  0.000  0.000  0.000  0.000 -0.000  0.000
                   -0.000 -0.000
  52 C    6  0.000  0.000  0.000 -0.000  0.000 -0.000 -0.000  0.000 -0.000
                    0.000 -0.000 -0.000 -0.000 -0.000 -0.000 -0.000  0.000
                    0.000 -0.000
  53 C    6 -0.000 -0.000  0.000 -0.000 -0.000 -0.000 -0.000  0.000  0.000
                    0.000 -0.000  0.000 -0.000 -0.000  0.000 -0.000 -0.000
                    0.000  0.000
  54 C    6 -0.000  0.000  0.000 -0.000 -0.000 -0.000 -0.000  0.000  0.000
                    0.000 -0.000 -0.000 -0.000 -0.000  0.000 -0.000  0.000
                   -0.000  0.000
  55 C    6  0.000  0.000 -0.000 -0.000  0.000  0.000 -0.000  0.000 -0.000
                   -0.000 -0.000 -0.000 -0.000  0.000  0.000 -0.000 -0.000
                    0.000  0.000
  56 C    6 -0.000  0.000 -0.000  0.000 -0.000  0.000 -0.000  0.000  0.000
                    0.000 -0.000 -0.000 -0.000  0.000  0.000  0.000 -0.000
                    0.000  0.000
  57 C    6 -0.000  0.000 -0.000  0.000 -0.000  0.000 -0.000  0.000 -0.000
                    0.000 -0.000  0.000 -0.000  0.000  0.000 -0.000  0.000
                   -0.000 -0.000
  58 C    6 -0.000 -0.000  0.000 -0.000 -0.000  0.000 -0.000 -0.000 -0.000
                    0.000  0.000 -0.000 -0.000 -0.000 -0.000  0.000 -0.000
                    0.000 -0.000
  59 C    6  0.000  0.000 -0.000  0.000 -0.000  0.000 -0.000 -0.000 -0.000
                    0.000  0.000  0.000  0.000 -0.000  0.000  0.000 -0.000
                    0.000  0.000
  60 C    6 -0.000  0.000  0.000 -0.000 -0.000  0.000 -0.000  0.000 -0.000
                    0.000 -0.000 -0.000 -0.000  0.000  0.000 -0.000 -0.000
                    0.000 -0.000
  61 C    6  0.000 -0.000  0.000 -0.000  0.000 -0.000 -0.000 -0.000 -0.000
                    0.000 -0.000  0.000  0.000  0.000 -0.000 -0.000  0.000
                   -0.000  0.000
  62 C    6 -0.000  0.000 -0.000 -0.000 -0.000 -0.000 -0.000 -0.000  0.000
                   -0.000  0.000 -0.000  0.000 -0.000 -0.000  0.000  0.000
                   -0.000  0.000
  63 C    6 -0.000  0.000 -0.000 -0.000 -0.000 -0.000 -0.000 -0.000 -0.000
                    0.000  0.000  0.000  0.000 -0.000 -0.000  0.000 -0.000
                   -0.000 -0.000
  64 C    6  0.000  0.000 -0.000  0.000  0.000  0.000  0.000  0.000 -0.000
                   -0.000 -0.000  0.000  0.000  0.000  0.000 -0.000  0.000
                   -0.000  0.000
  65 C    6  0.000  0.000 -0.000  0.000  0.000  0.000  0.000  0.000  0.000
                    0.000  0.000  0.000  0.000  0.000 -0.000 -0.000  0.000
                    0.000  0.000
  66 C    6 -0.000 -0.000  0.000 -0.000 -0.000 -0.000 -0.000 -0.000  0.000
                    0.000  0.000 -0.000 -0.000 -0.000 -0.000 -0.000  0.000
                   -0.000 -0.000
  67 C    6 -0.000 -0.000  0.000 -0.000  0.000 -0.000 -0.000 -0.000  0.000
                    0.000  0.000  0.000 -0.000 -0.000 -0.000 -0.000 -0.000
                    0.000 -0.000
  68 C    6 -0.000 -0.000  0.000 -0.000  0.000 -0.000 -0.000 -0.000  0.000
                    0.000  0.000 -0.000 -0.000 -0.000 -0.000  0.000  0.000
                    0.000  0.000
  69 C    6 -0.000  0.000 -0.000  0.000 -0.000 -0.000 -0.000 -0.000 -0.000
                   -0.000 -0.000 -0.000  0.000  0.000  0.000  0.000  0.000
                    0.000  0.000
  70 C    6  0.000  0.000 -0.000  0.000  0.000  0.000  0.000  0.000 -0.000
                   -0.000 -0.000  0.000  0.000  0.000 -0.000 -0.000  0.000
                    0.000 -0.000
  71 C    6  0.000 -0.000 -0.000  0.000 -0.000  0.000  0.000  0.000 -0.000
                   -0.000 -0.000  0.000 -0.000 -0.000  0.000  0.000  0.000
                    0.000  0.000
  72 C    6 -0.000 -0.000  0.000 -0.000  0.000  0.000 -0.000 -0.000 -0.000
                   -0.000 -0.000  0.000  0.000  0.000 -0.000  0.000 -0.000
                   -0.000 -0.000
  73 C    6 -0.000  0.000 -0.000  0.000 -0.000 -0.000 -0.000 -0.000 -0.000
                    0.000 -0.000 -0.000 -0.000 -0.000 -0.000  0.000  0.000
                    0.000  0.000
  74 C    6 -0.000  0.000 -0.000  0.000 -0.000 -0.000 -0.000 -0.000 -0.000
                   -0.000 -0.000 -0.000 -0.000 -0.000 -0.000 -0.000  0.000
                   -0.000 -0.000
  75 C    6 -0.000 -0.000 -0.000 -0.000  0.000 -0.000 -0.000 -0.000 -0.000
                   -0.000 -0.000  0.000  0.000  0.000 -0.000 -0.000 -0.000
                   -0.000 -0.000
  76 C    6 -0.000  0.000 -0.000  0.000 -0.000 -0.000 -0.000 -0.000 -0.000
                   -0.000 -0.000 -0.000 -0.000 -0.000 -0.000  0.000  0.000
                   -0.000  0.000
  77 C    6  0.000  0.000 -0.000  0.000 -0.000  0.000  0.000  0.000  0.000
                   -0.000 -0.000  0.000  0.000  0.000  0.000 -0.000  0.000
                    0.000  0.000
  78 C    6  0.000 -0.000 -0.000 -0.000  0.000  0.000  0.000  0.000  0.000
                    0.000  0.000  0.000  0.000  0.000 -0.000 -0.000  0.000
                    0.000 -0.000
  79 C    6  0.000 -0.000  0.000  0.000  0.000  0.000  0.000  0.000  0.000
                    0.000  0.000  0.000  0.000  0.000  0.000 -0.000  0.000
                   -0.000  0.000
  80 C    6  0.000  0.000 -0.000 -0.000  0.000  0.000  0.000  0.000 -0.000
                   -0.000  0.000  0.000  0.000  0.000 -0.000 -0.000 -0.000
                    0.000 -0.000
  81 C    6  0.000 -0.000  0.000  0.000 -0.000  0.000  0.000  0.000 -0.000
                   -0.000  0.000 -0.000  0.000 -0.000 -0.000 -0.000  0.000
                    0.000  0.000
  82 C    6  0.000  0.000 -0.000  0.000 -0.000 -0.000  0.000  0.000 -0.000
                    0.000 -0.000 -0.000  0.000  0.000 -0.000 -0.000  0.000
                    0.000  0.000
  83 C    6  0.000 -0.000  0.000 -0.000  0.000  0.000 -0.000  0.000 -0.000
                   -0.000 -0.000 -0.000  0.000  0.000 -0.000 -0.000  0.000
                    0.000  0.000
  84 C    6  0.000 -0.000  0.000  0.000  0.000  0.000 -0.000  0.000 -0.000
                    0.000  0.000  0.000 -0.000 -0.000  0.000 -0.000  0.000
                    0.000  0.000

  ATOM    Z CHARGE  SHELL POPULATION

   1 C    6 -0.000  0.000 -0.000 -0.000  0.000 -0.000  0.000 -0.000 -0.000
   2 C    6  0.000  0.000 -0.000  0.000 -0.000  0.000  0.000 -0.000 -0.000
   3 C    6 -0.000 -0.000 -0.000 -0.000  0.000 -0.000  0.000 -0.000 -0.000
   4 C    6 -0.000 -0.000  0.000 -0.000  0.000 -0.000  0.000 -0.000 -0.000
   5 C    6 -0.000 -0.000  0.000  0.000  0.000 -0.000  0.000 -0.000  0.000
   6 C    6  0.000  0.000 -0.000  0.000 -0.000  0.000  0.000  0.000 -0.000
   7 C    6 -0.000 -0.000  0.000 -0.000  0.000 -0.000  0.000 -0.000  0.000
   8 C    6  0.000 -0.000  0.000 -0.000  0.000  0.000  0.000  0.000 -0.000
   9 C    6 -0.000  0.000 -0.000  0.000 -0.000  0.000  0.000 -0.000  0.000
  10 C    6 -0.000  0.000 -0.000 -0.000  0.000 -0.000  0.000 -0.000 -0.000
  11 C    6 -0.000  0.000 -0.000  0.000  0.000 -0.000  0.000 -0.000 -0.000
  12 C    6  0.000  0.000 -0.000  0.000  0.000  0.000  0.000 -0.000  0.000
  13 C    6 -0.000 -0.000  0.000  0.000 -0.000  0.000 -0.000 -0.000  0.000
  14 C    6 -0.000  0.000 -0.000 -0.000  0.000 -0.000 -0.000  0.000 -0.000
  15 C    6 -0.000  0.000 -0.000 -0.000  0.000 -0.000 -0.000  0.000 -0.000
  16 C    6 -0.000 -0.000  0.000 -0.000  0.000 -0.000 -0.000 -0.000  0.000
  17 C    6  0.000 -0.000  0.000  0.000 -0.000  0.000 -0.000 -0.000  0.000
  18 C    6  0.000  0.000 -0.000  0.000 -0.000  0.000  0.000  0.000  0.000
  19 C    6 -0.000 -0.000  0.000  0.000 -0.000 -0.000 -0.000  0.000  0.000
  20 C    6 -0.000 -0.000  0.000  0.000 -0.000  0.000 -0.000 -0.000  0.000
  21 C    6 -0.000  0.000  0.000  0.000 -0.000  0.000 -0.000 -0.000  0.000
  22 C    6  0.000  0.000 -0.000 -0.000  0.000  0.000 -0.000  0.000  0.000
  23 C    6 -0.000  0.000 -0.000 -0.000  0.000 -0.000  0.000 -0.000  0.000
  24 C    6  0.000  0.000 -0.000 -0.000  0.000  0.000 -0.000  0.000  0.000
  25 C    6 -0.000  0.000 -0.000 -0.000  0.000 -0.000 -0.000  0.000 -0.000
  26 C    6 -0.000  0.000 -0.000  0.000 -0.000  0.000 -0.000 -0.000  0.000
  27 C    6 -0.000  0.000 -0.000  0.000  0.000 -0.000 -0.000 -0.000 -0.000
  28 C    6 -0.000 -0.000 -0.000 -0.000  0.000 -0.000 -0.000  0.000 -0.000
  29 C    6 -0.000 -0.000 -0.000 -0.000 -0.000 -0.000 -0.000  0.000 -0.000
  30 C    6 -0.000 -0.000  0.000 -0.000 -0.000 -0.000 -0.000 -0.000 -0.000
  31 C    6 -0.000 -0.000  0.000  0.000 -0.000 -0.000 -0.000 -0.000 -0.000
  32 C    6 -0.000  0.000 -0.000 -0.000  0.000 -0.000 -0.000 -0.000 -0.000
  33 C    6 -0.000 -0.000  0.000  0.000  0.000 -0.000 -0.000  0.000  0.000
  34 C    6 -0.000 -0.000  0.000 -0.000 -0.000 -0.000 -0.000  0.000 -0.000
  35 C    6 -0.000 -0.000  0.000 -0.000  0.000 -0.000  0.000  0.000 -0.000
  36 C    6 -0.000  0.000 -0.000  0.000 -0.000  0.000  0.000 -0.000  0.000
  37 C    6  0.000  0.000 -0.000 -0.000  0.000  0.000  0.000  0.000  0.000
  38 C    6  0.000  0.000 -0.000 -0.000  0.000 -0.000 -0.000  0.000  0.000
  39 C    6  0.000  0.000 -0.000 -0.000  0.000  0.000  0.000  0.000 -0.000
  40 C    6  0.000 -0.000  0.000 -0.000  0.000 -0.000  0.000  0.000 -0.000
  41 C    6  0.000 -0.000  0.000  0.000  0.000  0.000  0.000 -0.000  0.000
  42 C    6  0.000  0.000 -0.000  0.000 -0.000  0.000  0.000 -0.000  0.000
  43 C    6  0.000 -0.000  0.000 -0.000  0.000  0.000  0.000 -0.000  0.000
  44 C    6  0.000  0.000 -0.000  0.000  0.000  0.000  0.000 -0.000  0.000
  45 C    6  0.000  0.000 -0.000 -0.000  0.000  0.000 -0.000  0.000 -0.000
  46 C    6  0.000  0.000 -0.000  0.000  0.000  0.000  0.000 -0.000 -0.000
  47 C    6  0.000 -0.000  0.000 -0.000  0.000 -0.000  0.000 -0.000 -0.000
  48 C    6  0.000 -0.000  0.000 -0.000  0.000  0.000  0.000 -0.000  0.000
  49 C    6  0.000 -0.000  0.000  0.000 -0.000 -0.000  0.000  0.000  0.000
  50 C    6  0.000  0.000 -0.000 -0.000  0.000  0.000  0.000  0.000  0.000
  51 C    6  0.000  0.000 -0.000  0.000  0.000  0.000 -0.000  0.000 -0.000
  52 C    6  0.000  0.000  0.000 -0.000  0.000  0.000 -0.000 -0.000  0.000
  53 C    6 -0.000 -0.000  0.000 -0.000 -0.000 -0.000  0.000 -0.000 -0.000
  54 C    6 -0.000  0.000  0.000 -0.000 -0.000 -0.000  0.000 -0.000 -0.000
  55 C    6  0.000  0.000 -0.000 -0.000  0.000  0.000 -0.000 -0.000  0.000
  56 C    6 -0.000  0.000 -0.000  0.000 -0.000  0.000  0.000 -0.000  0.000
  57 C    6 -0.000  0.000 -0.000  0.000 -0.000 -0.000 -0.000  0.000 -0.000
  58 C    6 -0.000 -0.000  0.000 -0.000 -0.000 -0.000  0.000 -0.000 -0.000
  59 C    6  0.000  0.000 -0.000  0.000 -0.000 -0.000 -0.000  0.000  0.000
  60 C    6 -0.000  0.000  0.000 -0.000 -0.000  0.000 -0.000 -0.000 -0.000
  61 C    6  0.000 -0.000  0.000 -0.000  0.000 -0.000 -0.000  0.000 -0.000
  62 C    6 -0.000  0.000 -0.000 -0.000 -0.000 -0.000  0.000 -0.000  0.000
  63 C    6 -0.000  0.000 -0.000 -0.000 -0.000 -0.000  0.000  0.000 -0.000
  64 C    6  0.000  0.000 -0.000  0.000  0.000  0.000 -0.000  0.000  0.000
  65 C    6  0.000  0.000 -0.000  0.000  0.000  0.000  0.000  0.000  0.000
  66 C    6 -0.000 -0.000  0.000 -0.000 -0.000 -0.000  0.000 -0.000 -0.000
  67 C    6 -0.000 -0.000  0.000 -0.000  0.000 -0.000  0.000 -0.000 -0.000
  68 C    6 -0.000 -0.000  0.000 -0.000  0.000 -0.000  0.000 -0.000  0.000
  69 C    6 -0.000  0.000 -0.000  0.000 -0.000 -0.000 -0.000 -0.000  0.000
  70 C    6  0.000  0.000 -0.000  0.000  0.000  0.000 -0.000  0.000  0.000
  71 C    6  0.000 -0.000 -0.000  0.000 -0.000  0.000 -0.000  0.000  0.000
  72 C    6 -0.000 -0.000  0.000 -0.000  0.000 -0.000 -0.000  0.000 -0.000
  73 C    6 -0.000  0.000 -0.000  0.000 -0.000 -0.000 -0.000 -0.000  0.000
  74 C    6 -0.000  0.000 -0.000  0.000 -0.000 -0.000 -0.000 -0.000  0.000
  75 C    6 -0.000 -0.000 -0.000 -0.000  0.000 -0.000 -0.000  0.000 -0.000
  76 C    6 -0.000  0.000 -0.000  0.000 -0.000 -0.000 -0.000 -0.000  0.000
  77 C    6  0.000  0.000 -0.000  0.000 -0.000  0.000 -0.000  0.000  0.000
  78 C    6  0.000 -0.000 -0.000 -0.000  0.000  0.000  0.000  0.000 -0.000
  79 C    6  0.000 -0.000  0.000  0.000  0.000  0.000  0.000  0.000  0.000
  80 C    6  0.000  0.000 -0.000 -0.000  0.000  0.000 -0.000  0.000 -0.000
  81 C    6  0.000 -0.000  0.000  0.000 -0.000  0.000  0.000  0.000  0.000
  82 C    6  0.000  0.000 -0.000  0.000 -0.000  0.000 -0.000  0.000  0.000
  83 C    6  0.000 -0.000  0.000 -0.000  0.000 -0.000 -0.000  0.000 -0.000
  84 C    6  0.000 -0.000  0.000  0.000  0.000  0.000 -0.000 -0.000  0.000

 OVERLAP POPULATION CONDENSED TO ATOMS FOR FIRST   6 NEIGHBORS

 ATOM A   1 C    ATOM B     CELL      R(AB)/AU R(AB)/ANG    OVPOP(AB)
                  4 C    (  0  0  0)     2.605     1.378    -0.000
                 67 C    (  0  0  0)     2.757     1.459    -0.000
                 52 C    (  0  0  0)     2.938     1.555    -0.000
                 66 C    (  0  0  0)     4.398     2.327    -0.000
                  8 C    (  0  0  0)     4.426     2.342    -0.000
                 11 C    (  0  0  0)     4.426     2.342     0.000

 ATOM A   2 C    ATOM B     CELL      R(AB)/AU R(AB)/ANG    OVPOP(AB)
                  3 C    (  0  0  0)     2.605     1.378     0.000
                 68 C    (  0  0  0)     2.757     1.459    -0.000
                 51 C    (  0  0  0)     2.938     1.555    -0.000
                 65 C    (  0  0  0)     4.398     2.327    -0.000
                  6 C    (  0  0  0)     4.426     2.342     0.000
                 10 C    (  0  0  0)     4.426     2.342     0.000

 ATOM A   3 C    ATOM B     CELL      R(AB)/AU R(AB)/ANG    OVPOP(AB)
                  2 C    (  0  0  0)     2.605     1.378     0.000
                 65 C    (  0  0  0)     2.757     1.459    -0.000
                 50 C    (  0  0  0)     2.938     1.555    -0.000
                 68 C    (  0  0  0)     4.398     2.327     0.000
                  5 C    (  0  0  0)     4.426     2.342    -0.000
                 12 C    (  0  0  0)     4.426     2.342     0.000

 ATOM A   4 C    ATOM B     CELL      R(AB)/AU R(AB)/ANG    OVPOP(AB)
                  1 C    (  0  0  0)     2.605     1.378    -0.000
                 66 C    (  0  0  0)     2.757     1.459     0.000
                 49 C    (  0  0  0)     2.938     1.555    -0.000
                 67 C    (  0  0  0)     4.398     2.327     0.000
                  7 C    (  0  0  0)     4.426     2.342    -0.000
                  9 C    (  0  0  0)     4.426     2.342    -0.000

 ATOM A   5 C    ATOM B     CELL      R(AB)/AU R(AB)/ANG    OVPOP(AB)
                  8 C    (  0  0  0)     2.605     1.378     0.000
                 65 C    (  0  0  0)     2.756     1.459     0.000
                 52 C    (  0  0  0)     2.938     1.555     0.000
                 67 C    (  0  0  0)     4.398     2.327    -0.000
                 12 C    (  0  0  0)     4.426     2.342    -0.000
                  3 C    (  0  0  0)     4.426     2.342    -0.000

 ATOM A   6 C    ATOM B     CELL      R(AB)/AU R(AB)/ANG    OVPOP(AB)
                  7 C    (  0  0  0)     2.605     1.378     0.000
                 68 C    (  0  0  0)     2.756     1.459    -0.000
                 49 C    (  0  0  0)     2.938     1.555    -0.000
                 66 C    (  0  0  0)     4.398     2.327    -0.000
                 10 C    (  0  0  0)     4.426     2.342     0.000
                  2 C    (  0  0  0)     4.426     2.342     0.000

 ATOM A   7 C    ATOM B     CELL      R(AB)/AU R(AB)/ANG    OVPOP(AB)
                  6 C    (  0  0  0)     2.605     1.378     0.000
                 66 C    (  0  0  0)     2.756     1.459     0.000
                 51 C    (  0  0  0)     2.938     1.555    -0.000
                 68 C    (  0  0  0)     4.398     2.327    -0.000
                  9 C    (  0  0  0)     4.426     2.342     0.000
                  4 C    (  0  0  0)     4.426     2.342    -0.000

 ATOM A   8 C    ATOM B     CELL      R(AB)/AU R(AB)/ANG    OVPOP(AB)
                  5 C    (  0  0  0)     2.605     1.378     0.000
                 67 C    (  0  0  0)     2.756     1.459    -0.000
                 50 C    (  0  0  0)     2.938     1.555    -0.000
                 65 C    (  0  0  0)     4.398     2.327    -0.000
                 11 C    (  0  0  0)     4.426     2.342     0.000
                  1 C    (  0  0  0)     4.426     2.342    -0.000

 ATOM A   9 C    ATOM B     CELL      R(AB)/AU R(AB)/ANG    OVPOP(AB)
                 12 C    (  0  0  0)     2.605     1.378    -0.000
                 66 C    (  0  0  0)     2.756     1.459     0.000
                 52 C    (  0  0  0)     2.938     1.555    -0.000
                 65 C    (  0  0  0)     4.398     2.327     0.000
                  7 C    (  0  0  0)     4.426     2.342     0.000
                  4 C    (  0  0  0)     4.426     2.342    -0.000

 ATOM A  10 C    ATOM B     CELL      R(AB)/AU R(AB)/ANG    OVPOP(AB)
                 11 C    (  0  0  0)     2.605     1.378    -0.000
                 68 C    (  0  0  0)     2.756     1.459    -0.000
                 50 C    (  0  0  0)     2.938     1.555    -0.000
                 67 C    (  0  0  0)     4.398     2.327     0.000
                  6 C    (  0  0  0)     4.426     2.342     0.000
                  2 C    (  0  0  0)     4.426     2.342     0.000

 ATOM A  11 C    ATOM B     CELL      R(AB)/AU R(AB)/ANG    OVPOP(AB)
                 10 C    (  0  0  0)     2.605     1.378    -0.000
                 67 C    (  0  0  0)     2.756     1.459    -0.000
                 49 C    (  0  0  0)     2.938     1.555    -0.000
                 68 C    (  0  0  0)     4.398     2.327     0.000
                  8 C    (  0  0  0)     4.426     2.342     0.000
                  1 C    (  0  0  0)     4.426     2.342     0.000

 ATOM A  12 C    ATOM B     CELL      R(AB)/AU R(AB)/ANG    OVPOP(AB)
                  9 C    (  0  0  0)     2.605     1.378    -0.000
                 65 C    (  0  0  0)     2.756     1.459     0.000
                 51 C    (  0  0  0)     2.938     1.555     0.000
                 66 C    (  0  0  0)     4.398     2.327    -0.000
                  5 C    (  0  0  0)     4.426     2.342    -0.000
                  3 C    (  0  0  0)     4.426     2.342     0.000

 ATOM A  13 C    ATOM B     CELL      R(AB)/AU R(AB)/ANG    OVPOP(AB)
                 16 C    (  0  1 -1)     2.605     1.378     0.000
                 71 C    (  0  0  0)     2.757     1.459     0.000
                 56 C    (  0  0 -1)     2.938     1.555     0.000
                 70 C    (  0  1 -1)     4.398     2.327    -0.000
                 20 C    (  0  0  0)     4.426     2.342     0.000
                 23 C    (  0  0  0)     4.426     2.342     0.000

 ATOM A  14 C    ATOM B     CELL      R(AB)/AU R(AB)/ANG    OVPOP(AB)
                 15 C    (  0 -1 -1)     2.605     1.378     0.000
                 72 C    (  0  0  0)     2.757     1.459    -0.000
                 55 C    (  0  0 -1)     2.938     1.555     0.000
                 69 C    (  0 -1 -1)     4.398     2.327     0.000
                 18 C    (  0  0  0)     4.426     2.342     0.000
                 22 C    (  0  0  0)     4.426     2.342     0.000

 ATOM A  15 C    ATOM B     CELL      R(AB)/AU R(AB)/ANG    OVPOP(AB)
                 14 C    (  0  1  1)     2.605     1.378     0.000
                 69 C    (  0  0  0)     2.757     1.459    -0.000
                 54 C    (  0  0  1)     2.938     1.555     0.000
                 72 C    (  0  1  1)     4.398     2.327    -0.000
                 17 C    (  0  0  0)     4.426     2.342    -0.000
                 24 C    (  0  0  0)     4.426     2.342     0.000

 ATOM A  16 C    ATOM B     CELL      R(AB)/AU R(AB)/ANG    OVPOP(AB)
                 13 C    (  0 -1  1)     2.605     1.378     0.000
                 70 C    (  0  0  0)     2.757     1.459     0.000
                 53 C    (  0  0  1)     2.938     1.555     0.000
                 71 C    (  0 -1  1)     4.398     2.327    -0.000
                 19 C    (  0  0  0)     4.426     2.342    -0.000
                 21 C    (  0  0  0)     4.426     2.342    -0.000

 ATOM A  17 C    ATOM B     CELL      R(AB)/AU R(AB)/ANG    OVPOP(AB)
                 20 C    (  0  0  1)     2.605     1.378     0.000
                 69 C    (  0  0  0)     2.756     1.459     0.000
                 56 C    (  0  0  0)     2.938     1.555     0.000
                 71 C    (  0  0  1)     4.398     2.327    -0.000
                 24 C    (  0  0  0)     4.426     2.342    -0.000
                 15 C    (  0  0  0)     4.426     2.342    -0.000

 ATOM A  18 C    ATOM B     CELL      R(AB)/AU R(AB)/ANG    OVPOP(AB)
                 19 C    (  0  0 -1)     2.605     1.378     0.000
                 72 C    (  0  0  0)     2.756     1.459     0.000
                 53 C    (  0  0  0)     2.938     1.555    -0.000
                 70 C    (  0  0 -1)     4.398     2.327     0.000
                 22 C    (  0  0  0)     4.426     2.342     0.000
                 14 C    (  0  0  0)     4.426     2.342     0.000

 ATOM A  19 C    ATOM B     CELL      R(AB)/AU R(AB)/ANG    OVPOP(AB)
                 18 C    (  0  0  1)     2.605     1.378     0.000
                 70 C    (  0  0  0)     2.756     1.459     0.000
                 55 C    (  0  0  0)     2.938     1.555    -0.000
                 72 C    (  0  0  1)     4.398     2.327    -0.000
                 21 C    (  0  0  0)     4.426     2.342     0.000
                 16 C    (  0  0  0)     4.426     2.342    -0.000

 ATOM A  20 C    ATOM B     CELL      R(AB)/AU R(AB)/ANG    OVPOP(AB)
                 17 C    (  0  0 -1)     2.605     1.378     0.000
                 71 C    (  0  0  0)     2.756     1.459     0.000
                 54 C    (  0  0  0)     2.938     1.555    -0.000
                 69 C    (  0  0 -1)     4.398     2.327    -0.000
                 23 C    (  0  0  0)     4.426     2.342     0.000
                 13 C    (  0  0  0)     4.426     2.342     0.000

 ATOM A  21 C    ATOM B     CELL      R(AB)/AU R(AB)/ANG    OVPOP(AB)
                 24 C    (  0 -1  0)     2.605     1.378     0.000
                 70 C    (  0  0  0)     2.756     1.459     0.000
                 56 C    (  0 -1  0)     2.938     1.555    -0.000
                 69 C    (  0 -1  0)     4.398     2.327     0.000
                 19 C    (  0  0  0)     4.426     2.342     0.000
                 16 C    (  0  0  0)     4.426     2.342    -0.000

 ATOM A  22 C    ATOM B     CELL      R(AB)/AU R(AB)/ANG    OVPOP(AB)
                 23 C    (  0 -1  0)     2.605     1.378    -0.000
                 72 C    (  0  0  0)     2.756     1.459    -0.000
                 54 C    (  0 -1  0)     2.938     1.555     0.000
                 71 C    (  0 -1  0)     4.398     2.327     0.000
                 18 C    (  0  0  0)     4.426     2.342     0.000
                 14 C    (  0  0  0)     4.426     2.342     0.000

 ATOM A  23 C    ATOM B     CELL      R(AB)/AU R(AB)/ANG    OVPOP(AB)
                 22 C    (  0  1  0)     2.605     1.378    -0.000
                 71 C    (  0  0  0)     2.756     1.459    -0.000
                 53 C    (  0  1  0)     2.938     1.555    -0.000
                 72 C    (  0  1  0)     4.398     2.327     0.000
                 20 C    (  0  0  0)     4.426     2.342     0.000
                 13 C    (  0  0  0)     4.426     2.342     0.000

 ATOM A  24 C    ATOM B     CELL      R(AB)/AU R(AB)/ANG    OVPOP(AB)
                 21 C    (  0  1  0)     2.605     1.378     0.000
                 69 C    (  0  0  0)     2.756     1.459     0.000
                 55 C    (  0  1  0)     2.938     1.555     0.000
                 70 C    (  0  1  0)     4.398     2.327    -0.000
                 17 C    (  0  0  0)     4.426     2.342    -0.000
                 15 C    (  0  0  0)     4.426     2.342     0.000

 ATOM A  25 C    ATOM B     CELL      R(AB)/AU R(AB)/ANG    OVPOP(AB)
                 28 C    (  0  0 -1)     2.605     1.378     0.000
                 75 C    (  0  0  0)     2.757     1.459     0.000
                 60 C    (  0  0 -1)     2.938     1.555     0.000
                 74 C    (  0  0 -1)     4.398     2.327    -0.000
                 32 C    (  0  0  0)     4.426     2.342     0.000
                 35 C    (  0  0  0)     4.426     2.342     0.000

 ATOM A  26 C    ATOM B     CELL      R(AB)/AU R(AB)/ANG    OVPOP(AB)
                 27 C    (  0  0 -1)     2.605     1.378     0.000
                 76 C    (  0  0  0)     2.757     1.459    -0.000
                 59 C    (  0  0 -1)     2.938     1.555    -0.000
                 73 C    (  0  0 -1)     4.398     2.327    -0.000
                 30 C    (  0  0  0)     4.426     2.342     0.000
                 34 C    (  0  0  0)     4.426     2.342     0.000

 ATOM A  27 C    ATOM B     CELL      R(AB)/AU R(AB)/ANG    OVPOP(AB)
                 26 C    (  0  0  1)     2.605     1.378     0.000
                 73 C    (  0  0  0)     2.757     1.459     0.000
                 58 C    (  0  0  1)     2.938     1.555    -0.000
                 76 C    (  0  0  1)     4.398     2.327    -0.000
                 29 C    (  0  0  0)     4.426     2.342     0.000
                 36 C    (  0  0  0)     4.426     2.342    -0.000

 ATOM A  28 C    ATOM B     CELL      R(AB)/AU R(AB)/ANG    OVPOP(AB)
                 25 C    (  0  0  1)     2.605     1.378     0.000
                 74 C    (  0  0  0)     2.757     1.459     0.000
                 57 C    (  0  0  1)     2.938     1.555     0.000
                 75 C    (  0  0  1)     4.398     2.327    -0.000
                 31 C    (  0  0  0)     4.426     2.342    -0.000
                 33 C    (  0  0  0)     4.426     2.342    -0.000

 ATOM A  29 C    ATOM B     CELL      R(AB)/AU R(AB)/ANG    OVPOP(AB)
                 32 C    ( -1  0  1)     2.605     1.378     0.000
                 73 C    (  0  0  0)     2.756     1.459     0.000
                 60 C    ( -1  0  0)     2.938     1.555     0.000
                 75 C    ( -1  0  1)     4.398     2.327    -0.000
                 36 C    (  0  0  0)     4.426     2.342     0.000
                 27 C    (  0  0  0)     4.426     2.342     0.000

 ATOM A  30 C    ATOM B     CELL      R(AB)/AU R(AB)/ANG    OVPOP(AB)
                 31 C    ( -1  0 -1)     2.605     1.378     0.000
                 76 C    (  0  0  0)     2.756     1.459     0.000
                 57 C    ( -1  0  0)     2.938     1.555    -0.000
                 74 C    ( -1  0 -1)     4.398     2.327     0.000
                 34 C    (  0  0  0)     4.426     2.342     0.000
                 26 C    (  0  0  0)     4.426     2.342     0.000

 ATOM A  31 C    ATOM B     CELL      R(AB)/AU R(AB)/ANG    OVPOP(AB)
                 30 C    (  1  0  1)     2.605     1.378     0.000
                 74 C    (  0  0  0)     2.756     1.459     0.000
                 59 C    (  1  0  0)     2.938     1.555     0.000
                 76 C    (  1  0  1)     4.398     2.327    -0.000
                 33 C    (  0  0  0)     4.426     2.342     0.000
                 28 C    (  0  0  0)     4.426     2.342    -0.000

 ATOM A  32 C    ATOM B     CELL      R(AB)/AU R(AB)/ANG    OVPOP(AB)
                 29 C    (  1  0 -1)     2.605     1.378     0.000
                 75 C    (  0  0  0)     2.756     1.459     0.000
                 58 C    (  1  0  0)     2.938     1.555     0.000
                 73 C    (  1  0 -1)     4.398     2.327    -0.000
                 35 C    (  0  0  0)     4.426     2.342     0.000
                 25 C    (  0  0  0)     4.426     2.342     0.000

 ATOM A  33 C    ATOM B     CELL      R(AB)/AU R(AB)/ANG    OVPOP(AB)
                 36 C    (  1  0  0)     2.605     1.378     0.000
                 74 C    (  0  0  0)     2.756     1.459    -0.000
                 60 C    (  0  0  0)     2.938     1.555     0.000
                 73 C    (  1  0  0)     4.398     2.327     0.000
                 31 C    (  0  0  0)     4.426     2.342     0.000
                 28 C    (  0  0  0)     4.426     2.342    -0.000

 ATOM A  34 C    ATOM B     CELL      R(AB)/AU R(AB)/ANG    OVPOP(AB)
                 35 C    ( -1  0  0)     2.605     1.378    -0.000
                 76 C    (  0  0  0)     2.756     1.459    -0.000
                 58 C    (  0  0  0)     2.938     1.555    -0.000
                 75 C    ( -1  0  0)     4.398     2.327     0.000
                 30 C    (  0  0  0)     4.426     2.342     0.000
                 26 C    (  0  0  0)     4.426     2.342     0.000

 ATOM A  35 C    ATOM B     CELL      R(AB)/AU R(AB)/ANG    OVPOP(AB)
                 34 C    (  1  0  0)     2.605     1.378    -0.000
                 75 C    (  0  0  0)     2.756     1.459    -0.000
                 57 C    (  0  0  0)     2.938     1.555    -0.000
                 76 C    (  1  0  0)     4.398     2.327     0.000
                 32 C    (  0  0  0)     4.426     2.342     0.000
                 25 C    (  0  0  0)     4.426     2.342     0.000

 ATOM A  36 C    ATOM B     CELL      R(AB)/AU R(AB)/ANG    OVPOP(AB)
                 33 C    ( -1  0  0)     2.605     1.378     0.000
                 73 C    (  0  0  0)     2.756     1.459    -0.000
                 59 C    (  0  0  0)     2.938     1.555     0.000
                 74 C    ( -1  0  0)     4.398     2.327    -0.000
                 29 C    (  0  0  0)     4.426     2.342     0.000
                 27 C    (  0  0  0)     4.426     2.342    -0.000

 ATOM A  37 C    ATOM B     CELL      R(AB)/AU R(AB)/ANG    OVPOP(AB)
                 40 C    (  0  1  0)     2.605     1.378     0.000
                 79 C    (  0  0  0)     2.757     1.459     0.000
                 64 C    (  0  0  0)     2.938     1.555    -0.000
                 78 C    (  0  1  0)     4.398     2.327    -0.000
                 44 C    (  0  0  0)     4.426     2.342    -0.000
                 47 C    (  0  0  0)     4.426     2.342    -0.000

 ATOM A  38 C    ATOM B     CELL      R(AB)/AU R(AB)/ANG    OVPOP(AB)
                 39 C    (  0 -1  0)     2.605     1.378    -0.000
                 80 C    (  0  0  0)     2.757     1.459    -0.000
                 63 C    (  0  0  0)     2.938     1.555     0.000
                 77 C    (  0 -1  0)     4.398     2.327     0.000
                 42 C    (  0  0  0)     4.426     2.342     0.000
                 46 C    (  0  0  0)     4.426     2.342    -0.000

 ATOM A  39 C    ATOM B     CELL      R(AB)/AU R(AB)/ANG    OVPOP(AB)
                 38 C    (  0  1  0)     2.605     1.378    -0.000
                 77 C    (  0  0  0)     2.757     1.459    -0.000
                 62 C    (  0  0  0)     2.938     1.555    -0.000
                 80 C    (  0  1  0)     4.398     2.327    -0.000
                 41 C    (  0  0  0)     4.426     2.342     0.000
                 48 C    (  0  0  0)     4.426     2.342     0.000

 ATOM A  40 C    ATOM B     CELL      R(AB)/AU R(AB)/ANG    OVPOP(AB)
                 37 C    (  0 -1  0)     2.605     1.378     0.000
                 78 C    (  0  0  0)     2.757     1.459    -0.000
                 61 C    (  0  0  0)     2.938     1.555    -0.000
                 79 C    (  0 -1  0)     4.398     2.327    -0.000
                 43 C    (  0  0  0)     4.426     2.342    -0.000
                 45 C    (  0  0  0)     4.426     2.342    -0.000

 ATOM A  41 C    ATOM B     CELL      R(AB)/AU R(AB)/ANG    OVPOP(AB)
                 44 C    ( -1  0  0)     2.605     1.378     0.000
                 77 C    (  0  0  0)     2.756     1.459     0.000
                 64 C    ( -1  0  0)     2.938     1.555    -0.000
                 79 C    ( -1  0  0)     4.398     2.327    -0.000
                 48 C    (  0  0  0)     4.426     2.342     0.000
                 39 C    (  0  0  0)     4.426     2.342     0.000

 ATOM A  42 C    ATOM B     CELL      R(AB)/AU R(AB)/ANG    OVPOP(AB)
                 43 C    ( -1  0  0)     2.605     1.378     0.000
                 80 C    (  0  0  0)     2.756     1.459     0.000
                 61 C    ( -1  0  0)     2.938     1.555     0.000
                 78 C    ( -1  0  0)     4.398     2.327    -0.000
                 46 C    (  0  0  0)     4.426     2.342    -0.000
                 38 C    (  0  0  0)     4.426     2.342     0.000

 ATOM A  43 C    ATOM B     CELL      R(AB)/AU R(AB)/ANG    OVPOP(AB)
                 42 C    (  1  0  0)     2.605     1.378     0.000
                 78 C    (  0  0  0)     2.756     1.459     0.000
                 63 C    (  1  0  0)     2.938     1.555    -0.000
                 80 C    (  1  0  0)     4.398     2.327    -0.000
                 45 C    (  0  0  0)     4.426     2.342    -0.000
                 40 C    (  0  0  0)     4.426     2.342    -0.000

 ATOM A  44 C    ATOM B     CELL      R(AB)/AU R(AB)/ANG    OVPOP(AB)
                 41 C    (  1  0  0)     2.605     1.378     0.000
                 79 C    (  0  0  0)     2.756     1.459     0.000
                 62 C    (  1  0  0)     2.938     1.555    -0.000
                 77 C    (  1  0  0)     4.398     2.327    -0.000
                 47 C    (  0  0  0)     4.426     2.342    -0.000
                 37 C    (  0  0  0)     4.426     2.342    -0.000

 ATOM A  45 C    ATOM B     CELL      R(AB)/AU R(AB)/ANG    OVPOP(AB)
                 48 C    (  1 -1  0)     2.605     1.378    -0.000
                 78 C    (  0  0  0)     2.756     1.459    -0.000
                 64 C    (  0 -1  0)     2.938     1.555    -0.000
                 77 C    (  1 -1  0)     4.398     2.327     0.000
                 43 C    (  0  0  0)     4.426     2.342    -0.000
                 40 C    (  0  0  0)     4.426     2.342    -0.000

 ATOM A  46 C    ATOM B     CELL      R(AB)/AU R(AB)/ANG    OVPOP(AB)
                 47 C    ( -1 -1  0)     2.605     1.378    -0.000
                 80 C    (  0  0  0)     2.756     1.459    -0.000
                 62 C    (  0 -1  0)     2.938     1.555    -0.000
                 79 C    ( -1 -1  0)     4.398     2.327     0.000
                 42 C    (  0  0  0)     4.426     2.342    -0.000
                 38 C    (  0  0  0)     4.426     2.342    -0.000

 ATOM A  47 C    ATOM B     CELL      R(AB)/AU R(AB)/ANG    OVPOP(AB)
                 46 C    (  1  1  0)     2.605     1.378    -0.000
                 79 C    (  0  0  0)     2.756     1.459    -0.000
                 61 C    (  0  1  0)     2.938     1.555     0.000
                 80 C    (  1  1  0)     4.398     2.327     0.000
                 44 C    (  0  0  0)     4.426     2.342    -0.000
                 37 C    (  0  0  0)     4.426     2.342    -0.000

 ATOM A  48 C    ATOM B     CELL      R(AB)/AU R(AB)/ANG    OVPOP(AB)
                 45 C    ( -1  1  0)     2.605     1.378    -0.000
                 77 C    (  0  0  0)     2.756     1.459     0.000
                 63 C    (  0  1  0)     2.938     1.555     0.000
                 78 C    ( -1  1  0)     4.398     2.327    -0.000
                 41 C    (  0  0  0)     4.426     2.342     0.000
                 39 C    (  0  0  0)     4.426     2.342     0.000

 ATOM A  49 C    ATOM B     CELL      R(AB)/AU R(AB)/ANG    OVPOP(AB)
                 81 C    (  0  0  0)     2.908     1.539     0.000
                  4 C    (  0  0  0)     2.938     1.555    -0.000
                 11 C    (  0  0  0)     2.938     1.555    -0.000
                  6 C    (  0  0  0)     2.938     1.555    -0.000
                  1 C    (  0  0  0)     4.605     2.437    -0.000
                 10 C    (  0  0  0)     4.605     2.437    -0.000

 ATOM A  50 C    ATOM B     CELL      R(AB)/AU R(AB)/ANG    OVPOP(AB)
                 82 C    (  0  0  0)     2.908     1.539    -0.000
                  3 C    (  0  0  0)     2.938     1.555    -0.000
                  8 C    (  0  0  0)     2.938     1.555    -0.000
                 10 C    (  0  0  0)     2.938     1.555    -0.000
                  2 C    (  0  0  0)     4.605     2.437    -0.000
                 11 C    (  0  0  0)     4.605     2.437    -0.000

 ATOM A  51 C    ATOM B     CELL      R(AB)/AU R(AB)/ANG    OVPOP(AB)
                 83 C    (  0  0  0)     2.908     1.539    -0.000
                  2 C    (  0  0  0)     2.938     1.555    -0.000
                  7 C    (  0  0  0)     2.938     1.555    -0.000
                 12 C    (  0  0  0)     2.938     1.555     0.000
                  3 C    (  0  0  0)     4.605     2.437    -0.000
                  9 C    (  0  0  0)     4.605     2.437    -0.000

 ATOM A  52 C    ATOM B     CELL      R(AB)/AU R(AB)/ANG    OVPOP(AB)
                 84 C    (  0  0  0)     2.908     1.539     0.000
                  1 C    (  0  0  0)     2.938     1.555    -0.000
                  5 C    (  0  0  0)     2.938     1.555     0.000
                  9 C    (  0  0  0)     2.938     1.555    -0.000
                  4 C    (  0  0  0)     4.605     2.437     0.000
                 12 C    (  0  0  0)     4.605     2.437     0.000

 ATOM A  53 C    ATOM B     CELL      R(AB)/AU R(AB)/ANG    OVPOP(AB)
                 84 C    (  0  0  0)     2.908     1.539     0.000
                 16 C    (  0  0 -1)     2.938     1.555     0.000
                 18 C    (  0  0  0)     2.938     1.555    -0.000
                 23 C    (  0 -1  0)     2.938     1.555    -0.000
                 13 C    (  0 -1  0)     4.605     2.437    -0.000
                 22 C    (  0  0  0)     4.605     2.437     0.000

 ATOM A  54 C    ATOM B     CELL      R(AB)/AU R(AB)/ANG    OVPOP(AB)
                 83 C    (  0  0  0)     2.908     1.539     0.000
                 15 C    (  0  0 -1)     2.938     1.555     0.000
                 20 C    (  0  0  0)     2.938     1.555    -0.000
                 22 C    (  0  1  0)     2.938     1.555     0.000
                 14 C    (  0  1  0)     4.605     2.437    -0.000
                 23 C    (  0  0  0)     4.605     2.437     0.000

 ATOM A  55 C    ATOM B     CELL      R(AB)/AU R(AB)/ANG    OVPOP(AB)
                 82 C    (  0  0  0)     2.908     1.539     0.000
                 14 C    (  0  0  1)     2.938     1.555     0.000
                 19 C    (  0  0  0)     2.938     1.555    -0.000
                 24 C    (  0 -1  0)     2.938     1.555     0.000
                 15 C    (  0 -1  0)     4.605     2.437     0.000
                 21 C    (  0  0  0)     4.605     2.437    -0.000

 ATOM A  56 C    ATOM B     CELL      R(AB)/AU R(AB)/ANG    OVPOP(AB)
                 81 C    (  0  0  0)     2.908     1.539     0.000
                 13 C    (  0  0  1)     2.938     1.555     0.000
                 17 C    (  0  0  0)     2.938     1.555     0.000
                 21 C    (  0  1  0)     2.938     1.555    -0.000
                 16 C    (  0  1  0)     4.605     2.437    -0.000
                 24 C    (  0  0  0)     4.605     2.437     0.000

 ATOM A  57 C    ATOM B     CELL      R(AB)/AU R(AB)/ANG    OVPOP(AB)
                 83 C    (  0  0  0)     2.908     1.539     0.000
                 28 C    (  0  0 -1)     2.938     1.555     0.000
                 30 C    (  1  0  0)     2.938     1.555    -0.000
                 35 C    (  0  0  0)     2.938     1.555    -0.000
                 25 C    (  0  0  0)     4.605     2.437     0.000
                 34 C    (  1  0  0)     4.605     2.437     0.000

 ATOM A  58 C    ATOM B     CELL      R(AB)/AU R(AB)/ANG    OVPOP(AB)
                 84 C    (  0  0  0)     2.908     1.539     0.000
                 27 C    (  0  0 -1)     2.938     1.555    -0.000
                 32 C    ( -1  0  0)     2.938     1.555     0.000
                 34 C    (  0  0  0)     2.938     1.555    -0.000
                 26 C    (  0  0  0)     4.605     2.437    -0.000
                 35 C    ( -1  0  0)     4.605     2.437     0.000

 ATOM A  59 C    ATOM B     CELL      R(AB)/AU R(AB)/ANG    OVPOP(AB)
                 81 C    (  0  0  0)     2.908     1.539     0.000
                 26 C    (  0  0  1)     2.938     1.555    -0.000
                 31 C    ( -1  0  0)     2.938     1.555     0.000
                 36 C    (  0  0  0)     2.938     1.555     0.000
                 27 C    (  0  0  0)     4.605     2.437     0.000
                 33 C    ( -1  0  0)     4.605     2.437     0.000

 ATOM A  60 C    ATOM B     CELL      R(AB)/AU R(AB)/ANG    OVPOP(AB)
                 82 C    (  0  0  0)     2.908     1.539     0.000
                 25 C    (  0  0  1)     2.938     1.555     0.000
                 29 C    (  1  0  0)     2.938     1.555     0.000
                 33 C    (  0  0  0)     2.938     1.555     0.000
                 28 C    (  0  0  0)     4.605     2.437     0.000
                 36 C    (  1  0  0)     4.605     2.437    -0.000

 ATOM A  61 C    ATOM B     CELL      R(AB)/AU R(AB)/ANG    OVPOP(AB)
                 82 C    (  0  0  0)     2.908     1.539     0.000
                 40 C    (  0  0  0)     2.938     1.555    -0.000
                 42 C    (  1  0  0)     2.938     1.555     0.000
                 47 C    (  0 -1  0)     2.938     1.555     0.000
                 37 C    (  0 -1  0)     4.605     2.437    -0.000
                 46 C    (  1  0  0)     4.605     2.437     0.000

 ATOM A  62 C    ATOM B     CELL      R(AB)/AU R(AB)/ANG    OVPOP(AB)
                 81 C    (  0  0  0)     2.908     1.539     0.000
                 39 C    (  0  0  0)     2.938     1.555    -0.000
                 44 C    ( -1  0  0)     2.938     1.555    -0.000
                 46 C    (  0  1  0)     2.938     1.555    -0.000
                 38 C    (  0  1  0)     4.605     2.437     0.000
                 47 C    ( -1  0  0)     4.605     2.437     0.000

 ATOM A  63 C    ATOM B     CELL      R(AB)/AU R(AB)/ANG    OVPOP(AB)
                 84 C    (  0  0  0)     2.908     1.539    -0.000
                 38 C    (  0  0  0)     2.938     1.555     0.000
                 43 C    ( -1  0  0)     2.938     1.555    -0.000
                 48 C    (  0 -1  0)     2.938     1.555     0.000
                 39 C    (  0 -1  0)     4.605     2.437    -0.000
                 45 C    ( -1  0  0)     4.605     2.437    -0.000

 ATOM A  64 C    ATOM B     CELL      R(AB)/AU R(AB)/ANG    OVPOP(AB)
                 83 C    (  0  0  0)     2.908     1.539     0.000
                 37 C    (  0  0  0)     2.938     1.555    -0.000
                 41 C    (  1  0  0)     2.938     1.555    -0.000
                 45 C    (  0  1  0)     2.938     1.555    -0.000
                 40 C    (  0  1  0)     4.605     2.437    -0.000
                 48 C    (  1  0  0)     4.605     2.437     0.000

 ATOM A  65 C    ATOM B     CELL      R(AB)/AU R(AB)/ANG    OVPOP(AB)
                  5 C    (  0  0  0)     2.756     1.459     0.000
                 12 C    (  0  0  0)     2.756     1.459     0.000
                  3 C    (  0  0  0)     2.757     1.459    -0.000
                  9 C    (  0  0  0)     4.398     2.327     0.000
                  2 C    (  0  0  0)     4.398     2.327    -0.000
                  8 C    (  0  0  0)     4.398     2.327    -0.000

 ATOM A  66 C    ATOM B     CELL      R(AB)/AU R(AB)/ANG    OVPOP(AB)
                  7 C    (  0  0  0)     2.756     1.459     0.000
                  9 C    (  0  0  0)     2.756     1.459     0.000
                  4 C    (  0  0  0)     2.757     1.459     0.000
                 12 C    (  0  0  0)     4.398     2.327    -0.000
                  1 C    (  0  0  0)     4.398     2.327    -0.000
                  6 C    (  0  0  0)     4.398     2.327    -0.000

 ATOM A  67 C    ATOM B     CELL      R(AB)/AU R(AB)/ANG    OVPOP(AB)
                  8 C    (  0  0  0)     2.756     1.459    -0.000
                 11 C    (  0  0  0)     2.756     1.459    -0.000
                  1 C    (  0  0  0)     2.757     1.459    -0.000
                 10 C    (  0  0  0)     4.398     2.327     0.000
                  4 C    (  0  0  0)     4.398     2.327     0.000
                  5 C    (  0  0  0)     4.398     2.327    -0.000

 ATOM A  68 C    ATOM B     CELL      R(AB)/AU R(AB)/ANG    OVPOP(AB)
                  6 C    (  0  0  0)     2.756     1.459    -0.000
                 10 C    (  0  0  0)     2.756     1.459    -0.000
                  2 C    (  0  0  0)     2.757     1.459    -0.000
                 11 C    (  0  0  0)     4.398     2.327     0.000
                  3 C    (  0  0  0)     4.398     2.327     0.000
                  7 C    (  0  0  0)     4.398     2.327    -0.000

 ATOM A  69 C    ATOM B     CELL      R(AB)/AU R(AB)/ANG    OVPOP(AB)
                 17 C    (  0  0  0)     2.756     1.459     0.000
                 24 C    (  0  0  0)     2.756     1.459     0.000
                 15 C    (  0  0  0)     2.757     1.459    -0.000
                 21 C    (  0  1  0)     4.398     2.327     0.000
                 14 C    (  0  1  1)     4.398     2.327     0.000
                 20 C    (  0  0  1)     4.398     2.327    -0.000

 ATOM A  70 C    ATOM B     CELL      R(AB)/AU R(AB)/ANG    OVPOP(AB)
                 19 C    (  0  0  0)     2.756     1.459     0.000
                 21 C    (  0  0  0)     2.756     1.459     0.000
                 16 C    (  0  0  0)     2.757     1.459     0.000
                 24 C    (  0 -1  0)     4.398     2.327    -0.000
                 13 C    (  0 -1  1)     4.398     2.327    -0.000
                 18 C    (  0  0  1)     4.398     2.327     0.000

 ATOM A  71 C    ATOM B     CELL      R(AB)/AU R(AB)/ANG    OVPOP(AB)
                 20 C    (  0  0  0)     2.756     1.459     0.000
                 23 C    (  0  0  0)     2.756     1.459    -0.000
                 13 C    (  0  0  0)     2.757     1.459     0.000
                 22 C    (  0  1  0)     4.398     2.327     0.000
                 16 C    (  0  1 -1)     4.398     2.327    -0.000
                 17 C    (  0  0 -1)     4.398     2.327    -0.000

 ATOM A  72 C    ATOM B     CELL      R(AB)/AU R(AB)/ANG    OVPOP(AB)
                 18 C    (  0  0  0)     2.756     1.459     0.000
                 22 C    (  0  0  0)     2.756     1.459    -0.000
                 14 C    (  0  0  0)     2.757     1.459    -0.000
                 23 C    (  0 -1  0)     4.398     2.327     0.000
                 15 C    (  0 -1 -1)     4.398     2.327    -0.000
                 19 C    (  0  0 -1)     4.398     2.327    -0.000

 ATOM A  73 C    ATOM B     CELL      R(AB)/AU R(AB)/ANG    OVPOP(AB)
                 29 C    (  0  0  0)     2.756     1.459     0.000
                 36 C    (  0  0  0)     2.756     1.459    -0.000
                 27 C    (  0  0  0)     2.757     1.459     0.000
                 33 C    ( -1  0  0)     4.398     2.327     0.000
                 26 C    (  0  0  1)     4.398     2.327    -0.000
                 32 C    ( -1  0  1)     4.398     2.327    -0.000

 ATOM A  74 C    ATOM B     CELL      R(AB)/AU R(AB)/ANG    OVPOP(AB)
                 31 C    (  0  0  0)     2.756     1.459     0.000
                 33 C    (  0  0  0)     2.756     1.459    -0.000
                 28 C    (  0  0  0)     2.757     1.459     0.000
                 36 C    (  1  0  0)     4.398     2.327    -0.000
                 25 C    (  0  0  1)     4.398     2.327    -0.000
                 30 C    (  1  0  1)     4.398     2.327     0.000

 ATOM A  75 C    ATOM B     CELL      R(AB)/AU R(AB)/ANG    OVPOP(AB)
                 32 C    (  0  0  0)     2.756     1.459     0.000
                 35 C    (  0  0  0)     2.756     1.459    -0.000
                 25 C    (  0  0  0)     2.757     1.459     0.000
                 34 C    (  1  0  0)     4.398     2.327     0.000
                 28 C    (  0  0 -1)     4.398     2.327    -0.000
                 29 C    (  1  0 -1)     4.398     2.327    -0.000

 ATOM A  76 C    ATOM B     CELL      R(AB)/AU R(AB)/ANG    OVPOP(AB)
                 30 C    (  0  0  0)     2.756     1.459     0.000
                 34 C    (  0  0  0)     2.756     1.459    -0.000
                 26 C    (  0  0  0)     2.757     1.459    -0.000
                 35 C    ( -1  0  0)     4.398     2.327     0.000
                 27 C    (  0  0 -1)     4.398     2.327    -0.000
                 31 C    ( -1  0 -1)     4.398     2.327    -0.000

 ATOM A  77 C    ATOM B     CELL      R(AB)/AU R(AB)/ANG    OVPOP(AB)
                 41 C    (  0  0  0)     2.756     1.459     0.000
                 48 C    (  0  0  0)     2.756     1.459     0.000
                 39 C    (  0  0  0)     2.757     1.459    -0.000
                 45 C    ( -1  1  0)     4.398     2.327     0.000
                 38 C    (  0  1  0)     4.398     2.327     0.000
                 44 C    ( -1  0  0)     4.398     2.327    -0.000

 ATOM A  78 C    ATOM B     CELL      R(AB)/AU R(AB)/ANG    OVPOP(AB)
                 43 C    (  0  0  0)     2.756     1.459     0.000
                 45 C    (  0  0  0)     2.756     1.459    -0.000
                 40 C    (  0  0  0)     2.757     1.459    -0.000
                 48 C    (  1 -1  0)     4.398     2.327    -0.000
                 37 C    (  0 -1  0)     4.398     2.327    -0.000
                 42 C    (  1  0  0)     4.398     2.327    -0.000

 ATOM A  79 C    ATOM B     CELL      R(AB)/AU R(AB)/ANG    OVPOP(AB)
                 44 C    (  0  0  0)     2.756     1.459     0.000
                 47 C    (  0  0  0)     2.756     1.459    -0.000
                 37 C    (  0  0  0)     2.757     1.459     0.000
                 46 C    (  1  1  0)     4.398     2.327     0.000
                 40 C    (  0  1  0)     4.398     2.327    -0.000
                 41 C    (  1  0  0)     4.398     2.327    -0.000

 ATOM A  80 C    ATOM B     CELL      R(AB)/AU R(AB)/ANG    OVPOP(AB)
                 42 C    (  0  0  0)     2.756     1.459     0.000
                 46 C    (  0  0  0)     2.756     1.459    -0.000
                 38 C    (  0  0  0)     2.757     1.459    -0.000
                 47 C    ( -1 -1  0)     4.398     2.327     0.000
                 39 C    (  0 -1  0)     4.398     2.327    -0.000
                 43 C    ( -1  0  0)     4.398     2.327    -0.000

 ATOM A  81 C    ATOM B     CELL      R(AB)/AU R(AB)/ANG    OVPOP(AB)
                 56 C    (  0  0  0)     2.908     1.539     0.000
                 59 C    (  0  0  0)     2.908     1.539     0.000
                 49 C    (  0  0  0)     2.908     1.539     0.000
                 62 C    (  0  0  0)     2.908     1.539     0.000
                 13 C    (  0  0  1)     5.033     2.663     0.000
                  4 C    (  0  0  0)     5.033     2.663    -0.000

 ATOM A  82 C    ATOM B     CELL      R(AB)/AU R(AB)/ANG    OVPOP(AB)
                 60 C    (  0  0  0)     2.908     1.539     0.000
                 50 C    (  0  0  0)     2.908     1.539    -0.000
                 55 C    (  0  0  0)     2.908     1.539     0.000
                 61 C    (  0  0  0)     2.908     1.539     0.000
                 25 C    (  0  0  1)     5.033     2.663     0.000
                 42 C    (  1  0  0)     5.033     2.663     0.000

 ATOM A  83 C    ATOM B     CELL      R(AB)/AU R(AB)/ANG    OVPOP(AB)
                 57 C    (  0  0  0)     2.908     1.539     0.000
                 64 C    (  0  0  0)     2.908     1.539     0.000
                 51 C    (  0  0  0)     2.908     1.539    -0.000
                 54 C    (  0  0  0)     2.908     1.539     0.000
                 28 C    (  0  0 -1)     5.033     2.663    -0.000
                 37 C    (  0  0  0)     5.033     2.663    -0.000

 ATOM A  84 C    ATOM B     CELL      R(AB)/AU R(AB)/ANG    OVPOP(AB)
                 52 C    (  0  0  0)     2.908     1.539     0.000
                 53 C    (  0  0  0)     2.908     1.539     0.000
                 58 C    (  0  0  0)     2.908     1.539     0.000
                 63 C    (  0  0  0)     2.908     1.539    -0.000
                 16 C    (  0  0 -1)     5.033     2.663    -0.000
                 38 C    (  0  0  0)     5.033     2.663    -0.000
 EIGENVECTORS IN FORTRAN UNIT  8
 TTTTTTTTTTTTTTTTTTTTTTTTTTTTTT END         TELAPSE    42428.51 TCPU    42335.90
 EEEEEEEEEE TERMINATION  DATE 31 01 2026 TIME 08:52:50.7
NODE    0 CPU TIME =     42335.901
NODE    1 CPU TIME =     42379.200
NODE    2 CPU TIME =     42346.028
NODE    3 CPU TIME =     42368.581
NODE    4 CPU TIME =     42383.051
NODE    5 CPU TIME =     42372.229
NODE    6 CPU TIME =     42337.892
NODE    7 CPU TIME =     42385.259
NODE    8 CPU TIME =     42378.304
NODE    9 CPU TIME =     42382.409
NODE   10 CPU TIME =     42360.731
NODE   11 CPU TIME =     42382.346
NODE   12 CPU TIME =     42381.897
NODE   13 CPU TIME =     42353.656
NODE   14 CPU TIME =     42382.726
NODE   15 CPU TIME =     42353.170
NODE   16 CPU TIME =     42368.866
NODE   17 CPU TIME =     42366.879
NODE   18 CPU TIME =     42340.908
NODE   19 CPU TIME =     42375.578
NODE   20 CPU TIME =     42361.366
NODE   21 CPU TIME =     42341.344
NODE   22 CPU TIME =     42382.391
NODE   23 CPU TIME =     42367.972
NODE   24 CPU TIME =     42380.944
NODE   25 CPU TIME =     42363.232
NODE   26 CPU TIME =     42354.629
NODE   27 CPU TIME =     42380.882
NODE   28 CPU TIME =     42325.357
NODE   29 CPU TIME =     42365.319
NODE   30 CPU TIME =     42378.239
NODE   31 CPU TIME =     42350.825
    TOTAL CPU TIME =   1355688.110
