MPI startup(): Warning: I_MPI_PMI_LIBRARY will be ignored since the hydra process manager was found
MPI startup(): Warning: I_MPI_PMI_LIBRARY will be ignored since the hydra process manager was found
MPI startup(): Warning: I_MPI_PMI_LIBRARY will be ignored since the hydra process manager was found
MPI startup(): Warning: I_MPI_PMI_LIBRARY will be ignored since the hydra process manager was found
MPI startup(): Warning: I_MPI_PMI_LIBRARY will be ignored since the hydra process manager was found
MPI startup(): Warning: I_MPI_PMI_LIBRARY will be ignored since the hydra process manager was found
MPI startup(): Warning: I_MPI_PMI_LIBRARY will be ignored since the hydra process manager was found
MPI startup(): Warning: I_MPI_PMI_LIBRARY will be ignored since the hydra process manager was found
MPI startup(): Warning: I_MPI_PMI_LIBRARY will be ignored since the hydra process manager was found
MPI startup(): Warning: I_MPI_PMI_LIBRARY will be ignored since the hydra process manager was found
MPI startup(): Warning: I_MPI_PMI_LIBRARY will be ignored since the hydra process manager was found
MPI startup(): Warning: I_MPI_PMI_LIBRARY will be ignored since the hydra process manager was found
MPI startup(): Warning: I_MPI_PMI_LIBRARY will be ignored since the hydra process manager was found
MPI startup(): Warning: I_MPI_PMI_LIBRARY will be ignored since the hydra process manager was found
MPI startup(): Warning: I_MPI_PMI_LIBRARY will be ignored since the hydra process manager was found
MPI startup(): Warning: I_MPI_PMI_LIBRARY will be ignored since the hydra process manager was found
MPI startup(): Warning: I_MPI_PMI_LIBRARY will be ignored since the hydra process manager was found
MPI startup(): Warning: I_MPI_PMI_LIBRARY will be ignored since the hydra process manager was found
MPI startup(): Warning: I_MPI_PMI_LIBRARY will be ignored since the hydra process manager was found
MPI startup(): Warning: I_MPI_PMI_LIBRARY will be ignored since the hydra process manager was found
MPI startup(): Warning: I_MPI_PMI_LIBRARY will be ignored since the hydra process manager was found
MPI startup(): Warning: I_MPI_PMI_LIBRARY will be ignored since the hydra process manager was found
MPI startup(): Warning: I_MPI_PMI_LIBRARY will be ignored since the hydra process manager was found
MPI startup(): Warning: I_MPI_PMI_LIBRARY will be ignored since the hydra process manager was found
MPI startup(): Warning: I_MPI_PMI_LIBRARY will be ignored since the hydra process manager was found
MPI startup(): Warning: I_MPI_PMI_LIBRARY will be ignored since the hydra process manager was found
MPI startup(): Warning: I_MPI_PMI_LIBRARY will be ignored since the hydra process manager was found
MPI startup(): Warning: I_MPI_PMI_LIBRARY will be ignored since the hydra process manager was found
MPI startup(): Warning: I_MPI_PMI_LIBRARY will be ignored since the hydra process manager was found
MPI startup(): Warning: I_MPI_PMI_LIBRARY will be ignored since the hydra process manager was found
MPI startup(): Warning: I_MPI_PMI_LIBRARY will be ignored since the hydra process manager was found
MPI startup(): Warning: I_MPI_PMI_LIBRARY will be ignored since the hydra process manager was found
 PROCESS           19  OF           32  WORKING
 PROCESS           25  OF           32  WORKING
 PROCESS           27  OF           32  WORKING
 PROCESS            1  OF           32  WORKING
 PROCESS           22  OF           32  WORKING
 PROCESS           26  OF           32  WORKING
 PROCESS            7  OF           32  WORKING
 PROCESS           21  OF           32  WORKING
 PROCESS           29  OF           32  WORKING
 PROCESS            2  OF           32  WORKING
 PROCESS           11  OF           32  WORKING
 PROCESS           17  OF           32  WORKING
 PROCESS            8  OF           32  WORKING
 PROCESS           23  OF           32  WORKING
 PROCESS           15  OF           32  WORKING
 PROCESS           13  OF           32  WORKING
 PROCESS           20  OF           32  WORKING
 PROCESS           24  OF           32  WORKING
 PROCESS            3  OF           32  WORKING
 PROCESS            0  OF           32  WORKING
 PROCESS           10  OF           32  WORKING
 PROCESS           16  OF           32  WORKING
 PROCESS           28  OF           32  WORKING
 PROCESS            5  OF           32  WORKING
 PROCESS            6  OF           32  WORKING
 PROCESS           30  OF           32  WORKING
 PROCESS           31  OF           32  WORKING
 PROCESS           14  OF           32  WORKING
 PROCESS           18  OF           32  WORKING
 PROCESS           12  OF           32  WORKING
 PROCESS            4  OF           32  WORKING

         
 *******************************************************************************
 *                                                                             *
 *                               CRYSTAL23                                     *
 *                      public : 1.0.1 - October 2022                          *
 *                       HTTP://WWW.CRYSTAL.UNITO.IT                           *
 *                                                                             *
 *                              MAIN AUTHORS                                   *
 *                                                                             *
 *  R. DOVESI(1,11), V.R. SAUNDERS(2), C. ROETTI(1,11), R. ORLANDO(1,11),      *
 *  C.M. ZICOVICH-WILSON(1,3), F. PASCALE(4), B. CIVALLERI(1,11),              *
 *  K. DOLL(5), N.M. HARRISON(6), I.J. BUSH(7), Ph. D'ARCO(8),                 *
 *  M. LLUNELL(9), M. CAUSA'(10), Y. NOEL(8), L. MASCHIO(1,11), A. ERBA(1,11)  *
 *  M. RE'RAT(14), S. CASASSA(1,11), B.G. SEARLE(2), J.K. DESMARAIS(1)         *
 *                                                                             *
 *        CONTRIBUTIONS TO THE CODE HAVE ALSO BEEN GIVEN BY                    *
 *                                                                             *
 *  M. FERRABONE(1,11), M. DE LA PIERRE(1,11), M. FERRERO(1,11),               *
 *  J. BAIMA(1,11), E. ALBANESE(1,11), M.F. PEINTINGER(12), R. BAST(13),       *
 *  B. KIRTMAN(15), V. LACIVITA(1,11), R. DEMICHELIS(1,16)                     *
 *  G. BRANDEBURG(17), S. SALUSTRO(1,11), G. SANSONE(1,11)                     *
 *  M.T. RUGGIERO(18), L.E. DAGA(1), L. DONA'(1), A. COSSARD(1)                *
 *                                                                             *
 * (1) THEORETICAL CHEMISTRY GROUP - UNIVERSITA' DI TORINO - TORINO (ITALY)    *
 * (2) SCIENTIFIC COMPUTING DEPARTMENT - STFC DARESBURY (UK)                   *
 * (3) UNIVERSIDAD AUTONOMA DEL ESTADO DE MORELOS - CUERNAVACA (MEXICO)        *
 * (4) UNIVERSITE' DE LORRAINE - NANCY (FRANCE)                                *
 * (5) UNIVERSITAET STUTTGART- STUTTGART (GERMANY)                             *
 * (6) IMPERIAL COLLEGE - LONDON (UK)                                          *
 * (7) SCIENTIFIC COMPUTING DEPARTMENT - STFC RAL (UK)                         *
 * (8) UPMC - SORBONNE UNIVERSITES - PARIS (FRANCE)                            *
 * (9) UNIVERSIDAD DE BARCELONA - BARCELONA (SPAIN)                            *
 *(10) UNIVERSITA' DI NAPOLI "FEDERICO II" - NAPOLI (ITALY)                    *
 *(11) NIS - NANOSTRUCTURED INTERFACES AND SURFACES - TORINO (ITALY)           *
 *(12) MPI FUER CHEMISCHE ENERGIEKONVERSION - MUELHEIM AN DER RUHR (GERMANY)   *
 *(13) UNIVERSITY OF TROMSO - TROMSO (NORWAY)                                  *
 *(14) UNIVERSITE' DE PAU ET DES PAYS DE L'ADOUR - PAU (FRANCE)                *
 *(15) UNIVERSITY OF CALIFORNIA SANTA BARBARA - SANTA BARBARA (USA)            *
 *(16) CURTIN UNIVERSITY - PERTH (AUSTRALIA)                                   *
 *(17) UNIVERSITY COLLEGE LONDON - LONDON (UK)                                 *
 *(18) UNIVERSITY OF VERMONT - BURLINGTON (USA)                                *
 *                                                                             *
 *******************************************************************************
 EEEEEEEEEE STARTING  DATE 30 01 2026 TIME 22:43:12.3
 ./3^24,4^4T1-CA_rev1_sp_B3LYP-D3-D3_optimized                                   
 PROCESS            9  OF           32  WORKING

 CRYSTAL CALCULATION
 (INPUT ACCORDING TO THE INTERNATIONAL TABLES FOR X-RAY CRYSTALLOGRAPHY)
 CRYSTAL FAMILY                       :  TRICLINIC   
 CRYSTAL CLASS  (GROTH - 1921)        :  TRICLINIC PEDIAL                     

 SPACE GROUP (NONCENTROSYMMETRIC)     :  P 1             

 LATTICE PARAMETERS  (ANGSTROMS AND DEGREES) - CONVENTIONAL CELL
        A           B           C        ALPHA        BETA       GAMMA
     4.79275     7.16648     7.47947    80.23049    73.93422    72.05919


 NUMBER OF IRREDUCIBLE ATOMS IN THE CONVENTIONAL CELL:   28

 INPUT COORDINATES

 ATOM AT. N.              COORDINATES
   1   6     8.466332517868E-02  2.858332552013E-01 -4.859756108857E-01
   2   6    -1.258581380478E-01 -2.888774613527E-01  4.940376622309E-01
   3   6     4.035541391164E-01  1.354226598812E-02 -1.971263395103E-01
   4   6     2.114204804262E-01 -5.440639839684E-02  2.107764203080E-01
   5   6    -4.770108817305E-01  3.074662850013E-01  8.402187111967E-02
   6   6    -1.073085525450E-02 -3.807926252703E-01 -1.540985004861E-01
   7   6     4.180704733125E-01  3.269774557327E-01 -9.721192222195E-02
   8   6    -4.278807706804E-01 -3.803158642078E-01  1.218809024185E-01
   9   6    -1.571029930002E-01 -8.064305114840E-02 -4.990799574649E-01
  10   6     2.665126062459E-01  7.776507076291E-02 -4.968128813808E-01
  11   6     1.262737375820E-01 -4.201938149407E-02  4.213292540254E-01
  12   6    -4.827879592555E-01  2.836650003015E-02 -4.100271599080E-01
  13   6    -2.324838435251E-02  2.738354708037E-01 -1.562788983684E-01
  14   6     4.522428986069E-03 -2.943368764431E-01  1.497489603414E-01
  15   6     4.977910988932E-01 -3.473728023803E-01 -2.252594181191E-01
  16   6    -8.186594950428E-02  3.107916518744E-01  2.253475473145E-01
  17   6    -1.481869948694E-01 -3.203576038012E-01  3.279185813788E-02
  18   6    -2.824642044184E-01  2.254979327036E-01 -7.194642407904E-02
  19   6    -3.634110523839E-01  4.190230388987E-01  1.690568601701E-01
  20   6     3.207954674192E-01 -4.700099062198E-01 -1.880880025587E-01
  21   6     2.902852381855E-01 -2.285534282195E-01  9.047563918197E-02
  22   6     2.368463324532E-01  1.833284632276E-01 -7.744965608307E-02
  23   6    -1.712778968637E-02  3.975545438868E-01  3.527436372058E-01
  24   6    -1.613965081300E-01 -4.027253492192E-01 -3.081038546942E-01
  25   6     3.747022345440E-01 -1.658106359365E-01 -1.253046669942E-01
  26   6     1.193737619275E-01  1.287903392780E-01  1.317302322401E-01
  27   6    -7.454344188254E-02 -3.855566524197E-01  3.436099547883E-01
  28   6    -1.703540107391E-02  3.838057631202E-01 -3.346675067278E-01

 *******************************************************************************

 << INFORMATION >>: FROM NOW ON, ALL COORDINATES REFER TO THE PRIMITIVE CELL

 *******************************************************************************

 LATTICE PARAMETERS  (ANGSTROMS AND DEGREES) - PRIMITIVE CELL
       A          B          C        ALPHA      BETA     GAMMA        VOLUME
    4.79275    7.16648    7.47947    80.23049  73.93422  72.05919    233.857219

 COORDINATES OF THE EQUIVALENT ATOMS (FRACTIONAL UNITS)

 N. ATOM EQUIV AT. N.          X                  Y                  Z

   1   1   1    6 C     8.46633251787E-02  2.85833255201E-01 -4.85975610886E-01

   2   2   1    6 C    -1.25858138048E-01 -2.88877461353E-01  4.94037662231E-01

   3   3   1    6 C     4.03554139116E-01  1.35422659881E-02 -1.97126339510E-01

   4   4   1    6 C     2.11420480426E-01 -5.44063983968E-02  2.10776420308E-01

   5   5   1    6 C    -4.77010881730E-01  3.07466285001E-01  8.40218711197E-02

   6   6   1    6 C    -1.07308552545E-02 -3.80792625270E-01 -1.54098500486E-01

   7   7   1    6 C     4.18070473313E-01  3.26977455733E-01 -9.72119222220E-02

   8   8   1    6 C    -4.27880770680E-01 -3.80315864208E-01  1.21880902418E-01

   9   9   1    6 C    -1.57102993000E-01 -8.06430511484E-02 -4.99079957465E-01

  10  10   1    6 C     2.66512606246E-01  7.77650707629E-02 -4.96812881381E-01

  11  11   1    6 C     1.26273737582E-01 -4.20193814941E-02  4.21329254025E-01

  12  12   1    6 C    -4.82787959255E-01  2.83665000301E-02 -4.10027159908E-01

  13  13   1    6 C    -2.32483843525E-02  2.73835470804E-01 -1.56278898368E-01

  14  14   1    6 C     4.52242898607E-03 -2.94336876443E-01  1.49748960341E-01

  15  15   1    6 C     4.97791098893E-01 -3.47372802380E-01 -2.25259418119E-01

  16  16   1    6 C    -8.18659495043E-02  3.10791651874E-01  2.25347547314E-01

  17  17   1    6 C    -1.48186994869E-01 -3.20357603801E-01  3.27918581379E-02

  18  18   1    6 C    -2.82464204418E-01  2.25497932704E-01 -7.19464240790E-02

  19  19   1    6 C    -3.63411052384E-01  4.19023038899E-01  1.69056860170E-01

  20  20   1    6 C     3.20795467419E-01 -4.70009906220E-01 -1.88088002559E-01

  21  21   1    6 C     2.90285238186E-01 -2.28553428220E-01  9.04756391820E-02

  22  22   1    6 C     2.36846332453E-01  1.83328463228E-01 -7.74496560831E-02

  23  23   1    6 C    -1.71277896864E-02  3.97554543887E-01  3.52743637206E-01

  24  24   1    6 C    -1.61396508130E-01 -4.02725349219E-01 -3.08103854694E-01

  25  25   1    6 C     3.74702234544E-01 -1.65810635937E-01 -1.25304666994E-01

  26  26   1    6 C     1.19373761928E-01  1.28790339278E-01  1.31730232240E-01

  27  27   1    6 C    -7.45434418825E-02 -3.85556652420E-01  3.43609954788E-01

  28  28   1    6 C    -1.70354010739E-02  3.83805763120E-01 -3.34667506728E-01

 NUMBER OF SYMMETRY OPERATORS         :    1
 *******************************************************************************
 * GEOMETRY EDITING - INPUT COORDINATES ARE GIVEN IN ANGSTROM         
 *******************************************************************************

 GCALCO - MAX INDICES DIRECT LATTICE VECTOR    20    13    12
 NO.OF VECTORS CREATED 6999 STARS 3500 RMAX   138.18371 BOHR

 GEOMETRY FOR WAVE FUNCTION - DIMENSIONALITY OF THE SYSTEM    3
 (NON PERIODIC DIRECTION: LATTICE PARAMETER FORMALLY SET TO 500)
 *******************************************************************************
 LATTICE PARAMETERS (ANGSTROMS AND DEGREES) - BOHR = 0.5291772083 ANGSTROM
 PRIMITIVE CELL - CENTRING CODE 1/0 VOLUME=   233.857219 - DENSITY  2.386 g/cm^3
         A              B              C           ALPHA      BETA       GAMMA 
     4.79274532     7.16647801     7.47947051    80.230487  73.934218  72.059188
 *******************************************************************************
 ATOMS IN THE ASYMMETRIC UNIT   28 - ATOMS IN THE UNIT CELL:   28
     ATOM                 X/A                 Y/B                 Z/C    
 *******************************************************************************
      1 T   6 C     8.466332517868E-02  2.858332552013E-01 -4.859756108857E-01
      2 T   6 C    -1.258581380478E-01 -2.888774613527E-01  4.940376622309E-01
      3 T   6 C     4.035541391164E-01  1.354226598812E-02 -1.971263395103E-01
      4 T   6 C     2.114204804262E-01 -5.440639839684E-02  2.107764203080E-01
      5 T   6 C    -4.770108817305E-01  3.074662850013E-01  8.402187111967E-02
      6 T   6 C    -1.073085525450E-02 -3.807926252703E-01 -1.540985004861E-01
      7 T   6 C     4.180704733125E-01  3.269774557327E-01 -9.721192222195E-02
      8 T   6 C    -4.278807706804E-01 -3.803158642078E-01  1.218809024185E-01
      9 T   6 C    -1.571029930002E-01 -8.064305114840E-02 -4.990799574649E-01
     10 T   6 C     2.665126062459E-01  7.776507076291E-02 -4.968128813808E-01
     11 T   6 C     1.262737375820E-01 -4.201938149407E-02  4.213292540254E-01
     12 T   6 C    -4.827879592555E-01  2.836650003015E-02 -4.100271599080E-01
     13 T   6 C    -2.324838435251E-02  2.738354708037E-01 -1.562788983684E-01
     14 T   6 C     4.522428986069E-03 -2.943368764431E-01  1.497489603414E-01
     15 T   6 C     4.977910988932E-01 -3.473728023803E-01 -2.252594181191E-01
     16 T   6 C    -8.186594950428E-02  3.107916518744E-01  2.253475473145E-01
     17 T   6 C    -1.481869948694E-01 -3.203576038012E-01  3.279185813788E-02
     18 T   6 C    -2.824642044184E-01  2.254979327036E-01 -7.194642407904E-02
     19 T   6 C    -3.634110523839E-01  4.190230388987E-01  1.690568601701E-01
     20 T   6 C     3.207954674192E-01 -4.700099062198E-01 -1.880880025587E-01
     21 T   6 C     2.902852381855E-01 -2.285534282195E-01  9.047563918197E-02
     22 T   6 C     2.368463324532E-01  1.833284632276E-01 -7.744965608307E-02
     23 T   6 C    -1.712778968637E-02  3.975545438868E-01  3.527436372058E-01
     24 T   6 C    -1.613965081300E-01 -4.027253492192E-01 -3.081038546942E-01
     25 T   6 C     3.747022345440E-01 -1.658106359365E-01 -1.253046669942E-01
     26 T   6 C     1.193737619275E-01  1.287903392780E-01  1.317302322401E-01
     27 T   6 C    -7.454344188254E-02 -3.855566524197E-01  3.436099547883E-01
     28 T   6 C    -1.703540107391E-02  3.838057631202E-01 -3.346675067278E-01

 T = ATOM BELONGING TO THE ASYMMETRIC UNIT

 ****    1 SYMMOPS - TRANSLATORS IN FRACTIONAL UNITS
 **** MATRICES AND TRANSLATORS IN THE CRYSTALLOGRAPHIC REFERENCE FRAME
   V INV                    ROTATION MATRICES                   TRANSLATORS
   1   1  1.00  0.00  0.00  0.00  1.00  0.00 -0.00 -0.00  1.00  0.00  0.00  0.00

 DIRECT LATTICE VECTORS CARTESIAN COMPONENTS (ANGSTROM)
          X                    Y                    Z
   0.455969918695E+01   0.147633025672E+01   0.000000000000E+00
   0.000000000000E+00   0.716647801000E+01   0.000000000000E+00
   0.176474152353E+01   0.126915500811E+01   0.715663412719E+01


 CARTESIAN COORDINATES - PRIMITIVE CELL
 *******************************************************************************
 *      ATOM          X(ANGSTROM)         Y(ANGSTROM)         Z(ANGSTROM)
 *******************************************************************************
    1     6 C    -4.715820449719E-01  1.556630386149E+00 -3.477949641847E+00
    2     6 C     2.979735269997E-01 -1.629031778409E+00  3.535646793639E+00
    3     6 C     1.492208443303E+00  4.426456561939E-01 -1.410761088708E+00
    4     6 C     1.335979693802E+00  1.897321438553E-01  1.508449722783E+00
    5     6 C    -2.026749244743E+00  1.605861551315E+00  6.013137902855E-01
    6     6 C    -3.208734945009E-01 -2.940359145296E+00 -1.102826587528E+00
    7     6 C    -2.824977505426E+00  1.360779580808E+00 -6.957101601435E-01
    8     6 C     2.823779874190E+00 -1.726202591304E+00  8.722570257011E-01
    9     6 C     1.676520095805E-01 -1.741173740571E-01  3.584901471401E+00
   10     6 C     3.384709928131E-01  3.202297374706E-01 -3.555508021718E+00
   11     6 C     1.319307488243E+00  4.200228987600E-01  3.015299318142E+00
   12     6 C     1.634739366798E+00  4.464756601224E-01 -2.934414365673E+00
   13     6 C    -3.817975004324E-01  1.729771440107E+00 -1.118430897423E+00
   14     6 C     2.848891241909E-01 -1.912627510839E+00  1.071698520091E+00
   15     6 C     1.872253020172E+00 -2.040424607336E+00 -1.612099239182E+00
   16     6 C     2.439607057837E-02  2.392421328840E+00  1.612729947590E+00
   17     6 C    -6.178189663327E-01 -2.472990716176E+00  2.346793310436E-01
   18     6 C    -1.414918645271E+00  1.107704360161E+00 -5.148942338934E-01
   19     6 C    -1.358703419103E+00  2.680964022428E+00  1.209878094929E+00
   20     6 C     1.130804123775E+00 -3.133428433048E+00 -1.346077018027E+00
   21     6 C     1.483279481870E+00 -1.094538626652E+00  6.475010470491E-01
   22     6 C     9.432694054456E-01  1.565187188229E+00 -5.542788518633E-01
   23     6 C     5.444037750313E-01  3.271465976134E+00  2.524457152177E+00
   24     6 C    -1.279643192836E+00 -3.515428457734E+00 -2.204986561224E+00
   25     6 C     1.487399125261E+00 -7.941250757984E-01 -8.967596561070E-01
   26     6 C     7.767782559423E-01  1.266394314896E+00  9.427450756323E-01
   27     6 C     2.664870837694E-01 -2.437039714911E+00  2.459090728881E+00
   28     6 C    -6.682779501253E-01  2.300640741257E+00 -2.395092899910E+00

 *******************************************************************************
 LOCAL ATOMIC FUNCTIONS BASIS SET
 *******************************************************************************
   ATOM   X(AU)   Y(AU)   Z(AU)  N. TYPE  EXPONENT  S COEF   P COEF   D/F/G COEF
 *******************************************************************************
   1 C   -0.891   2.942  -6.572
                                  1 S  
                                         1.358E+04 2.225E-04 0.000E+00 0.000E+00
                                         2.035E+03 1.723E-03 0.000E+00 0.000E+00
                                         4.632E+02 8.926E-03 0.000E+00 0.000E+00
                                         1.312E+02 3.573E-02 0.000E+00 0.000E+00
                                         4.285E+01 1.108E-01 0.000E+00 0.000E+00
                                         1.558E+01 2.430E-01 0.000E+00 0.000E+00
                                  2 S  
                                         6.207E+00 4.144E-01 0.000E+00 0.000E+00
                                         2.576E+00 2.374E-01 0.000E+00 0.000E+00
                                  3 S  
                                         4.941E-01 1.000E+00 0.000E+00 0.000E+00
                                  4 S  
                                         1.644E-01 1.000E+00 0.000E+00 0.000E+00
                           5-     7 P  
                                         3.470E+01 0.000E+00 5.333E-03 0.000E+00
                                         7.958E+00 0.000E+00 3.586E-02 0.000E+00
                                         2.378E+00 0.000E+00 1.422E-01 0.000E+00
                                         8.143E-01 0.000E+00 3.427E-01 0.000E+00
                           8-    10 P  
                                         5.662E-01 0.000E+00 1.000E+00 0.000E+00
                          11-    13 P  
                                         2.674E-01 0.000E+00 1.000E+00 0.000E+00
                          14-    18 D  
                                         8.792E-01 0.000E+00 0.000E+00 1.000E+00
   2 C    0.563  -3.078   6.681
   3 C    2.820   0.836  -2.666
   4 C    2.525   0.359   2.851
   5 C   -3.830   3.035   1.136
   6 C   -0.606  -5.556  -2.084
   7 C   -5.338   2.572  -1.315
   8 C    5.336  -3.262   1.648
   9 C    0.317  -0.329   6.774
  10 C    0.640   0.605  -6.719
  11 C    2.493   0.794   5.698
  12 C    3.089   0.844  -5.545
  13 C   -0.721   3.269  -2.114
  14 C    0.538  -3.614   2.025
  15 C    3.538  -3.856  -3.046
  16 C    0.046   4.521   3.048
  17 C   -1.168  -4.673   0.443
  18 C   -2.674   2.093  -0.973
  19 C   -2.568   5.066   2.286
  20 C    2.137  -5.921  -2.544
  21 C    2.803  -2.068   1.224
  22 C    1.783   2.958  -1.047
  23 C    1.029   6.182   4.771
  24 C   -2.418  -6.643  -4.167
  25 C    2.811  -1.501  -1.695
  26 C    1.468   2.393   1.782
  27 C    0.504  -4.605   4.647
  28 C   -1.263   4.348  -4.526
 INFORMATION **** SET_MPP **** PCRYSTAL CALCULATION
 INFORMATION **** READM2 **** NEW DEFAULT: FOCK/KS MATRIX MIXING SET TO 30 %
 INFORMATION **** READM2 **** NEW DEFAULT: FULL DIRECT SCF MODE
 INFORMATION **** READM2 **** NEW DEFAULT: COULOMB BIPOLAR BUFFER SET TO 32 Mb
 INFORMATION **** READM2 **** NEW DEFAULT: EXCHANGE BIPOLAR BUFFER SET TO 32 Mb

 *******************************************************************************
 NEW DEFAULT: DFT INTEGRATION GRID INCREASED TO XLGRID
 NEW DEFAULT: DIIS ACCELERATOR ACTIVE
 USE KEYWORD NODIIS TO TURN IT OFF
 *******************************************************************************

 INFORMATION **** DFTD3_INPUT **** PERFORM LATEST DISPERSION CORRECTION DFT-D3(BJ) WITH AUTOMATIC PARAMETER SETUP
 PLEASE CITE:
 (1) DFT-D3 Reference
  S. Grimme, J. Antony, S. Ehrlich, and H. Krieg, J. Chem. Phys. 132 (2010), 154104
 (2) BJ-Damping Reference
  S. Grimme, S. Ehrlich, and L. Goerigk, J. Comput. Chem. 32 (2011), 1456-1465
 (3) General DFT-D Review
  S. Grimme, A. Hansen, J. G. Brandenburg, and C. Bannwarth,
  Chem. Rev. 116 (2016), 5105-5154

 INFORMATION **** TOLINTEG **** COULOMB AND EXCHANGE SERIES TOLERANCES MODIFIED
 INFORMATION **** TOLDEE **** SCF TOL ON TOTAL ENERGY SET TO           9
 INFORMATION **** READM2 **** FULL DIRECT SCF (MONO AND BIEL INT) SELECTED
 INFORMATION **** BIPOSIZE **** COULOMB BIPOLAR BUFFER SET TO   110000000
 INFORMATION **** EXCHSIZE **** EXCHANGE BIPOLAR BUFFER SIZE SET TO   110000000
 INFORMATION **** MAXCYCLE **** MAX NUMBER OF SCF CYCLES SET TO         800
 INFORMATION **** DIIS **** DIIS FOR SCF ACTIVE
 INFORMATION **** DIIS **** LEVEL SHIFTER DISABLED
 INFORMATION **** PPAN ****  MULLIKEN POPULATION ANALYSIS AT THE END OF SCF
 *******************************************************************************
 N. OF ATOMS PER CELL        28  COULOMB OVERLAP TOL         (T1) 10**   -8
 NUMBER OF SHELLS           224  COULOMB PENETRATION TOL     (T2) 10**   -8
 NUMBER OF AO               504  EXCHANGE OVERLAP TOL        (T3) 10**   -8
 N. OF ELECTRONS PER CELL   168  EXCHANGE PSEUDO OVP (F(G))  (T4) 10**   -9
 CORE ELECTRONS PER CELL     56  EXCHANGE PSEUDO OVP (P(G))  (T5) 10**  -24
 N. OF SYMMETRY OPERATORS     1  POLE ORDER IN MONO ZONE                  4
 *******************************************************************************
 TYPE OF CALCULATION :  UNRESTRICTED OPEN SHELL
 KOHN-SHAM HAMILTONIAN

 (EXCHANGE)[CORRELATION] FUNCTIONAL:(BECKE 88)[LEE-YANG-PARR]

 NON-LOCAL WEIGHTING FACTOR (EXCHANGE) =           0.9000
 NON-LOCAL WEIGHTING FACTOR [CORRELATION] =        0.8100

 HYBRID EXCHANGE - PERCENTAGE OF FOCK EXCHANGE    20.0000

 SPIN POLARIZED DFT SELECTED

 CAPPA:IS1  9;IS2  6;IS3  6; K PTS MONK NET 164; SYMMOPS:K SPACE   2;G SPACE   1

 *******************************************************************************
 MAX NUMBER OF SCF CYCLES     800  CONVERGENCE ON DELTAP        10**-19
 WEIGHT OF F(I) IN F(I+1)      30% CONVERGENCE ON ENERGY        10**- 9
 SHRINK. FACT.(MONKH.)    9  6  6  NUMBER OF K POINTS IN THE IBZ    164
 SHRINKING FACTOR(GILAT NET)   18  NUMBER OF K POINTS(GILAT NET)   1300
 *******************************************************************************
 *** K POINTS COORDINATES (OBLIQUE COORDINATES IN UNITS OF IS =  9)
   1-R(  0  0  0)   2-C(  1  0  0)   3-C(  2  0  0)   4-C(  3  0  0)
   5-C(  4  0  0)   6-C(  0  1  0)   7-C(  1  1  0)   8-C(  2  1  0)
   9-C(  3  1  0)  10-C(  4  1  0)  11-C(  5  1  0)  12-C(  6  1  0)
  13-C(  7  1  0)  14-C(  8  1  0)  15-C(  0  2  0)  16-C(  1  2  0)
  17-C(  2  2  0)  18-C(  3  2  0)  19-C(  4  2  0)  20-C(  5  2  0)
  21-C(  6  2  0)  22-C(  7  2  0)  23-C(  8  2  0)  24-R(  0  3  0)
  25-C(  1  3  0)  26-C(  2  3  0)  27-C(  3  3  0)  28-C(  4  3  0)
  29-C(  0  0  1)  30-C(  1  0  1)  31-C(  2  0  1)  32-C(  3  0  1)
  33-C(  4  0  1)  34-C(  5  0  1)  35-C(  6  0  1)  36-C(  7  0  1)
  37-C(  8  0  1)  38-C(  0  1  1)  39-C(  1  1  1)  40-C(  2  1  1)
  41-C(  3  1  1)  42-C(  4  1  1)  43-C(  5  1  1)  44-C(  6  1  1)
  45-C(  7  1  1)  46-C(  8  1  1)  47-C(  0  2  1)  48-C(  1  2  1)
  49-C(  2  2  1)  50-C(  3  2  1)  51-C(  4  2  1)  52-C(  5  2  1)
  53-C(  6  2  1)  54-C(  7  2  1)  55-C(  8  2  1)  56-C(  0  3  1)
  57-C(  1  3  1)  58-C(  2  3  1)  59-C(  3  3  1)  60-C(  4  3  1)
  61-C(  5  3  1)  62-C(  6  3  1)  63-C(  7  3  1)  64-C(  8  3  1)
  65-C(  0  4  1)  66-C(  1  4  1)  67-C(  2  4  1)  68-C(  3  4  1)
  69-C(  4  4  1)  70-C(  5  4  1)  71-C(  6  4  1)  72-C(  7  4  1)
  73-C(  8  4  1)  74-C(  0  5  1)  75-C(  1  5  1)  76-C(  2  5  1)
  77-C(  3  5  1)  78-C(  4  5  1)  79-C(  5  5  1)  80-C(  6  5  1)
  81-C(  7  5  1)  82-C(  8  5  1)  83-C(  0  0  2)  84-C(  1  0  2)
  85-C(  2  0  2)  86-C(  3  0  2)  87-C(  4  0  2)  88-C(  5  0  2)
  89-C(  6  0  2)  90-C(  7  0  2)  91-C(  8  0  2)  92-C(  0  1  2)
  93-C(  1  1  2)  94-C(  2  1  2)  95-C(  3  1  2)  96-C(  4  1  2)
  97-C(  5  1  2)  98-C(  6  1  2)  99-C(  7  1  2) 100-C(  8  1  2)
 101-C(  0  2  2) 102-C(  1  2  2) 103-C(  2  2  2) 104-C(  3  2  2)
 105-C(  4  2  2) 106-C(  5  2  2) 107-C(  6  2  2) 108-C(  7  2  2)
 109-C(  8  2  2) 110-C(  0  3  2) 111-C(  1  3  2) 112-C(  2  3  2)
 113-C(  3  3  2) 114-C(  4  3  2) 115-C(  5  3  2) 116-C(  6  3  2)
 117-C(  7  3  2) 118-C(  8  3  2) 119-C(  0  4  2) 120-C(  1  4  2)
 121-C(  2  4  2) 122-C(  3  4  2) 123-C(  4  4  2) 124-C(  5  4  2)
 125-C(  6  4  2) 126-C(  7  4  2) 127-C(  8  4  2) 128-C(  0  5  2)
 129-C(  1  5  2) 130-C(  2  5  2) 131-C(  3  5  2) 132-C(  4  5  2)
 133-C(  5  5  2) 134-C(  6  5  2) 135-C(  7  5  2) 136-C(  8  5  2)
 137-R(  0  0  3) 138-C(  1  0  3) 139-C(  2  0  3) 140-C(  3  0  3)
 141-C(  4  0  3) 142-C(  0  1  3) 143-C(  1  1  3) 144-C(  2  1  3)
 145-C(  3  1  3) 146-C(  4  1  3) 147-C(  5  1  3) 148-C(  6  1  3)
 149-C(  7  1  3) 150-C(  8  1  3) 151-C(  0  2  3) 152-C(  1  2  3)
 153-C(  2  2  3) 154-C(  3  2  3) 155-C(  4  2  3) 156-C(  5  2  3)
 157-C(  6  2  3) 158-C(  7  2  3) 159-C(  8  2  3) 160-R(  0  3  3)
 161-C(  1  3  3) 162-C(  2  3  3) 163-C(  3  3  3) 164-C(  4  3  3)

 DIRECT LATTICE VECTORS COMPON. (A.U.)     RECIP. LATTICE VECTORS COMPON. (A.U.) 
        X            Y            Z              X            Y            Z
    8.6165827    2.7898599    0.0000000      0.7291969    0.0000000   -0.1798113
    0.0000000   13.5426808    0.0000000     -0.1502182    0.4639543   -0.0452355
    3.3348782    2.3983554   13.5240785      0.0000000    0.0000000    0.4645925

 DISK SPACE FOR EIGENVECTORS (FTN 10)    82301184 REALS

 SYMMETRY ADAPTION OF THE BLOCH FUNCTIONS DISABLED
 TTTTTTTTTTTTTTTTTTTTTTTTTTTTTT gordsh1     TELAPSE        1.84 TCPU        0.70

 MATRIX SIZE: P(G) 2266440, F(G)  258596, P(G) IRR 1139968, F(G) IRR  259296
 MAX G-VECTOR INDEX FOR 1- AND 2-ELECTRON INTEGRALS 161

 TTTTTTTTTTTTTTTTTTTTTTTTTTTTTT INPUT       TELAPSE        1.87 TCPU        0.73

 NEIGHBORS OF THE NON-EQUIVALENT ATOMS

 N = NUMBER OF NEIGHBORS AT DISTANCE R
    ATOM  N     R/ANG      R/AU   NEIGHBORS (ATOM LABELS AND CELL INDICES)
   1 C    1     1.3285     2.5104   28 C    0 0 0
   1 C    1     1.4462     2.7329   23 C    0 0-1
   1 C    1     1.4802     2.7971   10 C    0 0 0
   1 C    1     2.3676     4.4741   13 C    0 0 0
   1 C    1     2.4422     4.6151   12 C    0 0 0
   1 C    1     2.4629     4.6542   16 C    0 0-1

   2 C    1     1.3464     2.5444   27 C    0 0 0
   2 C    1     1.4616     2.7620    9 C    0 0 0
   2 C    1     1.5560     2.9404   24 C    0 0 1
   2 C    1     2.3479     4.4368   11 C    0 0 0
   2 C    1     2.4307     4.5934   15 C   -1 0 1
   2 C    1     2.4519     4.6335   28 C    0-1 1

   3 C    1     1.3393     2.5310   25 C    0 0 0
   3 C    1     1.5149     2.8628   22 C    0 0 0
   3 C    1     1.5303     2.8919   12 C    0 0 0
   3 C    1     2.2922     4.3316   13 C    0 0 0
   3 C    1     2.4384     4.6080   10 C    0 0 0
   3 C    1     2.5107     4.7445    7 C    1 0 0

   4 C    1     1.3386     2.5296   26 C    0 0 0
   4 C    1     1.5244     2.8808   11 C    0 0 0
   4 C    1     1.5532     2.9350   21 C    0 0 0
   4 C    1     2.3907     4.5178   14 C    0 0 0
   4 C    1     2.4102     4.5546    9 C    0 0 0
   4 C    1     2.5078     4.7391    8 C    0 0 0

   5 C    1     1.3669     2.5831   18 C    0 0 0
   5 C    1     1.4045     2.6540   19 C    0 0 0
   5 C    1     1.5426     2.9150    7 C    0 0 0
   5 C    1     2.3830     4.5032   13 C    0 0 0
   5 C    1     2.3913     4.5190    8 C   -1 1 0
   5 C    1     2.4184     4.5702   16 C    0 0 0

   6 C    1     1.4476     2.7356   17 C    0 0 0
   6 C    1     1.4845     2.8053   20 C    0 0 0
   6 C    1     1.5699     2.9668   24 C    0 0 0
   6 C    1     2.3448     4.4310   28 C    0-1 0
   6 C    1     2.4247     4.5820   15 C    0 0 0
   6 C    1     2.4438     4.6181    8 C   -1 0 0

   7 C    1     1.4440     2.7287   18 C    0 0 0
   7 C    1     1.4893     2.8143   20 C   -1 1 0
   7 C    1     1.5047     2.8435   22 C   -1 0 0
   7 C    1     1.5426     2.9150    5 C    0 0 0
   7 C    1     2.4258     4.5841   13 C   -1 0 0
   7 C    1     2.4636     4.6555   26 C   -1 0 0

   8 C    1     1.3792     2.6064   19 C    1-1 0
   8 C    1     1.4795     2.7958   17 C    1 0 0
   8 C    1     1.4988     2.8324   21 C    0 0 0
   8 C    1     2.3913     4.5190    5 C    1-1 0
   8 C    1     2.4050     4.5448   25 C    0 0 0
   8 C    1     2.4057     4.5461   14 C    1 0 0

   9 C    1     1.4155     2.6750   11 C    0 0 0
   9 C    1     1.4616     2.7620    2 C    0 0 0
   9 C    1     1.5298     2.8909   12 C   -1 0 1
   9 C    1     2.4102     4.5546    4 C    0 0 0
   9 C    1     2.5025     4.7291   24 C    0 0 1
   9 C    1     2.5294     4.7799   27 C    0 0 0

  10 C    1     1.4429     2.7267   12 C    0 0 0
  10 C    1     1.4802     2.7971    1 C    0 0 0
  10 C    1     1.5248     2.8815   11 C    0 0-1
  10 C    1     2.4384     4.6080    3 C    0 0 0
  10 C    1     2.5064     4.7364   28 C    0 0 0
  10 C    1     2.5335     4.7876   23 C    0 0-1

  11 C    1     1.4155     2.6750    9 C    0 0 0
  11 C    1     1.5244     2.8808    4 C    0 0 0
  11 C    1     1.5248     2.8815   10 C    0 0 1
  11 C    1     2.3035     4.3530   26 C    0 0 0
  11 C    1     2.3479     4.4368    2 C    0 0 0
  11 C    1     2.4957     4.7162    1 C    0 0 1

  12 C    1     1.4429     2.7267   10 C    0 0 0
  12 C    1     1.5298     2.8909    9 C    1 0-1
  12 C    1     1.5303     2.8919    3 C    0 0 0
  12 C    1     2.3902     4.5167   25 C    0 0 0
  12 C    1     2.4422     4.6151    1 C    0 0 0
  12 C    1     2.4675     4.6628    2 C    1 0-1

  13 C    1     1.3485     2.5484   18 C    0 0 0
  13 C    1     1.4275     2.6976   28 C    0 0 0
  13 C    1     1.4495     2.7392   22 C    0 0 0
  13 C    1     2.2922     4.3316    3 C    0 0 0
  13 C    1     2.3676     4.4741    1 C    0 0 0
  13 C    1     2.3829     4.5030   24 C    0 1 0

  14 C    1     1.3526     2.5560   17 C    0 0 0
  14 C    1     1.4833     2.8030   27 C    0 0 0
  14 C    1     1.5117     2.8568   21 C    0 0 0
  14 C    1     2.3907     4.5178    4 C    0 0 0
  14 C    1     2.4057     4.5461    8 C   -1 0 0
  14 C    1     2.4714     4.6702   23 C    0-1 0

  15 C    1     1.3473     2.5460   20 C    0 0 0
  15 C    1     1.4876     2.8112   25 C    0 0 0
  15 C    1     1.5276     2.8867   24 C    1 0 0
  15 C    1     2.4247     4.5820    6 C    0 0 0
  15 C    1     2.4307     4.5934    2 C    1 0-1
  15 C    1     2.4694     4.6665    7 C    1-1 0

  16 C    1     1.3691     2.5872   23 C    0 0 0
  16 C    1     1.4692     2.7764   19 C    0 0 0
  16 C    1     1.5109     2.8552   26 C    0 0 0
  16 C    1     2.4184     4.5702    5 C    0 0 0
  16 C    1     2.4629     4.6542    1 C    0 0 1
  16 C    1     2.4732     4.6737    8 C   -1 1 0

  17 C    1     1.3526     2.5560   14 C    0 0 0
  17 C    1     1.4476     2.7356    6 C    0 0 0
  17 C    1     1.4795     2.7958    8 C   -1 0 0
  17 C    1     2.3559     4.4520   19 C    0-1 0
  17 C    1     2.3940     4.5240   27 C    0 0 0
  17 C    1     2.4480     4.6260   20 C    0 0 0

  18 C    1     1.3485     2.5484   13 C    0 0 0
  18 C    1     1.3669     2.5831    5 C    0 0 0
  18 C    1     1.4440     2.7287    7 C    0 0 0
  18 C    1     2.3352     4.4129   19 C    0 0 0
  18 C    1     2.3486     4.4381   28 C    0 0 0
  18 C    1     2.4025     4.5400   22 C    0 0 0

  19 C    1     1.3792     2.6064    8 C   -1 1 0
  19 C    1     1.4045     2.6540    5 C    0 0 0
  19 C    1     1.4692     2.7764   16 C    0 0 0
  19 C    1     2.3352     4.4129   18 C    0 0 0
  19 C    1     2.3559     4.4520   17 C    0 1 0
  19 C    1     2.3872     4.5111   23 C    0 0 0

  20 C    1     1.3473     2.5460   15 C    0 0 0
  20 C    1     1.4845     2.8053    6 C    0 0 0
  20 C    1     1.4893     2.8143    7 C    1-1 0
  20 C    1     2.4086     4.5516   25 C    0 0 0
  20 C    1     2.4480     4.6260   17 C    0 0 0
  20 C    1     2.5602     4.8381   24 C    1 0 0

  21 C    1     1.4988     2.8324    8 C    0 0 0
  21 C    1     1.5117     2.8568   14 C    0 0 0
  21 C    1     1.5532     2.9350    4 C    0 0 0
  21 C    1     1.5732     2.9729   25 C    0 0 0
  21 C    1     2.4803     4.6871   15 C    0 0 0
  21 C    1     2.4820     4.6903   26 C    0 0 0

  22 C    1     1.4495     2.7392   13 C    0 0 0
  22 C    1     1.5047     2.8435    7 C    1 0 0
  22 C    1     1.5149     2.8628    3 C    0 0 0
  22 C    1     1.5356     2.9019   26 C    0 0 0
  22 C    1     2.4025     4.5400   18 C    0 0 0
  22 C    1     2.4262     4.5848   18 C    1 0 0

  23 C    1     1.3691     2.5872   16 C    0 0 0
  23 C    1     1.4462     2.7329    1 C    0 0 1
  23 C    1     1.4857     2.8075   27 C    0 1 0
  23 C    1     2.3234     4.3906   28 C    0 0 1
  23 C    1     2.3872     4.5111   19 C    0 0 0
  23 C    1     2.4714     4.6702   14 C    0 1 0

  24 C    1     1.4945     2.8242   28 C    0-1 0
  24 C    1     1.5276     2.8867   15 C   -1 0 0
  24 C    1     1.5560     2.9404    2 C    0 0-1
  24 C    1     1.5699     2.9668    6 C    0 0 0
  24 C    1     2.3829     4.5030   13 C    0-1 0
  24 C    1     2.5025     4.7291    9 C    0 0-1

  25 C    1     1.3393     2.5310    3 C    0 0 0
  25 C    1     1.4876     2.8112   15 C    0 0 0
  25 C    1     1.5732     2.9729   21 C    0 0 0
  25 C    1     2.3902     4.5167   12 C    0 0 0
  25 C    1     2.4050     4.5448    8 C    0 0 0
  25 C    1     2.4086     4.5516   20 C    0 0 0

  26 C    1     1.3386     2.5296    4 C    0 0 0
  26 C    1     1.5109     2.8552   16 C    0 0 0
  26 C    1     1.5356     2.9019   22 C    0 0 0
  26 C    1     2.3035     4.3530   11 C    0 0 0
  26 C    1     2.4095     4.5532   13 C    0 0 0
  26 C    1     2.4636     4.6555    7 C    1 0 0

  27 C    1     1.3464     2.5444    2 C    0 0 0
  27 C    1     1.4833     2.8030   14 C    0 0 0
  27 C    1     1.4857     2.8075   23 C    0-1 0
  27 C    1     2.3940     4.5240   17 C    0 0 0
  27 C    1     2.4830     4.6922    1 C    0-1 1
  27 C    1     2.4973     4.7192   16 C    0-1 0

  28 C    1     1.3285     2.5104    1 C    0 0 0
  28 C    1     1.4275     2.6976   13 C    0 0 0
  28 C    1     1.4945     2.8242   24 C    0 1 0
  28 C    1     2.3234     4.3906   23 C    0 0-1
  28 C    1     2.3448     4.4310    6 C    0 1 0
  28 C    1     2.3486     4.4381   18 C    0 0 0


 SYMMETRY ALLOWED INTERNAL DEGREE(S) OF FREEDOM:  81
 TTTTTTTTTTTTTTTTTTTTTTTTTTTTTT SYMM        TELAPSE        1.88 TCPU        0.74
 TTTTTTTTTTTTTTTTTTTTTTTTTTTTTT INT_SCREEN  TELAPSE        1.90 TCPU        0.75

 DFT PARAMETERS

     ATOM       ELECTRONS   NET CHARGE   R(ANGSTROM)
   1   6  C       6.0000      0.0000     0.77000000

 SIZE OF GRID=     837669
 TTTTTTTTTTTTTTTTTTTTTTTTTTTTTT MAKE_GRID2  TELAPSE        2.62 TCPU        1.47
 BECKE WEIGHT FUNCTION
 RADSAFE =     2.00
 TOLERANCES - DENSITY:10**- 6; POTENTIAL:10**- 9; GRID WGT:10**-14

 RADIAL INTEGRATION  - INTERVALS (POINTS,UPPER LIMIT):            1( 75,  4.0*R)

 ANGULAR INTEGRATION - INTERVALS (ACCURACY LEVEL [N. POINTS] UPPER LIMIT):
  1(  4[  86]   0.2)  2(  8[ 194]   0.5)  3( 12[ 350]   0.9)  4( 16[ 974]   3.5)
  5( 12[ 350]9999.0)
 TTTTTTTTTTTTTTTTTTTTTTTTTTTTTT INT_CALC    TELAPSE        2.65 TCPU        1.50
 EEEEEEEEEE INT_CALC TERMINATION  DATE 30 01 2026 TIME 22:43:13.6

 *******************************************************************************
 ./3^24,4^4T1-CA_rev1_sp_B3LYP-D3-D3_optimized                                   
 CRYSTAL - SCF - TYPE OF CALCULATION :  UNRESTRICTED OPEN SHELL
 *******************************************************************************

 CAPPA:IS1  9;IS2  6;IS3  6; K PTS MONK NET 164; SYMMOPS:K SPACE   2;G SPACE   1

 TTTTTTTTTTTTTTTTTTTTTTTTTTTTTT SDIK        TELAPSE        4.04 TCPU        2.61

 AAAAAAAAAAAAAAAAAAAAAAAAAAAAAAAAAAAAAAAAAAAAAAAAAAAAAAAAAAAAAAAAAAAAAAAAAAAAAAA
         ATOMIC WAVEFUNCTION(S)


 NUCLEAR CHARGE  6.0  SYMMETRY SPECIES            S    P
 N. ELECTRONS    6.0  NUMBER OF PRIMITIVE GTOS   10    6
                      NUMBER OF CONTRACTED GTOS   4    3
                      NUMBER OF CLOSED SHELLS     2    0
                      OPEN SHELL OCCUPATION       0    2

  ZNUC  SCFIT    TOTAL HF ENERGY   KINETIC ENERGY   VIRIAL THEOREM ACCURACY
   6.0    10    -3.766702350E+01  3.783137943E+01 -1.995655566E+00  1.6E-06

 AAAAAAAAAAAAAAAAAAAAAAAAAAAAAAAAAAAAAAAAAAAAAAAAAAAAAAAAAAAAAAAAAAAAAAAAAAAAAAA

 CHARGE NORMALIZATION FACTOR   1.00000000
 TOTAL ATOMIC CHARGES:
   6.0000000   6.0000000   6.0000000   6.0000000   6.0000000   6.0000000
   6.0000000   6.0000000   6.0000000   6.0000000   6.0000000   6.0000000
   6.0000000   6.0000000   6.0000000   6.0000000   6.0000000   6.0000000
   6.0000000   6.0000000   6.0000000   6.0000000   6.0000000   6.0000000
   6.0000000   6.0000000   6.0000000   6.0000000
 SUMMED SPIN DENSITY           0.00000000
 TOTAL ATOMIC SPINS  :
   0.0000000   0.0000000   0.0000000   0.0000000   0.0000000   0.0000000
   0.0000000   0.0000000   0.0000000   0.0000000   0.0000000   0.0000000
   0.0000000   0.0000000   0.0000000   0.0000000   0.0000000   0.0000000
   0.0000000   0.0000000   0.0000000   0.0000000   0.0000000   0.0000000
   0.0000000   0.0000000   0.0000000   0.0000000
 TTTTTTTTTTTTTTTTTTTTTTTTTTTTTT MOQGAD      TELAPSE        4.08 TCPU        2.65
 TTTTTTTTTTTTTTTTTTTTTTTTTTTTTT SHELLXN     TELAPSE      181.29 TCPU      179.72
 TTTTTTTTTTTTTTTTTTTTTTTTTTTTTT MONMO3      TELAPSE      181.77 TCPU      180.20
 NUMERICALLY INTEGRATED DENSITY     84.0000089289     84.0000089289
 TTTTTTTTTTTTTTTTTTTTTTTTTTTTTT NUMDFT      TELAPSE      184.68 TCPU      183.11
 CYC   0 ETOT(AU) -1.074484390392E+03 DETOT -1.07E+03 tst  0.00E+00 PX  1.00E+00
 TTTTTTTTTTTTTTTTTTTTTTTTTTTTTT DIIS        TELAPSE      185.12 TCPU      183.42
 TTTTTTTTTTTTTTTTTTTTTTTTTTTTTT FDIK        TELAPSE      204.73 TCPU      202.97

    ALPHA      ELECTRONS
 INSULATING STATE
 TOP OF VALENCE BANDS -    BAND     84; K  137; EIG -1.7617005E-01 AU
 TOP OF VALENCE BANDS -    BAND     84; K    1; EIG -1.7640153E-01 AU
 BOTTOM OF VIRTUAL BANDS - BAND     85; K  141; EIG -1.7549048E-01 AU
 INDIRECT ENERGY BAND GAP:   0.0185 eV
 BOTTOM OF VIRTUAL BANDS - BAND     85; K    1; EIG -1.4598220E-01 AU

    BETA       ELECTRONS
 INSULATING STATE
 TOP OF VALENCE BANDS -    BAND     84; K  137; EIG -1.7617005E-01 AU
 TOP OF VALENCE BANDS -    BAND     84; K    1; EIG -1.7640153E-01 AU
 BOTTOM OF VIRTUAL BANDS - BAND     85; K  141; EIG -1.7549048E-01 AU
 INDIRECT ENERGY BAND GAP:   0.0185 eV
 BOTTOM OF VIRTUAL BANDS - BAND     85; K    1; EIG -1.4598220E-01 AU
 TTTTTTTTTTTTTTTTTTTTTTTTTTTTTT PDIG        TELAPSE      205.69 TCPU      203.88
 CHARGE NORMALIZATION FACTOR   1.00000000
 TOTAL ATOMIC CHARGES:
   6.0082404   5.9448162   5.9441713   5.9899172   5.9889026   6.0229450
   5.9597606   5.9763041   5.9592580   5.9333830   5.9574474   5.9070259
   5.9642220   6.1423669   5.9985267   6.0537543   6.0623672   6.1538322
   5.9939291   6.0707455   5.8959136   5.9442432   5.9643129   5.8854049
   6.0700383   6.0347045   6.0750564   6.0984104
 SUMMED SPIN DENSITY           0.00000000
 TOTAL ATOMIC SPINS  :
   0.0000000   0.0000000   0.0000000  -0.0000000  -0.0000000  -0.0000000
   0.0000000   0.0000000  -0.0000000  -0.0000000   0.0000000   0.0000000
   0.0000000   0.0000000  -0.0000000  -0.0000000  -0.0000000  -0.0000000
  -0.0000000   0.0000000   0.0000000  -0.0000000  -0.0000000   0.0000000
   0.0000000   0.0000000   0.0000000  -0.0000000
 TTTTTTTTTTTTTTTTTTTTTTTTTTTTTT MOQGAD      TELAPSE      205.71 TCPU      203.90
 TTTTTTTTTTTTTTTTTTTTTTTTTTTTTT SHELLXN     TELAPSE      392.48 TCPU      390.56
 TTTTTTTTTTTTTTTTTTTTTTTTTTTTTT MONMO3      TELAPSE      392.96 TCPU      391.05
 NUMERICALLY INTEGRATED DENSITY     84.0000050978     84.0000050978
 TTTTTTTTTTTTTTTTTTTTTTTTTTTTTT NUMDFT      TELAPSE      396.00 TCPU      394.08
 CYC   1 ETOT(AU) -1.065749488285E+03 DETOT  8.73E+00 tst  0.00E+00 PX  1.00E+00
 TTTTTTTTTTTTTTTTTTTTTTTTTTTTTT DIIS        TELAPSE      396.31 TCPU      394.25
 DIIS TEST: 0.10254E+01 AT SCF   CYCLE   1 - MIX   30 %
 TTTTTTTTTTTTTTTTTTTTTTTTTTTTTT FDIK        TELAPSE      403.58 TCPU      401.42
 POSSIBLY CONDUCTING STATE - EFERMI(AU) -1.1518193E-01 (RES. CHARGE  2.67E-12;IT. 12)
 TTTTTTTTTTTTTTTTTTTTTTTTTTTTTT PDIG        TELAPSE      404.55 TCPU      402.38
 CHARGE NORMALIZATION FACTOR   1.00000000
 TOTAL ATOMIC CHARGES:
   5.9894487   6.0908215   6.0274316   5.9914155   6.0157630   6.1485832
   6.0372315   6.0039080   6.0462486   6.0900620   6.0555222   6.2595672
   5.9821289   5.8857726   6.0818313   6.0056010   5.8921576   5.8995272
   5.9379652   5.8734409   6.0228775   5.9837744   5.9435427   6.0701805
   5.9356122   5.9209396   5.9017770   5.9068683
 SUMMED SPIN DENSITY           0.00000000
 TOTAL ATOMIC SPINS  :
   0.0000000  -0.0000000  -0.0000000  -0.0000000   0.0000000  -0.0000000
   0.0000000   0.0000000   0.0000000  -0.0000000  -0.0000000  -0.0000000
   0.0000000   0.0000000  -0.0000000   0.0000000  -0.0000000  -0.0000000
  -0.0000000   0.0000000  -0.0000000  -0.0000000  -0.0000000   0.0000000
   0.0000000  -0.0000000   0.0000000  -0.0000000
 TTTTTTTTTTTTTTTTTTTTTTTTTTTTTT MOQGAD      TELAPSE      404.57 TCPU      402.40
 TTTTTTTTTTTTTTTTTTTTTTTTTTTTTT SHELLXN     TELAPSE      590.86 TCPU      588.68
 TTTTTTTTTTTTTTTTTTTTTTTTTTTTTT MONMO3      TELAPSE      591.30 TCPU      589.12
 NUMERICALLY INTEGRATED DENSITY     84.0000046312     84.0000046312
 TTTTTTTTTTTTTTTTTTTTTTTTTTTTTT NUMDFT      TELAPSE      594.11 TCPU      591.93
 CYC   2 ETOT(AU) -1.065769333997E+03 DETOT -1.98E-02 tst  4.73E-03 PX  1.29E-01
 TTTTTTTTTTTTTTTTTTTTTTTTTTTTTT DIIS        TELAPSE      594.43 TCPU      592.26
 DIIS TEST: 0.11736E+01 AT SCF   CYCLE   2 - DIIS ACTIVE - HISTORY:     2 CYCLES
 TTTTTTTTTTTTTTTTTTTTTTTTTTTTTT FDIK        TELAPSE      601.25 TCPU      598.78

    ALPHA      ELECTRONS
 INSULATING STATE
 TOP OF VALENCE BANDS -    BAND     84; K  137; EIG -1.0952952E-01 AU
 TOP OF VALENCE BANDS -    BAND     84; K    1; EIG -1.1394568E-01 AU
 BOTTOM OF VIRTUAL BANDS - BAND     85; K  141; EIG -9.2977894E-02 AU
 INDIRECT ENERGY BAND GAP:   0.4504 eV
 BOTTOM OF VIRTUAL BANDS - BAND     85; K    1; EIG -5.5383948E-02 AU

    BETA       ELECTRONS
 INSULATING STATE
 TOP OF VALENCE BANDS -    BAND     84; K  137; EIG -1.0952952E-01 AU
 TOP OF VALENCE BANDS -    BAND     84; K    1; EIG -1.1394568E-01 AU
 BOTTOM OF VIRTUAL BANDS - BAND     85; K  141; EIG -9.2977894E-02 AU
 INDIRECT ENERGY BAND GAP:   0.4504 eV
 BOTTOM OF VIRTUAL BANDS - BAND     85; K    1; EIG -5.5383948E-02 AU
 TTTTTTTTTTTTTTTTTTTTTTTTTTTTTT PDIG        TELAPSE      602.11 TCPU      599.64
 CHARGE NORMALIZATION FACTOR   1.00000000
 TOTAL ATOMIC CHARGES:
   5.9282702   5.8565605   5.8881476   5.9516749   6.1215539   6.0590979
   6.0266475   6.0733895   5.9271561   6.0132966   6.0139478   5.8262747
   6.0375559   6.0792124   5.9353177   6.0717991   5.9786228   5.9950002
   5.9969269   6.0269967   6.0267827   5.9945523   5.9927732   5.9790471
   6.0353764   6.0512762   6.1008346   6.0119085
 SUMMED SPIN DENSITY           0.00000000
 TOTAL ATOMIC SPINS  :
   0.0000000  -0.0000000  -0.0000000  -0.0000000   0.0000000  -0.0000000
   0.0000000  -0.0000000   0.0000000  -0.0000000   0.0000000  -0.0000000
   0.0000000  -0.0000000  -0.0000000   0.0000000  -0.0000000  -0.0000000
   0.0000000   0.0000000   0.0000000  -0.0000000  -0.0000000   0.0000000
   0.0000000  -0.0000000   0.0000000  -0.0000000
 TTTTTTTTTTTTTTTTTTTTTTTTTTTTTT MOQGAD      TELAPSE      602.13 TCPU      599.66
 TTTTTTTTTTTTTTTTTTTTTTTTTTTTTT SHELLXN     TELAPSE      782.67 TCPU      780.03
 TTTTTTTTTTTTTTTTTTTTTTTTTTTTTT MONMO3      TELAPSE      783.15 TCPU      780.51
 NUMERICALLY INTEGRATED DENSITY     84.0000052447     84.0000052447
 TTTTTTTTTTTTTTTTTTTTTTTTTTTTTT NUMDFT      TELAPSE      786.19 TCPU      783.55
 CYC   3 ETOT(AU) -1.065807190671E+03 DETOT -3.79E-02 tst  5.98E-02 PX  9.63E-02
 TTTTTTTTTTTTTTTTTTTTTTTTTTTTTT DIIS        TELAPSE      786.57 TCPU      783.76
 DIIS TEST: 0.69459E+00 AT SCF   CYCLE   3 - DIIS ACTIVE - HISTORY:     3 CYCLES
 TTTTTTTTTTTTTTTTTTTTTTTTTTTTTT FDIK        TELAPSE      794.07 TCPU      791.05

    ALPHA      ELECTRONS
 INSULATING STATE
 TOP OF VALENCE BANDS -    BAND     84; K    1; EIG -1.1416560E-01 AU
 BOTTOM OF VIRTUAL BANDS - BAND     85; K  141; EIG -9.4861057E-02 AU
 INDIRECT ENERGY BAND GAP:   0.5253 eV
 BOTTOM OF VIRTUAL BANDS - BAND     85; K    1; EIG -5.9800463E-02 AU

    BETA       ELECTRONS
 INSULATING STATE
 TOP OF VALENCE BANDS -    BAND     84; K    1; EIG -1.1416560E-01 AU
 BOTTOM OF VIRTUAL BANDS - BAND     85; K  141; EIG -9.4861057E-02 AU
 INDIRECT ENERGY BAND GAP:   0.5253 eV
 BOTTOM OF VIRTUAL BANDS - BAND     85; K    1; EIG -5.9800463E-02 AU
 TTTTTTTTTTTTTTTTTTTTTTTTTTTTTT PDIG        TELAPSE      794.99 TCPU      791.93
 CHARGE NORMALIZATION FACTOR   1.00000000
 TOTAL ATOMIC CHARGES:
   5.9771480   5.9968325   5.9833224   5.9777303   5.9494267   6.1095921
   5.9946581   5.9729438   6.0085459   5.9556808   5.9687823   6.0315774
   6.0164047   6.0624822   6.0380232   6.0100411   5.9865073   6.0843685
   5.9673061   5.9949023   5.9491054   5.9512394   5.9683652   5.9598406
   6.0266755   5.9876712   6.0219672   6.0488599
 SUMMED SPIN DENSITY           0.00000000
 TOTAL ATOMIC SPINS  :
   0.0000000  -0.0000000  -0.0000000  -0.0000000   0.0000000  -0.0000000
  -0.0000000   0.0000000   0.0000000   0.0000000   0.0000000  -0.0000000
   0.0000000  -0.0000000  -0.0000000   0.0000000  -0.0000000  -0.0000000
  -0.0000000   0.0000000  -0.0000000  -0.0000000  -0.0000000   0.0000000
   0.0000000   0.0000000   0.0000000  -0.0000000
 TTTTTTTTTTTTTTTTTTTTTTTTTTTTTT MOQGAD      TELAPSE      795.01 TCPU      791.95
 TTTTTTTTTTTTTTTTTTTTTTTTTTTTTT SHELLXN     TELAPSE      981.49 TCPU      978.29
 TTTTTTTTTTTTTTTTTTTTTTTTTTTTTT MONMO3      TELAPSE      981.97 TCPU      978.78
 NUMERICALLY INTEGRATED DENSITY     84.0000050000     84.0000050000
 TTTTTTTTTTTTTTTTTTTTTTTTTTTTTT NUMDFT      TELAPSE      985.01 TCPU      981.81
 CYC   4 ETOT(AU) -1.065841900916E+03 DETOT -3.47E-02 tst  1.39E-03 PX  4.95E-02
 TTTTTTTTTTTTTTTTTTTTTTTTTTTTTT DIIS        TELAPSE      985.40 TCPU      982.08
 DIIS TEST: 0.10020E+00 AT SCF   CYCLE   4 - DIIS ACTIVE - HISTORY:     4 CYCLES
 TTTTTTTTTTTTTTTTTTTTTTTTTTTTTT FDIK        TELAPSE      992.96 TCPU      989.43

    ALPHA      ELECTRONS
 INSULATING STATE
 TOP OF VALENCE BANDS -    BAND     84; K    1; EIG -1.1539768E-01 AU
 BOTTOM OF VIRTUAL BANDS - BAND     85; K  141; EIG -9.8383397E-02 AU
 INDIRECT ENERGY BAND GAP:   0.4630 eV
 BOTTOM OF VIRTUAL BANDS - BAND     85; K    1; EIG -6.4723745E-02 AU

    BETA       ELECTRONS
 INSULATING STATE
 TOP OF VALENCE BANDS -    BAND     84; K    1; EIG -1.1539768E-01 AU
 BOTTOM OF VIRTUAL BANDS - BAND     85; K  141; EIG -9.8383397E-02 AU
 INDIRECT ENERGY BAND GAP:   0.4630 eV
 BOTTOM OF VIRTUAL BANDS - BAND     85; K    1; EIG -6.4723745E-02 AU
 TTTTTTTTTTTTTTTTTTTTTTTTTTTTTT PDIG        TELAPSE      993.86 TCPU      990.34
 CHARGE NORMALIZATION FACTOR   1.00000000
 TOTAL ATOMIC CHARGES:
   5.9970598   5.9752558   5.9670923   5.9873936   6.0728302   6.0416117
   5.9894889   6.0286351   5.9695055   6.0313897   6.0302547   6.0074059
   6.0058074   6.0346782   6.0226770   6.0685013   5.9713310   6.0140372
   5.9769377   5.9819732   5.9571599   5.9548657   5.9552020   5.9542798
   6.0029832   6.0068851   6.0194297   5.9753284
 SUMMED SPIN DENSITY           0.00000000
 TOTAL ATOMIC SPINS  :
   0.0000000   0.0000000   0.0000000  -0.0000000   0.0000000  -0.0000000
  -0.0000000   0.0000000   0.0000000   0.0000000   0.0000000  -0.0000000
   0.0000000  -0.0000000  -0.0000000   0.0000000   0.0000000  -0.0000000
  -0.0000000   0.0000000  -0.0000000  -0.0000000  -0.0000000   0.0000000
   0.0000000  -0.0000000   0.0000000  -0.0000000
 TTTTTTTTTTTTTTTTTTTTTTTTTTTTTT MOQGAD      TELAPSE      993.88 TCPU      990.36
 TTTTTTTTTTTTTTTTTTTTTTTTTTTTTT SHELLXN     TELAPSE     1180.51 TCPU     1176.74
 TTTTTTTTTTTTTTTTTTTTTTTTTTTTTT MONMO3      TELAPSE     1180.99 TCPU     1177.22
 NUMERICALLY INTEGRATED DENSITY     84.0000049660     84.0000049660
 TTTTTTTTTTTTTTTTTTTTTTTTTTTTTT NUMDFT      TELAPSE     1184.07 TCPU     1180.30
 CYC   5 ETOT(AU) -1.065844534979E+03 DETOT -2.63E-03 tst  1.74E-04 PX  2.62E-02
 TTTTTTTTTTTTTTTTTTTTTTTTTTTTTT DIIS        TELAPSE     1184.65 TCPU     1180.70
 DIIS TEST: 0.58646E-01 AT SCF   CYCLE   5 - DIIS ACTIVE - HISTORY:     5 CYCLES
 TTTTTTTTTTTTTTTTTTTTTTTTTTTTTT FDIK        TELAPSE     1191.70 TCPU     1187.50

    ALPHA      ELECTRONS
 INSULATING STATE
 TOP OF VALENCE BANDS -    BAND     84; K    1; EIG -1.1921405E-01 AU
 BOTTOM OF VIRTUAL BANDS - BAND     85; K  141; EIG -9.8641282E-02 AU
 INDIRECT ENERGY BAND GAP:   0.5598 eV
 BOTTOM OF VIRTUAL BANDS - BAND     85; K    1; EIG -6.3377718E-02 AU

    BETA       ELECTRONS
 INSULATING STATE
 TOP OF VALENCE BANDS -    BAND     84; K    1; EIG -1.1921405E-01 AU
 BOTTOM OF VIRTUAL BANDS - BAND     85; K  141; EIG -9.8641282E-02 AU
 INDIRECT ENERGY BAND GAP:   0.5598 eV
 BOTTOM OF VIRTUAL BANDS - BAND     85; K    1; EIG -6.3377718E-02 AU
 TTTTTTTTTTTTTTTTTTTTTTTTTTTTTT PDIG        TELAPSE     1192.61 TCPU     1188.28
 CHARGE NORMALIZATION FACTOR   1.00000000
 TOTAL ATOMIC CHARGES:
   5.9640472   5.9741560   5.9549517   5.9730838   6.0169259   6.1176798
   6.0059549   6.0293085   5.9842535   6.0041006   6.0046893   6.0086063
   6.0118616   6.0291473   6.0176493   6.0353491   5.9698219   6.0089292
   5.9660066   5.9933535   5.9763189   5.9654185   5.9614995   5.9778790
   6.0166758   5.9961517   6.0204437   6.0157369
 SUMMED SPIN DENSITY           0.00000000
 TOTAL ATOMIC SPINS  :
   0.0000000  -0.0000000   0.0000000  -0.0000000   0.0000000  -0.0000000
  -0.0000000   0.0000000   0.0000000   0.0000000   0.0000000   0.0000000
   0.0000000  -0.0000000   0.0000000   0.0000000   0.0000000  -0.0000000
  -0.0000000   0.0000000  -0.0000000  -0.0000000  -0.0000000   0.0000000
   0.0000000   0.0000000   0.0000000  -0.0000000
 TTTTTTTTTTTTTTTTTTTTTTTTTTTTTT MOQGAD      TELAPSE     1192.64 TCPU     1188.30
 TTTTTTTTTTTTTTTTTTTTTTTTTTTTTT SHELLXN     TELAPSE     1379.10 TCPU     1374.53
 TTTTTTTTTTTTTTTTTTTTTTTTTTTTTT MONMO3      TELAPSE     1379.60 TCPU     1375.02
 NUMERICALLY INTEGRATED DENSITY     84.0000050134     84.0000050134
 TTTTTTTTTTTTTTTTTTTTTTTTTTTTTT NUMDFT      TELAPSE     1382.69 TCPU     1378.12
 CYC   6 ETOT(AU) -1.065847115364E+03 DETOT -2.58E-03 tst  8.74E-05 PX  2.32E-02
 TTTTTTTTTTTTTTTTTTTTTTTTTTTTTT DIIS        TELAPSE     1383.15 TCPU     1378.38
 DIIS TEST: 0.10144E-01 AT SCF   CYCLE   6 - DIIS ACTIVE - HISTORY:     6 CYCLES
 TTTTTTTTTTTTTTTTTTTTTTTTTTTTTT FDIK        TELAPSE     1390.69 TCPU     1385.76

    ALPHA      ELECTRONS
 INSULATING STATE
 TOP OF VALENCE BANDS -    BAND     84; K    1; EIG -1.1758282E-01 AU
 BOTTOM OF VIRTUAL BANDS - BAND     85; K  141; EIG -9.7849831E-02 AU
 INDIRECT ENERGY BAND GAP:   0.5370 eV
 BOTTOM OF VIRTUAL BANDS - BAND     85; K    1; EIG -6.3026640E-02 AU

    BETA       ELECTRONS
 INSULATING STATE
 TOP OF VALENCE BANDS -    BAND     84; K    1; EIG -1.1758282E-01 AU
 BOTTOM OF VIRTUAL BANDS - BAND     85; K  141; EIG -9.7849831E-02 AU
 INDIRECT ENERGY BAND GAP:   0.5370 eV
 BOTTOM OF VIRTUAL BANDS - BAND     85; K    1; EIG -6.3026640E-02 AU
 TTTTTTTTTTTTTTTTTTTTTTTTTTTTTT PDIG        TELAPSE     1391.62 TCPU     1386.69
 CHARGE NORMALIZATION FACTOR   1.00000000
 TOTAL ATOMIC CHARGES:
   5.9735843   5.9726551   5.9699048   5.9737609   6.0278220   6.0758257
   6.0039143   6.0076098   5.9884822   6.0017300   6.0011557   6.0158701
   6.0233649   6.0378336   6.0174607   6.0369491   5.9637187   6.0283548
   5.9700343   5.9833944   5.9759347   5.9672822   5.9680167   5.9744181
   6.0072586   6.0017661   6.0237307   6.0081675
 SUMMED SPIN DENSITY           0.00000000
 TOTAL ATOMIC SPINS  :
   0.0000000   0.0000000   0.0000000  -0.0000000  -0.0000000  -0.0000000
  -0.0000000   0.0000000   0.0000000  -0.0000000   0.0000000   0.0000000
   0.0000000  -0.0000000   0.0000000   0.0000000   0.0000000  -0.0000000
   0.0000000   0.0000000   0.0000000  -0.0000000  -0.0000000  -0.0000000
  -0.0000000   0.0000000   0.0000000  -0.0000000
 TTTTTTTTTTTTTTTTTTTTTTTTTTTTTT MOQGAD      TELAPSE     1391.65 TCPU     1386.71
 TTTTTTTTTTTTTTTTTTTTTTTTTTTTTT SHELLXN     TELAPSE     1565.69 TCPU     1560.64
 TTTTTTTTTTTTTTTTTTTTTTTTTTTTTT MONMO3      TELAPSE     1566.12 TCPU     1561.08
 NUMERICALLY INTEGRATED DENSITY     84.0000049984     84.0000049984
 TTTTTTTTTTTTTTTTTTTTTTTTTTTTTT NUMDFT      TELAPSE     1568.91 TCPU     1563.86
 CYC   7 ETOT(AU) -1.065847502301E+03 DETOT -3.87E-04 tst  2.49E-05 PX  1.09E-02
 TTTTTTTTTTTTTTTTTTTTTTTTTTTTTT DIIS        TELAPSE     1569.32 TCPU     1564.11
 DIIS TEST: 0.33484E-02 AT SCF   CYCLE   7 - DIIS ACTIVE - HISTORY:     7 CYCLES
 TTTTTTTTTTTTTTTTTTTTTTTTTTTTTT FDIK        TELAPSE     1575.74 TCPU     1570.40

    ALPHA      ELECTRONS
 INSULATING STATE
 TOP OF VALENCE BANDS -    BAND     84; K    1; EIG -1.1783021E-01 AU
 BOTTOM OF VIRTUAL BANDS - BAND     85; K  141; EIG -9.7350154E-02 AU
 INDIRECT ENERGY BAND GAP:   0.5573 eV
 BOTTOM OF VIRTUAL BANDS - BAND     85; K    1; EIG -6.2683819E-02 AU

    BETA       ELECTRONS
 INSULATING STATE
 TOP OF VALENCE BANDS -    BAND     84; K    1; EIG -1.1783021E-01 AU
 BOTTOM OF VIRTUAL BANDS - BAND     85; K  141; EIG -9.7350154E-02 AU
 INDIRECT ENERGY BAND GAP:   0.5573 eV
 BOTTOM OF VIRTUAL BANDS - BAND     85; K    1; EIG -6.2683819E-02 AU
 TTTTTTTTTTTTTTTTTTTTTTTTTTTTTT PDIG        TELAPSE     1576.59 TCPU     1571.25
 CHARGE NORMALIZATION FACTOR   1.00000000
 TOTAL ATOMIC CHARGES:
   5.9756951   5.9761733   5.9630691   5.9787254   6.0204125   6.0914936
   6.0004077   6.0165779   5.9865967   6.0037789   6.0064147   6.0124537
   6.0097944   6.0397076   6.0227231   6.0397118   5.9696832   6.0252304
   5.9698700   5.9849785   5.9718656   5.9610836   5.9648268   5.9705076
   6.0143120   5.9968357   6.0227713   6.0042997
 SUMMED SPIN DENSITY           0.00000000
 TOTAL ATOMIC SPINS  :
   0.0000000   0.0000000   0.0000000  -0.0000000  -0.0000000  -0.0000000
   0.0000000   0.0000000   0.0000000  -0.0000000   0.0000000   0.0000000
  -0.0000000  -0.0000000   0.0000000  -0.0000000   0.0000000  -0.0000000
   0.0000000   0.0000000   0.0000000  -0.0000000  -0.0000000  -0.0000000
  -0.0000000   0.0000000  -0.0000000  -0.0000000
 TTTTTTTTTTTTTTTTTTTTTTTTTTTTTT MOQGAD      TELAPSE     1576.62 TCPU     1571.27
 TTTTTTTTTTTTTTTTTTTTTTTTTTTTTT SHELLXN     TELAPSE     1745.46 TCPU     1740.08
 TTTTTTTTTTTTTTTTTTTTTTTTTTTTTT MONMO3      TELAPSE     1745.90 TCPU     1740.52
 NUMERICALLY INTEGRATED DENSITY     84.0000049975     84.0000049975
 TTTTTTTTTTTTTTTTTTTTTTTTTTTTTT NUMDFT      TELAPSE     1748.70 TCPU     1743.32
 CYC   8 ETOT(AU) -1.065847664015E+03 DETOT -1.62E-04 tst  5.88E-06 PX  4.86E-03
 TTTTTTTTTTTTTTTTTTTTTTTTTTTTTT DIIS        TELAPSE     1749.00 TCPU     1743.62
 DIIS TEST: 0.53784E-03 AT SCF   CYCLE   8 - DIIS ACTIVE - HISTORY:     8 CYCLES
 TTTTTTTTTTTTTTTTTTTTTTTTTTTTTT FDIK        TELAPSE     1768.90 TCPU     1750.48

    ALPHA      ELECTRONS
 INSULATING STATE
 TOP OF VALENCE BANDS -    BAND     84; K    1; EIG -1.1782385E-01 AU
 BOTTOM OF VIRTUAL BANDS - BAND     85; K  141; EIG -9.7545430E-02 AU
 INDIRECT ENERGY BAND GAP:   0.5518 eV
 BOTTOM OF VIRTUAL BANDS - BAND     85; K    1; EIG -6.2797181E-02 AU

    BETA       ELECTRONS
 INSULATING STATE
 TOP OF VALENCE BANDS -    BAND     84; K    1; EIG -1.1782385E-01 AU
 BOTTOM OF VIRTUAL BANDS - BAND     85; K  141; EIG -9.7545430E-02 AU
 INDIRECT ENERGY BAND GAP:   0.5518 eV
 BOTTOM OF VIRTUAL BANDS - BAND     85; K    1; EIG -6.2797181E-02 AU
 TTTTTTTTTTTTTTTTTTTTTTTTTTTTTT PDIG        TELAPSE     1769.78 TCPU     1751.32
 CHARGE NORMALIZATION FACTOR   1.00000000
 TOTAL ATOMIC CHARGES:
   5.9749507   5.9762526   5.9654801   5.9752779   6.0251662   6.0888580
   6.0016570   6.0155089   5.9853552   6.0051346   6.0053055   6.0138229
   6.0159051   6.0341318   6.0205962   6.0403132   5.9702968   6.0238927
   5.9700446   5.9881426   5.9691946   5.9615956   5.9627466   5.9703317
   6.0117540   5.9995976   6.0201857   6.0085016
 SUMMED SPIN DENSITY           0.00000000
 TOTAL ATOMIC SPINS  :
   0.0000000   0.0000000   0.0000000  -0.0000000  -0.0000000   0.0000000
   0.0000000  -0.0000000   0.0000000  -0.0000000   0.0000000   0.0000000
  -0.0000000  -0.0000000   0.0000000  -0.0000000   0.0000000  -0.0000000
   0.0000000  -0.0000000   0.0000000  -0.0000000   0.0000000  -0.0000000
  -0.0000000   0.0000000  -0.0000000   0.0000000
 TTTTTTTTTTTTTTTTTTTTTTTTTTTTTT MOQGAD      TELAPSE     1769.81 TCPU     1751.34
 TTTTTTTTTTTTTTTTTTTTTTTTTTTTTT SHELLXN     TELAPSE     1950.86 TCPU     1932.39
 TTTTTTTTTTTTTTTTTTTTTTTTTTTTTT MONMO3      TELAPSE     1951.30 TCPU     1932.83
 NUMERICALLY INTEGRATED DENSITY     84.0000049916     84.0000049916
 TTTTTTTTTTTTTTTTTTTTTTTTTTTTTT NUMDFT      TELAPSE     1954.11 TCPU     1935.63
 CYC   9 ETOT(AU) -1.065847684848E+03 DETOT -2.08E-05 tst  1.67E-06 PX  1.51E-03
 TTTTTTTTTTTTTTTTTTTTTTTTTTTTTT DIIS        TELAPSE     1954.51 TCPU     1935.91
 DIIS TEST: 0.16407E-03 AT SCF   CYCLE   9 - DIIS ACTIVE - HISTORY:     9 CYCLES
 TTTTTTTTTTTTTTTTTTTTTTTTTTTTTT FDIK        TELAPSE     1961.21 TCPU     1942.29

    ALPHA      ELECTRONS
 INSULATING STATE
 TOP OF VALENCE BANDS -    BAND     84; K    1; EIG -1.1787048E-01 AU
 BOTTOM OF VIRTUAL BANDS - BAND     85; K  141; EIG -9.7457272E-02 AU
 INDIRECT ENERGY BAND GAP:   0.5555 eV
 BOTTOM OF VIRTUAL BANDS - BAND     85; K    1; EIG -6.2759292E-02 AU

    BETA       ELECTRONS
 INSULATING STATE
 TOP OF VALENCE BANDS -    BAND     84; K    1; EIG -1.1787048E-01 AU
 BOTTOM OF VIRTUAL BANDS - BAND     85; K  141; EIG -9.7457272E-02 AU
 INDIRECT ENERGY BAND GAP:   0.5555 eV
 BOTTOM OF VIRTUAL BANDS - BAND     85; K    1; EIG -6.2759292E-02 AU
 TTTTTTTTTTTTTTTTTTTTTTTTTTTTTT PDIG        TELAPSE     1962.04 TCPU     1943.10
 CHARGE NORMALIZATION FACTOR   1.00000000
 TOTAL ATOMIC CHARGES:
   5.9744264   5.9764055   5.9650297   5.9776139   6.0243484   6.0888073
   6.0013737   6.0173537   5.9865864   6.0036879   6.0046690   6.0143635
   6.0143392   6.0370087   6.0214126   6.0388704   5.9681540   6.0232668
   5.9688786   5.9865981   5.9707972   5.9620375   5.9637876   5.9706722
   6.0120143   5.9981071   6.0217257   6.0076644
 SUMMED SPIN DENSITY           0.00000000
 TOTAL ATOMIC SPINS  :
  -0.0000000   0.0000000   0.0000000  -0.0000000  -0.0000000   0.0000000
   0.0000000  -0.0000000   0.0000000  -0.0000000   0.0000000   0.0000000
   0.0000000   0.0000000   0.0000000  -0.0000000   0.0000000  -0.0000000
   0.0000000  -0.0000000   0.0000000  -0.0000000   0.0000000  -0.0000000
  -0.0000000   0.0000000  -0.0000000   0.0000000
 TTTTTTTTTTTTTTTTTTTTTTTTTTTTTT MOQGAD      TELAPSE     1962.06 TCPU     1943.12
 TTTTTTTTTTTTTTTTTTTTTTTTTTTTTT SHELLXN     TELAPSE     2131.13 TCPU     2112.03
 TTTTTTTTTTTTTTTTTTTTTTTTTTTTTT MONMO3      TELAPSE     2131.57 TCPU     2112.47
 NUMERICALLY INTEGRATED DENSITY     84.0000049973     84.0000049973
 TTTTTTTTTTTTTTTTTTTTTTTTTTTTTT NUMDFT      TELAPSE     2134.39 TCPU     2115.29
 CYC  10 ETOT(AU) -1.065847693254E+03 DETOT -8.41E-06 tst  1.16E-07 PX  6.12E-04
 TTTTTTTTTTTTTTTTTTTTTTTTTTTTTT DIIS        TELAPSE     2134.67 TCPU     2115.52
 DIIS TEST: 0.24354E-04 AT SCF   CYCLE  10 - DIIS ACTIVE - HISTORY:    10 CYCLES
 TTTTTTTTTTTTTTTTTTTTTTTTTTTTTT FDIK        TELAPSE     2141.47 TCPU     2122.19

    ALPHA      ELECTRONS
 INSULATING STATE
 TOP OF VALENCE BANDS -    BAND     84; K    1; EIG -1.1786730E-01 AU
 BOTTOM OF VIRTUAL BANDS - BAND     85; K  141; EIG -9.7442524E-02 AU
 INDIRECT ENERGY BAND GAP:   0.5558 eV
 BOTTOM OF VIRTUAL BANDS - BAND     85; K    1; EIG -6.2745428E-02 AU

    BETA       ELECTRONS
 INSULATING STATE
 TOP OF VALENCE BANDS -    BAND     84; K    1; EIG -1.1786730E-01 AU
 BOTTOM OF VIRTUAL BANDS - BAND     85; K  141; EIG -9.7442524E-02 AU
 INDIRECT ENERGY BAND GAP:   0.5558 eV
 BOTTOM OF VIRTUAL BANDS - BAND     85; K    1; EIG -6.2745428E-02 AU
 TTTTTTTTTTTTTTTTTTTTTTTTTTTTTT PDIG        TELAPSE     2142.30 TCPU     2123.02
 CHARGE NORMALIZATION FACTOR   1.00000000
 TOTAL ATOMIC CHARGES:
   5.9748093   5.9760067   5.9648550   5.9765809   6.0234156   6.0898851
   6.0014687   6.0157460   5.9862461   6.0045184   6.0053292   6.0136119
   6.0142303   6.0363273   6.0212502   6.0396103   5.9689552   6.0240915
   5.9694869   5.9865060   5.9708691   5.9621090   5.9639488   5.9708995
   6.0123784   5.9986024   6.0212689   6.0069933
 SUMMED SPIN DENSITY           0.00000000
 TOTAL ATOMIC SPINS  :
  -0.0000000   0.0000000   0.0000000  -0.0000000   0.0000000   0.0000000
   0.0000000  -0.0000000   0.0000000   0.0000000  -0.0000000  -0.0000000
  -0.0000000   0.0000000   0.0000000  -0.0000000  -0.0000000  -0.0000000
   0.0000000  -0.0000000   0.0000000  -0.0000000   0.0000000  -0.0000000
  -0.0000000   0.0000000  -0.0000000   0.0000000
 TTTTTTTTTTTTTTTTTTTTTTTTTTTTTT MOQGAD      TELAPSE     2142.33 TCPU     2123.05
 TTTTTTTTTTTTTTTTTTTTTTTTTTTTTT SHELLXN     TELAPSE     2311.46 TCPU     2292.17
 TTTTTTTTTTTTTTTTTTTTTTTTTTTTTT MONMO3      TELAPSE     2311.90 TCPU     2292.61
 NUMERICALLY INTEGRATED DENSITY     84.0000049942     84.0000049942
 TTTTTTTTTTTTTTTTTTTTTTTTTTTTTT NUMDFT      TELAPSE     2314.72 TCPU     2295.43
 CYC  11 ETOT(AU) -1.065847694268E+03 DETOT -1.01E-06 tst  1.46E-08 PX  3.04E-04
 TTTTTTTTTTTTTTTTTTTTTTTTTTTTTT DIIS        TELAPSE     2314.98 TCPU     2295.69
 DIIS TEST: 0.29605E-05 AT SCF   CYCLE  11 - DIIS ACTIVE - HISTORY:    11 CYCLES
 TTTTTTTTTTTTTTTTTTTTTTTTTTTTTT FDIK        TELAPSE     2321.70 TCPU     2302.18

    ALPHA      ELECTRONS
 INSULATING STATE
 TOP OF VALENCE BANDS -    BAND     84; K    1; EIG -1.1786295E-01 AU
 BOTTOM OF VIRTUAL BANDS - BAND     85; K  141; EIG -9.7442231E-02 AU
 INDIRECT ENERGY BAND GAP:   0.5557 eV
 BOTTOM OF VIRTUAL BANDS - BAND     85; K    1; EIG -6.2745533E-02 AU

    BETA       ELECTRONS
 INSULATING STATE
 TOP OF VALENCE BANDS -    BAND     84; K    1; EIG -1.1786295E-01 AU
 BOTTOM OF VIRTUAL BANDS - BAND     85; K  141; EIG -9.7442231E-02 AU
 INDIRECT ENERGY BAND GAP:   0.5557 eV
 BOTTOM OF VIRTUAL BANDS - BAND     85; K    1; EIG -6.2745533E-02 AU
 TTTTTTTTTTTTTTTTTTTTTTTTTTTTTT PDIG        TELAPSE     2322.54 TCPU     2303.02
 CHARGE NORMALIZATION FACTOR   1.00000000
 TOTAL ATOMIC CHARGES:
   5.9747127   5.9761628   5.9648161   5.9767334   6.0237688   6.0891729
   6.0014877   6.0162609   5.9863409   6.0041218   6.0051734   6.0140137
   6.0143715   6.0361684   6.0212496   6.0394718   5.9691721   6.0239102
   5.9695873   5.9866875   5.9708236   5.9619381   5.9637828   5.9708993
   6.0122945   5.9983239   6.0213238   6.0072307
 SUMMED SPIN DENSITY           0.00000000
 TOTAL ATOMIC SPINS  :
  -0.0000000   0.0000000   0.0000000  -0.0000000   0.0000000   0.0000000
   0.0000000  -0.0000000   0.0000000   0.0000000  -0.0000000  -0.0000000
  -0.0000000   0.0000000  -0.0000000  -0.0000000  -0.0000000  -0.0000000
   0.0000000   0.0000000   0.0000000  -0.0000000   0.0000000  -0.0000000
  -0.0000000   0.0000000  -0.0000000   0.0000000
 TTTTTTTTTTTTTTTTTTTTTTTTTTTTTT MOQGAD      TELAPSE     2322.56 TCPU     2303.04
 TTTTTTTTTTTTTTTTTTTTTTTTTTTTTT SHELLXN     TELAPSE     2502.63 TCPU     2483.09
 TTTTTTTTTTTTTTTTTTTTTTTTTTTTTT MONMO3      TELAPSE     2503.07 TCPU     2483.53
 NUMERICALLY INTEGRATED DENSITY     84.0000049948     84.0000049948
 TTTTTTTTTTTTTTTTTTTTTTTTTTTTTT NUMDFT      TELAPSE     2505.90 TCPU     2486.36
 CYC  12 ETOT(AU) -1.065847694411E+03 DETOT -1.43E-07 tst  2.53E-08 PX  1.56E-04
 TTTTTTTTTTTTTTTTTTTTTTTTTTTTTT DIIS        TELAPSE     2506.38 TCPU     2486.68
 DIIS TEST: 0.74408E-06 AT SCF   CYCLE  12 - DIIS ACTIVE - HISTORY:    12 CYCLES
 TTTTTTTTTTTTTTTTTTTTTTTTTTTTTT FDIK        TELAPSE     2513.12 TCPU     2493.17

    ALPHA      ELECTRONS
 INSULATING STATE
 TOP OF VALENCE BANDS -    BAND     84; K    1; EIG -1.1786525E-01 AU
 BOTTOM OF VIRTUAL BANDS - BAND     85; K  141; EIG -9.7437901E-02 AU
 INDIRECT ENERGY BAND GAP:   0.5559 eV
 BOTTOM OF VIRTUAL BANDS - BAND     85; K    1; EIG -6.2742091E-02 AU

    BETA       ELECTRONS
 INSULATING STATE
 TOP OF VALENCE BANDS -    BAND     84; K    1; EIG -1.1786525E-01 AU
 BOTTOM OF VIRTUAL BANDS - BAND     85; K  141; EIG -9.7437901E-02 AU
 INDIRECT ENERGY BAND GAP:   0.5559 eV
 BOTTOM OF VIRTUAL BANDS - BAND     85; K    1; EIG -6.2742091E-02 AU
 TTTTTTTTTTTTTTTTTTTTTTTTTTTTTT PDIG        TELAPSE     2513.95 TCPU     2494.00
 CHARGE NORMALIZATION FACTOR   1.00000000
 TOTAL ATOMIC CHARGES:
   5.9747251   5.9761721   5.9648858   5.9768031   6.0237417   6.0894469
   6.0014730   6.0161845   5.9862944   6.0043059   6.0051871   6.0138435
   6.0143382   6.0363365   6.0212501   6.0394272   5.9689767   6.0238807
   5.9694146   5.9867059   5.9707600   5.9619582   5.9637905   5.9708211
   6.0122709   5.9984220   6.0213037   6.0072806
 SUMMED SPIN DENSITY           0.00000000
 TOTAL ATOMIC SPINS  :
  -0.0000000   0.0000000   0.0000000  -0.0000000   0.0000000   0.0000000
   0.0000000  -0.0000000  -0.0000000   0.0000000  -0.0000000   0.0000000
  -0.0000000   0.0000000  -0.0000000  -0.0000000  -0.0000000   0.0000000
   0.0000000   0.0000000   0.0000000  -0.0000000   0.0000000   0.0000000
  -0.0000000   0.0000000  -0.0000000   0.0000000
 TTTTTTTTTTTTTTTTTTTTTTTTTTTTTT MOQGAD      TELAPSE     2513.97 TCPU     2494.02
 TTTTTTTTTTTTTTTTTTTTTTTTTTTTTT SHELLXN     TELAPSE     2692.35 TCPU     2672.27
 TTTTTTTTTTTTTTTTTTTTTTTTTTTTTT MONMO3      TELAPSE     2692.83 TCPU     2672.75
 NUMERICALLY INTEGRATED DENSITY     84.0000049944     84.0000049944
 TTTTTTTTTTTTTTTTTTTTTTTTTTTTTT NUMDFT      TELAPSE     2695.84 TCPU     2675.76
 CYC  13 ETOT(AU) -1.065847694458E+03 DETOT -4.68E-08 tst  8.38E-10 PX  5.05E-05
 TTTTTTTTTTTTTTTTTTTTTTTTTTTTTT DIIS        TELAPSE     2696.27 TCPU     2676.10
 DIIS TEST: 0.99691E-07 AT SCF   CYCLE  13 - DIIS ACTIVE - HISTORY:    13 CYCLES
 TTTTTTTTTTTTTTTTTTTTTTTTTTTTTT FDIK        TELAPSE     2703.85 TCPU     2683.32

    ALPHA      ELECTRONS
 INSULATING STATE
 TOP OF VALENCE BANDS -    BAND     84; K    1; EIG -1.1786456E-01 AU
 BOTTOM OF VIRTUAL BANDS - BAND     85; K  141; EIG -9.7437207E-02 AU
 INDIRECT ENERGY BAND GAP:   0.5559 eV
 BOTTOM OF VIRTUAL BANDS - BAND     85; K    1; EIG -6.2741514E-02 AU

    BETA       ELECTRONS
 INSULATING STATE
 TOP OF VALENCE BANDS -    BAND     84; K    1; EIG -1.1786456E-01 AU
 BOTTOM OF VIRTUAL BANDS - BAND     85; K  141; EIG -9.7437207E-02 AU
 INDIRECT ENERGY BAND GAP:   0.5559 eV
 BOTTOM OF VIRTUAL BANDS - BAND     85; K    1; EIG -6.2741514E-02 AU
 TTTTTTTTTTTTTTTTTTTTTTTTTTTTTT PDIG        TELAPSE     2704.76 TCPU     2684.22
 CHARGE NORMALIZATION FACTOR   1.00000000
 TOTAL ATOMIC CHARGES:
   5.9747243   5.9761503   5.9648716   5.9767644   6.0237200   6.0894482
   6.0014699   6.0162073   5.9863482   6.0042185   6.0051430   6.0139365
   6.0143319   6.0362875   6.0213005   6.0394743   5.9689948   6.0239013
   5.9694428   5.9866367   5.9707616   5.9619712   5.9638046   5.9708316
   6.0123132   5.9984256   6.0213054   6.0072150
 SUMMED SPIN DENSITY           0.00000000
 TOTAL ATOMIC SPINS  :
   0.0000000   0.0000000   0.0000000   0.0000000   0.0000000  -0.0000000
   0.0000000   0.0000000  -0.0000000  -0.0000000   0.0000000   0.0000000
  -0.0000000  -0.0000000  -0.0000000   0.0000000   0.0000000  -0.0000000
  -0.0000000   0.0000000  -0.0000000  -0.0000000   0.0000000   0.0000000
  -0.0000000   0.0000000  -0.0000000   0.0000000
 TTTTTTTTTTTTTTTTTTTTTTTTTTTTTT MOQGAD      TELAPSE     2704.78 TCPU     2684.24
 TTTTTTTTTTTTTTTTTTTTTTTTTTTTTT SHELLXN     TELAPSE     2891.29 TCPU     2870.60
 TTTTTTTTTTTTTTTTTTTTTTTTTTTTTT MONMO3      TELAPSE     2891.78 TCPU     2871.08
 NUMERICALLY INTEGRATED DENSITY     84.0000049945     84.0000049945
 TTTTTTTTTTTTTTTTTTTTTTTTTTTTTT NUMDFT      TELAPSE     2894.84 TCPU     2874.14
 CYC  14 ETOT(AU) -1.065847694465E+03 DETOT -6.95E-09 tst  8.86E-10 PX  2.24E-05
 TTTTTTTTTTTTTTTTTTTTTTTTTTTTTT DIIS        TELAPSE     2895.38 TCPU     2874.52
 DIIS TEST: 0.44800E-07 AT SCF   CYCLE  14 - DIIS ACTIVE - HISTORY:    14 CYCLES
 TTTTTTTTTTTTTTTTTTTTTTTTTTTTTT FDIK        TELAPSE     2902.67 TCPU     2881.42

    ALPHA      ELECTRONS
 INSULATING STATE
 TOP OF VALENCE BANDS -    BAND     84; K    1; EIG -1.1786379E-01 AU
 BOTTOM OF VIRTUAL BANDS - BAND     85; K  141; EIG -9.7435535E-02 AU
 INDIRECT ENERGY BAND GAP:   0.5559 eV
 BOTTOM OF VIRTUAL BANDS - BAND     85; K    1; EIG -6.2740599E-02 AU

    BETA       ELECTRONS
 INSULATING STATE
 TOP OF VALENCE BANDS -    BAND     84; K    1; EIG -1.1786379E-01 AU
 BOTTOM OF VIRTUAL BANDS - BAND     85; K  141; EIG -9.7435535E-02 AU
 INDIRECT ENERGY BAND GAP:   0.5559 eV
 BOTTOM OF VIRTUAL BANDS - BAND     85; K    1; EIG -6.2740599E-02 AU
 TTTTTTTTTTTTTTTTTTTTTTTTTTTTTT PDIG        TELAPSE     2903.58 TCPU     2882.32
 CHARGE NORMALIZATION FACTOR   1.00000000
 TOTAL ATOMIC CHARGES:
   5.9747266   5.9761660   5.9648643   5.9767844   6.0236916   6.0894394
   6.0014776   6.0161902   5.9863252   6.0042573   6.0051866   6.0138931
   6.0143345   6.0362884   6.0212780   6.0394464   5.9690025   6.0239075
   5.9694493   5.9866618   5.9707741   5.9619647   5.9638173   5.9708429
   6.0123016   5.9983883   6.0213018   6.0072388
 SUMMED SPIN DENSITY           0.00000000
 TOTAL ATOMIC SPINS  :
   0.0000000   0.0000000   0.0000000  -0.0000000   0.0000000  -0.0000000
  -0.0000000   0.0000000   0.0000000  -0.0000000   0.0000000   0.0000000
  -0.0000000  -0.0000000   0.0000000   0.0000000   0.0000000   0.0000000
  -0.0000000   0.0000000   0.0000000  -0.0000000   0.0000000  -0.0000000
  -0.0000000   0.0000000  -0.0000000   0.0000000
 TTTTTTTTTTTTTTTTTTTTTTTTTTTTTT MOQGAD      TELAPSE     2903.60 TCPU     2882.34
 TTTTTTTTTTTTTTTTTTTTTTTTTTTTTT SHELLXN     TELAPSE     3076.22 TCPU     3054.89
 TTTTTTTTTTTTTTTTTTTTTTTTTTTTTT MONMO3      TELAPSE     3076.66 TCPU     3055.33
 NUMERICALLY INTEGRATED DENSITY     84.0000049944     84.0000049944
 TTTTTTTTTTTTTTTTTTTTTTTTTTTTTT NUMDFT      TELAPSE     3079.45 TCPU     3058.11
 CYC  15 ETOT(AU) -1.065847694468E+03 DETOT -3.25E-09 tst  1.85E-10 PX  1.18E-05
 TTTTTTTTTTTTTTTTTTTTTTTTTTTTTT DIIS        TELAPSE     3079.85 TCPU     3058.36
 DIIS TEST: 0.94145E-08 AT SCF   CYCLE  15 - DIIS ACTIVE - HISTORY:    15 CYCLES
 TTTTTTTTTTTTTTTTTTTTTTTTTTTTTT FDIK        TELAPSE     3086.76 TCPU     3064.99

    ALPHA      ELECTRONS
 INSULATING STATE
 TOP OF VALENCE BANDS -    BAND     84; K    1; EIG -1.1786462E-01 AU
 BOTTOM OF VIRTUAL BANDS - BAND     85; K  141; EIG -9.7435489E-02 AU
 INDIRECT ENERGY BAND GAP:   0.5559 eV
 BOTTOM OF VIRTUAL BANDS - BAND     85; K    1; EIG -6.2740178E-02 AU

    BETA       ELECTRONS
 INSULATING STATE
 TOP OF VALENCE BANDS -    BAND     84; K    1; EIG -1.1786462E-01 AU
 BOTTOM OF VIRTUAL BANDS - BAND     85; K  141; EIG -9.7435489E-02 AU
 INDIRECT ENERGY BAND GAP:   0.5559 eV
 BOTTOM OF VIRTUAL BANDS - BAND     85; K    1; EIG -6.2740178E-02 AU
 TTTTTTTTTTTTTTTTTTTTTTTTTTTTTT PDIG        TELAPSE     3087.60 TCPU     3065.82
 CHARGE NORMALIZATION FACTOR   1.00000000
 TOTAL ATOMIC CHARGES:
   5.9747234   5.9761643   5.9648638   5.9767809   6.0236942   6.0894565
   6.0014767   6.0161842   5.9863346   6.0042489   6.0051726   6.0139034
   6.0143233   6.0362980   6.0212769   6.0394526   5.9690093   6.0239060
   5.9694413   5.9866652   5.9707792   5.9619641   5.9638015   5.9708431
   6.0123068   5.9983982   6.0212985   6.0072327
 SUMMED SPIN DENSITY           0.00000000
 TOTAL ATOMIC SPINS  :
   0.0000000   0.0000000   0.0000000   0.0000000   0.0000000  -0.0000000
   0.0000000  -0.0000000   0.0000000  -0.0000000  -0.0000000   0.0000000
  -0.0000000   0.0000000   0.0000000   0.0000000   0.0000000  -0.0000000
   0.0000000  -0.0000000  -0.0000000   0.0000000  -0.0000000   0.0000000
   0.0000000   0.0000000   0.0000000  -0.0000000
 TTTTTTTTTTTTTTTTTTTTTTTTTTTTTT MOQGAD      TELAPSE     3087.62 TCPU     3065.84
 TTTTTTTTTTTTTTTTTTTTTTTTTTTTTT SHELLXN     TELAPSE     3261.54 TCPU     3239.62
 TTTTTTTTTTTTTTTTTTTTTTTTTTTTTT MONMO3      TELAPSE     3261.98 TCPU     3240.06
 NUMERICALLY INTEGRATED DENSITY     84.0000049944     84.0000049944
 TTTTTTTTTTTTTTTTTTTTTTTTTTTTTT NUMDFT      TELAPSE     3264.77 TCPU     3242.85
 CYC  16 ETOT(AU) -1.065847694470E+03 DETOT -2.04E-09 tst  1.04E-10 PX  3.43E-06
 TTTTTTTTTTTTTTTTTTTTTTTTTTTTTT DIIS        TELAPSE     3265.28 TCPU     3243.26
 DIIS TEST: 0.20326E-08 AT SCF   CYCLE  16 - DIIS ACTIVE - HISTORY:    16 CYCLES
 TTTTTTTTTTTTTTTTTTTTTTTTTTTTTT FDIK        TELAPSE     3271.57 TCPU     3249.18

    ALPHA      ELECTRONS
 INSULATING STATE
 TOP OF VALENCE BANDS -    BAND     84; K    1; EIG -1.1786449E-01 AU
 BOTTOM OF VIRTUAL BANDS - BAND     85; K  141; EIG -9.7435311E-02 AU
 INDIRECT ENERGY BAND GAP:   0.5559 eV
 BOTTOM OF VIRTUAL BANDS - BAND     85; K    1; EIG -6.2740047E-02 AU

    BETA       ELECTRONS
 INSULATING STATE
 TOP OF VALENCE BANDS -    BAND     84; K    1; EIG -1.1786449E-01 AU
 BOTTOM OF VIRTUAL BANDS - BAND     85; K  141; EIG -9.7435311E-02 AU
 INDIRECT ENERGY BAND GAP:   0.5559 eV
 BOTTOM OF VIRTUAL BANDS - BAND     85; K    1; EIG -6.2740047E-02 AU
 TTTTTTTTTTTTTTTTTTTTTTTTTTTTTT PDIG        TELAPSE     3272.40 TCPU     3250.01
 CHARGE NORMALIZATION FACTOR   1.00000000
 TOTAL ATOMIC CHARGES:
   5.9747253   5.9761626   5.9648629   5.9767794   6.0236866   6.0894611
   6.0014759   6.0161891   5.9863322   6.0042507   6.0051750   6.0138981
   6.0143280   6.0362948   6.0212855   6.0394494   5.9690038   6.0239043
   5.9694421   5.9866590   5.9707746   5.9619631   5.9638115   5.9708425
   6.0123094   5.9983969   6.0213019   6.0072343
 SUMMED SPIN DENSITY           0.00000000
 TOTAL ATOMIC SPINS  :
   0.0000000   0.0000000  -0.0000000  -0.0000000   0.0000000  -0.0000000
   0.0000000  -0.0000000  -0.0000000  -0.0000000  -0.0000000   0.0000000
  -0.0000000  -0.0000000   0.0000000   0.0000000   0.0000000   0.0000000
  -0.0000000  -0.0000000   0.0000000  -0.0000000  -0.0000000  -0.0000000
  -0.0000000   0.0000000   0.0000000   0.0000000
 TTTTTTTTTTTTTTTTTTTTTTTTTTTTTT MOQGAD      TELAPSE     3272.43 TCPU     3250.03
 TTTTTTTTTTTTTTTTTTTTTTTTTTTTTT SHELLXN     TELAPSE     3454.53 TCPU     3431.99
 TTTTTTTTTTTTTTTTTTTTTTTTTTTTTT MONMO3      TELAPSE     3455.01 TCPU     3432.47
 NUMERICALLY INTEGRATED DENSITY     84.0000049944     84.0000049944
 TTTTTTTTTTTTTTTTTTTTTTTTTTTTTT NUMDFT      TELAPSE     3458.05 TCPU     3435.51
 CYC  17 ETOT(AU) -1.065847694470E+03 DETOT -3.64E-10 tst  2.46E-11 PX  2.04E-06
 TTTTTTTTTTTTTTTTTTTTTTTTTTTTTT DIIS        TELAPSE     3458.70 TCPU     3435.78
 DIIS TEST: 0.52611E-09 AT SCF   CYCLE  17 - DIIS ACTIVE - HISTORY:    17 CYCLES
 TTTTTTTTTTTTTTTTTTTTTTTTTTTTTT FDIK        TELAPSE     3464.82 TCPU     3441.66

    ALPHA      ELECTRONS
 INSULATING STATE
 TOP OF VALENCE BANDS -    BAND     84; K    1; EIG -1.1786454E-01 AU
 BOTTOM OF VIRTUAL BANDS - BAND     85; K  141; EIG -9.7435297E-02 AU
 INDIRECT ENERGY BAND GAP:   0.5559 eV
 BOTTOM OF VIRTUAL BANDS - BAND     85; K    1; EIG -6.2740008E-02 AU

    BETA       ELECTRONS
 INSULATING STATE
 TOP OF VALENCE BANDS -    BAND     84; K    1; EIG -1.1786454E-01 AU
 BOTTOM OF VIRTUAL BANDS - BAND     85; K  141; EIG -9.7435297E-02 AU
 INDIRECT ENERGY BAND GAP:   0.5559 eV
 BOTTOM OF VIRTUAL BANDS - BAND     85; K    1; EIG -6.2740008E-02 AU
 TTTTTTTTTTTTTTTTTTTTTTTTTTTTTT PDIG        TELAPSE     3465.73 TCPU     3442.57
 CHARGE NORMALIZATION FACTOR   1.00000000
 TOTAL ATOMIC CHARGES:
   5.9747239   5.9761643   5.9648626   5.9767830   6.0236846   6.0894647
   6.0014771   6.0161879   5.9863339   6.0042497   6.0051762   6.0138990
   6.0143249   6.0362959   6.0212826   6.0394506   5.9690035   6.0239077
   5.9694409   5.9866607   5.9707747   5.9619638   5.9638092   5.9708412
   6.0123105   5.9983941   6.0212992   6.0072334
 SUMMED SPIN DENSITY           0.00000000
 TOTAL ATOMIC SPINS  :
   0.0000000  -0.0000000  -0.0000000  -0.0000000   0.0000000  -0.0000000
   0.0000000  -0.0000000   0.0000000   0.0000000  -0.0000000   0.0000000
  -0.0000000  -0.0000000   0.0000000   0.0000000   0.0000000  -0.0000000
  -0.0000000  -0.0000000   0.0000000  -0.0000000  -0.0000000  -0.0000000
   0.0000000   0.0000000   0.0000000   0.0000000
 TTTTTTTTTTTTTTTTTTTTTTTTTTTTTT MOQGAD      TELAPSE     3465.76 TCPU     3442.60
 TTTTTTTTTTTTTTTTTTTTTTTTTTTTTT SHELLXN     TELAPSE     3652.22 TCPU     3629.06
 +++ ENERGIES IN A.U. +++
 ::: EXT EL-POLE                                  -3.7791038227750E+03
 ::: EXT EL-SPHEROPOLE                             3.4001843444044E+01
 ::: BIELET ZONE E-E                               4.0234371009949E+03
 ::: TOTAL E-E                                     2.7833512166398E+02
 ::: TOTAL E-N + N-E                              -2.0171075939591E+03
 ::: TOTAL N-N                                    -2.6726536312744E+02
 ::: KINETIC ENERGY                                1.0630340152401E+03
 ::: PSEUDO TOTAL   ENERGY                        -9.4300382018247E+02
 ::: VIRIAL COEFFICIENT                            1.0598344622111E+00
 TTTTTTTTTTTTTTTTTTTTTTTTTTTTTT MONMO3      TELAPSE     3652.71 TCPU     3629.54
 NUMERICALLY INTEGRATED DENSITY     84.0000049944     84.0000049944
 EXCHANGE ENERGY: -0.115830724842E+03  CORRELATION ENERGY: -0.701314944583E+01
 TTTTTTTTTTTTTTTTTTTTTTTTTTTTTT NUMDFT      TELAPSE     3655.74 TCPU     3632.57
 CYC  18 ETOT(AU) -1.065847694471E+03 DETOT -4.13E-10 tst  5.96E-12 PX  2.04E-06

 == SCF ENDED - CONVERGENCE ON ENERGY      E(AU) -1.0658476944707E+03 CYCLES  18


 ENERGY EXPRESSION=HARTREE+FOCK EXCH*0.20000+(BECKE      EXCH)*0.80000+LYP        CORR


 TOTAL ENERGY(DFT)(AU)( 18) -1.0658476944707E+03 DE-4.1E-10 tester 6.0E-12
 TTTTTTTTTTTTTTTTTTTTTTTTTTTTTT EDFT        TELAPSE     3655.78 TCPU     3632.60
 
 INFORMATION **** DFTD3 ENERGY **** CALCULATE DFTD3 ENERGY

           DFT-D V3(BJ)
 DF                                         b3-lyp    
 parameters
 s6       :    1.0000
 s8       :    1.9889
 a1       :    0.3981
 a2       :    4.4211
 k1 k3    :   16.0000   -4.0000
 Cutoff   :   50.2022
 CN-Cutoff:   21.1671
 ABC-Cutoff:   21.1671
 
 Edisp /kcal,au:  -164.8003 -0.26262601

 E6    /kcal :   -79.4536
 E8    /kcal :   -85.3468
 
 INFORMATION **** DFTD3 ENERGY **** NORMAL TERMINATION OF DFTD3 MODULE

 *******************************************************************************

 DFT-D3 DISPERSION ENERGY CORRECTION

 D3 DISPERSION ENERGY (AU)       -2.6262601152694E-01
 TOTAL ENERGY + DISP (AU)        -1.0661103204823E+03

 *******************************************************************************


 NEIGHBORS OF THE NON-EQUIVALENT ATOMS

 N = NUMBER OF NEIGHBORS AT DISTANCE R
    ATOM  N     R/ANG      R/AU   NEIGHBORS (ATOM LABELS AND CELL INDICES)
   1 C    1     1.3285     2.5104   28 C    0 0 0
   1 C    1     1.4462     2.7329   23 C    0 0-1
   1 C    1     1.4802     2.7971   10 C    0 0 0
   1 C    1     2.3676     4.4741   13 C    0 0 0
   1 C    1     2.4422     4.6151   12 C    0 0 0
   1 C    1     2.4629     4.6542   16 C    0 0-1

   2 C    1     1.3464     2.5444   27 C    0 0 0
   2 C    1     1.4616     2.7620    9 C    0 0 0
   2 C    1     1.5560     2.9404   24 C    0 0 1
   2 C    1     2.3479     4.4368   11 C    0 0 0
   2 C    1     2.4307     4.5934   15 C   -1 0 1
   2 C    1     2.4519     4.6335   28 C    0-1 1

   3 C    1     1.3393     2.5310   25 C    0 0 0
   3 C    1     1.5149     2.8628   22 C    0 0 0
   3 C    1     1.5303     2.8919   12 C    0 0 0
   3 C    1     2.2922     4.3316   13 C    0 0 0
   3 C    1     2.4384     4.6080   10 C    0 0 0
   3 C    1     2.5107     4.7445    7 C    1 0 0

   4 C    1     1.3386     2.5296   26 C    0 0 0
   4 C    1     1.5244     2.8808   11 C    0 0 0
   4 C    1     1.5532     2.9350   21 C    0 0 0
   4 C    1     2.3907     4.5178   14 C    0 0 0
   4 C    1     2.4102     4.5546    9 C    0 0 0
   4 C    1     2.5078     4.7391    8 C    0 0 0

   5 C    1     1.3669     2.5831   18 C    0 0 0
   5 C    1     1.4045     2.6540   19 C    0 0 0
   5 C    1     1.5426     2.9150    7 C    0 0 0
   5 C    1     2.3830     4.5032   13 C    0 0 0
   5 C    1     2.3913     4.5190    8 C   -1 1 0
   5 C    1     2.4184     4.5702   16 C    0 0 0

   6 C    1     1.4476     2.7356   17 C    0 0 0
   6 C    1     1.4845     2.8053   20 C    0 0 0
   6 C    1     1.5699     2.9668   24 C    0 0 0
   6 C    1     2.3448     4.4310   28 C    0-1 0
   6 C    1     2.4247     4.5820   15 C    0 0 0
   6 C    1     2.4438     4.6181    8 C   -1 0 0

   7 C    1     1.4440     2.7287   18 C    0 0 0
   7 C    1     1.4893     2.8143   20 C   -1 1 0
   7 C    1     1.5047     2.8435   22 C   -1 0 0
   7 C    1     1.5426     2.9150    5 C    0 0 0
   7 C    1     2.4258     4.5841   13 C   -1 0 0
   7 C    1     2.4636     4.6555   26 C   -1 0 0

   8 C    1     1.3792     2.6064   19 C    1-1 0
   8 C    1     1.4795     2.7958   17 C    1 0 0
   8 C    1     1.4988     2.8324   21 C    0 0 0
   8 C    1     2.3913     4.5190    5 C    1-1 0
   8 C    1     2.4050     4.5448   25 C    0 0 0
   8 C    1     2.4057     4.5461   14 C    1 0 0

   9 C    1     1.4155     2.6750   11 C    0 0 0
   9 C    1     1.4616     2.7620    2 C    0 0 0
   9 C    1     1.5298     2.8909   12 C   -1 0 1
   9 C    1     2.4102     4.5546    4 C    0 0 0
   9 C    1     2.5025     4.7291   24 C    0 0 1
   9 C    1     2.5294     4.7799   27 C    0 0 0

  10 C    1     1.4429     2.7267   12 C    0 0 0
  10 C    1     1.4802     2.7971    1 C    0 0 0
  10 C    1     1.5248     2.8815   11 C    0 0-1
  10 C    1     2.4384     4.6080    3 C    0 0 0
  10 C    1     2.5064     4.7364   28 C    0 0 0
  10 C    1     2.5335     4.7876   23 C    0 0-1

  11 C    1     1.4155     2.6750    9 C    0 0 0
  11 C    1     1.5244     2.8808    4 C    0 0 0
  11 C    1     1.5248     2.8815   10 C    0 0 1
  11 C    1     2.3035     4.3530   26 C    0 0 0
  11 C    1     2.3479     4.4368    2 C    0 0 0
  11 C    1     2.4957     4.7162    1 C    0 0 1

  12 C    1     1.4429     2.7267   10 C    0 0 0
  12 C    1     1.5298     2.8909    9 C    1 0-1
  12 C    1     1.5303     2.8919    3 C    0 0 0
  12 C    1     2.3902     4.5167   25 C    0 0 0
  12 C    1     2.4422     4.6151    1 C    0 0 0
  12 C    1     2.4675     4.6628    2 C    1 0-1

  13 C    1     1.3485     2.5484   18 C    0 0 0
  13 C    1     1.4275     2.6976   28 C    0 0 0
  13 C    1     1.4495     2.7392   22 C    0 0 0
  13 C    1     2.2922     4.3316    3 C    0 0 0
  13 C    1     2.3676     4.4741    1 C    0 0 0
  13 C    1     2.3829     4.5030   24 C    0 1 0

  14 C    1     1.3526     2.5560   17 C    0 0 0
  14 C    1     1.4833     2.8030   27 C    0 0 0
  14 C    1     1.5117     2.8568   21 C    0 0 0
  14 C    1     2.3907     4.5178    4 C    0 0 0
  14 C    1     2.4057     4.5461    8 C   -1 0 0
  14 C    1     2.4714     4.6702   23 C    0-1 0

  15 C    1     1.3473     2.5460   20 C    0 0 0
  15 C    1     1.4876     2.8112   25 C    0 0 0
  15 C    1     1.5276     2.8867   24 C    1 0 0
  15 C    1     2.4247     4.5820    6 C    0 0 0
  15 C    1     2.4307     4.5934    2 C    1 0-1
  15 C    1     2.4694     4.6665    7 C    1-1 0

  16 C    1     1.3691     2.5872   23 C    0 0 0
  16 C    1     1.4692     2.7764   19 C    0 0 0
  16 C    1     1.5109     2.8552   26 C    0 0 0
  16 C    1     2.4184     4.5702    5 C    0 0 0
  16 C    1     2.4629     4.6542    1 C    0 0 1
  16 C    1     2.4732     4.6737    8 C   -1 1 0

  17 C    1     1.3526     2.5560   14 C    0 0 0
  17 C    1     1.4476     2.7356    6 C    0 0 0
  17 C    1     1.4795     2.7958    8 C   -1 0 0
  17 C    1     2.3559     4.4520   19 C    0-1 0
  17 C    1     2.3940     4.5240   27 C    0 0 0
  17 C    1     2.4480     4.6260   20 C    0 0 0

  18 C    1     1.3485     2.5484   13 C    0 0 0
  18 C    1     1.3669     2.5831    5 C    0 0 0
  18 C    1     1.4440     2.7287    7 C    0 0 0
  18 C    1     2.3352     4.4129   19 C    0 0 0
  18 C    1     2.3486     4.4381   28 C    0 0 0
  18 C    1     2.4025     4.5400   22 C    0 0 0

  19 C    1     1.3792     2.6064    8 C   -1 1 0
  19 C    1     1.4045     2.6540    5 C    0 0 0
  19 C    1     1.4692     2.7764   16 C    0 0 0
  19 C    1     2.3352     4.4129   18 C    0 0 0
  19 C    1     2.3559     4.4520   17 C    0 1 0
  19 C    1     2.3872     4.5111   23 C    0 0 0

  20 C    1     1.3473     2.5460   15 C    0 0 0
  20 C    1     1.4845     2.8053    6 C    0 0 0
  20 C    1     1.4893     2.8143    7 C    1-1 0
  20 C    1     2.4086     4.5516   25 C    0 0 0
  20 C    1     2.4480     4.6260   17 C    0 0 0
  20 C    1     2.5602     4.8381   24 C    1 0 0

  21 C    1     1.4988     2.8324    8 C    0 0 0
  21 C    1     1.5117     2.8568   14 C    0 0 0
  21 C    1     1.5532     2.9350    4 C    0 0 0
  21 C    1     1.5732     2.9729   25 C    0 0 0
  21 C    1     2.4803     4.6871   15 C    0 0 0
  21 C    1     2.4820     4.6903   26 C    0 0 0

  22 C    1     1.4495     2.7392   13 C    0 0 0
  22 C    1     1.5047     2.8435    7 C    1 0 0
  22 C    1     1.5149     2.8628    3 C    0 0 0
  22 C    1     1.5356     2.9019   26 C    0 0 0
  22 C    1     2.4025     4.5400   18 C    0 0 0
  22 C    1     2.4262     4.5848   18 C    1 0 0

  23 C    1     1.3691     2.5872   16 C    0 0 0
  23 C    1     1.4462     2.7329    1 C    0 0 1
  23 C    1     1.4857     2.8075   27 C    0 1 0
  23 C    1     2.3234     4.3906   28 C    0 0 1
  23 C    1     2.3872     4.5111   19 C    0 0 0
  23 C    1     2.4714     4.6702   14 C    0 1 0

  24 C    1     1.4945     2.8242   28 C    0-1 0
  24 C    1     1.5276     2.8867   15 C   -1 0 0
  24 C    1     1.5560     2.9404    2 C    0 0-1
  24 C    1     1.5699     2.9668    6 C    0 0 0
  24 C    1     2.3829     4.5030   13 C    0-1 0
  24 C    1     2.5025     4.7291    9 C    0 0-1

  25 C    1     1.3393     2.5310    3 C    0 0 0
  25 C    1     1.4876     2.8112   15 C    0 0 0
  25 C    1     1.5732     2.9729   21 C    0 0 0
  25 C    1     2.3902     4.5167   12 C    0 0 0
  25 C    1     2.4050     4.5448    8 C    0 0 0
  25 C    1     2.4086     4.5516   20 C    0 0 0

  26 C    1     1.3386     2.5296    4 C    0 0 0
  26 C    1     1.5109     2.8552   16 C    0 0 0
  26 C    1     1.5356     2.9019   22 C    0 0 0
  26 C    1     2.3035     4.3530   11 C    0 0 0
  26 C    1     2.4095     4.5532   13 C    0 0 0
  26 C    1     2.4636     4.6555    7 C    1 0 0

  27 C    1     1.3464     2.5444    2 C    0 0 0
  27 C    1     1.4833     2.8030   14 C    0 0 0
  27 C    1     1.4857     2.8075   23 C    0-1 0
  27 C    1     2.3940     4.5240   17 C    0 0 0
  27 C    1     2.4830     4.6922    1 C    0-1 1
  27 C    1     2.4973     4.7192   16 C    0-1 0

  28 C    1     1.3285     2.5104    1 C    0 0 0
  28 C    1     1.4275     2.6976   13 C    0 0 0
  28 C    1     1.4945     2.8242   24 C    0 1 0
  28 C    1     2.3234     4.3906   23 C    0 0-1
  28 C    1     2.3448     4.4310    6 C    0 1 0
  28 C    1     2.3486     4.4381   18 C    0 0 0

 TTTTTTTTTTTTTTTTTTTTTTTTTTTTTT AFTER FIRST TELAPSE     3656.06 TCPU     3632.80
 MMMMMMMMMMMMMMMMMMMMMMMMMMMMMMMMMMMMMMMMMMMMMMMMMMMMMMMMMMMMMMMMMMMMMMMMMMMMMMM
     ALPHA+BETA ELECTRONS
 MULLIKEN POPULATION ANALYSIS - NO. OF ELECTRONS  168.000000

  ATOM    Z CHARGE  A.O. POPULATION

   1 C    6  5.975  0.854  1.121  0.773  0.384  0.416  0.454  0.499 -0.034
                   -0.010 -0.007  0.547  0.474  0.460  0.010  0.009  0.011
                    0.006  0.006
   2 C    6  5.976  0.854  1.120  0.785  0.415  0.368  0.480  0.480 -0.066
                    0.009  0.001  0.620  0.411  0.458  0.011  0.005  0.012
                    0.006  0.006
   3 C    6  5.965  0.854  1.121  0.776  0.432  0.382  0.502  0.437 -0.056
                   -0.001  0.019  0.620  0.432  0.407  0.010  0.004  0.012
                    0.006  0.008
   4 C    6  5.977  0.854  1.121  0.769  0.447  0.412  0.470  0.435 -0.055
                   -0.006  0.018  0.600  0.468  0.405  0.010  0.006  0.011
                    0.007  0.006
   5 C    6  6.024  0.854  1.120  0.776  0.530  0.490  0.414  0.419 -0.011
                   -0.021 -0.001  0.514  0.485  0.407  0.013  0.012  0.008
                    0.006  0.007
   6 C    6  6.089  0.854  1.121  0.757  0.491  0.445  0.411  0.446  0.005
                   -0.067 -0.005  0.441  0.683  0.472  0.009  0.010  0.005
                    0.007  0.004
   7 C    6  6.001  0.854  1.121  0.762  0.437  0.469  0.453  0.417  0.013
                    0.006 -0.012  0.429  0.476  0.523  0.011  0.009  0.007
                    0.013  0.014
   8 C    6  6.016  0.854  1.120  0.772  0.464  0.477  0.483  0.373  0.009
                   -0.001 -0.046  0.445  0.453  0.573  0.004  0.006  0.006
                    0.012  0.012
   9 C    6  5.986  0.854  1.121  0.772  0.432  0.435  0.463  0.410  0.003
                    0.007 -0.056  0.439  0.447  0.619  0.004  0.006  0.005
                    0.014  0.011
  10 C    6  6.004  0.854  1.122  0.772  0.451  0.450  0.430  0.416  0.002
                    0.009 -0.060  0.444  0.454  0.626  0.004  0.006  0.004
                    0.010  0.013
  11 C    6  6.005  0.854  1.121  0.763  0.492  0.453  0.412  0.423 -0.017
                   -0.023  0.004  0.502  0.526  0.457  0.012  0.009  0.007
                    0.006  0.006
  12 C    6  6.014  0.853  1.122  0.758  0.491  0.443  0.416  0.426  0.013
                   -0.065  0.009  0.417  0.644  0.449  0.011  0.012  0.003
                    0.006  0.005
  13 C    6  6.014  0.854  1.119  0.781  0.420  0.507  0.376  0.490 -0.005
                   -0.033 -0.006  0.449  0.541  0.473  0.011  0.013  0.006
                    0.009  0.009
  14 C    6  6.036  0.854  1.121  0.755  0.426  0.460  0.445  0.462 -0.023
                   -0.050  0.009  0.504  0.612  0.423  0.010  0.009  0.008
                    0.005  0.006
  15 C    6  6.021  0.854  1.121  0.763  0.449  0.439  0.493  0.414 -0.005
                    0.001 -0.048  0.447  0.445  0.610  0.004  0.006  0.009
                    0.012  0.009
  16 C    6  6.039  0.854  1.121  0.757  0.430  0.444  0.460  0.453  0.003
                   -0.011 -0.039  0.453  0.501  0.575  0.006  0.007  0.007
                    0.009  0.008
  17 C    6  5.969  0.854  1.121  0.764  0.420  0.469  0.414  0.471 -0.008
                   -0.038  0.010  0.477  0.559  0.411  0.010  0.011  0.011
                    0.007  0.006
  18 C    6  6.024  0.854  1.120  0.757  0.515  0.482  0.431  0.485  0.017
                   -0.041 -0.010  0.340  0.572  0.451  0.011  0.013  0.007
                    0.009  0.010
  19 C    6  5.969  0.854  1.121  0.766  0.421  0.449  0.491  0.418  0.012
                    0.008 -0.041  0.437  0.404  0.583  0.005  0.006  0.008
                    0.013  0.012
  20 C    6  5.987  0.854  1.121  0.758  0.439  0.471  0.482  0.402  0.014
                    0.003 -0.058  0.409  0.432  0.618  0.004  0.005  0.007
                    0.012  0.013
  21 C    6  5.971  0.853  1.121  0.758  0.429  0.450  0.435  0.418  0.012
                    0.006  0.013  0.465  0.496  0.466  0.010  0.007  0.009
                    0.010  0.012
  22 C    6  5.962  0.853  1.121  0.762  0.377  0.466  0.449  0.438  0.005
                    0.011  0.014  0.474  0.479  0.462  0.011  0.010  0.009
                    0.010  0.011
  23 C    6  5.964  0.854  1.121  0.778  0.409  0.404  0.474  0.461 -0.036
                    0.015 -0.012  0.544  0.421  0.489  0.010  0.006  0.010
                    0.008  0.008
  24 C    6  5.971  0.853  1.121  0.757  0.423  0.438  0.439  0.428  0.007
                   -0.001  0.008  0.474  0.491  0.484  0.011  0.010  0.009
                    0.010  0.008
  25 C    6  6.012  0.854  1.121  0.761  0.450  0.413  0.496  0.429 -0.063
                    0.000  0.003  0.651  0.406  0.454  0.011  0.003  0.012
                    0.006  0.006
  26 C    6  5.998  0.854  1.121  0.763  0.427  0.415  0.485  0.442 -0.034
                   -0.019  0.001  0.547  0.504  0.455  0.010  0.006  0.009
                    0.006  0.007
  27 C    6  6.021  0.854  1.121  0.757  0.415  0.412  0.462  0.489 -0.074
                    0.013  0.007  0.689  0.412  0.427  0.012  0.005  0.013
                    0.006  0.004
  28 C    6  6.007  0.854  1.120  0.760  0.401  0.423  0.462  0.507 -0.053
                   -0.006  0.001  0.625  0.457  0.412  0.012  0.007  0.014
                    0.005  0.006

  ATOM    Z CHARGE  SHELL POPULATION

   1 C    6  5.975  0.854  1.121  0.773  0.384  1.369 -0.050  1.480  0.043
   2 C    6  5.976  0.854  1.120  0.785  0.415  1.328 -0.055  1.489  0.039
   3 C    6  5.965  0.854  1.121  0.776  0.432  1.321 -0.038  1.459  0.040
   4 C    6  5.977  0.854  1.121  0.769  0.447  1.318 -0.043  1.472  0.039
   5 C    6  6.024  0.854  1.120  0.776  0.530  1.324 -0.033  1.406  0.046
   6 C    6  6.089  0.854  1.121  0.757  0.491  1.302 -0.067  1.597  0.036
   7 C    6  6.001  0.854  1.121  0.762  0.437  1.339  0.008  1.428  0.054
   8 C    6  6.016  0.854  1.120  0.772  0.464  1.333 -0.038  1.471  0.040
   9 C    6  5.986  0.854  1.121  0.772  0.432  1.308 -0.046  1.505  0.039
  10 C    6  6.004  0.854  1.122  0.772  0.451  1.295 -0.049  1.524  0.037
  11 C    6  6.005  0.854  1.121  0.763  0.492  1.287 -0.036  1.484  0.040
  12 C    6  6.014  0.853  1.122  0.758  0.491  1.285 -0.043  1.510  0.036
  13 C    6  6.014  0.854  1.119  0.781  0.420  1.373 -0.044  1.464  0.047
  14 C    6  6.036  0.854  1.121  0.755  0.426  1.367 -0.064  1.540  0.038
  15 C    6  6.021  0.854  1.121  0.763  0.449  1.345 -0.051  1.501  0.040
  16 C    6  6.039  0.854  1.121  0.757  0.430  1.357 -0.047  1.529  0.038
  17 C    6  5.969  0.854  1.121  0.764  0.420  1.354 -0.036  1.447  0.045
  18 C    6  6.024  0.854  1.120  0.757  0.515  1.399 -0.034  1.363  0.050
  19 C    6  5.969  0.854  1.121  0.766  0.421  1.358 -0.021  1.425  0.045
  20 C    6  5.987  0.854  1.121  0.758  0.439  1.356 -0.041  1.459  0.042
  21 C    6  5.971  0.853  1.121  0.758  0.429  1.303  0.031  1.427  0.048
  22 C    6  5.962  0.853  1.121  0.762  0.377  1.353  0.030  1.415  0.051
  23 C    6  5.964  0.854  1.121  0.778  0.409  1.339 -0.032  1.454  0.042
  24 C    6  5.971  0.853  1.121  0.757  0.423  1.305  0.014  1.448  0.048
  25 C    6  6.012  0.854  1.121  0.761  0.450  1.338 -0.059  1.510  0.038
  26 C    6  5.998  0.854  1.121  0.763  0.427  1.342 -0.053  1.506  0.039
  27 C    6  6.021  0.854  1.121  0.757  0.415  1.362 -0.055  1.528  0.039
  28 C    6  6.007  0.854  1.120  0.760  0.401  1.393 -0.058  1.493  0.043

 OVERLAP POPULATION CONDENSED TO ATOMS FOR FIRST   6 NEIGHBORS

 ATOM A   1 C    ATOM B     CELL      R(AB)/AU R(AB)/ANG    OVPOP(AB)
                 28 C    (  0  0  0)     2.510     1.328     0.494
                 23 C    (  0  0 -1)     2.733     1.446     0.357
                 10 C    (  0  0  0)     2.797     1.480     0.342
                 13 C    (  0  0  0)     4.474     2.368    -0.022
                 12 C    (  0  0  0)     4.615     2.442    -0.017
                 16 C    (  0  0 -1)     4.654     2.463    -0.016

 ATOM A   2 C    ATOM B     CELL      R(AB)/AU R(AB)/ANG    OVPOP(AB)
                 27 C    (  0  0  0)     2.544     1.346     0.541
                  9 C    (  0  0  0)     2.762     1.462     0.305
                 24 C    (  0  0  1)     2.940     1.556     0.268
                 11 C    (  0  0  0)     4.437     2.348    -0.002
                 15 C    ( -1  0  1)     4.593     2.431     0.008
                 28 C    (  0 -1  1)     4.634     2.452    -0.025

 ATOM A   3 C    ATOM B     CELL      R(AB)/AU R(AB)/ANG    OVPOP(AB)
                 25 C    (  0  0  0)     2.531     1.339     0.507
                 22 C    (  0  0  0)     2.863     1.515     0.298
                 12 C    (  0  0  0)     2.892     1.530     0.332
                 13 C    (  0  0  0)     4.332     2.292    -0.004
                 10 C    (  0  0  0)     4.608     2.438    -0.007
                  7 C    (  1  0  0)     4.745     2.511    -0.027

 ATOM A   4 C    ATOM B     CELL      R(AB)/AU R(AB)/ANG    OVPOP(AB)
                 26 C    (  0  0  0)     2.530     1.339     0.479
                 11 C    (  0  0  0)     2.881     1.524     0.318
                 21 C    (  0  0  0)     2.935     1.553     0.298
                 14 C    (  0  0  0)     4.518     2.391    -0.006
                  9 C    (  0  0  0)     4.555     2.410    -0.003
                  8 C    (  0  0  0)     4.739     2.508    -0.033

 ATOM A   5 C    ATOM B     CELL      R(AB)/AU R(AB)/ANG    OVPOP(AB)
                 18 C    (  0  0  0)     2.583     1.367     0.306
                 19 C    (  0  0  0)     2.654     1.404     0.360
                  7 C    (  0  0  0)     2.915     1.543     0.221
                 13 C    (  0  0  0)     4.503     2.383    -0.035
                  8 C    ( -1  1  0)     4.519     2.391     0.002
                 16 C    (  0  0  0)     4.570     2.418    -0.027

 ATOM A   6 C    ATOM B     CELL      R(AB)/AU R(AB)/ANG    OVPOP(AB)
                 17 C    (  0  0  0)     2.736     1.448     0.379
                 20 C    (  0  0  0)     2.805     1.485     0.280
                 24 C    (  0  0  0)     2.967     1.570     0.280
                 28 C    (  0 -1  0)     4.431     2.345    -0.060
                 15 C    (  0  0  0)     4.582     2.425    -0.022
                  8 C    ( -1  0  0)     4.618     2.444    -0.016

 ATOM A   7 C    ATOM B     CELL      R(AB)/AU R(AB)/ANG    OVPOP(AB)
                 18 C    (  0  0  0)     2.729     1.444     0.151
                 20 C    ( -1  1  0)     2.814     1.489     0.318
                 22 C    ( -1  0  0)     2.844     1.505     0.240
                  5 C    (  0  0  0)     2.915     1.543     0.221
                 13 C    ( -1  0  0)     4.584     2.426    -0.046
                 26 C    ( -1  0  0)     4.656     2.464    -0.040

 ATOM A   8 C    ATOM B     CELL      R(AB)/AU R(AB)/ANG    OVPOP(AB)
                 19 C    (  1 -1  0)     2.606     1.379     0.428
                 17 C    (  1  0  0)     2.796     1.479     0.280
                 21 C    (  0  0  0)     2.832     1.499     0.265
                  5 C    (  1 -1  0)     4.519     2.391     0.002
                 25 C    (  0  0  0)     4.545     2.405    -0.043
                 14 C    (  1  0  0)     4.546     2.406    -0.045

 ATOM A   9 C    ATOM B     CELL      R(AB)/AU R(AB)/ANG    OVPOP(AB)
                 11 C    (  0  0  0)     2.675     1.416     0.408
                  2 C    (  0  0  0)     2.762     1.462     0.305
                 12 C    ( -1  0  1)     2.891     1.530     0.330
                  4 C    (  0  0  0)     4.555     2.410    -0.003
                 24 C    (  0  0  1)     4.729     2.503    -0.015
                 27 C    (  0  0  0)     4.780     2.529    -0.034

 ATOM A  10 C    ATOM B     CELL      R(AB)/AU R(AB)/ANG    OVPOP(AB)
                 12 C    (  0  0  0)     2.727     1.443     0.416
                  1 C    (  0  0  0)     2.797     1.480     0.342
                 11 C    (  0  0 -1)     2.882     1.525     0.311
                  3 C    (  0  0  0)     4.608     2.438    -0.007
                 28 C    (  0  0  0)     4.736     2.506    -0.041
                 23 C    (  0  0 -1)     4.788     2.533    -0.016

 ATOM A  11 C    ATOM B     CELL      R(AB)/AU R(AB)/ANG    OVPOP(AB)
                  9 C    (  0  0  0)     2.675     1.416     0.408
                  4 C    (  0  0  0)     2.881     1.524     0.318
                 10 C    (  0  0  1)     2.882     1.525     0.311
                 26 C    (  0  0  0)     4.353     2.304    -0.038
                  2 C    (  0  0  0)     4.437     2.348    -0.002
                  1 C    (  0  0  1)     4.716     2.496    -0.016

 ATOM A  12 C    ATOM B     CELL      R(AB)/AU R(AB)/ANG    OVPOP(AB)
                 10 C    (  0  0  0)     2.727     1.443     0.416
                  9 C    (  1  0 -1)     2.891     1.530     0.330
                  3 C    (  0  0  0)     2.892     1.530     0.332
                 25 C    (  0  0  0)     4.517     2.390    -0.033
                  1 C    (  0  0  0)     4.615     2.442    -0.017
                  2 C    (  1  0 -1)     4.663     2.467    -0.009

 ATOM A  13 C    ATOM B     CELL      R(AB)/AU R(AB)/ANG    OVPOP(AB)
                 18 C    (  0  0  0)     2.548     1.349     0.387
                 28 C    (  0  0  0)     2.698     1.428     0.253
                 22 C    (  0  0  0)     2.739     1.450     0.306
                  3 C    (  0  0  0)     4.332     2.292    -0.004
                  1 C    (  0  0  0)     4.474     2.368    -0.022
                 24 C    (  0  1  0)     4.503     2.383    -0.037

 ATOM A  14 C    ATOM B     CELL      R(AB)/AU R(AB)/ANG    OVPOP(AB)
                 17 C    (  0  0  0)     2.556     1.353     0.515
                 27 C    (  0  0  0)     2.803     1.483     0.341
                 21 C    (  0  0  0)     2.857     1.512     0.314
                  4 C    (  0  0  0)     4.518     2.391    -0.006
                  8 C    ( -1  0  0)     4.546     2.406    -0.045
                 23 C    (  0 -1  0)     4.670     2.471    -0.023

 ATOM A  15 C    ATOM B     CELL      R(AB)/AU R(AB)/ANG    OVPOP(AB)
                 20 C    (  0  0  0)     2.546     1.347     0.490
                 25 C    (  0  0  0)     2.811     1.488     0.331
                 24 C    (  1  0  0)     2.887     1.528     0.263
                  6 C    (  0  0  0)     4.582     2.425    -0.022
                  2 C    (  1  0 -1)     4.593     2.431     0.008
                  7 C    (  1 -1  0)     4.666     2.469    -0.022

 ATOM A  16 C    ATOM B     CELL      R(AB)/AU R(AB)/ANG    OVPOP(AB)
                 23 C    (  0  0  0)     2.587     1.369     0.423
                 19 C    (  0  0  0)     2.776     1.469     0.349
                 26 C    (  0  0  0)     2.855     1.511     0.337
                  5 C    (  0  0  0)     4.570     2.418    -0.027
                  1 C    (  0  0  1)     4.654     2.463    -0.016
                  8 C    ( -1  1  0)     4.674     2.473    -0.047

 ATOM A  17 C    ATOM B     CELL      R(AB)/AU R(AB)/ANG    OVPOP(AB)
                 14 C    (  0  0  0)     2.556     1.353     0.515
                  6 C    (  0  0  0)     2.736     1.448     0.379
                  8 C    ( -1  0  0)     2.796     1.479     0.280
                 19 C    (  0 -1  0)     4.452     2.356    -0.023
                 27 C    (  0  0  0)     4.524     2.394    -0.040
                 20 C    (  0  0  0)     4.626     2.448    -0.015

 ATOM A  18 C    ATOM B     CELL      R(AB)/AU R(AB)/ANG    OVPOP(AB)
                 13 C    (  0  0  0)     2.548     1.349     0.387
                  5 C    (  0  0  0)     2.583     1.367     0.306
                  7 C    (  0  0  0)     2.729     1.444     0.151
                 19 C    (  0  0  0)     4.413     2.335    -0.016
                 28 C    (  0  0  0)     4.438     2.349    -0.007
                 22 C    (  0  0  0)     4.540     2.402    -0.043

 ATOM A  19 C    ATOM B     CELL      R(AB)/AU R(AB)/ANG    OVPOP(AB)
                  8 C    ( -1  1  0)     2.606     1.379     0.428
                  5 C    (  0  0  0)     2.654     1.404     0.360
                 16 C    (  0  0  0)     2.776     1.469     0.349
                 18 C    (  0  0  0)     4.413     2.335    -0.016
                 17 C    (  0  1  0)     4.452     2.356    -0.023
                 23 C    (  0  0  0)     4.511     2.387    -0.017

 ATOM A  20 C    ATOM B     CELL      R(AB)/AU R(AB)/ANG    OVPOP(AB)
                 15 C    (  0  0  0)     2.546     1.347     0.490
                  6 C    (  0  0  0)     2.805     1.485     0.280
                  7 C    (  1 -1  0)     2.814     1.489     0.318
                 25 C    (  0  0  0)     4.552     2.409    -0.038
                 17 C    (  0  0  0)     4.626     2.448    -0.015
                 24 C    (  1  0  0)     4.838     2.560    -0.032

 ATOM A  21 C    ATOM B     CELL      R(AB)/AU R(AB)/ANG    OVPOP(AB)
                  8 C    (  0  0  0)     2.832     1.499     0.265
                 14 C    (  0  0  0)     2.857     1.512     0.314
                  4 C    (  0  0  0)     2.935     1.553     0.298
                 25 C    (  0  0  0)     2.973     1.573     0.304
                 15 C    (  0  0  0)     4.687     2.480    -0.032
                 26 C    (  0  0  0)     4.690     2.482    -0.022

 ATOM A  22 C    ATOM B     CELL      R(AB)/AU R(AB)/ANG    OVPOP(AB)
                 13 C    (  0  0  0)     2.739     1.450     0.306
                  7 C    (  1  0  0)     2.844     1.505     0.240
                  3 C    (  0  0  0)     2.863     1.515     0.298
                 26 C    (  0  0  0)     2.902     1.536     0.337
                 18 C    (  0  0  0)     4.540     2.402    -0.043
                 18 C    (  1  0  0)     4.585     2.426    -0.033

 ATOM A  23 C    ATOM B     CELL      R(AB)/AU R(AB)/ANG    OVPOP(AB)
                 16 C    (  0  0  0)     2.587     1.369     0.423
                  1 C    (  0  0  1)     2.733     1.446     0.357
                 27 C    (  0  1  0)     2.807     1.486     0.379
                 28 C    (  0  0  1)     4.391     2.323    -0.018
                 19 C    (  0  0  0)     4.511     2.387    -0.017
                 14 C    (  0  1  0)     4.670     2.471    -0.023

 ATOM A  24 C    ATOM B     CELL      R(AB)/AU R(AB)/ANG    OVPOP(AB)
                 28 C    (  0 -1  0)     2.824     1.494     0.314
                 15 C    ( -1  0  0)     2.887     1.528     0.263
                  2 C    (  0  0 -1)     2.940     1.556     0.268
                  6 C    (  0  0  0)     2.967     1.570     0.280
                 13 C    (  0 -1  0)     4.503     2.383    -0.037
                  9 C    (  0  0 -1)     4.729     2.503    -0.015

 ATOM A  25 C    ATOM B     CELL      R(AB)/AU R(AB)/ANG    OVPOP(AB)
                  3 C    (  0  0  0)     2.531     1.339     0.507
                 15 C    (  0  0  0)     2.811     1.488     0.331
                 21 C    (  0  0  0)     2.973     1.573     0.304
                 12 C    (  0  0  0)     4.517     2.390    -0.033
                  8 C    (  0  0  0)     4.545     2.405    -0.043
                 20 C    (  0  0  0)     4.552     2.409    -0.038

 ATOM A  26 C    ATOM B     CELL      R(AB)/AU R(AB)/ANG    OVPOP(AB)
                  4 C    (  0  0  0)     2.530     1.339     0.479
                 16 C    (  0  0  0)     2.855     1.511     0.337
                 22 C    (  0  0  0)     2.902     1.536     0.337
                 11 C    (  0  0  0)     4.353     2.304    -0.038
                 13 C    (  0  0  0)     4.553     2.409    -0.058
                  7 C    (  1  0  0)     4.656     2.464    -0.040

 ATOM A  27 C    ATOM B     CELL      R(AB)/AU R(AB)/ANG    OVPOP(AB)
                  2 C    (  0  0  0)     2.544     1.346     0.541
                 14 C    (  0  0  0)     2.803     1.483     0.341
                 23 C    (  0 -1  0)     2.807     1.486     0.379
                 17 C    (  0  0  0)     4.524     2.394    -0.040
                  1 C    (  0 -1  1)     4.692     2.483    -0.019
                 16 C    (  0 -1  0)     4.719     2.497    -0.039

 ATOM A  28 C    ATOM B     CELL      R(AB)/AU R(AB)/ANG    OVPOP(AB)
                  1 C    (  0  0  0)     2.510     1.328     0.494
                 13 C    (  0  0  0)     2.698     1.428     0.253
                 24 C    (  0  1  0)     2.824     1.494     0.314
                 23 C    (  0  0 -1)     4.391     2.323    -0.018
                  6 C    (  0  1  0)     4.431     2.345    -0.060
                 18 C    (  0  0  0)     4.438     2.349    -0.007
 TTTTTTTTTTTTTTTTTTTTTTTTTTTTTT AFTER FIRST TELAPSE     3656.26 TCPU     3632.82
 MMMMMMMMMMMMMMMMMMMMMMMMMMMMMMMMMMMMMMMMMMMMMMMMMMMMMMMMMMMMMMMMMMMMMMMMMMMMMMM
     ALPHA-BETA ELECTRONS
 MULLIKEN POPULATION ANALYSIS - NO. OF ELECTRONS    0.000000

  ATOM    Z CHARGE  A.O. POPULATION

   1 C    6  0.000 -0.000  0.000 -0.000  0.000 -0.000 -0.000  0.000  0.000
                   -0.000 -0.000 -0.000  0.000 -0.000 -0.000  0.000 -0.000
                   -0.000 -0.000
   2 C    6 -0.000 -0.000  0.000 -0.000  0.000  0.000  0.000 -0.000  0.000
                    0.000 -0.000 -0.000 -0.000 -0.000 -0.000 -0.000  0.000
                   -0.000 -0.000
   3 C    6 -0.000  0.000 -0.000  0.000 -0.000 -0.000  0.000 -0.000  0.000
                    0.000  0.000 -0.000 -0.000 -0.000 -0.000  0.000  0.000
                    0.000 -0.000
   4 C    6 -0.000 -0.000  0.000 -0.000  0.000  0.000 -0.000  0.000 -0.000
                   -0.000  0.000  0.000  0.000 -0.000  0.000 -0.000  0.000
                   -0.000 -0.000
   5 C    6  0.000  0.000 -0.000  0.000  0.000  0.000  0.000 -0.000  0.000
                    0.000 -0.000  0.000  0.000  0.000 -0.000  0.000  0.000
                   -0.000 -0.000
   6 C    6 -0.000  0.000 -0.000 -0.000 -0.000  0.000 -0.000  0.000  0.000
                    0.000  0.000  0.000 -0.000 -0.000  0.000  0.000 -0.000
                   -0.000 -0.000
   7 C    6  0.000  0.000 -0.000  0.000 -0.000  0.000 -0.000  0.000 -0.000
                   -0.000 -0.000  0.000  0.000 -0.000 -0.000  0.000  0.000
                   -0.000 -0.000
   8 C    6 -0.000  0.000 -0.000  0.000 -0.000  0.000  0.000  0.000  0.000
                   -0.000  0.000 -0.000  0.000 -0.000 -0.000  0.000  0.000
                    0.000 -0.000
   9 C    6  0.000  0.000 -0.000  0.000  0.000 -0.000 -0.000 -0.000 -0.000
                    0.000  0.000  0.000 -0.000 -0.000  0.000  0.000 -0.000
                    0.000  0.000
  10 C    6  0.000  0.000 -0.000 -0.000 -0.000  0.000  0.000  0.000  0.000
                   -0.000 -0.000 -0.000  0.000  0.000 -0.000 -0.000  0.000
                    0.000 -0.000
  11 C    6 -0.000  0.000 -0.000  0.000 -0.000 -0.000 -0.000  0.000  0.000
                   -0.000 -0.000 -0.000 -0.000  0.000  0.000 -0.000 -0.000
                    0.000 -0.000
  12 C    6  0.000  0.000 -0.000  0.000  0.000  0.000 -0.000 -0.000 -0.000
                   -0.000 -0.000 -0.000  0.000  0.000 -0.000  0.000  0.000
                    0.000 -0.000
  13 C    6 -0.000  0.000 -0.000  0.000 -0.000 -0.000 -0.000  0.000  0.000
                   -0.000 -0.000 -0.000  0.000 -0.000 -0.000  0.000 -0.000
                    0.000 -0.000
  14 C    6 -0.000 -0.000  0.000 -0.000 -0.000  0.000 -0.000  0.000  0.000
                    0.000 -0.000 -0.000 -0.000  0.000  0.000 -0.000  0.000
                    0.000  0.000
  15 C    6  0.000 -0.000  0.000 -0.000  0.000  0.000 -0.000  0.000  0.000
                   -0.000  0.000 -0.000  0.000  0.000  0.000 -0.000 -0.000
                    0.000 -0.000
  16 C    6  0.000  0.000  0.000 -0.000 -0.000 -0.000 -0.000  0.000 -0.000
                   -0.000 -0.000  0.000  0.000  0.000  0.000  0.000 -0.000
                    0.000  0.000
  17 C    6  0.000 -0.000  0.000 -0.000  0.000 -0.000 -0.000  0.000 -0.000
                   -0.000  0.000  0.000  0.000  0.000  0.000 -0.000  0.000
                    0.000  0.000
  18 C    6 -0.000  0.000 -0.000  0.000 -0.000 -0.000 -0.000  0.000  0.000
                    0.000  0.000 -0.000 -0.000 -0.000 -0.000 -0.000  0.000
                    0.000 -0.000
  19 C    6 -0.000 -0.000  0.000  0.000 -0.000 -0.000 -0.000 -0.000 -0.000
                    0.000  0.000  0.000 -0.000 -0.000  0.000 -0.000  0.000
                   -0.000  0.000
  20 C    6 -0.000 -0.000 -0.000  0.000 -0.000  0.000 -0.000  0.000  0.000
                    0.000  0.000 -0.000  0.000 -0.000 -0.000 -0.000  0.000
                   -0.000 -0.000
  21 C    6  0.000 -0.000  0.000 -0.000  0.000 -0.000 -0.000  0.000  0.000
                    0.000  0.000 -0.000 -0.000 -0.000  0.000 -0.000 -0.000
                   -0.000  0.000
  22 C    6 -0.000  0.000 -0.000  0.000 -0.000 -0.000  0.000  0.000 -0.000
                    0.000  0.000  0.000 -0.000  0.000 -0.000 -0.000 -0.000
                    0.000  0.000
  23 C    6 -0.000  0.000 -0.000  0.000 -0.000 -0.000  0.000 -0.000 -0.000
                    0.000 -0.000  0.000 -0.000  0.000  0.000 -0.000 -0.000
                    0.000  0.000
  24 C    6 -0.000 -0.000 -0.000  0.000 -0.000  0.000  0.000  0.000 -0.000
                    0.000  0.000  0.000 -0.000 -0.000  0.000 -0.000  0.000
                    0.000 -0.000
  25 C    6  0.000 -0.000  0.000 -0.000 -0.000 -0.000  0.000  0.000 -0.000
                   -0.000 -0.000  0.000  0.000  0.000 -0.000 -0.000 -0.000
                    0.000  0.000
  26 C    6  0.000 -0.000  0.000  0.000 -0.000 -0.000 -0.000  0.000 -0.000
                   -0.000  0.000  0.000  0.000  0.000  0.000  0.000 -0.000
                    0.000 -0.000
  27 C    6  0.000  0.000 -0.000  0.000 -0.000  0.000 -0.000 -0.000 -0.000
                    0.000 -0.000  0.000  0.000  0.000 -0.000  0.000  0.000
                   -0.000 -0.000
  28 C    6  0.000 -0.000  0.000 -0.000  0.000 -0.000 -0.000  0.000  0.000
                   -0.000  0.000  0.000  0.000 -0.000 -0.000 -0.000 -0.000
                    0.000 -0.000

  ATOM    Z CHARGE  SHELL POPULATION

   1 C    6  0.000 -0.000  0.000 -0.000  0.000 -0.000 -0.000 -0.000 -0.000
   2 C    6 -0.000 -0.000  0.000 -0.000  0.000  0.000  0.000 -0.000 -0.000
   3 C    6 -0.000  0.000 -0.000  0.000 -0.000  0.000  0.000 -0.000  0.000
   4 C    6 -0.000 -0.000  0.000 -0.000  0.000 -0.000  0.000 -0.000  0.000
   5 C    6  0.000  0.000 -0.000  0.000  0.000 -0.000 -0.000  0.000 -0.000
   6 C    6 -0.000  0.000 -0.000 -0.000 -0.000  0.000  0.000 -0.000 -0.000
   7 C    6  0.000  0.000 -0.000  0.000 -0.000  0.000 -0.000  0.000  0.000
   8 C    6 -0.000  0.000 -0.000  0.000 -0.000  0.000  0.000 -0.000 -0.000
   9 C    6  0.000  0.000 -0.000  0.000  0.000 -0.000 -0.000  0.000  0.000
  10 C    6  0.000  0.000 -0.000 -0.000 -0.000  0.000 -0.000  0.000 -0.000
  11 C    6 -0.000  0.000 -0.000  0.000 -0.000 -0.000  0.000 -0.000  0.000
  12 C    6  0.000  0.000 -0.000  0.000  0.000 -0.000 -0.000  0.000  0.000
  13 C    6 -0.000  0.000 -0.000  0.000 -0.000  0.000  0.000 -0.000  0.000
  14 C    6 -0.000 -0.000  0.000 -0.000 -0.000  0.000  0.000 -0.000  0.000
  15 C    6  0.000 -0.000  0.000 -0.000  0.000  0.000 -0.000  0.000 -0.000
  16 C    6  0.000  0.000  0.000 -0.000 -0.000 -0.000 -0.000  0.000  0.000
  17 C    6  0.000 -0.000  0.000 -0.000  0.000 -0.000 -0.000  0.000 -0.000
  18 C    6 -0.000  0.000 -0.000  0.000 -0.000 -0.000  0.000 -0.000 -0.000
  19 C    6 -0.000 -0.000  0.000  0.000 -0.000 -0.000  0.000  0.000  0.000
  20 C    6 -0.000 -0.000 -0.000  0.000 -0.000  0.000  0.000 -0.000 -0.000
  21 C    6  0.000 -0.000  0.000 -0.000  0.000  0.000  0.000 -0.000 -0.000
  22 C    6 -0.000  0.000 -0.000  0.000 -0.000  0.000  0.000 -0.000  0.000
  23 C    6 -0.000  0.000 -0.000  0.000 -0.000 -0.000 -0.000  0.000 -0.000
  24 C    6 -0.000 -0.000 -0.000  0.000 -0.000  0.000  0.000 -0.000  0.000
  25 C    6  0.000 -0.000  0.000 -0.000 -0.000  0.000 -0.000  0.000  0.000
  26 C    6  0.000 -0.000  0.000  0.000 -0.000 -0.000 -0.000  0.000  0.000
  27 C    6  0.000  0.000 -0.000  0.000 -0.000 -0.000 -0.000  0.000  0.000
  28 C    6  0.000 -0.000  0.000 -0.000  0.000 -0.000 -0.000  0.000 -0.000

 OVERLAP POPULATION CONDENSED TO ATOMS FOR FIRST   6 NEIGHBORS

 ATOM A   1 C    ATOM B     CELL      R(AB)/AU R(AB)/ANG    OVPOP(AB)
                 28 C    (  0  0  0)     2.510     1.328    -0.000
                 23 C    (  0  0 -1)     2.733     1.446     0.000
                 10 C    (  0  0  0)     2.797     1.480     0.000
                 13 C    (  0  0  0)     4.474     2.368    -0.000
                 12 C    (  0  0  0)     4.615     2.442    -0.000
                 16 C    (  0  0 -1)     4.654     2.463     0.000

 ATOM A   2 C    ATOM B     CELL      R(AB)/AU R(AB)/ANG    OVPOP(AB)
                 27 C    (  0  0  0)     2.544     1.346    -0.000
                  9 C    (  0  0  0)     2.762     1.462    -0.000
                 24 C    (  0  0  1)     2.940     1.556     0.000
                 11 C    (  0  0  0)     4.437     2.348     0.000
                 15 C    ( -1  0  1)     4.593     2.431    -0.000
                 28 C    (  0 -1  1)     4.634     2.452    -0.000

 ATOM A   3 C    ATOM B     CELL      R(AB)/AU R(AB)/ANG    OVPOP(AB)
                 25 C    (  0  0  0)     2.531     1.339     0.000
                 22 C    (  0  0  0)     2.863     1.515     0.000
                 12 C    (  0  0  0)     2.892     1.530    -0.000
                 13 C    (  0  0  0)     4.332     2.292    -0.000
                 10 C    (  0  0  0)     4.608     2.438     0.000
                  7 C    (  1  0  0)     4.745     2.511    -0.000

 ATOM A   4 C    ATOM B     CELL      R(AB)/AU R(AB)/ANG    OVPOP(AB)
                 26 C    (  0  0  0)     2.530     1.339    -0.000
                 11 C    (  0  0  0)     2.881     1.524     0.000
                 21 C    (  0  0  0)     2.935     1.553     0.000
                 14 C    (  0  0  0)     4.518     2.391     0.000
                  9 C    (  0  0  0)     4.555     2.410     0.000
                  8 C    (  0  0  0)     4.739     2.508    -0.000

 ATOM A   5 C    ATOM B     CELL      R(AB)/AU R(AB)/ANG    OVPOP(AB)
                 18 C    (  0  0  0)     2.583     1.367    -0.000
                 19 C    (  0  0  0)     2.654     1.404     0.000
                  7 C    (  0  0  0)     2.915     1.543    -0.000
                 13 C    (  0  0  0)     4.503     2.383     0.000
                  8 C    ( -1  1  0)     4.519     2.391     0.000
                 16 C    (  0  0  0)     4.570     2.418     0.000

 ATOM A   6 C    ATOM B     CELL      R(AB)/AU R(AB)/ANG    OVPOP(AB)
                 17 C    (  0  0  0)     2.736     1.448     0.000
                 20 C    (  0  0  0)     2.805     1.485    -0.000
                 24 C    (  0  0  0)     2.967     1.570     0.000
                 28 C    (  0 -1  0)     4.431     2.345     0.000
                 15 C    (  0  0  0)     4.582     2.425     0.000
                  8 C    ( -1  0  0)     4.618     2.444    -0.000

 ATOM A   7 C    ATOM B     CELL      R(AB)/AU R(AB)/ANG    OVPOP(AB)
                 18 C    (  0  0  0)     2.729     1.444     0.000
                 20 C    ( -1  1  0)     2.814     1.489    -0.000
                 22 C    ( -1  0  0)     2.844     1.505     0.000
                  5 C    (  0  0  0)     2.915     1.543    -0.000
                 13 C    ( -1  0  0)     4.584     2.426     0.000
                 26 C    ( -1  0  0)     4.656     2.464    -0.000

 ATOM A   8 C    ATOM B     CELL      R(AB)/AU R(AB)/ANG    OVPOP(AB)
                 19 C    (  1 -1  0)     2.606     1.379     0.000
                 17 C    (  1  0  0)     2.796     1.479     0.000
                 21 C    (  0  0  0)     2.832     1.499     0.000
                  5 C    (  1 -1  0)     4.519     2.391     0.000
                 25 C    (  0  0  0)     4.545     2.405     0.000
                 14 C    (  1  0  0)     4.546     2.406     0.000

 ATOM A   9 C    ATOM B     CELL      R(AB)/AU R(AB)/ANG    OVPOP(AB)
                 11 C    (  0  0  0)     2.675     1.416    -0.000
                  2 C    (  0  0  0)     2.762     1.462    -0.000
                 12 C    ( -1  0  1)     2.891     1.530     0.000
                  4 C    (  0  0  0)     4.555     2.410     0.000
                 24 C    (  0  0  1)     4.729     2.503    -0.000
                 27 C    (  0  0  0)     4.780     2.529     0.000

 ATOM A  10 C    ATOM B     CELL      R(AB)/AU R(AB)/ANG    OVPOP(AB)
                 12 C    (  0  0  0)     2.727     1.443    -0.000
                  1 C    (  0  0  0)     2.797     1.480     0.000
                 11 C    (  0  0 -1)     2.882     1.525     0.000
                  3 C    (  0  0  0)     4.608     2.438     0.000
                 28 C    (  0  0  0)     4.736     2.506     0.000
                 23 C    (  0  0 -1)     4.788     2.533    -0.000

 ATOM A  11 C    ATOM B     CELL      R(AB)/AU R(AB)/ANG    OVPOP(AB)
                  9 C    (  0  0  0)     2.675     1.416    -0.000
                  4 C    (  0  0  0)     2.881     1.524     0.000
                 10 C    (  0  0  1)     2.882     1.525     0.000
                 26 C    (  0  0  0)     4.353     2.304    -0.000
                  2 C    (  0  0  0)     4.437     2.348     0.000
                  1 C    (  0  0  1)     4.716     2.496     0.000

 ATOM A  12 C    ATOM B     CELL      R(AB)/AU R(AB)/ANG    OVPOP(AB)
                 10 C    (  0  0  0)     2.727     1.443    -0.000
                  9 C    (  1  0 -1)     2.891     1.530     0.000
                  3 C    (  0  0  0)     2.892     1.530    -0.000
                 25 C    (  0  0  0)     4.517     2.390     0.000
                  1 C    (  0  0  0)     4.615     2.442    -0.000
                  2 C    (  1  0 -1)     4.663     2.467    -0.000

 ATOM A  13 C    ATOM B     CELL      R(AB)/AU R(AB)/ANG    OVPOP(AB)
                 18 C    (  0  0  0)     2.548     1.349    -0.000
                 28 C    (  0  0  0)     2.698     1.428     0.000
                 22 C    (  0  0  0)     2.739     1.450     0.000
                  3 C    (  0  0  0)     4.332     2.292    -0.000
                  1 C    (  0  0  0)     4.474     2.368    -0.000
                 24 C    (  0  1  0)     4.503     2.383    -0.000

 ATOM A  14 C    ATOM B     CELL      R(AB)/AU R(AB)/ANG    OVPOP(AB)
                 17 C    (  0  0  0)     2.556     1.353    -0.000
                 27 C    (  0  0  0)     2.803     1.483     0.000
                 21 C    (  0  0  0)     2.857     1.512    -0.000
                  4 C    (  0  0  0)     4.518     2.391     0.000
                  8 C    ( -1  0  0)     4.546     2.406     0.000
                 23 C    (  0 -1  0)     4.670     2.471     0.000

 ATOM A  15 C    ATOM B     CELL      R(AB)/AU R(AB)/ANG    OVPOP(AB)
                 20 C    (  0  0  0)     2.546     1.347    -0.000
                 25 C    (  0  0  0)     2.811     1.488     0.000
                 24 C    (  1  0  0)     2.887     1.528     0.000
                  6 C    (  0  0  0)     4.582     2.425     0.000
                  2 C    (  1  0 -1)     4.593     2.431    -0.000
                  7 C    (  1 -1  0)     4.666     2.469     0.000

 ATOM A  16 C    ATOM B     CELL      R(AB)/AU R(AB)/ANG    OVPOP(AB)
                 23 C    (  0  0  0)     2.587     1.369     0.000
                 19 C    (  0  0  0)     2.776     1.469     0.000
                 26 C    (  0  0  0)     2.855     1.511     0.000
                  5 C    (  0  0  0)     4.570     2.418     0.000
                  1 C    (  0  0  1)     4.654     2.463     0.000
                  8 C    ( -1  1  0)     4.674     2.473    -0.000

 ATOM A  17 C    ATOM B     CELL      R(AB)/AU R(AB)/ANG    OVPOP(AB)
                 14 C    (  0  0  0)     2.556     1.353    -0.000
                  6 C    (  0  0  0)     2.736     1.448     0.000
                  8 C    ( -1  0  0)     2.796     1.479     0.000
                 19 C    (  0 -1  0)     4.452     2.356     0.000
                 27 C    (  0  0  0)     4.524     2.394     0.000
                 20 C    (  0  0  0)     4.626     2.448     0.000

 ATOM A  18 C    ATOM B     CELL      R(AB)/AU R(AB)/ANG    OVPOP(AB)
                 13 C    (  0  0  0)     2.548     1.349    -0.000
                  5 C    (  0  0  0)     2.583     1.367    -0.000
                  7 C    (  0  0  0)     2.729     1.444     0.000
                 19 C    (  0  0  0)     4.413     2.335    -0.000
                 28 C    (  0  0  0)     4.438     2.349     0.000
                 22 C    (  0  0  0)     4.540     2.402    -0.000

 ATOM A  19 C    ATOM B     CELL      R(AB)/AU R(AB)/ANG    OVPOP(AB)
                  8 C    ( -1  1  0)     2.606     1.379     0.000
                  5 C    (  0  0  0)     2.654     1.404     0.000
                 16 C    (  0  0  0)     2.776     1.469     0.000
                 18 C    (  0  0  0)     4.413     2.335    -0.000
                 17 C    (  0  1  0)     4.452     2.356     0.000
                 23 C    (  0  0  0)     4.511     2.387    -0.000

 ATOM A  20 C    ATOM B     CELL      R(AB)/AU R(AB)/ANG    OVPOP(AB)
                 15 C    (  0  0  0)     2.546     1.347    -0.000
                  6 C    (  0  0  0)     2.805     1.485    -0.000
                  7 C    (  1 -1  0)     2.814     1.489    -0.000
                 25 C    (  0  0  0)     4.552     2.409    -0.000
                 17 C    (  0  0  0)     4.626     2.448     0.000
                 24 C    (  1  0  0)     4.838     2.560    -0.000

 ATOM A  21 C    ATOM B     CELL      R(AB)/AU R(AB)/ANG    OVPOP(AB)
                  8 C    (  0  0  0)     2.832     1.499     0.000
                 14 C    (  0  0  0)     2.857     1.512    -0.000
                  4 C    (  0  0  0)     2.935     1.553     0.000
                 25 C    (  0  0  0)     2.973     1.573     0.000
                 15 C    (  0  0  0)     4.687     2.480     0.000
                 26 C    (  0  0  0)     4.690     2.482     0.000

 ATOM A  22 C    ATOM B     CELL      R(AB)/AU R(AB)/ANG    OVPOP(AB)
                 13 C    (  0  0  0)     2.739     1.450     0.000
                  7 C    (  1  0  0)     2.844     1.505     0.000
                  3 C    (  0  0  0)     2.863     1.515     0.000
                 26 C    (  0  0  0)     2.902     1.536    -0.000
                 18 C    (  0  0  0)     4.540     2.402    -0.000
                 18 C    (  1  0  0)     4.585     2.426    -0.000

 ATOM A  23 C    ATOM B     CELL      R(AB)/AU R(AB)/ANG    OVPOP(AB)
                 16 C    (  0  0  0)     2.587     1.369     0.000
                  1 C    (  0  0  1)     2.733     1.446     0.000
                 27 C    (  0  1  0)     2.807     1.486    -0.000
                 28 C    (  0  0  1)     4.391     2.323    -0.000
                 19 C    (  0  0  0)     4.511     2.387    -0.000
                 14 C    (  0  1  0)     4.670     2.471     0.000

 ATOM A  24 C    ATOM B     CELL      R(AB)/AU R(AB)/ANG    OVPOP(AB)
                 28 C    (  0 -1  0)     2.824     1.494    -0.000
                 15 C    ( -1  0  0)     2.887     1.528     0.000
                  2 C    (  0  0 -1)     2.940     1.556     0.000
                  6 C    (  0  0  0)     2.967     1.570     0.000
                 13 C    (  0 -1  0)     4.503     2.383    -0.000
                  9 C    (  0  0 -1)     4.729     2.503    -0.000

 ATOM A  25 C    ATOM B     CELL      R(AB)/AU R(AB)/ANG    OVPOP(AB)
                  3 C    (  0  0  0)     2.531     1.339     0.000
                 15 C    (  0  0  0)     2.811     1.488     0.000
                 21 C    (  0  0  0)     2.973     1.573     0.000
                 12 C    (  0  0  0)     4.517     2.390     0.000
                  8 C    (  0  0  0)     4.545     2.405     0.000
                 20 C    (  0  0  0)     4.552     2.409    -0.000

 ATOM A  26 C    ATOM B     CELL      R(AB)/AU R(AB)/ANG    OVPOP(AB)
                  4 C    (  0  0  0)     2.530     1.339    -0.000
                 16 C    (  0  0  0)     2.855     1.511     0.000
                 22 C    (  0  0  0)     2.902     1.536    -0.000
                 11 C    (  0  0  0)     4.353     2.304    -0.000
                 13 C    (  0  0  0)     4.553     2.409    -0.000
                  7 C    (  1  0  0)     4.656     2.464    -0.000

 ATOM A  27 C    ATOM B     CELL      R(AB)/AU R(AB)/ANG    OVPOP(AB)
                  2 C    (  0  0  0)     2.544     1.346    -0.000
                 14 C    (  0  0  0)     2.803     1.483     0.000
                 23 C    (  0 -1  0)     2.807     1.486    -0.000
                 17 C    (  0  0  0)     4.524     2.394     0.000
                  1 C    (  0 -1  1)     4.692     2.483     0.000
                 16 C    (  0 -1  0)     4.719     2.497    -0.000

 ATOM A  28 C    ATOM B     CELL      R(AB)/AU R(AB)/ANG    OVPOP(AB)
                  1 C    (  0  0  0)     2.510     1.328    -0.000
                 13 C    (  0  0  0)     2.698     1.428     0.000
                 24 C    (  0  1  0)     2.824     1.494    -0.000
                 23 C    (  0  0 -1)     4.391     2.323    -0.000
                  6 C    (  0  1  0)     4.431     2.345     0.000
                 18 C    (  0  0  0)     4.438     2.349     0.000
 EIGENVECTORS IN FORTRAN UNIT  8
 TTTTTTTTTTTTTTTTTTTTTTTTTTTTTT END         TELAPSE     3661.31 TCPU     3637.74
 EEEEEEEEEE TERMINATION  DATE 30 01 2026 TIME 23:44:12.2
NODE    0 CPU TIME =      3637.741
NODE    1 CPU TIME =      3640.287
NODE    2 CPU TIME =      3639.816
NODE    3 CPU TIME =      3638.903
NODE    4 CPU TIME =      3639.532
NODE    5 CPU TIME =      3639.155
NODE    6 CPU TIME =      3640.009
NODE    7 CPU TIME =      3651.731
NODE    8 CPU TIME =      3653.074
NODE    9 CPU TIME =      3653.192
NODE   10 CPU TIME =      3653.345
NODE   11 CPU TIME =      3652.812
NODE   12 CPU TIME =      3639.000
NODE   13 CPU TIME =      3640.064
NODE   14 CPU TIME =      3653.465
NODE   15 CPU TIME =      3638.658
NODE   16 CPU TIME =      3640.469
NODE   17 CPU TIME =      3652.785
NODE   18 CPU TIME =      3651.848
NODE   19 CPU TIME =      3639.997
NODE   20 CPU TIME =      3639.987
NODE   21 CPU TIME =      3640.071
NODE   22 CPU TIME =      3652.408
NODE   23 CPU TIME =      3653.022
NODE   24 CPU TIME =      3640.182
NODE   25 CPU TIME =      3640.442
NODE   26 CPU TIME =      3639.935
NODE   27 CPU TIME =      3637.693
NODE   28 CPU TIME =      3653.311
NODE   29 CPU TIME =      3639.768
NODE   30 CPU TIME =      3652.717
NODE   31 CPU TIME =      3651.320
    TOTAL CPU TIME =    116636.738
