MPI startup(): Warning: I_MPI_PMI_LIBRARY will be ignored since the hydra process manager was found
MPI startup(): Warning: I_MPI_PMI_LIBRARY will be ignored since the hydra process manager was found
MPI startup(): Warning: I_MPI_PMI_LIBRARY will be ignored since the hydra process manager was found
MPI startup(): Warning: I_MPI_PMI_LIBRARY will be ignored since the hydra process manager was found
MPI startup(): Warning: I_MPI_PMI_LIBRARY will be ignored since the hydra process manager was found
MPI startup(): Warning: I_MPI_PMI_LIBRARY will be ignored since the hydra process manager was found
MPI startup(): Warning: I_MPI_PMI_LIBRARY will be ignored since the hydra process manager was found
MPI startup(): Warning: I_MPI_PMI_LIBRARY will be ignored since the hydra process manager was found
MPI startup(): Warning: I_MPI_PMI_LIBRARY will be ignored since the hydra process manager was found
MPI startup(): Warning: I_MPI_PMI_LIBRARY will be ignored since the hydra process manager was found
MPI startup(): Warning: I_MPI_PMI_LIBRARY will be ignored since the hydra process manager was found
MPI startup(): Warning: I_MPI_PMI_LIBRARY will be ignored since the hydra process manager was found
MPI startup(): Warning: I_MPI_PMI_LIBRARY will be ignored since the hydra process manager was found
MPI startup(): Warning: I_MPI_PMI_LIBRARY will be ignored since the hydra process manager was found
MPI startup(): Warning: I_MPI_PMI_LIBRARY will be ignored since the hydra process manager was found
MPI startup(): Warning: I_MPI_PMI_LIBRARY will be ignored since the hydra process manager was found
MPI startup(): Warning: I_MPI_PMI_LIBRARY will be ignored since the hydra process manager was found
MPI startup(): Warning: I_MPI_PMI_LIBRARY will be ignored since the hydra process manager was found
MPI startup(): Warning: I_MPI_PMI_LIBRARY will be ignored since the hydra process manager was found
MPI startup(): Warning: I_MPI_PMI_LIBRARY will be ignored since the hydra process manager was found
MPI startup(): Warning: I_MPI_PMI_LIBRARY will be ignored since the hydra process manager was found
MPI startup(): Warning: I_MPI_PMI_LIBRARY will be ignored since the hydra process manager was found
MPI startup(): Warning: I_MPI_PMI_LIBRARY will be ignored since the hydra process manager was found
MPI startup(): Warning: I_MPI_PMI_LIBRARY will be ignored since the hydra process manager was found
MPI startup(): Warning: I_MPI_PMI_LIBRARY will be ignored since the hydra process manager was found
MPI startup(): Warning: I_MPI_PMI_LIBRARY will be ignored since the hydra process manager was found
MPI startup(): Warning: I_MPI_PMI_LIBRARY will be ignored since the hydra process manager was found
MPI startup(): Warning: I_MPI_PMI_LIBRARY will be ignored since the hydra process manager was found
MPI startup(): Warning: I_MPI_PMI_LIBRARY will be ignored since the hydra process manager was found
MPI startup(): Warning: I_MPI_PMI_LIBRARY will be ignored since the hydra process manager was found
MPI startup(): Warning: I_MPI_PMI_LIBRARY will be ignored since the hydra process manager was found
MPI startup(): Warning: I_MPI_PMI_LIBRARY will be ignored since the hydra process manager was found
 PROCESS           20  OF           32  WORKING
 PROCESS           21  OF           32  WORKING
 PROCESS           29  OF           32  WORKING
 PROCESS            8  OF           32  WORKING
 PROCESS           16  OF           32  WORKING
 PROCESS           24  OF           32  WORKING
 PROCESS           31  OF           32  WORKING
 PROCESS           14  OF           32  WORKING
 PROCESS           30  OF           32  WORKING
 PROCESS            2  OF           32  WORKING
 PROCESS            7  OF           32  WORKING
 PROCESS           25  OF           32  WORKING
 PROCESS           19  OF           32  WORKING
 PROCESS            0  OF           32  WORKING
 PROCESS           22  OF           32  WORKING
 PROCESS            1  OF           32  WORKING
 PROCESS           27  OF           32  WORKING
 PROCESS            6  OF           32  WORKING
 PROCESS           12  OF           32  WORKING
 PROCESS            4  OF           32  WORKING
 PROCESS           11  OF           32  WORKING
 PROCESS            5  OF           32  WORKING
 PROCESS           15  OF           32  WORKING
 PROCESS            3  OF           32  WORKING
 PROCESS           10  OF           32  WORKING
 PROCESS           23  OF           32  WORKING
 PROCESS           26  OF           32  WORKING
 PROCESS           28  OF           32  WORKING

         
 *******************************************************************************
 *                                                                             *
 *                               CRYSTAL23                                     *
 *                      public : 1.0.1 - October 2022                          *
 *                       HTTP://WWW.CRYSTAL.UNITO.IT                           *
 *                                                                             *
 *                              MAIN AUTHORS                                   *
 *                                                                             *
 *  R. DOVESI(1,11), V.R. SAUNDERS(2), C. ROETTI(1,11), R. ORLANDO(1,11),      *
 *  C.M. ZICOVICH-WILSON(1,3), F. PASCALE(4), B. CIVALLERI(1,11),              *
 *  K. DOLL(5), N.M. HARRISON(6), I.J. BUSH(7), Ph. D'ARCO(8),                 *
 *  M. LLUNELL(9), M. CAUSA'(10), Y. NOEL(8), L. MASCHIO(1,11), A. ERBA(1,11)  *
 *  M. RE'RAT(14), S. CASASSA(1,11), B.G. SEARLE(2), J.K. DESMARAIS(1)         *
 *                                                                             *
 *        CONTRIBUTIONS TO THE CODE HAVE ALSO BEEN GIVEN BY                    *
 *                                                                             *
 *  M. FERRABONE(1,11), M. DE LA PIERRE(1,11), M. FERRERO(1,11),               *
 *  J. BAIMA(1,11), E. ALBANESE(1,11), M.F. PEINTINGER(12), R. BAST(13),       *
 *  B. KIRTMAN(15), V. LACIVITA(1,11), R. DEMICHELIS(1,16)                     *
 *  G. BRANDEBURG(17), S. SALUSTRO(1,11), G. SANSONE(1,11)                     *
 *  M.T. RUGGIERO(18), L.E. DAGA(1), L. DONA'(1), A. COSSARD(1)                *
 *                                                                             *
 * (1) THEORETICAL CHEMISTRY GROUP - UNIVERSITA' DI TORINO - TORINO (ITALY)    *
 * (2) SCIENTIFIC COMPUTING DEPARTMENT - STFC DARESBURY (UK)                   *
 * (3) UNIVERSIDAD AUTONOMA DEL ESTADO DE MORELOS - CUERNAVACA (MEXICO)        *
 * (4) UNIVERSITE' DE LORRAINE - NANCY (FRANCE)                                *
 * (5) UNIVERSITAET STUTTGART- STUTTGART (GERMANY)                             *
 * (6) IMPERIAL COLLEGE - LONDON (UK)                                          *
 * (7) SCIENTIFIC COMPUTING DEPARTMENT - STFC RAL (UK)                         *
 * (8) UPMC - SORBONNE UNIVERSITES - PARIS (FRANCE)                            *
 * (9) UNIVERSIDAD DE BARCELONA - BARCELONA (SPAIN)                            *
 *(10) UNIVERSITA' DI NAPOLI "FEDERICO II" - NAPOLI (ITALY)                    *
 *(11) NIS - NANOSTRUCTURED INTERFACES AND SURFACES - TORINO (ITALY)           *
 *(12) MPI FUER CHEMISCHE ENERGIEKONVERSION - MUELHEIM AN DER RUHR (GERMANY)   *
 *(13) UNIVERSITY OF TROMSO - TROMSO (NORWAY)                                  *
 *(14) UNIVERSITE' DE PAU ET DES PAYS DE L'ADOUR - PAU (FRANCE)                *
 *(15) UNIVERSITY OF CALIFORNIA SANTA BARBARA - SANTA BARBARA (USA)            *
 *(16) CURTIN UNIVERSITY - PERTH (AUSTRALIA)                                   *
 *(17) UNIVERSITY COLLEGE LONDON - LONDON (UK)                                 *
 *(18) UNIVERSITY OF VERMONT - BURLINGTON (USA)                                *
 PROCESS           18  OF           32  WORKING
 *                                                                             *
 *******************************************************************************
 PROCESS           13  OF           32  WORKING
 EEEEEEEEEE STARTING  DATE 30 01 2026 TIME 22:14:26.6
 ./3^3,4^4T1-CA_rev1_sp_B3LYP-D3-D3_optimized                                    
 PROCESS           17  OF           32  WORKING
 PROCESS            9  OF           32  WORKING

 CRYSTAL CALCULATION
 (INPUT ACCORDING TO THE INTERNATIONAL TABLES FOR X-RAY CRYSTALLOGRAPHY)
 CRYSTAL FAMILY                       :  HEXAGONAL   
 CRYSTAL CLASS  (GROTH - 1921)        :  DITRIGONAL SCALENOHEDRAL             

 SPACE GROUP (CENTROSYMMETRIC)        :  P -3 C 1        

 LATTICE PARAMETERS  (ANGSTROMS AND DEGREES) - CONVENTIONAL CELL
        A           B           C        ALPHA        BETA       GAMMA
    10.67424    10.67424     5.76543    90.00000    90.00000   120.00000


 NUMBER OF IRREDUCIBLE ATOMS IN THE CONVENTIONAL CELL:    7

 INPUT COORDINATES

 ATOM AT. N.              COORDINATES
   1   6    -1.778638051449E-01  2.375953364138E-01  9.176239760214E-02
   2   6     3.002472795142E-01 -7.320175083669E-02  2.008408277695E-01
   3   6     1.152458535182E-01  2.788108603558E-01  3.253988684825E-02
   4   6    -1.592568039517E-01 -4.847008421001E-01  1.759767289584E-01
   5   6    -4.244542069298E-01  4.963297529666E-01  4.759975230530E-01
   6   6     1.855299395155E-01 -1.176144886900E-02 -3.638573389481E-01
   7   6    -4.948869683255E-01  3.489778660364E-01  3.992757815644E-01

 *******************************************************************************

 << INFORMATION >>: FROM NOW ON, ALL COORDINATES REFER TO THE PRIMITIVE CELL

 *******************************************************************************

 LATTICE PARAMETERS  (ANGSTROMS AND DEGREES) - PRIMITIVE CELL
       A          B          C        ALPHA      BETA     GAMMA        VOLUME
   10.67424   10.67424    5.76543    90.00000  90.00000 120.00000    568.900220

 COORDINATES OF THE EQUIVALENT ATOMS (FRACTIONAL UNITS)

 N. ATOM EQUIV AT. N.          X                  Y                  Z

   1   1   1    6 C    -1.77863805145E-01  2.37595336414E-01  9.17623976021E-02
   2   1   2    6 C    -2.37595336414E-01 -4.15459141559E-01  9.17623976021E-02
   3   1   3    6 C     4.15459141559E-01  1.77863805145E-01  9.17623976021E-02
   4   1   4    6 C    -4.15459141559E-01 -2.37595336414E-01  4.08237602398E-01
   5   1   5    6 C     1.77863805145E-01  4.15459141559E-01  4.08237602398E-01
   6   1   6    6 C     2.37595336414E-01 -1.77863805145E-01  4.08237602398E-01
   7   1   7    6 C     1.77863805145E-01 -2.37595336414E-01 -9.17623976021E-02
   8   1   8    6 C     2.37595336414E-01  4.15459141559E-01 -9.17623976021E-02
   9   1   9    6 C    -4.15459141559E-01 -1.77863805145E-01 -9.17623976021E-02
  10   1  10    6 C     4.15459141559E-01  2.37595336414E-01 -4.08237602398E-01
  11   1  11    6 C    -1.77863805145E-01 -4.15459141559E-01 -4.08237602398E-01
  12   1  12    6 C    -2.37595336414E-01  1.77863805145E-01 -4.08237602398E-01

  13   2   1    6 C     3.00247279514E-01 -7.32017508367E-02  2.00840827769E-01
  14   2   2    6 C     7.32017508367E-02  3.73449030351E-01  2.00840827769E-01
  15   2   3    6 C    -3.73449030351E-01 -3.00247279514E-01  2.00840827769E-01
  16   2   4    6 C     3.73449030351E-01  7.32017508367E-02  2.99159172231E-01
  17   2   5    6 C    -3.00247279514E-01 -3.73449030351E-01  2.99159172231E-01
  18   2   6    6 C    -7.32017508367E-02  3.00247279514E-01  2.99159172231E-01
  19   2   7    6 C    -3.00247279514E-01  7.32017508367E-02 -2.00840827769E-01
  20   2   8    6 C    -7.32017508367E-02 -3.73449030351E-01 -2.00840827769E-01
  21   2   9    6 C     3.73449030351E-01  3.00247279514E-01 -2.00840827769E-01
  22   2  10    6 C    -3.73449030351E-01 -7.32017508367E-02 -2.99159172231E-01
  23   2  11    6 C     3.00247279514E-01  3.73449030351E-01 -2.99159172231E-01
  24   2  12    6 C     7.32017508367E-02 -3.00247279514E-01 -2.99159172231E-01

  25   3   1    6 C     1.15245853518E-01  2.78810860356E-01  3.25398868483E-02
  26   3   2    6 C    -2.78810860356E-01 -1.63565006838E-01  3.25398868483E-02
  27   3   3    6 C     1.63565006838E-01 -1.15245853518E-01  3.25398868483E-02
  28   3   4    6 C    -1.63565006838E-01 -2.78810860356E-01  4.67460113152E-01
  29   3   5    6 C    -1.15245853518E-01  1.63565006838E-01  4.67460113152E-01
  30   3   6    6 C     2.78810860356E-01  1.15245853518E-01  4.67460113152E-01
  31   3   7    6 C    -1.15245853518E-01 -2.78810860356E-01 -3.25398868483E-02
  32   3   8    6 C     2.78810860356E-01  1.63565006838E-01 -3.25398868483E-02
  33   3   9    6 C    -1.63565006838E-01  1.15245853518E-01 -3.25398868483E-02
  34   3  10    6 C     1.63565006838E-01  2.78810860356E-01 -4.67460113152E-01
  35   3  11    6 C     1.15245853518E-01 -1.63565006838E-01 -4.67460113152E-01
  36   3  12    6 C    -2.78810860356E-01 -1.15245853518E-01 -4.67460113152E-01

  37   4   1    6 C    -1.59256803952E-01 -4.84700842100E-01  1.75976728958E-01
  38   4   2    6 C     4.84700842100E-01  3.25444038148E-01  1.75976728958E-01
  39   4   3    6 C    -3.25444038148E-01  1.59256803952E-01  1.75976728958E-01
  40   4   4    6 C     3.25444038148E-01  4.84700842100E-01  3.24023271042E-01
  41   4   5    6 C     1.59256803952E-01 -3.25444038148E-01  3.24023271042E-01
  42   4   6    6 C    -4.84700842100E-01 -1.59256803952E-01  3.24023271042E-01
  43   4   7    6 C     1.59256803952E-01  4.84700842100E-01 -1.75976728958E-01
  44   4   8    6 C    -4.84700842100E-01 -3.25444038148E-01 -1.75976728958E-01
  45   4   9    6 C     3.25444038148E-01 -1.59256803952E-01 -1.75976728958E-01
  46   4  10    6 C    -3.25444038148E-01 -4.84700842100E-01 -3.24023271042E-01
  47   4  11    6 C    -1.59256803952E-01  3.25444038148E-01 -3.24023271042E-01
  48   4  12    6 C     4.84700842100E-01  1.59256803952E-01 -3.24023271042E-01

  49   5   1    6 C    -4.24454206930E-01  4.96329752967E-01  4.75997523053E-01
  50   5   2    6 C    -4.96329752967E-01  7.92160401036E-02  4.75997523053E-01
  51   5   3    6 C    -7.92160401036E-02  4.24454206930E-01  4.75997523053E-01
  52   5   4    6 C     7.92160401036E-02 -4.96329752967E-01  2.40024769470E-02
  53   5   5    6 C     4.24454206930E-01 -7.92160401036E-02  2.40024769470E-02
  54   5   6    6 C     4.96329752967E-01 -4.24454206930E-01  2.40024769470E-02
  55   5   7    6 C     4.24454206930E-01 -4.96329752967E-01 -4.75997523053E-01
  56   5   8    6 C     4.96329752967E-01 -7.92160401036E-02 -4.75997523053E-01
  57   5   9    6 C     7.92160401036E-02 -4.24454206930E-01 -4.75997523053E-01
  58   5  10    6 C    -7.92160401036E-02  4.96329752967E-01 -2.40024769470E-02
  59   5  11    6 C    -4.24454206930E-01  7.92160401036E-02 -2.40024769470E-02
  60   5  12    6 C    -4.96329752967E-01  4.24454206930E-01 -2.40024769470E-02

  61   6   1    6 C     1.85529939516E-01 -1.17614488690E-02 -3.63857338948E-01
  62   6   2    6 C     1.17614488690E-02  1.97291388384E-01 -3.63857338948E-01
  63   6   3    6 C    -1.97291388384E-01 -1.85529939516E-01 -3.63857338948E-01
  64   6   4    6 C     1.97291388384E-01  1.17614488690E-02 -1.36142661052E-01
  65   6   5    6 C    -1.85529939516E-01 -1.97291388384E-01 -1.36142661052E-01
  66   6   6    6 C    -1.17614488690E-02  1.85529939516E-01 -1.36142661052E-01
  67   6   7    6 C    -1.85529939516E-01  1.17614488690E-02  3.63857338948E-01
  68   6   8    6 C    -1.17614488690E-02 -1.97291388384E-01  3.63857338948E-01
  69   6   9    6 C     1.97291388384E-01  1.85529939516E-01  3.63857338948E-01
  70   6  10    6 C    -1.97291388384E-01 -1.17614488690E-02  1.36142661052E-01
  71   6  11    6 C     1.85529939516E-01  1.97291388384E-01  1.36142661052E-01
  72   6  12    6 C     1.17614488690E-02 -1.85529939516E-01  1.36142661052E-01

  73   7   1    6 C    -4.94886968325E-01  3.48977866036E-01  3.99275781564E-01
  74   7   2    6 C    -3.48977866036E-01  1.56135165638E-01  3.99275781564E-01
  75   7   3    6 C    -1.56135165638E-01  4.94886968325E-01  3.99275781564E-01
  76   7   4    6 C     1.56135165638E-01 -3.48977866036E-01  1.00724218436E-01
  77   7   5    6 C     4.94886968325E-01 -1.56135165638E-01  1.00724218436E-01
  78   7   6    6 C     3.48977866036E-01 -4.94886968325E-01  1.00724218436E-01
  79   7   7    6 C     4.94886968325E-01 -3.48977866036E-01 -3.99275781564E-01
  80   7   8    6 C     3.48977866036E-01 -1.56135165638E-01 -3.99275781564E-01
  81   7   9    6 C     1.56135165638E-01 -4.94886968325E-01 -3.99275781564E-01
  82   7  10    6 C    -1.56135165638E-01  3.48977866036E-01 -1.00724218436E-01
  83   7  11    6 C    -4.94886968325E-01  1.56135165638E-01 -1.00724218436E-01
  84   7  12    6 C    -3.48977866036E-01  4.94886968325E-01 -1.00724218436E-01

 NUMBER OF SYMMETRY OPERATORS         :   12
 *******************************************************************************
 * GEOMETRY EDITING - INPUT COORDINATES ARE GIVEN IN ANGSTROM         
 *******************************************************************************

 GEOMETRY NOW FULLY CONSISTENT WITH THE GROUP

 GCALCO - MAX INDICES DIRECT LATTICE VECTOR    12    12    20
 NO.OF VECTORS CREATED 6999 STARS  403 RMAX   185.98188 BOHR

 GEOMETRY FOR WAVE FUNCTION - DIMENSIONALITY OF THE SYSTEM    3
 (NON PERIODIC DIRECTION: LATTICE PARAMETER FORMALLY SET TO 500)
 *******************************************************************************
 LATTICE PARAMETERS (ANGSTROMS AND DEGREES) - BOHR = 0.5291772083 ANGSTROM
 PRIMITIVE CELL - CENTRING CODE 1/0 VOLUME=   568.900220 - DENSITY  2.942 g/cm^3
         A              B              C           ALPHA      BETA       GAMMA 
    10.67423750    10.67423750     5.76543057    90.000000  90.000000 120.000000
 *******************************************************************************
 ATOMS IN THE ASYMMETRIC UNIT    7 - ATOMS IN THE UNIT CELL:   84
     ATOM                 X/A                 Y/B                 Z/C    
 *******************************************************************************
      1 T   6 C    -1.778638051449E-01  2.375953364138E-01  9.176239760214E-02
      2 F   6 C    -2.375953364138E-01 -4.154591415587E-01  9.176239760214E-02
      3 F   6 C     4.154591415587E-01  1.778638051449E-01  9.176239760214E-02
      4 F   6 C    -4.154591415587E-01 -2.375953364138E-01  4.082376023979E-01
      5 F   6 C     1.778638051449E-01  4.154591415587E-01  4.082376023979E-01
      6 F   6 C     2.375953364138E-01 -1.778638051449E-01  4.082376023979E-01
      7 F   6 C     1.778638051449E-01 -2.375953364138E-01 -9.176239760214E-02
      8 F   6 C     2.375953364138E-01  4.154591415587E-01 -9.176239760214E-02
      9 F   6 C    -4.154591415587E-01 -1.778638051449E-01 -9.176239760214E-02
     10 F   6 C     4.154591415587E-01  2.375953364138E-01 -4.082376023979E-01
     11 F   6 C    -1.778638051449E-01 -4.154591415587E-01 -4.082376023979E-01
     12 F   6 C    -2.375953364138E-01  1.778638051449E-01 -4.082376023979E-01
     13 T   6 C     3.002472795142E-01 -7.320175083669E-02  2.008408277695E-01
     14 F   6 C     7.320175083669E-02  3.734490303509E-01  2.008408277695E-01
     15 F   6 C    -3.734490303509E-01 -3.002472795142E-01  2.008408277695E-01
     16 F   6 C     3.734490303509E-01  7.320175083669E-02  2.991591722305E-01
     17 F   6 C    -3.002472795142E-01 -3.734490303509E-01  2.991591722305E-01
     18 F   6 C    -7.320175083669E-02  3.002472795142E-01  2.991591722305E-01
     19 F   6 C    -3.002472795142E-01  7.320175083669E-02 -2.008408277695E-01
     20 F   6 C    -7.320175083669E-02 -3.734490303509E-01 -2.008408277695E-01
     21 F   6 C     3.734490303509E-01  3.002472795142E-01 -2.008408277695E-01
     22 F   6 C    -3.734490303509E-01 -7.320175083669E-02 -2.991591722305E-01
     23 F   6 C     3.002472795142E-01  3.734490303509E-01 -2.991591722305E-01
     24 F   6 C     7.320175083669E-02 -3.002472795142E-01 -2.991591722305E-01
     25 T   6 C     1.152458535182E-01  2.788108603558E-01  3.253988684825E-02
     26 F   6 C    -2.788108603558E-01 -1.635650068376E-01  3.253988684825E-02
     27 F   6 C     1.635650068376E-01 -1.152458535182E-01  3.253988684825E-02
     28 F   6 C    -1.635650068376E-01 -2.788108603558E-01  4.674601131518E-01
     29 F   6 C    -1.152458535182E-01  1.635650068376E-01  4.674601131518E-01
     30 F   6 C     2.788108603558E-01  1.152458535182E-01  4.674601131518E-01
     31 F   6 C    -1.152458535182E-01 -2.788108603558E-01 -3.253988684825E-02
     32 F   6 C     2.788108603558E-01  1.635650068376E-01 -3.253988684825E-02
     33 F   6 C    -1.635650068376E-01  1.152458535182E-01 -3.253988684825E-02
     34 F   6 C     1.635650068376E-01  2.788108603558E-01 -4.674601131518E-01
     35 F   6 C     1.152458535182E-01 -1.635650068376E-01 -4.674601131518E-01
     36 F   6 C    -2.788108603558E-01 -1.152458535182E-01 -4.674601131518E-01
     37 T   6 C    -1.592568039517E-01 -4.847008421001E-01  1.759767289584E-01
     38 F   6 C     4.847008421001E-01  3.254440381484E-01  1.759767289584E-01
     39 F   6 C    -3.254440381484E-01  1.592568039517E-01  1.759767289584E-01
     40 F   6 C     3.254440381484E-01  4.847008421001E-01  3.240232710416E-01
     41 F   6 C     1.592568039517E-01 -3.254440381484E-01  3.240232710416E-01
     42 F   6 C    -4.847008421001E-01 -1.592568039517E-01  3.240232710416E-01
     43 F   6 C     1.592568039517E-01  4.847008421001E-01 -1.759767289584E-01
     44 F   6 C    -4.847008421001E-01 -3.254440381484E-01 -1.759767289584E-01
     45 F   6 C     3.254440381484E-01 -1.592568039517E-01 -1.759767289584E-01
     46 F   6 C    -3.254440381484E-01 -4.847008421001E-01 -3.240232710416E-01
     47 F   6 C    -1.592568039517E-01  3.254440381484E-01 -3.240232710416E-01
     48 F   6 C     4.847008421001E-01  1.592568039517E-01 -3.240232710416E-01
     49 T   6 C    -4.244542069298E-01  4.963297529666E-01  4.759975230530E-01
     50 F   6 C    -4.963297529666E-01  7.921604010360E-02  4.759975230530E-01
     51 F   6 C    -7.921604010360E-02  4.244542069298E-01  4.759975230530E-01
     52 F   6 C     7.921604010360E-02 -4.963297529666E-01  2.400247694700E-02
     53 F   6 C     4.244542069298E-01 -7.921604010360E-02  2.400247694700E-02
     54 F   6 C     4.963297529666E-01 -4.244542069298E-01  2.400247694700E-02
     55 F   6 C     4.244542069298E-01 -4.963297529666E-01 -4.759975230530E-01
     56 F   6 C     4.963297529666E-01 -7.921604010360E-02 -4.759975230530E-01
     57 F   6 C     7.921604010360E-02 -4.244542069298E-01 -4.759975230530E-01
     58 F   6 C    -7.921604010360E-02  4.963297529666E-01 -2.400247694700E-02
     59 F   6 C    -4.244542069298E-01  7.921604010360E-02 -2.400247694700E-02
     60 F   6 C    -4.963297529666E-01  4.244542069298E-01 -2.400247694700E-02
     61 T   6 C     1.855299395155E-01 -1.176144886900E-02 -3.638573389481E-01
     62 F   6 C     1.176144886900E-02  1.972913883845E-01 -3.638573389481E-01
     63 F   6 C    -1.972913883845E-01 -1.855299395155E-01 -3.638573389481E-01
     64 F   6 C     1.972913883845E-01  1.176144886900E-02 -1.361426610519E-01
     65 F   6 C    -1.855299395155E-01 -1.972913883845E-01 -1.361426610519E-01
     66 F   6 C    -1.176144886900E-02  1.855299395155E-01 -1.361426610519E-01
     67 F   6 C    -1.855299395155E-01  1.176144886900E-02  3.638573389481E-01
     68 F   6 C    -1.176144886900E-02 -1.972913883845E-01  3.638573389481E-01
     69 F   6 C     1.972913883845E-01  1.855299395155E-01  3.638573389481E-01
     70 F   6 C    -1.972913883845E-01 -1.176144886900E-02  1.361426610519E-01
     71 F   6 C     1.855299395155E-01  1.972913883845E-01  1.361426610519E-01
     72 F   6 C     1.176144886900E-02 -1.855299395155E-01  1.361426610519E-01
     73 T   6 C    -4.948869683255E-01  3.489778660364E-01  3.992757815644E-01
     74 F   6 C    -3.489778660364E-01  1.561351656381E-01  3.992757815644E-01
     75 F   6 C    -1.561351656381E-01  4.948869683255E-01  3.992757815644E-01
     76 F   6 C     1.561351656381E-01 -3.489778660364E-01  1.007242184356E-01
     77 F   6 C     4.948869683255E-01 -1.561351656381E-01  1.007242184356E-01
     78 F   6 C     3.489778660364E-01 -4.948869683255E-01  1.007242184356E-01
     79 F   6 C     4.948869683255E-01 -3.489778660364E-01 -3.992757815644E-01
     80 F   6 C     3.489778660364E-01 -1.561351656381E-01 -3.992757815644E-01
     81 F   6 C     1.561351656381E-01 -4.948869683255E-01 -3.992757815644E-01
     82 F   6 C    -1.561351656381E-01  3.489778660364E-01 -1.007242184356E-01
     83 F   6 C    -4.948869683255E-01  1.561351656381E-01 -1.007242184356E-01
     84 F   6 C    -3.489778660364E-01  4.948869683255E-01 -1.007242184356E-01

 T = ATOM BELONGING TO THE ASYMMETRIC UNIT

 ****   12 SYMMOPS - TRANSLATORS IN FRACTIONAL UNITS
 **** MATRICES AND TRANSLATORS IN THE CRYSTALLOGRAPHIC REFERENCE FRAME
   V INV                    ROTATION MATRICES                   TRANSLATORS
   1   1  1.00  0.00  0.00  0.00  1.00  0.00  0.00  0.00  1.00  0.00  0.00  0.00
   2   3 -0.00 -1.00  0.00  1.00 -1.00  0.00  0.00  0.00  1.00  0.00  0.00  0.00
   3   2 -1.00  1.00  0.00 -1.00 -0.00  0.00  0.00  0.00  1.00  0.00  0.00  0.00
   4   4  1.00 -1.00  0.00  0.00 -1.00  0.00  0.00  0.00 -1.00  0.00  0.00  0.50
   5   5 -1.00  0.00  0.00 -1.00  1.00  0.00  0.00  0.00 -1.00  0.00  0.00  0.50
   6   6  0.00  1.00  0.00  1.00 -0.00  0.00  0.00  0.00 -1.00  0.00  0.00  0.50
   7   7 -1.00  0.00  0.00 -0.00 -1.00  0.00  0.00  0.00 -1.00  0.00  0.00  0.00
   8   9  0.00  1.00  0.00 -1.00  1.00  0.00  0.00  0.00 -1.00  0.00  0.00  0.00
   9   8  1.00 -1.00  0.00  1.00  0.00  0.00  0.00  0.00 -1.00  0.00  0.00  0.00
  10  10 -1.00  1.00  0.00 -0.00  1.00  0.00  0.00  0.00  1.00  0.00  0.00  0.50
  11  11  1.00  0.00  0.00  1.00 -1.00  0.00  0.00  0.00  1.00  0.00  0.00  0.50
  12  12 -0.00 -1.00  0.00 -1.00  0.00  0.00  0.00  0.00  1.00  0.00  0.00  0.50

 DIRECT LATTICE VECTORS CARTESIAN COMPONENTS (ANGSTROM)
          X                    Y                    Z
   0.924416084103E+01  -0.533711875000E+01   0.000000000000E+00
   0.000000000000E+00   0.106742375000E+02   0.000000000000E+00
   0.000000000000E+00   0.000000000000E+00   0.576543057000E+01


 CARTESIAN COORDINATES - PRIMITIVE CELL
 *******************************************************************************
 *      ATOM          X(ANGSTROM)         Y(ANGSTROM)         Z(ANGSTROM)
 *******************************************************************************
    1     6 C    -1.644201622557E+00  3.485429299158E+00  5.290497323119E-01
    2     6 C    -2.196369504887E+00 -3.166635023657E+00  5.290497323119E-01
    3     6 C     3.840571127444E+00 -3.187942755015E-01  5.290497323119E-01
    4     6 C    -3.840571127444E+00 -3.187942755015E-01  2.353665552688E+00
    5     6 C     1.644201622557E+00  3.485429299158E+00  2.353665552688E+00
    6     6 C     2.196369504887E+00 -3.166635023657E+00  2.353665552688E+00
    7     6 C     1.644201622557E+00 -3.485429299158E+00 -5.290497323119E-01
    8     6 C     2.196369504887E+00  3.166635023657E+00 -5.290497323119E-01
    9     6 C    -3.840571127444E+00  3.187942755015E-01 -5.290497323119E-01
   10     6 C     3.840571127444E+00  3.187942755015E-01 -2.353665552688E+00
   11     6 C    -1.644201622557E+00 -3.485429299158E+00 -2.353665552688E+00
   12     6 C    -2.196369504887E+00  3.166635023657E+00 -2.353665552688E+00
   13     6 C     2.775534143911E+00 -2.383828258978E+00  1.157933848126E+00
   14     6 C     6.766887585793E-01  3.595597207187E+00  1.157933848126E+00
   15     6 C    -3.452222902490E+00 -1.211768948208E+00  1.157933848126E+00
   16     6 C     3.452222902490E+00 -1.211768948208E+00  1.724781436874E+00
   17     6 C    -2.775534143911E+00 -2.383828258978E+00  1.724781436874E+00
   18     6 C    -6.766887585793E-01  3.595597207187E+00  1.724781436874E+00
   19     6 C    -2.775534143911E+00  2.383828258978E+00 -1.157933848126E+00
   20     6 C    -6.766887585793E-01 -3.595597207187E+00 -1.157933848126E+00
   21     6 C     3.452222902490E+00  1.211768948208E+00 -1.157933848126E+00
   22     6 C    -3.452222902490E+00  1.211768948208E+00 -1.724781436874E+00
   23     6 C     2.775534143911E+00  2.383828258978E+00 -1.724781436874E+00
   24     6 C     6.766887585793E-01 -3.595597207187E+00 -1.724781436874E+00
   25     6 C     1.065351206184E+00  2.361012535345E+00  1.876064583792E-01
   26     6 C    -2.577372437355E+00 -2.578850591651E-01  1.876064583792E-01
   27     6 C     1.512021231171E+00 -2.103127476180E+00  1.876064583792E-01
   28     6 C    -1.512021231171E+00 -2.103127476180E+00  2.695108826621E+00
   29     6 C    -1.065351206184E+00  2.361012535345E+00  2.695108826621E+00
   30     6 C     2.577372437355E+00 -2.578850591651E-01  2.695108826621E+00
   31     6 C    -1.065351206184E+00 -2.361012535345E+00 -1.876064583792E-01
   32     6 C     2.577372437355E+00  2.578850591651E-01 -1.876064583792E-01
   33     6 C    -1.512021231171E+00  2.103127476180E+00 -1.876064583792E-01
   34     6 C     1.512021231171E+00  2.103127476180E+00 -2.695108826621E+00
   35     6 C     1.065351206184E+00 -2.361012535345E+00 -2.695108826621E+00
   36     6 C    -2.577372437355E+00  2.578850591651E-01 -2.695108826621E+00
   37     6 C    -1.472195510758E+00 -4.323839430591E+00  1.014581612745E+00
   38     6 C     4.480652544155E+00  8.869610036418E-01  1.014581612745E+00
   39     6 C    -3.008457033398E+00  3.436878426949E+00  1.014581612745E+00
   40     6 C     3.008457033398E+00  3.436878426949E+00  1.868133672255E+00
   41     6 C     1.472195510758E+00 -4.323839430591E+00  1.868133672255E+00
   42     6 C    -4.480652544155E+00  8.869610036418E-01  1.868133672255E+00
   43     6 C     1.472195510758E+00  4.323839430591E+00 -1.014581612745E+00
   44     6 C    -4.480652544155E+00 -8.869610036418E-01 -1.014581612745E+00
   45     6 C     3.008457033398E+00 -3.436878426949E+00 -1.014581612745E+00
   46     6 C    -3.008457033398E+00 -3.436878426949E+00 -1.868133672255E+00
   47     6 C    -1.472195510758E+00  4.323839430591E+00 -1.868133672255E+00
   48     6 C     4.480652544155E+00 -8.869610036418E-01 -1.868133672255E+00
   49     6 C    -3.923722958510E+00 -3.110933332197E+00  2.744330670654E+00
   50     6 C     4.656008774417E+00 -1.842577093384E+00  2.744330670654E+00
   51     6 C    -7.322858159070E-01  4.953510425581E+00  2.744330670654E+00
   52     6 C     7.322858159070E-01  4.953510425581E+00  1.383846143460E-01
   53     6 C     3.923722958510E+00 -3.110933332197E+00  1.383846143460E-01
   54     6 C    -4.656008774417E+00 -1.842577093384E+00  1.383846143460E-01
   55     6 C     3.923722958510E+00  3.110933332197E+00 -2.744330670654E+00
   56     6 C    -4.656008774417E+00  1.842577093384E+00 -2.744330670654E+00
   57     6 C     7.322858159070E-01 -4.953510425581E+00 -2.744330670654E+00
   58     6 C    -7.322858159070E-01 -4.953510425581E+00 -1.383846143460E-01
   59     6 C    -3.923722958510E+00  3.110933332197E+00 -1.383846143460E-01
   60     6 C     4.656008774417E+00  1.842577093384E+00 -1.383846143460E-01
   61     6 C     1.715068601708E+00 -1.115739817446E+00 -2.097794225090E+00
   62     6 C     1.087247250686E-01  2.043162887035E+00 -2.097794225090E+00
   63     6 C    -1.823793326776E+00 -9.274230695886E-01 -2.097794225090E+00
   64     6 C     1.823793326776E+00 -9.274230695886E-01 -7.849210599098E-01
   65     6 C    -1.715068601708E+00 -1.115739817446E+00 -7.849210599098E-01
   66     6 C    -1.087247250686E-01  2.043162887035E+00 -7.849210599098E-01
   67     6 C    -1.715068601708E+00  1.115739817446E+00  2.097794225090E+00
   68     6 C    -1.087247250686E-01 -2.043162887035E+00  2.097794225090E+00
   69     6 C     1.823793326776E+00  9.274230695886E-01  2.097794225090E+00
   70     6 C    -1.823793326776E+00  9.274230695886E-01  7.849210599098E-01
   71     6 C     1.715068601708E+00  1.115739817446E+00  7.849210599098E-01
   72     6 C     1.087247250686E-01 -2.043162887035E+00  7.849210599098E-01
   73     6 C     4.669346107699E+00  1.029224392096E+00  2.301996796892E+00
   74     6 C    -3.226007523599E+00  3.529160152281E+00  2.301996796892E+00
   75     6 C    -1.443338584099E+00 -4.558384544377E+00  2.301996796892E+00
   76     6 C     1.443338584099E+00 -4.558384544377E+00  5.807184881080E-01
   77     6 C    -4.669346107699E+00  1.029224392096E+00  5.807184881080E-01
   78     6 C     3.226007523599E+00  3.529160152281E+00  5.807184881080E-01
   79     6 C    -4.669346107699E+00 -1.029224392096E+00 -2.301996796892E+00
   80     6 C     3.226007523599E+00 -3.529160152281E+00 -2.301996796892E+00
   81     6 C     1.443338584099E+00  4.558384544377E+00 -2.301996796892E+00
   82     6 C    -1.443338584099E+00  4.558384544377E+00 -5.807184881080E-01
   83     6 C     4.669346107699E+00 -1.029224392096E+00 -5.807184881080E-01
   84     6 C    -3.226007523599E+00 -3.529160152281E+00 -5.807184881080E-01

 *******************************************************************************
 LOCAL ATOMIC FUNCTIONS BASIS SET
 *******************************************************************************
   ATOM   X(AU)   Y(AU)   Z(AU)  N. TYPE  EXPONENT  S COEF   P COEF   D/F/G COEF
 *******************************************************************************
   1 C   -3.107   6.587   1.000
                                  1 S  
                                         1.358E+04 2.225E-04 0.000E+00 0.000E+00
                                         2.035E+03 1.723E-03 0.000E+00 0.000E+00
                                         4.632E+02 8.926E-03 0.000E+00 0.000E+00
                                         1.312E+02 3.573E-02 0.000E+00 0.000E+00
                                         4.285E+01 1.108E-01 0.000E+00 0.000E+00
                                         1.558E+01 2.430E-01 0.000E+00 0.000E+00
                                  2 S  
                                         6.207E+00 4.144E-01 0.000E+00 0.000E+00
                                         2.576E+00 2.374E-01 0.000E+00 0.000E+00
                                  3 S  
                                         4.941E-01 1.000E+00 0.000E+00 0.000E+00
                                  4 S  
                                         1.644E-01 1.000E+00 0.000E+00 0.000E+00
                           5-     7 P  
                                         3.470E+01 0.000E+00 5.333E-03 0.000E+00
                                         7.958E+00 0.000E+00 3.586E-02 0.000E+00
                                         2.378E+00 0.000E+00 1.422E-01 0.000E+00
                                         8.143E-01 0.000E+00 3.427E-01 0.000E+00
                           8-    10 P  
                                         5.662E-01 0.000E+00 1.000E+00 0.000E+00
                          11-    13 P  
                                         2.674E-01 0.000E+00 1.000E+00 0.000E+00
                          14-    18 D  
                                         8.792E-01 0.000E+00 0.000E+00 1.000E+00
   2 C   -4.151  -5.984   1.000
   3 C    7.258  -0.602   1.000
   4 C   -7.258  -0.602   4.448
   5 C    3.107   6.587   4.448
   6 C    4.151  -5.984   4.448
   7 C    3.107  -6.587  -1.000
   8 C    4.151   5.984  -1.000
   9 C   -7.258   0.602  -1.000
  10 C    7.258   0.602  -4.448
  11 C   -3.107  -6.587  -4.448
  12 C   -4.151   5.984  -4.448
  13 C    5.245  -4.505   2.188
  14 C    1.279   6.795   2.188
  15 C   -6.524  -2.290   2.188
  16 C    6.524  -2.290   3.259
  17 C   -5.245  -4.505   3.259
  18 C   -1.279   6.795   3.259
  19 C   -5.245   4.505  -2.188
  20 C   -1.279  -6.795  -2.188
  21 C    6.524   2.290  -2.188
  22 C   -6.524   2.290  -3.259
  23 C    5.245   4.505  -3.259
  24 C    1.279  -6.795  -3.259
  25 C    2.013   4.462   0.355
  26 C   -4.871  -0.487   0.355
  27 C    2.857  -3.974   0.355
  28 C   -2.857  -3.974   5.093
  29 C   -2.013   4.462   5.093
  30 C    4.871  -0.487   5.093
  31 C   -2.013  -4.462  -0.355
  32 C    4.871   0.487  -0.355
  33 C   -2.857   3.974  -0.355
  34 C    2.857   3.974  -5.093
  35 C    2.013  -4.462  -5.093
  36 C   -4.871   0.487  -5.093
  37 C   -2.782  -8.171   1.917
  38 C    8.467   1.676   1.917
  39 C   -5.685   6.495   1.917
  40 C    5.685   6.495   3.530
  41 C    2.782  -8.171   3.530
  42 C   -8.467   1.676   3.530
  43 C    2.782   8.171  -1.917
  44 C   -8.467  -1.676  -1.917
  45 C    5.685  -6.495  -1.917
  46 C   -5.685  -6.495  -3.530
  47 C   -2.782   8.171  -3.530
  48 C    8.467  -1.676  -3.530
  49 C   -7.415  -5.879   5.186
  50 C    8.799  -3.482   5.186
  51 C   -1.384   9.361   5.186
  52 C    1.384   9.361   0.262
  53 C    7.415  -5.879   0.262
  54 C   -8.799  -3.482   0.262
  55 C    7.415   5.879  -5.186
  56 C   -8.799   3.482  -5.186
  57 C    1.384  -9.361  -5.186
  58 C   -1.384  -9.361  -0.262
  59 C   -7.415   5.879  -0.262
  60 C    8.799   3.482  -0.262
  61 C    3.241  -2.108  -3.964
  62 C    0.205   3.861  -3.964
  63 C   -3.446  -1.753  -3.964
  64 C    3.446  -1.753  -1.483
  65 C   -3.241  -2.108  -1.483
  66 C   -0.205   3.861  -1.483
  67 C   -3.241   2.108   3.964
  68 C   -0.205  -3.861   3.964
  69 C    3.446   1.753   3.964
  70 C   -3.446   1.753   1.483
  71 C    3.241   2.108   1.483
  72 C    0.205  -3.861   1.483
  73 C    8.824   1.945   4.350
  74 C   -6.096   6.669   4.350
  75 C   -2.728  -8.614   4.350
  76 C    2.728  -8.614   1.097
  77 C   -8.824   1.945   1.097
  78 C    6.096   6.669   1.097
  79 C   -8.824  -1.945  -4.350
  80 C    6.096  -6.669  -4.350
  81 C    2.728   8.614  -4.350
  82 C   -2.728   8.614  -1.097
  83 C    8.824  -1.945  -1.097
  84 C   -6.096  -6.669  -1.097
 INFORMATION **** SET_MPP **** PCRYSTAL CALCULATION
 INFORMATION **** READM2 **** NEW DEFAULT: FOCK/KS MATRIX MIXING SET TO 30 %
 INFORMATION **** READM2 **** NEW DEFAULT: FULL DIRECT SCF MODE
 INFORMATION **** READM2 **** NEW DEFAULT: COULOMB BIPOLAR BUFFER SET TO 32 Mb
 INFORMATION **** READM2 **** NEW DEFAULT: EXCHANGE BIPOLAR BUFFER SET TO 32 Mb

 *******************************************************************************
 NEW DEFAULT: DFT INTEGRATION GRID INCREASED TO XLGRID
 NEW DEFAULT: DIIS ACCELERATOR ACTIVE
 USE KEYWORD NODIIS TO TURN IT OFF
 *******************************************************************************

 INFORMATION **** DFTD3_INPUT **** PERFORM LATEST DISPERSION CORRECTION DFT-D3(BJ) WITH AUTOMATIC PARAMETER SETUP
 PLEASE CITE:
 (1) DFT-D3 Reference
  S. Grimme, J. Antony, S. Ehrlich, and H. Krieg, J. Chem. Phys. 132 (2010), 154104
 (2) BJ-Damping Reference
  S. Grimme, S. Ehrlich, and L. Goerigk, J. Comput. Chem. 32 (2011), 1456-1465
 (3) General DFT-D Review
  S. Grimme, A. Hansen, J. G. Brandenburg, and C. Bannwarth,
  Chem. Rev. 116 (2016), 5105-5154

 INFORMATION **** TOLINTEG **** COULOMB AND EXCHANGE SERIES TOLERANCES MODIFIED
 INFORMATION **** TOLDEE **** SCF TOL ON TOTAL ENERGY SET TO           9
 INFORMATION **** READM2 **** FULL DIRECT SCF (MONO AND BIEL INT) SELECTED
 INFORMATION **** BIPOSIZE **** COULOMB BIPOLAR BUFFER SET TO   110000000
 INFORMATION **** EXCHSIZE **** EXCHANGE BIPOLAR BUFFER SIZE SET TO   110000000
 INFORMATION **** MAXCYCLE **** MAX NUMBER OF SCF CYCLES SET TO         800
 INFORMATION **** DIIS **** DIIS FOR SCF ACTIVE
 INFORMATION **** DIIS **** LEVEL SHIFTER DISABLED
 INFORMATION **** PPAN ****  MULLIKEN POPULATION ANALYSIS AT THE END OF SCF
 *******************************************************************************
 N. OF ATOMS PER CELL        84  COULOMB OVERLAP TOL         (T1) 10**   -8
 NUMBER OF SHELLS           672  COULOMB PENETRATION TOL     (T2) 10**   -8
 NUMBER OF AO              1512  EXCHANGE OVERLAP TOL        (T3) 10**   -8
 N. OF ELECTRONS PER CELL   504  EXCHANGE PSEUDO OVP (F(G))  (T4) 10**   -9
 CORE ELECTRONS PER CELL    168  EXCHANGE PSEUDO OVP (P(G))  (T5) 10**  -24
 N. OF SYMMETRY OPERATORS    12  POLE ORDER IN MONO ZONE                  4
 *******************************************************************************
 TYPE OF CALCULATION :  UNRESTRICTED OPEN SHELL
 KOHN-SHAM HAMILTONIAN

 (EXCHANGE)[CORRELATION] FUNCTIONAL:(BECKE 88)[LEE-YANG-PARR]

 NON-LOCAL WEIGHTING FACTOR (EXCHANGE) =           0.9000
 NON-LOCAL WEIGHTING FACTOR [CORRELATION] =        0.8100

 HYBRID EXCHANGE - PERCENTAGE OF FOCK EXCHANGE    20.0000

 SPIN POLARIZED DFT SELECTED

 CAPPA:IS1  7;IS2  7;IS3  7; K PTS MONK NET  44; SYMMOPS:K SPACE  12;G SPACE  12

 *******************************************************************************
 MAX NUMBER OF SCF CYCLES     800  CONVERGENCE ON DELTAP        10**-19
 WEIGHT OF F(I) IN F(I+1)      30% CONVERGENCE ON ENERGY        10**- 9
 SHRINK. FACT.(MONKH.)    7  7  7  NUMBER OF K POINTS IN THE IBZ     44
 SHRINKING FACTOR(GILAT NET)   14  NUMBER OF K POINTS(GILAT NET)    288
 *******************************************************************************
 *** K POINTS COORDINATES (OBLIQUE COORDINATES IN UNITS OF IS =  7)
   1-R(  0  0  0)   2-C(  1  0  0)   3-C(  2  0  0)   4-C(  3  0  0)
   5-C(  1  1  0)   6-C(  2  1  0)   7-C(  3  1  0)   8-C(  2  2  0)
   9-C(  0  0  1)  10-C(  1  0  1)  11-C(  2  0  1)  12-C(  3  0  1)
  13-C(  4  0  1)  14-C(  5  0  1)  15-C(  6  0  1)  16-C(  1  1  1)
  17-C(  2  1  1)  18-C(  3  1  1)  19-C(  4  1  1)  20-C(  2  2  1)
  21-C(  0  0  2)  22-C(  1  0  2)  23-C(  2  0  2)  24-C(  3  0  2)
  25-C(  4  0  2)  26-C(  5  0  2)  27-C(  6  0  2)  28-C(  1  1  2)
  29-C(  2  1  2)  30-C(  3  1  2)  31-C(  4  1  2)  32-C(  2  2  2)
  33-C(  0  0  3)  34-C(  1  0  3)  35-C(  2  0  3)  36-C(  3  0  3)
  37-C(  4  0  3)  38-C(  5  0  3)  39-C(  6  0  3)  40-C(  1  1  3)
  41-C(  2  1  3)  42-C(  3  1  3)  43-C(  4  1  3)  44-C(  2  2  3)

 DIRECT LATTICE VECTORS COMPON. (A.U.)     RECIP. LATTICE VECTORS COMPON. (A.U.) 
        X            Y            Z              X            Y            Z
   17.4689323  -10.0856928    0.0000000      0.3596777    0.0000000    0.0000000
    0.0000000   20.1713856    0.0000000      0.1798388    0.3114900    0.0000000
    0.0000000    0.0000000   10.8950848      0.0000000    0.0000000    0.5766991

 DISK SPACE FOR EIGENVECTORS (FTN 10)   198894528 REALS

 SYMMETRY ADAPTION OF THE BLOCH FUNCTIONS ENABLED
 TTTTTTTTTTTTTTTTTTTTTTTTTTTTTT gordsh1     TELAPSE        2.01 TCPU        1.06

 MATRIX SIZE: P(G) 8407584, F(G)  954690, P(G) IRR  355889, F(G) IRR   80975
 MAX G-VECTOR INDEX FOR 1- AND 2-ELECTRON INTEGRALS 109

 TTTTTTTTTTTTTTTTTTTTTTTTTTTTTT INPUT       TELAPSE        2.07 TCPU        1.12

 NEIGHBORS OF THE NON-EQUIVALENT ATOMS

 N = NUMBER OF NEIGHBORS AT DISTANCE R
    ATOM  N     R/ANG      R/AU   NEIGHBORS (ATOM LABELS AND CELL INDICES)
   1 C    1     1.4489     2.7380   39 C    0 0 0
   1 C    1     1.5421     2.9141   18 C    0 0 0
   1 C    1     1.5567     2.9416   82 C    0 0 0
   1 C    1     1.5626     2.9530   33 C    0 0 0
   1 C    1     2.3107     4.3666   19 C    0 0 0
   1 C    1     2.3764     4.4908   74 C    0 0 0

  13 C    1     1.4673     2.7728   16 C    0 0 0
  13 C    1     1.5421     2.9141    6 C    0 0 0
  13 C    1     1.6177     3.0569   27 C    0 0 0
  13 C    1     1.6990     3.2106   53 C    0 0 0
  13 C    1     2.3107     4.3666    7 C    0 0 0
  13 C    1     2.4071     4.5488    3 C    0 0 0

  25 C    1     1.5263     2.8843   71 C    0 0 0
  25 C    1     1.5573     2.9429   66 C    0 0 0
  25 C    1     1.5626     2.9530    8 C    0 0 0
  25 C    1     1.6177     3.0569   14 C    0 0 0
  25 C    1     2.3374     4.4171   43 C    0 0 0
  25 C    1     2.4875     4.7007   78 C    0 0 0

  37 C    1     1.3089     2.4735   75 C    0 0 0
  37 C    1     1.4489     2.7380    2 C    0 0 0
  37 C    1     1.5077     2.8492   58 C    0 0 0
  37 C    1     2.3374     4.4171   31 C    0 0 0
  37 C    1     2.3432     4.4281   51 C    0-1 0
  37 C    1     2.3994     4.5342   82 C    0-1 0

  49 C    1     1.4326     2.7072   73 C   -1-1 0
  49 C    1     1.5077     2.8492   46 C    0 0 1
  49 C    1     1.6764     3.1679   55 C   -1-1 1
  49 C    1     1.6990     3.2106   17 C    0 0 0
  49 C    1     2.3252     4.3940   79 C    0 0 1
  49 C    1     2.3432     4.4281   38 C   -1-1 0

  61 C    1     1.3308     2.5148   64 C    0 0 0
  61 C    1     1.5263     2.8843   35 C    0 0 0
  61 C    1     1.5573     2.9429   30 C    0 0-1
  61 C    1     2.4828     4.6918    6 C    0 0-1
  61 C    1     2.4978     4.7202   27 C    0 0 0
  61 C    1     2.5058     4.7353   32 C    0 0 0

  73 C    1     1.3089     2.4735   38 C    0 0 0
  73 C    1     1.4326     2.7072   49 C    1 1 0
  73 C    1     1.5567     2.9416   10 C    0 0 1
  73 C    1     2.3252     4.3940   55 C    0 0 1
  73 C    1     2.3764     4.4908    3 C    0 0 0
  73 C    1     2.3994     4.5342   46 C    1 1 1


 SYMMETRY ALLOWED INTERNAL DEGREE(S) OF FREEDOM:  21
 TTTTTTTTTTTTTTTTTTTTTTTTTTTTTT SYMM        TELAPSE        2.16 TCPU        1.18
 TTTTTTTTTTTTTTTTTTTTTTTTTTTTTT INT_SCREEN  TELAPSE        2.20 TCPU        1.23

 DFT PARAMETERS

     ATOM       ELECTRONS   NET CHARGE   R(ANGSTROM)
   1   6  C       6.0000      0.0000     0.77000000

 SIZE OF GRID=     193339
 TTTTTTTTTTTTTTTTTTTTTTTTTTTTTT MAKE_GRID2  TELAPSE        2.88 TCPU        1.91
 BECKE WEIGHT FUNCTION
 RADSAFE =     2.00
 TOLERANCES - DENSITY:10**- 6; POTENTIAL:10**- 9; GRID WGT:10**-14

 RADIAL INTEGRATION  - INTERVALS (POINTS,UPPER LIMIT):            1( 75,  4.0*R)

 ANGULAR INTEGRATION - INTERVALS (ACCURACY LEVEL [N. POINTS] UPPER LIMIT):
  1(  4[  86]   0.2)  2(  8[ 194]   0.5)  3( 12[ 350]   0.9)  4( 16[ 974]   3.5)
  5( 12[ 350]9999.0)
 TTTTTTTTTTTTTTTTTTTTTTTTTTTTTT INT_CALC    TELAPSE        2.91 TCPU        1.94
 EEEEEEEEEE INT_CALC TERMINATION  DATE 30 01 2026 TIME 22:14:28.1

 *******************************************************************************
 ./3^3,4^4T1-CA_rev1_sp_B3LYP-D3-D3_optimized                                    
 CRYSTAL - SCF - TYPE OF CALCULATION :  UNRESTRICTED OPEN SHELL
 *******************************************************************************

 CAPPA:IS1  7;IS2  7;IS3  7; K PTS MONK NET  44; SYMMOPS:K SPACE  12;G SPACE  12

 TTTTTTTTTTTTTTTTTTTTTTTTTTTTTT SDIK        TELAPSE       15.71 TCPU       14.73

 AAAAAAAAAAAAAAAAAAAAAAAAAAAAAAAAAAAAAAAAAAAAAAAAAAAAAAAAAAAAAAAAAAAAAAAAAAAAAAA
         ATOMIC WAVEFUNCTION(S)


 NUCLEAR CHARGE  6.0  SYMMETRY SPECIES            S    P
 N. ELECTRONS    6.0  NUMBER OF PRIMITIVE GTOS   10    6
                      NUMBER OF CONTRACTED GTOS   4    3
                      NUMBER OF CLOSED SHELLS     2    0
                      OPEN SHELL OCCUPATION       0    2

  ZNUC  SCFIT    TOTAL HF ENERGY   KINETIC ENERGY   VIRIAL THEOREM ACCURACY
   6.0    10    -3.766702350E+01  3.783137943E+01 -1.995655566E+00  1.6E-06

 AAAAAAAAAAAAAAAAAAAAAAAAAAAAAAAAAAAAAAAAAAAAAAAAAAAAAAAAAAAAAAAAAAAAAAAAAAAAAAA

 CHARGE NORMALIZATION FACTOR   1.00000000
 TOTAL ATOMIC CHARGES:
   6.0000000   6.0000000   6.0000000   6.0000000   6.0000000   6.0000000
   6.0000000   6.0000000   6.0000000   6.0000000   6.0000000   6.0000000
   6.0000000   6.0000000   6.0000000   6.0000000   6.0000000   6.0000000
   6.0000000   6.0000000   6.0000000   6.0000000   6.0000000   6.0000000
   6.0000000   6.0000000   6.0000000   6.0000000   6.0000000   6.0000000
   6.0000000   6.0000000   6.0000000   6.0000000   6.0000000   6.0000000
   6.0000000   6.0000000   6.0000000   6.0000000   6.0000000   6.0000000
   6.0000000   6.0000000   6.0000000   6.0000000   6.0000000   6.0000000
   6.0000000   6.0000000   6.0000000   6.0000000   6.0000000   6.0000000
   6.0000000   6.0000000   6.0000000   6.0000000   6.0000000   6.0000000
   6.0000000   6.0000000   6.0000000   6.0000000   6.0000000   6.0000000
   6.0000000   6.0000000   6.0000000   6.0000000   6.0000000   6.0000000
   6.0000000   6.0000000   6.0000000   6.0000000   6.0000000   6.0000000
   6.0000000   6.0000000   6.0000000   6.0000000   6.0000000   6.0000000
 SUMMED SPIN DENSITY           0.00000000
 TOTAL ATOMIC SPINS  :
   0.0000000   0.0000000   0.0000000   0.0000000   0.0000000   0.0000000
   0.0000000   0.0000000   0.0000000   0.0000000   0.0000000   0.0000000
   0.0000000   0.0000000   0.0000000   0.0000000   0.0000000   0.0000000
   0.0000000   0.0000000   0.0000000   0.0000000   0.0000000   0.0000000
   0.0000000   0.0000000   0.0000000   0.0000000   0.0000000   0.0000000
   0.0000000   0.0000000   0.0000000   0.0000000   0.0000000   0.0000000
   0.0000000   0.0000000   0.0000000   0.0000000   0.0000000   0.0000000
   0.0000000   0.0000000   0.0000000   0.0000000   0.0000000   0.0000000
   0.0000000   0.0000000   0.0000000   0.0000000   0.0000000   0.0000000
   0.0000000   0.0000000   0.0000000   0.0000000   0.0000000   0.0000000
   0.0000000   0.0000000   0.0000000   0.0000000   0.0000000   0.0000000
   0.0000000   0.0000000   0.0000000   0.0000000   0.0000000   0.0000000
   0.0000000   0.0000000   0.0000000   0.0000000   0.0000000   0.0000000
   0.0000000   0.0000000   0.0000000   0.0000000   0.0000000   0.0000000
 TTTTTTTTTTTTTTTTTTTTTTTTTTTTTT MOQGAD      TELAPSE       15.77 TCPU       14.80
 TTTTTTTTTTTTTTTTTTTTTTTTTTTTTT SHELLXN     TELAPSE      117.25 TCPU      116.26
 TTTTTTTTTTTTTTTTTTTTTTTTTTTTTT MONMO3      TELAPSE      117.62 TCPU      116.63
 NUMERICALLY INTEGRATED DENSITY    252.0001597458    252.0001597458
 TTTTTTTTTTTTTTTTTTTTTTTTTTTTTT NUMDFT      TELAPSE      119.94 TCPU      118.95
 CYC   0 ETOT(AU) -3.224373372593E+03 DETOT -3.22E+03 tst  0.00E+00 PX  1.00E+00
 TTTTTTTTTTTTTTTTTTTTTTTTTTTTTT DIIS        TELAPSE      120.57 TCPU      119.45
 TTTTTTTTTTTTTTTTTTTTTTTTTTTTTT FDIK        TELAPSE      401.96 TCPU      400.73

    ALPHA      ELECTRONS
 INSULATING STATE
 TOP OF VALENCE BANDS -    BAND    252; K   21; EIG -2.0656600E-01 AU
 TOP OF VALENCE BANDS -    BAND    252; K    1; EIG -2.1131946E-01 AU
 BOTTOM OF VIRTUAL BANDS - BAND    253; K    1; EIG -1.2838510E-01 AU
 INDIRECT ENERGY BAND GAP:   2.1274 eV

    BETA       ELECTRONS
 INSULATING STATE
 TOP OF VALENCE BANDS -    BAND    252; K   21; EIG -2.0656600E-01 AU
 TOP OF VALENCE BANDS -    BAND    252; K    1; EIG -2.1131946E-01 AU
 BOTTOM OF VIRTUAL BANDS - BAND    253; K    1; EIG -1.2838510E-01 AU
 INDIRECT ENERGY BAND GAP:   2.1274 eV
 TTTTTTTTTTTTTTTTTTTTTTTTTTTTTT PDIG        TELAPSE      405.88 TCPU      404.54
 CHARGE NORMALIZATION FACTOR   1.00000000
 TOTAL ATOMIC CHARGES:
   6.0071877   6.0071877   6.0071877   6.0071877   6.0071877   6.0071877
   6.0071877   6.0071877   6.0071877   6.0071877   6.0071877   6.0071877
   5.9330753   5.9330753   5.9330753   5.9330753   5.9330753   5.9330753
   5.9330753   5.9330753   5.9330753   5.9330753   5.9330753   5.9330753
   5.9646188   5.9646188   5.9646188   5.9646188   5.9646188   5.9646188
   5.9646188   5.9646188   5.9646188   5.9646188   5.9646188   5.9646188
   6.1057126   6.1057126   6.1057126   6.1057126   6.1057126   6.1057126
   6.1057126   6.1057126   6.1057126   6.1057126   6.1057126   6.1057126
   5.9229738   5.9229738   5.9229738   5.9229738   5.9229738   5.9229738
   5.9229738   5.9229738   5.9229738   5.9229738   5.9229738   5.9229738
   6.0291179   6.0291179   6.0291179   6.0291179   6.0291179   6.0291179
   6.0291179   6.0291179   6.0291179   6.0291179   6.0291179   6.0291179
   6.0373140   6.0373140   6.0373140   6.0373140   6.0373140   6.0373140
   6.0373140   6.0373140   6.0373140   6.0373140   6.0373140   6.0373140
 SUMMED SPIN DENSITY          -0.00000000
 TOTAL ATOMIC SPINS  :
   0.0000000   0.0000000   0.0000000   0.0000000   0.0000000   0.0000000
   0.0000000   0.0000000   0.0000000   0.0000000   0.0000000   0.0000000
  -0.0000000  -0.0000000  -0.0000000  -0.0000000  -0.0000000  -0.0000000
  -0.0000000  -0.0000000  -0.0000000  -0.0000000  -0.0000000  -0.0000000
  -0.0000000  -0.0000000  -0.0000000  -0.0000000  -0.0000000  -0.0000000
  -0.0000000  -0.0000000  -0.0000000  -0.0000000  -0.0000000  -0.0000000
  -0.0000000  -0.0000000  -0.0000000  -0.0000000  -0.0000000  -0.0000000
  -0.0000000  -0.0000000  -0.0000000  -0.0000000  -0.0000000  -0.0000000
   0.0000000   0.0000000   0.0000000   0.0000000   0.0000000   0.0000000
   0.0000000   0.0000000   0.0000000   0.0000000   0.0000000   0.0000000
   0.0000000   0.0000000   0.0000000   0.0000000   0.0000000   0.0000000
   0.0000000   0.0000000   0.0000000   0.0000000   0.0000000   0.0000000
  -0.0000000  -0.0000000  -0.0000000  -0.0000000  -0.0000000  -0.0000000
  -0.0000000  -0.0000000  -0.0000000  -0.0000000  -0.0000000  -0.0000000
 TTTTTTTTTTTTTTTTTTTTTTTTTTTTTT MOQGAD      TELAPSE      405.91 TCPU      404.58
 TTTTTTTTTTTTTTTTTTTTTTTTTTTTTT SHELLXN     TELAPSE      512.76 TCPU      511.41
 TTTTTTTTTTTTTTTTTTTTTTTTTTTTTT MONMO3      TELAPSE      513.13 TCPU      511.78
 NUMERICALLY INTEGRATED DENSITY    252.0001133570    252.0001133570
 TTTTTTTTTTTTTTTTTTTTTTTTTTTTTT NUMDFT      TELAPSE      515.28 TCPU      513.93
 CYC   1 ETOT(AU) -3.198383848157E+03 DETOT  2.60E+01 tst  0.00E+00 PX  1.00E+00
 TTTTTTTTTTTTTTTTTTTTTTTTTTTTTT DIIS        TELAPSE      515.84 TCPU      514.49
 DIIS TEST: 0.65541E+01 AT SCF   CYCLE   1 - MIX   30 %
 TTTTTTTTTTTTTTTTTTTTTTTTTTTTTT FDIK        TELAPSE      592.79 TCPU      591.43

    ALPHA      ELECTRONS
 INSULATING STATE
 TOP OF VALENCE BANDS -    BAND    252; K   22; EIG -1.2603614E-01 AU
 TOP OF VALENCE BANDS -    BAND    252; K    1; EIG -1.3014441E-01 AU
 BOTTOM OF VIRTUAL BANDS - BAND    253; K    1; EIG -2.7679696E-02 AU
 INDIRECT ENERGY BAND GAP:   2.6764 eV

    BETA       ELECTRONS
 INSULATING STATE
 TOP OF VALENCE BANDS -    BAND    252; K   22; EIG -1.2603614E-01 AU
 TOP OF VALENCE BANDS -    BAND    252; K    1; EIG -1.3014441E-01 AU
 BOTTOM OF VIRTUAL BANDS - BAND    253; K    1; EIG -2.7679696E-02 AU
 INDIRECT ENERGY BAND GAP:   2.6764 eV
 TTTTTTTTTTTTTTTTTTTTTTTTTTTTTT PDIG        TELAPSE      596.50 TCPU      595.13
 CHARGE NORMALIZATION FACTOR   1.00000000
 TOTAL ATOMIC CHARGES:
   6.0461924   6.0461924   6.0461924   6.0461924   6.0461924   6.0461924
   6.0461924   6.0461924   6.0461924   6.0461924   6.0461924   6.0461924
   6.0380550   6.0380550   6.0380550   6.0380550   6.0380550   6.0380550
   6.0380550   6.0380550   6.0380550   6.0380550   6.0380550   6.0380550
   6.0915160   6.0915160   6.0915160   6.0915160   6.0915160   6.0915160
   6.0915160   6.0915160   6.0915160   6.0915160   6.0915160   6.0915160
   5.8946161   5.8946161   5.8946161   5.8946161   5.8946161   5.8946161
   5.8946161   5.8946161   5.8946161   5.8946161   5.8946161   5.8946161
   6.0683674   6.0683674   6.0683674   6.0683674   6.0683674   6.0683674
   6.0683674   6.0683674   6.0683674   6.0683674   6.0683674   6.0683674
   5.9385861   5.9385861   5.9385861   5.9385861   5.9385861   5.9385861
   5.9385861   5.9385861   5.9385861   5.9385861   5.9385861   5.9385861
   5.9226670   5.9226670   5.9226670   5.9226670   5.9226670   5.9226670
   5.9226670   5.9226670   5.9226670   5.9226670   5.9226670   5.9226670
 SUMMED SPIN DENSITY          -0.00000000
 TOTAL ATOMIC SPINS  :
   0.0000000   0.0000000   0.0000000   0.0000000   0.0000000   0.0000000
   0.0000000   0.0000000   0.0000000   0.0000000   0.0000000   0.0000000
   0.0000000   0.0000000   0.0000000   0.0000000   0.0000000   0.0000000
   0.0000000   0.0000000   0.0000000   0.0000000   0.0000000   0.0000000
   0.0000000   0.0000000   0.0000000   0.0000000   0.0000000   0.0000000
   0.0000000   0.0000000   0.0000000   0.0000000   0.0000000   0.0000000
  -0.0000000  -0.0000000  -0.0000000  -0.0000000  -0.0000000  -0.0000000
  -0.0000000  -0.0000000  -0.0000000  -0.0000000  -0.0000000  -0.0000000
  -0.0000000  -0.0000000  -0.0000000  -0.0000000  -0.0000000  -0.0000000
  -0.0000000  -0.0000000  -0.0000000  -0.0000000  -0.0000000  -0.0000000
  -0.0000000  -0.0000000  -0.0000000  -0.0000000  -0.0000000  -0.0000000
  -0.0000000  -0.0000000  -0.0000000  -0.0000000  -0.0000000  -0.0000000
   0.0000000   0.0000000   0.0000000   0.0000000   0.0000000   0.0000000
   0.0000000   0.0000000   0.0000000   0.0000000   0.0000000   0.0000000
 TTTTTTTTTTTTTTTTTTTTTTTTTTTTTT MOQGAD      TELAPSE      596.53 TCPU      595.16
 TTTTTTTTTTTTTTTTTTTTTTTTTTTTTT SHELLXN     TELAPSE      703.32 TCPU      701.93
 TTTTTTTTTTTTTTTTTTTTTTTTTTTTTT MONMO3      TELAPSE      703.69 TCPU      702.30
 NUMERICALLY INTEGRATED DENSITY    252.0001256777    252.0001256777
 TTTTTTTTTTTTTTTTTTTTTTTTTTTTTT NUMDFT      TELAPSE      705.85 TCPU      704.47
 CYC   2 ETOT(AU) -3.198622584011E+03 DETOT -2.39E-01 tst  6.09E-04 PX  9.62E-02
 TTTTTTTTTTTTTTTTTTTTTTTTTTTTTT DIIS        TELAPSE      706.41 TCPU      704.97
 DIIS TEST: 0.22105E+01 AT SCF   CYCLE   2 - DIIS ACTIVE - HISTORY:     2 CYCLES
 TTTTTTTTTTTTTTTTTTTTTTTTTTTTTT FDIK        TELAPSE      778.35 TCPU      776.82

    ALPHA      ELECTRONS
 INSULATING STATE
 TOP OF VALENCE BANDS -    BAND    252; K   21; EIG -1.2191163E-01 AU
 TOP OF VALENCE BANDS -    BAND    252; K    1; EIG -1.2572497E-01 AU
 BOTTOM OF VIRTUAL BANDS - BAND    253; K    1; EIG -1.8550212E-02 AU
 INDIRECT ENERGY BAND GAP:   2.8126 eV

    BETA       ELECTRONS
 INSULATING STATE
 TOP OF VALENCE BANDS -    BAND    252; K   21; EIG -1.2191163E-01 AU
 TOP OF VALENCE BANDS -    BAND    252; K    1; EIG -1.2572497E-01 AU
 BOTTOM OF VIRTUAL BANDS - BAND    253; K    1; EIG -1.8550212E-02 AU
 INDIRECT ENERGY BAND GAP:   2.8126 eV
 TTTTTTTTTTTTTTTTTTTTTTTTTTTTTT PDIG        TELAPSE      782.10 TCPU      780.47
 CHARGE NORMALIZATION FACTOR   1.00000000
 TOTAL ATOMIC CHARGES:
   6.0402749   6.0402749   6.0402749   6.0402749   6.0402749   6.0402749
   6.0402749   6.0402749   6.0402749   6.0402749   6.0402749   6.0402749
   5.9785641   5.9785641   5.9785641   5.9785641   5.9785641   5.9785641
   5.9785641   5.9785641   5.9785641   5.9785641   5.9785641   5.9785641
   5.9996908   5.9996908   5.9996908   5.9996908   5.9996908   5.9996908
   5.9996908   5.9996908   5.9996908   5.9996908   5.9996908   5.9996908
   6.0133760   6.0133760   6.0133760   6.0133760   6.0133760   6.0133760
   6.0133760   6.0133760   6.0133760   6.0133760   6.0133760   6.0133760
   6.0118038   6.0118038   6.0118038   6.0118038   6.0118038   6.0118038
   6.0118038   6.0118038   6.0118038   6.0118038   6.0118038   6.0118038
   5.9616451   5.9616451   5.9616451   5.9616451   5.9616451   5.9616451
   5.9616451   5.9616451   5.9616451   5.9616451   5.9616451   5.9616451
   5.9946453   5.9946453   5.9946453   5.9946453   5.9946453   5.9946453
   5.9946453   5.9946453   5.9946453   5.9946453   5.9946453   5.9946453
 SUMMED SPIN DENSITY          -0.00000000
 TOTAL ATOMIC SPINS  :
   0.0000000   0.0000000   0.0000000   0.0000000   0.0000000   0.0000000
   0.0000000   0.0000000   0.0000000   0.0000000   0.0000000   0.0000000
   0.0000000   0.0000000   0.0000000   0.0000000   0.0000000   0.0000000
   0.0000000   0.0000000   0.0000000   0.0000000   0.0000000   0.0000000
  -0.0000000  -0.0000000  -0.0000000  -0.0000000  -0.0000000  -0.0000000
  -0.0000000  -0.0000000  -0.0000000  -0.0000000  -0.0000000  -0.0000000
  -0.0000000  -0.0000000  -0.0000000  -0.0000000  -0.0000000  -0.0000000
  -0.0000000  -0.0000000  -0.0000000  -0.0000000  -0.0000000  -0.0000000
  -0.0000000  -0.0000000  -0.0000000  -0.0000000  -0.0000000  -0.0000000
  -0.0000000  -0.0000000  -0.0000000  -0.0000000  -0.0000000  -0.0000000
   0.0000000   0.0000000   0.0000000   0.0000000   0.0000000   0.0000000
   0.0000000   0.0000000   0.0000000   0.0000000   0.0000000   0.0000000
   0.0000000   0.0000000   0.0000000   0.0000000   0.0000000   0.0000000
   0.0000000   0.0000000   0.0000000   0.0000000   0.0000000   0.0000000
 TTTTTTTTTTTTTTTTTTTTTTTTTTTTTT MOQGAD      TELAPSE      782.14 TCPU      780.50
 TTTTTTTTTTTTTTTTTTTTTTTTTTTTTT SHELLXN     TELAPSE      888.94 TCPU      887.29
 TTTTTTTTTTTTTTTTTTTTTTTTTTTTTT MONMO3      TELAPSE      889.31 TCPU      887.66
 NUMERICALLY INTEGRATED DENSITY    252.0001255586    252.0001255586
 TTTTTTTTTTTTTTTTTTTTTTTTTTTTTT NUMDFT      TELAPSE      891.49 TCPU      889.83
 CYC   3 ETOT(AU) -3.198671069774E+03 DETOT -4.85E-02 tst  2.36E-04 PX  3.78E-02
 TTTTTTTTTTTTTTTTTTTTTTTTTTTTTT DIIS        TELAPSE      892.04 TCPU      890.39
 DIIS TEST: 0.95939E+00 AT SCF   CYCLE   3 - DIIS ACTIVE - HISTORY:     3 CYCLES
 TTTTTTTTTTTTTTTTTTTTTTTTTTTTTT FDIK        TELAPSE      959.27 TCPU      957.60

    ALPHA      ELECTRONS
 INSULATING STATE
 TOP OF VALENCE BANDS -    BAND    252; K   21; EIG -1.2019453E-01 AU
 TOP OF VALENCE BANDS -    BAND    252; K    1; EIG -1.2438683E-01 AU
 BOTTOM OF VIRTUAL BANDS - BAND    253; K    1; EIG -1.1254402E-02 AU
 INDIRECT ENERGY BAND GAP:   2.9644 eV

    BETA       ELECTRONS
 INSULATING STATE
 TOP OF VALENCE BANDS -    BAND    252; K   21; EIG -1.2019453E-01 AU
 TOP OF VALENCE BANDS -    BAND    252; K    1; EIG -1.2438683E-01 AU
 BOTTOM OF VIRTUAL BANDS - BAND    253; K    1; EIG -1.1254402E-02 AU
 INDIRECT ENERGY BAND GAP:   2.9644 eV
 TTTTTTTTTTTTTTTTTTTTTTTTTTTTTT PDIG        TELAPSE      963.00 TCPU      961.32
 CHARGE NORMALIZATION FACTOR   1.00000000
 TOTAL ATOMIC CHARGES:
   6.0226482   6.0226482   6.0226482   6.0226482   6.0226482   6.0226482
   6.0226482   6.0226482   6.0226482   6.0226482   6.0226482   6.0226482
   5.9902772   5.9902772   5.9902772   5.9902772   5.9902772   5.9902772
   5.9902772   5.9902772   5.9902772   5.9902772   5.9902772   5.9902772
   6.0419027   6.0419027   6.0419027   6.0419027   6.0419027   6.0419027
   6.0419027   6.0419027   6.0419027   6.0419027   6.0419027   6.0419027
   5.9984206   5.9984206   5.9984206   5.9984206   5.9984206   5.9984206
   5.9984206   5.9984206   5.9984206   5.9984206   5.9984206   5.9984206
   5.9937214   5.9937214   5.9937214   5.9937214   5.9937214   5.9937214
   5.9937214   5.9937214   5.9937214   5.9937214   5.9937214   5.9937214
   5.9917529   5.9917529   5.9917529   5.9917529   5.9917529   5.9917529
   5.9917529   5.9917529   5.9917529   5.9917529   5.9917529   5.9917529
   5.9612770   5.9612770   5.9612770   5.9612770   5.9612770   5.9612770
   5.9612770   5.9612770   5.9612770   5.9612770   5.9612770   5.9612770
 SUMMED SPIN DENSITY          -0.00000000
 TOTAL ATOMIC SPINS  :
   0.0000000   0.0000000   0.0000000   0.0000000   0.0000000   0.0000000
   0.0000000   0.0000000   0.0000000   0.0000000   0.0000000   0.0000000
   0.0000000   0.0000000   0.0000000   0.0000000   0.0000000   0.0000000
   0.0000000   0.0000000   0.0000000   0.0000000   0.0000000   0.0000000
  -0.0000000  -0.0000000  -0.0000000  -0.0000000  -0.0000000  -0.0000000
  -0.0000000  -0.0000000  -0.0000000  -0.0000000  -0.0000000  -0.0000000
  -0.0000000  -0.0000000  -0.0000000  -0.0000000  -0.0000000  -0.0000000
  -0.0000000  -0.0000000  -0.0000000  -0.0000000  -0.0000000  -0.0000000
  -0.0000000  -0.0000000  -0.0000000  -0.0000000  -0.0000000  -0.0000000
  -0.0000000  -0.0000000  -0.0000000  -0.0000000  -0.0000000  -0.0000000
   0.0000000   0.0000000   0.0000000   0.0000000   0.0000000   0.0000000
   0.0000000   0.0000000   0.0000000   0.0000000   0.0000000   0.0000000
   0.0000000   0.0000000   0.0000000   0.0000000   0.0000000   0.0000000
   0.0000000   0.0000000   0.0000000   0.0000000   0.0000000   0.0000000
 TTTTTTTTTTTTTTTTTTTTTTTTTTTTTT MOQGAD      TELAPSE      963.03 TCPU      961.36
 TTTTTTTTTTTTTTTTTTTTTTTTTTTTTT SHELLXN     TELAPSE     1069.83 TCPU     1068.14
 TTTTTTTTTTTTTTTTTTTTTTTTTTTTTT MONMO3      TELAPSE     1070.20 TCPU     1068.51
 NUMERICALLY INTEGRATED DENSITY    252.0001252142    252.0001252142
 TTTTTTTTTTTTTTTTTTTTTTTTTTTTTT NUMDFT      TELAPSE     1072.36 TCPU     1070.67
 CYC   4 ETOT(AU) -3.198690062200E+03 DETOT -1.90E-02 tst  1.13E-04 PX  2.19E-02
 TTTTTTTTTTTTTTTTTTTTTTTTTTTTTT DIIS        TELAPSE     1072.94 TCPU     1071.25
 DIIS TEST: 0.29121E+00 AT SCF   CYCLE   4 - DIIS ACTIVE - HISTORY:     4 CYCLES
 TTTTTTTTTTTTTTTTTTTTTTTTTTTTTT FDIK        TELAPSE     1137.91 TCPU     1136.22

    ALPHA      ELECTRONS
 INSULATING STATE
 TOP OF VALENCE BANDS -    BAND    252; K   21; EIG -1.2414734E-01 AU
 TOP OF VALENCE BANDS -    BAND    252; K    1; EIG -1.2810541E-01 AU
 BOTTOM OF VIRTUAL BANDS - BAND    253; K    1; EIG -1.4819935E-02 AU
 INDIRECT ENERGY BAND GAP:   2.9750 eV

    BETA       ELECTRONS
 INSULATING STATE
 TOP OF VALENCE BANDS -    BAND    252; K   21; EIG -1.2414734E-01 AU
 TOP OF VALENCE BANDS -    BAND    252; K    1; EIG -1.2810541E-01 AU
 BOTTOM OF VIRTUAL BANDS - BAND    253; K    1; EIG -1.4819935E-02 AU
 INDIRECT ENERGY BAND GAP:   2.9750 eV
 TTTTTTTTTTTTTTTTTTTTTTTTTTTTTT PDIG        TELAPSE     1141.64 TCPU     1139.94
 CHARGE NORMALIZATION FACTOR   1.00000000
 TOTAL ATOMIC CHARGES:
   6.0311214   6.0311214   6.0311214   6.0311214   6.0311214   6.0311214
   6.0311214   6.0311214   6.0311214   6.0311214   6.0311214   6.0311214
   5.9992781   5.9992781   5.9992781   5.9992781   5.9992781   5.9992781
   5.9992781   5.9992781   5.9992781   5.9992781   5.9992781   5.9992781
   6.0278090   6.0278090   6.0278090   6.0278090   6.0278090   6.0278090
   6.0278090   6.0278090   6.0278090   6.0278090   6.0278090   6.0278090
   5.9792471   5.9792471   5.9792471   5.9792471   5.9792471   5.9792471
   5.9792471   5.9792471   5.9792471   5.9792471   5.9792471   5.9792471
   6.0205634   6.0205634   6.0205634   6.0205634   6.0205634   6.0205634
   6.0205634   6.0205634   6.0205634   6.0205634   6.0205634   6.0205634
   5.9684101   5.9684101   5.9684101   5.9684101   5.9684101   5.9684101
   5.9684101   5.9684101   5.9684101   5.9684101   5.9684101   5.9684101
   5.9735709   5.9735709   5.9735709   5.9735709   5.9735709   5.9735709
   5.9735709   5.9735709   5.9735709   5.9735709   5.9735709   5.9735709
 SUMMED SPIN DENSITY          -0.00000000
 TOTAL ATOMIC SPINS  :
   0.0000000   0.0000000   0.0000000   0.0000000   0.0000000   0.0000000
   0.0000000   0.0000000   0.0000000   0.0000000   0.0000000   0.0000000
   0.0000000   0.0000000   0.0000000   0.0000000   0.0000000   0.0000000
   0.0000000   0.0000000   0.0000000   0.0000000   0.0000000   0.0000000
  -0.0000000  -0.0000000  -0.0000000  -0.0000000  -0.0000000  -0.0000000
  -0.0000000  -0.0000000  -0.0000000  -0.0000000  -0.0000000  -0.0000000
  -0.0000000  -0.0000000  -0.0000000  -0.0000000  -0.0000000  -0.0000000
  -0.0000000  -0.0000000  -0.0000000  -0.0000000  -0.0000000  -0.0000000
   0.0000000   0.0000000   0.0000000   0.0000000   0.0000000   0.0000000
   0.0000000   0.0000000   0.0000000   0.0000000   0.0000000   0.0000000
   0.0000000   0.0000000   0.0000000   0.0000000   0.0000000   0.0000000
   0.0000000   0.0000000   0.0000000   0.0000000   0.0000000   0.0000000
   0.0000000   0.0000000   0.0000000   0.0000000   0.0000000   0.0000000
   0.0000000   0.0000000   0.0000000   0.0000000   0.0000000   0.0000000
 TTTTTTTTTTTTTTTTTTTTTTTTTTTTTT MOQGAD      TELAPSE     1141.67 TCPU     1139.97
 TTTTTTTTTTTTTTTTTTTTTTTTTTTTTT SHELLXN     TELAPSE     1248.51 TCPU     1246.80
 TTTTTTTTTTTTTTTTTTTTTTTTTTTTTT MONMO3      TELAPSE     1248.88 TCPU     1247.17
 NUMERICALLY INTEGRATED DENSITY    252.0001247876    252.0001247876
 TTTTTTTTTTTTTTTTTTTTTTTTTTTTTT NUMDFT      TELAPSE     1251.05 TCPU     1249.33
 CYC   5 ETOT(AU) -3.198698025483E+03 DETOT -7.96E-03 tst  2.04E-05 PX  1.08E-02
 TTTTTTTTTTTTTTTTTTTTTTTTTTTTTT DIIS        TELAPSE     1251.61 TCPU     1249.89
 DIIS TEST: 0.21103E-01 AT SCF   CYCLE   5 - DIIS ACTIVE - HISTORY:     5 CYCLES
 TTTTTTTTTTTTTTTTTTTTTTTTTTTTTT FDIK        TELAPSE     1328.80 TCPU     1327.00

    ALPHA      ELECTRONS
 INSULATING STATE
 TOP OF VALENCE BANDS -    BAND    252; K   21; EIG -1.2339751E-01 AU
 TOP OF VALENCE BANDS -    BAND    252; K    1; EIG -1.2728513E-01 AU
 BOTTOM OF VIRTUAL BANDS - BAND    253; K    1; EIG -1.4358092E-02 AU
 INDIRECT ENERGY BAND GAP:   2.9671 eV

    BETA       ELECTRONS
 INSULATING STATE
 TOP OF VALENCE BANDS -    BAND    252; K   21; EIG -1.2339751E-01 AU
 TOP OF VALENCE BANDS -    BAND    252; K    1; EIG -1.2728513E-01 AU
 BOTTOM OF VIRTUAL BANDS - BAND    253; K    1; EIG -1.4358092E-02 AU
 INDIRECT ENERGY BAND GAP:   2.9671 eV
 TTTTTTTTTTTTTTTTTTTTTTTTTTTTTT PDIG        TELAPSE     1332.53 TCPU     1330.73
 CHARGE NORMALIZATION FACTOR   1.00000000
 TOTAL ATOMIC CHARGES:
   6.0337933   6.0337933   6.0337933   6.0337933   6.0337933   6.0337933
   6.0337933   6.0337933   6.0337933   6.0337933   6.0337933   6.0337933
   5.9963419   5.9963419   5.9963419   5.9963419   5.9963419   5.9963419
   5.9963419   5.9963419   5.9963419   5.9963419   5.9963419   5.9963419
   6.0339551   6.0339551   6.0339551   6.0339551   6.0339551   6.0339551
   6.0339551   6.0339551   6.0339551   6.0339551   6.0339551   6.0339551
   5.9847780   5.9847780   5.9847780   5.9847780   5.9847780   5.9847780
   5.9847780   5.9847780   5.9847780   5.9847780   5.9847780   5.9847780
   6.0142527   6.0142527   6.0142527   6.0142527   6.0142527   6.0142527
   6.0142527   6.0142527   6.0142527   6.0142527   6.0142527   6.0142527
   5.9694543   5.9694543   5.9694543   5.9694543   5.9694543   5.9694543
   5.9694543   5.9694543   5.9694543   5.9694543   5.9694543   5.9694543
   5.9674246   5.9674246   5.9674246   5.9674246   5.9674246   5.9674246
   5.9674246   5.9674246   5.9674246   5.9674246   5.9674246   5.9674246
 SUMMED SPIN DENSITY          -0.00000000
 TOTAL ATOMIC SPINS  :
  -0.0000000  -0.0000000  -0.0000000  -0.0000000  -0.0000000  -0.0000000
  -0.0000000  -0.0000000  -0.0000000  -0.0000000  -0.0000000  -0.0000000
   0.0000000   0.0000000   0.0000000   0.0000000   0.0000000   0.0000000
   0.0000000   0.0000000   0.0000000   0.0000000   0.0000000   0.0000000
  -0.0000000  -0.0000000  -0.0000000  -0.0000000  -0.0000000  -0.0000000
  -0.0000000  -0.0000000  -0.0000000  -0.0000000  -0.0000000  -0.0000000
  -0.0000000  -0.0000000  -0.0000000  -0.0000000  -0.0000000  -0.0000000
  -0.0000000  -0.0000000  -0.0000000  -0.0000000  -0.0000000  -0.0000000
   0.0000000   0.0000000   0.0000000   0.0000000   0.0000000   0.0000000
   0.0000000   0.0000000   0.0000000   0.0000000   0.0000000   0.0000000
   0.0000000   0.0000000   0.0000000   0.0000000   0.0000000   0.0000000
   0.0000000   0.0000000   0.0000000   0.0000000   0.0000000   0.0000000
   0.0000000   0.0000000   0.0000000   0.0000000   0.0000000   0.0000000
   0.0000000   0.0000000   0.0000000   0.0000000   0.0000000   0.0000000
 TTTTTTTTTTTTTTTTTTTTTTTTTTTTTT MOQGAD      TELAPSE     1332.56 TCPU     1330.76
 TTTTTTTTTTTTTTTTTTTTTTTTTTTTTT SHELLXN     TELAPSE     1439.43 TCPU     1437.61
 TTTTTTTTTTTTTTTTTTTTTTTTTTTTTT MONMO3      TELAPSE     1439.79 TCPU     1437.98
 NUMERICALLY INTEGRATED DENSITY    252.0001248241    252.0001248241
 TTTTTTTTTTTTTTTTTTTTTTTTTTTTTT NUMDFT      TELAPSE     1441.96 TCPU     1440.14
 CYC   6 ETOT(AU) -3.198698723843E+03 DETOT -6.98E-04 tst  1.11E-06 PX  2.63E-03
 TTTTTTTTTTTTTTTTTTTTTTTTTTTTTT DIIS        TELAPSE     1442.50 TCPU     1440.68
 DIIS TEST: 0.16582E-02 AT SCF   CYCLE   6 - DIIS ACTIVE - HISTORY:     6 CYCLES
 TTTTTTTTTTTTTTTTTTTTTTTTTTTTTT FDIK        TELAPSE     1508.28 TCPU     1506.46

    ALPHA      ELECTRONS
 INSULATING STATE
 TOP OF VALENCE BANDS -    BAND    252; K   21; EIG -1.2351522E-01 AU
 TOP OF VALENCE BANDS -    BAND    252; K    1; EIG -1.2747996E-01 AU
 BOTTOM OF VIRTUAL BANDS - BAND    253; K    1; EIG -1.4272987E-02 AU
 INDIRECT ENERGY BAND GAP:   2.9726 eV

    BETA       ELECTRONS
 INSULATING STATE
 TOP OF VALENCE BANDS -    BAND    252; K   21; EIG -1.2351522E-01 AU
 TOP OF VALENCE BANDS -    BAND    252; K    1; EIG -1.2747996E-01 AU
 BOTTOM OF VIRTUAL BANDS - BAND    253; K    1; EIG -1.4272987E-02 AU
 INDIRECT ENERGY BAND GAP:   2.9726 eV
 TTTTTTTTTTTTTTTTTTTTTTTTTTTTTT PDIG        TELAPSE     1512.01 TCPU     1510.18
 CHARGE NORMALIZATION FACTOR   1.00000000
 TOTAL ATOMIC CHARGES:
   6.0302590   6.0302590   6.0302590   6.0302590   6.0302590   6.0302590
   6.0302590   6.0302590   6.0302590   6.0302590   6.0302590   6.0302590
   5.9967192   5.9967192   5.9967192   5.9967192   5.9967192   5.9967192
   5.9967192   5.9967192   5.9967192   5.9967192   5.9967192   5.9967192
   6.0310567   6.0310567   6.0310567   6.0310567   6.0310567   6.0310567
   6.0310567   6.0310567   6.0310567   6.0310567   6.0310567   6.0310567
   5.9835292   5.9835292   5.9835292   5.9835292   5.9835292   5.9835292
   5.9835292   5.9835292   5.9835292   5.9835292   5.9835292   5.9835292
   6.0162126   6.0162126   6.0162126   6.0162126   6.0162126   6.0162126
   6.0162126   6.0162126   6.0162126   6.0162126   6.0162126   6.0162126
   5.9721024   5.9721024   5.9721024   5.9721024   5.9721024   5.9721024
   5.9721024   5.9721024   5.9721024   5.9721024   5.9721024   5.9721024
   5.9701209   5.9701209   5.9701209   5.9701209   5.9701209   5.9701209
   5.9701209   5.9701209   5.9701209   5.9701209   5.9701209   5.9701209
 SUMMED SPIN DENSITY          -0.00000000
 TOTAL ATOMIC SPINS  :
  -0.0000000  -0.0000000  -0.0000000  -0.0000000  -0.0000000  -0.0000000
  -0.0000000  -0.0000000  -0.0000000  -0.0000000  -0.0000000  -0.0000000
   0.0000000   0.0000000   0.0000000   0.0000000   0.0000000   0.0000000
   0.0000000   0.0000000   0.0000000   0.0000000   0.0000000   0.0000000
  -0.0000000  -0.0000000  -0.0000000  -0.0000000  -0.0000000  -0.0000000
  -0.0000000  -0.0000000  -0.0000000  -0.0000000  -0.0000000  -0.0000000
  -0.0000000  -0.0000000  -0.0000000  -0.0000000  -0.0000000  -0.0000000
  -0.0000000  -0.0000000  -0.0000000  -0.0000000  -0.0000000  -0.0000000
   0.0000000   0.0000000   0.0000000   0.0000000   0.0000000   0.0000000
   0.0000000   0.0000000   0.0000000   0.0000000   0.0000000   0.0000000
   0.0000000   0.0000000   0.0000000   0.0000000   0.0000000   0.0000000
   0.0000000   0.0000000   0.0000000   0.0000000   0.0000000   0.0000000
   0.0000000   0.0000000   0.0000000   0.0000000   0.0000000   0.0000000
   0.0000000   0.0000000   0.0000000   0.0000000   0.0000000   0.0000000
 TTTTTTTTTTTTTTTTTTTTTTTTTTTTTT MOQGAD      TELAPSE     1512.05 TCPU     1510.22
 TTTTTTTTTTTTTTTTTTTTTTTTTTTTTT SHELLXN     TELAPSE     1618.86 TCPU     1617.01
 TTTTTTTTTTTTTTTTTTTTTTTTTTTTTT MONMO3      TELAPSE     1619.23 TCPU     1617.38
 NUMERICALLY INTEGRATED DENSITY    252.0001249008    252.0001249008
 TTTTTTTTTTTTTTTTTTTTTTTTTTTTTT NUMDFT      TELAPSE     1621.38 TCPU     1619.54
 CYC   7 ETOT(AU) -3.198698762737E+03 DETOT -3.89E-05 tst  1.32E-07 PX  9.76E-04
 TTTTTTTTTTTTTTTTTTTTTTTTTTTTTT DIIS        TELAPSE     1621.93 TCPU     1620.08
 DIIS TEST: 0.45113E-03 AT SCF   CYCLE   7 - DIIS ACTIVE - HISTORY:     7 CYCLES
 TTTTTTTTTTTTTTTTTTTTTTTTTTTTTT FDIK        TELAPSE     1690.51 TCPU     1688.54

    ALPHA      ELECTRONS
 INSULATING STATE
 TOP OF VALENCE BANDS -    BAND    252; K   21; EIG -1.2352032E-01 AU
 TOP OF VALENCE BANDS -    BAND    252; K    1; EIG -1.2744982E-01 AU
 BOTTOM OF VIRTUAL BANDS - BAND    253; K    1; EIG -1.4348981E-02 AU
 INDIRECT ENERGY BAND GAP:   2.9707 eV

    BETA       ELECTRONS
 INSULATING STATE
 TOP OF VALENCE BANDS -    BAND    252; K   21; EIG -1.2352032E-01 AU
 TOP OF VALENCE BANDS -    BAND    252; K    1; EIG -1.2744982E-01 AU
 BOTTOM OF VIRTUAL BANDS - BAND    253; K    1; EIG -1.4348981E-02 AU
 INDIRECT ENERGY BAND GAP:   2.9707 eV
 TTTTTTTTTTTTTTTTTTTTTTTTTTTTTT PDIG        TELAPSE     1694.23 TCPU     1692.26
 CHARGE NORMALIZATION FACTOR   1.00000000
 TOTAL ATOMIC CHARGES:
   6.0317825   6.0317825   6.0317825   6.0317825   6.0317825   6.0317825
   6.0317825   6.0317825   6.0317825   6.0317825   6.0317825   6.0317825
   5.9968642   5.9968642   5.9968642   5.9968642   5.9968642   5.9968642
   5.9968642   5.9968642   5.9968642   5.9968642   5.9968642   5.9968642
   6.0319334   6.0319334   6.0319334   6.0319334   6.0319334   6.0319334
   6.0319334   6.0319334   6.0319334   6.0319334   6.0319334   6.0319334
   5.9843566   5.9843566   5.9843566   5.9843566   5.9843566   5.9843566
   5.9843566   5.9843566   5.9843566   5.9843566   5.9843566   5.9843566
   6.0148874   6.0148874   6.0148874   6.0148874   6.0148874   6.0148874
   6.0148874   6.0148874   6.0148874   6.0148874   6.0148874   6.0148874
   5.9708552   5.9708552   5.9708552   5.9708552   5.9708552   5.9708552
   5.9708552   5.9708552   5.9708552   5.9708552   5.9708552   5.9708552
   5.9693208   5.9693208   5.9693208   5.9693208   5.9693208   5.9693208
   5.9693208   5.9693208   5.9693208   5.9693208   5.9693208   5.9693208
 SUMMED SPIN DENSITY          -0.00000000
 TOTAL ATOMIC SPINS  :
  -0.0000000  -0.0000000  -0.0000000  -0.0000000  -0.0000000  -0.0000000
  -0.0000000  -0.0000000  -0.0000000  -0.0000000  -0.0000000  -0.0000000
   0.0000000   0.0000000   0.0000000   0.0000000   0.0000000   0.0000000
   0.0000000   0.0000000   0.0000000   0.0000000   0.0000000   0.0000000
  -0.0000000  -0.0000000  -0.0000000  -0.0000000  -0.0000000  -0.0000000
  -0.0000000  -0.0000000  -0.0000000  -0.0000000  -0.0000000  -0.0000000
   0.0000000   0.0000000   0.0000000   0.0000000   0.0000000   0.0000000
   0.0000000   0.0000000   0.0000000   0.0000000   0.0000000   0.0000000
   0.0000000   0.0000000   0.0000000   0.0000000   0.0000000   0.0000000
   0.0000000   0.0000000   0.0000000   0.0000000   0.0000000   0.0000000
   0.0000000   0.0000000   0.0000000   0.0000000   0.0000000   0.0000000
   0.0000000   0.0000000   0.0000000   0.0000000   0.0000000   0.0000000
   0.0000000   0.0000000   0.0000000   0.0000000   0.0000000   0.0000000
   0.0000000   0.0000000   0.0000000   0.0000000   0.0000000   0.0000000
 TTTTTTTTTTTTTTTTTTTTTTTTTTTTTT MOQGAD      TELAPSE     1694.27 TCPU     1692.29
 TTTTTTTTTTTTTTTTTTTTTTTTTTTTTT SHELLXN     TELAPSE     1801.13 TCPU     1799.14
 TTTTTTTTTTTTTTTTTTTTTTTTTTTTTT MONMO3      TELAPSE     1801.50 TCPU     1799.51
 NUMERICALLY INTEGRATED DENSITY    252.0001248928    252.0001248928
 TTTTTTTTTTTTTTTTTTTTTTTTTTTTTT NUMDFT      TELAPSE     1803.65 TCPU     1801.66
 CYC   8 ETOT(AU) -3.198698775147E+03 DETOT -1.24E-05 tst  2.75E-08 PX  3.13E-04
 TTTTTTTTTTTTTTTTTTTTTTTTTTTTTT DIIS        TELAPSE     1804.20 TCPU     1802.21
 DIIS TEST: 0.37294E-04 AT SCF   CYCLE   8 - DIIS ACTIVE - HISTORY:     8 CYCLES
 TTTTTTTTTTTTTTTTTTTTTTTTTTTTTT FDIK        TELAPSE     1879.22 TCPU     1877.22

    ALPHA      ELECTRONS
 INSULATING STATE
 TOP OF VALENCE BANDS -    BAND    252; K   21; EIG -1.2353979E-01 AU
 TOP OF VALENCE BANDS -    BAND    252; K    1; EIG -1.2747382E-01 AU
 BOTTOM OF VIRTUAL BANDS - BAND    253; K    1; EIG -1.4354832E-02 AU
 INDIRECT ENERGY BAND GAP:   2.9711 eV

    BETA       ELECTRONS
 INSULATING STATE
 TOP OF VALENCE BANDS -    BAND    252; K   21; EIG -1.2353979E-01 AU
 TOP OF VALENCE BANDS -    BAND    252; K    1; EIG -1.2747382E-01 AU
 BOTTOM OF VIRTUAL BANDS - BAND    253; K    1; EIG -1.4354832E-02 AU
 INDIRECT ENERGY BAND GAP:   2.9711 eV
 TTTTTTTTTTTTTTTTTTTTTTTTTTTTTT PDIG        TELAPSE     1883.18 TCPU     1881.17
 CHARGE NORMALIZATION FACTOR   1.00000000
 TOTAL ATOMIC CHARGES:
   6.0316187   6.0316187   6.0316187   6.0316187   6.0316187   6.0316187
   6.0316187   6.0316187   6.0316187   6.0316187   6.0316187   6.0316187
   5.9965955   5.9965955   5.9965955   5.9965955   5.9965955   5.9965955
   5.9965955   5.9965955   5.9965955   5.9965955   5.9965955   5.9965955
   6.0319820   6.0319820   6.0319820   6.0319820   6.0319820   6.0319820
   6.0319820   6.0319820   6.0319820   6.0319820   6.0319820   6.0319820
   5.9840774   5.9840774   5.9840774   5.9840774   5.9840774   5.9840774
   5.9840774   5.9840774   5.9840774   5.9840774   5.9840774   5.9840774
   6.0152862   6.0152862   6.0152862   6.0152862   6.0152862   6.0152862
   6.0152862   6.0152862   6.0152862   6.0152862   6.0152862   6.0152862
   5.9709948   5.9709948   5.9709948   5.9709948   5.9709948   5.9709948
   5.9709948   5.9709948   5.9709948   5.9709948   5.9709948   5.9709948
   5.9694455   5.9694455   5.9694455   5.9694455   5.9694455   5.9694455
   5.9694455   5.9694455   5.9694455   5.9694455   5.9694455   5.9694455
 SUMMED SPIN DENSITY          -0.00000000
 TOTAL ATOMIC SPINS  :
   0.0000000   0.0000000   0.0000000   0.0000000   0.0000000   0.0000000
   0.0000000   0.0000000   0.0000000   0.0000000   0.0000000   0.0000000
   0.0000000   0.0000000   0.0000000   0.0000000   0.0000000   0.0000000
   0.0000000   0.0000000   0.0000000   0.0000000   0.0000000   0.0000000
  -0.0000000  -0.0000000  -0.0000000  -0.0000000  -0.0000000  -0.0000000
  -0.0000000  -0.0000000  -0.0000000  -0.0000000  -0.0000000  -0.0000000
  -0.0000000  -0.0000000  -0.0000000  -0.0000000  -0.0000000  -0.0000000
  -0.0000000  -0.0000000  -0.0000000  -0.0000000  -0.0000000  -0.0000000
   0.0000000   0.0000000   0.0000000   0.0000000   0.0000000   0.0000000
   0.0000000   0.0000000   0.0000000   0.0000000   0.0000000   0.0000000
   0.0000000   0.0000000   0.0000000   0.0000000   0.0000000   0.0000000
   0.0000000   0.0000000   0.0000000   0.0000000   0.0000000   0.0000000
   0.0000000   0.0000000   0.0000000   0.0000000   0.0000000   0.0000000
   0.0000000   0.0000000   0.0000000   0.0000000   0.0000000   0.0000000
 TTTTTTTTTTTTTTTTTTTTTTTTTTTTTT MOQGAD      TELAPSE     1883.21 TCPU     1881.20
 TTTTTTTTTTTTTTTTTTTTTTTTTTTTTT SHELLXN     TELAPSE     1990.13 TCPU     1988.11
 TTTTTTTTTTTTTTTTTTTTTTTTTTTTTT MONMO3      TELAPSE     1990.49 TCPU     1988.48
 NUMERICALLY INTEGRATED DENSITY    252.0001248877    252.0001248877
 TTTTTTTTTTTTTTTTTTTTTTTTTTTTTT NUMDFT      TELAPSE     1992.65 TCPU     1990.64
 CYC   9 ETOT(AU) -3.198698777042E+03 DETOT -1.89E-06 tst  1.46E-09 PX  1.39E-04
 TTTTTTTTTTTTTTTTTTTTTTTTTTTTTT DIIS        TELAPSE     1993.21 TCPU     1991.19
 DIIS TEST: 0.17147E-05 AT SCF   CYCLE   9 - DIIS ACTIVE - HISTORY:     9 CYCLES
 TTTTTTTTTTTTTTTTTTTTTTTTTTTTTT FDIK        TELAPSE     2059.73 TCPU     2057.62

    ALPHA      ELECTRONS
 INSULATING STATE
 TOP OF VALENCE BANDS -    BAND    252; K   21; EIG -1.2353565E-01 AU
 TOP OF VALENCE BANDS -    BAND    252; K    1; EIG -1.2746972E-01 AU
 BOTTOM OF VIRTUAL BANDS - BAND    253; K    1; EIG -1.4353036E-02 AU
 INDIRECT ENERGY BAND GAP:   2.9710 eV

    BETA       ELECTRONS
 INSULATING STATE
 TOP OF VALENCE BANDS -    BAND    252; K   21; EIG -1.2353565E-01 AU
 TOP OF VALENCE BANDS -    BAND    252; K    1; EIG -1.2746972E-01 AU
 BOTTOM OF VIRTUAL BANDS - BAND    253; K    1; EIG -1.4353036E-02 AU
 INDIRECT ENERGY BAND GAP:   2.9710 eV
 TTTTTTTTTTTTTTTTTTTTTTTTTTTTTT PDIG        TELAPSE     2063.46 TCPU     2061.35
 CHARGE NORMALIZATION FACTOR   1.00000000
 TOTAL ATOMIC CHARGES:
   6.0315832   6.0315832   6.0315832   6.0315832   6.0315832   6.0315832
   6.0315832   6.0315832   6.0315832   6.0315832   6.0315832   6.0315832
   5.9967701   5.9967701   5.9967701   5.9967701   5.9967701   5.9967701
   5.9967701   5.9967701   5.9967701   5.9967701   5.9967701   5.9967701
   6.0318984   6.0318984   6.0318984   6.0318984   6.0318984   6.0318984
   6.0318984   6.0318984   6.0318984   6.0318984   6.0318984   6.0318984
   5.9841445   5.9841445   5.9841445   5.9841445   5.9841445   5.9841445
   5.9841445   5.9841445   5.9841445   5.9841445   5.9841445   5.9841445
   6.0152182   6.0152182   6.0152182   6.0152182   6.0152182   6.0152182
   6.0152182   6.0152182   6.0152182   6.0152182   6.0152182   6.0152182
   5.9710172   5.9710172   5.9710172   5.9710172   5.9710172   5.9710172
   5.9710172   5.9710172   5.9710172   5.9710172   5.9710172   5.9710172
   5.9693684   5.9693684   5.9693684   5.9693684   5.9693684   5.9693684
   5.9693684   5.9693684   5.9693684   5.9693684   5.9693684   5.9693684
 SUMMED SPIN DENSITY          -0.00000000
 TOTAL ATOMIC SPINS  :
  -0.0000000  -0.0000000  -0.0000000  -0.0000000  -0.0000000  -0.0000000
  -0.0000000  -0.0000000  -0.0000000  -0.0000000  -0.0000000  -0.0000000
   0.0000000   0.0000000   0.0000000   0.0000000   0.0000000   0.0000000
   0.0000000   0.0000000   0.0000000   0.0000000   0.0000000   0.0000000
  -0.0000000  -0.0000000  -0.0000000  -0.0000000  -0.0000000  -0.0000000
  -0.0000000  -0.0000000  -0.0000000  -0.0000000  -0.0000000  -0.0000000
  -0.0000000  -0.0000000  -0.0000000  -0.0000000  -0.0000000  -0.0000000
  -0.0000000  -0.0000000  -0.0000000  -0.0000000  -0.0000000  -0.0000000
  -0.0000000  -0.0000000  -0.0000000  -0.0000000  -0.0000000  -0.0000000
  -0.0000000  -0.0000000  -0.0000000  -0.0000000  -0.0000000  -0.0000000
   0.0000000   0.0000000   0.0000000   0.0000000   0.0000000   0.0000000
   0.0000000   0.0000000   0.0000000   0.0000000   0.0000000   0.0000000
   0.0000000   0.0000000   0.0000000   0.0000000   0.0000000   0.0000000
   0.0000000   0.0000000   0.0000000   0.0000000   0.0000000   0.0000000
 TTTTTTTTTTTTTTTTTTTTTTTTTTTTTT MOQGAD      TELAPSE     2063.50 TCPU     2061.38
 TTTTTTTTTTTTTTTTTTTTTTTTTTTTTT SHELLXN     TELAPSE     2170.33 TCPU     2168.20
 TTTTTTTTTTTTTTTTTTTTTTTTTTTTTT MONMO3      TELAPSE     2170.70 TCPU     2168.57
 NUMERICALLY INTEGRATED DENSITY    252.0001248879    252.0001248879
 TTTTTTTTTTTTTTTTTTTTTTTTTTTTTT NUMDFT      TELAPSE     2172.86 TCPU     2170.73
 CYC  10 ETOT(AU) -3.198698777085E+03 DETOT -4.33E-08 tst  1.45E-10 PX  3.70E-05
 TTTTTTTTTTTTTTTTTTTTTTTTTTTTTT DIIS        TELAPSE     2173.41 TCPU     2171.28
 DIIS TEST: 0.26821E-06 AT SCF   CYCLE  10 - DIIS ACTIVE - HISTORY:    10 CYCLES
 TTTTTTTTTTTTTTTTTTTTTTTTTTTTTT FDIK        TELAPSE     2247.75 TCPU     2245.54

    ALPHA      ELECTRONS
 INSULATING STATE
 TOP OF VALENCE BANDS -    BAND    252; K   21; EIG -1.2353754E-01 AU
 TOP OF VALENCE BANDS -    BAND    252; K    1; EIG -1.2747161E-01 AU
 BOTTOM OF VIRTUAL BANDS - BAND    253; K    1; EIG -1.4354196E-02 AU
 INDIRECT ENERGY BAND GAP:   2.9710 eV

    BETA       ELECTRONS
 INSULATING STATE
 TOP OF VALENCE BANDS -    BAND    252; K   21; EIG -1.2353754E-01 AU
 TOP OF VALENCE BANDS -    BAND    252; K    1; EIG -1.2747161E-01 AU
 BOTTOM OF VIRTUAL BANDS - BAND    253; K    1; EIG -1.4354196E-02 AU
 INDIRECT ENERGY BAND GAP:   2.9710 eV
 TTTTTTTTTTTTTTTTTTTTTTTTTTTTTT PDIG        TELAPSE     2251.47 TCPU     2249.25
 CHARGE NORMALIZATION FACTOR   1.00000000
 TOTAL ATOMIC CHARGES:
   6.0315917   6.0315917   6.0315917   6.0315917   6.0315917   6.0315917
   6.0315917   6.0315917   6.0315917   6.0315917   6.0315917   6.0315917
   5.9967149   5.9967149   5.9967149   5.9967149   5.9967149   5.9967149
   5.9967149   5.9967149   5.9967149   5.9967149   5.9967149   5.9967149
   6.0319300   6.0319300   6.0319300   6.0319300   6.0319300   6.0319300
   6.0319300   6.0319300   6.0319300   6.0319300   6.0319300   6.0319300
   5.9841240   5.9841240   5.9841240   5.9841240   5.9841240   5.9841240
   5.9841240   5.9841240   5.9841240   5.9841240   5.9841240   5.9841240
   6.0152329   6.0152329   6.0152329   6.0152329   6.0152329   6.0152329
   6.0152329   6.0152329   6.0152329   6.0152329   6.0152329   6.0152329
   5.9710129   5.9710129   5.9710129   5.9710129   5.9710129   5.9710129
   5.9710129   5.9710129   5.9710129   5.9710129   5.9710129   5.9710129
   5.9693936   5.9693936   5.9693936   5.9693936   5.9693936   5.9693936
   5.9693936   5.9693936   5.9693936   5.9693936   5.9693936   5.9693936
 SUMMED SPIN DENSITY          -0.00000000
 TOTAL ATOMIC SPINS  :
  -0.0000000  -0.0000000  -0.0000000  -0.0000000  -0.0000000  -0.0000000
  -0.0000000  -0.0000000  -0.0000000  -0.0000000  -0.0000000  -0.0000000
  -0.0000000  -0.0000000  -0.0000000  -0.0000000  -0.0000000  -0.0000000
  -0.0000000  -0.0000000  -0.0000000  -0.0000000  -0.0000000  -0.0000000
   0.0000000   0.0000000   0.0000000   0.0000000   0.0000000   0.0000000
   0.0000000   0.0000000   0.0000000   0.0000000   0.0000000   0.0000000
   0.0000000   0.0000000   0.0000000   0.0000000   0.0000000   0.0000000
   0.0000000   0.0000000   0.0000000   0.0000000   0.0000000   0.0000000
  -0.0000000  -0.0000000  -0.0000000  -0.0000000  -0.0000000  -0.0000000
  -0.0000000  -0.0000000  -0.0000000  -0.0000000  -0.0000000  -0.0000000
   0.0000000   0.0000000   0.0000000   0.0000000   0.0000000   0.0000000
   0.0000000   0.0000000   0.0000000   0.0000000   0.0000000   0.0000000
   0.0000000   0.0000000   0.0000000   0.0000000   0.0000000   0.0000000
   0.0000000   0.0000000   0.0000000   0.0000000   0.0000000   0.0000000
 TTTTTTTTTTTTTTTTTTTTTTTTTTTTTT MOQGAD      TELAPSE     2251.51 TCPU     2249.29
 TTTTTTTTTTTTTTTTTTTTTTTTTTTTTT SHELLXN     TELAPSE     2358.36 TCPU     2356.12
 TTTTTTTTTTTTTTTTTTTTTTTTTTTTTT MONMO3      TELAPSE     2358.72 TCPU     2356.49
 NUMERICALLY INTEGRATED DENSITY    252.0001248880    252.0001248880
 TTTTTTTTTTTTTTTTTTTTTTTTTTTTTT NUMDFT      TELAPSE     2360.88 TCPU     2358.65
 CYC  11 ETOT(AU) -3.198698777086E+03 DETOT -1.12E-09 tst  1.34E-11 PX  9.67E-06
 TTTTTTTTTTTTTTTTTTTTTTTTTTTTTT DIIS        TELAPSE     2361.43 TCPU     2359.20
 DIIS TEST: 0.40044E-08 AT SCF   CYCLE  11 - DIIS ACTIVE - HISTORY:    11 CYCLES
 TTTTTTTTTTTTTTTTTTTTTTTTTTTTTT FDIK        TELAPSE     2419.74 TCPU     2417.49

    ALPHA      ELECTRONS
 INSULATING STATE
 TOP OF VALENCE BANDS -    BAND    252; K   21; EIG -1.2353748E-01 AU
 TOP OF VALENCE BANDS -    BAND    252; K    1; EIG -1.2747154E-01 AU
 BOTTOM OF VIRTUAL BANDS - BAND    253; K    1; EIG -1.4354119E-02 AU
 INDIRECT ENERGY BAND GAP:   2.9710 eV

    BETA       ELECTRONS
 INSULATING STATE
 TOP OF VALENCE BANDS -    BAND    252; K   21; EIG -1.2353748E-01 AU
 TOP OF VALENCE BANDS -    BAND    252; K    1; EIG -1.2747154E-01 AU
 BOTTOM OF VIRTUAL BANDS - BAND    253; K    1; EIG -1.4354119E-02 AU
 INDIRECT ENERGY BAND GAP:   2.9710 eV
 TTTTTTTTTTTTTTTTTTTTTTTTTTTTTT PDIG        TELAPSE     2423.47 TCPU     2421.22
 CHARGE NORMALIZATION FACTOR   1.00000000
 TOTAL ATOMIC CHARGES:
   6.0315937   6.0315937   6.0315937   6.0315937   6.0315937   6.0315937
   6.0315937   6.0315937   6.0315937   6.0315937   6.0315937   6.0315937
   5.9967172   5.9967172   5.9967172   5.9967172   5.9967172   5.9967172
   5.9967172   5.9967172   5.9967172   5.9967172   5.9967172   5.9967172
   6.0319255   6.0319255   6.0319255   6.0319255   6.0319255   6.0319255
   6.0319255   6.0319255   6.0319255   6.0319255   6.0319255   6.0319255
   5.9841269   5.9841269   5.9841269   5.9841269   5.9841269   5.9841269
   5.9841269   5.9841269   5.9841269   5.9841269   5.9841269   5.9841269
   6.0152334   6.0152334   6.0152334   6.0152334   6.0152334   6.0152334
   6.0152334   6.0152334   6.0152334   6.0152334   6.0152334   6.0152334
   5.9710126   5.9710126   5.9710126   5.9710126   5.9710126   5.9710126
   5.9710126   5.9710126   5.9710126   5.9710126   5.9710126   5.9710126
   5.9693907   5.9693907   5.9693907   5.9693907   5.9693907   5.9693907
   5.9693907   5.9693907   5.9693907   5.9693907   5.9693907   5.9693907
 SUMMED SPIN DENSITY          -0.00000000
 TOTAL ATOMIC SPINS  :
   0.0000000   0.0000000   0.0000000   0.0000000   0.0000000   0.0000000
   0.0000000   0.0000000   0.0000000   0.0000000   0.0000000   0.0000000
   0.0000000   0.0000000   0.0000000   0.0000000   0.0000000   0.0000000
   0.0000000   0.0000000   0.0000000   0.0000000   0.0000000   0.0000000
  -0.0000000  -0.0000000  -0.0000000  -0.0000000  -0.0000000  -0.0000000
  -0.0000000  -0.0000000  -0.0000000  -0.0000000  -0.0000000  -0.0000000
  -0.0000000  -0.0000000  -0.0000000  -0.0000000  -0.0000000  -0.0000000
  -0.0000000  -0.0000000  -0.0000000  -0.0000000  -0.0000000  -0.0000000
  -0.0000000  -0.0000000  -0.0000000  -0.0000000  -0.0000000  -0.0000000
  -0.0000000  -0.0000000  -0.0000000  -0.0000000  -0.0000000  -0.0000000
   0.0000000   0.0000000   0.0000000   0.0000000   0.0000000   0.0000000
   0.0000000   0.0000000   0.0000000   0.0000000   0.0000000   0.0000000
   0.0000000   0.0000000   0.0000000   0.0000000   0.0000000   0.0000000
   0.0000000   0.0000000   0.0000000   0.0000000   0.0000000   0.0000000
 TTTTTTTTTTTTTTTTTTTTTTTTTTTTTT MOQGAD      TELAPSE     2423.50 TCPU     2421.26
 TTTTTTTTTTTTTTTTTTTTTTTTTTTTTT SHELLXN     TELAPSE     2530.43 TCPU     2528.17
 TTTTTTTTTTTTTTTTTTTTTTTTTTTTTT MONMO3      TELAPSE     2530.80 TCPU     2528.54
 NUMERICALLY INTEGRATED DENSITY    252.0001248881    252.0001248881
 TTTTTTTTTTTTTTTTTTTTTTTTTTTTTT NUMDFT      TELAPSE     2532.96 TCPU     2530.70
 CYC  12 ETOT(AU) -3.198698777085E+03 DETOT  8.14E-10 tst  3.13E-13 PX  1.64E-06
 TTTTTTTTTTTTTTTTTTTTTTTTTTTTTT DIIS        TELAPSE     2533.50 TCPU     2531.24
 DIIS TEST: 0.49416E-09 AT SCF   CYCLE  12 - DIIS ACTIVE - HISTORY:    12 CYCLES
 TTTTTTTTTTTTTTTTTTTTTTTTTTTTTT FDIK        TELAPSE     2574.45 TCPU     2572.18

    ALPHA      ELECTRONS
 INSULATING STATE
 TOP OF VALENCE BANDS -    BAND    252; K   21; EIG -1.2353747E-01 AU
 TOP OF VALENCE BANDS -    BAND    252; K    1; EIG -1.2747154E-01 AU
 BOTTOM OF VIRTUAL BANDS - BAND    253; K    1; EIG -1.4354110E-02 AU
 INDIRECT ENERGY BAND GAP:   2.9710 eV

    BETA       ELECTRONS
 INSULATING STATE
 TOP OF VALENCE BANDS -    BAND    252; K   21; EIG -1.2353747E-01 AU
 TOP OF VALENCE BANDS -    BAND    252; K    1; EIG -1.2747154E-01 AU
 BOTTOM OF VIRTUAL BANDS - BAND    253; K    1; EIG -1.4354110E-02 AU
 INDIRECT ENERGY BAND GAP:   2.9710 eV
 TTTTTTTTTTTTTTTTTTTTTTTTTTTTTT PDIG        TELAPSE     2578.16 TCPU     2575.89
 CHARGE NORMALIZATION FACTOR   1.00000000
 TOTAL ATOMIC CHARGES:
   6.0315921   6.0315921   6.0315921   6.0315921   6.0315921   6.0315921
   6.0315921   6.0315921   6.0315921   6.0315921   6.0315921   6.0315921
   5.9967178   5.9967178   5.9967178   5.9967178   5.9967178   5.9967178
   5.9967178   5.9967178   5.9967178   5.9967178   5.9967178   5.9967178
   6.0319268   6.0319268   6.0319268   6.0319268   6.0319268   6.0319268
   6.0319268   6.0319268   6.0319268   6.0319268   6.0319268   6.0319268
   5.9841259   5.9841259   5.9841259   5.9841259   5.9841259   5.9841259
   5.9841259   5.9841259   5.9841259   5.9841259   5.9841259   5.9841259
   6.0152328   6.0152328   6.0152328   6.0152328   6.0152328   6.0152328
   6.0152328   6.0152328   6.0152328   6.0152328   6.0152328   6.0152328
   5.9710124   5.9710124   5.9710124   5.9710124   5.9710124   5.9710124
   5.9710124   5.9710124   5.9710124   5.9710124   5.9710124   5.9710124
   5.9693922   5.9693922   5.9693922   5.9693922   5.9693922   5.9693922
   5.9693922   5.9693922   5.9693922   5.9693922   5.9693922   5.9693922
 SUMMED SPIN DENSITY          -0.00000000
 TOTAL ATOMIC SPINS  :
   0.0000000   0.0000000   0.0000000   0.0000000   0.0000000   0.0000000
   0.0000000   0.0000000   0.0000000   0.0000000   0.0000000   0.0000000
   0.0000000   0.0000000   0.0000000   0.0000000   0.0000000   0.0000000
   0.0000000   0.0000000   0.0000000   0.0000000   0.0000000   0.0000000
  -0.0000000  -0.0000000  -0.0000000  -0.0000000  -0.0000000  -0.0000000
  -0.0000000  -0.0000000  -0.0000000  -0.0000000  -0.0000000  -0.0000000
  -0.0000000  -0.0000000  -0.0000000  -0.0000000  -0.0000000  -0.0000000
  -0.0000000  -0.0000000  -0.0000000  -0.0000000  -0.0000000  -0.0000000
  -0.0000000  -0.0000000  -0.0000000  -0.0000000  -0.0000000  -0.0000000
  -0.0000000  -0.0000000  -0.0000000  -0.0000000  -0.0000000  -0.0000000
   0.0000000   0.0000000   0.0000000   0.0000000   0.0000000   0.0000000
   0.0000000   0.0000000   0.0000000   0.0000000   0.0000000   0.0000000
   0.0000000   0.0000000   0.0000000   0.0000000   0.0000000   0.0000000
   0.0000000   0.0000000   0.0000000   0.0000000   0.0000000   0.0000000
 TTTTTTTTTTTTTTTTTTTTTTTTTTTTTT MOQGAD      TELAPSE     2578.19 TCPU     2575.92
 TTTTTTTTTTTTTTTTTTTTTTTTTTTTTT SHELLXN     TELAPSE     2685.05 TCPU     2682.77
 +++ ENERGIES IN A.U. +++
 ::: EXT EL-POLE                                  -1.3944355767314E+04
 ::: EXT EL-SPHEROPOLE                             1.2246073825070E+02
 ::: BIELET ZONE E-E                               1.4511311318747E+04
 ::: TOTAL E-E                                     6.8941628968365E+02
 ::: TOTAL E-N + N-E                              -5.7065741299069E+03
 ::: TOTAL N-N                                    -1.0010838492181E+03
 ::: KINETIC ENERGY                                3.1888329635903E+03
 ::: PSEUDO TOTAL   ENERGY                        -2.8294087258511E+03
 ::: VIRIAL COEFFICIENT                            1.0597224665087E+00
 TTTTTTTTTTTTTTTTTTTTTTTTTTTTTT MONMO3      TELAPSE     2685.42 TCPU     2683.14
 NUMERICALLY INTEGRATED DENSITY    252.0001248881    252.0001248881
 EXCHANGE ENERGY: -0.348057319104E+03  CORRELATION ENERGY: -0.212327321308E+02
 TTTTTTTTTTTTTTTTTTTTTTTTTTTTTT NUMDFT      TELAPSE     2687.58 TCPU     2685.29
 CYC  13 ETOT(AU) -3.198698777085E+03 DETOT  5.37E-11 tst  1.91E-14 PX  1.64E-06

 == SCF ENDED - CONVERGENCE ON ENERGY      E(AU) -3.1986987770854E+03 CYCLES  13


 ENERGY EXPRESSION=HARTREE+FOCK EXCH*0.20000+(BECKE      EXCH)*0.80000+LYP        CORR


 TOTAL ENERGY(DFT)(AU)( 13) -3.1986987770854E+03 DE 5.4E-11 tester 1.9E-14
 TTTTTTTTTTTTTTTTTTTTTTTTTTTTTT EDFT        TELAPSE     2687.63 TCPU     2685.34
 
 INFORMATION **** DFTD3 ENERGY **** CALCULATE DFTD3 ENERGY

           DFT-D V3(BJ)
 DF                                         b3-lyp    
 parameters
 s6       :    1.0000
 s8       :    1.9889
 a1       :    0.3981
 a2       :    4.4211
 k1 k3    :   16.0000   -4.0000
 Cutoff   :   50.2022
 CN-Cutoff:   21.1671
 ABC-Cutoff:   21.1671
 
 Edisp /kcal,au:  -547.5515 -0.87257880

 E6    /kcal :  -262.7448
 E8    /kcal :  -284.8067
 
 INFORMATION **** DFTD3 ENERGY **** NORMAL TERMINATION OF DFTD3 MODULE

 *******************************************************************************

 DFT-D3 DISPERSION ENERGY CORRECTION

 D3 DISPERSION ENERGY (AU)       -8.7257879928685E-01
 TOTAL ENERGY + DISP (AU)        -3.1995713558847E+03

 *******************************************************************************


 NEIGHBORS OF THE NON-EQUIVALENT ATOMS

 N = NUMBER OF NEIGHBORS AT DISTANCE R
    ATOM  N     R/ANG      R/AU   NEIGHBORS (ATOM LABELS AND CELL INDICES)
   1 C    1     1.4489     2.7380   39 C    0 0 0
   1 C    1     1.5421     2.9141   18 C    0 0 0
   1 C    1     1.5567     2.9416   82 C    0 0 0
   1 C    1     1.5626     2.9530   33 C    0 0 0
   1 C    1     2.3107     4.3666   19 C    0 0 0
   1 C    1     2.3764     4.4908   74 C    0 0 0

  13 C    1     1.4673     2.7728   16 C    0 0 0
  13 C    1     1.5421     2.9141    6 C    0 0 0
  13 C    1     1.6177     3.0569   27 C    0 0 0
  13 C    1     1.6990     3.2106   53 C    0 0 0
  13 C    1     2.3107     4.3666    7 C    0 0 0
  13 C    1     2.4071     4.5488    3 C    0 0 0

  25 C    1     1.5263     2.8843   71 C    0 0 0
  25 C    1     1.5573     2.9429   66 C    0 0 0
  25 C    1     1.5626     2.9530    8 C    0 0 0
  25 C    1     1.6177     3.0569   14 C    0 0 0
  25 C    1     2.3374     4.4171   43 C    0 0 0
  25 C    1     2.4875     4.7007   78 C    0 0 0

  37 C    1     1.3089     2.4735   75 C    0 0 0
  37 C    1     1.4489     2.7380    2 C    0 0 0
  37 C    1     1.5077     2.8492   58 C    0 0 0
  37 C    1     2.3374     4.4171   31 C    0 0 0
  37 C    1     2.3432     4.4281   51 C    0-1 0
  37 C    1     2.3994     4.5342   82 C    0-1 0

  49 C    1     1.4326     2.7072   73 C   -1-1 0
  49 C    1     1.5077     2.8492   46 C    0 0 1
  49 C    1     1.6764     3.1679   55 C   -1-1 1
  49 C    1     1.6990     3.2106   17 C    0 0 0
  49 C    1     2.3252     4.3940   79 C    0 0 1
  49 C    1     2.3432     4.4281   38 C   -1-1 0

  61 C    1     1.3308     2.5148   64 C    0 0 0
  61 C    1     1.5263     2.8843   35 C    0 0 0
  61 C    1     1.5573     2.9429   30 C    0 0-1
  61 C    1     2.4828     4.6918    6 C    0 0-1
  61 C    1     2.4978     4.7202   27 C    0 0 0
  61 C    1     2.5058     4.7353   32 C    0 0 0

  73 C    1     1.3089     2.4735   38 C    0 0 0
  73 C    1     1.4326     2.7072   49 C    1 1 0
  73 C    1     1.5567     2.9416   10 C    0 0 1
  73 C    1     2.3252     4.3940   55 C    0 0 1
  73 C    1     2.3764     4.4908    3 C    0 0 0
  73 C    1     2.3994     4.5342   46 C    1 1 1

 TTTTTTTTTTTTTTTTTTTTTTTTTTTTTT AFTER FIRST TELAPSE     2688.17 TCPU     2685.87
 MMMMMMMMMMMMMMMMMMMMMMMMMMMMMMMMMMMMMMMMMMMMMMMMMMMMMMMMMMMMMMMMMMMMMMMMMMMMMMM
     ALPHA+BETA ELECTRONS
 MULLIKEN POPULATION ANALYSIS - NO. OF ELECTRONS  504.000000

  ATOM    Z CHARGE  A.O. POPULATION

   1 C    6  6.032  0.853  1.121  0.752  0.446  0.477  0.425  0.438 -0.008
                   -0.002 -0.004  0.497  0.484  0.503  0.007  0.011  0.012
                    0.012  0.006
   2 C    6  6.032  0.853  1.121  0.752  0.446  0.444  0.458  0.438 -0.004
                   -0.006 -0.004  0.492  0.489  0.503  0.007  0.013  0.010
                    0.007  0.011
   3 C    6  6.032  0.853  1.121  0.752  0.446  0.432  0.470  0.438 -0.003
                   -0.008 -0.004  0.483  0.498  0.503  0.007  0.010  0.012
                    0.008  0.010
   4 C    6  6.032  0.853  1.121  0.752  0.446  0.432  0.470  0.438 -0.003
                   -0.008 -0.004  0.483  0.498  0.503  0.007  0.010  0.012
                    0.008  0.010
   5 C    6  6.032  0.853  1.121  0.752  0.446  0.477  0.425  0.438 -0.008
                   -0.002 -0.004  0.497  0.484  0.503  0.007  0.011  0.012
                    0.012  0.006
   6 C    6  6.032  0.853  1.121  0.752  0.446  0.444  0.458  0.438 -0.004
                   -0.006 -0.004  0.492  0.489  0.503  0.007  0.013  0.010
                    0.007  0.011
   7 C    6  6.032  0.853  1.121  0.752  0.446  0.477  0.425  0.438 -0.008
                   -0.002 -0.004  0.497  0.484  0.503  0.007  0.011  0.012
                    0.012  0.006
   8 C    6  6.032  0.853  1.121  0.752  0.446  0.444  0.458  0.438 -0.004
                   -0.006 -0.004  0.492  0.489  0.503  0.007  0.013  0.010
                    0.007  0.011
   9 C    6  6.032  0.853  1.121  0.752  0.446  0.432  0.470  0.438 -0.003
                   -0.008 -0.004  0.483  0.498  0.503  0.007  0.010  0.012
                    0.008  0.010
  10 C    6  6.032  0.853  1.121  0.752  0.446  0.432  0.470  0.438 -0.003
                   -0.008 -0.004  0.483  0.498  0.503  0.007  0.010  0.012
                    0.008  0.010
  11 C    6  6.032  0.853  1.121  0.752  0.446  0.477  0.425  0.438 -0.008
                   -0.002 -0.004  0.497  0.484  0.503  0.007  0.011  0.012
                    0.012  0.006
  12 C    6  6.032  0.853  1.121  0.752  0.446  0.444  0.458  0.438 -0.004
                   -0.006 -0.004  0.492  0.489  0.503  0.007  0.013  0.010
                    0.007  0.011
  13 C    6  5.997  0.854  1.121  0.753  0.468  0.411  0.458  0.429 -0.003
                   -0.012 -0.008  0.485  0.510  0.490  0.005  0.012  0.010
                    0.007  0.008
  14 C    6  5.997  0.854  1.121  0.753  0.468  0.477  0.392  0.429 -0.010
                   -0.006 -0.008  0.492  0.503  0.490  0.005  0.012  0.010
                    0.011  0.004
  15 C    6  5.997  0.854  1.121  0.753  0.468  0.416  0.453  0.429 -0.011
                   -0.005 -0.008  0.516  0.480  0.490  0.005  0.009  0.012
                    0.005  0.010
  16 C    6  5.997  0.854  1.121  0.753  0.468  0.416  0.453  0.429 -0.011
                   -0.005 -0.008  0.516  0.480  0.490  0.005  0.009  0.012
                    0.005  0.010
  17 C    6  5.997  0.854  1.121  0.753  0.468  0.411  0.458  0.429 -0.003
                   -0.012 -0.008  0.485  0.510  0.490  0.005  0.012  0.010
                    0.007  0.008
  18 C    6  5.997  0.854  1.121  0.753  0.468  0.477  0.392  0.429 -0.010
                   -0.006 -0.008  0.492  0.503  0.490  0.005  0.012  0.010
                    0.011  0.004
  19 C    6  5.997  0.854  1.121  0.753  0.468  0.411  0.458  0.429 -0.003
                   -0.012 -0.008  0.485  0.510  0.490  0.005  0.012  0.010
                    0.007  0.008
  20 C    6  5.997  0.854  1.121  0.753  0.468  0.477  0.392  0.429 -0.010
                   -0.006 -0.008  0.492  0.503  0.490  0.005  0.012  0.010
                    0.011  0.004
  21 C    6  5.997  0.854  1.121  0.753  0.468  0.416  0.453  0.429 -0.011
                   -0.005 -0.008  0.516  0.480  0.490  0.005  0.009  0.012
                    0.005  0.010
  22 C    6  5.997  0.854  1.121  0.753  0.468  0.416  0.453  0.429 -0.011
                   -0.005 -0.008  0.516  0.480  0.490  0.005  0.009  0.012
                    0.005  0.010
  23 C    6  5.997  0.854  1.121  0.753  0.468  0.411  0.458  0.429 -0.003
                   -0.012 -0.008  0.485  0.510  0.490  0.005  0.012  0.010
                    0.007  0.008
  24 C    6  5.997  0.854  1.121  0.753  0.468  0.477  0.392  0.429 -0.010
                   -0.006 -0.008  0.492  0.503  0.490  0.005  0.012  0.010
                    0.011  0.004
  25 C    6  6.032  0.853  1.121  0.747  0.481  0.434  0.427  0.439 -0.005
                   -0.001 -0.011  0.500  0.476  0.528  0.004  0.010  0.010
                    0.008  0.010
  26 C    6  6.032  0.853  1.121  0.747  0.481  0.426  0.435  0.439 -0.003
                   -0.003 -0.011  0.472  0.504  0.528  0.004  0.010  0.010
                    0.007  0.012
  27 C    6  6.032  0.853  1.121  0.747  0.481  0.431  0.429  0.439 -0.000
                   -0.006 -0.011  0.491  0.485  0.528  0.004  0.010  0.010
                    0.012  0.006
  28 C    6  6.032  0.853  1.121  0.747  0.481  0.431  0.429  0.439 -0.000
                   -0.006 -0.011  0.491  0.485  0.528  0.004  0.010  0.010
                    0.012  0.006
  29 C    6  6.032  0.853  1.121  0.747  0.481  0.434  0.427  0.439 -0.005
                   -0.001 -0.011  0.500  0.476  0.528  0.004  0.010  0.010
                    0.008  0.010
  30 C    6  6.032  0.853  1.121  0.747  0.481  0.426  0.435  0.439 -0.003
                   -0.003 -0.011  0.472  0.504  0.528  0.004  0.010  0.010
                    0.007  0.012
  31 C    6  6.032  0.853  1.121  0.747  0.481  0.434  0.427  0.439 -0.005
                   -0.001 -0.011  0.500  0.476  0.528  0.004  0.010  0.010
                    0.008  0.010
  32 C    6  6.032  0.853  1.121  0.747  0.481  0.426  0.435  0.439 -0.003
                   -0.003 -0.011  0.472  0.504  0.528  0.004  0.010  0.010
                    0.007  0.012
  33 C    6  6.032  0.853  1.121  0.747  0.481  0.431  0.429  0.439 -0.000
                   -0.006 -0.011  0.491  0.485  0.528  0.004  0.010  0.010
                    0.012  0.006
  34 C    6  6.032  0.853  1.121  0.747  0.481  0.431  0.429  0.439 -0.000
                   -0.006 -0.011  0.491  0.485  0.528  0.004  0.010  0.010
                    0.012  0.006
  35 C    6  6.032  0.853  1.121  0.747  0.481  0.434  0.427  0.439 -0.005
                   -0.001 -0.011  0.500  0.476  0.528  0.004  0.010  0.010
                    0.008  0.010
  36 C    6  6.032  0.853  1.121  0.747  0.481  0.426  0.435  0.439 -0.003
                   -0.003 -0.011  0.472  0.504  0.528  0.004  0.010  0.010
                    0.007  0.012
  37 C    6  5.984  0.854  1.120  0.760  0.396  0.422  0.451  0.520 -0.030
                   -0.022 -0.004  0.558  0.504  0.411  0.011  0.012  0.011
                    0.004  0.006
  38 C    6  5.984  0.854  1.120  0.760  0.396  0.421  0.452  0.520 -0.050
                   -0.002 -0.004  0.608  0.455  0.411  0.011  0.008  0.014
                    0.005  0.005
  39 C    6  5.984  0.854  1.120  0.760  0.396  0.467  0.406  0.520  0.002
                   -0.054 -0.004  0.428  0.634  0.411  0.011  0.014  0.009
                    0.006  0.004
  40 C    6  5.984  0.854  1.120  0.760  0.396  0.467  0.406  0.520  0.002
                   -0.054 -0.004  0.428  0.634  0.411  0.011  0.014  0.009
                    0.006  0.004
  41 C    6  5.984  0.854  1.120  0.760  0.396  0.422  0.451  0.520 -0.030
                   -0.022 -0.004  0.558  0.504  0.411  0.011  0.012  0.011
                    0.004  0.006
  42 C    6  5.984  0.854  1.120  0.760  0.396  0.421  0.452  0.520 -0.050
                   -0.002 -0.004  0.608  0.455  0.411  0.011  0.008  0.014
                    0.005  0.005
  43 C    6  5.984  0.854  1.120  0.760  0.396  0.422  0.451  0.520 -0.030
                   -0.022 -0.004  0.558  0.504  0.411  0.011  0.012  0.011
                    0.004  0.006
  44 C    6  5.984  0.854  1.120  0.760  0.396  0.421  0.452  0.520 -0.050
                   -0.002 -0.004  0.608  0.455  0.411  0.011  0.008  0.014
                    0.005  0.005
  45 C    6  5.984  0.854  1.120  0.760  0.396  0.467  0.406  0.520  0.002
                   -0.054 -0.004  0.428  0.634  0.411  0.011  0.014  0.009
                    0.006  0.004
  46 C    6  5.984  0.854  1.120  0.760  0.396  0.467  0.406  0.520  0.002
                   -0.054 -0.004  0.428  0.634  0.411  0.011  0.014  0.009
                    0.006  0.004
  47 C    6  5.984  0.854  1.120  0.760  0.396  0.422  0.451  0.520 -0.030
                   -0.022 -0.004  0.558  0.504  0.411  0.011  0.012  0.011
                    0.004  0.006
  48 C    6  5.984  0.854  1.120  0.760  0.396  0.421  0.452  0.520 -0.050
                   -0.002 -0.004  0.608  0.455  0.411  0.011  0.008  0.014
                    0.005  0.005
  49 C    6  6.015  0.854  1.121  0.755  0.468  0.409  0.456  0.437  0.004
                   -0.010 -0.004  0.470  0.502  0.513  0.006  0.010  0.007
                    0.008  0.011
  50 C    6  6.015  0.854  1.121  0.755  0.468  0.466  0.399  0.437 -0.005
                   -0.001 -0.004  0.488  0.483  0.513  0.006  0.009  0.009
                    0.012  0.007
  51 C    6  6.015  0.854  1.121  0.755  0.468  0.423  0.442  0.437 -0.008
                    0.002 -0.004  0.499  0.472  0.513  0.006  0.007  0.010
                    0.008  0.011
  52 C    6  6.015  0.854  1.121  0.755  0.468  0.423  0.442  0.437 -0.008
                    0.002 -0.004  0.499  0.472  0.513  0.006  0.007  0.010
                    0.008  0.011
  53 C    6  6.015  0.854  1.121  0.755  0.468  0.409  0.456  0.437  0.004
                   -0.010 -0.004  0.470  0.502  0.513  0.006  0.010  0.007
                    0.008  0.011
  54 C    6  6.015  0.854  1.121  0.755  0.468  0.466  0.399  0.437 -0.005
                   -0.001 -0.004  0.488  0.483  0.513  0.006  0.009  0.009
                    0.012  0.007
  55 C    6  6.015  0.854  1.121  0.755  0.468  0.409  0.456  0.437  0.004
                   -0.010 -0.004  0.470  0.502  0.513  0.006  0.010  0.007
                    0.008  0.011
  56 C    6  6.015  0.854  1.121  0.755  0.468  0.466  0.399  0.437 -0.005
                   -0.001 -0.004  0.488  0.483  0.513  0.006  0.009  0.009
                    0.012  0.007
  57 C    6  6.015  0.854  1.121  0.755  0.468  0.423  0.442  0.437 -0.008
                    0.002 -0.004  0.499  0.472  0.513  0.006  0.007  0.010
                    0.008  0.011
  58 C    6  6.015  0.854  1.121  0.755  0.468  0.423  0.442  0.437 -0.008
                    0.002 -0.004  0.499  0.472  0.513  0.006  0.007  0.010
                    0.008  0.011
  59 C    6  6.015  0.854  1.121  0.755  0.468  0.409  0.456  0.437  0.004
                   -0.010 -0.004  0.470  0.502  0.513  0.006  0.010  0.007
                    0.008  0.011
  60 C    6  6.015  0.854  1.121  0.755  0.468  0.466  0.399  0.437 -0.005
                   -0.001 -0.004  0.488  0.483  0.513  0.006  0.009  0.009
                    0.012  0.007
  61 C    6  5.971  0.854  1.121  0.760  0.430  0.408  0.427  0.504 -0.038
                   -0.012  0.001  0.575  0.489  0.416  0.009  0.010  0.010
                    0.003  0.005
  62 C    6  5.971  0.854  1.121  0.760  0.430  0.436  0.399  0.504  0.013
                   -0.063  0.001  0.423  0.641  0.416  0.009  0.013  0.007
                    0.005  0.003
  63 C    6  5.971  0.854  1.121  0.760  0.430  0.409  0.426  0.504 -0.050
                   -0.001  0.001  0.598  0.466  0.416  0.009  0.007  0.012
                    0.004  0.004
  64 C    6  5.971  0.854  1.121  0.760  0.430  0.409  0.426  0.504 -0.050
                   -0.001  0.001  0.598  0.466  0.416  0.009  0.007  0.012
                    0.004  0.004
  65 C    6  5.971  0.854  1.121  0.760  0.430  0.408  0.427  0.504 -0.038
                   -0.012  0.001  0.575  0.489  0.416  0.009  0.010  0.010
                    0.003  0.005
  66 C    6  5.971  0.854  1.121  0.760  0.430  0.436  0.399  0.504  0.013
                   -0.063  0.001  0.423  0.641  0.416  0.009  0.013  0.007
                    0.005  0.003
  67 C    6  5.971  0.854  1.121  0.760  0.430  0.408  0.427  0.504 -0.038
                   -0.012  0.001  0.575  0.489  0.416  0.009  0.010  0.010
                    0.003  0.005
  68 C    6  5.971  0.854  1.121  0.760  0.430  0.436  0.399  0.504  0.013
                   -0.063  0.001  0.423  0.641  0.416  0.009  0.013  0.007
                    0.005  0.003
  69 C    6  5.971  0.854  1.121  0.760  0.430  0.409  0.426  0.504 -0.050
                   -0.001  0.001  0.598  0.466  0.416  0.009  0.007  0.012
                    0.004  0.004
  70 C    6  5.971  0.854  1.121  0.760  0.430  0.409  0.426  0.504 -0.050
                   -0.001  0.001  0.598  0.466  0.416  0.009  0.007  0.012
                    0.004  0.004
  71 C    6  5.971  0.854  1.121  0.760  0.430  0.408  0.427  0.504 -0.038
                   -0.012  0.001  0.575  0.489  0.416  0.009  0.010  0.010
                    0.003  0.005
  72 C    6  5.971  0.854  1.121  0.760  0.430  0.436  0.399  0.504  0.013
                   -0.063  0.001  0.423  0.641  0.416  0.009  0.013  0.007
                    0.005  0.003
  73 C    6  5.969  0.854  1.120  0.763  0.391  0.422  0.451  0.509 -0.030
                   -0.019  0.000  0.557  0.485  0.423  0.011  0.011  0.010
                    0.005  0.006
  74 C    6  5.969  0.854  1.120  0.763  0.391  0.469  0.403  0.509  0.003
                   -0.052  0.000  0.413  0.629  0.423  0.011  0.013  0.008
                    0.006  0.005
  75 C    6  5.969  0.854  1.120  0.763  0.391  0.417  0.455  0.509 -0.046
                   -0.002  0.000  0.594  0.448  0.423  0.011  0.008  0.014
                    0.005  0.005
  76 C    6  5.969  0.854  1.120  0.763  0.391  0.417  0.455  0.509 -0.046
                   -0.002  0.000  0.594  0.448  0.423  0.011  0.008  0.014
                    0.005  0.005
  77 C    6  5.969  0.854  1.120  0.763  0.391  0.422  0.451  0.509 -0.030
                   -0.019  0.000  0.557  0.485  0.423  0.011  0.011  0.010
                    0.005  0.006
  78 C    6  5.969  0.854  1.120  0.763  0.391  0.469  0.403  0.509  0.003
                   -0.052  0.000  0.413  0.629  0.423  0.011  0.013  0.008
                    0.006  0.005
  79 C    6  5.969  0.854  1.120  0.763  0.391  0.422  0.451  0.509 -0.030
                   -0.019  0.000  0.557  0.485  0.423  0.011  0.011  0.010
                    0.005  0.006
  80 C    6  5.969  0.854  1.120  0.763  0.391  0.469  0.403  0.509  0.003
                   -0.052  0.000  0.413  0.629  0.423  0.011  0.013  0.008
                    0.006  0.005
  81 C    6  5.969  0.854  1.120  0.763  0.391  0.417  0.455  0.509 -0.046
                   -0.002  0.000  0.594  0.448  0.423  0.011  0.008  0.014
                    0.005  0.005
  82 C    6  5.969  0.854  1.120  0.763  0.391  0.417  0.455  0.509 -0.046
                   -0.002  0.000  0.594  0.448  0.423  0.011  0.008  0.014
                    0.005  0.005
  83 C    6  5.969  0.854  1.120  0.763  0.391  0.422  0.451  0.509 -0.030
                   -0.019  0.000  0.557  0.485  0.423  0.011  0.011  0.010
                    0.005  0.006
  84 C    6  5.969  0.854  1.120  0.763  0.391  0.469  0.403  0.509  0.003
                   -0.052  0.000  0.413  0.629  0.423  0.011  0.013  0.008
                    0.006  0.005

  ATOM    Z CHARGE  SHELL POPULATION

   1 C    6  6.032  0.853  1.121  0.752  0.446  1.340 -0.014  1.485  0.048
   2 C    6  6.032  0.853  1.121  0.752  0.446  1.340 -0.014  1.485  0.048
   3 C    6  6.032  0.853  1.121  0.752  0.446  1.340 -0.014  1.485  0.048
   4 C    6  6.032  0.853  1.121  0.752  0.446  1.340 -0.014  1.485  0.048
   5 C    6  6.032  0.853  1.121  0.752  0.446  1.340 -0.014  1.485  0.048
   6 C    6  6.032  0.853  1.121  0.752  0.446  1.340 -0.014  1.485  0.048
   7 C    6  6.032  0.853  1.121  0.752  0.446  1.340 -0.014  1.485  0.048
   8 C    6  6.032  0.853  1.121  0.752  0.446  1.340 -0.014  1.485  0.048
   9 C    6  6.032  0.853  1.121  0.752  0.446  1.340 -0.014  1.485  0.048
  10 C    6  6.032  0.853  1.121  0.752  0.446  1.340 -0.014  1.485  0.048
  11 C    6  6.032  0.853  1.121  0.752  0.446  1.340 -0.014  1.485  0.048
  12 C    6  6.032  0.853  1.121  0.752  0.446  1.340 -0.014  1.485  0.048
  13 C    6  5.997  0.854  1.121  0.753  0.468  1.298 -0.024  1.485  0.042
  14 C    6  5.997  0.854  1.121  0.753  0.468  1.298 -0.024  1.485  0.042
  15 C    6  5.997  0.854  1.121  0.753  0.468  1.298 -0.024  1.485  0.042
  16 C    6  5.997  0.854  1.121  0.753  0.468  1.298 -0.024  1.485  0.042
  17 C    6  5.997  0.854  1.121  0.753  0.468  1.298 -0.024  1.485  0.042
  18 C    6  5.997  0.854  1.121  0.753  0.468  1.298 -0.024  1.485  0.042
  19 C    6  5.997  0.854  1.121  0.753  0.468  1.298 -0.024  1.485  0.042
  20 C    6  5.997  0.854  1.121  0.753  0.468  1.298 -0.024  1.485  0.042
  21 C    6  5.997  0.854  1.121  0.753  0.468  1.298 -0.024  1.485  0.042
  22 C    6  5.997  0.854  1.121  0.753  0.468  1.298 -0.024  1.485  0.042
  23 C    6  5.997  0.854  1.121  0.753  0.468  1.298 -0.024  1.485  0.042
  24 C    6  5.997  0.854  1.121  0.753  0.468  1.298 -0.024  1.485  0.042
  25 C    6  6.032  0.853  1.121  0.747  0.481  1.300 -0.016  1.504  0.042
  26 C    6  6.032  0.853  1.121  0.747  0.481  1.300 -0.016  1.504  0.042
  27 C    6  6.032  0.853  1.121  0.747  0.481  1.300 -0.016  1.504  0.042
  28 C    6  6.032  0.853  1.121  0.747  0.481  1.300 -0.016  1.504  0.042
  29 C    6  6.032  0.853  1.121  0.747  0.481  1.300 -0.016  1.504  0.042
  30 C    6  6.032  0.853  1.121  0.747  0.481  1.300 -0.016  1.504  0.042
  31 C    6  6.032  0.853  1.121  0.747  0.481  1.300 -0.016  1.504  0.042
  32 C    6  6.032  0.853  1.121  0.747  0.481  1.300 -0.016  1.504  0.042
  33 C    6  6.032  0.853  1.121  0.747  0.481  1.300 -0.016  1.504  0.042
  34 C    6  6.032  0.853  1.121  0.747  0.481  1.300 -0.016  1.504  0.042
  35 C    6  6.032  0.853  1.121  0.747  0.481  1.300 -0.016  1.504  0.042
  36 C    6  6.032  0.853  1.121  0.747  0.481  1.300 -0.016  1.504  0.042
  37 C    6  5.984  0.854  1.120  0.760  0.396  1.393 -0.056  1.473  0.043
  38 C    6  5.984  0.854  1.120  0.760  0.396  1.393 -0.056  1.473  0.043
  39 C    6  5.984  0.854  1.120  0.760  0.396  1.393 -0.056  1.473  0.043
  40 C    6  5.984  0.854  1.120  0.760  0.396  1.393 -0.056  1.473  0.043
  41 C    6  5.984  0.854  1.120  0.760  0.396  1.393 -0.056  1.473  0.043
  42 C    6  5.984  0.854  1.120  0.760  0.396  1.393 -0.056  1.473  0.043
  43 C    6  5.984  0.854  1.120  0.760  0.396  1.393 -0.056  1.473  0.043
  44 C    6  5.984  0.854  1.120  0.760  0.396  1.393 -0.056  1.473  0.043
  45 C    6  5.984  0.854  1.120  0.760  0.396  1.393 -0.056  1.473  0.043
  46 C    6  5.984  0.854  1.120  0.760  0.396  1.393 -0.056  1.473  0.043
  47 C    6  5.984  0.854  1.120  0.760  0.396  1.393 -0.056  1.473  0.043
  48 C    6  5.984  0.854  1.120  0.760  0.396  1.393 -0.056  1.473  0.043
  49 C    6  6.015  0.854  1.121  0.755  0.468  1.301 -0.010  1.485  0.043
  50 C    6  6.015  0.854  1.121  0.755  0.468  1.301 -0.010  1.485  0.043
  51 C    6  6.015  0.854  1.121  0.755  0.468  1.301 -0.010  1.485  0.043
  52 C    6  6.015  0.854  1.121  0.755  0.468  1.301 -0.010  1.485  0.043
  53 C    6  6.015  0.854  1.121  0.755  0.468  1.301 -0.010  1.485  0.043
  54 C    6  6.015  0.854  1.121  0.755  0.468  1.301 -0.010  1.485  0.043
  55 C    6  6.015  0.854  1.121  0.755  0.468  1.301 -0.010  1.485  0.043
  56 C    6  6.015  0.854  1.121  0.755  0.468  1.301 -0.010  1.485  0.043
  57 C    6  6.015  0.854  1.121  0.755  0.468  1.301 -0.010  1.485  0.043
  58 C    6  6.015  0.854  1.121  0.755  0.468  1.301 -0.010  1.485  0.043
  59 C    6  6.015  0.854  1.121  0.755  0.468  1.301 -0.010  1.485  0.043
  60 C    6  6.015  0.854  1.121  0.755  0.468  1.301 -0.010  1.485  0.043
  61 C    6  5.971  0.854  1.121  0.760  0.430  1.339 -0.049  1.480  0.037
  62 C    6  5.971  0.854  1.121  0.760  0.430  1.339 -0.049  1.480  0.037
  63 C    6  5.971  0.854  1.121  0.760  0.430  1.339 -0.049  1.480  0.037
  64 C    6  5.971  0.854  1.121  0.760  0.430  1.339 -0.049  1.480  0.037
  65 C    6  5.971  0.854  1.121  0.760  0.430  1.339 -0.049  1.480  0.037
  66 C    6  5.971  0.854  1.121  0.760  0.430  1.339 -0.049  1.480  0.037
  67 C    6  5.971  0.854  1.121  0.760  0.430  1.339 -0.049  1.480  0.037
  68 C    6  5.971  0.854  1.121  0.760  0.430  1.339 -0.049  1.480  0.037
  69 C    6  5.971  0.854  1.121  0.760  0.430  1.339 -0.049  1.480  0.037
  70 C    6  5.971  0.854  1.121  0.760  0.430  1.339 -0.049  1.480  0.037
  71 C    6  5.971  0.854  1.121  0.760  0.430  1.339 -0.049  1.480  0.037
  72 C    6  5.971  0.854  1.121  0.760  0.430  1.339 -0.049  1.480  0.037
  73 C    6  5.969  0.854  1.120  0.763  0.391  1.382 -0.048  1.465  0.043
  74 C    6  5.969  0.854  1.120  0.763  0.391  1.382 -0.048  1.465  0.043
  75 C    6  5.969  0.854  1.120  0.763  0.391  1.382 -0.048  1.465  0.043
  76 C    6  5.969  0.854  1.120  0.763  0.391  1.382 -0.048  1.465  0.043
  77 C    6  5.969  0.854  1.120  0.763  0.391  1.382 -0.048  1.465  0.043
  78 C    6  5.969  0.854  1.120  0.763  0.391  1.382 -0.048  1.465  0.043
  79 C    6  5.969  0.854  1.120  0.763  0.391  1.382 -0.048  1.465  0.043
  80 C    6  5.969  0.854  1.120  0.763  0.391  1.382 -0.048  1.465  0.043
  81 C    6  5.969  0.854  1.120  0.763  0.391  1.382 -0.048  1.465  0.043
  82 C    6  5.969  0.854  1.120  0.763  0.391  1.382 -0.048  1.465  0.043
  83 C    6  5.969  0.854  1.120  0.763  0.391  1.382 -0.048  1.465  0.043
  84 C    6  5.969  0.854  1.120  0.763  0.391  1.382 -0.048  1.465  0.043

 OVERLAP POPULATION CONDENSED TO ATOMS FOR FIRST   6 NEIGHBORS

 ATOM A   1 C    ATOM B     CELL      R(AB)/AU R(AB)/ANG    OVPOP(AB)
                 39 C    (  0  0  0)     2.738     1.449     0.314
                 18 C    (  0  0  0)     2.914     1.542     0.324
                 82 C    (  0  0  0)     2.942     1.557     0.325
                 33 C    (  0  0  0)     2.953     1.563     0.291
                 19 C    (  0  0  0)     4.367     2.311    -0.044
                 74 C    (  0  0  0)     4.491     2.376    -0.031

 ATOM A  13 C    ATOM B     CELL      R(AB)/AU R(AB)/ANG    OVPOP(AB)
                 16 C    (  0  0  0)     2.773     1.467     0.317
                  6 C    (  0  0  0)     2.914     1.542     0.324
                 27 C    (  0  0  0)     3.057     1.618     0.325
                 53 C    (  0  0  0)     3.211     1.699     0.320
                  7 C    (  0  0  0)     4.367     2.311    -0.044
                  3 C    (  0  0  0)     4.549     2.407    -0.027

 ATOM A  25 C    ATOM B     CELL      R(AB)/AU R(AB)/ANG    OVPOP(AB)
                 71 C    (  0  0  0)     2.884     1.526     0.324
                 66 C    (  0  0  0)     2.943     1.557     0.318
                  8 C    (  0  0  0)     2.953     1.563     0.291
                 14 C    (  0  0  0)     3.057     1.618     0.325
                 43 C    (  0  0  0)     4.417     2.337    -0.041
                 78 C    (  0  0  0)     4.701     2.487    -0.038

 ATOM A  37 C    ATOM B     CELL      R(AB)/AU R(AB)/ANG    OVPOP(AB)
                 75 C    (  0  0  0)     2.474     1.309     0.588
                  2 C    (  0  0  0)     2.738     1.449     0.314
                 58 C    (  0  0  0)     2.849     1.508     0.309
                 31 C    (  0  0  0)     4.417     2.337    -0.041
                 51 C    (  0 -1  0)     4.428     2.343    -0.037
                 82 C    (  0 -1  0)     4.534     2.399    -0.011

 ATOM A  49 C    ATOM B     CELL      R(AB)/AU R(AB)/ANG    OVPOP(AB)
                 73 C    ( -1 -1  0)     2.707     1.433     0.308
                 46 C    (  0  0  1)     2.849     1.508     0.309
                 55 C    ( -1 -1  1)     3.168     1.676     0.284
                 17 C    (  0  0  0)     3.211     1.699     0.320
                 79 C    (  0  0  1)     4.394     2.325    -0.042
                 38 C    ( -1 -1  0)     4.428     2.343    -0.037

 ATOM A  61 C    ATOM B     CELL      R(AB)/AU R(AB)/ANG    OVPOP(AB)
                 64 C    (  0  0  0)     2.515     1.331     0.575
                 35 C    (  0  0  0)     2.884     1.526     0.324
                 30 C    (  0  0 -1)     2.943     1.557     0.318
                  6 C    (  0  0 -1)     4.692     2.483    -0.027
                 27 C    (  0  0  0)     4.720     2.498    -0.026
                 32 C    (  0  0  0)     4.735     2.506    -0.022

 ATOM A  73 C    ATOM B     CELL      R(AB)/AU R(AB)/ANG    OVPOP(AB)
                 38 C    (  0  0  0)     2.474     1.309     0.588
                 49 C    (  1  1  0)     2.707     1.433     0.308
                 10 C    (  0  0  1)     2.942     1.557     0.325
                 55 C    (  0  0  1)     4.394     2.325    -0.042
                  3 C    (  0  0  0)     4.491     2.376    -0.031
                 46 C    (  1  1  1)     4.534     2.399    -0.011
 TTTTTTTTTTTTTTTTTTTTTTTTTTTTTT AFTER FIRST TELAPSE     2688.63 TCPU     2685.94
 MMMMMMMMMMMMMMMMMMMMMMMMMMMMMMMMMMMMMMMMMMMMMMMMMMMMMMMMMMMMMMMMMMMMMMMMMMMMMMM
     ALPHA-BETA ELECTRONS
 MULLIKEN POPULATION ANALYSIS - NO. OF ELECTRONS   -0.000000

  ATOM    Z CHARGE  A.O. POPULATION

   1 C    6  0.000  0.000 -0.000 -0.000  0.000  0.000  0.000  0.000  0.000
                    0.000  0.000 -0.000 -0.000 -0.000  0.000  0.000 -0.000
                   -0.000 -0.000
   2 C    6  0.000  0.000 -0.000 -0.000  0.000 -0.000  0.000  0.000  0.000
                   -0.000  0.000 -0.000 -0.000 -0.000  0.000  0.000  0.000
                   -0.000 -0.000
   3 C    6  0.000  0.000 -0.000 -0.000  0.000  0.000 -0.000  0.000  0.000
                    0.000  0.000 -0.000 -0.000 -0.000  0.000 -0.000  0.000
                   -0.000 -0.000
   4 C    6  0.000  0.000 -0.000 -0.000  0.000  0.000 -0.000  0.000  0.000
                    0.000  0.000 -0.000 -0.000 -0.000  0.000 -0.000  0.000
                   -0.000 -0.000
   5 C    6  0.000  0.000 -0.000 -0.000  0.000  0.000  0.000  0.000  0.000
                    0.000  0.000 -0.000 -0.000 -0.000  0.000  0.000 -0.000
                   -0.000 -0.000
   6 C    6  0.000  0.000 -0.000 -0.000  0.000 -0.000  0.000  0.000  0.000
                   -0.000  0.000 -0.000 -0.000 -0.000  0.000  0.000  0.000
                   -0.000 -0.000
   7 C    6  0.000  0.000 -0.000 -0.000  0.000  0.000  0.000  0.000  0.000
                    0.000  0.000 -0.000 -0.000 -0.000  0.000  0.000 -0.000
                   -0.000 -0.000
   8 C    6  0.000  0.000 -0.000 -0.000  0.000 -0.000  0.000  0.000  0.000
                   -0.000  0.000 -0.000 -0.000 -0.000  0.000  0.000  0.000
                   -0.000 -0.000
   9 C    6  0.000  0.000 -0.000 -0.000  0.000  0.000 -0.000  0.000  0.000
                    0.000  0.000 -0.000 -0.000 -0.000  0.000 -0.000  0.000
                   -0.000 -0.000
  10 C    6  0.000  0.000 -0.000 -0.000  0.000  0.000 -0.000  0.000  0.000
                    0.000  0.000 -0.000 -0.000 -0.000  0.000 -0.000  0.000
                   -0.000 -0.000
  11 C    6  0.000  0.000 -0.000 -0.000  0.000  0.000  0.000  0.000  0.000
                    0.000  0.000 -0.000 -0.000 -0.000  0.000  0.000 -0.000
                   -0.000 -0.000
  12 C    6  0.000  0.000 -0.000 -0.000  0.000 -0.000  0.000  0.000  0.000
                   -0.000  0.000 -0.000 -0.000 -0.000  0.000  0.000  0.000
                   -0.000 -0.000
  13 C    6  0.000  0.000  0.000 -0.000  0.000 -0.000  0.000 -0.000  0.000
                   -0.000 -0.000 -0.000  0.000  0.000 -0.000 -0.000  0.000
                   -0.000 -0.000
  14 C    6  0.000  0.000  0.000 -0.000  0.000 -0.000  0.000 -0.000 -0.000
                   -0.000 -0.000 -0.000  0.000  0.000 -0.000 -0.000  0.000
                   -0.000 -0.000
  15 C    6  0.000  0.000  0.000 -0.000  0.000  0.000 -0.000 -0.000 -0.000
                    0.000 -0.000  0.000 -0.000  0.000 -0.000  0.000 -0.000
                   -0.000 -0.000
  16 C    6  0.000  0.000  0.000 -0.000  0.000  0.000 -0.000 -0.000 -0.000
                    0.000 -0.000  0.000 -0.000  0.000 -0.000  0.000 -0.000
                   -0.000 -0.000
  17 C    6  0.000  0.000  0.000 -0.000  0.000 -0.000  0.000 -0.000  0.000
                   -0.000 -0.000 -0.000  0.000  0.000 -0.000 -0.000  0.000
                   -0.000 -0.000
  18 C    6  0.000  0.000  0.000 -0.000  0.000 -0.000  0.000 -0.000 -0.000
                   -0.000 -0.000 -0.000  0.000  0.000 -0.000 -0.000  0.000
                   -0.000 -0.000
  19 C    6  0.000  0.000  0.000 -0.000  0.000 -0.000  0.000 -0.000  0.000
                   -0.000 -0.000 -0.000  0.000  0.000 -0.000 -0.000  0.000
                   -0.000 -0.000
  20 C    6  0.000  0.000  0.000 -0.000  0.000 -0.000  0.000 -0.000 -0.000
                   -0.000 -0.000 -0.000  0.000  0.000 -0.000 -0.000  0.000
                   -0.000 -0.000
  21 C    6  0.000  0.000  0.000 -0.000  0.000  0.000 -0.000 -0.000 -0.000
                    0.000 -0.000  0.000 -0.000  0.000 -0.000  0.000 -0.000
                   -0.000 -0.000
  22 C    6  0.000  0.000  0.000 -0.000  0.000  0.000 -0.000 -0.000 -0.000
                    0.000 -0.000  0.000 -0.000  0.000 -0.000  0.000 -0.000
                   -0.000 -0.000
  23 C    6  0.000  0.000  0.000 -0.000  0.000 -0.000  0.000 -0.000  0.000
                   -0.000 -0.000 -0.000  0.000  0.000 -0.000 -0.000  0.000
                   -0.000 -0.000
  24 C    6  0.000  0.000  0.000 -0.000  0.000 -0.000  0.000 -0.000 -0.000
                   -0.000 -0.000 -0.000  0.000  0.000 -0.000 -0.000  0.000
                   -0.000 -0.000
  25 C    6 -0.000  0.000 -0.000  0.000 -0.000 -0.000 -0.000  0.000  0.000
                    0.000 -0.000 -0.000 -0.000  0.000 -0.000  0.000  0.000
                    0.000  0.000
  26 C    6 -0.000  0.000 -0.000  0.000 -0.000 -0.000 -0.000  0.000  0.000
                    0.000 -0.000 -0.000 -0.000  0.000 -0.000  0.000  0.000
                    0.000  0.000
  27 C    6 -0.000  0.000 -0.000  0.000 -0.000 -0.000 -0.000  0.000  0.000
                    0.000 -0.000 -0.000 -0.000  0.000 -0.000 -0.000  0.000
                    0.000  0.000
  28 C    6 -0.000  0.000 -0.000  0.000 -0.000 -0.000 -0.000  0.000  0.000
                    0.000 -0.000 -0.000 -0.000  0.000 -0.000 -0.000  0.000
                    0.000  0.000
  29 C    6 -0.000  0.000 -0.000  0.000 -0.000 -0.000 -0.000  0.000  0.000
                    0.000 -0.000 -0.000 -0.000  0.000 -0.000  0.000  0.000
                    0.000  0.000
  30 C    6 -0.000  0.000 -0.000  0.000 -0.000 -0.000 -0.000  0.000  0.000
                    0.000 -0.000 -0.000 -0.000  0.000 -0.000  0.000  0.000
                    0.000  0.000
  31 C    6 -0.000  0.000 -0.000  0.000 -0.000 -0.000 -0.000  0.000  0.000
                    0.000 -0.000 -0.000 -0.000  0.000 -0.000  0.000  0.000
                    0.000  0.000
  32 C    6 -0.000  0.000 -0.000  0.000 -0.000 -0.000 -0.000  0.000  0.000
                    0.000 -0.000 -0.000 -0.000  0.000 -0.000  0.000  0.000
                    0.000  0.000
  33 C    6 -0.000  0.000 -0.000  0.000 -0.000 -0.000 -0.000  0.000  0.000
                    0.000 -0.000 -0.000 -0.000  0.000 -0.000 -0.000  0.000
                    0.000  0.000
  34 C    6 -0.000  0.000 -0.000  0.000 -0.000 -0.000 -0.000  0.000  0.000
                    0.000 -0.000 -0.000 -0.000  0.000 -0.000 -0.000  0.000
                    0.000  0.000
  35 C    6 -0.000  0.000 -0.000  0.000 -0.000 -0.000 -0.000  0.000  0.000
                    0.000 -0.000 -0.000 -0.000  0.000 -0.000  0.000  0.000
                    0.000  0.000
  36 C    6 -0.000  0.000 -0.000  0.000 -0.000 -0.000 -0.000  0.000  0.000
                    0.000 -0.000 -0.000 -0.000  0.000 -0.000  0.000  0.000
                    0.000  0.000
  37 C    6 -0.000  0.000 -0.000 -0.000 -0.000 -0.000  0.000 -0.000  0.000
                    0.000  0.000  0.000 -0.000  0.000  0.000  0.000 -0.000
                   -0.000 -0.000
  38 C    6 -0.000  0.000 -0.000 -0.000 -0.000 -0.000  0.000 -0.000  0.000
                   -0.000  0.000 -0.000  0.000  0.000  0.000 -0.000  0.000
                    0.000 -0.000
  39 C    6 -0.000  0.000 -0.000 -0.000 -0.000  0.000 -0.000 -0.000 -0.000
                    0.000  0.000 -0.000 -0.000  0.000  0.000  0.000  0.000
                   -0.000  0.000
  40 C    6 -0.000  0.000 -0.000 -0.000 -0.000  0.000 -0.000 -0.000 -0.000
                    0.000  0.000 -0.000 -0.000  0.000  0.000  0.000  0.000
                   -0.000  0.000
  41 C    6 -0.000  0.000 -0.000 -0.000 -0.000 -0.000  0.000 -0.000  0.000
                    0.000  0.000  0.000 -0.000  0.000  0.000  0.000 -0.000
                   -0.000 -0.000
  42 C    6 -0.000  0.000 -0.000 -0.000 -0.000 -0.000  0.000 -0.000  0.000
                   -0.000  0.000 -0.000  0.000  0.000  0.000 -0.000  0.000
                    0.000 -0.000
  43 C    6 -0.000  0.000 -0.000 -0.000 -0.000 -0.000  0.000 -0.000  0.000
                    0.000  0.000  0.000 -0.000  0.000  0.000  0.000 -0.000
                   -0.000 -0.000
  44 C    6 -0.000  0.000 -0.000 -0.000 -0.000 -0.000  0.000 -0.000  0.000
                   -0.000  0.000 -0.000  0.000  0.000  0.000 -0.000  0.000
                    0.000 -0.000
  45 C    6 -0.000  0.000 -0.000 -0.000 -0.000  0.000 -0.000 -0.000 -0.000
                    0.000  0.000 -0.000 -0.000  0.000  0.000  0.000  0.000
                   -0.000  0.000
  46 C    6 -0.000  0.000 -0.000 -0.000 -0.000  0.000 -0.000 -0.000 -0.000
                    0.000  0.000 -0.000 -0.000  0.000  0.000  0.000  0.000
                   -0.000  0.000
  47 C    6 -0.000  0.000 -0.000 -0.000 -0.000 -0.000  0.000 -0.000  0.000
                    0.000  0.000  0.000 -0.000  0.000  0.000  0.000 -0.000
                   -0.000 -0.000
  48 C    6 -0.000  0.000 -0.000 -0.000 -0.000 -0.000  0.000 -0.000  0.000
                   -0.000  0.000 -0.000  0.000  0.000  0.000 -0.000  0.000
                    0.000 -0.000
  49 C    6 -0.000 -0.000 -0.000 -0.000 -0.000 -0.000 -0.000 -0.000  0.000
                    0.000  0.000 -0.000  0.000 -0.000 -0.000  0.000 -0.000
                   -0.000 -0.000
  50 C    6 -0.000 -0.000 -0.000 -0.000 -0.000 -0.000 -0.000 -0.000  0.000
                   -0.000  0.000  0.000  0.000 -0.000 -0.000  0.000 -0.000
                   -0.000  0.000
  51 C    6 -0.000 -0.000 -0.000 -0.000 -0.000 -0.000 -0.000 -0.000  0.000
                    0.000  0.000  0.000 -0.000 -0.000 -0.000 -0.000  0.000
                    0.000 -0.000
  52 C    6 -0.000 -0.000 -0.000 -0.000 -0.000 -0.000 -0.000 -0.000  0.000
                    0.000  0.000  0.000 -0.000 -0.000 -0.000 -0.000  0.000
                    0.000 -0.000
  53 C    6 -0.000 -0.000 -0.000 -0.000 -0.000 -0.000 -0.000 -0.000  0.000
                    0.000  0.000 -0.000  0.000 -0.000 -0.000  0.000 -0.000
                   -0.000 -0.000
  54 C    6 -0.000 -0.000 -0.000 -0.000 -0.000 -0.000 -0.000 -0.000  0.000
                   -0.000  0.000  0.000  0.000 -0.000 -0.000  0.000 -0.000
                   -0.000  0.000
  55 C    6 -0.000 -0.000 -0.000 -0.000 -0.000 -0.000 -0.000 -0.000  0.000
                    0.000  0.000 -0.000  0.000 -0.000 -0.000  0.000 -0.000
                   -0.000 -0.000
  56 C    6 -0.000 -0.000 -0.000 -0.000 -0.000 -0.000 -0.000 -0.000  0.000
                   -0.000  0.000  0.000  0.000 -0.000 -0.000  0.000 -0.000
                   -0.000  0.000
  57 C    6 -0.000 -0.000 -0.000 -0.000 -0.000 -0.000 -0.000 -0.000  0.000
                    0.000  0.000  0.000 -0.000 -0.000 -0.000 -0.000  0.000
                    0.000 -0.000
  58 C    6 -0.000 -0.000 -0.000 -0.000 -0.000 -0.000 -0.000 -0.000  0.000
                    0.000  0.000  0.000 -0.000 -0.000 -0.000 -0.000  0.000
                    0.000 -0.000
  59 C    6 -0.000 -0.000 -0.000 -0.000 -0.000 -0.000 -0.000 -0.000  0.000
                    0.000  0.000 -0.000  0.000 -0.000 -0.000  0.000 -0.000
                   -0.000 -0.000
  60 C    6 -0.000 -0.000 -0.000 -0.000 -0.000 -0.000 -0.000 -0.000  0.000
                   -0.000  0.000  0.000  0.000 -0.000 -0.000  0.000 -0.000
                   -0.000  0.000
  61 C    6  0.000  0.000 -0.000  0.000  0.000  0.000 -0.000  0.000  0.000
                   -0.000 -0.000 -0.000  0.000 -0.000 -0.000  0.000  0.000
                   -0.000  0.000
  62 C    6  0.000  0.000 -0.000  0.000  0.000 -0.000  0.000  0.000  0.000
                   -0.000 -0.000 -0.000  0.000 -0.000 -0.000  0.000  0.000
                    0.000 -0.000
  63 C    6  0.000  0.000 -0.000  0.000  0.000  0.000 -0.000  0.000 -0.000
                    0.000 -0.000  0.000 -0.000 -0.000 -0.000  0.000  0.000
                    0.000  0.000
  64 C    6  0.000  0.000 -0.000  0.000  0.000  0.000 -0.000  0.000 -0.000
                    0.000 -0.000  0.000 -0.000 -0.000 -0.000  0.000  0.000
                    0.000  0.000
  65 C    6  0.000  0.000 -0.000  0.000  0.000  0.000 -0.000  0.000  0.000
                   -0.000 -0.000 -0.000  0.000 -0.000 -0.000  0.000  0.000
                   -0.000  0.000
  66 C    6  0.000  0.000 -0.000  0.000  0.000 -0.000  0.000  0.000  0.000
                   -0.000 -0.000 -0.000  0.000 -0.000 -0.000  0.000  0.000
                    0.000 -0.000
  67 C    6  0.000  0.000 -0.000  0.000  0.000  0.000 -0.000  0.000  0.000
                   -0.000 -0.000 -0.000  0.000 -0.000 -0.000  0.000  0.000
                   -0.000  0.000
  68 C    6  0.000  0.000 -0.000  0.000  0.000 -0.000  0.000  0.000  0.000
                   -0.000 -0.000 -0.000  0.000 -0.000 -0.000  0.000  0.000
                    0.000 -0.000
  69 C    6  0.000  0.000 -0.000  0.000  0.000  0.000 -0.000  0.000 -0.000
                    0.000 -0.000  0.000 -0.000 -0.000 -0.000  0.000  0.000
                    0.000  0.000
  70 C    6  0.000  0.000 -0.000  0.000  0.000  0.000 -0.000  0.000 -0.000
                    0.000 -0.000  0.000 -0.000 -0.000 -0.000  0.000  0.000
                    0.000  0.000
  71 C    6  0.000  0.000 -0.000  0.000  0.000  0.000 -0.000  0.000  0.000
                   -0.000 -0.000 -0.000  0.000 -0.000 -0.000  0.000  0.000
                   -0.000  0.000
  72 C    6  0.000  0.000 -0.000  0.000  0.000 -0.000  0.000  0.000  0.000
                   -0.000 -0.000 -0.000  0.000 -0.000 -0.000  0.000  0.000
                    0.000 -0.000
  73 C    6  0.000  0.000 -0.000  0.000  0.000  0.000 -0.000  0.000 -0.000
                    0.000 -0.000  0.000 -0.000  0.000 -0.000  0.000  0.000
                    0.000  0.000
  74 C    6  0.000  0.000 -0.000  0.000  0.000 -0.000  0.000  0.000  0.000
                   -0.000 -0.000 -0.000  0.000  0.000 -0.000  0.000  0.000
                    0.000  0.000
  75 C    6  0.000  0.000 -0.000  0.000  0.000  0.000 -0.000  0.000  0.000
                    0.000 -0.000 -0.000 -0.000  0.000 -0.000  0.000  0.000
                    0.000  0.000
  76 C    6  0.000  0.000 -0.000  0.000  0.000  0.000 -0.000  0.000  0.000
                    0.000 -0.000 -0.000 -0.000  0.000 -0.000  0.000  0.000
                    0.000  0.000
  77 C    6  0.000  0.000 -0.000  0.000  0.000  0.000 -0.000  0.000 -0.000
                    0.000 -0.000  0.000 -0.000  0.000 -0.000  0.000  0.000
                    0.000  0.000
  78 C    6  0.000  0.000 -0.000  0.000  0.000 -0.000  0.000  0.000  0.000
                   -0.000 -0.000 -0.000  0.000  0.000 -0.000  0.000  0.000
                    0.000  0.000
  79 C    6  0.000  0.000 -0.000  0.000  0.000  0.000 -0.000  0.000 -0.000
                    0.000 -0.000  0.000 -0.000  0.000 -0.000  0.000  0.000
                    0.000  0.000
  80 C    6  0.000  0.000 -0.000  0.000  0.000 -0.000  0.000  0.000  0.000
                   -0.000 -0.000 -0.000  0.000  0.000 -0.000  0.000  0.000
                    0.000  0.000
  81 C    6  0.000  0.000 -0.000  0.000  0.000  0.000 -0.000  0.000  0.000
                    0.000 -0.000 -0.000 -0.000  0.000 -0.000  0.000  0.000
                    0.000  0.000
  82 C    6  0.000  0.000 -0.000  0.000  0.000  0.000 -0.000  0.000  0.000
                    0.000 -0.000 -0.000 -0.000  0.000 -0.000  0.000  0.000
                    0.000  0.000
  83 C    6  0.000  0.000 -0.000  0.000  0.000  0.000 -0.000  0.000 -0.000
                    0.000 -0.000  0.000 -0.000  0.000 -0.000  0.000  0.000
                    0.000  0.000
  84 C    6  0.000  0.000 -0.000  0.000  0.000 -0.000  0.000  0.000  0.000
                   -0.000 -0.000 -0.000  0.000  0.000 -0.000  0.000  0.000
                    0.000  0.000

  ATOM    Z CHARGE  SHELL POPULATION

   1 C    6  0.000  0.000 -0.000 -0.000  0.000  0.000  0.000 -0.000  0.000
   2 C    6  0.000  0.000 -0.000 -0.000  0.000  0.000  0.000 -0.000  0.000
   3 C    6  0.000  0.000 -0.000 -0.000  0.000  0.000  0.000 -0.000  0.000
   4 C    6  0.000  0.000 -0.000 -0.000  0.000  0.000  0.000 -0.000  0.000
   5 C    6  0.000  0.000 -0.000 -0.000  0.000  0.000  0.000 -0.000  0.000
   6 C    6  0.000  0.000 -0.000 -0.000  0.000  0.000  0.000 -0.000  0.000
   7 C    6  0.000  0.000 -0.000 -0.000  0.000  0.000  0.000 -0.000  0.000
   8 C    6  0.000  0.000 -0.000 -0.000  0.000  0.000  0.000 -0.000  0.000
   9 C    6  0.000  0.000 -0.000 -0.000  0.000  0.000  0.000 -0.000  0.000
  10 C    6  0.000  0.000 -0.000 -0.000  0.000  0.000  0.000 -0.000  0.000
  11 C    6  0.000  0.000 -0.000 -0.000  0.000  0.000  0.000 -0.000  0.000
  12 C    6  0.000  0.000 -0.000 -0.000  0.000  0.000  0.000 -0.000  0.000
  13 C    6  0.000  0.000  0.000 -0.000  0.000 -0.000 -0.000  0.000 -0.000
  14 C    6  0.000  0.000  0.000 -0.000  0.000 -0.000 -0.000  0.000 -0.000
  15 C    6  0.000  0.000  0.000 -0.000  0.000 -0.000 -0.000  0.000 -0.000
  16 C    6  0.000  0.000  0.000 -0.000  0.000 -0.000 -0.000  0.000 -0.000
  17 C    6  0.000  0.000  0.000 -0.000  0.000 -0.000 -0.000  0.000 -0.000
  18 C    6  0.000  0.000  0.000 -0.000  0.000 -0.000 -0.000  0.000 -0.000
  19 C    6  0.000  0.000  0.000 -0.000  0.000 -0.000 -0.000  0.000 -0.000
  20 C    6  0.000  0.000  0.000 -0.000  0.000 -0.000 -0.000  0.000 -0.000
  21 C    6  0.000  0.000  0.000 -0.000  0.000 -0.000 -0.000  0.000 -0.000
  22 C    6  0.000  0.000  0.000 -0.000  0.000 -0.000 -0.000  0.000 -0.000
  23 C    6  0.000  0.000  0.000 -0.000  0.000 -0.000 -0.000  0.000 -0.000
  24 C    6  0.000  0.000  0.000 -0.000  0.000 -0.000 -0.000  0.000 -0.000
  25 C    6 -0.000  0.000 -0.000  0.000 -0.000 -0.000  0.000 -0.000  0.000
  26 C    6 -0.000  0.000 -0.000  0.000 -0.000 -0.000  0.000 -0.000  0.000
  27 C    6 -0.000  0.000 -0.000  0.000 -0.000 -0.000  0.000 -0.000  0.000
  28 C    6 -0.000  0.000 -0.000  0.000 -0.000 -0.000  0.000 -0.000  0.000
  29 C    6 -0.000  0.000 -0.000  0.000 -0.000 -0.000  0.000 -0.000  0.000
  30 C    6 -0.000  0.000 -0.000  0.000 -0.000 -0.000  0.000 -0.000  0.000
  31 C    6 -0.000  0.000 -0.000  0.000 -0.000 -0.000  0.000 -0.000  0.000
  32 C    6 -0.000  0.000 -0.000  0.000 -0.000 -0.000  0.000 -0.000  0.000
  33 C    6 -0.000  0.000 -0.000  0.000 -0.000 -0.000  0.000 -0.000  0.000
  34 C    6 -0.000  0.000 -0.000  0.000 -0.000 -0.000  0.000 -0.000  0.000
  35 C    6 -0.000  0.000 -0.000  0.000 -0.000 -0.000  0.000 -0.000  0.000
  36 C    6 -0.000  0.000 -0.000  0.000 -0.000 -0.000  0.000 -0.000  0.000
  37 C    6 -0.000  0.000 -0.000 -0.000 -0.000 -0.000  0.000  0.000  0.000
  38 C    6 -0.000  0.000 -0.000 -0.000 -0.000 -0.000  0.000  0.000  0.000
  39 C    6 -0.000  0.000 -0.000 -0.000 -0.000 -0.000  0.000  0.000  0.000
  40 C    6 -0.000  0.000 -0.000 -0.000 -0.000 -0.000  0.000  0.000  0.000
  41 C    6 -0.000  0.000 -0.000 -0.000 -0.000 -0.000  0.000  0.000  0.000
  42 C    6 -0.000  0.000 -0.000 -0.000 -0.000 -0.000  0.000  0.000  0.000
  43 C    6 -0.000  0.000 -0.000 -0.000 -0.000 -0.000  0.000  0.000  0.000
  44 C    6 -0.000  0.000 -0.000 -0.000 -0.000 -0.000  0.000  0.000  0.000
  45 C    6 -0.000  0.000 -0.000 -0.000 -0.000 -0.000  0.000  0.000  0.000
  46 C    6 -0.000  0.000 -0.000 -0.000 -0.000 -0.000  0.000  0.000  0.000
  47 C    6 -0.000  0.000 -0.000 -0.000 -0.000 -0.000  0.000  0.000  0.000
  48 C    6 -0.000  0.000 -0.000 -0.000 -0.000 -0.000  0.000  0.000  0.000
  49 C    6 -0.000 -0.000 -0.000 -0.000 -0.000 -0.000  0.000 -0.000 -0.000
  50 C    6 -0.000 -0.000 -0.000 -0.000 -0.000 -0.000  0.000 -0.000 -0.000
  51 C    6 -0.000 -0.000 -0.000 -0.000 -0.000 -0.000  0.000 -0.000 -0.000
  52 C    6 -0.000 -0.000 -0.000 -0.000 -0.000 -0.000  0.000 -0.000 -0.000
  53 C    6 -0.000 -0.000 -0.000 -0.000 -0.000 -0.000  0.000 -0.000 -0.000
  54 C    6 -0.000 -0.000 -0.000 -0.000 -0.000 -0.000  0.000 -0.000 -0.000
  55 C    6 -0.000 -0.000 -0.000 -0.000 -0.000 -0.000  0.000 -0.000 -0.000
  56 C    6 -0.000 -0.000 -0.000 -0.000 -0.000 -0.000  0.000 -0.000 -0.000
  57 C    6 -0.000 -0.000 -0.000 -0.000 -0.000 -0.000  0.000 -0.000 -0.000
  58 C    6 -0.000 -0.000 -0.000 -0.000 -0.000 -0.000  0.000 -0.000 -0.000
  59 C    6 -0.000 -0.000 -0.000 -0.000 -0.000 -0.000  0.000 -0.000 -0.000
  60 C    6 -0.000 -0.000 -0.000 -0.000 -0.000 -0.000  0.000 -0.000 -0.000
  61 C    6  0.000  0.000 -0.000  0.000  0.000  0.000  0.000  0.000  0.000
  62 C    6  0.000  0.000 -0.000  0.000  0.000  0.000  0.000  0.000  0.000
  63 C    6  0.000  0.000 -0.000  0.000  0.000  0.000  0.000  0.000  0.000
  64 C    6  0.000  0.000 -0.000  0.000  0.000  0.000  0.000  0.000  0.000
  65 C    6  0.000  0.000 -0.000  0.000  0.000  0.000  0.000  0.000  0.000
  66 C    6  0.000  0.000 -0.000  0.000  0.000  0.000  0.000  0.000  0.000
  67 C    6  0.000  0.000 -0.000  0.000  0.000  0.000  0.000  0.000  0.000
  68 C    6  0.000  0.000 -0.000  0.000  0.000  0.000  0.000  0.000  0.000
  69 C    6  0.000  0.000 -0.000  0.000  0.000  0.000  0.000  0.000  0.000
  70 C    6  0.000  0.000 -0.000  0.000  0.000  0.000  0.000  0.000  0.000
  71 C    6  0.000  0.000 -0.000  0.000  0.000  0.000  0.000  0.000  0.000
  72 C    6  0.000  0.000 -0.000  0.000  0.000  0.000  0.000  0.000  0.000
  73 C    6  0.000  0.000 -0.000  0.000  0.000  0.000  0.000  0.000  0.000
  74 C    6  0.000  0.000 -0.000  0.000  0.000  0.000  0.000  0.000  0.000
  75 C    6  0.000  0.000 -0.000  0.000  0.000  0.000  0.000  0.000  0.000
  76 C    6  0.000  0.000 -0.000  0.000  0.000  0.000  0.000  0.000  0.000
  77 C    6  0.000  0.000 -0.000  0.000  0.000  0.000  0.000  0.000  0.000
  78 C    6  0.000  0.000 -0.000  0.000  0.000  0.000  0.000  0.000  0.000
  79 C    6  0.000  0.000 -0.000  0.000  0.000  0.000  0.000  0.000  0.000
  80 C    6  0.000  0.000 -0.000  0.000  0.000  0.000  0.000  0.000  0.000
  81 C    6  0.000  0.000 -0.000  0.000  0.000  0.000  0.000  0.000  0.000
  82 C    6  0.000  0.000 -0.000  0.000  0.000  0.000  0.000  0.000  0.000
  83 C    6  0.000  0.000 -0.000  0.000  0.000  0.000  0.000  0.000  0.000
  84 C    6  0.000  0.000 -0.000  0.000  0.000  0.000  0.000  0.000  0.000

 OVERLAP POPULATION CONDENSED TO ATOMS FOR FIRST   6 NEIGHBORS

 ATOM A   1 C    ATOM B     CELL      R(AB)/AU R(AB)/ANG    OVPOP(AB)
                 39 C    (  0  0  0)     2.738     1.449     0.000
                 18 C    (  0  0  0)     2.914     1.542     0.000
                 82 C    (  0  0  0)     2.942     1.557     0.000
                 33 C    (  0  0  0)     2.953     1.563    -0.000
                 19 C    (  0  0  0)     4.367     2.311     0.000
                 74 C    (  0  0  0)     4.491     2.376     0.000

 ATOM A  13 C    ATOM B     CELL      R(AB)/AU R(AB)/ANG    OVPOP(AB)
                 16 C    (  0  0  0)     2.773     1.467    -0.000
                  6 C    (  0  0  0)     2.914     1.542     0.000
                 27 C    (  0  0  0)     3.057     1.618    -0.000
                 53 C    (  0  0  0)     3.211     1.699    -0.000
                  7 C    (  0  0  0)     4.367     2.311     0.000
                  3 C    (  0  0  0)     4.549     2.407     0.000

 ATOM A  25 C    ATOM B     CELL      R(AB)/AU R(AB)/ANG    OVPOP(AB)
                 71 C    (  0  0  0)     2.884     1.526    -0.000
                 66 C    (  0  0  0)     2.943     1.557     0.000
                  8 C    (  0  0  0)     2.953     1.563    -0.000
                 14 C    (  0  0  0)     3.057     1.618    -0.000
                 43 C    (  0  0  0)     4.417     2.337     0.000
                 78 C    (  0  0  0)     4.701     2.487    -0.000

 ATOM A  37 C    ATOM B     CELL      R(AB)/AU R(AB)/ANG    OVPOP(AB)
                 75 C    (  0  0  0)     2.474     1.309     0.000
                  2 C    (  0  0  0)     2.738     1.449     0.000
                 58 C    (  0  0  0)     2.849     1.508     0.000
                 31 C    (  0  0  0)     4.417     2.337     0.000
                 51 C    (  0 -1  0)     4.428     2.343    -0.000
                 82 C    (  0 -1  0)     4.534     2.399    -0.000

 ATOM A  49 C    ATOM B     CELL      R(AB)/AU R(AB)/ANG    OVPOP(AB)
                 73 C    ( -1 -1  0)     2.707     1.433     0.000
                 46 C    (  0  0  1)     2.849     1.508     0.000
                 55 C    ( -1 -1  1)     3.168     1.676    -0.000
                 17 C    (  0  0  0)     3.211     1.699    -0.000
                 79 C    (  0  0  1)     4.394     2.325     0.000
                 38 C    ( -1 -1  0)     4.428     2.343    -0.000

 ATOM A  61 C    ATOM B     CELL      R(AB)/AU R(AB)/ANG    OVPOP(AB)
                 64 C    (  0  0  0)     2.515     1.331    -0.000
                 35 C    (  0  0  0)     2.884     1.526    -0.000
                 30 C    (  0  0 -1)     2.943     1.557     0.000
                  6 C    (  0  0 -1)     4.692     2.483     0.000
                 27 C    (  0  0  0)     4.720     2.498    -0.000
                 32 C    (  0  0  0)     4.735     2.506     0.000

 ATOM A  73 C    ATOM B     CELL      R(AB)/AU R(AB)/ANG    OVPOP(AB)
                 38 C    (  0  0  0)     2.474     1.309     0.000
                 49 C    (  1  1  0)     2.707     1.433     0.000
                 10 C    (  0  0  1)     2.942     1.557     0.000
                 55 C    (  0  0  1)     4.394     2.325     0.000
                  3 C    (  0  0  0)     4.491     2.376     0.000
                 46 C    (  1  1  1)     4.534     2.399    -0.000
 EIGENVECTORS IN FORTRAN UNIT 10
 TTTTTTTTTTTTTTTTTTTTTTTTTTTTTT END         TELAPSE     2691.58 TCPU     2688.58
 EEEEEEEEEE TERMINATION  DATE 30 01 2026 TIME 22:59:16.8
NODE    0 CPU TIME =      2688.582
NODE    1 CPU TIME =      2688.803
NODE    2 CPU TIME =      2681.633
NODE    3 CPU TIME =      2687.331
NODE    4 CPU TIME =      2688.325
NODE    5 CPU TIME =      2687.269
NODE    6 CPU TIME =      2683.168
NODE    7 CPU TIME =      2688.298
NODE    8 CPU TIME =      2681.590
NODE    9 CPU TIME =      2675.403
NODE   10 CPU TIME =      2673.857
NODE   11 CPU TIME =      2675.933
NODE   12 CPU TIME =      2688.672
NODE   13 CPU TIME =      2688.310
NODE   14 CPU TIME =      2688.446
NODE   15 CPU TIME =      2689.214
NODE   16 CPU TIME =      2687.839
NODE   17 CPU TIME =      2678.790
NODE   18 CPU TIME =      2688.245
NODE   19 CPU TIME =      2688.357
NODE   20 CPU TIME =      2688.175
NODE   21 CPU TIME =      2688.472
NODE   22 CPU TIME =      2687.546
NODE   23 CPU TIME =      2688.114
NODE   24 CPU TIME =      2688.026
NODE   25 CPU TIME =      2681.265
NODE   26 CPU TIME =      2681.462
NODE   27 CPU TIME =      2689.386
NODE   28 CPU TIME =      2689.136
NODE   29 CPU TIME =      2689.384
NODE   30 CPU TIME =      2687.724
NODE   31 CPU TIME =      2687.935
    TOTAL CPU TIME =     85944.693
