MPI startup(): Warning: I_MPI_PMI_LIBRARY will be ignored since the hydra process manager was found
MPI startup(): Warning: I_MPI_PMI_LIBRARY will be ignored since the hydra process manager was found
MPI startup(): Warning: I_MPI_PMI_LIBRARY will be ignored since the hydra process manager was found
MPI startup(): Warning: I_MPI_PMI_LIBRARY will be ignored since the hydra process manager was found
MPI startup(): Warning: I_MPI_PMI_LIBRARY will be ignored since the hydra process manager was found
MPI startup(): Warning: I_MPI_PMI_LIBRARY will be ignored since the hydra process manager was found
MPI startup(): Warning: I_MPI_PMI_LIBRARY will be ignored since the hydra process manager was found
MPI startup(): Warning: I_MPI_PMI_LIBRARY will be ignored since the hydra process manager was found
MPI startup(): Warning: I_MPI_PMI_LIBRARY will be ignored since the hydra process manager was found
MPI startup(): Warning: I_MPI_PMI_LIBRARY will be ignored since the hydra process manager was found
MPI startup(): Warning: I_MPI_PMI_LIBRARY will be ignored since the hydra process manager was found
MPI startup(): Warning: I_MPI_PMI_LIBRARY will be ignored since the hydra process manager was found
MPI startup(): Warning: I_MPI_PMI_LIBRARY will be ignored since the hydra process manager was found
MPI startup(): Warning: I_MPI_PMI_LIBRARY will be ignored since the hydra process manager was found
MPI startup(): Warning: I_MPI_PMI_LIBRARY will be ignored since the hydra process manager was found
MPI startup(): Warning: I_MPI_PMI_LIBRARY will be ignored since the hydra process manager was found
MPI startup(): Warning: I_MPI_PMI_LIBRARY will be ignored since the hydra process manager was found
MPI startup(): Warning: I_MPI_PMI_LIBRARY will be ignored since the hydra process manager was found
MPI startup(): Warning: I_MPI_PMI_LIBRARY will be ignored since the hydra process manager was found
MPI startup(): Warning: I_MPI_PMI_LIBRARY will be ignored since the hydra process manager was found
MPI startup(): Warning: I_MPI_PMI_LIBRARY will be ignored since the hydra process manager was found
MPI startup(): Warning: I_MPI_PMI_LIBRARY will be ignored since the hydra process manager was found
MPI startup(): Warning: I_MPI_PMI_LIBRARY will be ignored since the hydra process manager was found
MPI startup(): Warning: I_MPI_PMI_LIBRARY will be ignored since the hydra process manager was found
MPI startup(): Warning: I_MPI_PMI_LIBRARY will be ignored since the hydra process manager was found
MPI startup(): Warning: I_MPI_PMI_LIBRARY will be ignored since the hydra process manager was found
MPI startup(): Warning: I_MPI_PMI_LIBRARY will be ignored since the hydra process manager was found
MPI startup(): Warning: I_MPI_PMI_LIBRARY will be ignored since the hydra process manager was found
MPI startup(): Warning: I_MPI_PMI_LIBRARY will be ignored since the hydra process manager was found
MPI startup(): Warning: I_MPI_PMI_LIBRARY will be ignored since the hydra process manager was found
MPI startup(): Warning: I_MPI_PMI_LIBRARY will be ignored since the hydra process manager was found
MPI startup(): Warning: I_MPI_PMI_LIBRARY will be ignored since the hydra process manager was found
 PROCESS           19  OF           32  WORKING
 PROCESS           23  OF           32  WORKING
 PROCESS           17  OF           32  WORKING
 PROCESS           10  OF           32  WORKING
 PROCESS           27  OF           32  WORKING
 PROCESS           28  OF           32  WORKING
 PROCESS           31  OF           32  WORKING
 PROCESS           12  OF           32  WORKING
 PROCESS           25  OF           32  WORKING
 PROCESS           21  OF           32  WORKING
 PROCESS            8  OF           32  WORKING
 PROCESS           13  OF           32  WORKING
 PROCESS           22  OF           32  WORKING
 PROCESS           20  OF           32  WORKING
 PROCESS           11  OF           32  WORKING
 PROCESS            6  OF           32  WORKING
 PROCESS           15  OF           32  WORKING
 PROCESS            0  OF           32  WORKING
 PROCESS           24  OF           32  WORKING
 PROCESS           29  OF           32  WORKING
 PROCESS           30  OF           32  WORKING
 PROCESS            7  OF           32  WORKING
 PROCESS            1  OF           32  WORKING
 PROCESS            5  OF           32  WORKING
 PROCESS           18  OF           32  WORKING
 PROCESS           16  OF           32  WORKING

         
 *******************************************************************************
 *                                                                             *
 *                               CRYSTAL23                                     *
 *                      public : 1.0.1 - October 2022                          *
 *                       HTTP://WWW.CRYSTAL.UNITO.IT                           *
 *                                                                             *
 *                              MAIN AUTHORS                                   *
 *                                                                             *
 *  R. DOVESI(1,11), V.R. SAUNDERS(2), C. ROETTI(1,11), R. ORLANDO(1,11),      *
 *  C.M. ZICOVICH-WILSON(1,3), F. PASCALE(4), B. CIVALLERI(1,11),              *
 *  K. DOLL(5), N.M. HARRISON(6), I.J. BUSH(7), Ph. D'ARCO(8),                 *
 *  M. LLUNELL(9), M. CAUSA'(10), Y. NOEL(8), L. MASCHIO(1,11), A. ERBA(1,11)  *
 *  M. RE'RAT(14), S. CASASSA(1,11), B.G. SEARLE(2), J.K. DESMARAIS(1)         *
 *                                                                             *
 *        CONTRIBUTIONS TO THE CODE HAVE ALSO BEEN GIVEN BY                    *
 *                                                                             *
 *  M. FERRABONE(1,11), M. DE LA PIERRE(1,11), M. FERRERO(1,11),               *
 *  J. BAIMA(1,11), E. ALBANESE(1,11), M.F. PEINTINGER(12), R. BAST(13),       *
 *  B. KIRTMAN(15), V. LACIVITA(1,11), R. DEMICHELIS(1,16)                     *
 *  G. BRANDEBURG(17), S. SALUSTRO(1,11), G. SANSONE(1,11)                     *
 *  M.T. RUGGIERO(18), L.E. DAGA(1), L. DONA'(1), A. COSSARD(1)                *
 *                                                                             *
 * (1) THEORETICAL CHEMISTRY GROUP - UNIVERSITA' DI TORINO - TORINO (ITALY)    *
 * (2) SCIENTIFIC COMPUTING DEPARTMENT - STFC DARESBURY (UK)                   *
 * (3) UNIVERSIDAD AUTONOMA DEL ESTADO DE MORELOS - CUERNAVACA (MEXICO)        *
 * (4) UNIVERSITE' DE LORRAINE - NANCY (FRANCE)                                *
 * (5) UNIVERSITAET STUTTGART- STUTTGART (GERMANY)                             *
 * (6) IMPERIAL COLLEGE - LONDON (UK)                                          *
 * (7) SCIENTIFIC COMPUTING DEPARTMENT - STFC RAL (UK)                         *
 * (8) UPMC - SORBONNE UNIVERSITES - PARIS (FRANCE)                            *
 * (9) UNIVERSIDAD DE BARCELONA - BARCELONA (SPAIN)                            *
 *(10) UNIVERSITA' DI NAPOLI "FEDERICO II" - NAPOLI (ITALY)                    *
 *(11) NIS - NANOSTRUCTURED INTERFACES AND SURFACES - TORINO (ITALY)           *
 *(12) MPI FUER CHEMISCHE ENERGIEKONVERSION - MUELHEIM AN DER RUHR (GERMANY)   *
 *(13) UNIVERSITY OF TROMSO - TROMSO (NORWAY)                                  *
 *(14) UNIVERSITE' DE PAU ET DES PAYS DE L'ADOUR - PAU (FRANCE)                *
 *(15) UNIVERSITY OF CALIFORNIA SANTA BARBARA - SANTA BARBARA (USA)            *
 *(16) CURTIN UNIVERSITY - PERTH (AUSTRALIA)                                   *
 *(17) UNIVERSITY COLLEGE LONDON - LONDON (UK)                                 *
 *(18) UNIVERSITY OF VERMONT - BURLINGTON (USA)                                *
 *                                                                             *
 *******************************************************************************
 EEEEEEEEEE STARTING  DATE 30 01 2026 TIME 18:43:23.1
 ./3^34,4^14T1-CA_rev1_sp_B3LYP-D3-D3_optimized                                  
 PROCESS            2  OF           32  WORKING
 PROCESS           26  OF           32  WORKING
 PROCESS            3  OF           32  WORKING
 PROCESS           14  OF           32  WORKING
 PROCESS            4  OF           32  WORKING
 PROCESS            9  OF           32  WORKING

 CRYSTAL CALCULATION
 (INPUT ACCORDING TO THE INTERNATIONAL TABLES FOR X-RAY CRYSTALLOGRAPHY)
 CRYSTAL FAMILY                       :  TRICLINIC   
 CRYSTAL CLASS  (GROTH - 1921)        :  TRICLINIC PEDIAL                     

 SPACE GROUP (NONCENTROSYMMETRIC)     :  P 1             

 LATTICE PARAMETERS  (ANGSTROMS AND DEGREES) - CONVENTIONAL CELL
        A           B           C        ALPHA        BETA       GAMMA
     6.53045     6.77124     9.17556    86.92888    88.12675    87.35105


 NUMBER OF IRREDUCIBLE ATOMS IN THE CONVENTIONAL CELL:   48

 INPUT COORDINATES

 ATOM AT. N.              COORDINATES
   1   6    -2.038457503706E-01  1.902154271655E-01  3.267852692116E-02
   2   6     2.127615902374E-01 -2.415565462073E-01  1.187750320624E-01
   3   6     2.767207057325E-01  2.230087286204E-01  5.672032773925E-02
   4   6    -2.302877781532E-01 -3.107583704471E-01  2.472979124315E-02
   5   6    -3.049130031773E-01 -1.990842179220E-01  4.397621290495E-01
   6   6     2.573816556064E-01  2.798134442037E-01  4.584566940132E-01
   7   6     1.869610749394E-01 -2.110382215864E-01  4.431740111965E-01
   8   6    -2.229519813468E-01  2.391804463232E-01  3.981927249667E-01
   9   6    -2.122296599656E-01  3.270848396488E-01 -8.782716828709E-02
  10   6     2.966861061943E-01 -2.995012999539E-01 -2.857551693671E-02
  11   6     2.212939430407E-01  2.279232316649E-01 -8.846540969270E-02
  12   6    -1.481457073831E-01 -2.158114234511E-01 -1.079502205058E-01
  13   6    -2.089028954614E-01 -1.203788854813E-01 -4.315368588118E-01
  14   6     2.578499626914E-01  2.200475624716E-01 -3.982326383468E-01
  15   6     3.193246813412E-01 -2.124739216482E-01 -4.211043471182E-01
  16   6    -2.931919040357E-01  3.206864582923E-01 -4.701890725420E-01
  17   6    -2.562186779894E-01 -3.159509198941E-01 -1.992866779421E-01
  18   6     3.493505043703E-01  3.725580002908E-01 -1.728877206927E-01
  19   6    -1.225851667153E-01  2.556223563110E-01 -2.176173705640E-01
  20   6     2.177292698569E-01 -1.818535764014E-01 -1.368392739545E-01
  21   6    -1.741825103567E-01  2.316079956050E-01 -3.574796350331E-01
  22   6     2.444799045669E-01 -1.368136824914E-01 -2.940260863600E-01
  23   6    -3.082205297252E-01 -2.480836090761E-01 -3.370527336038E-01
  24   6     3.791239585938E-01  3.559708618345E-01 -3.180615858621E-01
  25   6    -2.146221145847E-01 -1.957910313046E-01  1.406307613374E-01
  26   6     1.983954829088E-01  1.362142676616E-01  1.963922847969E-01
  27   6    -3.559883250762E-01  2.505826227455E-01  1.310353951464E-01
  28   6     2.376829963048E-01 -3.845327732300E-01  2.230074551896E-01
  29   6    -3.424768358589E-01  2.811549821755E-01  2.754848041532E-01
  30   6     2.421892573846E-01 -3.741049108524E-01  3.782281738800E-01
  31   6    -2.021269739957E-01 -1.932281561304E-01  3.061638634171E-01
  32   6     1.611311305777E-01  1.908818184679E-01  3.423747065007E-01
  33   6     3.820858348835E-01  4.556513103761E-01  4.332370285445E-01
  34   6     4.975077458482E-01  4.173029498250E-01  3.044950821702E-01
  35   6    -1.761428253379E-03 -9.356380425115E-02  3.321129698050E-01
  36   6    -3.066875184695E-02  9.910776575054E-02  4.095513302294E-01
  37   6     9.153004082593E-02 -4.712705930132E-02  1.761802931956E-01
  38   6    -7.870018832981E-02 -1.493690578747E-02  6.647023950866E-02
  39   6     4.455329756960E-01  3.626795485191E-01  7.137165965362E-02
  40   6     3.879017575644E-01  4.713431241608E-01  1.926046100031E-01
  41   6     1.321756567422E-01  5.554144376132E-02 -3.270525517720E-01
  42   6    -5.907262422273E-02  5.139774849831E-02 -4.230177970699E-01
  43   6    -4.618858604160E-01 -3.160354573499E-01 -4.373939764198E-01
  44   6    -4.849959410618E-01  4.612478564103E-01 -4.389055619630E-01
  45   6     4.439448367197E-01 -4.954794001125E-01 -6.217935416143E-02
  46   6    -3.284456483826E-01 -4.667143975707E-01 -8.244595148388E-02
  47   6     5.607633138321E-02  1.223758477074E-01 -1.770371324578E-01
  48   6     7.942852698424E-03 -6.737206804061E-02 -8.972525314209E-02

 *******************************************************************************

 << INFORMATION >>: FROM NOW ON, ALL COORDINATES REFER TO THE PRIMITIVE CELL

 *******************************************************************************

 LATTICE PARAMETERS  (ANGSTROMS AND DEGREES) - PRIMITIVE CELL
       A          B          C        ALPHA      BETA     GAMMA        VOLUME
    6.53045    6.77124    9.17556    86.92888  88.12675  87.35105    404.534424

 COORDINATES OF THE EQUIVALENT ATOMS (FRACTIONAL UNITS)

 N. ATOM EQUIV AT. N.          X                  Y                  Z

   1   1   1    6 C    -2.03845750371E-01  1.90215427165E-01  3.26785269212E-02

   2   2   1    6 C     2.12761590237E-01 -2.41556546207E-01  1.18775032062E-01

   3   3   1    6 C     2.76720705733E-01  2.23008728620E-01  5.67203277393E-02

   4   4   1    6 C    -2.30287778153E-01 -3.10758370447E-01  2.47297912432E-02

   5   5   1    6 C    -3.04913003177E-01 -1.99084217922E-01  4.39762129050E-01

   6   6   1    6 C     2.57381655606E-01  2.79813444204E-01  4.58456694013E-01

   7   7   1    6 C     1.86961074939E-01 -2.11038221586E-01  4.43174011197E-01

   8   8   1    6 C    -2.22951981347E-01  2.39180446323E-01  3.98192724967E-01

   9   9   1    6 C    -2.12229659966E-01  3.27084839649E-01 -8.78271682871E-02

  10  10   1    6 C     2.96686106194E-01 -2.99501299954E-01 -2.85755169367E-02

  11  11   1    6 C     2.21293943041E-01  2.27923231665E-01 -8.84654096927E-02

  12  12   1    6 C    -1.48145707383E-01 -2.15811423451E-01 -1.07950220506E-01

  13  13   1    6 C    -2.08902895461E-01 -1.20378885481E-01 -4.31536858812E-01

  14  14   1    6 C     2.57849962691E-01  2.20047562472E-01 -3.98232638347E-01

  15  15   1    6 C     3.19324681341E-01 -2.12473921648E-01 -4.21104347118E-01

  16  16   1    6 C    -2.93191904036E-01  3.20686458292E-01 -4.70189072542E-01

  17  17   1    6 C    -2.56218677989E-01 -3.15950919894E-01 -1.99286677942E-01

  18  18   1    6 C     3.49350504370E-01  3.72558000291E-01 -1.72887720693E-01

  19  19   1    6 C    -1.22585166715E-01  2.55622356311E-01 -2.17617370564E-01

  20  20   1    6 C     2.17729269857E-01 -1.81853576401E-01 -1.36839273954E-01

  21  21   1    6 C    -1.74182510357E-01  2.31607995605E-01 -3.57479635033E-01

  22  22   1    6 C     2.44479904567E-01 -1.36813682491E-01 -2.94026086360E-01

  23  23   1    6 C    -3.08220529725E-01 -2.48083609076E-01 -3.37052733604E-01

  24  24   1    6 C     3.79123958594E-01  3.55970861834E-01 -3.18061585862E-01

  25  25   1    6 C    -2.14622114585E-01 -1.95791031305E-01  1.40630761337E-01

  26  26   1    6 C     1.98395482909E-01  1.36214267662E-01  1.96392284797E-01

  27  27   1    6 C    -3.55988325076E-01  2.50582622746E-01  1.31035395146E-01

  28  28   1    6 C     2.37682996305E-01 -3.84532773230E-01  2.23007455190E-01

  29  29   1    6 C    -3.42476835859E-01  2.81154982176E-01  2.75484804153E-01

  30  30   1    6 C     2.42189257385E-01 -3.74104910852E-01  3.78228173880E-01

  31  31   1    6 C    -2.02126973996E-01 -1.93228156130E-01  3.06163863417E-01

  32  32   1    6 C     1.61131130578E-01  1.90881818468E-01  3.42374706501E-01

  33  33   1    6 C     3.82085834884E-01  4.55651310376E-01  4.33237028545E-01

  34  34   1    6 C     4.97507745848E-01  4.17302949825E-01  3.04495082170E-01

  35  35   1    6 C    -1.76142825338E-03 -9.35638042512E-02  3.32112969805E-01

  36  36   1    6 C    -3.06687518470E-02  9.91077657505E-02  4.09551330229E-01

  37  37   1    6 C     9.15300408259E-02 -4.71270593013E-02  1.76180293196E-01

  38  38   1    6 C    -7.87001883298E-02 -1.49369057875E-02  6.64702395087E-02

  39  39   1    6 C     4.45532975696E-01  3.62679548519E-01  7.13716596536E-02

  40  40   1    6 C     3.87901757564E-01  4.71343124161E-01  1.92604610003E-01

  41  41   1    6 C     1.32175656742E-01  5.55414437613E-02 -3.27052551772E-01

  42  42   1    6 C    -5.90726242227E-02  5.13977484983E-02 -4.23017797070E-01

  43  43   1    6 C    -4.61885860416E-01 -3.16035457350E-01 -4.37393976420E-01

  44  44   1    6 C    -4.84995941062E-01  4.61247856410E-01 -4.38905561963E-01

  45  45   1    6 C     4.43944836720E-01 -4.95479400113E-01 -6.21793541614E-02

  46  46   1    6 C    -3.28445648383E-01 -4.66714397571E-01 -8.24459514839E-02

  47  47   1    6 C     5.60763313832E-02  1.22375847707E-01 -1.77037132458E-01

  48  48   1    6 C     7.94285269842E-03 -6.73720680406E-02 -8.97252531421E-02

 NUMBER OF SYMMETRY OPERATORS         :    1
 *******************************************************************************
 * GEOMETRY EDITING - INPUT COORDINATES ARE GIVEN IN ANGSTROM         
 *******************************************************************************

 GCALCO - MAX INDICES DIRECT LATTICE VECTOR    16    16    12
 NO.OF VECTORS CREATED 6999 STARS 3500 RMAX   165.81618 BOHR

 GEOMETRY FOR WAVE FUNCTION - DIMENSIONALITY OF THE SYSTEM    3
 (NON PERIODIC DIRECTION: LATTICE PARAMETER FORMALLY SET TO 500)
 *******************************************************************************
 LATTICE PARAMETERS (ANGSTROMS AND DEGREES) - BOHR = 0.5291772083 ANGSTROM
 PRIMITIVE CELL - CENTRING CODE 1/0 VOLUME=   404.534424 - DENSITY  2.364 g/cm^3
         A              B              C           ALPHA      BETA       GAMMA 
     6.53044649     6.77123577     9.17555762    86.928875  88.126753  87.351050
 *******************************************************************************
 ATOMS IN THE ASYMMETRIC UNIT   48 - ATOMS IN THE UNIT CELL:   48
     ATOM                 X/A                 Y/B                 Z/C    
 *******************************************************************************
      1 T   6 C    -2.038457503706E-01  1.902154271655E-01  3.267852692116E-02
      2 T   6 C     2.127615902374E-01 -2.415565462073E-01  1.187750320624E-01
      3 T   6 C     2.767207057325E-01  2.230087286204E-01  5.672032773925E-02
      4 T   6 C    -2.302877781532E-01 -3.107583704471E-01  2.472979124315E-02
      5 T   6 C    -3.049130031773E-01 -1.990842179220E-01  4.397621290495E-01
      6 T   6 C     2.573816556064E-01  2.798134442037E-01  4.584566940132E-01
      7 T   6 C     1.869610749394E-01 -2.110382215864E-01  4.431740111965E-01
      8 T   6 C    -2.229519813468E-01  2.391804463232E-01  3.981927249667E-01
      9 T   6 C    -2.122296599656E-01  3.270848396488E-01 -8.782716828709E-02
     10 T   6 C     2.966861061943E-01 -2.995012999539E-01 -2.857551693671E-02
     11 T   6 C     2.212939430407E-01  2.279232316649E-01 -8.846540969270E-02
     12 T   6 C    -1.481457073831E-01 -2.158114234511E-01 -1.079502205058E-01
     13 T   6 C    -2.089028954614E-01 -1.203788854813E-01 -4.315368588118E-01
     14 T   6 C     2.578499626914E-01  2.200475624716E-01 -3.982326383468E-01
     15 T   6 C     3.193246813412E-01 -2.124739216482E-01 -4.211043471182E-01
     16 T   6 C    -2.931919040357E-01  3.206864582923E-01 -4.701890725420E-01
     17 T   6 C    -2.562186779894E-01 -3.159509198941E-01 -1.992866779421E-01
     18 T   6 C     3.493505043703E-01  3.725580002908E-01 -1.728877206927E-01
     19 T   6 C    -1.225851667153E-01  2.556223563110E-01 -2.176173705640E-01
     20 T   6 C     2.177292698569E-01 -1.818535764014E-01 -1.368392739545E-01
     21 T   6 C    -1.741825103567E-01  2.316079956050E-01 -3.574796350331E-01
     22 T   6 C     2.444799045669E-01 -1.368136824914E-01 -2.940260863600E-01
     23 T   6 C    -3.082205297252E-01 -2.480836090761E-01 -3.370527336038E-01
     24 T   6 C     3.791239585938E-01  3.559708618345E-01 -3.180615858621E-01
     25 T   6 C    -2.146221145847E-01 -1.957910313046E-01  1.406307613374E-01
     26 T   6 C     1.983954829088E-01  1.362142676616E-01  1.963922847969E-01
     27 T   6 C    -3.559883250762E-01  2.505826227455E-01  1.310353951464E-01
     28 T   6 C     2.376829963048E-01 -3.845327732300E-01  2.230074551896E-01
     29 T   6 C    -3.424768358589E-01  2.811549821755E-01  2.754848041532E-01
     30 T   6 C     2.421892573846E-01 -3.741049108524E-01  3.782281738800E-01
     31 T   6 C    -2.021269739957E-01 -1.932281561304E-01  3.061638634171E-01
     32 T   6 C     1.611311305777E-01  1.908818184679E-01  3.423747065007E-01
     33 T   6 C     3.820858348835E-01  4.556513103761E-01  4.332370285445E-01
     34 T   6 C     4.975077458482E-01  4.173029498250E-01  3.044950821702E-01
     35 T   6 C    -1.761428253379E-03 -9.356380425115E-02  3.321129698050E-01
     36 T   6 C    -3.066875184695E-02  9.910776575054E-02  4.095513302294E-01
     37 T   6 C     9.153004082593E-02 -4.712705930132E-02  1.761802931956E-01
     38 T   6 C    -7.870018832981E-02 -1.493690578747E-02  6.647023950866E-02
     39 T   6 C     4.455329756960E-01  3.626795485191E-01  7.137165965362E-02
     40 T   6 C     3.879017575644E-01  4.713431241608E-01  1.926046100031E-01
     41 T   6 C     1.321756567422E-01  5.554144376132E-02 -3.270525517720E-01
     42 T   6 C    -5.907262422273E-02  5.139774849831E-02 -4.230177970699E-01
     43 T   6 C    -4.618858604160E-01 -3.160354573499E-01 -4.373939764198E-01
     44 T   6 C    -4.849959410618E-01  4.612478564103E-01 -4.389055619630E-01
     45 T   6 C     4.439448367197E-01 -4.954794001125E-01 -6.217935416143E-02
     46 T   6 C    -3.284456483826E-01 -4.667143975707E-01 -8.244595148388E-02
     47 T   6 C     5.607633138321E-02  1.223758477074E-01 -1.770371324578E-01
     48 T   6 C     7.942852698424E-03 -6.737206804061E-02 -8.972525314209E-02

 T = ATOM BELONGING TO THE ASYMMETRIC UNIT

 ****    1 SYMMOPS - TRANSLATORS IN FRACTIONAL UNITS
 **** MATRICES AND TRANSLATORS IN THE CRYSTALLOGRAPHIC REFERENCE FRAME
   V INV                    ROTATION MATRICES                   TRANSLATORS
   1   1  1.00 -0.00  0.00  0.00  1.00  0.00  0.00  0.00  1.00  0.00  0.00  0.00

 DIRECT LATTICE VECTORS CARTESIAN COMPONENTS (ANGSTROM)
          X                    Y                    Z
   0.652346838055E+01   0.301813927365E+00   0.000000000000E+00
   0.000000000000E+00   0.677123577000E+01   0.000000000000E+00
   0.277512442007E+00   0.491585819318E+00   0.915817601189E+01


 CARTESIAN COORDINATES - PRIMITIVE CELL
 *******************************************************************************
 *      ATOM          X(ANGSTROM)         Y(ANGSTROM)         Z(ANGSTROM)
 *******************************************************************************
    1     6 C    -1.320712609244E+00  1.242534318363E+00  2.992757013532E-01
    2     6 C     1.420905055706E+00 -1.513033793564E+00  1.087762649445E+00
    3     6 C     1.820919370751E+00  1.621445752021E+00  5.194547448880E-01
    4     6 C    -1.495412214451E+00 -2.161565437857E+00  2.264797809420E-01
    5     6 C    -1.867050872710E+00 -1.223892342116E+00  4.027418981198E+00
    6     6 C     1.806248528791E+00  2.197734980177E+00  4.198627097601E+00
    7     6 C     1.342620962841E+00 -1.154704039157E+00  4.058665598432E+00
    8     6 C    -1.343916765201E+00  1.748003077473E+00  3.646719061898E+00
    9     6 C    -1.408846608146E+00  2.107540108396E+00 -8.043366657989E-01
   10     6 C     1.927492371220E+00 -1.952497235410E+00 -2.616996137371E-01
   11     6 C     1.419053788356E+00  1.566623192210E+00 -8.101817929295E-01
   12     6 C    -9.963813671352E-01 -1.559089265407E+00 -9.886271199142E-01
   13     6 C    -1.482528280652E+00 -1.090301018946E+00 -3.952090508616E+00
   14     6 C     1.571561566588E+00  1.372051118219E+00 -3.647084595658E+00
   15     6 C     1.966242766149E+00 -1.549343307773E+00 -3.856547730280E+00
   16     6 C    -2.043111433135E+00  1.851815936855E+00 -4.306074285206E+00
   17     6 C    -1.726738977025E+00 -2.314675040675E+00 -1.825102473418E+00
   18     6 C     2.230998475426E+00  2.543127753893E+00 -1.583336176398E+00
   19     6 C    -8.600719869197E-01  1.586903718655E+00 -1.992978182869E+00
   20     6 C     1.382375406354E+00 -1.232927961995E+00 -1.253198156214E+00
   21     6 C    -1.235479145242E+00  1.339969717652E+00 -3.273861418299E+00
   22     6 C     1.513261029882E+00 -9.971493151160E-01 -2.692742650971E+00
   23     6 C    -2.104203207085E+00 -1.938548200500E+00 -3.086788259632E+00
   24     6 C     2.384937108793E+00  2.368432958353E+00 -2.912863985945E+00
   25     6 C    -1.361053792259E+00 -1.321391089884E+00  1.287921265014E+00
   26     6 C     1.348727962144E+00  1.078761103672E+00  1.798595111547E+00
   27     6 C    -2.285914629982E+00  1.653726926070E+00  1.200045212538E+00
   28     6 C     1.612404854464E+00 -2.422398727676E+00  2.042341526590E+00
   29     6 C    -2.157686349059E+00  1.935826816517E+00  2.522938325035E+00
   30     6 C     1.684876986826E+00 -2.274124856414E+00  3.463880189048E+00
   31     6 C    -1.233604642326E+00 -1.218892324766E+00  2.803902549653E+00
   32     6 C     1.146147076328E+00  1.509443967002E+00  3.135527824152E+00
   33     6 C     2.612753528277E+00 -3.357621312481E+00  3.967660962278E+00
   34     6 C    -3.193491157597E+00  2.823682964532E+00  2.788619557269E+00
   35     6 C     8.067485975718E-02 -4.708121753340E-01  3.041549033305E+00
   36     6 C    -8.641104316535E-02  8.631554183160E-01  3.750743168144E+00
   37     6 C     6.459855505963E-01 -2.048756548043E-01  1.613490134911E+00
   38     6 C    -4.949518716258E-01 -9.221829653634E-02  6.087461529726E-01
   39     6 C     2.926226803005E+00  2.625342084932E+00  6.536342213684E-01
   40     6 C     2.583915025894E+00 -3.367904499844E+00  1.763906919109E+00
   41     6 C     7.714825651290E-01  2.552022681548E-01 -2.995204834265E+00
   42     6 C    -5.027510981501E-01  1.222477820542E-01 -3.874071441727E+00
   43     6 C    -3.134480076361E+00 -2.494370855186E+00 -4.005731022592E+00
   44     6 C    -3.285657440521E+00  2.761079704153E+00 -4.019574389054E+00
   45     6 C     2.878804560632E+00 -3.251585591396E+00 -5.694494697159E-01
   46     6 C    -2.165484579282E+00 -3.299891954879E+00 -7.550545351569E-01
   47     6 C     3.166821677212E-01  7.585313913785E-01 -1.621337219688E+00
   48     6 C     2.691507432038E-02 -4.979025555274E-01 -8.217196609864E-01

 *******************************************************************************
 LOCAL ATOMIC FUNCTIONS BASIS SET
 *******************************************************************************
   ATOM   X(AU)   Y(AU)   Z(AU)  N. TYPE  EXPONENT  S COEF   P COEF   D/F/G COEF
 *******************************************************************************
   1 C   -2.496   2.348   0.566
                                  1 S  
                                         1.358E+04 2.225E-04 0.000E+00 0.000E+00
                                         2.035E+03 1.723E-03 0.000E+00 0.000E+00
                                         4.632E+02 8.926E-03 0.000E+00 0.000E+00
                                         1.312E+02 3.573E-02 0.000E+00 0.000E+00
                                         4.285E+01 1.108E-01 0.000E+00 0.000E+00
                                         1.558E+01 2.430E-01 0.000E+00 0.000E+00
                                  2 S  
                                         6.207E+00 4.144E-01 0.000E+00 0.000E+00
                                         2.576E+00 2.374E-01 0.000E+00 0.000E+00
                                  3 S  
                                         4.941E-01 1.000E+00 0.000E+00 0.000E+00
                                  4 S  
                                         1.644E-01 1.000E+00 0.000E+00 0.000E+00
                           5-     7 P  
                                         3.470E+01 0.000E+00 5.333E-03 0.000E+00
                                         7.958E+00 0.000E+00 3.586E-02 0.000E+00
                                         2.378E+00 0.000E+00 1.422E-01 0.000E+00
                                         8.143E-01 0.000E+00 3.427E-01 0.000E+00
                           8-    10 P  
                                         5.662E-01 0.000E+00 1.000E+00 0.000E+00
                          11-    13 P  
                                         2.674E-01 0.000E+00 1.000E+00 0.000E+00
                          14-    18 D  
                                         8.792E-01 0.000E+00 0.000E+00 1.000E+00
   2 C    2.685  -2.859   2.056
   3 C    3.441   3.064   0.982
   4 C   -2.826  -4.085   0.428
   5 C   -3.528  -2.313   7.611
   6 C    3.413   4.153   7.934
   7 C    2.537  -2.182   7.670
   8 C   -2.540   3.303   6.891
   9 C   -2.662   3.983  -1.520
  10 C    3.642  -3.690  -0.495
  11 C    2.682   2.960  -1.531
  12 C   -1.883  -2.946  -1.868
  13 C   -2.802  -2.060  -7.468
  14 C    2.970   2.593  -6.892
  15 C    3.716  -2.928  -7.288
  16 C   -3.861   3.499  -8.137
  17 C   -3.263  -4.374  -3.449
  18 C    4.216   4.806  -2.992
  19 C   -1.625   2.999  -3.766
  20 C    2.612  -2.330  -2.368
  21 C   -2.335   2.532  -6.187
  22 C    2.860  -1.884  -5.089
  23 C   -3.976  -3.663  -5.833
  24 C    4.507   4.476  -5.505
  25 C   -2.572  -2.497   2.434
  26 C    2.549   2.039   3.399
  27 C   -4.320   3.125   2.268
  28 C    3.047  -4.578   3.859
  29 C   -4.077   3.658   4.768
  30 C    3.184  -4.297   6.546
  31 C   -2.331  -2.303   5.299
  32 C    2.166   2.852   5.925
  33 C    4.937  -6.345   7.498
  34 C   -6.035   5.336   5.270
  35 C    0.152  -0.890   5.748
  36 C   -0.163   1.631   7.088
  37 C    1.221  -0.387   3.049
  38 C   -0.935  -0.174   1.150
  39 C    5.530   4.961   1.235
  40 C    4.883  -6.364   3.333
  41 C    1.458   0.482  -5.660
  42 C   -0.950   0.231  -7.321
  43 C   -5.923  -4.714  -7.570
  44 C   -6.209   5.218  -7.596
  45 C    5.440  -6.145  -1.076
  46 C   -4.092  -6.236  -1.427
  47 C    0.598   1.433  -3.064
  48 C    0.051  -0.941  -1.553
 INFORMATION **** SET_MPP **** PCRYSTAL CALCULATION
 INFORMATION **** READM2 **** NEW DEFAULT: FOCK/KS MATRIX MIXING SET TO 30 %
 INFORMATION **** READM2 **** NEW DEFAULT: FULL DIRECT SCF MODE
 INFORMATION **** READM2 **** NEW DEFAULT: COULOMB BIPOLAR BUFFER SET TO 32 Mb
 INFORMATION **** READM2 **** NEW DEFAULT: EXCHANGE BIPOLAR BUFFER SET TO 32 Mb

 *******************************************************************************
 NEW DEFAULT: DFT INTEGRATION GRID INCREASED TO XLGRID
 NEW DEFAULT: DIIS ACCELERATOR ACTIVE
 USE KEYWORD NODIIS TO TURN IT OFF
 *******************************************************************************

 INFORMATION **** DFTD3_INPUT **** PERFORM LATEST DISPERSION CORRECTION DFT-D3(BJ) WITH AUTOMATIC PARAMETER SETUP
 PLEASE CITE:
 (1) DFT-D3 Reference
  S. Grimme, J. Antony, S. Ehrlich, and H. Krieg, J. Chem. Phys. 132 (2010), 154104
 (2) BJ-Damping Reference
  S. Grimme, S. Ehrlich, and L. Goerigk, J. Comput. Chem. 32 (2011), 1456-1465
 (3) General DFT-D Review
  S. Grimme, A. Hansen, J. G. Brandenburg, and C. Bannwarth,
  Chem. Rev. 116 (2016), 5105-5154

 INFORMATION **** TOLINTEG **** COULOMB AND EXCHANGE SERIES TOLERANCES MODIFIED
 INFORMATION **** TOLDEE **** SCF TOL ON TOTAL ENERGY SET TO           9
 INFORMATION **** READM2 **** FULL DIRECT SCF (MONO AND BIEL INT) SELECTED
 INFORMATION **** BIPOSIZE **** COULOMB BIPOLAR BUFFER SET TO   110000000
 INFORMATION **** EXCHSIZE **** EXCHANGE BIPOLAR BUFFER SIZE SET TO   110000000
 INFORMATION **** MAXCYCLE **** MAX NUMBER OF SCF CYCLES SET TO         800
 INFORMATION **** DIIS **** DIIS FOR SCF ACTIVE
 INFORMATION **** DIIS **** LEVEL SHIFTER DISABLED
 INFORMATION **** PPAN ****  MULLIKEN POPULATION ANALYSIS AT THE END OF SCF
 *******************************************************************************
 N. OF ATOMS PER CELL        48  COULOMB OVERLAP TOL         (T1) 10**   -8
 NUMBER OF SHELLS           384  COULOMB PENETRATION TOL     (T2) 10**   -8
 NUMBER OF AO               864  EXCHANGE OVERLAP TOL        (T3) 10**   -8
 N. OF ELECTRONS PER CELL   288  EXCHANGE PSEUDO OVP (F(G))  (T4) 10**   -9
 CORE ELECTRONS PER CELL     96  EXCHANGE PSEUDO OVP (P(G))  (T5) 10**  -24
 N. OF SYMMETRY OPERATORS     1  POLE ORDER IN MONO ZONE                  4
 *******************************************************************************
 TYPE OF CALCULATION :  UNRESTRICTED OPEN SHELL
 KOHN-SHAM HAMILTONIAN

 (EXCHANGE)[CORRELATION] FUNCTIONAL:(BECKE 88)[LEE-YANG-PARR]

 NON-LOCAL WEIGHTING FACTOR (EXCHANGE) =           0.9000
 NON-LOCAL WEIGHTING FACTOR [CORRELATION] =        0.8100

 HYBRID EXCHANGE - PERCENTAGE OF FOCK EXCHANGE    20.0000

 SPIN POLARIZED DFT SELECTED

 CAPPA:IS1  7;IS2  6;IS3  5; K PTS MONK NET 106; SYMMOPS:K SPACE   2;G SPACE   1

 *******************************************************************************
 MAX NUMBER OF SCF CYCLES     800  CONVERGENCE ON DELTAP        10**-19
 WEIGHT OF F(I) IN F(I+1)      30% CONVERGENCE ON ENERGY        10**- 9
 SHRINK. FACT.(MONKH.)    7  6  5  NUMBER OF K POINTS IN THE IBZ    106
 SHRINKING FACTOR(GILAT NET)   14  NUMBER OF K POINTS(GILAT NET)    844
 *******************************************************************************
 *** K POINTS COORDINATES (OBLIQUE COORDINATES IN UNITS OF IS =  7)
   1-R(  0  0  0)   2-C(  1  0  0)   3-C(  2  0  0)   4-C(  3  0  0)
   5-C(  0  1  0)   6-C(  1  1  0)   7-C(  2  1  0)   8-C(  3  1  0)
   9-C(  4  1  0)  10-C(  5  1  0)  11-C(  6  1  0)  12-C(  0  2  0)
  13-C(  1  2  0)  14-C(  2  2  0)  15-C(  3  2  0)  16-C(  4  2  0)
  17-C(  5  2  0)  18-C(  6  2  0)  19-R(  0  3  0)  20-C(  1  3  0)
  21-C(  2  3  0)  22-C(  3  3  0)  23-C(  0  0  1)  24-C(  1  0  1)
  25-C(  2  0  1)  26-C(  3  0  1)  27-C(  4  0  1)  28-C(  5  0  1)
  29-C(  6  0  1)  30-C(  0  1  1)  31-C(  1  1  1)  32-C(  2  1  1)
  33-C(  3  1  1)  34-C(  4  1  1)  35-C(  5  1  1)  36-C(  6  1  1)
  37-C(  0  2  1)  38-C(  1  2  1)  39-C(  2  2  1)  40-C(  3  2  1)
  41-C(  4  2  1)  42-C(  5  2  1)  43-C(  6  2  1)  44-C(  0  3  1)
  45-C(  1  3  1)  46-C(  2  3  1)  47-C(  3  3  1)  48-C(  4  3  1)
  49-C(  5  3  1)  50-C(  6  3  1)  51-C(  0  4  1)  52-C(  1  4  1)
  53-C(  2  4  1)  54-C(  3  4  1)  55-C(  4  4  1)  56-C(  5  4  1)
  57-C(  6  4  1)  58-C(  0  5  1)  59-C(  1  5  1)  60-C(  2  5  1)
  61-C(  3  5  1)  62-C(  4  5  1)  63-C(  5  5  1)  64-C(  6  5  1)
  65-C(  0  0  2)  66-C(  1  0  2)  67-C(  2  0  2)  68-C(  3  0  2)
  69-C(  4  0  2)  70-C(  5  0  2)  71-C(  6  0  2)  72-C(  0  1  2)
  73-C(  1  1  2)  74-C(  2  1  2)  75-C(  3  1  2)  76-C(  4  1  2)
  77-C(  5  1  2)  78-C(  6  1  2)  79-C(  0  2  2)  80-C(  1  2  2)
  81-C(  2  2  2)  82-C(  3  2  2)  83-C(  4  2  2)  84-C(  5  2  2)
  85-C(  6  2  2)  86-C(  0  3  2)  87-C(  1  3  2)  88-C(  2  3  2)
  89-C(  3  3  2)  90-C(  4  3  2)  91-C(  5  3  2)  92-C(  6  3  2)
  93-C(  0  4  2)  94-C(  1  4  2)  95-C(  2  4  2)  96-C(  3  4  2)
  97-C(  4  4  2)  98-C(  5  4  2)  99-C(  6  4  2) 100-C(  0  5  2)
 101-C(  1  5  2) 102-C(  2  5  2) 103-C(  3  5  2) 104-C(  4  5  2)
 105-C(  5  5  2) 106-C(  6  5  2)

 DIRECT LATTICE VECTORS COMPON. (A.U.)     RECIP. LATTICE VECTORS COMPON. (A.U.) 
        X            Y            Z              X            Y            Z
   12.3275687    0.5703457    0.0000000      0.5096857    0.0000000   -0.0154446
    0.0000000   12.7957812    0.0000000     -0.0227182    0.4910357   -0.0256690
    0.5244225    0.9289626   17.3064445      0.0000000    0.0000000    0.3630547

 DISK SPACE FOR EIGENVECTORS (FTN 10)   156764160 REALS

 SYMMETRY ADAPTION OF THE BLOCH FUNCTIONS DISABLED
 TTTTTTTTTTTTTTTTTTTTTTTTTTTTTT gordsh1     TELAPSE        2.16 TCPU        0.75

 MATRIX SIZE: P(G) 3856956, F(G)  436233, P(G) IRR 1933662, F(G) IRR  437433
 MAX G-VECTOR INDEX FOR 1- AND 2-ELECTRON INTEGRALS 147

 TTTTTTTTTTTTTTTTTTTTTTTTTTTTTT INPUT       TELAPSE        2.35 TCPU        0.93

 NEIGHBORS OF THE NON-EQUIVALENT ATOMS

 N = NUMBER OF NEIGHBORS AT DISTANCE R
    ATOM  N     R/ANG      R/AU   NEIGHBORS (ATOM LABELS AND CELL INDICES)
   1 C    1     1.3828     2.6131   27 C    0 0 0
   1 C    1     1.4050     2.6550    9 C    0 0 0
   1 C    1     1.5998     3.0231   38 C    0 0 0
   1 C    1     2.3633     4.4660   19 C    0 0 0
   1 C    1     2.4702     4.6680   48 C    0 0 0
   1 C    1     2.4750     4.6772   29 C    0 0 0

   2 C    1     1.3322     2.5176   28 C    0 0 0
   2 C    1     1.5069     2.8477   10 C    0 0 0
   2 C    1     1.6088     3.0402   37 C    0 0 0
   2 C    1     2.2914     4.3300   40 C    0 0 0
   2 C    1     2.3580     4.4559   20 C    0 0 0
   2 C    1     2.4328     4.5974   38 C    0 0 0

   3 C    1     1.3901     2.6269   11 C    0 0 0
   3 C    1     1.4675     2.7732   26 C    0 0 0
   3 C    1     1.4992     2.8330   39 C    0 0 0
   3 C    1     2.3035     4.3529   40 C    0 1 0
   3 C    1     2.3323     4.4073   18 C    0 0 0
   3 C    1     2.4306     4.5932   45 C    0 1 0

   4 C    1     1.3604     2.5707   25 C    0 0 0
   4 C    1     1.4452     2.7310   12 C    0 0 0
   4 C    1     1.6457     3.1098   46 C    0 0 0
   4 C    1     2.0703     3.9122   17 C    0 0 0
   4 C    1     2.3301     4.4032   38 C    0 0 0
   4 C    1     2.4868     4.6993   48 C    0 0 0

   5 C    1     1.3778     2.6036   31 C    0 0 0
   5 C    1     1.4894     2.8146   13 C    0 0 1
   5 C    1     1.6889     3.1915   43 C    0 0 1
   5 C    1     2.0565     3.8862   23 C    0 0 1
   5 C    1     2.3093     4.3639   35 C    0 0 0
   5 C    1     2.7318     5.1624   15 C   -1 0 1

   6 C    1     1.3550     2.5606   14 C    0 0 1
   6 C    1     1.4282     2.6988   32 C    0 0 0
   6 C    1     1.4772     2.7915   33 C    0 1 0
   6 C    1     2.2739     4.2970   34 C    1 0 0
   6 C    1     2.3153     4.3753   24 C    0 0 1
   6 C    1     2.3588     4.4575   36 C    0 0 0

   7 C    1     1.3130     2.4812   30 C    0 0 0
   7 C    1     1.5383     2.9070   15 C    0 0 1
   7 C    1     1.7592     3.3244   35 C    0 0 0
   7 C    1     2.3970     4.5296   28 C    0 0 0
   7 C    1     2.4917     4.7087   36 C    0 0 0
   7 C    1     2.5327     4.7862   22 C    0 0 1

   8 C    1     1.4001     2.6459   29 C    0 0 0
   8 C    1     1.4090     2.6626   16 C    0 0 1
   8 C    1     1.5411     2.9123   36 C    0 0 0
   8 C    1     2.2722     4.2938   21 C    0 0 1
   8 C    1     2.2845     4.3170   42 C    0 0 1
   8 C    1     2.3053     4.3564   34 C    0 0 0

   9 C    1     1.4050     2.6550    1 C    0 0 0
   9 C    1     1.4089     2.6625   19 C    0 0 0
   9 C    1     1.5604     2.9488   46 C    0 1 0
   9 C    1     2.2344     4.2225   27 C    0 0 0
   9 C    1     2.3377     4.4176   47 C    0 0 0
   9 C    1     2.5074     4.7382   45 C   -1 1 0

  10 C    1     1.3409     2.5339   20 C    0 0 0
  10 C    1     1.5069     2.8477    2 C    0 0 0
  10 C    1     1.6393     3.0978   45 C    0 0 0
  10 C    1     2.3725     4.4834   28 C    0 0 0
  10 C    1     2.4580     4.6449   48 C    0 0 0
  10 C    1     2.5568     4.8317   40 C    0 0 0

  11 C    1     1.3901     2.6269    3 C    0 0 0
  11 C    1     1.4868     2.8097   18 C    0 0 0
  11 C    1     1.5894     3.0035   47 C    0 0 0
  11 C    1     2.3527     4.4460   39 C    0 0 0
  11 C    1     2.4489     4.6277   24 C    0 0 0
  11 C    1     2.4501     4.6301   45 C    0 1 0

  12 C    1     1.3431     2.5382   17 C    0 0 0
  12 C    1     1.4452     2.7310    4 C    0 0 0
  12 C    1     1.4836     2.8036   48 C    0 0 0
  12 C    1     2.1099     3.9872   46 C    0 0 0
  12 C    1     2.2259     4.2064   38 C    0 0 0
  12 C    1     2.3178     4.3800   25 C    0 0 0

  13 C    1     1.3619     2.5736   23 C    0 0 0
  13 C    1     1.4894     2.8146    5 C    0 0-1
  13 C    1     1.5609     2.9496   42 C    0 0 0
  13 C    1     2.1687     4.0982   43 C    0 0 0
  13 C    1     2.3466     4.4344   36 C    0 0-1
  13 C    1     2.4663     4.6607   17 C    0 0 0

  14 C    1     1.3550     2.5606    6 C    0 0-1
  14 C    1     1.4810     2.7987   24 C    0 0 0
  14 C    1     1.5207     2.8736   41 C    0 0 0
  14 C    1     2.3169     4.3782   33 C    0 1-1
  14 C    1     2.4029     4.5409   44 C    1 0 0
  14 C    1     2.4323     4.5965   42 C    0 0 0

  15 C    1     1.3655     2.5804   22 C    0 0 0
  15 C    1     1.5383     2.9070    7 C    0 0-1
  15 C    1     1.5685     2.9640   43 C    1 0 0
  15 C    1     2.2736     4.2965   30 C    0 0-1
  15 C    1     2.3293     4.4018   41 C    0 0 0
  15 C    1     2.5109     4.7450   44 C    1-1 0

  16 C    1     1.4070     2.6589   21 C    0 0 0
  16 C    1     1.4090     2.6626    8 C    0 0-1
  16 C    1     1.5661     2.9596   44 C    0 0 0
  16 C    1     2.3560     4.4522   42 C    0 0 0
  16 C    1     2.3968     4.5294   29 C    0 0-1
  16 C    1     2.4442     4.6189   33 C   -1 1-1

  17 C    1     1.3431     2.5382   12 C    0 0 0
  17 C    1     1.3696     2.5882   23 C    0 0 0
  17 C    1     1.5193     2.8710   46 C    0 0 0
  17 C    1     2.0703     3.9122    4 C    0 0 0
  17 C    1     2.4663     4.6607   13 C    0 0 0
  17 C    1     2.5809     4.8771    9 C    0-1 0

  18 C    1     1.3498     2.5507   24 C    0 0 0
  18 C    1     1.4868     2.8097   11 C    0 0 0
  18 C    1     1.5496     2.9283   45 C    0 1 0
  18 C    1     2.3323     4.4073    3 C    0 0 0
  18 C    1     2.3440     4.4294   39 C    0 0 0
  18 C    1     2.4628     4.6540   14 C    0 0 0

  19 C    1     1.3574     2.5651   21 C    0 0 0
  19 C    1     1.4089     2.6625    9 C    0 0 0
  19 C    1     1.4863     2.8087   47 C    0 0 0
  19 C    1     2.3324     4.4075   41 C    0 0 0
  19 C    1     2.3633     4.4660    1 C    0 0 0
  19 C    1     2.4107     4.5555   42 C    0 0 0

  20 C    1     1.3409     2.5339   10 C    0 0 0
  20 C    1     1.4646     2.7677   22 C    0 0 0
  20 C    1     1.6012     3.0258   48 C    0 0 0
  20 C    1     2.2885     4.3246   47 C    0 0 0
  20 C    1     2.3580     4.4559    2 C    0 0 0
  20 C    1     2.3711     4.4808   41 C    0 0 0

  21 C    1     1.3574     2.5651   19 C    0 0 0
  21 C    1     1.4070     2.6589   16 C    0 0 0
  21 C    1     1.5427     2.9153   42 C    0 0 0
  21 C    1     2.2722     4.2938    8 C    0 0-1
  21 C    1     2.2983     4.3432   41 C    0 0 0
  21 C    1     2.3405     4.4230   47 C    0 0 0

  22 C    1     1.3655     2.5804   15 C    0 0 0
  22 C    1     1.4646     2.7677   20 C    0 0 0
  22 C    1     1.4866     2.8093   41 C    0 0 0
  22 C    1     2.3795     4.4966   47 C    0 0 0
  22 C    1     2.4411     4.6131   48 C    0 0 0
  22 C    1     2.5327     4.7862    7 C    0 0-1

  23 C    1     1.3619     2.5736   13 C    0 0 0
  23 C    1     1.3696     2.5882   17 C    0 0 0
  23 C    1     1.4882     2.8124   43 C    0 0 0
  23 C    1     2.0565     3.8862    5 C    0 0-1
  23 C    1     2.4028     4.5407   12 C    0 0 0
  23 C    1     2.5608     4.8391   44 C    0-1 0

  24 C    1     1.3498     2.5507   18 C    0 0 0
  24 C    1     1.4810     2.7987   14 C    0 0 0
  24 C    1     1.5603     2.9485   44 C    1 0 0
  24 C    1     2.3153     4.3753    6 C    0 0-1
  24 C    1     2.3445     4.4304   33 C    0 1-1
  24 C    1     2.4489     4.6277   11 C    0 0 0

  25 C    1     1.3604     2.5707    4 C    0 0 0
  25 C    1     1.5248     2.8814   31 C    0 0 0
  25 C    1     1.6499     3.1179   38 C    0 0 0
  25 C    1     2.3178     4.3800   12 C    0 0 0
  25 C    1     2.3197     4.3835   37 C    0 0 0
  25 C    1     2.4243     4.5813   35 C    0 0 0

  26 C    1     1.4191     2.6818   32 C    0 0 0
  26 C    1     1.4675     2.7732    3 C    0 0 0
  26 C    1     1.4751     2.7875   37 C    0 0 0
  26 C    1     2.3567     4.4535   35 C    0 0 0
  26 C    1     2.4325     4.5967   36 C    0 0 0
  26 C    1     2.4872     4.7001   38 C    0 0 0

  27 C    1     1.3587     2.5676   29 C    0 0 0
  27 C    1     1.3828     2.6131    1 C    0 0 0
  27 C    1     1.5706     2.9680   39 C   -1 0 0
  27 C    1     2.1716     4.1038   34 C    0 0 0
  27 C    1     2.2344     4.2225    9 C    0 0 0
  27 C    1     2.2690     4.2879   40 C   -1 1 0

  28 C    1     1.3322     2.5176    2 C    0 0 0
  28 C    1     1.3840     2.6153   40 C    0 0 0
  28 C    1     1.4311     2.7044   30 C    0 0 0
  28 C    1     2.2369     4.2271   34 C    1-1 0
  28 C    1     2.3627     4.4648   33 C    0 0 0
  28 C    1     2.3725     4.4834   10 C    0 0 0

  29 C    1     1.3587     2.5676   27 C    0 0 0
  29 C    1     1.3899     2.6265   34 C    0 0 0
  29 C    1     1.4001     2.6459    8 C    0 0 0
  29 C    1     2.2605     4.2718   40 C   -1 1 0
  29 C    1     2.3910     4.5184   39 C   -1 0 0
  29 C    1     2.3968     4.5294   16 C    0 0 1

  30 C    1     1.3130     2.4812    7 C    0 0 0
  30 C    1     1.4311     2.7044   28 C    0 0 0
  30 C    1     1.5128     2.8589   33 C    0 0 0
  30 C    1     2.2124     4.1808   40 C    0 0 0
  30 C    1     2.2458     4.2440   34 C    1-1 0
  30 C    1     2.2736     4.2965   15 C    0 0 1

  31 C    1     1.3778     2.6036    5 C    0 0 0
  31 C    1     1.5248     2.8814   25 C    0 0 0
  31 C    1     1.5308     2.8928   35 C    0 0 0
  31 C    1     2.4450     4.6204   37 C    0 0 0
  31 C    1     2.4811     4.6886   13 C    0 0 1
  31 C    1     2.5588     4.8354   36 C    0 0 0

  32 C    1     1.4191     2.6818   26 C    0 0 0
  32 C    1     1.4282     2.6988    6 C    0 0 0
  32 C    1     1.5216     2.8755   36 C    0 0 0
  32 C    1     2.2507     4.2531   35 C    0 0 0
  32 C    1     2.3464     4.4341   37 C    0 0 0
  32 C    1     2.5026     4.7292   14 C    0 0 1

  33 C    1     1.4098     2.6642   34 C    1-1 0
  33 C    1     1.4772     2.7915    6 C    0-1 0
  33 C    1     1.4851     2.8065   44 C    1-1 1
  33 C    1     1.5128     2.8589   30 C    0 0 0
  33 C    1     2.2040     4.1649   40 C    0 0 0
  33 C    1     2.2932     4.3334   43 C    1 0 1

  34 C    1     1.2976     2.4522   40 C   -1 1 0
  34 C    1     1.3899     2.6265   29 C    0 0 0
  34 C    1     1.4098     2.6642   33 C   -1 1 0
  34 C    1     2.1716     4.1038   27 C    0 0 0
  34 C    1     2.2296     4.2134   39 C   -1 0 0
  34 C    1     2.2369     4.2271   28 C   -1 1 0

  35 C    1     1.5200     2.8723   36 C    0 0 0
  35 C    1     1.5308     2.8928   31 C    0 0 0
  35 C    1     1.5587     2.9456   37 C    0 0 0
  35 C    1     1.7592     3.3244    7 C    0 0 0
  35 C    1     2.2507     4.2531   32 C    0 0 0
  35 C    1     2.3093     4.3639    5 C    0 0 0

  36 C    1     1.5200     2.8723   35 C    0 0 0
  36 C    1     1.5216     2.8755   32 C    0 0 0
  36 C    1     1.5411     2.9123    8 C    0 0 0
  36 C    1     1.5597     2.9474   42 C    0 0 1
  36 C    1     2.3466     4.4344   13 C    0 0 1
  36 C    1     2.3588     4.4575    6 C    0 0 0

  37 C    1     1.4751     2.7875   26 C    0 0 0
  37 C    1     1.5244     2.8808   38 C    0 0 0
  37 C    1     1.5587     2.9456   35 C    0 0 0
  37 C    1     1.6088     3.0402    2 C    0 0 0
  37 C    1     2.3197     4.3835   25 C    0 0 0
  37 C    1     2.3464     4.4341   32 C    0 0 0

  38 C    1     1.5244     2.8808   37 C    0 0 0
  38 C    1     1.5758     2.9778   48 C    0 0 0
  38 C    1     1.5998     3.0231    1 C    0 0 0
  38 C    1     1.6499     3.1179   25 C    0 0 0
  38 C    1     2.2259     4.2064   12 C    0 0 0
  38 C    1     2.3301     4.4032    4 C    0 0 0

  39 C    1     1.3983     2.6423   40 C    0 1 0
  39 C    1     1.4992     2.8330    3 C    0 0 0
  39 C    1     1.5159     2.8646   45 C    0 1 0
  39 C    1     1.5706     2.9680   27 C    1 0 0
  39 C    1     2.2296     4.2134   34 C    1 0 0
  39 C    1     2.3134     4.3717   46 C    1 1 0

  40 C    1     1.2976     2.4522   34 C    1-1 0
  40 C    1     1.3840     2.6153   28 C    0 0 0
  40 C    1     1.3983     2.6423   39 C    0-1 0
  40 C    1     2.2040     4.1649   33 C    0 0 0
  40 C    1     2.2124     4.1808   30 C    0 0 0
  40 C    1     2.2605     4.2718   29 C    1-1 0

  41 C    1     1.4866     2.8093   22 C    0 0 0
  41 C    1     1.5207     2.8736   14 C    0 0 0
  41 C    1     1.5322     2.8955   47 C    0 0 0
  41 C    1     1.5536     2.9359   42 C    0 0 0
  41 C    1     2.2983     4.3432   21 C    0 0 0
  41 C    1     2.3293     4.4018   15 C    0 0 0

  42 C    1     1.5427     2.9153   21 C    0 0 0
  42 C    1     1.5536     2.9359   41 C    0 0 0
  42 C    1     1.5597     2.9474   36 C    0 0-1
  42 C    1     1.5609     2.9496   13 C    0 0 0
  42 C    1     2.2845     4.3170    8 C    0 0-1
  42 C    1     2.3560     4.4522   16 C    0 0 0

  43 C    1     1.4882     2.8124   23 C    0 0 0
  43 C    1     1.5234     2.8787   44 C    0-1 0
  43 C    1     1.5685     2.9640   15 C   -1 0 0
  43 C    1     1.6889     3.1915    5 C    0 0-1
  43 C    1     2.1687     4.0982   13 C    0 0 0
  43 C    1     2.2932     4.3334   33 C   -1 0-1

  44 C    1     1.4851     2.8065   33 C   -1 1-1
  44 C    1     1.5234     2.8787   43 C    0 1 0
  44 C    1     1.5603     2.9485   24 C   -1 0 0
  44 C    1     1.5661     2.9596   16 C    0 0 0
  44 C    1     2.3760     4.4899    6 C   -1 0-1
  44 C    1     2.3960     4.5278   34 C    0 0-1

  45 C    1     1.5122     2.8576   46 C    1 0 0
  45 C    1     1.5159     2.8646   39 C    0-1 0
  45 C    1     1.5496     2.9283   18 C    0-1 0
  45 C    1     1.6393     3.0978   10 C    0 0 0
  45 C    1     2.3548     4.4499   40 C    0 0 0
  45 C    1     2.4306     4.5932    3 C    0-1 0

  46 C    1     1.5122     2.8576   45 C   -1 0 0
  46 C    1     1.5193     2.8710   17 C    0 0 0
  46 C    1     1.5604     2.9488    9 C    0-1 0
  46 C    1     1.6457     3.1098    4 C    0 0 0
  46 C    1     2.1099     3.9872   12 C    0 0 0
  46 C    1     2.3134     4.3717   39 C   -1-1 0

  47 C    1     1.4863     2.8087   19 C    0 0 0
  47 C    1     1.5172     2.8671   48 C    0 0 0
  47 C    1     1.5322     2.8955   41 C    0 0 0
  47 C    1     1.5894     3.0035   11 C    0 0 0
  47 C    1     2.2885     4.3246   20 C    0 0 0
  47 C    1     2.3377     4.4176    9 C    0 0 0

  48 C    1     1.4836     2.8036   12 C    0 0 0
  48 C    1     1.5172     2.8671   47 C    0 0 0
  48 C    1     1.5758     2.9778   38 C    0 0 0
  48 C    1     1.6012     3.0258   20 C    0 0 0
  48 C    1     2.4178     4.5689   41 C    0 0 0
  48 C    1     2.4411     4.6131   22 C    0 0 0


 SYMMETRY ALLOWED INTERNAL DEGREE(S) OF FREEDOM: 141
 TTTTTTTTTTTTTTTTTTTTTTTTTTTTTT SYMM        TELAPSE        2.37 TCPU        0.94
 TTTTTTTTTTTTTTTTTTTTTTTTTTTTTT INT_SCREEN  TELAPSE        2.40 TCPU        0.97

 DFT PARAMETERS

     ATOM       ELECTRONS   NET CHARGE   R(ANGSTROM)
   1   6  C       6.0000      0.0000     0.77000000

 SIZE OF GRID=    1439145
 TTTTTTTTTTTTTTTTTTTTTTTTTTTTTT MAKE_GRID2  TELAPSE        3.65 TCPU        2.22
 BECKE WEIGHT FUNCTION
 RADSAFE =     2.00
 TOLERANCES - DENSITY:10**- 6; POTENTIAL:10**- 9; GRID WGT:10**-14

 RADIAL INTEGRATION  - INTERVALS (POINTS,UPPER LIMIT):            1( 75,  4.0*R)

 ANGULAR INTEGRATION - INTERVALS (ACCURACY LEVEL [N. POINTS] UPPER LIMIT):
  1(  4[  86]   0.2)  2(  8[ 194]   0.5)  3( 12[ 350]   0.9)  4( 16[ 974]   3.5)
  5( 12[ 350]9999.0)
 TTTTTTTTTTTTTTTTTTTTTTTTTTTTTT INT_CALC    TELAPSE        3.70 TCPU        2.27
 EEEEEEEEEE INT_CALC TERMINATION  DATE 30 01 2026 TIME 18:43:25.1

 *******************************************************************************
 ./3^34,4^14T1-CA_rev1_sp_B3LYP-D3-D3_optimized                                  
 CRYSTAL - SCF - TYPE OF CALCULATION :  UNRESTRICTED OPEN SHELL
 *******************************************************************************

 CAPPA:IS1  7;IS2  6;IS3  5; K PTS MONK NET 106; SYMMOPS:K SPACE   2;G SPACE   1

 TTTTTTTTTTTTTTTTTTTTTTTTTTTTTT SDIK        TELAPSE       10.31 TCPU        8.29

 AAAAAAAAAAAAAAAAAAAAAAAAAAAAAAAAAAAAAAAAAAAAAAAAAAAAAAAAAAAAAAAAAAAAAAAAAAAAAAA
         ATOMIC WAVEFUNCTION(S)


 NUCLEAR CHARGE  6.0  SYMMETRY SPECIES            S    P
 N. ELECTRONS    6.0  NUMBER OF PRIMITIVE GTOS   10    6
                      NUMBER OF CONTRACTED GTOS   4    3
                      NUMBER OF CLOSED SHELLS     2    0
                      OPEN SHELL OCCUPATION       0    2

  ZNUC  SCFIT    TOTAL HF ENERGY   KINETIC ENERGY   VIRIAL THEOREM ACCURACY
   6.0    10    -3.766702350E+01  3.783137943E+01 -1.995655566E+00  1.6E-06

 AAAAAAAAAAAAAAAAAAAAAAAAAAAAAAAAAAAAAAAAAAAAAAAAAAAAAAAAAAAAAAAAAAAAAAAAAAAAAAA

 CHARGE NORMALIZATION FACTOR   1.00000000
 TOTAL ATOMIC CHARGES:
   6.0000000   6.0000000   6.0000000   6.0000000   6.0000000   6.0000000
   6.0000000   6.0000000   6.0000000   6.0000000   6.0000000   6.0000000
   6.0000000   6.0000000   6.0000000   6.0000000   6.0000000   6.0000000
   6.0000000   6.0000000   6.0000000   6.0000000   6.0000000   6.0000000
   6.0000000   6.0000000   6.0000000   6.0000000   6.0000000   6.0000000
   6.0000000   6.0000000   6.0000000   6.0000000   6.0000000   6.0000000
   6.0000000   6.0000000   6.0000000   6.0000000   6.0000000   6.0000000
   6.0000000   6.0000000   6.0000000   6.0000000   6.0000000   6.0000000
 SUMMED SPIN DENSITY           0.00000000
 TOTAL ATOMIC SPINS  :
   0.0000000   0.0000000   0.0000000   0.0000000   0.0000000   0.0000000
   0.0000000   0.0000000   0.0000000   0.0000000   0.0000000   0.0000000
   0.0000000   0.0000000   0.0000000   0.0000000   0.0000000   0.0000000
   0.0000000   0.0000000   0.0000000   0.0000000   0.0000000   0.0000000
   0.0000000   0.0000000   0.0000000   0.0000000   0.0000000   0.0000000
   0.0000000   0.0000000   0.0000000   0.0000000   0.0000000   0.0000000
   0.0000000   0.0000000   0.0000000   0.0000000   0.0000000   0.0000000
   0.0000000   0.0000000   0.0000000   0.0000000   0.0000000   0.0000000
 TTTTTTTTTTTTTTTTTTTTTTTTTTTTTT MOQGAD      TELAPSE       10.38 TCPU        8.35
 TTTTTTTTTTTTTTTTTTTTTTTTTTTTTT SHELLXN     TELAPSE      333.10 TCPU      330.86
 TTTTTTTTTTTTTTTTTTTTTTTTTTTTTT MONMO3      TELAPSE      334.27 TCPU      332.03
 NUMERICALLY INTEGRATED DENSITY    144.0000024659    144.0000024659
 TTTTTTTTTTTTTTTTTTTTTTTTTTTTTT NUMDFT      TELAPSE      339.21 TCPU      336.97
 CYC   0 ETOT(AU) -1.842516234094E+03 DETOT -1.84E+03 tst  0.00E+00 PX  1.00E+00
 TTTTTTTTTTTTTTTTTTTTTTTTTTTTTT DIIS        TELAPSE      339.84 TCPU      337.38
 TTTTTTTTTTTTTTTTTTTTTTTTTTTTTT FDIK        TELAPSE      513.40 TCPU      510.46

    ALPHA      ELECTRONS
 INSULATING STATE
 TOP OF VALENCE BANDS -    BAND    144; K   22; EIG -1.8449335E-01 AU
 TOP OF VALENCE BANDS -    BAND    144; K    1; EIG -1.8829805E-01 AU
 BOTTOM OF VIRTUAL BANDS - BAND    145; K   19; EIG -1.6582702E-01 AU
 INDIRECT ENERGY BAND GAP:   0.5079 eV
 BOTTOM OF VIRTUAL BANDS - BAND    145; K    1; EIG -1.5695233E-01 AU

    BETA       ELECTRONS
 INSULATING STATE
 TOP OF VALENCE BANDS -    BAND    144; K   22; EIG -1.8449335E-01 AU
 TOP OF VALENCE BANDS -    BAND    144; K    1; EIG -1.8829805E-01 AU
 BOTTOM OF VIRTUAL BANDS - BAND    145; K   19; EIG -1.6582702E-01 AU
 INDIRECT ENERGY BAND GAP:   0.5079 eV
 BOTTOM OF VIRTUAL BANDS - BAND    145; K    1; EIG -1.5695233E-01 AU
 TTTTTTTTTTTTTTTTTTTTTTTTTTTTTT PDIG        TELAPSE      515.85 TCPU      512.76
 CHARGE NORMALIZATION FACTOR   1.00000000
 TOTAL ATOMIC CHARGES:
   5.9993803   5.9344776   5.9763834   6.0555563   5.9748803   6.0213827
   6.0078327   5.9896905   6.0026270   6.0063112   5.9429729   6.0143735
   5.9799194   5.9910914   5.9349833   5.9375886   6.0718430   6.0388163
   6.0241267   5.9883025   6.0534780   6.0421621   6.0536201   6.0078034
   5.9770994   5.9929146   6.0409724   6.0818777   6.0173477   6.0611521
   6.0766738   5.9673175   6.0634262   6.1465652   5.9368270   5.9970880
   5.9889769   5.9412529   6.0532908   6.0941582   6.0038453   5.9695266
   5.8965989   5.9250813   5.8887887   5.8729162   5.9930409   5.9636583
 SUMMED SPIN DENSITY           0.00000000
 TOTAL ATOMIC SPINS  :
   0.0000000   0.0000000   0.0000000   0.0000000   0.0000000  -0.0000000
   0.0000000  -0.0000000  -0.0000000   0.0000000  -0.0000000   0.0000000
   0.0000000   0.0000000   0.0000000  -0.0000000   0.0000000   0.0000000
   0.0000000  -0.0000000   0.0000000   0.0000000  -0.0000000   0.0000000
  -0.0000000  -0.0000000   0.0000000  -0.0000000   0.0000000   0.0000000
  -0.0000000  -0.0000000   0.0000000  -0.0000000  -0.0000000   0.0000000
  -0.0000000   0.0000000  -0.0000000   0.0000000  -0.0000000   0.0000000
  -0.0000000  -0.0000000  -0.0000000   0.0000000   0.0000000  -0.0000000
 TTTTTTTTTTTTTTTTTTTTTTTTTTTTTT MOQGAD      TELAPSE      515.89 TCPU      512.80
 TTTTTTTTTTTTTTTTTTTTTTTTTTTTTT SHELLXN     TELAPSE      854.16 TCPU      850.93
 TTTTTTTTTTTTTTTTTTTTTTTTTTTTTT MONMO3      TELAPSE      855.32 TCPU      852.09
 NUMERICALLY INTEGRATED DENSITY    144.0000020914    144.0000020914
 TTTTTTTTTTTTTTTTTTTTTTTTTTTTTT NUMDFT      TELAPSE      860.48 TCPU      857.25
 CYC   1 ETOT(AU) -1.827365805042E+03 DETOT  1.52E+01 tst  0.00E+00 PX  1.00E+00
 TTTTTTTTTTTTTTTTTTTTTTTTTTTTTT DIIS        TELAPSE      861.25 TCPU      857.85
 DIIS TEST: 0.20126E+01 AT SCF   CYCLE   1 - MIX   30 %
 TTTTTTTTTTTTTTTTTTTTTTTTTTTTTT FDIK        TELAPSE      910.97 TCPU      907.17

    ALPHA      ELECTRONS
 INSULATING STATE
 TOP OF VALENCE BANDS -    BAND    144; K    4; EIG -1.1718239E-01 AU
 TOP OF VALENCE BANDS -    BAND    144; K    1; EIG -1.2477829E-01 AU
 BOTTOM OF VIRTUAL BANDS - BAND    145; K   18; EIG -8.8803561E-02 AU
 INDIRECT ENERGY BAND GAP:   0.7722 eV
 BOTTOM OF VIRTUAL BANDS - BAND    145; K    1; EIG -8.5508428E-02 AU

    BETA       ELECTRONS
 INSULATING STATE
 TOP OF VALENCE BANDS -    BAND    144; K    4; EIG -1.1718239E-01 AU
 TOP OF VALENCE BANDS -    BAND    144; K    1; EIG -1.2477829E-01 AU
 BOTTOM OF VIRTUAL BANDS - BAND    145; K   18; EIG -8.8803561E-02 AU
 INDIRECT ENERGY BAND GAP:   0.7722 eV
 BOTTOM OF VIRTUAL BANDS - BAND    145; K    1; EIG -8.5508428E-02 AU
 TTTTTTTTTTTTTTTTTTTTTTTTTTTTTT PDIG        TELAPSE      913.32 TCPU      909.51
 CHARGE NORMALIZATION FACTOR   1.00000000
 TOTAL ATOMIC CHARGES:
   6.0003301   6.0998612   5.9472482   5.8960199   5.9944996   5.8713438
   6.0991857   5.9655201   6.0845674   5.9790753   6.1018710   5.9505943
   6.0201708   6.0322392   6.1365979   6.0160455   5.9212011   6.0180566
   5.9518659   6.0551934   5.9626995   5.9576086   5.9072600   6.0061640
   6.0206344   5.9923112   5.9492871   5.8098852   5.8605834   5.8268862
   5.9431454   5.9401320   6.0281082   5.8429379   6.0619796   6.0355488
   6.0467206   6.1469212   6.0560482   5.8349449   6.0467726   6.1066753
   6.0849937   6.0737679   6.0765111   6.0829996   6.0787272   6.0782592
 SUMMED SPIN DENSITY           0.00000000
 TOTAL ATOMIC SPINS  :
  -0.0000000  -0.0000000   0.0000000   0.0000000   0.0000000   0.0000000
   0.0000000  -0.0000000   0.0000000   0.0000000   0.0000000  -0.0000000
   0.0000000   0.0000000   0.0000000  -0.0000000   0.0000000  -0.0000000
   0.0000000  -0.0000000   0.0000000   0.0000000   0.0000000  -0.0000000
   0.0000000  -0.0000000   0.0000000  -0.0000000   0.0000000   0.0000000
  -0.0000000   0.0000000   0.0000000  -0.0000000  -0.0000000   0.0000000
  -0.0000000   0.0000000   0.0000000   0.0000000  -0.0000000  -0.0000000
  -0.0000000   0.0000000  -0.0000000  -0.0000000   0.0000000   0.0000000
 TTTTTTTTTTTTTTTTTTTTTTTTTTTTTT MOQGAD      TELAPSE      913.36 TCPU      909.55
 TTTTTTTTTTTTTTTTTTTTTTTTTTTTTT SHELLXN     TELAPSE     1251.91 TCPU     1247.92
 TTTTTTTTTTTTTTTTTTTTTTTTTTTTTT MONMO3      TELAPSE     1253.08 TCPU     1249.09
 NUMERICALLY INTEGRATED DENSITY    144.0000025325    144.0000025325
 TTTTTTTTTTTTTTTTTTTTTTTTTTTTTT NUMDFT      TELAPSE     1258.24 TCPU     1254.25
 CYC   2 ETOT(AU) -1.827428413239E+03 DETOT -6.26E-02 tst  1.31E-03 PX  1.28E-01
 TTTTTTTTTTTTTTTTTTTTTTTTTTTTTT DIIS        TELAPSE     1259.01 TCPU     1254.76
 DIIS TEST: 0.22732E+01 AT SCF   CYCLE   2 - DIIS ACTIVE - HISTORY:     2 CYCLES
 TTTTTTTTTTTTTTTTTTTTTTTTTTTTTT FDIK        TELAPSE     1301.60 TCPU     1296.99

    ALPHA      ELECTRONS
 INSULATING STATE
 TOP OF VALENCE BANDS -    BAND    144; K   22; EIG -1.0566397E-01 AU
 TOP OF VALENCE BANDS -    BAND    144; K    1; EIG -1.1364401E-01 AU
 BOTTOM OF VIRTUAL BANDS - BAND    145; K   19; EIG -7.0478358E-02 AU
 INDIRECT ENERGY BAND GAP:   0.9574 eV
 BOTTOM OF VIRTUAL BANDS - BAND    145; K    1; EIG -6.4931104E-02 AU

    BETA       ELECTRONS
 INSULATING STATE
 TOP OF VALENCE BANDS -    BAND    144; K   22; EIG -1.0566397E-01 AU
 TOP OF VALENCE BANDS -    BAND    144; K    1; EIG -1.1364401E-01 AU
 BOTTOM OF VIRTUAL BANDS - BAND    145; K   19; EIG -7.0478358E-02 AU
 INDIRECT ENERGY BAND GAP:   0.9574 eV
 BOTTOM OF VIRTUAL BANDS - BAND    145; K    1; EIG -6.4931104E-02 AU
 TTTTTTTTTTTTTTTTTTTTTTTTTTTTTT PDIG        TELAPSE     1303.95 TCPU     1299.33
 CHARGE NORMALIZATION FACTOR   1.00000000
 TOTAL ATOMIC CHARGES:
   5.9768220   5.9456434   6.0300992   6.0235612   6.0230627   6.0668422
   5.9673565   6.0816987   5.9454626   6.0288006   5.8832286   5.9441565
   5.9757805   5.9086318   6.0006420   5.9726406   5.9508909   5.9172772
   5.8686701   5.8918919   5.9713254   5.8974112   5.9157774   5.9562592
   6.0463455   6.0197260   6.0256579   6.0692903   6.0124815   6.0750267
   6.0679402   6.1110395   6.0870672   6.0915850   6.0432042   5.9926295
   5.9852019   6.0419558   6.0679441   6.0280660   5.9979135   6.0494448
   6.0205800   6.0070329   5.9937694   6.0232419   5.9950873   6.0038364
 SUMMED SPIN DENSITY           0.00000000
 TOTAL ATOMIC SPINS  :
   0.0000000   0.0000000  -0.0000000   0.0000000   0.0000000  -0.0000000
   0.0000000   0.0000000   0.0000000   0.0000000   0.0000000  -0.0000000
   0.0000000   0.0000000   0.0000000  -0.0000000   0.0000000   0.0000000
  -0.0000000  -0.0000000   0.0000000  -0.0000000   0.0000000  -0.0000000
   0.0000000   0.0000000   0.0000000  -0.0000000   0.0000000   0.0000000
  -0.0000000   0.0000000   0.0000000  -0.0000000   0.0000000   0.0000000
  -0.0000000   0.0000000   0.0000000   0.0000000  -0.0000000  -0.0000000
  -0.0000000   0.0000000  -0.0000000  -0.0000000  -0.0000000   0.0000000
 TTTTTTTTTTTTTTTTTTTTTTTTTTTTTT MOQGAD      TELAPSE     1303.99 TCPU     1299.37
 TTTTTTTTTTTTTTTTTTTTTTTTTTTTTT SHELLXN     TELAPSE     1642.31 TCPU     1637.56
 TTTTTTTTTTTTTTTTTTTTTTTTTTTTTT MONMO3      TELAPSE     1643.47 TCPU     1638.72
 NUMERICALLY INTEGRATED DENSITY    144.0000022581    144.0000022581
 TTTTTTTTTTTTTTTTTTTTTTTTTTTTTT NUMDFT      TELAPSE     1648.63 TCPU     1643.88
 CYC   3 ETOT(AU) -1.827462617237E+03 DETOT -3.42E-02 tst  1.71E-03 PX  1.05E-01
 TTTTTTTTTTTTTTTTTTTTTTTTTTTTTT DIIS        TELAPSE     1649.34 TCPU     1644.41
 DIIS TEST: 0.17707E+01 AT SCF   CYCLE   3 - DIIS ACTIVE - HISTORY:     3 CYCLES
 TTTTTTTTTTTTTTTTTTTTTTTTTTTTTT FDIK        TELAPSE     1697.40 TCPU     1679.02

    ALPHA      ELECTRONS
 INSULATING STATE
 TOP OF VALENCE BANDS -    BAND    144; K   22; EIG -1.1259995E-01 AU
 TOP OF VALENCE BANDS -    BAND    144; K    1; EIG -1.1955530E-01 AU
 BOTTOM OF VIRTUAL BANDS - BAND    145; K   19; EIG -7.4782117E-02 AU
 INDIRECT ENERGY BAND GAP:   1.0291 eV
 BOTTOM OF VIRTUAL BANDS - BAND    145; K    1; EIG -6.8224298E-02 AU

    BETA       ELECTRONS
 INSULATING STATE
 TOP OF VALENCE BANDS -    BAND    144; K   22; EIG -1.1259995E-01 AU
 TOP OF VALENCE BANDS -    BAND    144; K    1; EIG -1.1955530E-01 AU
 BOTTOM OF VIRTUAL BANDS - BAND    145; K   19; EIG -7.4782117E-02 AU
 INDIRECT ENERGY BAND GAP:   1.0291 eV
 BOTTOM OF VIRTUAL BANDS - BAND    145; K    1; EIG -6.8224298E-02 AU
 TTTTTTTTTTTTTTTTTTTTTTTTTTTTTT PDIG        TELAPSE     1699.79 TCPU     1681.40
 CHARGE NORMALIZATION FACTOR   1.00000000
 TOTAL ATOMIC CHARGES:
   5.9765925   5.9727974   5.9453163   6.0316335   5.9737670   5.9456370
   6.0119099   5.9453402   6.0515773   6.0003993   6.0288562   6.0178862
   5.9792140   6.0328811   5.9674307   5.9795887   6.0419445   6.0367316
   6.0303833   6.0280779   6.0117334   6.0490635   6.0292549   6.0189307
   5.9418296   5.9681002   5.9974256   5.9848894   5.9414960   5.9837640
   5.9777003   5.9552202   6.0567896   6.0421269   5.9712094   5.9729177
   5.9774903   6.0088654   6.0637308   6.0146667   6.0284329   6.0335153
   5.9823343   5.9860030   5.9695772   5.9773009   6.0386540   6.0190137
 SUMMED SPIN DENSITY           0.00000000
 TOTAL ATOMIC SPINS  :
  -0.0000000   0.0000000  -0.0000000   0.0000000   0.0000000  -0.0000000
   0.0000000   0.0000000   0.0000000   0.0000000   0.0000000  -0.0000000
  -0.0000000   0.0000000   0.0000000  -0.0000000   0.0000000   0.0000000
   0.0000000  -0.0000000   0.0000000  -0.0000000   0.0000000  -0.0000000
   0.0000000   0.0000000   0.0000000  -0.0000000   0.0000000   0.0000000
  -0.0000000   0.0000000   0.0000000  -0.0000000   0.0000000   0.0000000
  -0.0000000   0.0000000   0.0000000   0.0000000  -0.0000000  -0.0000000
  -0.0000000   0.0000000  -0.0000000  -0.0000000  -0.0000000   0.0000000
 TTTTTTTTTTTTTTTTTTTTTTTTTTTTTT MOQGAD      TELAPSE     1699.83 TCPU     1681.44
 TTTTTTTTTTTTTTTTTTTTTTTTTTTTTT SHELLXN     TELAPSE     2038.82 TCPU     2020.32
 TTTTTTTTTTTTTTTTTTTTTTTTTTTTTT MONMO3      TELAPSE     2039.99 TCPU     2021.49
 NUMERICALLY INTEGRATED DENSITY    144.0000021258    144.0000021258
 TTTTTTTTTTTTTTTTTTTTTTTTTTTTTT NUMDFT      TELAPSE     2045.14 TCPU     2026.64
 CYC   4 ETOT(AU) -1.827525753353E+03 DETOT -6.31E-02 tst  7.01E-04 PX  4.83E-02
 TTTTTTTTTTTTTTTTTTTTTTTTTTTTTT DIIS        TELAPSE     2045.79 TCPU     2027.28
 DIIS TEST: 0.41796E+00 AT SCF   CYCLE   4 - DIIS ACTIVE - HISTORY:     4 CYCLES
 TTTTTTTTTTTTTTTTTTTTTTTTTTTTTT FDIK        TELAPSE     2087.12 TCPU     2068.47

    ALPHA      ELECTRONS
 INSULATING STATE
 TOP OF VALENCE BANDS -    BAND    144; K   22; EIG -1.1649657E-01 AU
 TOP OF VALENCE BANDS -    BAND    144; K    1; EIG -1.2392817E-01 AU
 BOTTOM OF VIRTUAL BANDS - BAND    145; K   19; EIG -7.7910252E-02 AU
 INDIRECT ENERGY BAND GAP:   1.0500 eV
 BOTTOM OF VIRTUAL BANDS - BAND    145; K    1; EIG -7.2265094E-02 AU

    BETA       ELECTRONS
 INSULATING STATE
 TOP OF VALENCE BANDS -    BAND    144; K   22; EIG -1.1649657E-01 AU
 TOP OF VALENCE BANDS -    BAND    144; K    1; EIG -1.2392817E-01 AU
 BOTTOM OF VIRTUAL BANDS - BAND    145; K   19; EIG -7.7910252E-02 AU
 INDIRECT ENERGY BAND GAP:   1.0500 eV
 BOTTOM OF VIRTUAL BANDS - BAND    145; K    1; EIG -7.2265094E-02 AU
 TTTTTTTTTTTTTTTTTTTTTTTTTTTTTT PDIG        TELAPSE     2089.45 TCPU     2070.70
 CHARGE NORMALIZATION FACTOR   1.00000000
 TOTAL ATOMIC CHARGES:
   6.0089389   6.0120481   5.9763711   5.9754851   5.9864740   5.9694862
   6.0561472   6.0007401   6.0106562   5.9846139   5.9957119   5.9854835
   6.0151486   5.9970568   6.0347358   5.9662281   5.9846871   6.0070541
   5.9647320   5.9998225   6.0036546   5.9805759   5.9656534   5.9966208
   6.0162489   6.0051107   6.0092481   5.9658536   5.9579284   5.9665629
   6.0282294   5.9780588   6.0482167   6.0260641   6.0115806   6.0115655
   6.0155838   6.0465613   6.0544716   5.9867812   6.0165990   6.0382365
   5.9794439   5.9865701   5.9691832   5.9637694   6.0212221   6.0187846
 SUMMED SPIN DENSITY           0.00000000
 TOTAL ATOMIC SPINS  :
   0.0000000  -0.0000000  -0.0000000  -0.0000000   0.0000000  -0.0000000
  -0.0000000   0.0000000  -0.0000000   0.0000000   0.0000000  -0.0000000
  -0.0000000   0.0000000   0.0000000  -0.0000000  -0.0000000   0.0000000
   0.0000000  -0.0000000   0.0000000  -0.0000000   0.0000000  -0.0000000
   0.0000000   0.0000000  -0.0000000  -0.0000000  -0.0000000   0.0000000
  -0.0000000   0.0000000   0.0000000  -0.0000000   0.0000000  -0.0000000
  -0.0000000   0.0000000   0.0000000   0.0000000  -0.0000000   0.0000000
  -0.0000000   0.0000000  -0.0000000   0.0000000  -0.0000000   0.0000000
 TTTTTTTTTTTTTTTTTTTTTTTTTTTTTT MOQGAD      TELAPSE     2089.49 TCPU     2070.74
 TTTTTTTTTTTTTTTTTTTTTTTTTTTTTT SHELLXN     TELAPSE     2428.73 TCPU     2409.84
 TTTTTTTTTTTTTTTTTTTTTTTTTTTTTT MONMO3      TELAPSE     2429.92 TCPU     2411.02
 NUMERICALLY INTEGRATED DENSITY    144.0000021864    144.0000021864
 TTTTTTTTTTTTTTTTTTTTTTTTTTTTTT NUMDFT      TELAPSE     2435.08 TCPU     2416.18
 CYC   5 ETOT(AU) -1.827543806023E+03 DETOT -1.81E-02 tst  8.49E-05 PX  1.86E-02
 TTTTTTTTTTTTTTTTTTTTTTTTTTTTTT DIIS        TELAPSE     2435.96 TCPU     2416.99
 DIIS TEST: 0.43371E-01 AT SCF   CYCLE   5 - DIIS ACTIVE - HISTORY:     5 CYCLES
 TTTTTTTTTTTTTTTTTTTTTTTTTTTTTT FDIK        TELAPSE     2471.79 TCPU     2452.47

    ALPHA      ELECTRONS
 INSULATING STATE
 TOP OF VALENCE BANDS -    BAND    144; K   22; EIG -1.1691963E-01 AU
 TOP OF VALENCE BANDS -    BAND    144; K    1; EIG -1.2389974E-01 AU
 BOTTOM OF VIRTUAL BANDS - BAND    145; K   19; EIG -7.8016617E-02 AU
 INDIRECT ENERGY BAND GAP:   1.0586 eV
 BOTTOM OF VIRTUAL BANDS - BAND    145; K    1; EIG -7.2332124E-02 AU

    BETA       ELECTRONS
 INSULATING STATE
 TOP OF VALENCE BANDS -    BAND    144; K   22; EIG -1.1691963E-01 AU
 TOP OF VALENCE BANDS -    BAND    144; K    1; EIG -1.2389974E-01 AU
 BOTTOM OF VIRTUAL BANDS - BAND    145; K   19; EIG -7.8016617E-02 AU
 INDIRECT ENERGY BAND GAP:   1.0586 eV
 BOTTOM OF VIRTUAL BANDS - BAND    145; K    1; EIG -7.2332124E-02 AU
 TTTTTTTTTTTTTTTTTTTTTTTTTTTTTT PDIG        TELAPSE     2474.10 TCPU     2454.77
 CHARGE NORMALIZATION FACTOR   1.00000000
 TOTAL ATOMIC CHARGES:
   5.9826261   5.9935379   5.9730537   5.9986837   5.9892674   5.9776074
   6.0170106   5.9934629   6.0319899   6.0079317   5.9903097   5.9777765
   5.9874229   5.9879251   6.0236702   5.9866552   5.9953559   5.9995651
   5.9639596   5.9886644   5.9980090   5.9783812   5.9734543   5.9955586
   5.9862935   5.9859250   5.9939434   5.9759709   5.9483969   5.9863250
   6.0053616   6.0001296   6.0602864   6.0244062   6.0079236   6.0012184
   5.9994146   6.0426420   6.0619852   5.9898904   6.0164975   6.0420952
   6.0088784   6.0083946   5.9963628   6.0013479   6.0245743   6.0198580
 SUMMED SPIN DENSITY           0.00000000
 TOTAL ATOMIC SPINS  :
   0.0000000  -0.0000000  -0.0000000  -0.0000000   0.0000000   0.0000000
   0.0000000   0.0000000  -0.0000000   0.0000000   0.0000000  -0.0000000
  -0.0000000  -0.0000000   0.0000000  -0.0000000  -0.0000000   0.0000000
  -0.0000000  -0.0000000   0.0000000  -0.0000000   0.0000000  -0.0000000
   0.0000000   0.0000000  -0.0000000  -0.0000000  -0.0000000   0.0000000
  -0.0000000   0.0000000   0.0000000  -0.0000000   0.0000000  -0.0000000
  -0.0000000   0.0000000   0.0000000   0.0000000   0.0000000  -0.0000000
  -0.0000000   0.0000000  -0.0000000   0.0000000  -0.0000000   0.0000000
 TTTTTTTTTTTTTTTTTTTTTTTTTTTTTT MOQGAD      TELAPSE     2474.14 TCPU     2454.81
 TTTTTTTTTTTTTTTTTTTTTTTTTTTTTT SHELLXN     TELAPSE     2812.82 TCPU     2793.42
 TTTTTTTTTTTTTTTTTTTTTTTTTTTTTT MONMO3      TELAPSE     2813.98 TCPU     2794.58
 NUMERICALLY INTEGRATED DENSITY    144.0000021667    144.0000021667
 TTTTTTTTTTTTTTTTTTTTTTTTTTTTTT NUMDFT      TELAPSE     2819.14 TCPU     2799.74
 CYC   6 ETOT(AU) -1.827545508759E+03 DETOT -1.70E-03 tst  1.26E-05 PX  7.36E-03
 TTTTTTTTTTTTTTTTTTTTTTTTTTTTTT DIIS        TELAPSE     2819.85 TCPU     2800.45
 DIIS TEST: 0.91835E-02 AT SCF   CYCLE   6 - DIIS ACTIVE - HISTORY:     6 CYCLES
 TTTTTTTTTTTTTTTTTTTTTTTTTTTTTT FDIK        TELAPSE     2858.82 TCPU     2839.19

    ALPHA      ELECTRONS
 INSULATING STATE
 TOP OF VALENCE BANDS -    BAND    144; K   22; EIG -1.1709334E-01 AU
 TOP OF VALENCE BANDS -    BAND    144; K    1; EIG -1.2413275E-01 AU
 BOTTOM OF VIRTUAL BANDS - BAND    145; K   19; EIG -7.7568125E-02 AU
 INDIRECT ENERGY BAND GAP:   1.0755 eV
 BOTTOM OF VIRTUAL BANDS - BAND    145; K    1; EIG -7.1945732E-02 AU

    BETA       ELECTRONS
 INSULATING STATE
 TOP OF VALENCE BANDS -    BAND    144; K   22; EIG -1.1709334E-01 AU
 TOP OF VALENCE BANDS -    BAND    144; K    1; EIG -1.2413275E-01 AU
 BOTTOM OF VIRTUAL BANDS - BAND    145; K   19; EIG -7.7568125E-02 AU
 INDIRECT ENERGY BAND GAP:   1.0755 eV
 BOTTOM OF VIRTUAL BANDS - BAND    145; K    1; EIG -7.1945732E-02 AU
 TTTTTTTTTTTTTTTTTTTTTTTTTTTTTT PDIG        TELAPSE     2861.12 TCPU     2841.46
 CHARGE NORMALIZATION FACTOR   1.00000000
 TOTAL ATOMIC CHARGES:
   5.9955042   5.9927091   5.9756459   5.9930568   5.9842360   5.9684136
   6.0241382   5.9945685   6.0164384   5.9978580   5.9958986   5.9858541
   5.9939467   5.9929458   6.0061999   5.9727047   5.9875030   5.9999225
   5.9670182   5.9956334   5.9907792   5.9922178   5.9693153   5.9939906
   6.0003250   5.9979221   6.0073460   5.9791490   5.9540037   5.9800775
   6.0139578   5.9897576   6.0555936   6.0266559   6.0116495   5.9972672
   6.0013873   6.0469288   6.0605422   5.9897815   6.0235224   6.0471735
   5.9978352   5.9996655   5.9856655   5.9907978   6.0315102   6.0249866
 SUMMED SPIN DENSITY           0.00000000
 TOTAL ATOMIC SPINS  :
   0.0000000  -0.0000000  -0.0000000  -0.0000000   0.0000000   0.0000000
   0.0000000   0.0000000  -0.0000000   0.0000000   0.0000000  -0.0000000
  -0.0000000  -0.0000000   0.0000000  -0.0000000  -0.0000000   0.0000000
  -0.0000000  -0.0000000   0.0000000  -0.0000000   0.0000000  -0.0000000
   0.0000000  -0.0000000   0.0000000  -0.0000000  -0.0000000   0.0000000
  -0.0000000  -0.0000000   0.0000000   0.0000000   0.0000000   0.0000000
  -0.0000000   0.0000000  -0.0000000  -0.0000000   0.0000000  -0.0000000
  -0.0000000   0.0000000   0.0000000   0.0000000   0.0000000   0.0000000
 TTTTTTTTTTTTTTTTTTTTTTTTTTTTTT MOQGAD      TELAPSE     2861.15 TCPU     2841.49
 TTTTTTTTTTTTTTTTTTTTTTTTTTTTTT SHELLXN     TELAPSE     3199.68 TCPU     3179.86
 TTTTTTTTTTTTTTTTTTTTTTTTTTTTTT MONMO3      TELAPSE     3200.85 TCPU     3181.03
 NUMERICALLY INTEGRATED DENSITY    144.0000021608    144.0000021608
 TTTTTTTTTTTTTTTTTTTTTTTTTTTTTT NUMDFT      TELAPSE     3206.00 TCPU     3186.18
 CYC   7 ETOT(AU) -1.827545803698E+03 DETOT -2.95E-04 tst  2.72E-06 PX  3.64E-03
 TTTTTTTTTTTTTTTTTTTTTTTTTTTTTT DIIS        TELAPSE     3206.83 TCPU     3186.90
 DIIS TEST: 0.43607E-02 AT SCF   CYCLE   7 - DIIS ACTIVE - HISTORY:     7 CYCLES
 TTTTTTTTTTTTTTTTTTTTTTTTTTTTTT FDIK        TELAPSE     3244.42 TCPU     3224.04

    ALPHA      ELECTRONS
 INSULATING STATE
 TOP OF VALENCE BANDS -    BAND    144; K   22; EIG -1.1698343E-01 AU
 TOP OF VALENCE BANDS -    BAND    144; K    1; EIG -1.2408466E-01 AU
 BOTTOM OF VIRTUAL BANDS - BAND    145; K   19; EIG -7.7362431E-02 AU
 INDIRECT ENERGY BAND GAP:   1.0781 eV
 BOTTOM OF VIRTUAL BANDS - BAND    145; K    1; EIG -7.1743189E-02 AU

    BETA       ELECTRONS
 INSULATING STATE
 TOP OF VALENCE BANDS -    BAND    144; K   22; EIG -1.1698343E-01 AU
 TOP OF VALENCE BANDS -    BAND    144; K    1; EIG -1.2408466E-01 AU
 BOTTOM OF VIRTUAL BANDS - BAND    145; K   19; EIG -7.7362431E-02 AU
 INDIRECT ENERGY BAND GAP:   1.0781 eV
 BOTTOM OF VIRTUAL BANDS - BAND    145; K    1; EIG -7.1743189E-02 AU
 TTTTTTTTTTTTTTTTTTTTTTTTTTTTTT PDIG        TELAPSE     3246.72 TCPU     3226.32
 CHARGE NORMALIZATION FACTOR   1.00000000
 TOTAL ATOMIC CHARGES:
   5.9895790   5.9931516   5.9714489   5.9912780   5.9890674   5.9725989
   6.0313319   5.9948433   6.0199775   5.9957364   5.9936451   5.9807533
   5.9990411   5.9955333   6.0224874   5.9799748   5.9940235   6.0001640
   5.9668192   5.9930861   5.9991213   5.9837058   5.9720910   5.9991135
   5.9953800   5.9911747   5.9998343   5.9767488   5.9540487   5.9805541
   6.0115031   5.9934926   6.0561820   6.0284808   6.0091413   6.0001298
   6.0010612   6.0424634   6.0586601   5.9880712   6.0202891   6.0447803
   5.9983588   6.0001001   5.9848936   5.9891283   6.0263070   6.0206445
 SUMMED SPIN DENSITY           0.00000000
 TOTAL ATOMIC SPINS  :
   0.0000000  -0.0000000  -0.0000000   0.0000000   0.0000000   0.0000000
   0.0000000   0.0000000   0.0000000   0.0000000   0.0000000  -0.0000000
  -0.0000000  -0.0000000  -0.0000000  -0.0000000   0.0000000   0.0000000
  -0.0000000  -0.0000000   0.0000000  -0.0000000   0.0000000  -0.0000000
  -0.0000000  -0.0000000   0.0000000  -0.0000000   0.0000000  -0.0000000
  -0.0000000  -0.0000000   0.0000000  -0.0000000   0.0000000   0.0000000
   0.0000000  -0.0000000  -0.0000000   0.0000000   0.0000000  -0.0000000
  -0.0000000  -0.0000000   0.0000000  -0.0000000   0.0000000   0.0000000
 TTTTTTTTTTTTTTTTTTTTTTTTTTTTTT MOQGAD      TELAPSE     3246.76 TCPU     3226.36
 TTTTTTTTTTTTTTTTTTTTTTTTTTTTTT SHELLXN     TELAPSE     3585.48 TCPU     3564.93
 TTTTTTTTTTTTTTTTTTTTTTTTTTTTTT MONMO3      TELAPSE     3586.64 TCPU     3566.09
 NUMERICALLY INTEGRATED DENSITY    144.0000021670    144.0000021670
 TTTTTTTTTTTTTTTTTTTTTTTTTTTTTT NUMDFT      TELAPSE     3591.78 TCPU     3571.23
 CYC   8 ETOT(AU) -1.827545946753E+03 DETOT -1.43E-04 tst  1.80E-06 PX  3.63E-03
 TTTTTTTTTTTTTTTTTTTTTTTTTTTTTT DIIS        TELAPSE     3592.62 TCPU     3571.79
 DIIS TEST: 0.15261E-02 AT SCF   CYCLE   8 - DIIS ACTIVE - HISTORY:     8 CYCLES
 TTTTTTTTTTTTTTTTTTTTTTTTTTTTTT FDIK        TELAPSE     3631.07 TCPU     3609.95

    ALPHA      ELECTRONS
 INSULATING STATE
 TOP OF VALENCE BANDS -    BAND    144; K   22; EIG -1.1711191E-01 AU
 TOP OF VALENCE BANDS -    BAND    144; K    1; EIG -1.2416130E-01 AU
 BOTTOM OF VIRTUAL BANDS - BAND    145; K   19; EIG -7.7424641E-02 AU
 INDIRECT ENERGY BAND GAP:   1.0799 eV
 BOTTOM OF VIRTUAL BANDS - BAND    145; K    1; EIG -7.1777848E-02 AU

    BETA       ELECTRONS
 INSULATING STATE
 TOP OF VALENCE BANDS -    BAND    144; K   22; EIG -1.1711191E-01 AU
 TOP OF VALENCE BANDS -    BAND    144; K    1; EIG -1.2416130E-01 AU
 BOTTOM OF VIRTUAL BANDS - BAND    145; K   19; EIG -7.7424641E-02 AU
 INDIRECT ENERGY BAND GAP:   1.0799 eV
 BOTTOM OF VIRTUAL BANDS - BAND    145; K    1; EIG -7.1777848E-02 AU
 TTTTTTTTTTTTTTTTTTTTTTTTTTTTTT PDIG        TELAPSE     3633.37 TCPU     3612.24
 CHARGE NORMALIZATION FACTOR   1.00000000
 TOTAL ATOMIC CHARGES:
   5.9915420   5.9981610   5.9748415   5.9937188   5.9868319   5.9722481
   6.0279566   5.9939813   6.0231494   6.0008517   5.9942577   5.9829796
   5.9949897   5.9920685   6.0199426   5.9777799   5.9927097   6.0028032
   5.9672294   5.9928802   5.9971233   5.9834164   5.9725761   5.9957818
   5.9964359   5.9942562   6.0021073   5.9755399   5.9520866   5.9806163
   6.0124438   5.9910516   6.0552937   6.0257432   6.0084452   6.0005451
   6.0022865   6.0436893   6.0596163   5.9905506   6.0180016   6.0420536
   5.9983185   5.9998118   5.9860046   5.9892496   6.0251272   6.0209052
 SUMMED SPIN DENSITY           0.00000000
 TOTAL ATOMIC SPINS  :
  -0.0000000  -0.0000000  -0.0000000   0.0000000   0.0000000   0.0000000
   0.0000000   0.0000000   0.0000000   0.0000000   0.0000000  -0.0000000
  -0.0000000  -0.0000000  -0.0000000  -0.0000000   0.0000000   0.0000000
  -0.0000000  -0.0000000   0.0000000   0.0000000   0.0000000   0.0000000
  -0.0000000  -0.0000000   0.0000000  -0.0000000  -0.0000000  -0.0000000
  -0.0000000  -0.0000000   0.0000000  -0.0000000   0.0000000   0.0000000
   0.0000000   0.0000000  -0.0000000   0.0000000   0.0000000  -0.0000000
   0.0000000  -0.0000000   0.0000000  -0.0000000   0.0000000   0.0000000
 TTTTTTTTTTTTTTTTTTTTTTTTTTTTTT MOQGAD      TELAPSE     3633.41 TCPU     3612.28
 TTTTTTTTTTTTTTTTTTTTTTTTTTTTTT SHELLXN     TELAPSE     3971.87 TCPU     3950.54
 TTTTTTTTTTTTTTTTTTTTTTTTTTTTTT MONMO3      TELAPSE     3973.04 TCPU     3951.71
 NUMERICALLY INTEGRATED DENSITY    144.0000021589    144.0000021589
 TTTTTTTTTTTTTTTTTTTTTTTTTTTTTT NUMDFT      TELAPSE     3978.21 TCPU     3956.88
 CYC   9 ETOT(AU) -1.827546008959E+03 DETOT -6.22E-05 tst  5.92E-07 PX  1.43E-03
 TTTTTTTTTTTTTTTTTTTTTTTTTTTTTT DIIS        TELAPSE     3979.10 TCPU     3957.52
 DIIS TEST: 0.24779E-03 AT SCF   CYCLE   9 - DIIS ACTIVE - HISTORY:     9 CYCLES
 TTTTTTTTTTTTTTTTTTTTTTTTTTTTTT FDIK        TELAPSE     4019.10 TCPU     3997.22

    ALPHA      ELECTRONS
 INSULATING STATE
 TOP OF VALENCE BANDS -    BAND    144; K   22; EIG -1.1712542E-01 AU
 TOP OF VALENCE BANDS -    BAND    144; K    1; EIG -1.2413428E-01 AU
 BOTTOM OF VIRTUAL BANDS - BAND    145; K   19; EIG -7.7420203E-02 AU
 INDIRECT ENERGY BAND GAP:   1.0804 eV
 BOTTOM OF VIRTUAL BANDS - BAND    145; K    1; EIG -7.1771045E-02 AU

    BETA       ELECTRONS
 INSULATING STATE
 TOP OF VALENCE BANDS -    BAND    144; K   22; EIG -1.1712542E-01 AU
 TOP OF VALENCE BANDS -    BAND    144; K    1; EIG -1.2413428E-01 AU
 BOTTOM OF VIRTUAL BANDS - BAND    145; K   19; EIG -7.7420203E-02 AU
 INDIRECT ENERGY BAND GAP:   1.0804 eV
 BOTTOM OF VIRTUAL BANDS - BAND    145; K    1; EIG -7.1771045E-02 AU
 TTTTTTTTTTTTTTTTTTTTTTTTTTTTTT PDIG        TELAPSE     4021.49 TCPU     3999.59
 CHARGE NORMALIZATION FACTOR   1.00000000
 TOTAL ATOMIC CHARGES:
   5.9918283   5.9953558   5.9735543   5.9930802   5.9871092   5.9727631
   6.0273248   5.9948499   6.0221665   5.9992078   5.9941561   5.9829446
   5.9957753   5.9930847   6.0182943   5.9784674   5.9920494   6.0013327
   5.9665092   5.9941956   5.9972613   5.9855535   5.9717387   5.9964855
   5.9957995   5.9926379   6.0013816   5.9757657   5.9526360   5.9808329
   6.0122710   5.9925946   6.0557134   6.0269631   6.0089919   6.0008963
   6.0018811   6.0437660   6.0592448   5.9893718   6.0191029   6.0429993
   5.9985034   6.0002399   5.9861594   5.9897091   6.0261558   6.0212941
 SUMMED SPIN DENSITY           0.00000000
 TOTAL ATOMIC SPINS  :
   0.0000000  -0.0000000  -0.0000000   0.0000000  -0.0000000  -0.0000000
   0.0000000  -0.0000000   0.0000000   0.0000000   0.0000000  -0.0000000
  -0.0000000  -0.0000000  -0.0000000  -0.0000000  -0.0000000  -0.0000000
  -0.0000000  -0.0000000   0.0000000  -0.0000000   0.0000000  -0.0000000
  -0.0000000  -0.0000000  -0.0000000   0.0000000   0.0000000  -0.0000000
   0.0000000   0.0000000   0.0000000  -0.0000000  -0.0000000  -0.0000000
   0.0000000  -0.0000000  -0.0000000   0.0000000   0.0000000  -0.0000000
   0.0000000   0.0000000   0.0000000  -0.0000000  -0.0000000   0.0000000
 TTTTTTTTTTTTTTTTTTTTTTTTTTTTTT MOQGAD      TELAPSE     4021.53 TCPU     3999.63
 TTTTTTTTTTTTTTTTTTTTTTTTTTTTTT SHELLXN     TELAPSE     4360.32 TCPU     4338.16
 TTTTTTTTTTTTTTTTTTTTTTTTTTTTTT MONMO3      TELAPSE     4361.48 TCPU     4339.32
 NUMERICALLY INTEGRATED DENSITY    144.0000021598    144.0000021598
 TTTTTTTTTTTTTTTTTTTTTTTTTTTTTT NUMDFT      TELAPSE     4366.66 TCPU     4344.50
 CYC  10 ETOT(AU) -1.827546019513E+03 DETOT -1.06E-05 tst  5.75E-08 PX  5.07E-04
 TTTTTTTTTTTTTTTTTTTTTTTTTTTTTT DIIS        TELAPSE     4367.44 TCPU     4345.08
 DIIS TEST: 0.20520E-04 AT SCF   CYCLE  10 - DIIS ACTIVE - HISTORY:    10 CYCLES
 TTTTTTTTTTTTTTTTTTTTTTTTTTTTTT FDIK        TELAPSE     4408.72 TCPU     4386.11

    ALPHA      ELECTRONS
 INSULATING STATE
 TOP OF VALENCE BANDS -    BAND    144; K   22; EIG -1.1712214E-01 AU
 TOP OF VALENCE BANDS -    BAND    144; K    1; EIG -1.2415618E-01 AU
 BOTTOM OF VIRTUAL BANDS - BAND    145; K   19; EIG -7.7389151E-02 AU
 INDIRECT ENERGY BAND GAP:   1.0812 eV
 BOTTOM OF VIRTUAL BANDS - BAND    145; K    1; EIG -7.1751082E-02 AU

    BETA       ELECTRONS
 INSULATING STATE
 TOP OF VALENCE BANDS -    BAND    144; K   22; EIG -1.1712214E-01 AU
 TOP OF VALENCE BANDS -    BAND    144; K    1; EIG -1.2415618E-01 AU
 BOTTOM OF VIRTUAL BANDS - BAND    145; K   19; EIG -7.7389151E-02 AU
 INDIRECT ENERGY BAND GAP:   1.0812 eV
 BOTTOM OF VIRTUAL BANDS - BAND    145; K    1; EIG -7.1751082E-02 AU
 TTTTTTTTTTTTTTTTTTTTTTTTTTTTTT PDIG        TELAPSE     4411.02 TCPU     4388.40
 CHARGE NORMALIZATION FACTOR   1.00000000
 TOTAL ATOMIC CHARGES:
   5.9912942   5.9955861   5.9740027   5.9929700   5.9872788   5.9719153
   6.0281054   5.9940625   6.0218063   5.9992130   5.9941099   5.9822972
   5.9957883   5.9930815   6.0192581   5.9782670   5.9924676   6.0014791
   5.9670504   5.9930233   5.9967835   5.9844651   5.9719679   5.9964682
   5.9960897   5.9936832   6.0016714   5.9763955   5.9526547   5.9808951
   6.0119208   5.9916712   6.0557039   6.0265460   6.0090621   6.0000708
   6.0017728   6.0437625   6.0595729   5.9898190   6.0194557   6.0434480
   5.9988461   6.0003272   5.9862174   5.9899781   6.0263392   6.0213555
 SUMMED SPIN DENSITY           0.00000000
 TOTAL ATOMIC SPINS  :
   0.0000000   0.0000000  -0.0000000   0.0000000  -0.0000000   0.0000000
   0.0000000  -0.0000000   0.0000000   0.0000000   0.0000000   0.0000000
   0.0000000  -0.0000000  -0.0000000   0.0000000  -0.0000000  -0.0000000
  -0.0000000  -0.0000000   0.0000000  -0.0000000   0.0000000   0.0000000
  -0.0000000   0.0000000  -0.0000000   0.0000000  -0.0000000  -0.0000000
   0.0000000  -0.0000000  -0.0000000   0.0000000  -0.0000000   0.0000000
  -0.0000000   0.0000000   0.0000000   0.0000000   0.0000000  -0.0000000
   0.0000000   0.0000000   0.0000000   0.0000000  -0.0000000   0.0000000
 TTTTTTTTTTTTTTTTTTTTTTTTTTTTTT MOQGAD      TELAPSE     4411.06 TCPU     4388.44
 TTTTTTTTTTTTTTTTTTTTTTTTTTTTTT SHELLXN     TELAPSE     4750.01 TCPU     4727.37
 TTTTTTTTTTTTTTTTTTTTTTTTTTTTTT MONMO3      TELAPSE     4751.18 TCPU     4728.54
 NUMERICALLY INTEGRATED DENSITY    144.0000021596    144.0000021596
 TTTTTTTTTTTTTTTTTTTTTTTTTTTTTT NUMDFT      TELAPSE     4756.35 TCPU     4733.72
 CYC  11 ETOT(AU) -1.827546020179E+03 DETOT -6.66E-07 tst  1.08E-08 PX  2.24E-04
 TTTTTTTTTTTTTTTTTTTTTTTTTTTTTT DIIS        TELAPSE     4757.10 TCPU     4734.28
 DIIS TEST: 0.11119E-04 AT SCF   CYCLE  11 - DIIS ACTIVE - HISTORY:    11 CYCLES
 TTTTTTTTTTTTTTTTTTTTTTTTTTTTTT FDIK        TELAPSE     4797.65 TCPU     4774.48

    ALPHA      ELECTRONS
 INSULATING STATE
 TOP OF VALENCE BANDS -    BAND    144; K   22; EIG -1.1713580E-01 AU
 TOP OF VALENCE BANDS -    BAND    144; K    1; EIG -1.2415938E-01 AU
 BOTTOM OF VIRTUAL BANDS - BAND    145; K   19; EIG -7.7389243E-02 AU
 INDIRECT ENERGY BAND GAP:   1.0816 eV
 BOTTOM OF VIRTUAL BANDS - BAND    145; K    1; EIG -7.1749300E-02 AU

    BETA       ELECTRONS
 INSULATING STATE
 TOP OF VALENCE BANDS -    BAND    144; K   22; EIG -1.1713580E-01 AU
 TOP OF VALENCE BANDS -    BAND    144; K    1; EIG -1.2415938E-01 AU
 BOTTOM OF VIRTUAL BANDS - BAND    145; K   19; EIG -7.7389243E-02 AU
 INDIRECT ENERGY BAND GAP:   1.0816 eV
 BOTTOM OF VIRTUAL BANDS - BAND    145; K    1; EIG -7.1749300E-02 AU
 TTTTTTTTTTTTTTTTTTTTTTTTTTTTTT PDIG        TELAPSE     4799.95 TCPU     4776.78
 CHARGE NORMALIZATION FACTOR   1.00000000
 TOTAL ATOMIC CHARGES:
   5.9913272   5.9958477   5.9737606   5.9930989   5.9871292   5.9723711
   6.0277497   5.9945488   6.0218931   5.9993586   5.9941697   5.9826630
   5.9957042   5.9929887   6.0187713   5.9783184   5.9923875   6.0014980
   5.9667474   5.9935343   5.9970156   5.9848405   5.9719651   5.9965087
   5.9960808   5.9930849   6.0015421   5.9760418   5.9527375   5.9807409
   6.0121249   5.9922491   6.0557040   6.0266597   6.0090421   6.0003708
   6.0017395   6.0437886   6.0594261   5.9895222   6.0192451   6.0433504
   5.9985993   6.0002400   5.9860959   5.9898586   6.0261981   6.0213603
 SUMMED SPIN DENSITY           0.00000000
 TOTAL ATOMIC SPINS  :
   0.0000000   0.0000000  -0.0000000   0.0000000  -0.0000000   0.0000000
   0.0000000  -0.0000000   0.0000000  -0.0000000   0.0000000   0.0000000
   0.0000000  -0.0000000  -0.0000000   0.0000000  -0.0000000  -0.0000000
  -0.0000000   0.0000000   0.0000000  -0.0000000   0.0000000   0.0000000
  -0.0000000   0.0000000   0.0000000   0.0000000  -0.0000000  -0.0000000
   0.0000000  -0.0000000  -0.0000000  -0.0000000  -0.0000000   0.0000000
  -0.0000000  -0.0000000  -0.0000000   0.0000000   0.0000000  -0.0000000
   0.0000000  -0.0000000   0.0000000   0.0000000   0.0000000   0.0000000
 TTTTTTTTTTTTTTTTTTTTTTTTTTTTTT MOQGAD      TELAPSE     4799.99 TCPU     4776.82
 TTTTTTTTTTTTTTTTTTTTTTTTTTTTTT SHELLXN     TELAPSE     5138.71 TCPU     5115.41
 TTTTTTTTTTTTTTTTTTTTTTTTTTTTTT MONMO3      TELAPSE     5139.88 TCPU     5116.57
 NUMERICALLY INTEGRATED DENSITY    144.0000021594    144.0000021594
 TTTTTTTTTTTTTTTTTTTTTTTTTTTTTT NUMDFT      TELAPSE     5145.03 TCPU     5121.73
 CYC  12 ETOT(AU) -1.827546020807E+03 DETOT -6.28E-07 tst  2.45E-09 PX  1.19E-04
 TTTTTTTTTTTTTTTTTTTTTTTTTTTTTT DIIS        TELAPSE     5145.81 TCPU     5122.51
 DIIS TEST: 0.92704E-06 AT SCF   CYCLE  12 - DIIS ACTIVE - HISTORY:    12 CYCLES
 TTTTTTTTTTTTTTTTTTTTTTTTTTTTTT FDIK        TELAPSE     5188.39 TCPU     5164.70

    ALPHA      ELECTRONS
 INSULATING STATE
 TOP OF VALENCE BANDS -    BAND    144; K   22; EIG -1.1713892E-01 AU
 TOP OF VALENCE BANDS -    BAND    144; K    1; EIG -1.2415713E-01 AU
 BOTTOM OF VIRTUAL BANDS - BAND    145; K   19; EIG -7.7392121E-02 AU
 INDIRECT ENERGY BAND GAP:   1.0816 eV
 BOTTOM OF VIRTUAL BANDS - BAND    145; K    1; EIG -7.1748343E-02 AU

    BETA       ELECTRONS
 INSULATING STATE
 TOP OF VALENCE BANDS -    BAND    144; K   22; EIG -1.1713892E-01 AU
 TOP OF VALENCE BANDS -    BAND    144; K    1; EIG -1.2415713E-01 AU
 BOTTOM OF VIRTUAL BANDS - BAND    145; K   19; EIG -7.7392121E-02 AU
 INDIRECT ENERGY BAND GAP:   1.0816 eV
 BOTTOM OF VIRTUAL BANDS - BAND    145; K    1; EIG -7.1748343E-02 AU
 TTTTTTTTTTTTTTTTTTTTTTTTTTTTTT PDIG        TELAPSE     5190.69 TCPU     5166.99
 CHARGE NORMALIZATION FACTOR   1.00000000
 TOTAL ATOMIC CHARGES:
   5.9915401   5.9955491   5.9738363   5.9930261   5.9872174   5.9723156
   6.0277487   5.9944213   6.0220053   5.9992339   5.9941444   5.9825974
   5.9957588   5.9930167   6.0188766   5.9783434   5.9923038   6.0014646
   5.9668073   5.9935477   5.9969706   5.9848751   5.9718984   5.9964755
   5.9960041   5.9932387   6.0016019   5.9760883   5.9526353   5.9808362
   6.0121048   5.9921097   6.0557095   6.0267000   6.0090129   6.0004352
   6.0017986   6.0437799   6.0594432   5.9895740   6.0192280   6.0432299
   5.9986725   6.0002661   5.9861603   5.9898632   6.0262174   6.0213159
 SUMMED SPIN DENSITY           0.00000000
 TOTAL ATOMIC SPINS  :
  -0.0000000   0.0000000  -0.0000000   0.0000000  -0.0000000   0.0000000
   0.0000000  -0.0000000   0.0000000  -0.0000000  -0.0000000   0.0000000
   0.0000000  -0.0000000  -0.0000000   0.0000000  -0.0000000  -0.0000000
  -0.0000000   0.0000000   0.0000000  -0.0000000   0.0000000   0.0000000
  -0.0000000  -0.0000000   0.0000000  -0.0000000   0.0000000   0.0000000
  -0.0000000  -0.0000000  -0.0000000  -0.0000000  -0.0000000   0.0000000
  -0.0000000   0.0000000  -0.0000000   0.0000000   0.0000000  -0.0000000
  -0.0000000  -0.0000000   0.0000000  -0.0000000  -0.0000000  -0.0000000
 TTTTTTTTTTTTTTTTTTTTTTTTTTTTTT MOQGAD      TELAPSE     5190.73 TCPU     5167.03
 TTTTTTTTTTTTTTTTTTTTTTTTTTTTTT SHELLXN     TELAPSE     5529.42 TCPU     5505.70
 TTTTTTTTTTTTTTTTTTTTTTTTTTTTTT MONMO3      TELAPSE     5530.59 TCPU     5506.87
 NUMERICALLY INTEGRATED DENSITY    144.0000021594    144.0000021594
 TTTTTTTTTTTTTTTTTTTTTTTTTTTTTT NUMDFT      TELAPSE     5535.75 TCPU     5512.02
 CYC  13 ETOT(AU) -1.827546020814E+03 DETOT -7.48E-09 tst  5.67E-10 PX  5.00E-05
 TTTTTTTTTTTTTTTTTTTTTTTTTTTTTT DIIS        TELAPSE     5536.49 TCPU     5512.77
 DIIS TEST: 0.21676E-06 AT SCF   CYCLE  13 - DIIS ACTIVE - HISTORY:    13 CYCLES
 TTTTTTTTTTTTTTTTTTTTTTTTTTTTTT FDIK        TELAPSE     5576.54 TCPU     5552.55

    ALPHA      ELECTRONS
 INSULATING STATE
 TOP OF VALENCE BANDS -    BAND    144; K   22; EIG -1.1713573E-01 AU
 TOP OF VALENCE BANDS -    BAND    144; K    1; EIG -1.2415643E-01 AU
 BOTTOM OF VIRTUAL BANDS - BAND    145; K   19; EIG -7.7387500E-02 AU
 INDIRECT ENERGY BAND GAP:   1.0816 eV
 BOTTOM OF VIRTUAL BANDS - BAND    145; K    1; EIG -7.1745377E-02 AU

    BETA       ELECTRONS
 INSULATING STATE
 TOP OF VALENCE BANDS -    BAND    144; K   22; EIG -1.1713573E-01 AU
 TOP OF VALENCE BANDS -    BAND    144; K    1; EIG -1.2415643E-01 AU
 BOTTOM OF VIRTUAL BANDS - BAND    145; K   19; EIG -7.7387500E-02 AU
 INDIRECT ENERGY BAND GAP:   1.0816 eV
 BOTTOM OF VIRTUAL BANDS - BAND    145; K    1; EIG -7.1745377E-02 AU
 TTTTTTTTTTTTTTTTTTTTTTTTTTTTTT PDIG        TELAPSE     5578.90 TCPU     5554.91
 CHARGE NORMALIZATION FACTOR   1.00000000
 TOTAL ATOMIC CHARGES:
   5.9914536   5.9956703   5.9738155   5.9930590   5.9871697   5.9722953
   6.0277660   5.9944410   6.0219307   5.9993061   5.9941453   5.9826136
   5.9957499   5.9930480   6.0188201   5.9783545   5.9923122   6.0014499
   5.9667942   5.9935098   5.9970025   5.9848820   5.9718961   5.9964791
   5.9960303   5.9931985   6.0015118   5.9760950   5.9526804   5.9808232
   6.0121043   5.9921162   6.0556885   6.0266674   6.0090286   6.0004181
   6.0018093   6.0437722   6.0594253   5.9896215   6.0192637   6.0432712
   5.9986686   6.0002646   5.9861664   5.9898619   6.0262111   6.0213374
 SUMMED SPIN DENSITY           0.00000000
 TOTAL ATOMIC SPINS  :
  -0.0000000  -0.0000000  -0.0000000   0.0000000  -0.0000000   0.0000000
  -0.0000000  -0.0000000   0.0000000  -0.0000000  -0.0000000  -0.0000000
  -0.0000000   0.0000000  -0.0000000   0.0000000   0.0000000  -0.0000000
  -0.0000000   0.0000000   0.0000000   0.0000000   0.0000000   0.0000000
  -0.0000000  -0.0000000  -0.0000000  -0.0000000   0.0000000   0.0000000
  -0.0000000  -0.0000000  -0.0000000  -0.0000000   0.0000000   0.0000000
  -0.0000000   0.0000000  -0.0000000   0.0000000  -0.0000000   0.0000000
   0.0000000  -0.0000000   0.0000000  -0.0000000   0.0000000  -0.0000000
 TTTTTTTTTTTTTTTTTTTTTTTTTTTTTT MOQGAD      TELAPSE     5578.94 TCPU     5554.95
 TTTTTTTTTTTTTTTTTTTTTTTTTTTTTT SHELLXN     TELAPSE     5917.28 TCPU     5893.26
 TTTTTTTTTTTTTTTTTTTTTTTTTTTTTT MONMO3      TELAPSE     5918.44 TCPU     5894.42
 NUMERICALLY INTEGRATED DENSITY    144.0000021594    144.0000021594
 TTTTTTTTTTTTTTTTTTTTTTTTTTTTTT NUMDFT      TELAPSE     5923.59 TCPU     5899.57
 CYC  14 ETOT(AU) -1.827546020810E+03 DETOT  4.60E-09 tst  2.42E-10 PX  2.38E-05
 TTTTTTTTTTTTTTTTTTTTTTTTTTTTTT DIIS        TELAPSE     5924.44 TCPU     5900.42
 DIIS TEST: 0.48041E-07 AT SCF   CYCLE  14 - DIIS ACTIVE - HISTORY:    14 CYCLES
 TTTTTTTTTTTTTTTTTTTTTTTTTTTTTT FDIK        TELAPSE     5962.98 TCPU     5938.37

    ALPHA      ELECTRONS
 INSULATING STATE
 TOP OF VALENCE BANDS -    BAND    144; K   22; EIG -1.1713806E-01 AU
 TOP OF VALENCE BANDS -    BAND    144; K    1; EIG -1.2415766E-01 AU
 BOTTOM OF VIRTUAL BANDS - BAND    145; K   19; EIG -7.7387587E-02 AU
 INDIRECT ENERGY BAND GAP:   1.0817 eV
 BOTTOM OF VIRTUAL BANDS - BAND    145; K    1; EIG -7.1745110E-02 AU

    BETA       ELECTRONS
 INSULATING STATE
 TOP OF VALENCE BANDS -    BAND    144; K   22; EIG -1.1713806E-01 AU
 TOP OF VALENCE BANDS -    BAND    144; K    1; EIG -1.2415766E-01 AU
 BOTTOM OF VIRTUAL BANDS - BAND    145; K   19; EIG -7.7387587E-02 AU
 INDIRECT ENERGY BAND GAP:   1.0817 eV
 BOTTOM OF VIRTUAL BANDS - BAND    145; K    1; EIG -7.1745110E-02 AU
 TTTTTTTTTTTTTTTTTTTTTTTTTTTTTT PDIG        TELAPSE     5965.28 TCPU     5940.67
 CHARGE NORMALIZATION FACTOR   1.00000000
 TOTAL ATOMIC CHARGES:
   5.9914610   5.9956512   5.9738180   5.9930507   5.9871828   5.9723158
   6.0277670   5.9944505   6.0219524   5.9992814   5.9941490   5.9826085
   5.9957410   5.9930162   6.0188469   5.9783306   5.9923336   6.0014691
   5.9667972   5.9935161   5.9969762   5.9848599   5.9719172   5.9964789
   5.9960275   5.9931993   6.0015732   5.9760835   5.9526780   5.9808149
   6.0120975   5.9921345   6.0556972   6.0266826   6.0090271   6.0004079
   6.0017895   6.0437795   6.0594362   5.9895775   6.0192512   6.0432753
   5.9986633   6.0002642   5.9861507   5.9898698   6.0262138   6.0213347
 SUMMED SPIN DENSITY           0.00000000
 TOTAL ATOMIC SPINS  :
  -0.0000000   0.0000000  -0.0000000   0.0000000   0.0000000   0.0000000
  -0.0000000  -0.0000000   0.0000000  -0.0000000   0.0000000  -0.0000000
  -0.0000000   0.0000000   0.0000000   0.0000000   0.0000000  -0.0000000
  -0.0000000   0.0000000  -0.0000000   0.0000000   0.0000000   0.0000000
  -0.0000000  -0.0000000  -0.0000000  -0.0000000   0.0000000   0.0000000
  -0.0000000  -0.0000000  -0.0000000  -0.0000000   0.0000000   0.0000000
  -0.0000000   0.0000000  -0.0000000   0.0000000  -0.0000000   0.0000000
  -0.0000000  -0.0000000   0.0000000  -0.0000000   0.0000000   0.0000000
 TTTTTTTTTTTTTTTTTTTTTTTTTTTTTT MOQGAD      TELAPSE     5965.32 TCPU     5940.70
 TTTTTTTTTTTTTTTTTTTTTTTTTTTTTT SHELLXN     TELAPSE     6303.75 TCPU     6279.12
 TTTTTTTTTTTTTTTTTTTTTTTTTTTTTT MONMO3      TELAPSE     6304.92 TCPU     6280.29
 NUMERICALLY INTEGRATED DENSITY    144.0000021594    144.0000021594
 TTTTTTTTTTTTTTTTTTTTTTTTTTTTTT NUMDFT      TELAPSE     6310.07 TCPU     6285.43
 CYC  15 ETOT(AU) -1.827546020814E+03 DETOT -4.53E-09 tst  2.27E-11 PX  9.89E-06
 TTTTTTTTTTTTTTTTTTTTTTTTTTTTTT DIIS        TELAPSE     6310.74 TCPU     6286.10
 DIIS TEST: 0.41323E-08 AT SCF   CYCLE  15 - DIIS ACTIVE - HISTORY:    15 CYCLES
 TTTTTTTTTTTTTTTTTTTTTTTTTTTTTT FDIK        TELAPSE     6346.80 TCPU     6321.89

    ALPHA      ELECTRONS
 INSULATING STATE
 TOP OF VALENCE BANDS -    BAND    144; K   22; EIG -1.1713807E-01 AU
 TOP OF VALENCE BANDS -    BAND    144; K    1; EIG -1.2415757E-01 AU
 BOTTOM OF VIRTUAL BANDS - BAND    145; K   19; EIG -7.7387532E-02 AU
 INDIRECT ENERGY BAND GAP:   1.0817 eV
 BOTTOM OF VIRTUAL BANDS - BAND    145; K    1; EIG -7.1744994E-02 AU

    BETA       ELECTRONS
 INSULATING STATE
 TOP OF VALENCE BANDS -    BAND    144; K   22; EIG -1.1713807E-01 AU
 TOP OF VALENCE BANDS -    BAND    144; K    1; EIG -1.2415757E-01 AU
 BOTTOM OF VIRTUAL BANDS - BAND    145; K   19; EIG -7.7387532E-02 AU
 INDIRECT ENERGY BAND GAP:   1.0817 eV
 BOTTOM OF VIRTUAL BANDS - BAND    145; K    1; EIG -7.1744994E-02 AU
 TTTTTTTTTTTTTTTTTTTTTTTTTTTTTT PDIG        TELAPSE     6349.10 TCPU     6324.19
 CHARGE NORMALIZATION FACTOR   1.00000000
 TOTAL ATOMIC CHARGES:
   5.9914623   5.9956521   5.9738217   5.9930480   5.9871861   5.9723109
   6.0277585   5.9944416   6.0219524   5.9992845   5.9941489   5.9826077
   5.9957469   5.9930212   6.0188414   5.9783492   5.9923243   6.0014652
   5.9667962   5.9935197   5.9969852   5.9848620   5.9719096   5.9964840
   5.9960329   5.9932053   6.0015531   5.9760901   5.9526730   5.9808180
   6.0121058   5.9921286   6.0556998   6.0266741   6.0090267   6.0004081
   6.0017898   6.0437801   6.0594370   5.9895870   6.0192495   6.0432732
   5.9986601   6.0002622   5.9861513   5.9898660   6.0262142   6.0213344
 SUMMED SPIN DENSITY           0.00000000
 TOTAL ATOMIC SPINS  :
   0.0000000  -0.0000000  -0.0000000   0.0000000  -0.0000000  -0.0000000
  -0.0000000   0.0000000  -0.0000000   0.0000000   0.0000000  -0.0000000
   0.0000000   0.0000000   0.0000000   0.0000000   0.0000000  -0.0000000
  -0.0000000   0.0000000  -0.0000000  -0.0000000   0.0000000   0.0000000
  -0.0000000   0.0000000   0.0000000   0.0000000  -0.0000000  -0.0000000
   0.0000000   0.0000000   0.0000000  -0.0000000   0.0000000  -0.0000000
   0.0000000   0.0000000  -0.0000000  -0.0000000   0.0000000   0.0000000
   0.0000000   0.0000000   0.0000000   0.0000000  -0.0000000   0.0000000
 TTTTTTTTTTTTTTTTTTTTTTTTTTTTTT MOQGAD      TELAPSE     6349.14 TCPU     6324.23
 TTTTTTTTTTTTTTTTTTTTTTTTTTTTTT SHELLXN     TELAPSE     6687.54 TCPU     6662.60
 TTTTTTTTTTTTTTTTTTTTTTTTTTTTTT MONMO3      TELAPSE     6688.71 TCPU     6663.77
 NUMERICALLY INTEGRATED DENSITY    144.0000021594    144.0000021594
 TTTTTTTTTTTTTTTTTTTTTTTTTTTTTT NUMDFT      TELAPSE     6693.85 TCPU     6668.92
 CYC  16 ETOT(AU) -1.827546020818E+03 DETOT -3.76E-09 tst  7.63E-12 PX  3.92E-06
 TTTTTTTTTTTTTTTTTTTTTTTTTTTTTT DIIS        TELAPSE     6694.64 TCPU     6669.70
 DIIS TEST: 0.13926E-08 AT SCF   CYCLE  16 - DIIS ACTIVE - HISTORY:    16 CYCLES
 TTTTTTTTTTTTTTTTTTTTTTTTTTTTTT FDIK        TELAPSE     6726.77 TCPU     6701.69

    ALPHA      ELECTRONS
 INSULATING STATE
 TOP OF VALENCE BANDS -    BAND    144; K   22; EIG -1.1713811E-01 AU
 TOP OF VALENCE BANDS -    BAND    144; K    1; EIG -1.2415760E-01 AU
 BOTTOM OF VIRTUAL BANDS - BAND    145; K   19; EIG -7.7387278E-02 AU
 INDIRECT ENERGY BAND GAP:   1.0817 eV
 BOTTOM OF VIRTUAL BANDS - BAND    145; K    1; EIG -7.1744775E-02 AU

    BETA       ELECTRONS
 INSULATING STATE
 TOP OF VALENCE BANDS -    BAND    144; K   22; EIG -1.1713811E-01 AU
 TOP OF VALENCE BANDS -    BAND    144; K    1; EIG -1.2415760E-01 AU
 BOTTOM OF VIRTUAL BANDS - BAND    145; K   19; EIG -7.7387278E-02 AU
 INDIRECT ENERGY BAND GAP:   1.0817 eV
 BOTTOM OF VIRTUAL BANDS - BAND    145; K    1; EIG -7.1744775E-02 AU
 TTTTTTTTTTTTTTTTTTTTTTTTTTTTTT PDIG        TELAPSE     6729.15 TCPU     6704.07
 CHARGE NORMALIZATION FACTOR   1.00000000
 TOTAL ATOMIC CHARGES:
   5.9914639   5.9956514   5.9738194   5.9930519   5.9871825   5.9723103
   6.0277650   5.9944463   6.0219500   5.9992859   5.9941475   5.9826092
   5.9957440   5.9930230   6.0188434   5.9783394   5.9923260   6.0014646
   5.9667953   5.9935175   5.9969820   5.9848645   5.9719112   5.9964803
   5.9960284   5.9932019   6.0015579   5.9760867   5.9526760   5.9808157
   6.0121014   5.9921314   6.0556972   6.0266769   6.0090261   6.0004119
   6.0017929   6.0437786   6.0594353   5.9895871   6.0192521   6.0432723
   5.9986636   6.0002630   5.9861544   5.9898683   6.0262127   6.0213337
 SUMMED SPIN DENSITY           0.00000000
 TOTAL ATOMIC SPINS  :
   0.0000000  -0.0000000  -0.0000000  -0.0000000   0.0000000   0.0000000
   0.0000000  -0.0000000  -0.0000000   0.0000000   0.0000000   0.0000000
  -0.0000000  -0.0000000  -0.0000000   0.0000000  -0.0000000  -0.0000000
   0.0000000  -0.0000000  -0.0000000   0.0000000   0.0000000   0.0000000
   0.0000000   0.0000000   0.0000000   0.0000000   0.0000000   0.0000000
  -0.0000000  -0.0000000  -0.0000000  -0.0000000   0.0000000   0.0000000
  -0.0000000   0.0000000  -0.0000000  -0.0000000   0.0000000   0.0000000
   0.0000000  -0.0000000  -0.0000000   0.0000000  -0.0000000  -0.0000000
 TTTTTTTTTTTTTTTTTTTTTTTTTTTTTT MOQGAD      TELAPSE     6729.19 TCPU     6704.11
 TTTTTTTTTTTTTTTTTTTTTTTTTTTTTT SHELLXN     TELAPSE     7068.41 TCPU     7043.31
 TTTTTTTTTTTTTTTTTTTTTTTTTTTTTT MONMO3      TELAPSE     7069.57 TCPU     7044.47
 NUMERICALLY INTEGRATED DENSITY    144.0000021594    144.0000021594
 TTTTTTTTTTTTTTTTTTTTTTTTTTTTTT NUMDFT      TELAPSE     7074.89 TCPU     7049.79
 CYC  17 ETOT(AU) -1.827546020816E+03 DETOT  1.50E-09 tst  8.25E-13 PX  1.34E-06
 TTTTTTTTTTTTTTTTTTTTTTTTTTTTTT DIIS        TELAPSE     7075.97 TCPU     7050.63
 DIIS TEST: 0.17543E-09 AT SCF   CYCLE  17 - DIIS ACTIVE - HISTORY:    17 CYCLES
 TTTTTTTTTTTTTTTTTTTTTTTTTTTTTT FDIK        TELAPSE     7099.08 TCPU     7073.27

    ALPHA      ELECTRONS
 INSULATING STATE
 TOP OF VALENCE BANDS -    BAND    144; K   22; EIG -1.1713822E-01 AU
 TOP OF VALENCE BANDS -    BAND    144; K    1; EIG -1.2415763E-01 AU
 BOTTOM OF VIRTUAL BANDS - BAND    145; K   19; EIG -7.7387309E-02 AU
 INDIRECT ENERGY BAND GAP:   1.0817 eV
 BOTTOM OF VIRTUAL BANDS - BAND    145; K    1; EIG -7.1744729E-02 AU

    BETA       ELECTRONS
 INSULATING STATE
 TOP OF VALENCE BANDS -    BAND    144; K   22; EIG -1.1713822E-01 AU
 TOP OF VALENCE BANDS -    BAND    144; K    1; EIG -1.2415763E-01 AU
 BOTTOM OF VIRTUAL BANDS - BAND    145; K   19; EIG -7.7387309E-02 AU
 INDIRECT ENERGY BAND GAP:   1.0817 eV
 BOTTOM OF VIRTUAL BANDS - BAND    145; K    1; EIG -7.1744729E-02 AU
 TTTTTTTTTTTTTTTTTTTTTTTTTTTTTT PDIG        TELAPSE     7101.38 TCPU     7075.55
 CHARGE NORMALIZATION FACTOR   1.00000000
 TOTAL ATOMIC CHARGES:
   5.9914624   5.9956526   5.9738192   5.9930492   5.9871832   5.9723120
   6.0277620   5.9944452   6.0219512   5.9992849   5.9941488   5.9826083
   5.9957444   5.9930212   6.0188419   5.9783417   5.9923262   6.0014649
   5.9667965   5.9935174   5.9969825   5.9848630   5.9719110   5.9964807
   5.9960306   5.9932016   6.0015582   5.9760866   5.9526758   5.9808179
   6.0121023   5.9921297   6.0556972   6.0266781   6.0090271   6.0004108
   6.0017933   6.0437792   6.0594349   5.9895856   6.0192514   6.0432725
   5.9986632   6.0002640   5.9861535   5.9898680   6.0262132   6.0213346
 SUMMED SPIN DENSITY           0.00000000
 TOTAL ATOMIC SPINS  :
   0.0000000  -0.0000000  -0.0000000  -0.0000000  -0.0000000   0.0000000
  -0.0000000  -0.0000000  -0.0000000   0.0000000   0.0000000  -0.0000000
  -0.0000000  -0.0000000  -0.0000000   0.0000000  -0.0000000  -0.0000000
   0.0000000   0.0000000  -0.0000000   0.0000000   0.0000000   0.0000000
   0.0000000   0.0000000  -0.0000000   0.0000000  -0.0000000   0.0000000
  -0.0000000  -0.0000000   0.0000000  -0.0000000   0.0000000   0.0000000
  -0.0000000   0.0000000  -0.0000000  -0.0000000   0.0000000   0.0000000
   0.0000000  -0.0000000  -0.0000000   0.0000000  -0.0000000   0.0000000
 TTTTTTTTTTTTTTTTTTTTTTTTTTTTTT MOQGAD      TELAPSE     7101.42 TCPU     7075.59
 TTTTTTTTTTTTTTTTTTTTTTTTTTTTTT SHELLXN     TELAPSE     7439.98 TCPU     7413.88
 TTTTTTTTTTTTTTTTTTTTTTTTTTTTTT MONMO3      TELAPSE     7441.15 TCPU     7415.05
 NUMERICALLY INTEGRATED DENSITY    144.0000021594    144.0000021594
 TTTTTTTTTTTTTTTTTTTTTTTTTTTTTT NUMDFT      TELAPSE     7446.29 TCPU     7420.19
 CYC  18 ETOT(AU) -1.827546020816E+03 DETOT  1.02E-10 tst  3.29E-13 PX  5.22E-07
 TTTTTTTTTTTTTTTTTTTTTTTTTTTTTT DIIS        TELAPSE     7447.65 TCPU     7421.34
 DIIS TEST: 0.72902E-10 AT SCF   CYCLE  18 - DIIS ACTIVE - HISTORY:    18 CYCLES
 TTTTTTTTTTTTTTTTTTTTTTTTTTTTTT FDIK        TELAPSE     7462.70 TCPU     7436.03

    ALPHA      ELECTRONS
 INSULATING STATE
 TOP OF VALENCE BANDS -    BAND    144; K   22; EIG -1.1713821E-01 AU
 TOP OF VALENCE BANDS -    BAND    144; K    1; EIG -1.2415762E-01 AU
 BOTTOM OF VIRTUAL BANDS - BAND    145; K   19; EIG -7.7387255E-02 AU
 INDIRECT ENERGY BAND GAP:   1.0817 eV
 BOTTOM OF VIRTUAL BANDS - BAND    145; K    1; EIG -7.1744705E-02 AU

    BETA       ELECTRONS
 INSULATING STATE
 TOP OF VALENCE BANDS -    BAND    144; K   22; EIG -1.1713821E-01 AU
 TOP OF VALENCE BANDS -    BAND    144; K    1; EIG -1.2415762E-01 AU
 BOTTOM OF VIRTUAL BANDS - BAND    145; K   19; EIG -7.7387255E-02 AU
 INDIRECT ENERGY BAND GAP:   1.0817 eV
 BOTTOM OF VIRTUAL BANDS - BAND    145; K    1; EIG -7.1744705E-02 AU
 TTTTTTTTTTTTTTTTTTTTTTTTTTTTTT PDIG        TELAPSE     7464.99 TCPU     7438.32
 CHARGE NORMALIZATION FACTOR   1.00000000
 TOTAL ATOMIC CHARGES:
   5.9914626   5.9956523   5.9738197   5.9930496   5.9871833   5.9723119
   6.0277624   5.9944452   6.0219510   5.9992849   5.9941484   5.9826084
   5.9957446   5.9930212   6.0188422   5.9783417   5.9923262   6.0014650
   5.9667963   5.9935177   5.9969824   5.9848633   5.9719110   5.9964806
   5.9960302   5.9932017   6.0015580   5.9760866   5.9526758   5.9808175
   6.0121022   5.9921302   6.0556972   6.0266776   6.0090270   6.0004108
   6.0017930   6.0437791   6.0594351   5.9895861   6.0192514   6.0432726
   5.9986631   6.0002638   5.9861535   5.9898680   6.0262132   6.0213345
 SUMMED SPIN DENSITY           0.00000000
 TOTAL ATOMIC SPINS  :
   0.0000000  -0.0000000  -0.0000000  -0.0000000  -0.0000000   0.0000000
  -0.0000000  -0.0000000  -0.0000000   0.0000000   0.0000000  -0.0000000
  -0.0000000  -0.0000000  -0.0000000   0.0000000  -0.0000000  -0.0000000
   0.0000000  -0.0000000  -0.0000000   0.0000000   0.0000000   0.0000000
   0.0000000   0.0000000   0.0000000   0.0000000  -0.0000000  -0.0000000
  -0.0000000  -0.0000000   0.0000000  -0.0000000   0.0000000   0.0000000
  -0.0000000   0.0000000  -0.0000000   0.0000000   0.0000000   0.0000000
   0.0000000  -0.0000000  -0.0000000   0.0000000  -0.0000000   0.0000000
 TTTTTTTTTTTTTTTTTTTTTTTTTTTTTT MOQGAD      TELAPSE     7465.03 TCPU     7438.36
 TTTTTTTTTTTTTTTTTTTTTTTTTTTTTT SHELLXN     TELAPSE     7803.28 TCPU     7776.61
 +++ ENERGIES IN A.U. +++
 ::: EXT EL-POLE                                  -6.3973085973937E+03
 ::: EXT EL-SPHEROPOLE                             5.7107333591553E+01
 ::: BIELET ZONE E-E                               6.8347931603870E+03
 ::: TOTAL E-E                                     4.9459189658488E+02
 ::: TOTAL E-N + N-E                              -3.4938294425220E+03
 ::: TOTAL N-N                                    -4.4017737186898E+02
 ::: KINETIC ENERGY                                1.8226786409288E+03
 ::: PSEUDO TOTAL   ENERGY                        -1.6167362768773E+03
 ::: VIRIAL COEFFICIENT                            1.0598771503215E+00
 TTTTTTTTTTTTTTTTTTTTTTTTTTTTTT MONMO3      TELAPSE     7804.45 TCPU     7777.77
 NUMERICALLY INTEGRATED DENSITY    144.0000021594    144.0000021594
 EXCHANGE ENERGY: -0.198769242762E+03  CORRELATION ENERGY: -0.120405011771E+02
 TTTTTTTTTTTTTTTTTTTTTTTTTTTTTT NUMDFT      TELAPSE     7809.60 TCPU     7782.92
 CYC  19 ETOT(AU) -1.827546020816E+03 DETOT  1.06E-10 tst  2.10E-14 PX  5.22E-07

 == SCF ENDED - CONVERGENCE ON ENERGY      E(AU) -1.8275460208162E+03 CYCLES  19


 ENERGY EXPRESSION=HARTREE+FOCK EXCH*0.20000+(BECKE      EXCH)*0.80000+LYP        CORR


 TOTAL ENERGY(DFT)(AU)( 19) -1.8275460208162E+03 DE 1.1E-10 tester 2.1E-14
 TTTTTTTTTTTTTTTTTTTTTTTTTTTTTT EDFT        TELAPSE     7809.65 TCPU     7782.96
 
 INFORMATION **** DFTD3 ENERGY **** CALCULATE DFTD3 ENERGY

           DFT-D V3(BJ)
 DF                                         b3-lyp    
 parameters
 s6       :    1.0000
 s8       :    1.9889
 a1       :    0.3981
 a2       :    4.4211
 k1 k3    :   16.0000   -4.0000
 Cutoff   :   50.2022
 CN-Cutoff:   21.1671
 ABC-Cutoff:   21.1671
 
 Edisp /kcal,au:  -258.3982 -0.41178371

 E6    /kcal :  -124.7299
 E8    /kcal :  -133.6683
 
 INFORMATION **** DFTD3 ENERGY **** NORMAL TERMINATION OF DFTD3 MODULE

 *******************************************************************************

 DFT-D3 DISPERSION ENERGY CORRECTION

 D3 DISPERSION ENERGY (AU)       -4.1178370884932E-01
 TOTAL ENERGY + DISP (AU)        -1.8279578045251E+03

 *******************************************************************************


 NEIGHBORS OF THE NON-EQUIVALENT ATOMS

 N = NUMBER OF NEIGHBORS AT DISTANCE R
    ATOM  N     R/ANG      R/AU   NEIGHBORS (ATOM LABELS AND CELL INDICES)
   1 C    1     1.3828     2.6131   27 C    0 0 0
   1 C    1     1.4050     2.6550    9 C    0 0 0
   1 C    1     1.5998     3.0231   38 C    0 0 0
   1 C    1     2.3633     4.4660   19 C    0 0 0
   1 C    1     2.4702     4.6680   48 C    0 0 0
   1 C    1     2.4750     4.6772   29 C    0 0 0

   2 C    1     1.3322     2.5176   28 C    0 0 0
   2 C    1     1.5069     2.8477   10 C    0 0 0
   2 C    1     1.6088     3.0402   37 C    0 0 0
   2 C    1     2.2914     4.3300   40 C    0 0 0
   2 C    1     2.3580     4.4559   20 C    0 0 0
   2 C    1     2.4328     4.5974   38 C    0 0 0

   3 C    1     1.3901     2.6269   11 C    0 0 0
   3 C    1     1.4675     2.7732   26 C    0 0 0
   3 C    1     1.4992     2.8330   39 C    0 0 0
   3 C    1     2.3035     4.3529   40 C    0 1 0
   3 C    1     2.3323     4.4073   18 C    0 0 0
   3 C    1     2.4306     4.5932   45 C    0 1 0

   4 C    1     1.3604     2.5707   25 C    0 0 0
   4 C    1     1.4452     2.7310   12 C    0 0 0
   4 C    1     1.6457     3.1098   46 C    0 0 0
   4 C    1     2.0703     3.9122   17 C    0 0 0
   4 C    1     2.3301     4.4032   38 C    0 0 0
   4 C    1     2.4868     4.6993   48 C    0 0 0

   5 C    1     1.3778     2.6036   31 C    0 0 0
   5 C    1     1.4894     2.8146   13 C    0 0 1
   5 C    1     1.6889     3.1915   43 C    0 0 1
   5 C    1     2.0565     3.8862   23 C    0 0 1
   5 C    1     2.3093     4.3639   35 C    0 0 0
   5 C    1     2.7318     5.1624   15 C   -1 0 1

   6 C    1     1.3550     2.5606   14 C    0 0 1
   6 C    1     1.4282     2.6988   32 C    0 0 0
   6 C    1     1.4772     2.7915   33 C    0 1 0
   6 C    1     2.2739     4.2970   34 C    1 0 0
   6 C    1     2.3153     4.3753   24 C    0 0 1
   6 C    1     2.3588     4.4575   36 C    0 0 0

   7 C    1     1.3130     2.4812   30 C    0 0 0
   7 C    1     1.5383     2.9070   15 C    0 0 1
   7 C    1     1.7592     3.3244   35 C    0 0 0
   7 C    1     2.3970     4.5296   28 C    0 0 0
   7 C    1     2.4917     4.7087   36 C    0 0 0
   7 C    1     2.5327     4.7862   22 C    0 0 1

   8 C    1     1.4001     2.6459   29 C    0 0 0
   8 C    1     1.4090     2.6626   16 C    0 0 1
   8 C    1     1.5411     2.9123   36 C    0 0 0
   8 C    1     2.2722     4.2938   21 C    0 0 1
   8 C    1     2.2845     4.3170   42 C    0 0 1
   8 C    1     2.3053     4.3564   34 C    0 0 0

   9 C    1     1.4050     2.6550    1 C    0 0 0
   9 C    1     1.4089     2.6625   19 C    0 0 0
   9 C    1     1.5604     2.9488   46 C    0 1 0
   9 C    1     2.2344     4.2225   27 C    0 0 0
   9 C    1     2.3377     4.4176   47 C    0 0 0
   9 C    1     2.5074     4.7382   45 C   -1 1 0

  10 C    1     1.3409     2.5339   20 C    0 0 0
  10 C    1     1.5069     2.8477    2 C    0 0 0
  10 C    1     1.6393     3.0978   45 C    0 0 0
  10 C    1     2.3725     4.4834   28 C    0 0 0
  10 C    1     2.4580     4.6449   48 C    0 0 0
  10 C    1     2.5568     4.8317   40 C    0 0 0

  11 C    1     1.3901     2.6269    3 C    0 0 0
  11 C    1     1.4868     2.8097   18 C    0 0 0
  11 C    1     1.5894     3.0035   47 C    0 0 0
  11 C    1     2.3527     4.4460   39 C    0 0 0
  11 C    1     2.4489     4.6277   24 C    0 0 0
  11 C    1     2.4501     4.6301   45 C    0 1 0

  12 C    1     1.3431     2.5382   17 C    0 0 0
  12 C    1     1.4452     2.7310    4 C    0 0 0
  12 C    1     1.4836     2.8036   48 C    0 0 0
  12 C    1     2.1099     3.9872   46 C    0 0 0
  12 C    1     2.2259     4.2064   38 C    0 0 0
  12 C    1     2.3178     4.3800   25 C    0 0 0

  13 C    1     1.3619     2.5736   23 C    0 0 0
  13 C    1     1.4894     2.8146    5 C    0 0-1
  13 C    1     1.5609     2.9496   42 C    0 0 0
  13 C    1     2.1687     4.0982   43 C    0 0 0
  13 C    1     2.3466     4.4344   36 C    0 0-1
  13 C    1     2.4663     4.6607   17 C    0 0 0

  14 C    1     1.3550     2.5606    6 C    0 0-1
  14 C    1     1.4810     2.7987   24 C    0 0 0
  14 C    1     1.5207     2.8736   41 C    0 0 0
  14 C    1     2.3169     4.3782   33 C    0 1-1
  14 C    1     2.4029     4.5409   44 C    1 0 0
  14 C    1     2.4323     4.5965   42 C    0 0 0

  15 C    1     1.3655     2.5804   22 C    0 0 0
  15 C    1     1.5383     2.9070    7 C    0 0-1
  15 C    1     1.5685     2.9640   43 C    1 0 0
  15 C    1     2.2736     4.2965   30 C    0 0-1
  15 C    1     2.3293     4.4018   41 C    0 0 0
  15 C    1     2.5109     4.7450   44 C    1-1 0

  16 C    1     1.4070     2.6589   21 C    0 0 0
  16 C    1     1.4090     2.6626    8 C    0 0-1
  16 C    1     1.5661     2.9596   44 C    0 0 0
  16 C    1     2.3560     4.4522   42 C    0 0 0
  16 C    1     2.3968     4.5294   29 C    0 0-1
  16 C    1     2.4442     4.6189   33 C   -1 1-1

  17 C    1     1.3431     2.5382   12 C    0 0 0
  17 C    1     1.3696     2.5882   23 C    0 0 0
  17 C    1     1.5193     2.8710   46 C    0 0 0
  17 C    1     2.0703     3.9122    4 C    0 0 0
  17 C    1     2.4663     4.6607   13 C    0 0 0
  17 C    1     2.5809     4.8771    9 C    0-1 0

  18 C    1     1.3498     2.5507   24 C    0 0 0
  18 C    1     1.4868     2.8097   11 C    0 0 0
  18 C    1     1.5496     2.9283   45 C    0 1 0
  18 C    1     2.3323     4.4073    3 C    0 0 0
  18 C    1     2.3440     4.4294   39 C    0 0 0
  18 C    1     2.4628     4.6540   14 C    0 0 0

  19 C    1     1.3574     2.5651   21 C    0 0 0
  19 C    1     1.4089     2.6625    9 C    0 0 0
  19 C    1     1.4863     2.8087   47 C    0 0 0
  19 C    1     2.3324     4.4075   41 C    0 0 0
  19 C    1     2.3633     4.4660    1 C    0 0 0
  19 C    1     2.4107     4.5555   42 C    0 0 0

  20 C    1     1.3409     2.5339   10 C    0 0 0
  20 C    1     1.4646     2.7677   22 C    0 0 0
  20 C    1     1.6012     3.0258   48 C    0 0 0
  20 C    1     2.2885     4.3246   47 C    0 0 0
  20 C    1     2.3580     4.4559    2 C    0 0 0
  20 C    1     2.3711     4.4808   41 C    0 0 0

  21 C    1     1.3574     2.5651   19 C    0 0 0
  21 C    1     1.4070     2.6589   16 C    0 0 0
  21 C    1     1.5427     2.9153   42 C    0 0 0
  21 C    1     2.2722     4.2938    8 C    0 0-1
  21 C    1     2.2983     4.3432   41 C    0 0 0
  21 C    1     2.3405     4.4230   47 C    0 0 0

  22 C    1     1.3655     2.5804   15 C    0 0 0
  22 C    1     1.4646     2.7677   20 C    0 0 0
  22 C    1     1.4866     2.8093   41 C    0 0 0
  22 C    1     2.3795     4.4966   47 C    0 0 0
  22 C    1     2.4411     4.6131   48 C    0 0 0
  22 C    1     2.5327     4.7862    7 C    0 0-1

  23 C    1     1.3619     2.5736   13 C    0 0 0
  23 C    1     1.3696     2.5882   17 C    0 0 0
  23 C    1     1.4882     2.8124   43 C    0 0 0
  23 C    1     2.0565     3.8862    5 C    0 0-1
  23 C    1     2.4028     4.5407   12 C    0 0 0
  23 C    1     2.5608     4.8391   44 C    0-1 0

  24 C    1     1.3498     2.5507   18 C    0 0 0
  24 C    1     1.4810     2.7987   14 C    0 0 0
  24 C    1     1.5603     2.9485   44 C    1 0 0
  24 C    1     2.3153     4.3753    6 C    0 0-1
  24 C    1     2.3445     4.4304   33 C    0 1-1
  24 C    1     2.4489     4.6277   11 C    0 0 0

  25 C    1     1.3604     2.5707    4 C    0 0 0
  25 C    1     1.5248     2.8814   31 C    0 0 0
  25 C    1     1.6499     3.1179   38 C    0 0 0
  25 C    1     2.3178     4.3800   12 C    0 0 0
  25 C    1     2.3197     4.3835   37 C    0 0 0
  25 C    1     2.4243     4.5813   35 C    0 0 0

  26 C    1     1.4191     2.6818   32 C    0 0 0
  26 C    1     1.4675     2.7732    3 C    0 0 0
  26 C    1     1.4751     2.7875   37 C    0 0 0
  26 C    1     2.3567     4.4535   35 C    0 0 0
  26 C    1     2.4325     4.5967   36 C    0 0 0
  26 C    1     2.4872     4.7001   38 C    0 0 0

  27 C    1     1.3587     2.5676   29 C    0 0 0
  27 C    1     1.3828     2.6131    1 C    0 0 0
  27 C    1     1.5706     2.9680   39 C   -1 0 0
  27 C    1     2.1716     4.1038   34 C    0 0 0
  27 C    1     2.2344     4.2225    9 C    0 0 0
  27 C    1     2.2690     4.2879   40 C   -1 1 0

  28 C    1     1.3322     2.5176    2 C    0 0 0
  28 C    1     1.3840     2.6153   40 C    0 0 0
  28 C    1     1.4311     2.7044   30 C    0 0 0
  28 C    1     2.2369     4.2271   34 C    1-1 0
  28 C    1     2.3627     4.4648   33 C    0 0 0
  28 C    1     2.3725     4.4834   10 C    0 0 0

  29 C    1     1.3587     2.5676   27 C    0 0 0
  29 C    1     1.3899     2.6265   34 C    0 0 0
  29 C    1     1.4001     2.6459    8 C    0 0 0
  29 C    1     2.2605     4.2718   40 C   -1 1 0
  29 C    1     2.3910     4.5184   39 C   -1 0 0
  29 C    1     2.3968     4.5294   16 C    0 0 1

  30 C    1     1.3130     2.4812    7 C    0 0 0
  30 C    1     1.4311     2.7044   28 C    0 0 0
  30 C    1     1.5128     2.8589   33 C    0 0 0
  30 C    1     2.2124     4.1808   40 C    0 0 0
  30 C    1     2.2458     4.2440   34 C    1-1 0
  30 C    1     2.2736     4.2965   15 C    0 0 1

  31 C    1     1.3778     2.6036    5 C    0 0 0
  31 C    1     1.5248     2.8814   25 C    0 0 0
  31 C    1     1.5308     2.8928   35 C    0 0 0
  31 C    1     2.4450     4.6204   37 C    0 0 0
  31 C    1     2.4811     4.6886   13 C    0 0 1
  31 C    1     2.5588     4.8354   36 C    0 0 0

  32 C    1     1.4191     2.6818   26 C    0 0 0
  32 C    1     1.4282     2.6988    6 C    0 0 0
  32 C    1     1.5216     2.8755   36 C    0 0 0
  32 C    1     2.2507     4.2531   35 C    0 0 0
  32 C    1     2.3464     4.4341   37 C    0 0 0
  32 C    1     2.5026     4.7292   14 C    0 0 1

  33 C    1     1.4098     2.6642   34 C    1-1 0
  33 C    1     1.4772     2.7915    6 C    0-1 0
  33 C    1     1.4851     2.8065   44 C    1-1 1
  33 C    1     1.5128     2.8589   30 C    0 0 0
  33 C    1     2.2040     4.1649   40 C    0 0 0
  33 C    1     2.2932     4.3334   43 C    1 0 1

  34 C    1     1.2976     2.4522   40 C   -1 1 0
  34 C    1     1.3899     2.6265   29 C    0 0 0
  34 C    1     1.4098     2.6642   33 C   -1 1 0
  34 C    1     2.1716     4.1038   27 C    0 0 0
  34 C    1     2.2296     4.2134   39 C   -1 0 0
  34 C    1     2.2369     4.2271   28 C   -1 1 0

  35 C    1     1.5200     2.8723   36 C    0 0 0
  35 C    1     1.5308     2.8928   31 C    0 0 0
  35 C    1     1.5587     2.9456   37 C    0 0 0
  35 C    1     1.7592     3.3244    7 C    0 0 0
  35 C    1     2.2507     4.2531   32 C    0 0 0
  35 C    1     2.3093     4.3639    5 C    0 0 0

  36 C    1     1.5200     2.8723   35 C    0 0 0
  36 C    1     1.5216     2.8755   32 C    0 0 0
  36 C    1     1.5411     2.9123    8 C    0 0 0
  36 C    1     1.5597     2.9474   42 C    0 0 1
  36 C    1     2.3466     4.4344   13 C    0 0 1
  36 C    1     2.3588     4.4575    6 C    0 0 0

  37 C    1     1.4751     2.7875   26 C    0 0 0
  37 C    1     1.5244     2.8808   38 C    0 0 0
  37 C    1     1.5587     2.9456   35 C    0 0 0
  37 C    1     1.6088     3.0402    2 C    0 0 0
  37 C    1     2.3197     4.3835   25 C    0 0 0
  37 C    1     2.3464     4.4341   32 C    0 0 0

  38 C    1     1.5244     2.8808   37 C    0 0 0
  38 C    1     1.5758     2.9778   48 C    0 0 0
  38 C    1     1.5998     3.0231    1 C    0 0 0
  38 C    1     1.6499     3.1179   25 C    0 0 0
  38 C    1     2.2259     4.2064   12 C    0 0 0
  38 C    1     2.3301     4.4032    4 C    0 0 0

  39 C    1     1.3983     2.6423   40 C    0 1 0
  39 C    1     1.4992     2.8330    3 C    0 0 0
  39 C    1     1.5159     2.8646   45 C    0 1 0
  39 C    1     1.5706     2.9680   27 C    1 0 0
  39 C    1     2.2296     4.2134   34 C    1 0 0
  39 C    1     2.3134     4.3717   46 C    1 1 0

  40 C    1     1.2976     2.4522   34 C    1-1 0
  40 C    1     1.3840     2.6153   28 C    0 0 0
  40 C    1     1.3983     2.6423   39 C    0-1 0
  40 C    1     2.2040     4.1649   33 C    0 0 0
  40 C    1     2.2124     4.1808   30 C    0 0 0
  40 C    1     2.2605     4.2718   29 C    1-1 0

  41 C    1     1.4866     2.8093   22 C    0 0 0
  41 C    1     1.5207     2.8736   14 C    0 0 0
  41 C    1     1.5322     2.8955   47 C    0 0 0
  41 C    1     1.5536     2.9359   42 C    0 0 0
  41 C    1     2.2983     4.3432   21 C    0 0 0
  41 C    1     2.3293     4.4018   15 C    0 0 0

  42 C    1     1.5427     2.9153   21 C    0 0 0
  42 C    1     1.5536     2.9359   41 C    0 0 0
  42 C    1     1.5597     2.9474   36 C    0 0-1
  42 C    1     1.5609     2.9496   13 C    0 0 0
  42 C    1     2.2845     4.3170    8 C    0 0-1
  42 C    1     2.3560     4.4522   16 C    0 0 0

  43 C    1     1.4882     2.8124   23 C    0 0 0
  43 C    1     1.5234     2.8787   44 C    0-1 0
  43 C    1     1.5685     2.9640   15 C   -1 0 0
  43 C    1     1.6889     3.1915    5 C    0 0-1
  43 C    1     2.1687     4.0982   13 C    0 0 0
  43 C    1     2.2932     4.3334   33 C   -1 0-1

  44 C    1     1.4851     2.8065   33 C   -1 1-1
  44 C    1     1.5234     2.8787   43 C    0 1 0
  44 C    1     1.5603     2.9485   24 C   -1 0 0
  44 C    1     1.5661     2.9596   16 C    0 0 0
  44 C    1     2.3760     4.4899    6 C   -1 0-1
  44 C    1     2.3960     4.5278   34 C    0 0-1

  45 C    1     1.5122     2.8576   46 C    1 0 0
  45 C    1     1.5159     2.8646   39 C    0-1 0
  45 C    1     1.5496     2.9283   18 C    0-1 0
  45 C    1     1.6393     3.0978   10 C    0 0 0
  45 C    1     2.3548     4.4499   40 C    0 0 0
  45 C    1     2.4306     4.5932    3 C    0-1 0

  46 C    1     1.5122     2.8576   45 C   -1 0 0
  46 C    1     1.5193     2.8710   17 C    0 0 0
  46 C    1     1.5604     2.9488    9 C    0-1 0
  46 C    1     1.6457     3.1098    4 C    0 0 0
  46 C    1     2.1099     3.9872   12 C    0 0 0
  46 C    1     2.3134     4.3717   39 C   -1-1 0

  47 C    1     1.4863     2.8087   19 C    0 0 0
  47 C    1     1.5172     2.8671   48 C    0 0 0
  47 C    1     1.5322     2.8955   41 C    0 0 0
  47 C    1     1.5894     3.0035   11 C    0 0 0
  47 C    1     2.2885     4.3246   20 C    0 0 0
  47 C    1     2.3377     4.4176    9 C    0 0 0

  48 C    1     1.4836     2.8036   12 C    0 0 0
  48 C    1     1.5172     2.8671   47 C    0 0 0
  48 C    1     1.5758     2.9778   38 C    0 0 0
  48 C    1     1.6012     3.0258   20 C    0 0 0
  48 C    1     2.4178     4.5689   41 C    0 0 0
  48 C    1     2.4411     4.6131   22 C    0 0 0

 TTTTTTTTTTTTTTTTTTTTTTTTTTTTTT AFTER FIRST TELAPSE     7810.31 TCPU     7783.27
 MMMMMMMMMMMMMMMMMMMMMMMMMMMMMMMMMMMMMMMMMMMMMMMMMMMMMMMMMMMMMMMMMMMMMMMMMMMMMMM
     ALPHA+BETA ELECTRONS
 MULLIKEN POPULATION ANALYSIS - NO. OF ELECTRONS  288.000000

  ATOM    Z CHARGE  A.O. POPULATION

   1 C    6  5.991  0.854  1.121  0.761  0.429  0.429  0.421  0.489 -0.026
                   -0.007 -0.015  0.534  0.480  0.483  0.007  0.009  0.009
                    0.006  0.007
   2 C    6  5.996  0.854  1.121  0.761  0.453  0.408  0.439  0.481 -0.058
                    0.001  0.010  0.637  0.432  0.421  0.009  0.006  0.012
                    0.004  0.006
   3 C    6  5.974  0.854  1.121  0.766  0.412  0.427  0.426  0.481 -0.028
                   -0.041  0.015  0.534  0.566  0.402  0.012  0.009  0.008
                    0.003  0.005
   4 C    6  5.993  0.854  1.121  0.766  0.477  0.400  0.426  0.488 -0.055
                   -0.010  0.008  0.616  0.466  0.398  0.009  0.010  0.014
                    0.004  0.004
   5 C    6  5.987  0.854  1.121  0.768  0.491  0.402  0.396  0.475 -0.029
                   -0.048  0.012  0.523  0.589  0.395  0.009  0.012  0.011
                    0.003  0.003
   6 C    6  5.972  0.854  1.120  0.772  0.389  0.420  0.445  0.507 -0.044
                   -0.015  0.002  0.570  0.490  0.419  0.012  0.009  0.010
                    0.004  0.006
   7 C    6  6.028  0.854  1.121  0.754  0.507  0.398  0.471  0.436 -0.026
                   -0.028 -0.010  0.535  0.499  0.483  0.006  0.008  0.007
                    0.007  0.007
   8 C    6  5.994  0.854  1.121  0.768  0.422  0.436  0.415  0.489 -0.009
                   -0.041  0.005  0.474  0.588  0.433  0.010  0.011  0.008
                    0.005  0.006
   9 C    6  6.022  0.854  1.121  0.762  0.443  0.417  0.437  0.484 -0.051
                    0.001 -0.001  0.618  0.455  0.444  0.011  0.006  0.012
                    0.005  0.006
  10 C    6  5.999  0.854  1.121  0.760  0.453  0.422  0.416  0.474 -0.042
                   -0.021  0.010  0.580  0.512  0.424  0.009  0.008  0.010
                    0.004  0.005
  11 C    6  5.994  0.854  1.121  0.763  0.453  0.418  0.419  0.470 -0.021
                   -0.036  0.008  0.517  0.569  0.424  0.008  0.009  0.009
                    0.004  0.005
  12 C    6  5.983  0.855  1.120  0.782  0.422  0.418  0.433  0.506 -0.029
                   -0.025 -0.006  0.497  0.500  0.465  0.009  0.010  0.012
                    0.007  0.008
  13 C    6  5.996  0.854  1.121  0.766  0.463  0.415  0.433  0.479 -0.033
                   -0.015 -0.005  0.550  0.462  0.469  0.007  0.009  0.010
                    0.006  0.007
  14 C    6  5.993  0.854  1.121  0.766  0.434  0.418  0.433  0.494 -0.043
                   -0.008  0.003  0.591  0.473  0.421  0.010  0.008  0.010
                    0.004  0.006
  15 C    6  6.019  0.854  1.121  0.766  0.463  0.422  0.411  0.466 -0.003
                   -0.057  0.001  0.482  0.607  0.447  0.010  0.012  0.006
                    0.005  0.005
  16 C    6  5.978  0.854  1.121  0.768  0.436  0.424  0.415  0.489 -0.017
                   -0.034  0.008  0.505  0.540  0.431  0.009  0.011  0.009
                    0.005  0.005
  17 C    6  5.992  0.854  1.121  0.761  0.399  0.447  0.450  0.498 -0.047
                   -0.011  0.010  0.595  0.482  0.389  0.012  0.010  0.012
                    0.005  0.005
  18 C    6  6.001  0.854  1.121  0.763  0.429  0.416  0.420  0.502 -0.051
                   -0.017  0.008  0.617  0.487  0.415  0.010  0.009  0.011
                    0.003  0.004
  19 C    6  5.967  0.854  1.121  0.764  0.395  0.440  0.429  0.509 -0.018
                   -0.036  0.005  0.503  0.552  0.406  0.012  0.011  0.009
                    0.004  0.006
  20 C    6  5.994  0.854  1.121  0.763  0.440  0.412  0.445  0.475 -0.025
                   -0.048  0.011  0.516  0.593  0.397  0.012  0.009  0.008
                    0.005  0.005
  21 C    6  5.997  0.854  1.121  0.763  0.411  0.444  0.422  0.502 -0.037
                   -0.026 -0.000  0.574  0.512  0.416  0.011  0.010  0.010
                    0.004  0.005
  22 C    6  5.985  0.854  1.121  0.758  0.404  0.442  0.436  0.485 -0.051
                   -0.020  0.015  0.602  0.507  0.392  0.013  0.007  0.010
                    0.004  0.005
  23 C    6  5.972  0.854  1.120  0.771  0.386  0.440  0.447  0.493 -0.015
                   -0.036  0.004  0.495  0.551  0.416  0.013  0.012  0.011
                    0.005  0.005
  24 C    6  5.996  0.854  1.121  0.762  0.425  0.415  0.420  0.502 -0.034
                   -0.036  0.007  0.541  0.569  0.412  0.010  0.010  0.010
                    0.003  0.004
  25 C    6  5.996  0.854  1.121  0.760  0.473  0.415  0.426  0.449 -0.063
                   -0.017  0.018  0.631  0.495  0.398  0.011  0.006  0.011
                    0.002  0.004
  26 C    6  5.993  0.854  1.122  0.758  0.423  0.423  0.444  0.470 -0.050
                   -0.010  0.016  0.594  0.497  0.417  0.012  0.007  0.010
                    0.004  0.005
  27 C    6  6.002  0.854  1.121  0.763  0.424  0.442  0.429  0.501 -0.003
                   -0.054  0.002  0.446  0.621  0.413  0.012  0.012  0.007
                    0.004  0.005
  28 C    6  5.976  0.854  1.120  0.768  0.410  0.420  0.485  0.506 -0.029
                   -0.014  0.011  0.519  0.478  0.403  0.013  0.008  0.011
                    0.007  0.008
  29 C    6  5.953  0.854  1.121  0.767  0.368  0.473  0.416  0.519 -0.013
                   -0.033  0.013  0.497  0.544  0.383  0.013  0.011  0.008
                    0.006  0.007
  30 C    6  5.981  0.854  1.120  0.767  0.407  0.419  0.492  0.476 -0.043
                   -0.015  0.000  0.585  0.437  0.438  0.013  0.006  0.010
                    0.006  0.007
  31 C    6  6.012  0.853  1.122  0.748  0.432  0.431  0.446  0.452 -0.013
                   -0.068  0.022  0.493  0.673  0.385  0.013  0.009  0.005
                    0.003  0.004
  32 C    6  5.992  0.854  1.121  0.763  0.431  0.430  0.430  0.472 -0.017
                   -0.038  0.014  0.511  0.569  0.416  0.010  0.011  0.009
                    0.004  0.005
  33 C    6  6.056  0.853  1.121  0.751  0.405  0.457  0.459  0.492  0.006
                    0.000 -0.003  0.470  0.506  0.484  0.012  0.014  0.008
                    0.008  0.013
  34 C    6  6.027  0.854  1.119  0.763  0.405  0.490  0.433  0.532 -0.016
                   -0.042 -0.009  0.461  0.568  0.421  0.011  0.015  0.009
                    0.006  0.008
  35 C    6  6.009  0.854  1.121  0.754  0.523  0.412  0.436  0.423 -0.009
                   -0.005 -0.010  0.499  0.470  0.499  0.009  0.009  0.007
                    0.009  0.009
  36 C    6  6.000  0.853  1.121  0.749  0.438  0.440  0.447  0.443 -0.004
                   -0.001 -0.004  0.508  0.469  0.493  0.011  0.006  0.008
                    0.009  0.011
  37 C    6  6.002  0.853  1.121  0.753  0.449  0.438  0.443  0.438 -0.006
                   -0.003  0.003  0.487  0.506  0.472  0.010  0.010  0.007
                    0.009  0.011
  38 C    6  6.044  0.854  1.121  0.749  0.527  0.430  0.409  0.433 -0.006
                   -0.009 -0.005  0.495  0.526  0.480  0.008  0.011  0.007
                    0.007  0.009
  39 C    6  6.059  0.853  1.121  0.754  0.428  0.443  0.450  0.487 -0.000
                    0.007 -0.001  0.513  0.467  0.486  0.011  0.008  0.013
                    0.009  0.011
  40 C    6  5.990  0.855  1.119  0.770  0.361  0.467  0.452  0.540 -0.019
                   -0.025 -0.015  0.477  0.506  0.453  0.011  0.011  0.012
                    0.007  0.008
  41 C    6  6.019  0.853  1.121  0.752  0.453  0.442  0.450  0.445  0.001
                   -0.003  0.002  0.479  0.496  0.479  0.009  0.010  0.009
                    0.009  0.012
  42 C    6  6.043  0.853  1.121  0.748  0.495  0.436  0.429  0.438 -0.003
                   -0.002 -0.002  0.498  0.503  0.484  0.011  0.009  0.006
                    0.007  0.011
  43 C    6  5.999  0.854  1.121  0.756  0.490  0.431  0.442  0.407  0.011
                    0.007 -0.013  0.460  0.459  0.528  0.006  0.009  0.007
                    0.013  0.010
  44 C    6  6.000  0.853  1.121  0.747  0.456  0.432  0.444  0.448  0.008
                    0.007 -0.001  0.476  0.470  0.493  0.008  0.011  0.007
                    0.010  0.010
  45 C    6  5.986  0.853  1.122  0.749  0.472  0.439  0.417  0.444  0.007
                    0.008 -0.003  0.463  0.477  0.495  0.008  0.006  0.011
                    0.010  0.010
  46 C    6  5.990  0.854  1.121  0.758  0.477  0.445  0.427  0.405  0.006
                    0.014 -0.008  0.467  0.462  0.515  0.007  0.007  0.011
                    0.012  0.011
  47 C    6  6.026  0.853  1.121  0.748  0.471  0.439  0.446  0.448 -0.003
                   -0.001 -0.002  0.496  0.477  0.486  0.008  0.009  0.011
                    0.008  0.012
  48 C    6  6.021  0.853  1.121  0.747  0.459  0.427  0.449  0.447  0.000
                    0.005 -0.011  0.493  0.464  0.520  0.009  0.006  0.008
                    0.008  0.013

  ATOM    Z CHARGE  SHELL POPULATION

   1 C    6  5.991  0.854  1.121  0.761  0.429  1.339 -0.047  1.497  0.039
   2 C    6  5.996  0.854  1.121  0.761  0.453  1.327 -0.047  1.490  0.037
   3 C    6  5.974  0.854  1.121  0.766  0.412  1.334 -0.054  1.502  0.039
   4 C    6  5.993  0.854  1.121  0.766  0.477  1.313 -0.058  1.480  0.040
   5 C    6  5.987  0.854  1.121  0.768  0.491  1.272 -0.065  1.507  0.038
   6 C    6  5.972  0.854  1.120  0.772  0.389  1.371 -0.057  1.480  0.042
   7 C    6  6.028  0.854  1.121  0.754  0.507  1.306 -0.065  1.516  0.034
   8 C    6  5.994  0.854  1.121  0.768  0.422  1.340 -0.045  1.495  0.039
   9 C    6  6.022  0.854  1.121  0.762  0.443  1.338 -0.051  1.516  0.039
  10 C    6  5.999  0.854  1.121  0.760  0.453  1.312 -0.052  1.516  0.036
  11 C    6  5.994  0.854  1.121  0.763  0.453  1.308 -0.050  1.510  0.035
  12 C    6  5.983  0.855  1.120  0.782  0.422  1.357 -0.060  1.462  0.046
  13 C    6  5.996  0.854  1.121  0.766  0.463  1.326 -0.054  1.481  0.039
  14 C    6  5.993  0.854  1.121  0.766  0.434  1.345 -0.048  1.484  0.038
  15 C    6  6.019  0.854  1.121  0.766  0.463  1.299 -0.058  1.536  0.038
  16 C    6  5.978  0.854  1.121  0.768  0.436  1.329 -0.043  1.476  0.038
  17 C    6  5.992  0.854  1.121  0.761  0.399  1.395 -0.048  1.467  0.043
  18 C    6  6.001  0.854  1.121  0.763  0.429  1.337 -0.060  1.519  0.038
  19 C    6  5.967  0.854  1.121  0.764  0.395  1.378 -0.049  1.461  0.042
  20 C    6  5.994  0.854  1.121  0.763  0.440  1.332 -0.062  1.506  0.038
  21 C    6  5.997  0.854  1.121  0.763  0.411  1.369 -0.063  1.502  0.040
  22 C    6  5.985  0.854  1.121  0.758  0.404  1.363 -0.056  1.502  0.038
  23 C    6  5.972  0.854  1.120  0.771  0.386  1.380 -0.047  1.461  0.046
  24 C    6  5.996  0.854  1.121  0.762  0.425  1.338 -0.063  1.522  0.037
  25 C    6  5.996  0.854  1.121  0.760  0.473  1.290 -0.062  1.524  0.036
  26 C    6  5.993  0.854  1.122  0.758  0.423  1.337 -0.045  1.507  0.038
  27 C    6  6.002  0.854  1.121  0.763  0.424  1.372 -0.054  1.481  0.041
  28 C    6  5.976  0.854  1.120  0.768  0.410  1.410 -0.033  1.400  0.046
  29 C    6  5.953  0.854  1.121  0.767  0.368  1.408 -0.033  1.424  0.045
  30 C    6  5.981  0.854  1.120  0.767  0.407  1.388 -0.057  1.459  0.043
  31 C    6  6.012  0.853  1.122  0.748  0.432  1.329 -0.058  1.550  0.035
  32 C    6  5.992  0.854  1.121  0.763  0.431  1.332 -0.042  1.495  0.039
  33 C    6  6.056  0.853  1.121  0.751  0.405  1.407  0.003  1.460  0.055
  34 C    6  6.027  0.854  1.119  0.763  0.405  1.455 -0.067  1.449  0.048
  35 C    6  6.009  0.854  1.121  0.754  0.523  1.271 -0.024  1.468  0.044
  36 C    6  6.000  0.853  1.121  0.749  0.438  1.331 -0.008  1.470  0.046
  37 C    6  6.002  0.853  1.121  0.753  0.449  1.319 -0.006  1.465  0.047
  38 C    6  6.044  0.854  1.121  0.749  0.527  1.271 -0.020  1.501  0.042
  39 C    6  6.059  0.853  1.121  0.754  0.428  1.380  0.005  1.466  0.052
  40 C    6  5.990  0.855  1.119  0.770  0.361  1.459 -0.059  1.436  0.049
  41 C    6  6.019  0.853  1.121  0.752  0.453  1.337 -0.000  1.454  0.048
  42 C    6  6.043  0.853  1.121  0.748  0.495  1.304 -0.007  1.485  0.044
  43 C    6  5.999  0.854  1.121  0.756  0.490  1.280  0.005  1.447  0.045
  44 C    6  6.000  0.853  1.121  0.747  0.456  1.324  0.015  1.438  0.046
  45 C    6  5.986  0.853  1.122  0.749  0.472  1.300  0.012  1.434  0.044
  46 C    6  5.990  0.854  1.121  0.758  0.477  1.277  0.012  1.443  0.047
  47 C    6  6.026  0.853  1.121  0.748  0.471  1.332 -0.006  1.459  0.048
  48 C    6  6.021  0.853  1.121  0.747  0.459  1.324 -0.006  1.478  0.044

 OVERLAP POPULATION CONDENSED TO ATOMS FOR FIRST   6 NEIGHBORS

 ATOM A   1 C    ATOM B     CELL      R(AB)/AU R(AB)/ANG    OVPOP(AB)
                 27 C    (  0  0  0)     2.613     1.383     0.360
                  9 C    (  0  0  0)     2.655     1.405     0.461
                 38 C    (  0  0  0)     3.023     1.600     0.292
                 19 C    (  0  0  0)     4.466     2.363    -0.014
                 48 C    (  0  0  0)     4.668     2.470    -0.021
                 29 C    (  0  0  0)     4.677     2.475    -0.016

 ATOM A   2 C    ATOM B     CELL      R(AB)/AU R(AB)/ANG    OVPOP(AB)
                 28 C    (  0  0  0)     2.518     1.332     0.423
                 10 C    (  0  0  0)     2.848     1.507     0.384
                 37 C    (  0  0  0)     3.040     1.609     0.317
                 40 C    (  0  0  0)     4.330     2.291    -0.008
                 20 C    (  0  0  0)     4.456     2.358    -0.033
                 38 C    (  0  0  0)     4.597     2.433    -0.049

 ATOM A   3 C    ATOM B     CELL      R(AB)/AU R(AB)/ANG    OVPOP(AB)
                 11 C    (  0  0  0)     2.627     1.390     0.535
                 26 C    (  0  0  0)     2.773     1.468     0.386
                 39 C    (  0  0  0)     2.833     1.499     0.273
                 40 C    (  0  1  0)     4.353     2.303    -0.031
                 18 C    (  0  0  0)     4.407     2.332    -0.042
                 45 C    (  0  1  0)     4.593     2.431    -0.038

 ATOM A   4 C    ATOM B     CELL      R(AB)/AU R(AB)/ANG    OVPOP(AB)
                 25 C    (  0  0  0)     2.571     1.360     0.503
                 12 C    (  0  0  0)     2.731     1.445     0.375
                 46 C    (  0  0  0)     3.110     1.646     0.273
                 17 C    (  0  0  0)     3.912     2.070    -0.090
                 38 C    (  0  0  0)     4.403     2.330    -0.037
                 48 C    (  0  0  0)     4.699     2.487    -0.034

 ATOM A   5 C    ATOM B     CELL      R(AB)/AU R(AB)/ANG    OVPOP(AB)
                 31 C    (  0  0  0)     2.604     1.378     0.509
                 13 C    (  0  0  1)     2.815     1.489     0.373
                 43 C    (  0  0  1)     3.192     1.689     0.278
                 23 C    (  0  0  1)     3.886     2.057    -0.085
                 35 C    (  0  0  0)     4.364     2.309    -0.035
                 15 C    ( -1  0  1)     5.162     2.732    -0.004

 ATOM A   6 C    ATOM B     CELL      R(AB)/AU R(AB)/ANG    OVPOP(AB)
                 14 C    (  0  0  1)     2.561     1.355     0.531
                 32 C    (  0  0  0)     2.699     1.428     0.392
                 33 C    (  0  1  0)     2.792     1.477     0.252
                 34 C    (  1  0  0)     4.297     2.274    -0.029
                 24 C    (  0  0  1)     4.375     2.315    -0.042
                 36 C    (  0  0  0)     4.457     2.359    -0.026

 ATOM A   7 C    ATOM B     CELL      R(AB)/AU R(AB)/ANG    OVPOP(AB)
                 30 C    (  0  0  0)     2.481     1.313     0.485
                 15 C    (  0  0  1)     2.907     1.538     0.362
                 35 C    (  0  0  0)     3.324     1.759     0.275
                 28 C    (  0  0  0)     4.530     2.397    -0.025
                 36 C    (  0  0  0)     4.709     2.492    -0.058
                 22 C    (  0  0  1)     4.786     2.533    -0.024

 ATOM A   8 C    ATOM B     CELL      R(AB)/AU R(AB)/ANG    OVPOP(AB)
                 29 C    (  0  0  0)     2.646     1.400     0.410
                 16 C    (  0  0  1)     2.663     1.409     0.499
                 36 C    (  0  0  0)     2.912     1.541     0.311
                 21 C    (  0  0  1)     4.294     2.272    -0.045
                 42 C    (  0  0  1)     4.317     2.284    -0.053
                 34 C    (  0  0  0)     4.356     2.305    -0.029

 ATOM A   9 C    ATOM B     CELL      R(AB)/AU R(AB)/ANG    OVPOP(AB)
                  1 C    (  0  0  0)     2.655     1.405     0.461
                 19 C    (  0  0  0)     2.662     1.409     0.357
                 46 C    (  0  1  0)     2.949     1.560     0.293
                 27 C    (  0  0  0)     4.222     2.234    -0.038
                 47 C    (  0  0  0)     4.418     2.338    -0.038
                 45 C    ( -1  1  0)     4.738     2.507    -0.029

 ATOM A  10 C    ATOM B     CELL      R(AB)/AU R(AB)/ANG    OVPOP(AB)
                 20 C    (  0  0  0)     2.534     1.341     0.466
                  2 C    (  0  0  0)     2.848     1.507     0.384
                 45 C    (  0  0  0)     3.098     1.639     0.298
                 28 C    (  0  0  0)     4.483     2.372    -0.018
                 48 C    (  0  0  0)     4.645     2.458    -0.031
                 40 C    (  0  0  0)     4.832     2.557    -0.030

 ATOM A  11 C    ATOM B     CELL      R(AB)/AU R(AB)/ANG    OVPOP(AB)
                  3 C    (  0  0  0)     2.627     1.390     0.535
                 18 C    (  0  0  0)     2.810     1.487     0.369
                 47 C    (  0  0  0)     3.004     1.589     0.325
                 39 C    (  0  0  0)     4.446     2.353    -0.036
                 24 C    (  0  0  0)     4.628     2.449    -0.021
                 45 C    (  0  1  0)     4.630     2.450    -0.031

 ATOM A  12 C    ATOM B     CELL      R(AB)/AU R(AB)/ANG    OVPOP(AB)
                 17 C    (  0  0  0)     2.538     1.343     0.433
                  4 C    (  0  0  0)     2.731     1.445     0.375
                 48 C    (  0  0  0)     2.804     1.484     0.306
                 46 C    (  0  0  0)     3.987     2.110    -0.081
                 38 C    (  0  0  0)     4.206     2.226    -0.070
                 25 C    (  0  0  0)     4.380     2.318    -0.036

 ATOM A  13 C    ATOM B     CELL      R(AB)/AU R(AB)/ANG    OVPOP(AB)
                 23 C    (  0  0  0)     2.574     1.362     0.444
                  5 C    (  0  0 -1)     2.815     1.489     0.373
                 42 C    (  0  0  0)     2.950     1.561     0.294
                 43 C    (  0  0  0)     4.098     2.169    -0.075
                 36 C    (  0  0 -1)     4.434     2.347    -0.042
                 17 C    (  0  0  0)     4.661     2.466    -0.020

 ATOM A  14 C    ATOM B     CELL      R(AB)/AU R(AB)/ANG    OVPOP(AB)
                  6 C    (  0  0 -1)     2.561     1.355     0.531
                 24 C    (  0  0  0)     2.799     1.481     0.373
                 41 C    (  0  0  0)     2.874     1.521     0.318
                 33 C    (  0  1 -1)     4.378     2.317    -0.038
                 44 C    (  1  0  0)     4.541     2.403    -0.038
                 42 C    (  0  0  0)     4.596     2.432    -0.043

 ATOM A  15 C    ATOM B     CELL      R(AB)/AU R(AB)/ANG    OVPOP(AB)
                 22 C    (  0  0  0)     2.580     1.365     0.457
                  7 C    (  0  0 -1)     2.907     1.538     0.362
                 43 C    (  1  0  0)     2.964     1.568     0.280
                 30 C    (  0  0 -1)     4.296     2.274    -0.028
                 41 C    (  0  0  0)     4.402     2.329    -0.047
                 44 C    (  1 -1  0)     4.745     2.511    -0.028

 ATOM A  16 C    ATOM B     CELL      R(AB)/AU R(AB)/ANG    OVPOP(AB)
                 21 C    (  0  0  0)     2.659     1.407     0.383
                  8 C    (  0  0 -1)     2.663     1.409     0.499
                 44 C    (  0  0  0)     2.960     1.566     0.299
                 42 C    (  0  0  0)     4.452     2.356    -0.035
                 29 C    (  0  0 -1)     4.529     2.397    -0.022
                 33 C    ( -1  1 -1)     4.619     2.444    -0.018

 ATOM A  17 C    ATOM B     CELL      R(AB)/AU R(AB)/ANG    OVPOP(AB)
                 12 C    (  0  0  0)     2.538     1.343     0.433
                 23 C    (  0  0  0)     2.588     1.370     0.416
                 46 C    (  0  0  0)     2.871     1.519     0.286
                  4 C    (  0  0  0)     3.912     2.070    -0.090
                 13 C    (  0  0  0)     4.661     2.466    -0.020
                  9 C    (  0 -1  0)     4.877     2.581    -0.019

 ATOM A  18 C    ATOM B     CELL      R(AB)/AU R(AB)/ANG    OVPOP(AB)
                 24 C    (  0  0  0)     2.551     1.350     0.511
                 11 C    (  0  0  0)     2.810     1.487     0.369
                 45 C    (  0  1  0)     2.928     1.550     0.293
                  3 C    (  0  0  0)     4.407     2.332    -0.042
                 39 C    (  0  0  0)     4.429     2.344    -0.042
                 14 C    (  0  0  0)     4.654     2.463    -0.020

 ATOM A  19 C    ATOM B     CELL      R(AB)/AU R(AB)/ANG    OVPOP(AB)
                 21 C    (  0  0  0)     2.565     1.357     0.512
                  9 C    (  0  0  0)     2.662     1.409     0.357
                 47 C    (  0  0  0)     2.809     1.486     0.271
                 41 C    (  0  0  0)     4.408     2.332    -0.044
                  1 C    (  0  0  0)     4.466     2.363    -0.014
                 42 C    (  0  0  0)     4.556     2.411    -0.033

 ATOM A  20 C    ATOM B     CELL      R(AB)/AU R(AB)/ANG    OVPOP(AB)
                 10 C    (  0  0  0)     2.534     1.341     0.466
                 22 C    (  0  0  0)     2.768     1.465     0.411
                 48 C    (  0  0  0)     3.026     1.601     0.311
                 47 C    (  0  0  0)     4.325     2.288    -0.068
                  2 C    (  0  0  0)     4.456     2.358    -0.033
                 41 C    (  0  0  0)     4.481     2.371    -0.036

 ATOM A  21 C    ATOM B     CELL      R(AB)/AU R(AB)/ANG    OVPOP(AB)
                 19 C    (  0  0  0)     2.565     1.357     0.512
                 16 C    (  0  0  0)     2.659     1.407     0.383
                 42 C    (  0  0  0)     2.915     1.543     0.297
                  8 C    (  0  0 -1)     4.294     2.272    -0.045
                 41 C    (  0  0  0)     4.343     2.298    -0.052
                 47 C    (  0  0  0)     4.423     2.341    -0.031

 ATOM A  22 C    ATOM B     CELL      R(AB)/AU R(AB)/ANG    OVPOP(AB)
                 15 C    (  0  0  0)     2.580     1.365     0.457
                 20 C    (  0  0  0)     2.768     1.465     0.411
                 41 C    (  0  0  0)     2.809     1.487     0.300
                 47 C    (  0  0  0)     4.497     2.380    -0.042
                 48 C    (  0  0  0)     4.613     2.441    -0.031
                  7 C    (  0  0 -1)     4.786     2.533    -0.024

 ATOM A  23 C    ATOM B     CELL      R(AB)/AU R(AB)/ANG    OVPOP(AB)
                 13 C    (  0  0  0)     2.574     1.362     0.444
                 17 C    (  0  0  0)     2.588     1.370     0.416
                 43 C    (  0  0  0)     2.812     1.488     0.273
                  5 C    (  0  0 -1)     3.886     2.057    -0.085
                 12 C    (  0  0  0)     4.541     2.403    -0.017
                 44 C    (  0 -1  0)     4.839     2.561    -0.016

 ATOM A  24 C    ATOM B     CELL      R(AB)/AU R(AB)/ANG    OVPOP(AB)
                 18 C    (  0  0  0)     2.551     1.350     0.511
                 14 C    (  0  0  0)     2.799     1.481     0.373
                 44 C    (  1  0  0)     2.949     1.560     0.313
                  6 C    (  0  0 -1)     4.375     2.315    -0.042
                 33 C    (  0  1 -1)     4.430     2.344    -0.050
                 11 C    (  0  0  0)     4.628     2.449    -0.021

 ATOM A  25 C    ATOM B     CELL      R(AB)/AU R(AB)/ANG    OVPOP(AB)
                  4 C    (  0  0  0)     2.571     1.360     0.503
                 31 C    (  0  0  0)     2.881     1.525     0.388
                 38 C    (  0  0  0)     3.118     1.650     0.296
                 12 C    (  0  0  0)     4.380     2.318    -0.036
                 37 C    (  0  0  0)     4.384     2.320    -0.048
                 35 C    (  0  0  0)     4.581     2.424    -0.040

 ATOM A  26 C    ATOM B     CELL      R(AB)/AU R(AB)/ANG    OVPOP(AB)
                 32 C    (  0  0  0)     2.682     1.419     0.510
                  3 C    (  0  0  0)     2.773     1.468     0.386
                 37 C    (  0  0  0)     2.787     1.475     0.287
                 35 C    (  0  0  0)     4.454     2.357    -0.039
                 36 C    (  0  0  0)     4.597     2.432    -0.033
                 38 C    (  0  0  0)     4.700     2.487    -0.019

 ATOM A  27 C    ATOM B     CELL      R(AB)/AU R(AB)/ANG    OVPOP(AB)
                 29 C    (  0  0  0)     2.568     1.359     0.483
                  1 C    (  0  0  0)     2.613     1.383     0.360
                 39 C    ( -1  0  0)     2.968     1.571     0.320
                 34 C    (  0  0  0)     4.104     2.172    -0.048
                  9 C    (  0  0  0)     4.222     2.234    -0.038
                 40 C    ( -1  1  0)     4.288     2.269    -0.057

 ATOM A  28 C    ATOM B     CELL      R(AB)/AU R(AB)/ANG    OVPOP(AB)
                  2 C    (  0  0  0)     2.518     1.332     0.423
                 40 C    (  0  0  0)     2.615     1.384     0.344
                 30 C    (  0  0  0)     2.704     1.431     0.382
                 34 C    (  1 -1  0)     4.227     2.237    -0.047
                 33 C    (  0  0  0)     4.465     2.363    -0.028
                 10 C    (  0  0  0)     4.483     2.372    -0.018

 ATOM A  29 C    ATOM B     CELL      R(AB)/AU R(AB)/ANG    OVPOP(AB)
                 27 C    (  0  0  0)     2.568     1.359     0.483
                 34 C    (  0  0  0)     2.626     1.390     0.372
                  8 C    (  0  0  0)     2.646     1.400     0.410
                 40 C    ( -1  1  0)     4.272     2.261    -0.046
                 39 C    ( -1  0  0)     4.518     2.391    -0.027
                 16 C    (  0  0  1)     4.529     2.397    -0.022

 ATOM A  30 C    ATOM B     CELL      R(AB)/AU R(AB)/ANG    OVPOP(AB)
                  7 C    (  0  0  0)     2.481     1.313     0.485
                 28 C    (  0  0  0)     2.704     1.431     0.382
                 33 C    (  0  0  0)     2.859     1.513     0.290
                 40 C    (  0  0  0)     4.181     2.212    -0.049
                 34 C    (  1 -1  0)     4.244     2.246    -0.032
                 15 C    (  0  0  1)     4.296     2.274    -0.028

 ATOM A  31 C    ATOM B     CELL      R(AB)/AU R(AB)/ANG    OVPOP(AB)
                  5 C    (  0  0  0)     2.604     1.378     0.509
                 25 C    (  0  0  0)     2.881     1.525     0.388
                 35 C    (  0  0  0)     2.893     1.531     0.316
                 37 C    (  0  0  0)     4.620     2.445    -0.038
                 13 C    (  0  0  1)     4.689     2.481    -0.031
                 36 C    (  0  0  0)     4.835     2.559    -0.012

 ATOM A  32 C    ATOM B     CELL      R(AB)/AU R(AB)/ANG    OVPOP(AB)
                 26 C    (  0  0  0)     2.682     1.419     0.510
                  6 C    (  0  0  0)     2.699     1.428     0.392
                 36 C    (  0  0  0)     2.875     1.522     0.294
                 35 C    (  0  0  0)     4.253     2.251    -0.055
                 37 C    (  0  0  0)     4.434     2.346    -0.037
                 14 C    (  0  0  1)     4.729     2.503    -0.025

 ATOM A  33 C    ATOM B     CELL      R(AB)/AU R(AB)/ANG    OVPOP(AB)
                 34 C    (  1 -1  0)     2.664     1.410     0.250
                  6 C    (  0 -1  0)     2.792     1.477     0.252
                 44 C    (  1 -1  1)     2.806     1.485     0.283
                 30 C    (  0  0  0)     2.859     1.513     0.290
                 40 C    (  0  0  0)     4.165     2.204    -0.045
                 43 C    (  1  0  1)     4.333     2.293    -0.035

 ATOM A  34 C    ATOM B     CELL      R(AB)/AU R(AB)/ANG    OVPOP(AB)
                 40 C    ( -1  1  0)     2.452     1.298     0.491
                 29 C    (  0  0  0)     2.626     1.390     0.372
                 33 C    ( -1  1  0)     2.664     1.410     0.250
                 27 C    (  0  0  0)     4.104     2.172    -0.048
                 39 C    ( -1  0  0)     4.213     2.230    -0.048
                 28 C    ( -1  1  0)     4.227     2.237    -0.047

 ATOM A  35 C    ATOM B     CELL      R(AB)/AU R(AB)/ANG    OVPOP(AB)
                 36 C    (  0  0  0)     2.872     1.520     0.294
                 31 C    (  0  0  0)     2.893     1.531     0.316
                 37 C    (  0  0  0)     2.946     1.559     0.344
                  7 C    (  0  0  0)     3.324     1.759     0.275
                 32 C    (  0  0  0)     4.253     2.251    -0.055
                  5 C    (  0  0  0)     4.364     2.309    -0.035

 ATOM A  36 C    ATOM B     CELL      R(AB)/AU R(AB)/ANG    OVPOP(AB)
                 35 C    (  0  0  0)     2.872     1.520     0.294
                 32 C    (  0  0  0)     2.875     1.522     0.294
                  8 C    (  0  0  0)     2.912     1.541     0.311
                 42 C    (  0  0  1)     2.947     1.560     0.311
                 13 C    (  0  0  1)     4.434     2.347    -0.042
                  6 C    (  0  0  0)     4.457     2.359    -0.026

 ATOM A  37 C    ATOM B     CELL      R(AB)/AU R(AB)/ANG    OVPOP(AB)
                 26 C    (  0  0  0)     2.787     1.475     0.287
                 38 C    (  0  0  0)     2.881     1.524     0.238
                 35 C    (  0  0  0)     2.946     1.559     0.344
                  2 C    (  0  0  0)     3.040     1.609     0.317
                 25 C    (  0  0  0)     4.384     2.320    -0.048
                 32 C    (  0  0  0)     4.434     2.346    -0.037

 ATOM A  38 C    ATOM B     CELL      R(AB)/AU R(AB)/ANG    OVPOP(AB)
                 37 C    (  0  0  0)     2.881     1.524     0.238
                 48 C    (  0  0  0)     2.978     1.576     0.287
                  1 C    (  0  0  0)     3.023     1.600     0.292
                 25 C    (  0  0  0)     3.118     1.650     0.296
                 12 C    (  0  0  0)     4.206     2.226    -0.070
                  4 C    (  0  0  0)     4.403     2.330    -0.037

 ATOM A  39 C    ATOM B     CELL      R(AB)/AU R(AB)/ANG    OVPOP(AB)
                 40 C    (  0  1  0)     2.642     1.398     0.297
                  3 C    (  0  0  0)     2.833     1.499     0.273
                 45 C    (  0  1  0)     2.865     1.516     0.286
                 27 C    (  1  0  0)     2.968     1.571     0.320
                 34 C    (  1  0  0)     4.213     2.230    -0.048
                 46 C    (  1  1  0)     4.372     2.313    -0.036

 ATOM A  40 C    ATOM B     CELL      R(AB)/AU R(AB)/ANG    OVPOP(AB)
                 34 C    (  1 -1  0)     2.452     1.298     0.491
                 28 C    (  0  0  0)     2.615     1.384     0.344
                 39 C    (  0 -1  0)     2.642     1.398     0.297
                 33 C    (  0  0  0)     4.165     2.204    -0.045
                 30 C    (  0  0  0)     4.181     2.212    -0.049
                 29 C    (  1 -1  0)     4.272     2.261    -0.046

 ATOM A  41 C    ATOM B     CELL      R(AB)/AU R(AB)/ANG    OVPOP(AB)
                 22 C    (  0  0  0)     2.809     1.487     0.300
                 14 C    (  0  0  0)     2.874     1.521     0.318
                 47 C    (  0  0  0)     2.895     1.532     0.325
                 42 C    (  0  0  0)     2.936     1.554     0.279
                 21 C    (  0  0  0)     4.343     2.298    -0.052
                 15 C    (  0  0  0)     4.402     2.329    -0.047

 ATOM A  42 C    ATOM B     CELL      R(AB)/AU R(AB)/ANG    OVPOP(AB)
                 21 C    (  0  0  0)     2.915     1.543     0.297
                 41 C    (  0  0  0)     2.936     1.554     0.279
                 36 C    (  0  0 -1)     2.947     1.560     0.311
                 13 C    (  0  0  0)     2.950     1.561     0.294
                  8 C    (  0  0 -1)     4.317     2.284    -0.053
                 16 C    (  0  0  0)     4.452     2.356    -0.035

 ATOM A  43 C    ATOM B     CELL      R(AB)/AU R(AB)/ANG    OVPOP(AB)
                 23 C    (  0  0  0)     2.812     1.488     0.273
                 44 C    (  0 -1  0)     2.879     1.523     0.234
                 15 C    ( -1  0  0)     2.964     1.568     0.280
                  5 C    (  0  0 -1)     3.192     1.689     0.278
                 13 C    (  0  0  0)     4.098     2.169    -0.075
                 33 C    ( -1  0 -1)     4.333     2.293    -0.035

 ATOM A  44 C    ATOM B     CELL      R(AB)/AU R(AB)/ANG    OVPOP(AB)
                 33 C    ( -1  1 -1)     2.806     1.485     0.283
                 43 C    (  0  1  0)     2.879     1.523     0.234
                 24 C    ( -1  0  0)     2.949     1.560     0.313
                 16 C    (  0  0  0)     2.960     1.566     0.299
                  6 C    ( -1  0 -1)     4.490     2.376    -0.043
                 34 C    (  0  0 -1)     4.528     2.396    -0.022

 ATOM A  45 C    ATOM B     CELL      R(AB)/AU R(AB)/ANG    OVPOP(AB)
                 46 C    (  1  0  0)     2.858     1.512     0.250
                 39 C    (  0 -1  0)     2.865     1.516     0.286
                 18 C    (  0 -1  0)     2.928     1.550     0.293
                 10 C    (  0  0  0)     3.098     1.639     0.298
                 40 C    (  0  0  0)     4.450     2.355    -0.028
                  3 C    (  0 -1  0)     4.593     2.431    -0.038

 ATOM A  46 C    ATOM B     CELL      R(AB)/AU R(AB)/ANG    OVPOP(AB)
                 45 C    ( -1  0  0)     2.858     1.512     0.250
                 17 C    (  0  0  0)     2.871     1.519     0.286
                  9 C    (  0 -1  0)     2.949     1.560     0.293
                  4 C    (  0  0  0)     3.110     1.646     0.273
                 12 C    (  0  0  0)     3.987     2.110    -0.081
                 39 C    ( -1 -1  0)     4.372     2.313    -0.036

 ATOM A  47 C    ATOM B     CELL      R(AB)/AU R(AB)/ANG    OVPOP(AB)
                 19 C    (  0  0  0)     2.809     1.486     0.271
                 48 C    (  0  0  0)     2.867     1.517     0.269
                 41 C    (  0  0  0)     2.895     1.532     0.325
                 11 C    (  0  0  0)     3.004     1.589     0.325
                 20 C    (  0  0  0)     4.325     2.288    -0.068
                  9 C    (  0  0  0)     4.418     2.338    -0.038

 ATOM A  48 C    ATOM B     CELL      R(AB)/AU R(AB)/ANG    OVPOP(AB)
                 12 C    (  0  0  0)     2.804     1.484     0.306
                 47 C    (  0  0  0)     2.867     1.517     0.269
                 38 C    (  0  0  0)     2.978     1.576     0.287
                 20 C    (  0  0  0)     3.026     1.601     0.311
                 41 C    (  0  0  0)     4.569     2.418    -0.043
                 22 C    (  0  0  0)     4.613     2.441    -0.031
 TTTTTTTTTTTTTTTTTTTTTTTTTTTTTT AFTER FIRST TELAPSE     7810.57 TCPU     7783.31
 MMMMMMMMMMMMMMMMMMMMMMMMMMMMMMMMMMMMMMMMMMMMMMMMMMMMMMMMMMMMMMMMMMMMMMMMMMMMMMM
     ALPHA-BETA ELECTRONS
 MULLIKEN POPULATION ANALYSIS - NO. OF ELECTRONS    0.000000

  ATOM    Z CHARGE  A.O. POPULATION

   1 C    6  0.000  0.000 -0.000  0.000  0.000 -0.000 -0.000  0.000  0.000
                    0.000 -0.000 -0.000 -0.000  0.000  0.000  0.000  0.000
                    0.000  0.000
   2 C    6 -0.000  0.000 -0.000  0.000  0.000  0.000  0.000  0.000 -0.000
                    0.000  0.000  0.000 -0.000 -0.000 -0.000 -0.000  0.000
                    0.000  0.000
   3 C    6 -0.000 -0.000  0.000 -0.000 -0.000  0.000  0.000 -0.000 -0.000
                   -0.000 -0.000 -0.000  0.000  0.000  0.000 -0.000 -0.000
                    0.000  0.000
   4 C    6 -0.000 -0.000  0.000 -0.000 -0.000  0.000 -0.000  0.000  0.000
                    0.000  0.000 -0.000 -0.000 -0.000  0.000  0.000  0.000
                   -0.000  0.000
   5 C    6 -0.000  0.000 -0.000  0.000 -0.000 -0.000 -0.000  0.000  0.000
                    0.000 -0.000 -0.000 -0.000  0.000  0.000  0.000 -0.000
                   -0.000 -0.000
   6 C    6  0.000 -0.000  0.000 -0.000  0.000  0.000  0.000 -0.000 -0.000
                    0.000  0.000  0.000  0.000  0.000 -0.000  0.000  0.000
                   -0.000  0.000
   7 C    6 -0.000 -0.000  0.000 -0.000  0.000 -0.000  0.000  0.000  0.000
                   -0.000 -0.000 -0.000  0.000  0.000 -0.000 -0.000  0.000
                   -0.000 -0.000
   8 C    6 -0.000 -0.000  0.000 -0.000 -0.000  0.000 -0.000 -0.000  0.000
                    0.000  0.000 -0.000 -0.000 -0.000 -0.000  0.000 -0.000
                   -0.000  0.000
   9 C    6 -0.000 -0.000  0.000  0.000 -0.000 -0.000 -0.000 -0.000 -0.000
                   -0.000  0.000  0.000  0.000 -0.000  0.000 -0.000  0.000
                    0.000  0.000
  10 C    6  0.000  0.000 -0.000 -0.000  0.000  0.000 -0.000 -0.000 -0.000
                    0.000 -0.000 -0.000  0.000  0.000  0.000 -0.000 -0.000
                    0.000 -0.000
  11 C    6  0.000  0.000 -0.000 -0.000  0.000  0.000  0.000 -0.000 -0.000
                    0.000 -0.000  0.000 -0.000  0.000  0.000 -0.000  0.000
                   -0.000  0.000
  12 C    6 -0.000 -0.000  0.000 -0.000  0.000  0.000 -0.000 -0.000 -0.000
                    0.000  0.000 -0.000 -0.000 -0.000  0.000  0.000  0.000
                   -0.000  0.000
  13 C    6 -0.000 -0.000  0.000 -0.000 -0.000  0.000  0.000 -0.000  0.000
                    0.000  0.000 -0.000 -0.000 -0.000 -0.000 -0.000 -0.000
                   -0.000  0.000
  14 C    6 -0.000 -0.000  0.000 -0.000  0.000 -0.000 -0.000 -0.000  0.000
                    0.000 -0.000 -0.000 -0.000 -0.000 -0.000 -0.000  0.000
                    0.000  0.000
  15 C    6 -0.000 -0.000 -0.000 -0.000 -0.000 -0.000 -0.000  0.000  0.000
                   -0.000 -0.000 -0.000  0.000 -0.000  0.000 -0.000 -0.000
                    0.000 -0.000
  16 C    6  0.000 -0.000  0.000 -0.000 -0.000  0.000 -0.000  0.000  0.000
                   -0.000 -0.000  0.000  0.000  0.000  0.000 -0.000 -0.000
                   -0.000 -0.000
  17 C    6 -0.000  0.000 -0.000  0.000 -0.000 -0.000  0.000 -0.000 -0.000
                   -0.000  0.000 -0.000  0.000 -0.000 -0.000  0.000 -0.000
                    0.000 -0.000
  18 C    6 -0.000 -0.000  0.000 -0.000 -0.000  0.000  0.000 -0.000 -0.000
                    0.000  0.000  0.000 -0.000 -0.000  0.000  0.000  0.000
                    0.000 -0.000
  19 C    6  0.000  0.000 -0.000  0.000  0.000 -0.000 -0.000  0.000 -0.000
                   -0.000 -0.000  0.000  0.000 -0.000  0.000  0.000  0.000
                   -0.000 -0.000
  20 C    6 -0.000  0.000 -0.000  0.000 -0.000 -0.000  0.000 -0.000 -0.000
                   -0.000 -0.000  0.000  0.000  0.000 -0.000  0.000  0.000
                   -0.000 -0.000
  21 C    6 -0.000 -0.000  0.000 -0.000  0.000  0.000  0.000  0.000  0.000
                    0.000  0.000 -0.000 -0.000 -0.000 -0.000 -0.000 -0.000
                    0.000 -0.000
  22 C    6  0.000 -0.000 -0.000 -0.000  0.000 -0.000  0.000  0.000  0.000
                   -0.000 -0.000  0.000 -0.000  0.000 -0.000 -0.000  0.000
                    0.000  0.000
  23 C    6  0.000  0.000 -0.000  0.000  0.000  0.000 -0.000  0.000 -0.000
                   -0.000 -0.000  0.000 -0.000  0.000  0.000 -0.000 -0.000
                   -0.000 -0.000
  24 C    6  0.000  0.000 -0.000  0.000  0.000 -0.000  0.000  0.000  0.000
                    0.000  0.000 -0.000 -0.000  0.000  0.000  0.000  0.000
                    0.000 -0.000
  25 C    6  0.000  0.000 -0.000  0.000  0.000 -0.000 -0.000 -0.000  0.000
                    0.000 -0.000  0.000  0.000  0.000  0.000  0.000 -0.000
                    0.000  0.000
  26 C    6  0.000  0.000 -0.000 -0.000  0.000 -0.000  0.000 -0.000 -0.000
                   -0.000 -0.000 -0.000 -0.000  0.000  0.000  0.000 -0.000
                   -0.000 -0.000
  27 C    6  0.000 -0.000  0.000 -0.000  0.000 -0.000  0.000 -0.000 -0.000
                    0.000  0.000 -0.000 -0.000 -0.000  0.000 -0.000  0.000
                    0.000  0.000
  28 C    6  0.000 -0.000  0.000 -0.000 -0.000 -0.000 -0.000 -0.000  0.000
                   -0.000 -0.000 -0.000  0.000  0.000  0.000  0.000  0.000
                   -0.000  0.000
  29 C    6 -0.000 -0.000  0.000 -0.000 -0.000  0.000  0.000 -0.000 -0.000
                   -0.000 -0.000  0.000  0.000 -0.000  0.000  0.000  0.000
                    0.000  0.000
  30 C    6 -0.000  0.000 -0.000  0.000 -0.000 -0.000 -0.000  0.000 -0.000
                   -0.000 -0.000  0.000  0.000 -0.000  0.000 -0.000 -0.000
                    0.000  0.000
  31 C    6 -0.000  0.000 -0.000  0.000 -0.000 -0.000 -0.000  0.000  0.000
                   -0.000 -0.000 -0.000 -0.000 -0.000 -0.000 -0.000  0.000
                    0.000  0.000
  32 C    6 -0.000 -0.000 -0.000  0.000 -0.000  0.000 -0.000 -0.000 -0.000
                   -0.000  0.000  0.000  0.000 -0.000 -0.000 -0.000  0.000
                    0.000  0.000
  33 C    6  0.000 -0.000  0.000 -0.000  0.000 -0.000 -0.000 -0.000  0.000
                    0.000  0.000  0.000  0.000  0.000  0.000  0.000  0.000
                    0.000  0.000
  34 C    6 -0.000 -0.000  0.000 -0.000 -0.000 -0.000  0.000  0.000 -0.000
                    0.000  0.000  0.000 -0.000 -0.000  0.000 -0.000  0.000
                    0.000 -0.000
  35 C    6  0.000  0.000 -0.000  0.000  0.000  0.000  0.000  0.000  0.000
                    0.000 -0.000 -0.000 -0.000  0.000 -0.000  0.000 -0.000
                    0.000 -0.000
  36 C    6  0.000  0.000 -0.000  0.000  0.000  0.000 -0.000  0.000 -0.000
                    0.000  0.000  0.000 -0.000 -0.000 -0.000 -0.000  0.000
                    0.000 -0.000
  37 C    6 -0.000 -0.000  0.000 -0.000 -0.000 -0.000 -0.000  0.000  0.000
                    0.000  0.000 -0.000 -0.000  0.000  0.000  0.000 -0.000
                   -0.000 -0.000
  38 C    6  0.000 -0.000  0.000 -0.000  0.000 -0.000  0.000  0.000  0.000
                   -0.000 -0.000  0.000  0.000  0.000 -0.000 -0.000  0.000
                   -0.000 -0.000
  39 C    6 -0.000 -0.000  0.000  0.000 -0.000 -0.000 -0.000 -0.000  0.000
                   -0.000 -0.000 -0.000  0.000  0.000 -0.000  0.000 -0.000
                   -0.000  0.000
  40 C    6  0.000  0.000 -0.000  0.000 -0.000  0.000  0.000  0.000 -0.000
                   -0.000  0.000  0.000  0.000  0.000  0.000  0.000  0.000
                   -0.000 -0.000
  41 C    6  0.000 -0.000  0.000 -0.000  0.000  0.000  0.000  0.000 -0.000
                    0.000  0.000  0.000  0.000 -0.000 -0.000  0.000  0.000
                   -0.000  0.000
  42 C    6  0.000 -0.000  0.000 -0.000  0.000 -0.000  0.000 -0.000 -0.000
                    0.000  0.000  0.000  0.000 -0.000 -0.000  0.000 -0.000
                   -0.000  0.000
  43 C    6  0.000  0.000 -0.000 -0.000  0.000  0.000  0.000  0.000  0.000
                    0.000 -0.000 -0.000 -0.000  0.000 -0.000  0.000 -0.000
                    0.000  0.000
  44 C    6 -0.000  0.000 -0.000 -0.000  0.000  0.000 -0.000  0.000 -0.000
                    0.000  0.000  0.000 -0.000 -0.000 -0.000 -0.000 -0.000
                   -0.000 -0.000
  45 C    6 -0.000  0.000 -0.000  0.000 -0.000 -0.000  0.000 -0.000  0.000
                    0.000  0.000 -0.000 -0.000 -0.000 -0.000 -0.000  0.000
                   -0.000 -0.000
  46 C    6  0.000 -0.000  0.000 -0.000  0.000  0.000 -0.000  0.000 -0.000
                   -0.000 -0.000  0.000  0.000  0.000  0.000  0.000 -0.000
                   -0.000 -0.000
  47 C    6 -0.000 -0.000 -0.000  0.000 -0.000  0.000 -0.000  0.000 -0.000
                    0.000  0.000  0.000 -0.000 -0.000  0.000 -0.000 -0.000
                    0.000 -0.000
  48 C    6  0.000  0.000 -0.000  0.000  0.000  0.000 -0.000  0.000  0.000
                    0.000 -0.000 -0.000 -0.000  0.000  0.000  0.000  0.000
                   -0.000  0.000

  ATOM    Z CHARGE  SHELL POPULATION

   1 C    6  0.000  0.000 -0.000  0.000  0.000 -0.000  0.000 -0.000  0.000
   2 C    6 -0.000  0.000 -0.000  0.000  0.000  0.000 -0.000 -0.000 -0.000
   3 C    6 -0.000 -0.000  0.000 -0.000 -0.000  0.000 -0.000  0.000  0.000
   4 C    6 -0.000 -0.000  0.000 -0.000 -0.000 -0.000  0.000 -0.000  0.000
   5 C    6 -0.000  0.000 -0.000  0.000 -0.000 -0.000  0.000  0.000  0.000
   6 C    6  0.000 -0.000  0.000 -0.000  0.000 -0.000 -0.000  0.000  0.000
   7 C    6 -0.000 -0.000  0.000 -0.000  0.000 -0.000 -0.000  0.000 -0.000
   8 C    6 -0.000 -0.000  0.000 -0.000 -0.000 -0.000  0.000 -0.000 -0.000
   9 C    6 -0.000 -0.000  0.000  0.000 -0.000 -0.000 -0.000  0.000  0.000
  10 C    6  0.000  0.000 -0.000 -0.000  0.000 -0.000  0.000  0.000  0.000
  11 C    6  0.000  0.000 -0.000 -0.000  0.000  0.000 -0.000  0.000  0.000
  12 C    6 -0.000 -0.000  0.000 -0.000  0.000 -0.000  0.000 -0.000  0.000
  13 C    6 -0.000 -0.000  0.000 -0.000 -0.000 -0.000  0.000 -0.000  0.000
  14 C    6 -0.000 -0.000  0.000 -0.000  0.000 -0.000  0.000 -0.000 -0.000
  15 C    6 -0.000 -0.000 -0.000 -0.000 -0.000 -0.000 -0.000 -0.000 -0.000
  16 C    6  0.000 -0.000  0.000 -0.000 -0.000  0.000 -0.000  0.000 -0.000
  17 C    6 -0.000  0.000 -0.000  0.000 -0.000  0.000 -0.000  0.000 -0.000
  18 C    6 -0.000 -0.000  0.000 -0.000 -0.000  0.000  0.000 -0.000  0.000
  19 C    6  0.000  0.000 -0.000  0.000  0.000 -0.000 -0.000  0.000  0.000
  20 C    6 -0.000  0.000 -0.000  0.000 -0.000 -0.000 -0.000  0.000 -0.000
  21 C    6 -0.000 -0.000  0.000 -0.000  0.000  0.000  0.000 -0.000 -0.000
  22 C    6  0.000 -0.000 -0.000 -0.000  0.000 -0.000 -0.000  0.000  0.000
  23 C    6  0.000  0.000 -0.000  0.000  0.000  0.000 -0.000  0.000 -0.000
  24 C    6  0.000  0.000 -0.000  0.000  0.000 -0.000  0.000 -0.000  0.000
  25 C    6  0.000  0.000 -0.000  0.000  0.000 -0.000  0.000  0.000  0.000
  26 C    6  0.000  0.000 -0.000 -0.000  0.000  0.000 -0.000  0.000 -0.000
  27 C    6  0.000 -0.000  0.000 -0.000  0.000 -0.000  0.000 -0.000 -0.000
  28 C    6  0.000 -0.000  0.000 -0.000 -0.000 -0.000  0.000  0.000  0.000
  29 C    6 -0.000 -0.000  0.000 -0.000 -0.000  0.000 -0.000  0.000  0.000
  30 C    6 -0.000  0.000 -0.000  0.000 -0.000  0.000 -0.000  0.000 -0.000
  31 C    6 -0.000  0.000 -0.000  0.000 -0.000 -0.000  0.000 -0.000  0.000
  32 C    6 -0.000 -0.000 -0.000  0.000 -0.000 -0.000  0.000  0.000 -0.000
  33 C    6  0.000 -0.000  0.000 -0.000  0.000 -0.000  0.000  0.000  0.000
  34 C    6 -0.000 -0.000  0.000 -0.000 -0.000  0.000 -0.000  0.000  0.000
  35 C    6  0.000  0.000 -0.000  0.000  0.000  0.000  0.000 -0.000  0.000
  36 C    6  0.000  0.000 -0.000  0.000  0.000 -0.000  0.000 -0.000 -0.000
  37 C    6 -0.000 -0.000  0.000 -0.000 -0.000 -0.000  0.000 -0.000  0.000
  38 C    6  0.000 -0.000  0.000 -0.000  0.000  0.000 -0.000  0.000 -0.000
  39 C    6 -0.000 -0.000  0.000  0.000 -0.000 -0.000  0.000 -0.000  0.000
  40 C    6  0.000  0.000 -0.000  0.000 -0.000  0.000 -0.000  0.000 -0.000
  41 C    6  0.000 -0.000  0.000 -0.000  0.000  0.000 -0.000  0.000  0.000
  42 C    6  0.000 -0.000  0.000 -0.000  0.000  0.000 -0.000  0.000  0.000
  43 C    6  0.000  0.000 -0.000 -0.000  0.000  0.000  0.000 -0.000  0.000
  44 C    6 -0.000  0.000 -0.000 -0.000  0.000 -0.000  0.000 -0.000 -0.000
  45 C    6 -0.000  0.000 -0.000  0.000 -0.000 -0.000  0.000 -0.000 -0.000
  46 C    6  0.000 -0.000  0.000 -0.000  0.000  0.000 -0.000  0.000 -0.000
  47 C    6 -0.000 -0.000 -0.000  0.000 -0.000 -0.000  0.000 -0.000 -0.000
  48 C    6  0.000  0.000 -0.000  0.000  0.000 -0.000  0.000 -0.000  0.000

 OVERLAP POPULATION CONDENSED TO ATOMS FOR FIRST   6 NEIGHBORS

 ATOM A   1 C    ATOM B     CELL      R(AB)/AU R(AB)/ANG    OVPOP(AB)
                 27 C    (  0  0  0)     2.613     1.383    -0.000
                  9 C    (  0  0  0)     2.655     1.405    -0.000
                 38 C    (  0  0  0)     3.023     1.600     0.000
                 19 C    (  0  0  0)     4.466     2.363     0.000
                 48 C    (  0  0  0)     4.668     2.470    -0.000
                 29 C    (  0  0  0)     4.677     2.475     0.000

 ATOM A   2 C    ATOM B     CELL      R(AB)/AU R(AB)/ANG    OVPOP(AB)
                 28 C    (  0  0  0)     2.518     1.332     0.000
                 10 C    (  0  0  0)     2.848     1.507    -0.000
                 37 C    (  0  0  0)     3.040     1.609     0.000
                 40 C    (  0  0  0)     4.330     2.291    -0.000
                 20 C    (  0  0  0)     4.456     2.358     0.000
                 38 C    (  0  0  0)     4.597     2.433    -0.000

 ATOM A   3 C    ATOM B     CELL      R(AB)/AU R(AB)/ANG    OVPOP(AB)
                 11 C    (  0  0  0)     2.627     1.390     0.000
                 26 C    (  0  0  0)     2.773     1.468    -0.000
                 39 C    (  0  0  0)     2.833     1.499    -0.000
                 40 C    (  0  1  0)     4.353     2.303     0.000
                 18 C    (  0  0  0)     4.407     2.332     0.000
                 45 C    (  0  1  0)     4.593     2.431    -0.000

 ATOM A   4 C    ATOM B     CELL      R(AB)/AU R(AB)/ANG    OVPOP(AB)
                 25 C    (  0  0  0)     2.571     1.360     0.000
                 12 C    (  0  0  0)     2.731     1.445     0.000
                 46 C    (  0  0  0)     3.110     1.646     0.000
                 17 C    (  0  0  0)     3.912     2.070    -0.000
                 38 C    (  0  0  0)     4.403     2.330    -0.000
                 48 C    (  0  0  0)     4.699     2.487    -0.000

 ATOM A   5 C    ATOM B     CELL      R(AB)/AU R(AB)/ANG    OVPOP(AB)
                 31 C    (  0  0  0)     2.604     1.378     0.000
                 13 C    (  0  0  1)     2.815     1.489     0.000
                 43 C    (  0  0  1)     3.192     1.689    -0.000
                 23 C    (  0  0  1)     3.886     2.057     0.000
                 35 C    (  0  0  0)     4.364     2.309    -0.000
                 15 C    ( -1  0  1)     5.162     2.732    -0.000

 ATOM A   6 C    ATOM B     CELL      R(AB)/AU R(AB)/ANG    OVPOP(AB)
                 14 C    (  0  0  1)     2.561     1.355     0.000
                 32 C    (  0  0  0)     2.699     1.428    -0.000
                 33 C    (  0  1  0)     2.792     1.477     0.000
                 34 C    (  1  0  0)     4.297     2.274    -0.000
                 24 C    (  0  0  1)     4.375     2.315     0.000
                 36 C    (  0  0  0)     4.457     2.359     0.000

 ATOM A   7 C    ATOM B     CELL      R(AB)/AU R(AB)/ANG    OVPOP(AB)
                 30 C    (  0  0  0)     2.481     1.313     0.000
                 15 C    (  0  0  1)     2.907     1.538     0.000
                 35 C    (  0  0  0)     3.324     1.759    -0.000
                 28 C    (  0  0  0)     4.530     2.397    -0.000
                 36 C    (  0  0  0)     4.709     2.492     0.000
                 22 C    (  0  0  1)     4.786     2.533    -0.000

 ATOM A   8 C    ATOM B     CELL      R(AB)/AU R(AB)/ANG    OVPOP(AB)
                 29 C    (  0  0  0)     2.646     1.400    -0.000
                 16 C    (  0  0  1)     2.663     1.409     0.000
                 36 C    (  0  0  0)     2.912     1.541     0.000
                 21 C    (  0  0  1)     4.294     2.272    -0.000
                 42 C    (  0  0  1)     4.317     2.284    -0.000
                 34 C    (  0  0  0)     4.356     2.305     0.000

 ATOM A   9 C    ATOM B     CELL      R(AB)/AU R(AB)/ANG    OVPOP(AB)
                  1 C    (  0  0  0)     2.655     1.405    -0.000
                 19 C    (  0  0  0)     2.662     1.409     0.000
                 46 C    (  0  1  0)     2.949     1.560     0.000
                 27 C    (  0  0  0)     4.222     2.234    -0.000
                 47 C    (  0  0  0)     4.418     2.338     0.000
                 45 C    ( -1  1  0)     4.738     2.507    -0.000

 ATOM A  10 C    ATOM B     CELL      R(AB)/AU R(AB)/ANG    OVPOP(AB)
                 20 C    (  0  0  0)     2.534     1.341    -0.000
                  2 C    (  0  0  0)     2.848     1.507    -0.000
                 45 C    (  0  0  0)     3.098     1.639     0.000
                 28 C    (  0  0  0)     4.483     2.372     0.000
                 48 C    (  0  0  0)     4.645     2.458    -0.000
                 40 C    (  0  0  0)     4.832     2.557    -0.000

 ATOM A  11 C    ATOM B     CELL      R(AB)/AU R(AB)/ANG    OVPOP(AB)
                  3 C    (  0  0  0)     2.627     1.390     0.000
                 18 C    (  0  0  0)     2.810     1.487    -0.000
                 47 C    (  0  0  0)     3.004     1.589     0.000
                 39 C    (  0  0  0)     4.446     2.353     0.000
                 24 C    (  0  0  0)     4.628     2.449     0.000
                 45 C    (  0  1  0)     4.630     2.450    -0.000

 ATOM A  12 C    ATOM B     CELL      R(AB)/AU R(AB)/ANG    OVPOP(AB)
                 17 C    (  0  0  0)     2.538     1.343     0.000
                  4 C    (  0  0  0)     2.731     1.445     0.000
                 48 C    (  0  0  0)     2.804     1.484     0.000
                 46 C    (  0  0  0)     3.987     2.110     0.000
                 38 C    (  0  0  0)     4.206     2.226    -0.000
                 25 C    (  0  0  0)     4.380     2.318     0.000

 ATOM A  13 C    ATOM B     CELL      R(AB)/AU R(AB)/ANG    OVPOP(AB)
                 23 C    (  0  0  0)     2.574     1.362     0.000
                  5 C    (  0  0 -1)     2.815     1.489     0.000
                 42 C    (  0  0  0)     2.950     1.561     0.000
                 43 C    (  0  0  0)     4.098     2.169    -0.000
                 36 C    (  0  0 -1)     4.434     2.347    -0.000
                 17 C    (  0  0  0)     4.661     2.466     0.000

 ATOM A  14 C    ATOM B     CELL      R(AB)/AU R(AB)/ANG    OVPOP(AB)
                  6 C    (  0  0 -1)     2.561     1.355     0.000
                 24 C    (  0  0  0)     2.799     1.481    -0.000
                 41 C    (  0  0  0)     2.874     1.521     0.000
                 33 C    (  0  1 -1)     4.378     2.317     0.000
                 44 C    (  1  0  0)     4.541     2.403    -0.000
                 42 C    (  0  0  0)     4.596     2.432     0.000

 ATOM A  15 C    ATOM B     CELL      R(AB)/AU R(AB)/ANG    OVPOP(AB)
                 22 C    (  0  0  0)     2.580     1.365    -0.000
                  7 C    (  0  0 -1)     2.907     1.538     0.000
                 43 C    (  1  0  0)     2.964     1.568     0.000
                 30 C    (  0  0 -1)     4.296     2.274    -0.000
                 41 C    (  0  0  0)     4.402     2.329     0.000
                 44 C    (  1 -1  0)     4.745     2.511    -0.000

 ATOM A  16 C    ATOM B     CELL      R(AB)/AU R(AB)/ANG    OVPOP(AB)
                 21 C    (  0  0  0)     2.659     1.407     0.000
                  8 C    (  0  0 -1)     2.663     1.409     0.000
                 44 C    (  0  0  0)     2.960     1.566    -0.000
                 42 C    (  0  0  0)     4.452     2.356     0.000
                 29 C    (  0  0 -1)     4.529     2.397    -0.000
                 33 C    ( -1  1 -1)     4.619     2.444     0.000

 ATOM A  17 C    ATOM B     CELL      R(AB)/AU R(AB)/ANG    OVPOP(AB)
                 12 C    (  0  0  0)     2.538     1.343     0.000
                 23 C    (  0  0  0)     2.588     1.370    -0.000
                 46 C    (  0  0  0)     2.871     1.519     0.000
                  4 C    (  0  0  0)     3.912     2.070    -0.000
                 13 C    (  0  0  0)     4.661     2.466     0.000
                  9 C    (  0 -1  0)     4.877     2.581    -0.000

 ATOM A  18 C    ATOM B     CELL      R(AB)/AU R(AB)/ANG    OVPOP(AB)
                 24 C    (  0  0  0)     2.551     1.350    -0.000
                 11 C    (  0  0  0)     2.810     1.487    -0.000
                 45 C    (  0  1  0)     2.928     1.550    -0.000
                  3 C    (  0  0  0)     4.407     2.332     0.000
                 39 C    (  0  0  0)     4.429     2.344     0.000
                 14 C    (  0  0  0)     4.654     2.463    -0.000

 ATOM A  19 C    ATOM B     CELL      R(AB)/AU R(AB)/ANG    OVPOP(AB)
                 21 C    (  0  0  0)     2.565     1.357    -0.000
                  9 C    (  0  0  0)     2.662     1.409     0.000
                 47 C    (  0  0  0)     2.809     1.486    -0.000
                 41 C    (  0  0  0)     4.408     2.332     0.000
                  1 C    (  0  0  0)     4.466     2.363     0.000
                 42 C    (  0  0  0)     4.556     2.411    -0.000

 ATOM A  20 C    ATOM B     CELL      R(AB)/AU R(AB)/ANG    OVPOP(AB)
                 10 C    (  0  0  0)     2.534     1.341    -0.000
                 22 C    (  0  0  0)     2.768     1.465     0.000
                 48 C    (  0  0  0)     3.026     1.601    -0.000
                 47 C    (  0  0  0)     4.325     2.288    -0.000
                  2 C    (  0  0  0)     4.456     2.358     0.000
                 41 C    (  0  0  0)     4.481     2.371    -0.000

 ATOM A  21 C    ATOM B     CELL      R(AB)/AU R(AB)/ANG    OVPOP(AB)
                 19 C    (  0  0  0)     2.565     1.357    -0.000
                 16 C    (  0  0  0)     2.659     1.407     0.000
                 42 C    (  0  0  0)     2.915     1.543    -0.000
                  8 C    (  0  0 -1)     4.294     2.272    -0.000
                 41 C    (  0  0  0)     4.343     2.298     0.000
                 47 C    (  0  0  0)     4.423     2.341    -0.000

 ATOM A  22 C    ATOM B     CELL      R(AB)/AU R(AB)/ANG    OVPOP(AB)
                 15 C    (  0  0  0)     2.580     1.365    -0.000
                 20 C    (  0  0  0)     2.768     1.465     0.000
                 41 C    (  0  0  0)     2.809     1.487     0.000
                 47 C    (  0  0  0)     4.497     2.380     0.000
                 48 C    (  0  0  0)     4.613     2.441    -0.000
                  7 C    (  0  0 -1)     4.786     2.533    -0.000

 ATOM A  23 C    ATOM B     CELL      R(AB)/AU R(AB)/ANG    OVPOP(AB)
                 13 C    (  0  0  0)     2.574     1.362     0.000
                 17 C    (  0  0  0)     2.588     1.370    -0.000
                 43 C    (  0  0  0)     2.812     1.488    -0.000
                  5 C    (  0  0 -1)     3.886     2.057     0.000
                 12 C    (  0  0  0)     4.541     2.403    -0.000
                 44 C    (  0 -1  0)     4.839     2.561    -0.000

 ATOM A  24 C    ATOM B     CELL      R(AB)/AU R(AB)/ANG    OVPOP(AB)
                 18 C    (  0  0  0)     2.551     1.350    -0.000
                 14 C    (  0  0  0)     2.799     1.481    -0.000
                 44 C    (  1  0  0)     2.949     1.560     0.000
                  6 C    (  0  0 -1)     4.375     2.315     0.000
                 33 C    (  0  1 -1)     4.430     2.344     0.000
                 11 C    (  0  0  0)     4.628     2.449     0.000

 ATOM A  25 C    ATOM B     CELL      R(AB)/AU R(AB)/ANG    OVPOP(AB)
                  4 C    (  0  0  0)     2.571     1.360     0.000
                 31 C    (  0  0  0)     2.881     1.525    -0.000
                 38 C    (  0  0  0)     3.118     1.650     0.000
                 12 C    (  0  0  0)     4.380     2.318     0.000
                 37 C    (  0  0  0)     4.384     2.320    -0.000
                 35 C    (  0  0  0)     4.581     2.424     0.000

 ATOM A  26 C    ATOM B     CELL      R(AB)/AU R(AB)/ANG    OVPOP(AB)
                 32 C    (  0  0  0)     2.682     1.419     0.000
                  3 C    (  0  0  0)     2.773     1.468    -0.000
                 37 C    (  0  0  0)     2.787     1.475    -0.000
                 35 C    (  0  0  0)     4.454     2.357     0.000
                 36 C    (  0  0  0)     4.597     2.432    -0.000
                 38 C    (  0  0  0)     4.700     2.487     0.000

 ATOM A  27 C    ATOM B     CELL      R(AB)/AU R(AB)/ANG    OVPOP(AB)
                 29 C    (  0  0  0)     2.568     1.359    -0.000
                  1 C    (  0  0  0)     2.613     1.383    -0.000
                 39 C    ( -1  0  0)     2.968     1.571     0.000
                 34 C    (  0  0  0)     4.104     2.172     0.000
                  9 C    (  0  0  0)     4.222     2.234    -0.000
                 40 C    ( -1  1  0)     4.288     2.269    -0.000

 ATOM A  28 C    ATOM B     CELL      R(AB)/AU R(AB)/ANG    OVPOP(AB)
                  2 C    (  0  0  0)     2.518     1.332     0.000
                 40 C    (  0  0  0)     2.615     1.384    -0.000
                 30 C    (  0  0  0)     2.704     1.431     0.000
                 34 C    (  1 -1  0)     4.227     2.237    -0.000
                 33 C    (  0  0  0)     4.465     2.363    -0.000
                 10 C    (  0  0  0)     4.483     2.372     0.000

 ATOM A  29 C    ATOM B     CELL      R(AB)/AU R(AB)/ANG    OVPOP(AB)
                 27 C    (  0  0  0)     2.568     1.359    -0.000
                 34 C    (  0  0  0)     2.626     1.390    -0.000
                  8 C    (  0  0  0)     2.646     1.400    -0.000
                 40 C    ( -1  1  0)     4.272     2.261    -0.000
                 39 C    ( -1  0  0)     4.518     2.391    -0.000
                 16 C    (  0  0  1)     4.529     2.397    -0.000

 ATOM A  30 C    ATOM B     CELL      R(AB)/AU R(AB)/ANG    OVPOP(AB)
                  7 C    (  0  0  0)     2.481     1.313     0.000
                 28 C    (  0  0  0)     2.704     1.431     0.000
                 33 C    (  0  0  0)     2.859     1.513     0.000
                 40 C    (  0  0  0)     4.181     2.212     0.000
                 34 C    (  1 -1  0)     4.244     2.246    -0.000
                 15 C    (  0  0  1)     4.296     2.274    -0.000

 ATOM A  31 C    ATOM B     CELL      R(AB)/AU R(AB)/ANG    OVPOP(AB)
                  5 C    (  0  0  0)     2.604     1.378     0.000
                 25 C    (  0  0  0)     2.881     1.525    -0.000
                 35 C    (  0  0  0)     2.893     1.531    -0.000
                 37 C    (  0  0  0)     4.620     2.445    -0.000
                 13 C    (  0  0  1)     4.689     2.481     0.000
                 36 C    (  0  0  0)     4.835     2.559    -0.000

 ATOM A  32 C    ATOM B     CELL      R(AB)/AU R(AB)/ANG    OVPOP(AB)
                 26 C    (  0  0  0)     2.682     1.419     0.000
                  6 C    (  0  0  0)     2.699     1.428    -0.000
                 36 C    (  0  0  0)     2.875     1.522    -0.000
                 35 C    (  0  0  0)     4.253     2.251     0.000
                 37 C    (  0  0  0)     4.434     2.346    -0.000
                 14 C    (  0  0  1)     4.729     2.503    -0.000

 ATOM A  33 C    ATOM B     CELL      R(AB)/AU R(AB)/ANG    OVPOP(AB)
                 34 C    (  1 -1  0)     2.664     1.410     0.000
                  6 C    (  0 -1  0)     2.792     1.477     0.000
                 44 C    (  1 -1  1)     2.806     1.485    -0.000
                 30 C    (  0  0  0)     2.859     1.513     0.000
                 40 C    (  0  0  0)     4.165     2.204    -0.000
                 43 C    (  1  0  1)     4.333     2.293    -0.000

 ATOM A  34 C    ATOM B     CELL      R(AB)/AU R(AB)/ANG    OVPOP(AB)
                 40 C    ( -1  1  0)     2.452     1.298     0.000
                 29 C    (  0  0  0)     2.626     1.390    -0.000
                 33 C    ( -1  1  0)     2.664     1.410     0.000
                 27 C    (  0  0  0)     4.104     2.172     0.000
                 39 C    ( -1  0  0)     4.213     2.230     0.000
                 28 C    ( -1  1  0)     4.227     2.237    -0.000

 ATOM A  35 C    ATOM B     CELL      R(AB)/AU R(AB)/ANG    OVPOP(AB)
                 36 C    (  0  0  0)     2.872     1.520     0.000
                 31 C    (  0  0  0)     2.893     1.531    -0.000
                 37 C    (  0  0  0)     2.946     1.559    -0.000
                  7 C    (  0  0  0)     3.324     1.759    -0.000
                 32 C    (  0  0  0)     4.253     2.251     0.000
                  5 C    (  0  0  0)     4.364     2.309    -0.000

 ATOM A  36 C    ATOM B     CELL      R(AB)/AU R(AB)/ANG    OVPOP(AB)
                 35 C    (  0  0  0)     2.872     1.520     0.000
                 32 C    (  0  0  0)     2.875     1.522    -0.000
                  8 C    (  0  0  0)     2.912     1.541     0.000
                 42 C    (  0  0  1)     2.947     1.560    -0.000
                 13 C    (  0  0  1)     4.434     2.347    -0.000
                  6 C    (  0  0  0)     4.457     2.359     0.000

 ATOM A  37 C    ATOM B     CELL      R(AB)/AU R(AB)/ANG    OVPOP(AB)
                 26 C    (  0  0  0)     2.787     1.475    -0.000
                 38 C    (  0  0  0)     2.881     1.524    -0.000
                 35 C    (  0  0  0)     2.946     1.559    -0.000
                  2 C    (  0  0  0)     3.040     1.609     0.000
                 25 C    (  0  0  0)     4.384     2.320    -0.000
                 32 C    (  0  0  0)     4.434     2.346    -0.000

 ATOM A  38 C    ATOM B     CELL      R(AB)/AU R(AB)/ANG    OVPOP(AB)
                 37 C    (  0  0  0)     2.881     1.524    -0.000
                 48 C    (  0  0  0)     2.978     1.576     0.000
                  1 C    (  0  0  0)     3.023     1.600     0.000
                 25 C    (  0  0  0)     3.118     1.650     0.000
                 12 C    (  0  0  0)     4.206     2.226    -0.000
                  4 C    (  0  0  0)     4.403     2.330    -0.000

 ATOM A  39 C    ATOM B     CELL      R(AB)/AU R(AB)/ANG    OVPOP(AB)
                 40 C    (  0  1  0)     2.642     1.398    -0.000
                  3 C    (  0  0  0)     2.833     1.499    -0.000
                 45 C    (  0  1  0)     2.865     1.516     0.000
                 27 C    (  1  0  0)     2.968     1.571     0.000
                 34 C    (  1  0  0)     4.213     2.230     0.000
                 46 C    (  1  1  0)     4.372     2.313    -0.000

 ATOM A  40 C    ATOM B     CELL      R(AB)/AU R(AB)/ANG    OVPOP(AB)
                 34 C    (  1 -1  0)     2.452     1.298     0.000
                 28 C    (  0  0  0)     2.615     1.384    -0.000
                 39 C    (  0 -1  0)     2.642     1.398    -0.000
                 33 C    (  0  0  0)     4.165     2.204    -0.000
                 30 C    (  0  0  0)     4.181     2.212     0.000
                 29 C    (  1 -1  0)     4.272     2.261    -0.000

 ATOM A  41 C    ATOM B     CELL      R(AB)/AU R(AB)/ANG    OVPOP(AB)
                 22 C    (  0  0  0)     2.809     1.487     0.000
                 14 C    (  0  0  0)     2.874     1.521     0.000
                 47 C    (  0  0  0)     2.895     1.532    -0.000
                 42 C    (  0  0  0)     2.936     1.554     0.000
                 21 C    (  0  0  0)     4.343     2.298     0.000
                 15 C    (  0  0  0)     4.402     2.329     0.000

 ATOM A  42 C    ATOM B     CELL      R(AB)/AU R(AB)/ANG    OVPOP(AB)
                 21 C    (  0  0  0)     2.915     1.543    -0.000
                 41 C    (  0  0  0)     2.936     1.554     0.000
                 36 C    (  0  0 -1)     2.947     1.560    -0.000
                 13 C    (  0  0  0)     2.950     1.561     0.000
                  8 C    (  0  0 -1)     4.317     2.284    -0.000
                 16 C    (  0  0  0)     4.452     2.356     0.000

 ATOM A  43 C    ATOM B     CELL      R(AB)/AU R(AB)/ANG    OVPOP(AB)
                 23 C    (  0  0  0)     2.812     1.488    -0.000
                 44 C    (  0 -1  0)     2.879     1.523    -0.000
                 15 C    ( -1  0  0)     2.964     1.568     0.000
                  5 C    (  0  0 -1)     3.192     1.689    -0.000
                 13 C    (  0  0  0)     4.098     2.169    -0.000
                 33 C    ( -1  0 -1)     4.333     2.293    -0.000

 ATOM A  44 C    ATOM B     CELL      R(AB)/AU R(AB)/ANG    OVPOP(AB)
                 33 C    ( -1  1 -1)     2.806     1.485    -0.000
                 43 C    (  0  1  0)     2.879     1.523    -0.000
                 24 C    ( -1  0  0)     2.949     1.560     0.000
                 16 C    (  0  0  0)     2.960     1.566    -0.000
                  6 C    ( -1  0 -1)     4.490     2.376    -0.000
                 34 C    (  0  0 -1)     4.528     2.396     0.000

 ATOM A  45 C    ATOM B     CELL      R(AB)/AU R(AB)/ANG    OVPOP(AB)
                 46 C    (  1  0  0)     2.858     1.512     0.000
                 39 C    (  0 -1  0)     2.865     1.516     0.000
                 18 C    (  0 -1  0)     2.928     1.550    -0.000
                 10 C    (  0  0  0)     3.098     1.639     0.000
                 40 C    (  0  0  0)     4.450     2.355     0.000
                  3 C    (  0 -1  0)     4.593     2.431    -0.000

 ATOM A  46 C    ATOM B     CELL      R(AB)/AU R(AB)/ANG    OVPOP(AB)
                 45 C    ( -1  0  0)     2.858     1.512     0.000
                 17 C    (  0  0  0)     2.871     1.519     0.000
                  9 C    (  0 -1  0)     2.949     1.560     0.000
                  4 C    (  0  0  0)     3.110     1.646     0.000
                 12 C    (  0  0  0)     3.987     2.110     0.000
                 39 C    ( -1 -1  0)     4.372     2.313    -0.000

 ATOM A  47 C    ATOM B     CELL      R(AB)/AU R(AB)/ANG    OVPOP(AB)
                 19 C    (  0  0  0)     2.809     1.486    -0.000
                 48 C    (  0  0  0)     2.867     1.517    -0.000
                 41 C    (  0  0  0)     2.895     1.532    -0.000
                 11 C    (  0  0  0)     3.004     1.589     0.000
                 20 C    (  0  0  0)     4.325     2.288    -0.000
                  9 C    (  0  0  0)     4.418     2.338     0.000

 ATOM A  48 C    ATOM B     CELL      R(AB)/AU R(AB)/ANG    OVPOP(AB)
                 12 C    (  0  0  0)     2.804     1.484     0.000
                 47 C    (  0  0  0)     2.867     1.517    -0.000
                 38 C    (  0  0  0)     2.978     1.576     0.000
                 20 C    (  0  0  0)     3.026     1.601    -0.000
                 41 C    (  0  0  0)     4.569     2.418     0.000
                 22 C    (  0  0  0)     4.613     2.441    -0.000
 EIGENVECTORS IN FORTRAN UNIT 10
 TTTTTTTTTTTTTTTTTTTTTTTTTTTTTT END         TELAPSE     7818.41 TCPU     7790.97
 EEEEEEEEEE TERMINATION  DATE 30 01 2026 TIME 20:53:39.9
NODE    0 CPU TIME =      7790.971
NODE    1 CPU TIME =      7802.274
NODE    2 CPU TIME =      7788.523
NODE    3 CPU TIME =      7805.055
NODE    4 CPU TIME =      7789.495
NODE    5 CPU TIME =      7807.972
NODE    6 CPU TIME =      7793.483
NODE    7 CPU TIME =      7794.817
NODE    8 CPU TIME =      7795.229
NODE    9 CPU TIME =      7792.453
NODE   10 CPU TIME =      7796.827
NODE   11 CPU TIME =      7801.596
NODE   12 CPU TIME =      7795.851
NODE   13 CPU TIME =      7801.379
NODE   14 CPU TIME =      7808.649
NODE   15 CPU TIME =      7796.309
NODE   16 CPU TIME =      7805.006
NODE   17 CPU TIME =      7795.112
NODE   18 CPU TIME =      7793.833
NODE   19 CPU TIME =      7804.490
NODE   20 CPU TIME =      7802.309
NODE   21 CPU TIME =      7792.978
NODE   22 CPU TIME =      7793.986
NODE   23 CPU TIME =      7790.245
NODE   24 CPU TIME =      7808.377
NODE   25 CPU TIME =      7804.660
NODE   26 CPU TIME =      7792.844
NODE   27 CPU TIME =      7804.424
NODE   28 CPU TIME =      7803.000
NODE   29 CPU TIME =      7793.178
NODE   30 CPU TIME =      7791.516
NODE   31 CPU TIME =      7798.307
    TOTAL CPU TIME =    249535.148
