MPI startup(): Warning: I_MPI_PMI_LIBRARY will be ignored since the hydra process manager was found
MPI startup(): Warning: I_MPI_PMI_LIBRARY will be ignored since the hydra process manager was found
MPI startup(): Warning: I_MPI_PMI_LIBRARY will be ignored since the hydra process manager was found
MPI startup(): Warning: I_MPI_PMI_LIBRARY will be ignored since the hydra process manager was found
MPI startup(): Warning: I_MPI_PMI_LIBRARY will be ignored since the hydra process manager was found
MPI startup(): Warning: I_MPI_PMI_LIBRARY will be ignored since the hydra process manager was found
MPI startup(): Warning: I_MPI_PMI_LIBRARY will be ignored since the hydra process manager was found
MPI startup(): Warning: I_MPI_PMI_LIBRARY will be ignored since the hydra process manager was found
MPI startup(): Warning: I_MPI_PMI_LIBRARY will be ignored since the hydra process manager was found
MPI startup(): Warning: I_MPI_PMI_LIBRARY will be ignored since the hydra process manager was found
MPI startup(): Warning: I_MPI_PMI_LIBRARY will be ignored since the hydra process manager was found
MPI startup(): Warning: I_MPI_PMI_LIBRARY will be ignored since the hydra process manager was found
MPI startup(): Warning: I_MPI_PMI_LIBRARY will be ignored since the hydra process manager was found
MPI startup(): Warning: I_MPI_PMI_LIBRARY will be ignored since the hydra process manager was found
MPI startup(): Warning: I_MPI_PMI_LIBRARY will be ignored since the hydra process manager was found
MPI startup(): Warning: I_MPI_PMI_LIBRARY will be ignored since the hydra process manager was found
MPI startup(): Warning: I_MPI_PMI_LIBRARY will be ignored since the hydra process manager was found
MPI startup(): Warning: I_MPI_PMI_LIBRARY will be ignored since the hydra process manager was found
MPI startup(): Warning: I_MPI_PMI_LIBRARY will be ignored since the hydra process manager was found
MPI startup(): Warning: I_MPI_PMI_LIBRARY will be ignored since the hydra process manager was found
MPI startup(): Warning: I_MPI_PMI_LIBRARY will be ignored since the hydra process manager was found
MPI startup(): Warning: I_MPI_PMI_LIBRARY will be ignored since the hydra process manager was found
MPI startup(): Warning: I_MPI_PMI_LIBRARY will be ignored since the hydra process manager was found
MPI startup(): Warning: I_MPI_PMI_LIBRARY will be ignored since the hydra process manager was found
MPI startup(): Warning: I_MPI_PMI_LIBRARY will be ignored since the hydra process manager was found
MPI startup(): Warning: I_MPI_PMI_LIBRARY will be ignored since the hydra process manager was found
MPI startup(): Warning: I_MPI_PMI_LIBRARY will be ignored since the hydra process manager was found
MPI startup(): Warning: I_MPI_PMI_LIBRARY will be ignored since the hydra process manager was found
MPI startup(): Warning: I_MPI_PMI_LIBRARY will be ignored since the hydra process manager was found
MPI startup(): Warning: I_MPI_PMI_LIBRARY will be ignored since the hydra process manager was found
MPI startup(): Warning: I_MPI_PMI_LIBRARY will be ignored since the hydra process manager was found
MPI startup(): Warning: I_MPI_PMI_LIBRARY will be ignored since the hydra process manager was found
 PROCESS            2  OF           32  WORKING
 PROCESS            4  OF           32  WORKING
 PROCESS           15  OF           32  WORKING
 PROCESS            8  OF           32  WORKING
 PROCESS           16  OF           32  WORKING
 PROCESS           17  OF           32  WORKING
 PROCESS           20  OF           32  WORKING
 PROCESS           26  OF           32  WORKING
 PROCESS            7  OF           32  WORKING
 PROCESS           10  OF           32  WORKING
 PROCESS           28  OF           32  WORKING
 PROCESS           23  OF           32  WORKING
 PROCESS           31  OF           32  WORKING
 PROCESS            6  OF           32  WORKING
 PROCESS           13  OF           32  WORKING
 PROCESS            5  OF           32  WORKING
 PROCESS           14  OF           32  WORKING
 PROCESS           24  OF           32  WORKING
 PROCESS            3  OF           32  WORKING
 PROCESS           11  OF           32  WORKING
 PROCESS           22  OF           32  WORKING
 PROCESS           21  OF           32  WORKING
 PROCESS            1  OF           32  WORKING
 PROCESS           12  OF           32  WORKING
 PROCESS            0  OF           32  WORKING
 PROCESS           25  OF           32  WORKING
 PROCESS           18  OF           32  WORKING

         
 *******************************************************************************
 *                                                                             *
 *                               CRYSTAL23                                     *
 *                      public : 1.0.1 - October 2022                          *
 PROCESS           19  OF           32  WORKING
 *                       HTTP://WWW.CRYSTAL.UNITO.IT                           *
 *                                                                             *
 *                              MAIN AUTHORS                                   *
 *                                                                             *
 *  R. DOVESI(1,11), V.R. SAUNDERS(2), C. ROETTI(1,11), R. ORLANDO(1,11),      *
 *  C.M. ZICOVICH-WILSON(1,3), F. PASCALE(4), B. CIVALLERI(1,11),              *
 *  K. DOLL(5), N.M. HARRISON(6), I.J. BUSH(7), Ph. D'ARCO(8),                 *
 *  M. LLUNELL(9), M. CAUSA'(10), Y. NOEL(8), L. MASCHIO(1,11), A. ERBA(1,11)  *
 *  M. RE'RAT(14), S. CASASSA(1,11), B.G. SEARLE(2), J.K. DESMARAIS(1)         *
 *                                                                             *
 *        CONTRIBUTIONS TO THE CODE HAVE ALSO BEEN GIVEN BY                    *
 *                                                                             *
 *  M. FERRABONE(1,11), M. DE LA PIERRE(1,11), M. FERRERO(1,11),               *
 *  J. BAIMA(1,11), E. ALBANESE(1,11), M.F. PEINTINGER(12), R. BAST(13),       *
 *  B. KIRTMAN(15), V. LACIVITA(1,11), R. DEMICHELIS(1,16)                     *
 *  G. BRANDEBURG(17), S. SALUSTRO(1,11), G. SANSONE(1,11)                     *
 *  M.T. RUGGIERO(18), L.E. DAGA(1), L. DONA'(1), A. COSSARD(1)                *
 *                                                                             *
 * (1) THEORETICAL CHEMISTRY GROUP - UNIVERSITA' DI TORINO - TORINO (ITALY)    *
 * (2) SCIENTIFIC COMPUTING DEPARTMENT - STFC DARESBURY (UK)                   *
 * (3) UNIVERSIDAD AUTONOMA DEL ESTADO DE MORELOS - CUERNAVACA (MEXICO)        *
 * (4) UNIVERSITE' DE LORRAINE - NANCY (FRANCE)                                *
 * (5) UNIVERSITAET STUTTGART- STUTTGART (GERMANY)                             *
 * (6) IMPERIAL COLLEGE - LONDON (UK)                                          *
 * (7) SCIENTIFIC COMPUTING DEPARTMENT - STFC RAL (UK)                         *
 * (8) UPMC - SORBONNE UNIVERSITES - PARIS (FRANCE)                            *
 * (9) UNIVERSIDAD DE BARCELONA - BARCELONA (SPAIN)                            *
 *(10) UNIVERSITA' DI NAPOLI "FEDERICO II" - NAPOLI (ITALY)                    *
 *(11) NIS - NANOSTRUCTURED INTERFACES AND SURFACES - TORINO (ITALY)           *
 *(12) MPI FUER CHEMISCHE ENERGIEKONVERSION - MUELHEIM AN DER RUHR (GERMANY)   *
 *(13) UNIVERSITY OF TROMSO - TROMSO (NORWAY)                                  *
 *(14) UNIVERSITE' DE PAU ET DES PAYS DE L'ADOUR - PAU (FRANCE)                *
 *(15) UNIVERSITY OF CALIFORNIA SANTA BARBARA - SANTA BARBARA (USA)            *
 *(16) CURTIN UNIVERSITY - PERTH (AUSTRALIA)                                   *
 *(17) UNIVERSITY COLLEGE LONDON - LONDON (UK)                                 *
 *(18) UNIVERSITY OF VERMONT - BURLINGTON (USA)                                *
 *                                                                             *
 *******************************************************************************
 EEEEEEEEEE STARTING  DATE 24 01 2026 TIME 21:04:07.4
 ./3^3T56-CA_BULK_OPTGEOM_TZ_opt_B3LYP-D3-D3_optimized_rev1_sp_B3LYP-D3-D3_optimi
 PROCESS           27  OF           32  WORKING
 PROCESS           30  OF           32  WORKING
 PROCESS           29  OF           32  WORKING
 PROCESS            9  OF           32  WORKING

 CRYSTAL CALCULATION
 (INPUT ACCORDING TO THE INTERNATIONAL TABLES FOR X-RAY CRYSTALLOGRAPHY)
 CRYSTAL FAMILY                       :  CUBIC       
 CRYSTAL CLASS  (GROTH - 1921)        :  CUBIC DYAKISDODECAHEDRAL             

 SPACE GROUP (CENTROSYMMETRIC)        :  I M 3           

 LATTICE PARAMETERS  (ANGSTROMS AND DEGREES) - CONVENTIONAL CELL
        A           B           C        ALPHA        BETA       GAMMA
    10.53544    10.53544    10.53544    90.00000    90.00000    90.00000


 NUMBER OF IRREDUCIBLE ATOMS IN THE CONVENTIONAL CELL:    3

 INPUT COORDINATES

 ATOM AT. N.              COORDINATES
   1   6    -7.097515060793E-02  3.731034416176E-01  1.213306078513E-01
   2   6    -3.428657043243E-01 -2.044969931990E-01  1.624417059509E-01
   3   6     4.360096093710E-01 -5.531042025286E-18  1.122533886673E-01

 *******************************************************************************

 << INFORMATION >>: FROM NOW ON, ALL COORDINATES REFER TO THE PRIMITIVE CELL

 *******************************************************************************

 LATTICE PARAMETERS  (ANGSTROMS AND DEGREES) - PRIMITIVE CELL
       A          B          C        ALPHA      BETA     GAMMA        VOLUME
    9.12396    9.12396    9.12396   109.47122 109.47122 109.47122    584.692773

 COORDINATES OF THE EQUIVALENT ATOMS (FRACTIONAL UNITS)

 N. ATOM EQUIV AT. N.          X                  Y                  Z

   1   1   1    6 C     4.94434049469E-01  5.03554572434E-02  3.02128291010E-01
   2   1   2    6 C    -2.51772833766E-01  1.92305758459E-01 -3.02128291010E-01
   3   1   3    6 C    -4.94434049469E-01 -1.92305758459E-01 -4.44078592226E-01
   4   1   4    6 C     2.51772833766E-01 -5.03554572434E-02  4.44078592226E-01
   5   1   5    6 C     3.02128291010E-01  4.94434049469E-01  5.03554572434E-02
   6   1   6    6 C     5.03554572434E-02  3.02128291010E-01  4.94434049469E-01
   7   1   7    6 C     4.44078592226E-01  2.51772833766E-01 -5.03554572434E-02
   8   1   8    6 C     1.92305758459E-01 -3.02128291010E-01 -2.51772833766E-01
   9   1   9    6 C    -3.02128291010E-01 -2.51772833766E-01  1.92305758459E-01
  10   1  10    6 C    -1.92305758459E-01 -4.44078592226E-01 -4.94434049469E-01
  11   1  11    6 C    -4.44078592226E-01 -4.94434049469E-01 -1.92305758459E-01
  12   1  12    6 C    -5.03554572434E-02  4.44078592226E-01  2.51772833766E-01
  13   1  13    6 C    -4.94434049469E-01 -5.03554572434E-02 -3.02128291010E-01
  14   1  14    6 C     2.51772833766E-01 -1.92305758459E-01  3.02128291010E-01
  15   1  15    6 C     4.94434049469E-01  1.92305758459E-01  4.44078592226E-01
  16   1  16    6 C    -2.51772833766E-01  5.03554572434E-02 -4.44078592226E-01
  17   1  17    6 C    -3.02128291010E-01 -4.94434049469E-01 -5.03554572434E-02
  18   1  18    6 C    -5.03554572434E-02 -3.02128291010E-01 -4.94434049469E-01
  19   1  19    6 C    -4.44078592226E-01 -2.51772833766E-01  5.03554572434E-02
  20   1  20    6 C    -1.92305758459E-01  3.02128291010E-01  2.51772833766E-01
  21   1  21    6 C     3.02128291010E-01  2.51772833766E-01 -1.92305758459E-01
  22   1  22    6 C     1.92305758459E-01  4.44078592226E-01  4.94434049469E-01
  23   1  23    6 C     4.44078592226E-01  4.94434049469E-01  1.92305758459E-01
  24   1  24    6 C     5.03554572434E-02 -4.44078592226E-01 -2.51772833766E-01

  25   2   1    6 C    -4.20552872481E-02 -1.80423998373E-01  4.52637302477E-01
  26   2   2    6 C     3.66938699150E-01 -4.94692589725E-01 -4.52637302477E-01
  27   2   3    6 C     4.20552872481E-02  4.94692589725E-01 -1.38368711125E-01
  28   2   4    6 C    -3.66938699150E-01  1.80423998373E-01  1.38368711125E-01
  29   2   5    6 C     4.52637302477E-01 -4.20552872481E-02 -1.80423998373E-01
  30   2   6    6 C    -1.80423998373E-01  4.52637302477E-01 -4.20552872481E-02
  31   2   7    6 C     1.38368711125E-01 -3.66938699150E-01  1.80423998373E-01
  32   2   8    6 C    -4.94692589725E-01 -4.52637302477E-01  3.66938699150E-01
  33   2   9    6 C    -4.52637302477E-01  3.66938699150E-01 -4.94692589725E-01
  34   2  10    6 C     4.94692589725E-01 -1.38368711125E-01  4.20552872481E-02
  35   2  11    6 C    -1.38368711125E-01  4.20552872481E-02  4.94692589725E-01
  36   2  12    6 C     1.80423998373E-01  1.38368711125E-01 -3.66938699150E-01
  37   2  13    6 C     4.20552872481E-02  1.80423998373E-01 -4.52637302477E-01
  38   2  14    6 C    -3.66938699150E-01  4.94692589725E-01  4.52637302477E-01
  39   2  15    6 C    -4.20552872481E-02 -4.94692589725E-01  1.38368711125E-01
  40   2  16    6 C     3.66938699150E-01 -1.80423998373E-01 -1.38368711125E-01
  41   2  17    6 C    -4.52637302477E-01  4.20552872481E-02  1.80423998373E-01
  42   2  18    6 C     1.80423998373E-01 -4.52637302477E-01  4.20552872481E-02
  43   2  19    6 C    -1.38368711125E-01  3.66938699150E-01 -1.80423998373E-01
  44   2  20    6 C     4.94692589725E-01  4.52637302477E-01 -3.66938699150E-01
  45   2  21    6 C     4.52637302477E-01 -3.66938699150E-01  4.94692589725E-01
  46   2  22    6 C    -4.94692589725E-01  1.38368711125E-01 -4.20552872481E-02
  47   2  23    6 C     1.38368711125E-01 -4.20552872481E-02 -4.94692589725E-01
  48   2  24    6 C    -1.80423998373E-01 -1.38368711125E-01  3.66938699150E-01

  49   3   1    6 C     1.12253388667E-01 -4.51737001962E-01  4.36009609371E-01
  50   3   2    6 C     1.12253388667E-01 -3.23756220704E-01 -4.36009609371E-01
  51   3   3    6 C    -1.12253388667E-01  3.23756220704E-01  4.36009609371E-01
  52   3   4    6 C    -1.12253388667E-01  4.51737001962E-01 -4.36009609371E-01
  53   3   5    6 C     4.36009609371E-01  1.12253388667E-01 -4.51737001962E-01
  54   3   6    6 C    -4.51737001962E-01  4.36009609371E-01  1.12253388667E-01
  55   3   7    6 C    -4.36009609371E-01 -1.12253388667E-01  4.51737001962E-01
  56   3   8    6 C    -3.23756220704E-01 -4.36009609371E-01  1.12253388667E-01
  57   3   9    6 C    -4.36009609371E-01  1.12253388667E-01 -3.23756220704E-01
  58   3  10    6 C     3.23756220704E-01  4.36009609371E-01 -1.12253388667E-01
  59   3  11    6 C     4.36009609371E-01 -1.12253388667E-01  3.23756220704E-01
  60   3  12    6 C     4.51737001962E-01 -4.36009609371E-01 -1.12253388667E-01

 NUMBER OF SYMMETRY OPERATORS         :   24
 *******************************************************************************
 * GEOMETRY EDITING - INPUT COORDINATES ARE GIVEN IN ANGSTROM         
 *******************************************************************************

 GEOMETRY NOW FULLY CONSISTENT WITH THE GROUP

 GCALCO - MAX INDICES DIRECT LATTICE VECTOR    14    14    14
 NO.OF VECTORS CREATED 6999 STARS  122 RMAX   187.82199 BOHR

 GEOMETRY FOR WAVE FUNCTION - DIMENSIONALITY OF THE SYSTEM    3
 (NON PERIODIC DIRECTION: LATTICE PARAMETER FORMALLY SET TO 500)
 *******************************************************************************
 LATTICE PARAMETERS (ANGSTROMS AND DEGREES) - BOHR = 0.5291772083 ANGSTROM
 PRIMITIVE CELL - CENTRING CODE 6/0 VOLUME=   584.692773 - DENSITY  2.045 g/cm^3
         A              B              C           ALPHA      BETA       GAMMA 
     9.12395649     9.12395649     9.12395649   109.471221 109.471221 109.471221
 *******************************************************************************
 ATOMS IN THE ASYMMETRIC UNIT    3 - ATOMS IN THE UNIT CELL:   60
     ATOM                 X/A                 Y/B                 Z/C    
 *******************************************************************************
      1 T   6 C     4.944340494689E-01  5.035545724337E-02  3.021282910097E-01
      2 F   6 C    -2.517728337663E-01  1.923057584592E-01 -3.021282910097E-01
      3 F   6 C    -4.944340494689E-01 -1.923057584592E-01 -4.440785922255E-01
      4 F   6 C     2.517728337663E-01 -5.035545724337E-02  4.440785922255E-01
      5 F   6 C     3.021282910097E-01  4.944340494689E-01  5.035545724337E-02
      6 F   6 C     5.035545724337E-02  3.021282910097E-01  4.944340494689E-01
      7 F   6 C     4.440785922255E-01  2.517728337663E-01 -5.035545724337E-02
      8 F   6 C     1.923057584592E-01 -3.021282910097E-01 -2.517728337663E-01
      9 F   6 C    -3.021282910097E-01 -2.517728337663E-01  1.923057584592E-01
     10 F   6 C    -1.923057584592E-01 -4.440785922255E-01 -4.944340494689E-01
     11 F   6 C    -4.440785922255E-01 -4.944340494689E-01 -1.923057584592E-01
     12 F   6 C    -5.035545724337E-02  4.440785922255E-01  2.517728337663E-01
     13 F   6 C    -4.944340494689E-01 -5.035545724337E-02 -3.021282910097E-01
     14 F   6 C     2.517728337663E-01 -1.923057584592E-01  3.021282910097E-01
     15 F   6 C     4.944340494689E-01  1.923057584592E-01  4.440785922255E-01
     16 F   6 C    -2.517728337663E-01  5.035545724337E-02 -4.440785922255E-01
     17 F   6 C    -3.021282910097E-01 -4.944340494689E-01 -5.035545724337E-02
     18 F   6 C    -5.035545724337E-02 -3.021282910097E-01 -4.944340494689E-01
     19 F   6 C    -4.440785922255E-01 -2.517728337663E-01  5.035545724337E-02
     20 F   6 C    -1.923057584592E-01  3.021282910097E-01  2.517728337663E-01
     21 F   6 C     3.021282910097E-01  2.517728337663E-01 -1.923057584592E-01
     22 F   6 C     1.923057584592E-01  4.440785922255E-01  4.944340494689E-01
     23 F   6 C     4.440785922255E-01  4.944340494689E-01  1.923057584592E-01
     24 F   6 C     5.035545724337E-02 -4.440785922255E-01 -2.517728337663E-01
     25 T   6 C    -4.205528724810E-02 -1.804239983734E-01  4.526373024767E-01
     26 F   6 C     3.669386991499E-01 -4.946925897248E-01 -4.526373024767E-01
     27 F   6 C     4.205528724810E-02  4.946925897248E-01 -1.383687111253E-01
     28 F   6 C    -3.669386991499E-01  1.804239983734E-01  1.383687111253E-01
     29 F   6 C     4.526373024767E-01 -4.205528724810E-02 -1.804239983734E-01
     30 F   6 C    -1.804239983734E-01  4.526373024767E-01 -4.205528724810E-02
     31 F   6 C     1.383687111253E-01 -3.669386991499E-01  1.804239983734E-01
     32 F   6 C    -4.946925897248E-01 -4.526373024767E-01  3.669386991499E-01
     33 F   6 C    -4.526373024767E-01  3.669386991499E-01 -4.946925897248E-01
     34 F   6 C     4.946925897248E-01 -1.383687111253E-01  4.205528724810E-02
     35 F   6 C    -1.383687111253E-01  4.205528724810E-02  4.946925897248E-01
     36 F   6 C     1.804239983734E-01  1.383687111253E-01 -3.669386991499E-01
     37 F   6 C     4.205528724810E-02  1.804239983734E-01 -4.526373024767E-01
     38 F   6 C    -3.669386991499E-01  4.946925897248E-01  4.526373024767E-01
     39 F   6 C    -4.205528724810E-02 -4.946925897248E-01  1.383687111253E-01
     40 F   6 C     3.669386991499E-01 -1.804239983734E-01 -1.383687111253E-01
     41 F   6 C    -4.526373024767E-01  4.205528724810E-02  1.804239983734E-01
     42 F   6 C     1.804239983734E-01 -4.526373024767E-01  4.205528724810E-02
     43 F   6 C    -1.383687111253E-01  3.669386991499E-01 -1.804239983734E-01
     44 F   6 C     4.946925897248E-01  4.526373024767E-01 -3.669386991499E-01
     45 F   6 C     4.526373024767E-01 -3.669386991499E-01  4.946925897248E-01
     46 F   6 C    -4.946925897248E-01  1.383687111253E-01 -4.205528724810E-02
     47 F   6 C     1.383687111253E-01 -4.205528724810E-02 -4.946925897248E-01
     48 F   6 C    -1.804239983734E-01 -1.383687111253E-01  3.669386991499E-01
     49 T   6 C     1.122533886673E-01 -4.517370019617E-01  4.360096093710E-01
     50 F   6 C     1.122533886673E-01 -3.237562207037E-01 -4.360096093710E-01
     51 F   6 C    -1.122533886673E-01  3.237562207037E-01  4.360096093710E-01
     52 F   6 C    -1.122533886673E-01  4.517370019617E-01 -4.360096093710E-01
     53 F   6 C     4.360096093710E-01  1.122533886673E-01 -4.517370019617E-01
     54 F   6 C    -4.517370019617E-01  4.360096093710E-01  1.122533886673E-01
     55 F   6 C    -4.360096093710E-01 -1.122533886673E-01  4.517370019617E-01
     56 F   6 C    -3.237562207037E-01 -4.360096093710E-01  1.122533886673E-01
     57 F   6 C    -4.360096093710E-01  1.122533886673E-01 -3.237562207037E-01
     58 F   6 C     3.237562207037E-01  4.360096093710E-01 -1.122533886673E-01
     59 F   6 C     4.360096093710E-01 -1.122533886673E-01  3.237562207037E-01
     60 F   6 C     4.517370019617E-01 -4.360096093710E-01 -1.122533886673E-01

 TRANSFORMATION MATRIX PRIMITIVE-CRYSTALLOGRAPHIC CELL
  0.0000  1.0000  1.0000  1.0000  0.0000  1.0000  1.0000  1.0000  0.0000

 *******************************************************************************
 CRYSTALLOGRAPHIC CELL (VOLUME=       1169.38554586)
         A              B              C           ALPHA      BETA       GAMMA 
    10.53543747    10.53543747    10.53543747    90.000000  90.000000  90.000000

 COORDINATES IN THE CRYSTALLOGRAPHIC CELL
     ATOM                 X/A                 Y/B                 Z/C    
 *******************************************************************************
      1 T   6 C    -7.097515060793E-02  3.731034416176E-01  1.213306078513E-01
      2 F   6 C     7.097515060793E-02 -3.731034416176E-01  1.213306078513E-01
      3 F   6 C    -7.097515060793E-02 -3.731034416176E-01 -1.213306078513E-01
      4 F   6 C     7.097515060793E-02  3.731034416176E-01 -1.213306078513E-01
      5 F   6 C     1.213306078513E-01 -7.097515060793E-02  3.731034416176E-01
      6 F   6 C     3.731034416176E-01  1.213306078513E-01 -7.097515060793E-02
      7 F   6 C    -1.213306078513E-01  7.097515060793E-02  3.731034416176E-01
      8 F   6 C    -3.731034416176E-01  1.213306078513E-01  7.097515060793E-02
      9 F   6 C     1.213306078513E-01  7.097515060793E-02 -3.731034416176E-01
     10 F   6 C    -3.731034416176E-01 -1.213306078513E-01 -7.097515060793E-02
     11 F   6 C    -1.213306078513E-01 -7.097515060793E-02 -3.731034416176E-01
     12 F   6 C     3.731034416176E-01 -1.213306078513E-01  7.097515060793E-02
     13 F   6 C     7.097515060793E-02 -3.731034416176E-01 -1.213306078513E-01
     14 F   6 C    -7.097515060793E-02  3.731034416176E-01 -1.213306078513E-01
     15 F   6 C     7.097515060793E-02  3.731034416176E-01  1.213306078513E-01
     16 F   6 C    -7.097515060793E-02 -3.731034416176E-01  1.213306078513E-01
     17 F   6 C    -1.213306078513E-01  7.097515060793E-02 -3.731034416176E-01
     18 F   6 C    -3.731034416176E-01 -1.213306078513E-01  7.097515060793E-02
     19 F   6 C     1.213306078513E-01 -7.097515060793E-02 -3.731034416176E-01
     20 F   6 C     3.731034416176E-01 -1.213306078513E-01 -7.097515060793E-02
     21 F   6 C    -1.213306078513E-01 -7.097515060793E-02  3.731034416176E-01
     22 F   6 C     3.731034416176E-01  1.213306078513E-01  7.097515060793E-02
     23 F   6 C     1.213306078513E-01  7.097515060793E-02  3.731034416176E-01
     24 F   6 C    -3.731034416176E-01  1.213306078513E-01 -7.097515060793E-02
     25 T   6 C    -3.428657043243E-01 -2.044969931990E-01  1.624417059509E-01
     26 F   6 C     3.428657043243E-01  2.044969931990E-01  1.624417059509E-01
     27 F   6 C    -3.428657043243E-01  2.044969931990E-01 -1.624417059509E-01
     28 F   6 C     3.428657043243E-01 -2.044969931990E-01 -1.624417059509E-01
     29 F   6 C     1.624417059509E-01 -3.428657043243E-01 -2.044969931990E-01
     30 F   6 C    -2.044969931990E-01  1.624417059509E-01 -3.428657043243E-01
     31 F   6 C    -1.624417059509E-01  3.428657043243E-01 -2.044969931990E-01
     32 F   6 C     2.044969931990E-01  1.624417059509E-01  3.428657043243E-01
     33 F   6 C     1.624417059509E-01  3.428657043243E-01  2.044969931990E-01
     34 F   6 C     2.044969931990E-01 -1.624417059509E-01 -3.428657043243E-01
     35 F   6 C    -1.624417059509E-01 -3.428657043243E-01  2.044969931990E-01
     36 F   6 C    -2.044969931990E-01 -1.624417059509E-01  3.428657043243E-01
     37 F   6 C     3.428657043243E-01  2.044969931990E-01 -1.624417059509E-01
     38 F   6 C    -3.428657043243E-01 -2.044969931990E-01 -1.624417059509E-01
     39 F   6 C     3.428657043243E-01 -2.044969931990E-01  1.624417059509E-01
     40 F   6 C    -3.428657043243E-01  2.044969931990E-01  1.624417059509E-01
     41 F   6 C    -1.624417059509E-01  3.428657043243E-01  2.044969931990E-01
     42 F   6 C     2.044969931990E-01 -1.624417059509E-01  3.428657043243E-01
     43 F   6 C     1.624417059509E-01 -3.428657043243E-01  2.044969931990E-01
     44 F   6 C    -2.044969931990E-01 -1.624417059509E-01 -3.428657043243E-01
     45 F   6 C    -1.624417059509E-01 -3.428657043243E-01 -2.044969931990E-01
     46 F   6 C    -2.044969931990E-01  1.624417059509E-01  3.428657043243E-01
     47 F   6 C     1.624417059509E-01  3.428657043243E-01 -2.044969931990E-01
     48 F   6 C     2.044969931990E-01  1.624417059509E-01 -3.428657043243E-01
     49 T   6 C     4.360096093710E-01  2.684171189877E-17  1.122533886673E-01
     50 F   6 C    -4.360096093710E-01  6.870537027315E-18  1.122533886673E-01
     51 F   6 C     4.360096093710E-01 -6.870537027315E-18 -1.122533886673E-01
     52 F   6 C    -4.360096093710E-01  1.776998817990E-17 -1.122533886673E-01
     53 F   6 C     1.122533886673E-01  4.360096093710E-01 -5.172674222009E-17
     54 F   6 C     4.595518590012E-17  1.122533886673E-01  4.360096093710E-01
     55 F   6 C    -1.122533886673E-01 -4.360096093710E-01  5.172674222009E-17
     56 F   6 C    -7.084576410068E-18  1.122533886673E-01 -4.360096093710E-01
     57 F   6 C     1.122533886673E-01 -4.360096093710E-01  1.020795328874E-16
     58 F   6 C     7.084576410068E-18 -1.122533886673E-01  4.360096093710E-01
     59 F   6 C    -1.122533886673E-01  4.360096093710E-01 -1.020795328874E-16
     60 F   6 C    -4.595518590012E-17 -1.122533886673E-01 -4.360096093710E-01

 T = ATOM BELONGING TO THE ASYMMETRIC UNIT

 ****   24 SYMMOPS - TRANSLATORS IN FRACTIONAL UNITS
 **** MATRICES AND TRANSLATORS IN THE CRYSTALLOGRAPHIC REFERENCE FRAME
   V INV                    ROTATION MATRICES                   TRANSLATORS
   1   1  1.00  0.00  0.00  0.00  1.00  0.00  0.00  0.00  1.00  0.00  0.00  0.00
   2   2  0.00  1.00 -1.00  1.00 -0.00 -1.00  0.00 -0.00 -1.00  0.00  0.00  0.00
   3   3 -1.00 -0.00  0.00 -1.00  0.00  1.00 -1.00  1.00  0.00  0.00  0.00  0.00
   4   4 -0.00 -1.00  1.00  0.00 -1.00 -0.00  1.00 -1.00 -0.00  0.00  0.00  0.00
   5   6  0.00 -0.00  1.00  1.00  0.00 -0.00  0.00  1.00 -0.00  0.00  0.00  0.00
   6   5 -0.00  1.00  0.00  0.00 -0.00  1.00  1.00 -0.00  0.00  0.00  0.00  0.00
   7   8  1.00 -1.00  0.00 -0.00 -1.00  1.00 -0.00 -1.00  0.00  0.00  0.00  0.00
   8   7  1.00 -0.00 -1.00 -0.00  0.00 -1.00 -0.00  1.00 -1.00  0.00  0.00  0.00
   9  10 -0.00  0.00 -1.00  0.00  1.00 -1.00  1.00  0.00 -1.00  0.00  0.00  0.00
  10   9 -1.00  0.00  1.00 -1.00  1.00 -0.00 -1.00  0.00 -0.00  0.00  0.00  0.00
  11  12 -1.00  1.00 -0.00 -1.00 -0.00  0.00 -1.00 -0.00  1.00  0.00  0.00  0.00
  12  11  0.00 -1.00 -0.00  1.00 -1.00  0.00  0.00 -1.00  1.00  0.00  0.00  0.00
  13  13 -1.00 -0.00  0.00  0.00 -1.00 -0.00  0.00 -0.00 -1.00  0.00  0.00  0.00
  14  14 -0.00 -1.00  1.00 -1.00  0.00  1.00 -0.00  0.00  1.00  0.00  0.00  0.00
  15  15  1.00  0.00 -0.00  1.00 -0.00 -1.00  1.00 -1.00 -0.00  0.00  0.00  0.00
  16  16  0.00  1.00 -1.00 -0.00  1.00  0.00 -1.00  1.00  0.00  0.00  0.00  0.00
  17  18 -0.00  0.00 -1.00 -1.00 -0.00  0.00 -0.00 -1.00  0.00  0.00  0.00  0.00
  18  17  0.00 -1.00 -0.00 -0.00  0.00 -1.00 -1.00  0.00 -0.00  0.00  0.00  0.00
  19  20 -1.00  1.00 -0.00  0.00  1.00 -1.00  0.00  1.00 -0.00  0.00  0.00  0.00
  20  19 -1.00  0.00  1.00  0.00 -0.00  1.00  0.00 -1.00  1.00  0.00  0.00  0.00
  21  22  0.00 -0.00  1.00 -0.00 -1.00  1.00 -1.00 -0.00  1.00  0.00  0.00  0.00
  22  21  1.00 -0.00 -1.00  1.00 -1.00  0.00  1.00 -0.00  0.00  0.00  0.00  0.00
  23  24  1.00 -1.00  0.00  1.00  0.00 -0.00  1.00  0.00 -1.00  0.00  0.00  0.00
  24  23 -0.00  1.00  0.00 -1.00  1.00 -0.00 -0.00  1.00 -1.00  0.00  0.00  0.00

 DIRECT LATTICE VECTORS CARTESIAN COMPONENTS (ANGSTROM)
          X                    Y                    Z
  -0.526771873500E+01   0.526771873500E+01   0.526771873500E+01
   0.526771873500E+01  -0.526771873500E+01   0.526771873500E+01
   0.526771873500E+01   0.526771873500E+01  -0.526771873500E+01


 CARTESIAN COORDINATES - PRIMITIVE CELL
 *******************************************************************************
 *      ATOM          X(ANGSTROM)         Y(ANGSTROM)         Z(ANGSTROM)
 *******************************************************************************
    1     6 C    -7.477542611537E-01  3.930807979004E+00  1.278271032214E+00
    2     6 C     7.477542611537E-01 -3.930807979004E+00  1.278271032214E+00
    3     6 C    -7.477542611537E-01 -3.930807979004E+00 -1.278271032214E+00
    4     6 C     7.477542611537E-01  3.930807979004E+00 -1.278271032214E+00
    5     6 C     1.278271032214E+00 -7.477542611537E-01  3.930807979004E+00
    6     6 C     3.930807979004E+00  1.278271032214E+00 -7.477542611537E-01
    7     6 C    -1.278271032214E+00  7.477542611537E-01  3.930807979004E+00
    8     6 C    -3.930807979004E+00  1.278271032214E+00  7.477542611537E-01
    9     6 C     1.278271032214E+00  7.477542611537E-01 -3.930807979004E+00
   10     6 C    -3.930807979004E+00 -1.278271032214E+00 -7.477542611537E-01
   11     6 C    -1.278271032214E+00 -7.477542611537E-01 -3.930807979004E+00
   12     6 C     3.930807979004E+00 -1.278271032214E+00  7.477542611537E-01
   13     6 C     7.477542611537E-01 -3.930807979004E+00 -1.278271032214E+00
   14     6 C    -7.477542611537E-01  3.930807979004E+00 -1.278271032214E+00
   15     6 C     7.477542611537E-01  3.930807979004E+00  1.278271032214E+00
   16     6 C    -7.477542611537E-01 -3.930807979004E+00  1.278271032214E+00
   17     6 C    -1.278271032214E+00  7.477542611537E-01 -3.930807979004E+00
   18     6 C    -3.930807979004E+00 -1.278271032214E+00  7.477542611537E-01
   19     6 C     1.278271032214E+00 -7.477542611537E-01 -3.930807979004E+00
   20     6 C     3.930807979004E+00 -1.278271032214E+00 -7.477542611537E-01
   21     6 C    -1.278271032214E+00 -7.477542611537E-01  3.930807979004E+00
   22     6 C     3.930807979004E+00  1.278271032214E+00  7.477542611537E-01
   23     6 C     1.278271032214E+00  7.477542611537E-01  3.930807979004E+00
   24     6 C    -3.930807979004E+00  1.278271032214E+00 -7.477542611537E-01
   25     6 C    -3.612240188516E+00 -2.154465284651E+00  1.711394435566E+00
   26     6 C     3.612240188516E+00  2.154465284651E+00  1.711394435566E+00
   27     6 C    -3.612240188516E+00  2.154465284651E+00 -1.711394435566E+00
   28     6 C     3.612240188516E+00 -2.154465284651E+00 -1.711394435566E+00
   29     6 C     1.711394435566E+00 -3.612240188516E+00 -2.154465284651E+00
   30     6 C    -2.154465284651E+00  1.711394435566E+00 -3.612240188516E+00
   31     6 C    -1.711394435566E+00  3.612240188516E+00 -2.154465284651E+00
   32     6 C     2.154465284651E+00  1.711394435566E+00  3.612240188516E+00
   33     6 C     1.711394435566E+00  3.612240188516E+00  2.154465284651E+00
   34     6 C     2.154465284651E+00 -1.711394435566E+00 -3.612240188516E+00
   35     6 C    -1.711394435566E+00 -3.612240188516E+00  2.154465284651E+00
   36     6 C    -2.154465284651E+00 -1.711394435566E+00  3.612240188516E+00
   37     6 C     3.612240188516E+00  2.154465284651E+00 -1.711394435566E+00
   38     6 C    -3.612240188516E+00 -2.154465284651E+00 -1.711394435566E+00
   39     6 C     3.612240188516E+00 -2.154465284651E+00  1.711394435566E+00
   40     6 C    -3.612240188516E+00  2.154465284651E+00  1.711394435566E+00
   41     6 C    -1.711394435566E+00  3.612240188516E+00  2.154465284651E+00
   42     6 C     2.154465284651E+00 -1.711394435566E+00  3.612240188516E+00
   43     6 C     1.711394435566E+00 -3.612240188516E+00  2.154465284651E+00
   44     6 C    -2.154465284651E+00 -1.711394435566E+00 -3.612240188516E+00
   45     6 C    -1.711394435566E+00 -3.612240188516E+00 -2.154465284651E+00
   46     6 C    -2.154465284651E+00  1.711394435566E+00  3.612240188516E+00
   47     6 C     1.711394435566E+00  3.612240188516E+00 -2.154465284651E+00
   48     6 C     2.154465284651E+00  1.711394435566E+00 -3.612240188516E+00
   49     6 C     4.593551975847E+00  2.827891772972E-16  1.182638557100E+00
   50     6 C    -4.593551975847E+00  7.238411323660E-17  1.182638557100E+00
   51     6 C     4.593551975847E+00 -7.238411323660E-17 -1.182638557100E+00
   52     6 C    -4.593551975847E+00  1.872145993120E-16 -1.182638557100E+00
   53     6 C     1.182638557100E+00  4.593551975847E+00 -5.449638581865E-16
   54     6 C     4.841579874730E-16  1.182638557100E+00  4.593551975847E+00
   55     6 C    -1.182638557100E+00 -4.593551975847E+00  5.449638581865E-16
   56     6 C    -7.463911176971E-17  1.182638557100E+00 -4.593551975847E+00
   57     6 C     1.182638557100E+00 -4.593551975847E+00  1.075452535702E-15
   58     6 C     7.463911176971E-17 -1.182638557100E+00  4.593551975847E+00
   59     6 C    -1.182638557100E+00  4.593551975847E+00 -1.075452535702E-15
   60     6 C    -4.841579874730E-16 -1.182638557100E+00 -4.593551975847E+00

 *******************************************************************************
 LOCAL ATOMIC FUNCTIONS BASIS SET
 *******************************************************************************
   ATOM   X(AU)   Y(AU)   Z(AU)  N. TYPE  EXPONENT  S COEF   P COEF   D/F/G COEF
 *******************************************************************************
   1 C   -1.413   7.428   2.416
                                  1 S  
                                         1.358E+04 2.225E-04 0.000E+00 0.000E+00
                                         2.035E+03 1.723E-03 0.000E+00 0.000E+00
                                         4.632E+02 8.926E-03 0.000E+00 0.000E+00
                                         1.312E+02 3.573E-02 0.000E+00 0.000E+00
                                         4.285E+01 1.108E-01 0.000E+00 0.000E+00
                                         1.558E+01 2.430E-01 0.000E+00 0.000E+00
                                  2 S  
                                         6.207E+00 4.144E-01 0.000E+00 0.000E+00
                                         2.576E+00 2.374E-01 0.000E+00 0.000E+00
                                  3 S  
                                         4.941E-01 1.000E+00 0.000E+00 0.000E+00
                                  4 S  
                                         1.644E-01 1.000E+00 0.000E+00 0.000E+00
                           5-     7 P  
                                         3.470E+01 0.000E+00 5.333E-03 0.000E+00
                                         7.958E+00 0.000E+00 3.586E-02 0.000E+00
                                         2.378E+00 0.000E+00 1.422E-01 0.000E+00
                                         8.143E-01 0.000E+00 3.427E-01 0.000E+00
                           8-    10 P  
                                         5.662E-01 0.000E+00 1.000E+00 0.000E+00
                          11-    13 P  
                                         2.674E-01 0.000E+00 1.000E+00 0.000E+00
                          14-    18 D  
                                         8.792E-01 0.000E+00 0.000E+00 1.000E+00
   2 C    1.413  -7.428   2.416
   3 C   -1.413  -7.428  -2.416
   4 C    1.413   7.428  -2.416
   5 C    2.416  -1.413   7.428
   6 C    7.428   2.416  -1.413
   7 C   -2.416   1.413   7.428
   8 C   -7.428   2.416   1.413
   9 C    2.416   1.413  -7.428
  10 C   -7.428  -2.416  -1.413
  11 C   -2.416  -1.413  -7.428
  12 C    7.428  -2.416   1.413
  13 C    1.413  -7.428  -2.416
  14 C   -1.413   7.428  -2.416
  15 C    1.413   7.428   2.416
  16 C   -1.413  -7.428   2.416
  17 C   -2.416   1.413  -7.428
  18 C   -7.428  -2.416   1.413
  19 C    2.416  -1.413  -7.428
  20 C    7.428  -2.416  -1.413
  21 C   -2.416  -1.413   7.428
  22 C    7.428   2.416   1.413
  23 C    2.416   1.413   7.428
  24 C   -7.428   2.416  -1.413
  25 C   -6.826  -4.071   3.234
  26 C    6.826   4.071   3.234
  27 C   -6.826   4.071  -3.234
  28 C    6.826  -4.071  -3.234
  29 C    3.234  -6.826  -4.071
  30 C   -4.071   3.234  -6.826
  31 C   -3.234   6.826  -4.071
  32 C    4.071   3.234   6.826
  33 C    3.234   6.826   4.071
  34 C    4.071  -3.234  -6.826
  35 C   -3.234  -6.826   4.071
  36 C   -4.071  -3.234   6.826
  37 C    6.826   4.071  -3.234
  38 C   -6.826  -4.071  -3.234
  39 C    6.826  -4.071   3.234
  40 C   -6.826   4.071   3.234
  41 C   -3.234   6.826   4.071
  42 C    4.071  -3.234   6.826
  43 C    3.234  -6.826   4.071
  44 C   -4.071  -3.234  -6.826
  45 C   -3.234  -6.826  -4.071
  46 C   -4.071   3.234   6.826
  47 C    3.234   6.826  -4.071
  48 C    4.071   3.234  -6.826
  49 C    8.681   0.000   2.235
  50 C   -8.681   0.000   2.235
  51 C    8.681  -0.000  -2.235
  52 C   -8.681   0.000  -2.235
  53 C    2.235   8.681  -0.000
  54 C    0.000   2.235   8.681
  55 C   -2.235  -8.681   0.000
  56 C   -0.000   2.235  -8.681
  57 C    2.235  -8.681   0.000
  58 C    0.000  -2.235   8.681
  59 C   -2.235   8.681  -0.000
  60 C   -0.000  -2.235  -8.681
 INFORMATION **** SET_MPP **** PCRYSTAL CALCULATION
 INFORMATION **** READM2 **** NEW DEFAULT: FOCK/KS MATRIX MIXING SET TO 30 %
 INFORMATION **** READM2 **** NEW DEFAULT: FULL DIRECT SCF MODE
 INFORMATION **** READM2 **** NEW DEFAULT: COULOMB BIPOLAR BUFFER SET TO 32 Mb
 INFORMATION **** READM2 **** NEW DEFAULT: EXCHANGE BIPOLAR BUFFER SET TO 32 Mb

 *******************************************************************************
 NEW DEFAULT: DFT INTEGRATION GRID INCREASED TO XLGRID
 NEW DEFAULT: DIIS ACCELERATOR ACTIVE
 USE KEYWORD NODIIS TO TURN IT OFF
 *******************************************************************************

 INFORMATION **** DFTD3_INPUT **** PERFORM LATEST DISPERSION CORRECTION DFT-D3(BJ) WITH AUTOMATIC PARAMETER SETUP
 PLEASE CITE:
 (1) DFT-D3 Reference
  S. Grimme, J. Antony, S. Ehrlich, and H. Krieg, J. Chem. Phys. 132 (2010), 154104
 (2) BJ-Damping Reference
  S. Grimme, S. Ehrlich, and L. Goerigk, J. Comput. Chem. 32 (2011), 1456-1465
 (3) General DFT-D Review
  S. Grimme, A. Hansen, J. G. Brandenburg, and C. Bannwarth,
  Chem. Rev. 116 (2016), 5105-5154

 INFORMATION **** TOLINTEG **** COULOMB AND EXCHANGE SERIES TOLERANCES MODIFIED
 INFORMATION **** TOLDEE **** SCF TOL ON TOTAL ENERGY SET TO           9
 INFORMATION **** READM2 **** FULL DIRECT SCF (MONO AND BIEL INT) SELECTED
 INFORMATION **** MAXCYCLE **** MAX NUMBER OF SCF CYCLES SET TO         800
 INFORMATION **** DIIS **** DIIS FOR SCF ACTIVE
 INFORMATION **** DIIS **** LEVEL SHIFTER DISABLED
 INFORMATION **** PPAN ****  MULLIKEN POPULATION ANALYSIS AT THE END OF SCF
 *******************************************************************************
 N. OF ATOMS PER CELL        60  COULOMB OVERLAP TOL         (T1) 10**   -8
 NUMBER OF SHELLS           480  COULOMB PENETRATION TOL     (T2) 10**   -8
 NUMBER OF AO              1080  EXCHANGE OVERLAP TOL        (T3) 10**   -8
 N. OF ELECTRONS PER CELL   360  EXCHANGE PSEUDO OVP (F(G))  (T4) 10**   -9
 CORE ELECTRONS PER CELL    120  EXCHANGE PSEUDO OVP (P(G))  (T5) 10**  -24
 N. OF SYMMETRY OPERATORS    24  POLE ORDER IN MONO ZONE                  4
 *******************************************************************************
 TYPE OF CALCULATION :  UNRESTRICTED OPEN SHELL
 KOHN-SHAM HAMILTONIAN

 (EXCHANGE)[CORRELATION] FUNCTIONAL:(BECKE 88)[LEE-YANG-PARR]

 NON-LOCAL WEIGHTING FACTOR (EXCHANGE) =           0.9000
 NON-LOCAL WEIGHTING FACTOR [CORRELATION] =        0.8100

 HYBRID EXCHANGE - PERCENTAGE OF FOCK EXCHANGE    20.0000

 SPIN POLARIZED DFT SELECTED

 CAPPA:IS1  4;IS2  4;IS3  4; K PTS MONK NET   8; SYMMOPS:K SPACE  24;G SPACE  24

 *******************************************************************************
 MAX NUMBER OF SCF CYCLES     800  CONVERGENCE ON DELTAP        10**-19
 WEIGHT OF F(I) IN F(I+1)      30% CONVERGENCE ON ENERGY        10**- 9
 SHRINK. FACT.(MONKH.)    4  4  4  NUMBER OF K POINTS IN THE IBZ      8
 SHRINKING FACTOR(GILAT NET)    8  NUMBER OF K POINTS(GILAT NET)     35
 *******************************************************************************
 *** K POINTS COORDINATES (OBLIQUE COORDINATES IN UNITS OF IS =  4)
   1-R(  0  0  0)   2-C(  1  0  0)   3-R(  2  0  0)   4-C(  1  1  0)
   5-C(  1  1  1)   6-C(  3  1  1)   7-C(  2  2  1)   8-R(  2  2  2)

 DIRECT LATTICE VECTORS COMPON. (A.U.)     RECIP. LATTICE VECTORS COMPON. (A.U.) 
        X            Y            Z              X            Y            Z
   -9.9545458    9.9545458    9.9545458     -0.0000000    0.3155938    0.3155938
    9.9545458   -9.9545458    9.9545458      0.3155938   -0.0000000    0.3155938
    9.9545458    9.9545458   -9.9545458      0.3155938    0.3155938   -0.0000000

 DISK SPACE FOR EIGENVECTORS (FTN 10)    15163200 REALS

 SYMMETRY ADAPTION OF THE BLOCH FUNCTIONS ENABLED
 TTTTTTTTTTTTTTTTTTTTTTTTTTTTTT gordsh1     TELAPSE        2.19 TCPU        1.15

 MATRIX SIZE: P(G) 4169652, F(G)  476814, P(G) IRR   88977, F(G) IRR   20674
 MAX G-VECTOR INDEX FOR 1- AND 2-ELECTRON INTEGRALS  65

 TTTTTTTTTTTTTTTTTTTTTTTTTTTTTT INPUT       TELAPSE        2.21 TCPU        1.17

 NEIGHBORS OF THE NON-EQUIVALENT ATOMS

 N = NUMBER OF NEIGHBORS AT DISTANCE R
    ATOM  N     R/ANG      R/AU   NEIGHBORS (ATOM LABELS AND CELL INDICES)
   1 C    1     1.3408     2.5338   41 C    0 0 0
   1 C    1     1.4955     2.8261   15 C    0 0 0
   1 C    1     1.5041     2.8423   59 C    0 0 0
   1 C    1     2.4082     4.5509   53 C    0 0 0
   1 C    1     2.4223     4.5775   55 C    1 0 1
   1 C    1     2.4245     4.5816   34 C    1 0 0

  25 C    1     1.3408     2.5338   18 C    0 0 0
  25 C    2     1.4891     2.8139   47 C    0 0-1   48 C    0 0-1
  25 C    1     2.4245     4.5816    9 C    0 0-1
  25 C    1     2.4258     4.5840   50 C    0 0 0
  25 C    2     2.4361     4.6036   35 C    0 0 0   36 C    0 0 0
  25 C    1     2.5849     4.8848    4 C    0 0-1

  49 C    1     1.3483     2.5480   50 C    0 1 1
  49 C    2     1.5041     2.8423   12 C    0 0 0   22 C    0 0 0
  49 C    1     2.3653     4.4697   51 C    0 0 0
  49 C    2     2.4082     4.5509    6 C    0 0 0   20 C    0 0 0
  49 C    2     2.4223     4.5775    8 C    0 1 1   18 C    0 1 1
  49 C    2     2.4258     4.5840   26 C    0 0 0   39 C    0 0 0


 SYMMETRY ALLOWED INTERNAL DEGREE(S) OF FREEDOM:   8
 TTTTTTTTTTTTTTTTTTTTTTTTTTTTTT SYMM        TELAPSE        2.27 TCPU        1.22
 TTTTTTTTTTTTTTTTTTTTTTTTTTTTTT INT_SCREEN  TELAPSE        2.29 TCPU        1.24
 WARNING **** EXCBUF **** EXCH. BIPO BUFFER TOO SMALL - TO AVOID I/O SET EXCHSIZE =     5410098

 DFT PARAMETERS

     ATOM       ELECTRONS   NET CHARGE   R(ANGSTROM)
   1   6  C       6.0000      0.0000     0.77000000

 SIZE OF GRID=      77255
 TTTTTTTTTTTTTTTTTTTTTTTTTTTTTT MAKE_GRID2  TELAPSE        2.65 TCPU        1.59
 BECKE WEIGHT FUNCTION
 RADSAFE =     2.00
 TOLERANCES - DENSITY:10**- 6; POTENTIAL:10**- 9; GRID WGT:10**-14

 RADIAL INTEGRATION  - INTERVALS (POINTS,UPPER LIMIT):            1( 75,  4.0*R)

 ANGULAR INTEGRATION - INTERVALS (ACCURACY LEVEL [N. POINTS] UPPER LIMIT):
  1(  4[  86]   0.2)  2(  8[ 194]   0.5)  3( 12[ 350]   0.9)  4( 16[ 974]   3.5)
  5( 12[ 350]9999.0)
 TTTTTTTTTTTTTTTTTTTTTTTTTTTTTT INT_CALC    TELAPSE        2.67 TCPU        1.61
 EEEEEEEEEE INT_CALC TERMINATION  DATE 24 01 2026 TIME 21:04:08.5

 *******************************************************************************
 ./3^3T56-CA_BULK_OPTGEOM_TZ_opt_B3LYP-D3-D3_optimized_rev1_sp_B3LYP-D3-D3_optimi
 CRYSTAL - SCF - TYPE OF CALCULATION :  UNRESTRICTED OPEN SHELL
 *******************************************************************************

 CAPPA:IS1  4;IS2  4;IS3  4; K PTS MONK NET   8; SYMMOPS:K SPACE  24;G SPACE  24

 TTTTTTTTTTTTTTTTTTTTTTTTTTTTTT SDIK        TELAPSE        3.65 TCPU        2.59

 AAAAAAAAAAAAAAAAAAAAAAAAAAAAAAAAAAAAAAAAAAAAAAAAAAAAAAAAAAAAAAAAAAAAAAAAAAAAAAA
         ATOMIC WAVEFUNCTION(S)


 NUCLEAR CHARGE  6.0  SYMMETRY SPECIES            S    P
 N. ELECTRONS    6.0  NUMBER OF PRIMITIVE GTOS   10    6
                      NUMBER OF CONTRACTED GTOS   4    3
                      NUMBER OF CLOSED SHELLS     2    0
                      OPEN SHELL OCCUPATION       0    2

  ZNUC  SCFIT    TOTAL HF ENERGY   KINETIC ENERGY   VIRIAL THEOREM ACCURACY
   6.0    10    -3.766702350E+01  3.783137943E+01 -1.995655566E+00  1.6E-06

 AAAAAAAAAAAAAAAAAAAAAAAAAAAAAAAAAAAAAAAAAAAAAAAAAAAAAAAAAAAAAAAAAAAAAAAAAAAAAAA

 CHARGE NORMALIZATION FACTOR   1.00000000
 TOTAL ATOMIC CHARGES:
   6.0000000   6.0000000   6.0000000   6.0000000   6.0000000   6.0000000
   6.0000000   6.0000000   6.0000000   6.0000000   6.0000000   6.0000000
   6.0000000   6.0000000   6.0000000   6.0000000   6.0000000   6.0000000
   6.0000000   6.0000000   6.0000000   6.0000000   6.0000000   6.0000000
   6.0000000   6.0000000   6.0000000   6.0000000   6.0000000   6.0000000
   6.0000000   6.0000000   6.0000000   6.0000000   6.0000000   6.0000000
   6.0000000   6.0000000   6.0000000   6.0000000   6.0000000   6.0000000
   6.0000000   6.0000000   6.0000000   6.0000000   6.0000000   6.0000000
   6.0000000   6.0000000   6.0000000   6.0000000   6.0000000   6.0000000
   6.0000000   6.0000000   6.0000000   6.0000000   6.0000000   6.0000000
 SUMMED SPIN DENSITY           0.00000000
 TOTAL ATOMIC SPINS  :
   0.0000000   0.0000000   0.0000000   0.0000000   0.0000000   0.0000000
   0.0000000   0.0000000   0.0000000   0.0000000   0.0000000   0.0000000
   0.0000000   0.0000000   0.0000000   0.0000000   0.0000000   0.0000000
   0.0000000   0.0000000   0.0000000   0.0000000   0.0000000   0.0000000
   0.0000000   0.0000000   0.0000000   0.0000000   0.0000000   0.0000000
   0.0000000   0.0000000   0.0000000   0.0000000   0.0000000   0.0000000
   0.0000000   0.0000000   0.0000000   0.0000000   0.0000000   0.0000000
   0.0000000   0.0000000   0.0000000   0.0000000   0.0000000   0.0000000
   0.0000000   0.0000000   0.0000000   0.0000000   0.0000000   0.0000000
   0.0000000   0.0000000   0.0000000   0.0000000   0.0000000   0.0000000
 TTTTTTTTTTTTTTTTTTTTTTTTTTTTTT MOQGAD      TELAPSE        3.67 TCPU        2.61
 TTTTTTTTTTTTTTTTTTTTTTTTTTTTTT SHELLXN     TELAPSE       19.80 TCPU       18.70
 TTTTTTTTTTTTTTTTTTTTTTTTTTTTTT MONMO3      TELAPSE       19.88 TCPU       18.78
 NUMERICALLY INTEGRATED DENSITY    180.0000444055    180.0000444055
 TTTTTTTTTTTTTTTTTTTTTTTTTTTTTT NUMDFT      TELAPSE       20.70 TCPU       19.60
 CYC   0 ETOT(AU) -2.302264241440E+03 DETOT -2.30E+03 tst  0.00E+00 PX  1.00E+00
 TTTTTTTTTTTTTTTTTTTTTTTTTTTTTT DIIS        TELAPSE       20.82 TCPU       19.72
 TTTTTTTTTTTTTTTTTTTTTTTTTTTTTT FDIK        TELAPSE       36.68 TCPU       35.54

    ALPHA      ELECTRONS
 INSULATING STATE
 TOP OF VALENCE BANDS -    BAND    180; K    1; EIG -2.1260864E-01 AU
 BOTTOM OF VIRTUAL BANDS - BAND    181; K    8; EIG -1.8060801E-01 AU
 INDIRECT ENERGY BAND GAP:   0.8708 eV
 BOTTOM OF VIRTUAL BANDS - BAND    181; K    1; EIG -1.4319429E-01 AU

    BETA       ELECTRONS
 INSULATING STATE
 TOP OF VALENCE BANDS -    BAND    180; K    1; EIG -2.1260864E-01 AU
 BOTTOM OF VIRTUAL BANDS - BAND    181; K    8; EIG -1.8060801E-01 AU
 INDIRECT ENERGY BAND GAP:   0.8708 eV
 BOTTOM OF VIRTUAL BANDS - BAND    181; K    1; EIG -1.4319429E-01 AU
 TTTTTTTTTTTTTTTTTTTTTTTTTTTTTT PDIG        TELAPSE       37.32 TCPU       36.18
 CHARGE NORMALIZATION FACTOR   1.00000000
 TOTAL ATOMIC CHARGES:
   6.0003106   6.0003106   6.0003106   6.0003106   6.0003106   6.0003106
   6.0003106   6.0003106   6.0003106   6.0003106   6.0003106   6.0003106
   6.0003106   6.0003106   6.0003106   6.0003106   6.0003106   6.0003106
   6.0003106   6.0003106   6.0003106   6.0003106   6.0003106   6.0003106
   5.9921950   5.9921950   5.9921950   5.9921950   5.9921950   5.9921950
   5.9921950   5.9921950   5.9921950   5.9921950   5.9921950   5.9921950
   5.9921950   5.9921950   5.9921950   5.9921950   5.9921950   5.9921950
   5.9921950   5.9921950   5.9921950   5.9921950   5.9921950   5.9921950
   6.0149887   6.0149887   6.0149887   6.0149887   6.0149887   6.0149887
   6.0149887   6.0149887   6.0149887   6.0149887   6.0149887   6.0149887
 SUMMED SPIN DENSITY           0.00000000
 TOTAL ATOMIC SPINS  :
  -0.0000000  -0.0000000  -0.0000000  -0.0000000  -0.0000000  -0.0000000
  -0.0000000  -0.0000000  -0.0000000  -0.0000000  -0.0000000  -0.0000000
  -0.0000000  -0.0000000  -0.0000000  -0.0000000  -0.0000000  -0.0000000
  -0.0000000  -0.0000000  -0.0000000  -0.0000000  -0.0000000  -0.0000000
   0.0000000   0.0000000   0.0000000   0.0000000   0.0000000   0.0000000
   0.0000000   0.0000000   0.0000000   0.0000000   0.0000000   0.0000000
   0.0000000   0.0000000   0.0000000   0.0000000   0.0000000   0.0000000
   0.0000000   0.0000000   0.0000000   0.0000000   0.0000000   0.0000000
  -0.0000000  -0.0000000  -0.0000000  -0.0000000  -0.0000000  -0.0000000
  -0.0000000  -0.0000000  -0.0000000  -0.0000000  -0.0000000  -0.0000000
 TTTTTTTTTTTTTTTTTTTTTTTTTTTTTT MOQGAD      TELAPSE       37.35 TCPU       36.21
 TTTTTTTTTTTTTTTTTTTTTTTTTTTTTT SHELLXN     TELAPSE       52.68 TCPU       51.49
 TTTTTTTTTTTTTTTTTTTTTTTTTTTTTT MONMO3      TELAPSE       52.75 TCPU       51.56
 NUMERICALLY INTEGRATED DENSITY    180.0000310263    180.0000310263
 TTTTTTTTTTTTTTTTTTTTTTTTTTTTTT NUMDFT      TELAPSE       53.45 TCPU       52.25
 CYC   1 ETOT(AU) -2.284340132993E+03 DETOT  1.79E+01 tst  0.00E+00 PX  1.00E+00
 TTTTTTTTTTTTTTTTTTTTTTTTTTTTTT DIIS        TELAPSE       53.56 TCPU       52.36
 DIIS TEST: 0.38085E+01 AT SCF   CYCLE   1 - MIX   30 %
 TTTTTTTTTTTTTTTTTTTTTTTTTTTTTT FDIK        TELAPSE       58.89 TCPU       57.67

    ALPHA      ELECTRONS
 INSULATING STATE
 TOP OF VALENCE BANDS -    BAND    180; K    1; EIG -1.6479230E-01 AU
 BOTTOM OF VIRTUAL BANDS - BAND    181; K    8; EIG -1.1531708E-01 AU
 INDIRECT ENERGY BAND GAP:   1.3463 eV
 BOTTOM OF VIRTUAL BANDS - BAND    181; K    1; EIG -7.7792135E-02 AU

    BETA       ELECTRONS
 INSULATING STATE
 TOP OF VALENCE BANDS -    BAND    180; K    1; EIG -1.6479230E-01 AU
 BOTTOM OF VIRTUAL BANDS - BAND    181; K    8; EIG -1.1531708E-01 AU
 INDIRECT ENERGY BAND GAP:   1.3463 eV
 BOTTOM OF VIRTUAL BANDS - BAND    181; K    1; EIG -7.7792135E-02 AU
 TTTTTTTTTTTTTTTTTTTTTTTTTTTTTT PDIG        TELAPSE       59.51 TCPU       58.29
 CHARGE NORMALIZATION FACTOR   1.00000000
 TOTAL ATOMIC CHARGES:
   5.9785353   5.9785353   5.9785353   5.9785353   5.9785353   5.9785353
   5.9785353   5.9785353   5.9785353   5.9785353   5.9785353   5.9785353
   5.9785353   5.9785353   5.9785353   5.9785353   5.9785353   5.9785353
   5.9785353   5.9785353   5.9785353   5.9785353   5.9785353   5.9785353
   6.0223852   6.0223852   6.0223852   6.0223852   6.0223852   6.0223852
   6.0223852   6.0223852   6.0223852   6.0223852   6.0223852   6.0223852
   6.0223852   6.0223852   6.0223852   6.0223852   6.0223852   6.0223852
   6.0223852   6.0223852   6.0223852   6.0223852   6.0223852   6.0223852
   5.9981589   5.9981589   5.9981589   5.9981589   5.9981589   5.9981589
   5.9981589   5.9981589   5.9981589   5.9981589   5.9981589   5.9981589
 SUMMED SPIN DENSITY           0.00000000
 TOTAL ATOMIC SPINS  :
   0.0000000   0.0000000   0.0000000   0.0000000   0.0000000   0.0000000
   0.0000000   0.0000000   0.0000000   0.0000000   0.0000000   0.0000000
   0.0000000   0.0000000   0.0000000   0.0000000   0.0000000   0.0000000
   0.0000000   0.0000000   0.0000000   0.0000000   0.0000000   0.0000000
  -0.0000000  -0.0000000  -0.0000000  -0.0000000  -0.0000000  -0.0000000
  -0.0000000  -0.0000000  -0.0000000  -0.0000000  -0.0000000  -0.0000000
  -0.0000000  -0.0000000  -0.0000000  -0.0000000  -0.0000000  -0.0000000
  -0.0000000  -0.0000000  -0.0000000  -0.0000000  -0.0000000  -0.0000000
  -0.0000000  -0.0000000  -0.0000000  -0.0000000  -0.0000000  -0.0000000
  -0.0000000  -0.0000000  -0.0000000  -0.0000000  -0.0000000  -0.0000000
 TTTTTTTTTTTTTTTTTTTTTTTTTTTTTT MOQGAD      TELAPSE       59.52 TCPU       58.31
 TTTTTTTTTTTTTTTTTTTTTTTTTTTTTT SHELLXN     TELAPSE       74.83 TCPU       73.57
 TTTTTTTTTTTTTTTTTTTTTTTTTTTTTT MONMO3      TELAPSE       74.90 TCPU       73.64
 NUMERICALLY INTEGRATED DENSITY    180.0000329234    180.0000329234
 TTTTTTTTTTTTTTTTTTTTTTTTTTTTTT NUMDFT      TELAPSE       75.60 TCPU       74.34
 CYC   2 ETOT(AU) -2.284494632703E+03 DETOT -1.54E-01 tst  3.27E-04 PX  1.31E-01
 TTTTTTTTTTTTTTTTTTTTTTTTTTTTTT DIIS        TELAPSE       75.71 TCPU       74.45
 DIIS TEST: 0.49707E+00 AT SCF   CYCLE   2 - DIIS ACTIVE - HISTORY:     2 CYCLES
 TTTTTTTTTTTTTTTTTTTTTTTTTTTTTT FDIK        TELAPSE       80.28 TCPU       79.01

    ALPHA      ELECTRONS
 INSULATING STATE
 TOP OF VALENCE BANDS -    BAND    180; K    1; EIG -1.5730918E-01 AU
 BOTTOM OF VIRTUAL BANDS - BAND    181; K    8; EIG -1.0529146E-01 AU
 INDIRECT ENERGY BAND GAP:   1.4155 eV
 BOTTOM OF VIRTUAL BANDS - BAND    181; K    1; EIG -6.3730272E-02 AU

    BETA       ELECTRONS
 INSULATING STATE
 TOP OF VALENCE BANDS -    BAND    180; K    1; EIG -1.5730918E-01 AU
 BOTTOM OF VIRTUAL BANDS - BAND    181; K    8; EIG -1.0529146E-01 AU
 INDIRECT ENERGY BAND GAP:   1.4155 eV
 BOTTOM OF VIRTUAL BANDS - BAND    181; K    1; EIG -6.3730272E-02 AU
 TTTTTTTTTTTTTTTTTTTTTTTTTTTTTT PDIG        TELAPSE       80.91 TCPU       79.62
 CHARGE NORMALIZATION FACTOR   1.00000000
 TOTAL ATOMIC CHARGES:
   6.0210428   6.0210428   6.0210428   6.0210428   6.0210428   6.0210428
   6.0210428   6.0210428   6.0210428   6.0210428   6.0210428   6.0210428
   6.0210428   6.0210428   6.0210428   6.0210428   6.0210428   6.0210428
   6.0210428   6.0210428   6.0210428   6.0210428   6.0210428   6.0210428
   5.9557421   5.9557421   5.9557421   5.9557421   5.9557421   5.9557421
   5.9557421   5.9557421   5.9557421   5.9557421   5.9557421   5.9557421
   5.9557421   5.9557421   5.9557421   5.9557421   5.9557421   5.9557421
   5.9557421   5.9557421   5.9557421   5.9557421   5.9557421   5.9557421
   6.0464303   6.0464303   6.0464303   6.0464303   6.0464303   6.0464303
   6.0464303   6.0464303   6.0464303   6.0464303   6.0464303   6.0464303
 SUMMED SPIN DENSITY           0.00000000
 TOTAL ATOMIC SPINS  :
   0.0000000   0.0000000   0.0000000   0.0000000   0.0000000   0.0000000
   0.0000000   0.0000000   0.0000000   0.0000000   0.0000000   0.0000000
   0.0000000   0.0000000   0.0000000   0.0000000   0.0000000   0.0000000
   0.0000000   0.0000000   0.0000000   0.0000000   0.0000000   0.0000000
  -0.0000000  -0.0000000  -0.0000000  -0.0000000  -0.0000000  -0.0000000
  -0.0000000  -0.0000000  -0.0000000  -0.0000000  -0.0000000  -0.0000000
  -0.0000000  -0.0000000  -0.0000000  -0.0000000  -0.0000000  -0.0000000
  -0.0000000  -0.0000000  -0.0000000  -0.0000000  -0.0000000  -0.0000000
   0.0000000   0.0000000   0.0000000   0.0000000   0.0000000   0.0000000
   0.0000000   0.0000000   0.0000000   0.0000000   0.0000000   0.0000000
 TTTTTTTTTTTTTTTTTTTTTTTTTTTTTT MOQGAD      TELAPSE       80.92 TCPU       79.64
 TTTTTTTTTTTTTTTTTTTTTTTTTTTTTT SHELLXN     TELAPSE       97.70 TCPU       96.36
 TTTTTTTTTTTTTTTTTTTTTTTTTTTTTT MONMO3      TELAPSE       97.77 TCPU       96.44
 NUMERICALLY INTEGRATED DENSITY    180.0000356193    180.0000356193
 TTTTTTTTTTTTTTTTTTTTTTTTTTTTTT NUMDFT      TELAPSE       98.52 TCPU       97.19
 CYC   3 ETOT(AU) -2.284474468293E+03 DETOT  2.02E-02 tst  4.71E-04 PX  3.30E-02
 TTTTTTTTTTTTTTTTTTTTTTTTTTTTTT DIIS        TELAPSE       98.64 TCPU       97.29
 DIIS TEST: 0.17939E+01 AT SCF   CYCLE   3 - DIIS ACTIVE - HISTORY:     3 CYCLES
 TTTTTTTTTTTTTTTTTTTTTTTTTTTTTT FDIK        TELAPSE      103.82 TCPU      102.46

    ALPHA      ELECTRONS
 INSULATING STATE
 TOP OF VALENCE BANDS -    BAND    180; K    1; EIG -1.6337374E-01 AU
 BOTTOM OF VIRTUAL BANDS - BAND    181; K    8; EIG -1.0619399E-01 AU
 INDIRECT ENERGY BAND GAP:   1.5559 eV
 BOTTOM OF VIRTUAL BANDS - BAND    181; K    1; EIG -6.6521951E-02 AU

    BETA       ELECTRONS
 INSULATING STATE
 TOP OF VALENCE BANDS -    BAND    180; K    1; EIG -1.6337374E-01 AU
 BOTTOM OF VIRTUAL BANDS - BAND    181; K    8; EIG -1.0619399E-01 AU
 INDIRECT ENERGY BAND GAP:   1.5559 eV
 BOTTOM OF VIRTUAL BANDS - BAND    181; K    1; EIG -6.6521951E-02 AU
 TTTTTTTTTTTTTTTTTTTTTTTTTTTTTT PDIG        TELAPSE      104.51 TCPU      103.15
 CHARGE NORMALIZATION FACTOR   1.00000000
 TOTAL ATOMIC CHARGES:
   5.9758860   5.9758860   5.9758860   5.9758860   5.9758860   5.9758860
   5.9758860   5.9758860   5.9758860   5.9758860   5.9758860   5.9758860
   5.9758860   5.9758860   5.9758860   5.9758860   5.9758860   5.9758860
   5.9758860   5.9758860   5.9758860   5.9758860   5.9758860   5.9758860
   6.0120520   6.0120520   6.0120520   6.0120520   6.0120520   6.0120520
   6.0120520   6.0120520   6.0120520   6.0120520   6.0120520   6.0120520
   6.0120520   6.0120520   6.0120520   6.0120520   6.0120520   6.0120520
   6.0120520   6.0120520   6.0120520   6.0120520   6.0120520   6.0120520
   6.0241240   6.0241240   6.0241240   6.0241240   6.0241240   6.0241240
   6.0241240   6.0241240   6.0241240   6.0241240   6.0241240   6.0241240
 SUMMED SPIN DENSITY           0.00000000
 TOTAL ATOMIC SPINS  :
   0.0000000   0.0000000   0.0000000   0.0000000   0.0000000   0.0000000
   0.0000000   0.0000000   0.0000000   0.0000000   0.0000000   0.0000000
   0.0000000   0.0000000   0.0000000   0.0000000   0.0000000   0.0000000
   0.0000000   0.0000000   0.0000000   0.0000000   0.0000000   0.0000000
  -0.0000000  -0.0000000  -0.0000000  -0.0000000  -0.0000000  -0.0000000
  -0.0000000  -0.0000000  -0.0000000  -0.0000000  -0.0000000  -0.0000000
  -0.0000000  -0.0000000  -0.0000000  -0.0000000  -0.0000000  -0.0000000
  -0.0000000  -0.0000000  -0.0000000  -0.0000000  -0.0000000  -0.0000000
  -0.0000000  -0.0000000  -0.0000000  -0.0000000  -0.0000000  -0.0000000
  -0.0000000  -0.0000000  -0.0000000  -0.0000000  -0.0000000  -0.0000000
 TTTTTTTTTTTTTTTTTTTTTTTTTTTTTT MOQGAD      TELAPSE      104.53 TCPU      103.16
 TTTTTTTTTTTTTTTTTTTTTTTTTTTTTT SHELLXN     TELAPSE      121.47 TCPU      120.06
 TTTTTTTTTTTTTTTTTTTTTTTTTTTTTT MONMO3      TELAPSE      121.55 TCPU      120.14
 NUMERICALLY INTEGRATED DENSITY    180.0000345548    180.0000345548
 TTTTTTTTTTTTTTTTTTTTTTTTTTTTTT NUMDFT      TELAPSE      122.31 TCPU      120.90
 CYC   4 ETOT(AU) -2.284505703237E+03 DETOT -3.12E-02 tst  1.04E-04 PX  2.11E-02
 TTTTTTTTTTTTTTTTTTTTTTTTTTTTTT DIIS        TELAPSE      122.41 TCPU      121.00
 DIIS TEST: 0.47868E-01 AT SCF   CYCLE   4 - DIIS ACTIVE - HISTORY:     4 CYCLES
 TTTTTTTTTTTTTTTTTTTTTTTTTTTTTT FDIK        TELAPSE      127.98 TCPU      126.56

    ALPHA      ELECTRONS
 INSULATING STATE
 TOP OF VALENCE BANDS -    BAND    180; K    1; EIG -1.6382225E-01 AU
 BOTTOM OF VIRTUAL BANDS - BAND    181; K    8; EIG -1.0640871E-01 AU
 INDIRECT ENERGY BAND GAP:   1.5623 eV
 BOTTOM OF VIRTUAL BANDS - BAND    181; K    1; EIG -6.7027202E-02 AU

    BETA       ELECTRONS
 INSULATING STATE
 TOP OF VALENCE BANDS -    BAND    180; K    1; EIG -1.6382225E-01 AU
 BOTTOM OF VIRTUAL BANDS - BAND    181; K    8; EIG -1.0640871E-01 AU
 INDIRECT ENERGY BAND GAP:   1.5623 eV
 BOTTOM OF VIRTUAL BANDS - BAND    181; K    1; EIG -6.7027202E-02 AU
 TTTTTTTTTTTTTTTTTTTTTTTTTTTTTT PDIG        TELAPSE      131.48 TCPU      130.05
 CHARGE NORMALIZATION FACTOR   1.00000000
 TOTAL ATOMIC CHARGES:
   5.9886344   5.9886344   5.9886344   5.9886344   5.9886344   5.9886344
   5.9886344   5.9886344   5.9886344   5.9886344   5.9886344   5.9886344
   5.9886344   5.9886344   5.9886344   5.9886344   5.9886344   5.9886344
   5.9886344   5.9886344   5.9886344   5.9886344   5.9886344   5.9886344
   6.0034032   6.0034032   6.0034032   6.0034032   6.0034032   6.0034032
   6.0034032   6.0034032   6.0034032   6.0034032   6.0034032   6.0034032
   6.0034032   6.0034032   6.0034032   6.0034032   6.0034032   6.0034032
   6.0034032   6.0034032   6.0034032   6.0034032   6.0034032   6.0034032
   6.0159246   6.0159246   6.0159246   6.0159246   6.0159246   6.0159246
   6.0159246   6.0159246   6.0159246   6.0159246   6.0159246   6.0159246
 SUMMED SPIN DENSITY           0.00000000
 TOTAL ATOMIC SPINS  :
  -0.0000000  -0.0000000  -0.0000000  -0.0000000  -0.0000000  -0.0000000
  -0.0000000  -0.0000000  -0.0000000  -0.0000000  -0.0000000  -0.0000000
  -0.0000000  -0.0000000  -0.0000000  -0.0000000  -0.0000000  -0.0000000
  -0.0000000  -0.0000000  -0.0000000  -0.0000000  -0.0000000  -0.0000000
   0.0000000   0.0000000   0.0000000   0.0000000   0.0000000   0.0000000
   0.0000000   0.0000000   0.0000000   0.0000000   0.0000000   0.0000000
   0.0000000   0.0000000   0.0000000   0.0000000   0.0000000   0.0000000
   0.0000000   0.0000000   0.0000000   0.0000000   0.0000000   0.0000000
   0.0000000   0.0000000   0.0000000   0.0000000   0.0000000   0.0000000
   0.0000000   0.0000000   0.0000000   0.0000000   0.0000000   0.0000000
 TTTTTTTTTTTTTTTTTTTTTTTTTTTTTT MOQGAD      TELAPSE      131.49 TCPU      130.07
 TTTTTTTTTTTTTTTTTTTTTTTTTTTTTT SHELLXN     TELAPSE      148.43 TCPU      146.99
 TTTTTTTTTTTTTTTTTTTTTTTTTTTTTT MONMO3      TELAPSE      148.52 TCPU      147.07
 NUMERICALLY INTEGRATED DENSITY    180.0000343539    180.0000343539
 TTTTTTTTTTTTTTTTTTTTTTTTTTTTTT NUMDFT      TELAPSE      149.27 TCPU      147.81
 CYC   5 ETOT(AU) -2.284506537107E+03 DETOT -8.34E-04 tst  3.76E-06 PX  3.15E-03
 TTTTTTTTTTTTTTTTTTTTTTTTTTTTTT DIIS        TELAPSE      149.37 TCPU      147.91
 DIIS TEST: 0.57347E-02 AT SCF   CYCLE   5 - DIIS ACTIVE - HISTORY:     5 CYCLES
 TTTTTTTTTTTTTTTTTTTTTTTTTTTTTT FDIK        TELAPSE      154.45 TCPU      152.97

    ALPHA      ELECTRONS
 INSULATING STATE
 TOP OF VALENCE BANDS -    BAND    180; K    1; EIG -1.6362352E-01 AU
 BOTTOM OF VIRTUAL BANDS - BAND    181; K    8; EIG -1.0622995E-01 AU
 INDIRECT ENERGY BAND GAP:   1.5618 eV
 BOTTOM OF VIRTUAL BANDS - BAND    181; K    1; EIG -6.6774483E-02 AU

    BETA       ELECTRONS
 INSULATING STATE
 TOP OF VALENCE BANDS -    BAND    180; K    1; EIG -1.6362352E-01 AU
 BOTTOM OF VIRTUAL BANDS - BAND    181; K    8; EIG -1.0622995E-01 AU
 INDIRECT ENERGY BAND GAP:   1.5618 eV
 BOTTOM OF VIRTUAL BANDS - BAND    181; K    1; EIG -6.6774483E-02 AU
 TTTTTTTTTTTTTTTTTTTTTTTTTTTTTT PDIG        TELAPSE      155.14 TCPU      153.66
 CHARGE NORMALIZATION FACTOR   1.00000000
 TOTAL ATOMIC CHARGES:
   5.9841223   5.9841223   5.9841223   5.9841223   5.9841223   5.9841223
   5.9841223   5.9841223   5.9841223   5.9841223   5.9841223   5.9841223
   5.9841223   5.9841223   5.9841223   5.9841223   5.9841223   5.9841223
   5.9841223   5.9841223   5.9841223   5.9841223   5.9841223   5.9841223
   6.0049370   6.0049370   6.0049370   6.0049370   6.0049370   6.0049370
   6.0049370   6.0049370   6.0049370   6.0049370   6.0049370   6.0049370
   6.0049370   6.0049370   6.0049370   6.0049370   6.0049370   6.0049370
   6.0049370   6.0049370   6.0049370   6.0049370   6.0049370   6.0049370
   6.0218813   6.0218813   6.0218813   6.0218813   6.0218813   6.0218813
   6.0218813   6.0218813   6.0218813   6.0218813   6.0218813   6.0218813
 SUMMED SPIN DENSITY           0.00000000
 TOTAL ATOMIC SPINS  :
  -0.0000000  -0.0000000  -0.0000000  -0.0000000  -0.0000000  -0.0000000
  -0.0000000  -0.0000000  -0.0000000  -0.0000000  -0.0000000  -0.0000000
  -0.0000000  -0.0000000  -0.0000000  -0.0000000  -0.0000000  -0.0000000
  -0.0000000  -0.0000000  -0.0000000  -0.0000000  -0.0000000  -0.0000000
   0.0000000   0.0000000   0.0000000   0.0000000   0.0000000   0.0000000
   0.0000000   0.0000000   0.0000000   0.0000000   0.0000000   0.0000000
   0.0000000   0.0000000   0.0000000   0.0000000   0.0000000   0.0000000
   0.0000000   0.0000000   0.0000000   0.0000000   0.0000000   0.0000000
   0.0000000   0.0000000   0.0000000   0.0000000   0.0000000   0.0000000
   0.0000000   0.0000000   0.0000000   0.0000000   0.0000000   0.0000000
 TTTTTTTTTTTTTTTTTTTTTTTTTTTTTT MOQGAD      TELAPSE      155.16 TCPU      153.68
 TTTTTTTTTTTTTTTTTTTTTTTTTTTTTT SHELLXN     TELAPSE      172.12 TCPU      170.57
 TTTTTTTTTTTTTTTTTTTTTTTTTTTTTT MONMO3      TELAPSE      172.20 TCPU      170.65
 NUMERICALLY INTEGRATED DENSITY    180.0000343958    180.0000343958
 TTTTTTTTTTTTTTTTTTTTTTTTTTTTTT NUMDFT      TELAPSE      172.96 TCPU      171.41
 CYC   6 ETOT(AU) -2.284506649800E+03 DETOT -1.13E-04 tst  8.58E-07 PX  1.18E-03
 TTTTTTTTTTTTTTTTTTTTTTTTTTTTTT DIIS        TELAPSE      173.07 TCPU      171.52
 DIIS TEST: 0.65828E-03 AT SCF   CYCLE   6 - DIIS ACTIVE - HISTORY:     6 CYCLES
 TTTTTTTTTTTTTTTTTTTTTTTTTTTTTT FDIK        TELAPSE      177.88 TCPU      176.32

    ALPHA      ELECTRONS
 INSULATING STATE
 TOP OF VALENCE BANDS -    BAND    180; K    1; EIG -1.6367633E-01 AU
 BOTTOM OF VIRTUAL BANDS - BAND    181; K    8; EIG -1.0621356E-01 AU
 INDIRECT ENERGY BAND GAP:   1.5636 eV
 BOTTOM OF VIRTUAL BANDS - BAND    181; K    1; EIG -6.6761308E-02 AU

    BETA       ELECTRONS
 INSULATING STATE
 TOP OF VALENCE BANDS -    BAND    180; K    1; EIG -1.6367633E-01 AU
 BOTTOM OF VIRTUAL BANDS - BAND    181; K    8; EIG -1.0621356E-01 AU
 INDIRECT ENERGY BAND GAP:   1.5636 eV
 BOTTOM OF VIRTUAL BANDS - BAND    181; K    1; EIG -6.6761308E-02 AU
 TTTTTTTTTTTTTTTTTTTTTTTTTTTTTT PDIG        TELAPSE      178.62 TCPU      177.06
 CHARGE NORMALIZATION FACTOR   1.00000000
 TOTAL ATOMIC CHARGES:
   5.9851223   5.9851223   5.9851223   5.9851223   5.9851223   5.9851223
   5.9851223   5.9851223   5.9851223   5.9851223   5.9851223   5.9851223
   5.9851223   5.9851223   5.9851223   5.9851223   5.9851223   5.9851223
   5.9851223   5.9851223   5.9851223   5.9851223   5.9851223   5.9851223
   6.0048985   6.0048985   6.0048985   6.0048985   6.0048985   6.0048985
   6.0048985   6.0048985   6.0048985   6.0048985   6.0048985   6.0048985
   6.0048985   6.0048985   6.0048985   6.0048985   6.0048985   6.0048985
   6.0048985   6.0048985   6.0048985   6.0048985   6.0048985   6.0048985
   6.0199584   6.0199584   6.0199584   6.0199584   6.0199584   6.0199584
   6.0199584   6.0199584   6.0199584   6.0199584   6.0199584   6.0199584
 SUMMED SPIN DENSITY           0.00000000
 TOTAL ATOMIC SPINS  :
   0.0000000   0.0000000   0.0000000   0.0000000   0.0000000   0.0000000
   0.0000000   0.0000000   0.0000000   0.0000000   0.0000000   0.0000000
   0.0000000   0.0000000   0.0000000   0.0000000   0.0000000   0.0000000
   0.0000000   0.0000000   0.0000000   0.0000000   0.0000000   0.0000000
  -0.0000000  -0.0000000  -0.0000000  -0.0000000  -0.0000000  -0.0000000
  -0.0000000  -0.0000000  -0.0000000  -0.0000000  -0.0000000  -0.0000000
  -0.0000000  -0.0000000  -0.0000000  -0.0000000  -0.0000000  -0.0000000
  -0.0000000  -0.0000000  -0.0000000  -0.0000000  -0.0000000  -0.0000000
   0.0000000   0.0000000   0.0000000   0.0000000   0.0000000   0.0000000
   0.0000000   0.0000000   0.0000000   0.0000000   0.0000000   0.0000000
 TTTTTTTTTTTTTTTTTTTTTTTTTTTTTT MOQGAD      TELAPSE      178.64 TCPU      177.08
 TTTTTTTTTTTTTTTTTTTTTTTTTTTTTT SHELLXN     TELAPSE      195.62 TCPU      194.01
 TTTTTTTTTTTTTTTTTTTTTTTTTTTTTT MONMO3      TELAPSE      195.71 TCPU      194.09
 NUMERICALLY INTEGRATED DENSITY    180.0000344397    180.0000344397
 TTTTTTTTTTTTTTTTTTTTTTTTTTTTTT NUMDFT      TELAPSE      196.47 TCPU      194.85
 CYC   7 ETOT(AU) -2.284506665283E+03 DETOT -1.55E-05 tst  4.79E-08 PX  7.55E-04
 TTTTTTTTTTTTTTTTTTTTTTTTTTTTTT DIIS        TELAPSE      196.58 TCPU      194.95
 DIIS TEST: 0.13386E-04 AT SCF   CYCLE   7 - DIIS ACTIVE - HISTORY:     7 CYCLES
 TTTTTTTTTTTTTTTTTTTTTTTTTTTTTT FDIK        TELAPSE      202.30 TCPU      200.66

    ALPHA      ELECTRONS
 INSULATING STATE
 TOP OF VALENCE BANDS -    BAND    180; K    1; EIG -1.6368633E-01 AU
 BOTTOM OF VIRTUAL BANDS - BAND    181; K    8; EIG -1.0622008E-01 AU
 INDIRECT ENERGY BAND GAP:   1.5637 eV
 BOTTOM OF VIRTUAL BANDS - BAND    181; K    1; EIG -6.6774063E-02 AU

    BETA       ELECTRONS
 INSULATING STATE
 TOP OF VALENCE BANDS -    BAND    180; K    1; EIG -1.6368633E-01 AU
 BOTTOM OF VIRTUAL BANDS - BAND    181; K    8; EIG -1.0622008E-01 AU
 INDIRECT ENERGY BAND GAP:   1.5637 eV
 BOTTOM OF VIRTUAL BANDS - BAND    181; K    1; EIG -6.6774063E-02 AU
 TTTTTTTTTTTTTTTTTTTTTTTTTTTTTT PDIG        TELAPSE      202.99 TCPU      201.35
 CHARGE NORMALIZATION FACTOR   1.00000000
 TOTAL ATOMIC CHARGES:
   5.9850337   5.9850337   5.9850337   5.9850337   5.9850337   5.9850337
   5.9850337   5.9850337   5.9850337   5.9850337   5.9850337   5.9850337
   5.9850337   5.9850337   5.9850337   5.9850337   5.9850337   5.9850337
   5.9850337   5.9850337   5.9850337   5.9850337   5.9850337   5.9850337
   6.0049160   6.0049160   6.0049160   6.0049160   6.0049160   6.0049160
   6.0049160   6.0049160   6.0049160   6.0049160   6.0049160   6.0049160
   6.0049160   6.0049160   6.0049160   6.0049160   6.0049160   6.0049160
   6.0049160   6.0049160   6.0049160   6.0049160   6.0049160   6.0049160
   6.0201007   6.0201007   6.0201007   6.0201007   6.0201007   6.0201007
   6.0201007   6.0201007   6.0201007   6.0201007   6.0201007   6.0201007
 SUMMED SPIN DENSITY           0.00000000
 TOTAL ATOMIC SPINS  :
  -0.0000000  -0.0000000  -0.0000000  -0.0000000  -0.0000000  -0.0000000
  -0.0000000  -0.0000000  -0.0000000  -0.0000000  -0.0000000  -0.0000000
  -0.0000000  -0.0000000  -0.0000000  -0.0000000  -0.0000000  -0.0000000
  -0.0000000  -0.0000000  -0.0000000  -0.0000000  -0.0000000  -0.0000000
   0.0000000   0.0000000   0.0000000   0.0000000   0.0000000   0.0000000
   0.0000000   0.0000000   0.0000000   0.0000000   0.0000000   0.0000000
   0.0000000   0.0000000   0.0000000   0.0000000   0.0000000   0.0000000
   0.0000000   0.0000000   0.0000000   0.0000000   0.0000000   0.0000000
   0.0000000   0.0000000   0.0000000   0.0000000   0.0000000   0.0000000
   0.0000000   0.0000000   0.0000000   0.0000000   0.0000000   0.0000000
 TTTTTTTTTTTTTTTTTTTTTTTTTTTTTT MOQGAD      TELAPSE      203.00 TCPU      201.36
 TTTTTTTTTTTTTTTTTTTTTTTTTTTTTT SHELLXN     TELAPSE      219.98 TCPU      218.28
 TTTTTTTTTTTTTTTTTTTTTTTTTTTTTT MONMO3      TELAPSE      220.06 TCPU      218.36
 NUMERICALLY INTEGRATED DENSITY    180.0000344324    180.0000344324
 TTTTTTTTTTTTTTTTTTTTTTTTTTTTTT NUMDFT      TELAPSE      220.81 TCPU      219.11
 CYC   8 ETOT(AU) -2.284506665765E+03 DETOT -4.82E-07 tst  6.02E-10 PX  1.18E-04
 TTTTTTTTTTTTTTTTTTTTTTTTTTTTTT DIIS        TELAPSE      220.98 TCPU      219.27
 DIIS TEST: 0.40010E-06 AT SCF   CYCLE   8 - DIIS ACTIVE - HISTORY:     8 CYCLES
 TTTTTTTTTTTTTTTTTTTTTTTTTTTTTT FDIK        TELAPSE      226.23 TCPU      224.51

    ALPHA      ELECTRONS
 INSULATING STATE
 TOP OF VALENCE BANDS -    BAND    180; K    1; EIG -1.6368220E-01 AU
 BOTTOM OF VIRTUAL BANDS - BAND    181; K    8; EIG -1.0621473E-01 AU
 INDIRECT ENERGY BAND GAP:   1.5638 eV
 BOTTOM OF VIRTUAL BANDS - BAND    181; K    1; EIG -6.6768918E-02 AU

    BETA       ELECTRONS
 INSULATING STATE
 TOP OF VALENCE BANDS -    BAND    180; K    1; EIG -1.6368220E-01 AU
 BOTTOM OF VIRTUAL BANDS - BAND    181; K    8; EIG -1.0621473E-01 AU
 INDIRECT ENERGY BAND GAP:   1.5638 eV
 BOTTOM OF VIRTUAL BANDS - BAND    181; K    1; EIG -6.6768918E-02 AU
 TTTTTTTTTTTTTTTTTTTTTTTTTTTTTT PDIG        TELAPSE      226.92 TCPU      225.20
 CHARGE NORMALIZATION FACTOR   1.00000000
 TOTAL ATOMIC CHARGES:
   5.9850548   5.9850548   5.9850548   5.9850548   5.9850548   5.9850548
   5.9850548   5.9850548   5.9850548   5.9850548   5.9850548   5.9850548
   5.9850548   5.9850548   5.9850548   5.9850548   5.9850548   5.9850548
   5.9850548   5.9850548   5.9850548   5.9850548   5.9850548   5.9850548
   6.0048893   6.0048893   6.0048893   6.0048893   6.0048893   6.0048893
   6.0048893   6.0048893   6.0048893   6.0048893   6.0048893   6.0048893
   6.0048893   6.0048893   6.0048893   6.0048893   6.0048893   6.0048893
   6.0048893   6.0048893   6.0048893   6.0048893   6.0048893   6.0048893
   6.0201118   6.0201118   6.0201118   6.0201118   6.0201118   6.0201118
   6.0201118   6.0201118   6.0201118   6.0201118   6.0201118   6.0201118
 SUMMED SPIN DENSITY           0.00000000
 TOTAL ATOMIC SPINS  :
  -0.0000000  -0.0000000  -0.0000000  -0.0000000  -0.0000000  -0.0000000
  -0.0000000  -0.0000000  -0.0000000  -0.0000000  -0.0000000  -0.0000000
  -0.0000000  -0.0000000  -0.0000000  -0.0000000  -0.0000000  -0.0000000
  -0.0000000  -0.0000000  -0.0000000  -0.0000000  -0.0000000  -0.0000000
   0.0000000   0.0000000   0.0000000   0.0000000   0.0000000   0.0000000
   0.0000000   0.0000000   0.0000000   0.0000000   0.0000000   0.0000000
   0.0000000   0.0000000   0.0000000   0.0000000   0.0000000   0.0000000
   0.0000000   0.0000000   0.0000000   0.0000000   0.0000000   0.0000000
  -0.0000000  -0.0000000  -0.0000000  -0.0000000  -0.0000000  -0.0000000
  -0.0000000  -0.0000000  -0.0000000  -0.0000000  -0.0000000  -0.0000000
 TTTTTTTTTTTTTTTTTTTTTTTTTTTTTT MOQGAD      TELAPSE      226.94 TCPU      225.22
 TTTTTTTTTTTTTTTTTTTTTTTTTTTTTT SHELLXN     TELAPSE      243.89 TCPU      242.12
 TTTTTTTTTTTTTTTTTTTTTTTTTTTTTT MONMO3      TELAPSE      243.97 TCPU      242.20
 NUMERICALLY INTEGRATED DENSITY    180.0000344322    180.0000344322
 TTTTTTTTTTTTTTTTTTTTTTTTTTTTTT NUMDFT      TELAPSE      244.73 TCPU      242.94
 CYC   9 ETOT(AU) -2.284506665864E+03 DETOT -9.90E-08 tst  4.14E-11 PX  1.88E-05
 TTTTTTTTTTTTTTTTTTTTTTTTTTTTTT DIIS        TELAPSE      244.83 TCPU      243.05
 DIIS TEST: 0.25526E-07 AT SCF   CYCLE   9 - DIIS ACTIVE - HISTORY:     9 CYCLES
 TTTTTTTTTTTTTTTTTTTTTTTTTTTTTT FDIK        TELAPSE      250.28 TCPU      248.48

    ALPHA      ELECTRONS
 INSULATING STATE
 TOP OF VALENCE BANDS -    BAND    180; K    1; EIG -1.6368375E-01 AU
 BOTTOM OF VIRTUAL BANDS - BAND    181; K    8; EIG -1.0621583E-01 AU
 INDIRECT ENERGY BAND GAP:   1.5638 eV
 BOTTOM OF VIRTUAL BANDS - BAND    181; K    1; EIG -6.6770180E-02 AU

    BETA       ELECTRONS
 INSULATING STATE
 TOP OF VALENCE BANDS -    BAND    180; K    1; EIG -1.6368375E-01 AU
 BOTTOM OF VIRTUAL BANDS - BAND    181; K    8; EIG -1.0621583E-01 AU
 INDIRECT ENERGY BAND GAP:   1.5638 eV
 BOTTOM OF VIRTUAL BANDS - BAND    181; K    1; EIG -6.6770180E-02 AU
 TTTTTTTTTTTTTTTTTTTTTTTTTTTTTT PDIG        TELAPSE      250.97 TCPU      249.17
 CHARGE NORMALIZATION FACTOR   1.00000000
 TOTAL ATOMIC CHARGES:
   5.9850523   5.9850523   5.9850523   5.9850523   5.9850523   5.9850523
   5.9850523   5.9850523   5.9850523   5.9850523   5.9850523   5.9850523
   5.9850523   5.9850523   5.9850523   5.9850523   5.9850523   5.9850523
   5.9850523   5.9850523   5.9850523   5.9850523   5.9850523   5.9850523
   6.0048933   6.0048933   6.0048933   6.0048933   6.0048933   6.0048933
   6.0048933   6.0048933   6.0048933   6.0048933   6.0048933   6.0048933
   6.0048933   6.0048933   6.0048933   6.0048933   6.0048933   6.0048933
   6.0048933   6.0048933   6.0048933   6.0048933   6.0048933   6.0048933
   6.0201089   6.0201089   6.0201089   6.0201089   6.0201089   6.0201089
   6.0201089   6.0201089   6.0201089   6.0201089   6.0201089   6.0201089
 SUMMED SPIN DENSITY           0.00000000
 TOTAL ATOMIC SPINS  :
  -0.0000000  -0.0000000  -0.0000000  -0.0000000  -0.0000000  -0.0000000
  -0.0000000  -0.0000000  -0.0000000  -0.0000000  -0.0000000  -0.0000000
  -0.0000000  -0.0000000  -0.0000000  -0.0000000  -0.0000000  -0.0000000
  -0.0000000  -0.0000000  -0.0000000  -0.0000000  -0.0000000  -0.0000000
   0.0000000   0.0000000   0.0000000   0.0000000   0.0000000   0.0000000
   0.0000000   0.0000000   0.0000000   0.0000000   0.0000000   0.0000000
   0.0000000   0.0000000   0.0000000   0.0000000   0.0000000   0.0000000
   0.0000000   0.0000000   0.0000000   0.0000000   0.0000000   0.0000000
   0.0000000   0.0000000   0.0000000   0.0000000   0.0000000   0.0000000
   0.0000000   0.0000000   0.0000000   0.0000000   0.0000000   0.0000000
 TTTTTTTTTTTTTTTTTTTTTTTTTTTTTT MOQGAD      TELAPSE      250.99 TCPU      249.19
 TTTTTTTTTTTTTTTTTTTTTTTTTTTTTT SHELLXN     TELAPSE      267.98 TCPU      266.12
 TTTTTTTTTTTTTTTTTTTTTTTTTTTTTT MONMO3      TELAPSE      268.06 TCPU      266.20
 NUMERICALLY INTEGRATED DENSITY    180.0000344323    180.0000344323
 TTTTTTTTTTTTTTTTTTTTTTTTTTTTTT NUMDFT      TELAPSE      268.81 TCPU      266.94
 CYC  10 ETOT(AU) -2.284506665860E+03 DETOT  3.86E-09 tst  2.18E-12 PX  3.66E-06
 TTTTTTTTTTTTTTTTTTTTTTTTTTTTTT DIIS        TELAPSE      268.92 TCPU      267.05
 DIIS TEST: 0.52963E-09 AT SCF   CYCLE  10 - DIIS ACTIVE - HISTORY:    10 CYCLES
 TTTTTTTTTTTTTTTTTTTTTTTTTTTTTT FDIK        TELAPSE      272.10 TCPU      270.22

    ALPHA      ELECTRONS
 INSULATING STATE
 TOP OF VALENCE BANDS -    BAND    180; K    1; EIG -1.6368360E-01 AU
 BOTTOM OF VIRTUAL BANDS - BAND    181; K    8; EIG -1.0621546E-01 AU
 INDIRECT ENERGY BAND GAP:   1.5638 eV
 BOTTOM OF VIRTUAL BANDS - BAND    181; K    1; EIG -6.6769866E-02 AU

    BETA       ELECTRONS
 INSULATING STATE
 TOP OF VALENCE BANDS -    BAND    180; K    1; EIG -1.6368360E-01 AU
 BOTTOM OF VIRTUAL BANDS - BAND    181; K    8; EIG -1.0621546E-01 AU
 INDIRECT ENERGY BAND GAP:   1.5638 eV
 BOTTOM OF VIRTUAL BANDS - BAND    181; K    1; EIG -6.6769866E-02 AU
 TTTTTTTTTTTTTTTTTTTTTTTTTTTTTT PDIG        TELAPSE      272.79 TCPU      270.91
 CHARGE NORMALIZATION FACTOR   1.00000000
 TOTAL ATOMIC CHARGES:
   5.9850522   5.9850522   5.9850522   5.9850522   5.9850522   5.9850522
   5.9850522   5.9850522   5.9850522   5.9850522   5.9850522   5.9850522
   5.9850522   5.9850522   5.9850522   5.9850522   5.9850522   5.9850522
   5.9850522   5.9850522   5.9850522   5.9850522   5.9850522   5.9850522
   6.0048935   6.0048935   6.0048935   6.0048935   6.0048935   6.0048935
   6.0048935   6.0048935   6.0048935   6.0048935   6.0048935   6.0048935
   6.0048935   6.0048935   6.0048935   6.0048935   6.0048935   6.0048935
   6.0048935   6.0048935   6.0048935   6.0048935   6.0048935   6.0048935
   6.0201088   6.0201088   6.0201088   6.0201088   6.0201088   6.0201088
   6.0201088   6.0201088   6.0201088   6.0201088   6.0201088   6.0201088
 SUMMED SPIN DENSITY           0.00000000
 TOTAL ATOMIC SPINS  :
  -0.0000000  -0.0000000  -0.0000000  -0.0000000  -0.0000000  -0.0000000
  -0.0000000  -0.0000000  -0.0000000  -0.0000000  -0.0000000  -0.0000000
  -0.0000000  -0.0000000  -0.0000000  -0.0000000  -0.0000000  -0.0000000
  -0.0000000  -0.0000000  -0.0000000  -0.0000000  -0.0000000  -0.0000000
   0.0000000   0.0000000   0.0000000   0.0000000   0.0000000   0.0000000
   0.0000000   0.0000000   0.0000000   0.0000000   0.0000000   0.0000000
   0.0000000   0.0000000   0.0000000   0.0000000   0.0000000   0.0000000
   0.0000000   0.0000000   0.0000000   0.0000000   0.0000000   0.0000000
   0.0000000   0.0000000   0.0000000   0.0000000   0.0000000   0.0000000
   0.0000000   0.0000000   0.0000000   0.0000000   0.0000000   0.0000000
 TTTTTTTTTTTTTTTTTTTTTTTTTTTTTT MOQGAD      TELAPSE      272.81 TCPU      270.92
 TTTTTTTTTTTTTTTTTTTTTTTTTTTTTT SHELLXN     TELAPSE      289.81 TCPU      287.86
 TTTTTTTTTTTTTTTTTTTTTTTTTTTTTT MONMO3      TELAPSE      289.89 TCPU      287.94
 NUMERICALLY INTEGRATED DENSITY    180.0000344323    180.0000344323
 TTTTTTTTTTTTTTTTTTTTTTTTTTTTTT NUMDFT      TELAPSE      290.64 TCPU      288.69
 CYC  11 ETOT(AU) -2.284506665857E+03 DETOT  2.99E-09 tst  7.57E-14 PX  6.56E-07
 TTTTTTTTTTTTTTTTTTTTTTTTTTTTTT DIIS        TELAPSE      290.76 TCPU      288.80
 DIIS TEST: 0.38283E-10 AT SCF   CYCLE  11 - DIIS ACTIVE - HISTORY:    11 CYCLES
 TTTTTTTTTTTTTTTTTTTTTTTTTTTTTT FDIK        TELAPSE      293.95 TCPU      291.98

    ALPHA      ELECTRONS
 INSULATING STATE
 TOP OF VALENCE BANDS -    BAND    180; K    1; EIG -1.6368357E-01 AU
 BOTTOM OF VIRTUAL BANDS - BAND    181; K    8; EIG -1.0621539E-01 AU
 INDIRECT ENERGY BAND GAP:   1.5638 eV
 BOTTOM OF VIRTUAL BANDS - BAND    181; K    1; EIG -6.6769811E-02 AU

    BETA       ELECTRONS
 INSULATING STATE
 TOP OF VALENCE BANDS -    BAND    180; K    1; EIG -1.6368357E-01 AU
 BOTTOM OF VIRTUAL BANDS - BAND    181; K    8; EIG -1.0621539E-01 AU
 INDIRECT ENERGY BAND GAP:   1.5638 eV
 BOTTOM OF VIRTUAL BANDS - BAND    181; K    1; EIG -6.6769811E-02 AU
 TTTTTTTTTTTTTTTTTTTTTTTTTTTTTT PDIG        TELAPSE      294.64 TCPU      292.67
 CHARGE NORMALIZATION FACTOR   1.00000000
 TOTAL ATOMIC CHARGES:
   5.9850522   5.9850522   5.9850522   5.9850522   5.9850522   5.9850522
   5.9850522   5.9850522   5.9850522   5.9850522   5.9850522   5.9850522
   5.9850522   5.9850522   5.9850522   5.9850522   5.9850522   5.9850522
   5.9850522   5.9850522   5.9850522   5.9850522   5.9850522   5.9850522
   6.0048934   6.0048934   6.0048934   6.0048934   6.0048934   6.0048934
   6.0048934   6.0048934   6.0048934   6.0048934   6.0048934   6.0048934
   6.0048934   6.0048934   6.0048934   6.0048934   6.0048934   6.0048934
   6.0048934   6.0048934   6.0048934   6.0048934   6.0048934   6.0048934
   6.0201087   6.0201087   6.0201087   6.0201087   6.0201087   6.0201087
   6.0201087   6.0201087   6.0201087   6.0201087   6.0201087   6.0201087
 SUMMED SPIN DENSITY           0.00000000
 TOTAL ATOMIC SPINS  :
  -0.0000000  -0.0000000  -0.0000000  -0.0000000  -0.0000000  -0.0000000
  -0.0000000  -0.0000000  -0.0000000  -0.0000000  -0.0000000  -0.0000000
  -0.0000000  -0.0000000  -0.0000000  -0.0000000  -0.0000000  -0.0000000
  -0.0000000  -0.0000000  -0.0000000  -0.0000000  -0.0000000  -0.0000000
   0.0000000   0.0000000   0.0000000   0.0000000   0.0000000   0.0000000
   0.0000000   0.0000000   0.0000000   0.0000000   0.0000000   0.0000000
   0.0000000   0.0000000   0.0000000   0.0000000   0.0000000   0.0000000
   0.0000000   0.0000000   0.0000000   0.0000000   0.0000000   0.0000000
   0.0000000   0.0000000   0.0000000   0.0000000   0.0000000   0.0000000
   0.0000000   0.0000000   0.0000000   0.0000000   0.0000000   0.0000000
 TTTTTTTTTTTTTTTTTTTTTTTTTTTTTT MOQGAD      TELAPSE      294.66 TCPU      292.68
 TTTTTTTTTTTTTTTTTTTTTTTTTTTTTT SHELLXN     TELAPSE      311.58 TCPU      309.56
 TTTTTTTTTTTTTTTTTTTTTTTTTTTTTT MONMO3      TELAPSE      311.66 TCPU      309.64
 NUMERICALLY INTEGRATED DENSITY    180.0000344323    180.0000344323
 TTTTTTTTTTTTTTTTTTTTTTTTTTTTTT NUMDFT      TELAPSE      312.42 TCPU      310.39
 CYC  12 ETOT(AU) -2.284506665857E+03 DETOT  1.55E-10 tst  3.86E-15 PX  6.06E-08
 TTTTTTTTTTTTTTTTTTTTTTTTTTTTTT DIIS        TELAPSE      312.52 TCPU      310.50
 DIIS TEST: 0.30444E-10 AT SCF   CYCLE  12 - DIIS ACTIVE - HISTORY:    12 CYCLES
 TTTTTTTTTTTTTTTTTTTTTTTTTTTTTT FDIK        TELAPSE      315.47 TCPU      313.44

    ALPHA      ELECTRONS
 INSULATING STATE
 TOP OF VALENCE BANDS -    BAND    180; K    1; EIG -1.6368357E-01 AU
 BOTTOM OF VIRTUAL BANDS - BAND    181; K    8; EIG -1.0621539E-01 AU
 INDIRECT ENERGY BAND GAP:   1.5638 eV
 BOTTOM OF VIRTUAL BANDS - BAND    181; K    1; EIG -6.6769813E-02 AU

    BETA       ELECTRONS
 INSULATING STATE
 TOP OF VALENCE BANDS -    BAND    180; K    1; EIG -1.6368357E-01 AU
 BOTTOM OF VIRTUAL BANDS - BAND    181; K    8; EIG -1.0621539E-01 AU
 INDIRECT ENERGY BAND GAP:   1.5638 eV
 BOTTOM OF VIRTUAL BANDS - BAND    181; K    1; EIG -6.6769813E-02 AU
 TTTTTTTTTTTTTTTTTTTTTTTTTTTTTT PDIG        TELAPSE      316.15 TCPU      314.12
 CHARGE NORMALIZATION FACTOR   1.00000000
 TOTAL ATOMIC CHARGES:
   5.9850523   5.9850523   5.9850523   5.9850523   5.9850523   5.9850523
   5.9850523   5.9850523   5.9850523   5.9850523   5.9850523   5.9850523
   5.9850523   5.9850523   5.9850523   5.9850523   5.9850523   5.9850523
   5.9850523   5.9850523   5.9850523   5.9850523   5.9850523   5.9850523
   6.0048934   6.0048934   6.0048934   6.0048934   6.0048934   6.0048934
   6.0048934   6.0048934   6.0048934   6.0048934   6.0048934   6.0048934
   6.0048934   6.0048934   6.0048934   6.0048934   6.0048934   6.0048934
   6.0048934   6.0048934   6.0048934   6.0048934   6.0048934   6.0048934
   6.0201087   6.0201087   6.0201087   6.0201087   6.0201087   6.0201087
   6.0201087   6.0201087   6.0201087   6.0201087   6.0201087   6.0201087
 SUMMED SPIN DENSITY           0.00000000
 TOTAL ATOMIC SPINS  :
  -0.0000000  -0.0000000  -0.0000000  -0.0000000  -0.0000000  -0.0000000
  -0.0000000  -0.0000000  -0.0000000  -0.0000000  -0.0000000  -0.0000000
  -0.0000000  -0.0000000  -0.0000000  -0.0000000  -0.0000000  -0.0000000
  -0.0000000  -0.0000000  -0.0000000  -0.0000000  -0.0000000  -0.0000000
   0.0000000   0.0000000   0.0000000   0.0000000   0.0000000   0.0000000
   0.0000000   0.0000000   0.0000000   0.0000000   0.0000000   0.0000000
   0.0000000   0.0000000   0.0000000   0.0000000   0.0000000   0.0000000
   0.0000000   0.0000000   0.0000000   0.0000000   0.0000000   0.0000000
   0.0000000   0.0000000   0.0000000   0.0000000   0.0000000   0.0000000
   0.0000000   0.0000000   0.0000000   0.0000000   0.0000000   0.0000000
 TTTTTTTTTTTTTTTTTTTTTTTTTTTTTT MOQGAD      TELAPSE      316.17 TCPU      314.13
 TTTTTTTTTTTTTTTTTTTTTTTTTTTTTT SHELLXN     TELAPSE      333.10 TCPU      331.01
 +++ ENERGIES IN A.U. +++
 ::: EXT EL-POLE                                  -7.0409198177496E+03
 ::: EXT EL-SPHEROPOLE                             6.3316991293102E+01
 ::: BIELET ZONE E-E                               7.7873840982237E+03
 ::: TOTAL E-E                                     8.0978127176726E+02
 ::: TOTAL E-N + N-E                              -4.7711572090987E+03
 ::: TOTAL N-N                                    -3.3814645060366E+02
 ::: KINETIC ENERGY                                2.2783435994795E+03
 ::: PSEUDO TOTAL   ENERGY                        -2.0211787884556E+03
 ::: VIRIAL COEFFICIENT                            1.0598124135242E+00
 TTTTTTTTTTTTTTTTTTTTTTTTTTTTTT MONMO3      TELAPSE      333.18 TCPU      331.09
 NUMERICALLY INTEGRATED DENSITY    180.0000344323    180.0000344323
 EXCHANGE ENERGY: -0.248329570119E+03  CORRELATION ENERGY: -0.149983072820E+02
 TTTTTTTTTTTTTTTTTTTTTTTTTTTTTT NUMDFT      TELAPSE      333.95 TCPU      331.85
 CYC  13 ETOT(AU) -2.284506665857E+03 DETOT -5.46E-12 tst  8.33E-16 PX  6.06E-08

 == SCF ENDED - CONVERGENCE ON ENERGY      E(AU) -2.2845066658569E+03 CYCLES  13


 ENERGY EXPRESSION=HARTREE+FOCK EXCH*0.20000+(BECKE      EXCH)*0.80000+LYP        CORR


 TOTAL ENERGY(DFT)(AU)( 13) -2.2845066658569E+03 DE-5.5E-12 tester 8.3E-16
 TTTTTTTTTTTTTTTTTTTTTTTTTTTTTT EDFT        TELAPSE      333.96 TCPU      331.87
 
 INFORMATION **** DFTD3 ENERGY **** CALCULATE DFTD3 ENERGY

           DFT-D V3(BJ)
 DF                                         b3-lyp    
 parameters
 s6       :    1.0000
 s8       :    1.9889
 a1       :    0.3981
 a2       :    4.4211
 k1 k3    :   16.0000   -4.0000
 Cutoff   :   50.2022
 CN-Cutoff:   21.1671
 ABC-Cutoff:   21.1671
 
 Edisp /kcal,au:  -332.9139 -0.53053204

 E6    /kcal :  -158.8687
 E8    /kcal :  -174.0452
 
 INFORMATION **** DFTD3 ENERGY **** NORMAL TERMINATION OF DFTD3 MODULE

 *******************************************************************************

 DFT-D3 DISPERSION ENERGY CORRECTION

 D3 DISPERSION ENERGY (AU)       -5.3053203571808E-01
 TOTAL ENERGY + DISP (AU)        -2.2850371978926E+03

 *******************************************************************************


 NEIGHBORS OF THE NON-EQUIVALENT ATOMS

 N = NUMBER OF NEIGHBORS AT DISTANCE R
    ATOM  N     R/ANG      R/AU   NEIGHBORS (ATOM LABELS AND CELL INDICES)
   1 C    1     1.3408     2.5338   41 C    0 0 0
   1 C    1     1.4955     2.8261   15 C    0 0 0
   1 C    1     1.5041     2.8423   59 C    0 0 0
   1 C    1     2.4082     4.5509   53 C    0 0 0
   1 C    1     2.4223     4.5775   55 C    1 0 1
   1 C    1     2.4245     4.5816   34 C    1 0 0

  25 C    1     1.3408     2.5338   18 C    0 0 0
  25 C    2     1.4891     2.8139   47 C    0 0-1   48 C    0 0-1
  25 C    1     2.4245     4.5816    9 C    0 0-1
  25 C    1     2.4258     4.5840   50 C    0 0 0
  25 C    2     2.4361     4.6036   35 C    0 0 0   36 C    0 0 0
  25 C    1     2.5849     4.8848    4 C    0 0-1

  49 C    1     1.3483     2.5480   50 C    0 1 1
  49 C    2     1.5041     2.8423   12 C    0 0 0   22 C    0 0 0
  49 C    1     2.3653     4.4697   51 C    0 0 0
  49 C    2     2.4082     4.5509    6 C    0 0 0   20 C    0 0 0
  49 C    2     2.4223     4.5775    8 C    0 1 1   18 C    0 1 1
  49 C    2     2.4258     4.5840   26 C    0 0 0   39 C    0 0 0

 TTTTTTTTTTTTTTTTTTTTTTTTTTTTTT AFTER FIRST TELAPSE      334.23 TCPU      332.13
 MMMMMMMMMMMMMMMMMMMMMMMMMMMMMMMMMMMMMMMMMMMMMMMMMMMMMMMMMMMMMMMMMMMMMMMMMMMMMMM
     ALPHA+BETA ELECTRONS
 MULLIKEN POPULATION ANALYSIS - NO. OF ELECTRONS  360.000000

  ATOM    Z CHARGE  A.O. POPULATION

   1 C    6  5.985  0.854  1.121  0.763  0.420  0.467  0.415  0.464  0.011
                   -0.049 -0.003  0.419  0.596  0.469  0.009  0.010  0.006
                    0.008  0.006
   2 C    6  5.985  0.854  1.121  0.763  0.420  0.467  0.415  0.464  0.011
                   -0.049 -0.003  0.419  0.596  0.469  0.009  0.010  0.006
                    0.008  0.006
   3 C    6  5.985  0.854  1.121  0.763  0.420  0.467  0.415  0.464  0.011
                   -0.049 -0.003  0.419  0.596  0.469  0.009  0.010  0.006
                    0.008  0.006
   4 C    6  5.985  0.854  1.121  0.763  0.420  0.467  0.415  0.464  0.011
                   -0.049 -0.003  0.419  0.596  0.469  0.009  0.010  0.006
                    0.008  0.006
   5 C    6  5.985  0.854  1.121  0.763  0.420  0.464  0.467  0.415 -0.003
                    0.011 -0.049  0.469  0.419  0.596  0.004  0.006  0.006
                    0.012  0.010
   6 C    6  5.985  0.854  1.121  0.763  0.420  0.415  0.464  0.467 -0.049
                   -0.003  0.011  0.596  0.469  0.419  0.012  0.006  0.010
                    0.005  0.006
   7 C    6  5.985  0.854  1.121  0.763  0.420  0.464  0.467  0.415 -0.003
                    0.011 -0.049  0.469  0.419  0.596  0.004  0.006  0.006
                    0.012  0.010
   8 C    6  5.985  0.854  1.121  0.763  0.420  0.415  0.464  0.467 -0.049
                   -0.003  0.011  0.596  0.469  0.419  0.012  0.006  0.010
                    0.005  0.006
   9 C    6  5.985  0.854  1.121  0.763  0.420  0.464  0.467  0.415 -0.003
                    0.011 -0.049  0.469  0.419  0.596  0.004  0.006  0.006
                    0.012  0.010
  10 C    6  5.985  0.854  1.121  0.763  0.420  0.415  0.464  0.467 -0.049
                   -0.003  0.011  0.596  0.469  0.419  0.012  0.006  0.010
                    0.005  0.006
  11 C    6  5.985  0.854  1.121  0.763  0.420  0.464  0.467  0.415 -0.003
                    0.011 -0.049  0.469  0.419  0.596  0.004  0.006  0.006
                    0.012  0.010
  12 C    6  5.985  0.854  1.121  0.763  0.420  0.415  0.464  0.467 -0.049
                   -0.003  0.011  0.596  0.469  0.419  0.012  0.006  0.010
                    0.005  0.006
  13 C    6  5.985  0.854  1.121  0.763  0.420  0.467  0.415  0.464  0.011
                   -0.049 -0.003  0.419  0.596  0.469  0.009  0.010  0.006
                    0.008  0.006
  14 C    6  5.985  0.854  1.121  0.763  0.420  0.467  0.415  0.464  0.011
                   -0.049 -0.003  0.419  0.596  0.469  0.009  0.010  0.006
                    0.008  0.006
  15 C    6  5.985  0.854  1.121  0.763  0.420  0.467  0.415  0.464  0.011
                   -0.049 -0.003  0.419  0.596  0.469  0.009  0.010  0.006
                    0.008  0.006
  16 C    6  5.985  0.854  1.121  0.763  0.420  0.467  0.415  0.464  0.011
                   -0.049 -0.003  0.419  0.596  0.469  0.009  0.010  0.006
                    0.008  0.006
  17 C    6  5.985  0.854  1.121  0.763  0.420  0.464  0.467  0.415 -0.003
                    0.011 -0.049  0.469  0.419  0.596  0.004  0.006  0.006
                    0.012  0.010
  18 C    6  5.985  0.854  1.121  0.763  0.420  0.415  0.464  0.467 -0.049
                   -0.003  0.011  0.596  0.469  0.419  0.012  0.006  0.010
                    0.005  0.006
  19 C    6  5.985  0.854  1.121  0.763  0.420  0.464  0.467  0.415 -0.003
                    0.011 -0.049  0.469  0.419  0.596  0.004  0.006  0.006
                    0.012  0.010
  20 C    6  5.985  0.854  1.121  0.763  0.420  0.415  0.464  0.467 -0.049
                   -0.003  0.011  0.596  0.469  0.419  0.012  0.006  0.010
                    0.005  0.006
  21 C    6  5.985  0.854  1.121  0.763  0.420  0.464  0.467  0.415 -0.003
                    0.011 -0.049  0.469  0.419  0.596  0.004  0.006  0.006
                    0.012  0.010
  22 C    6  5.985  0.854  1.121  0.763  0.420  0.415  0.464  0.467 -0.049
                   -0.003  0.011  0.596  0.469  0.419  0.012  0.006  0.010
                    0.005  0.006
  23 C    6  5.985  0.854  1.121  0.763  0.420  0.464  0.467  0.415 -0.003
                    0.011 -0.049  0.469  0.419  0.596  0.004  0.006  0.006
                    0.012  0.010
  24 C    6  5.985  0.854  1.121  0.763  0.420  0.415  0.464  0.467 -0.049
                   -0.003  0.011  0.596  0.469  0.419  0.012  0.006  0.010
                    0.005  0.006
  25 C    6  6.005  0.854  1.121  0.767  0.404  0.405  0.471  0.476 -0.059
                    0.006  0.007  0.640  0.432  0.440  0.011  0.005  0.012
                    0.006  0.006
  26 C    6  6.005  0.854  1.121  0.767  0.404  0.405  0.471  0.476 -0.059
                    0.006  0.007  0.640  0.432  0.440  0.011  0.005  0.012
                    0.006  0.006
  27 C    6  6.005  0.854  1.121  0.767  0.404  0.405  0.471  0.476 -0.059
                    0.006  0.007  0.640  0.432  0.440  0.011  0.005  0.012
                    0.006  0.006
  28 C    6  6.005  0.854  1.121  0.767  0.404  0.405  0.471  0.476 -0.059
                    0.006  0.007  0.640  0.432  0.440  0.011  0.005  0.012
                    0.006  0.006
  29 C    6  6.005  0.854  1.121  0.767  0.404  0.476  0.405  0.471  0.007
                   -0.059  0.006  0.440  0.640  0.432  0.011  0.012  0.006
                    0.007  0.005
  30 C    6  6.005  0.854  1.121  0.767  0.404  0.471  0.476  0.405  0.006
                    0.007 -0.059  0.432  0.440  0.640  0.004  0.006  0.005
                    0.013  0.012
  31 C    6  6.005  0.854  1.121  0.767  0.404  0.476  0.405  0.471  0.007
                   -0.059  0.006  0.440  0.640  0.432  0.011  0.012  0.006
                    0.007  0.005
  32 C    6  6.005  0.854  1.121  0.767  0.404  0.471  0.476  0.405  0.006
                    0.007 -0.059  0.432  0.440  0.640  0.004  0.006  0.005
                    0.013  0.012
  33 C    6  6.005  0.854  1.121  0.767  0.404  0.476  0.405  0.471  0.007
                   -0.059  0.006  0.440  0.640  0.432  0.011  0.012  0.006
                    0.007  0.005
  34 C    6  6.005  0.854  1.121  0.767  0.404  0.471  0.476  0.405  0.006
                    0.007 -0.059  0.432  0.440  0.640  0.004  0.006  0.005
                    0.013  0.012
  35 C    6  6.005  0.854  1.121  0.767  0.404  0.476  0.405  0.471  0.007
                   -0.059  0.006  0.440  0.640  0.432  0.011  0.012  0.006
                    0.007  0.005
  36 C    6  6.005  0.854  1.121  0.767  0.404  0.471  0.476  0.405  0.006
                    0.007 -0.059  0.432  0.440  0.640  0.004  0.006  0.005
                    0.013  0.012
  37 C    6  6.005  0.854  1.121  0.767  0.404  0.405  0.471  0.476 -0.059
                    0.006  0.007  0.640  0.432  0.440  0.011  0.005  0.012
                    0.006  0.006
  38 C    6  6.005  0.854  1.121  0.767  0.404  0.405  0.471  0.476 -0.059
                    0.006  0.007  0.640  0.432  0.440  0.011  0.005  0.012
                    0.006  0.006
  39 C    6  6.005  0.854  1.121  0.767  0.404  0.405  0.471  0.476 -0.059
                    0.006  0.007  0.640  0.432  0.440  0.011  0.005  0.012
                    0.006  0.006
  40 C    6  6.005  0.854  1.121  0.767  0.404  0.405  0.471  0.476 -0.059
                    0.006  0.007  0.640  0.432  0.440  0.011  0.005  0.012
                    0.006  0.006
  41 C    6  6.005  0.854  1.121  0.767  0.404  0.476  0.405  0.471  0.007
                   -0.059  0.006  0.440  0.640  0.432  0.011  0.012  0.006
                    0.007  0.005
  42 C    6  6.005  0.854  1.121  0.767  0.404  0.471  0.476  0.405  0.006
                    0.007 -0.059  0.432  0.440  0.640  0.004  0.006  0.005
                    0.013  0.012
  43 C    6  6.005  0.854  1.121  0.767  0.404  0.476  0.405  0.471  0.007
                   -0.059  0.006  0.440  0.640  0.432  0.011  0.012  0.006
                    0.007  0.005
  44 C    6  6.005  0.854  1.121  0.767  0.404  0.471  0.476  0.405  0.006
                    0.007 -0.059  0.432  0.440  0.640  0.004  0.006  0.005
                    0.013  0.012
  45 C    6  6.005  0.854  1.121  0.767  0.404  0.476  0.405  0.471  0.007
                   -0.059  0.006  0.440  0.640  0.432  0.011  0.012  0.006
                    0.007  0.005
  46 C    6  6.005  0.854  1.121  0.767  0.404  0.471  0.476  0.405  0.006
                    0.007 -0.059  0.432  0.440  0.640  0.004  0.006  0.005
                    0.013  0.012
  47 C    6  6.005  0.854  1.121  0.767  0.404  0.476  0.405  0.471  0.007
                   -0.059  0.006  0.440  0.640  0.432  0.011  0.012  0.006
                    0.007  0.005
  48 C    6  6.005  0.854  1.121  0.767  0.404  0.471  0.476  0.405  0.006
                    0.007 -0.059  0.432  0.440  0.640  0.004  0.006  0.005
                    0.013  0.012
  49 C    6  6.020  0.854  1.120  0.761  0.455  0.500  0.455  0.392 -0.004
                    0.013 -0.051  0.432  0.448  0.604  0.004  0.007  0.006
                    0.013  0.012
  50 C    6  6.020  0.854  1.120  0.761  0.455  0.500  0.455  0.392 -0.004
                    0.013 -0.051  0.432  0.448  0.604  0.004  0.007  0.006
                    0.013  0.012
  51 C    6  6.020  0.854  1.120  0.761  0.455  0.500  0.455  0.392 -0.004
                    0.013 -0.051  0.432  0.448  0.604  0.004  0.007  0.006
                    0.013  0.012
  52 C    6  6.020  0.854  1.120  0.761  0.455  0.500  0.455  0.392 -0.004
                    0.013 -0.051  0.432  0.448  0.604  0.004  0.007  0.006
                    0.013  0.012
  53 C    6  6.020  0.854  1.120  0.761  0.455  0.392  0.500  0.455 -0.051
                   -0.004  0.013  0.604  0.432  0.448  0.010  0.006  0.012
                    0.007  0.007
  54 C    6  6.020  0.854  1.120  0.761  0.455  0.455  0.392  0.500  0.013
                   -0.051 -0.004  0.448  0.604  0.432  0.011  0.012  0.007
                    0.006  0.006
  55 C    6  6.020  0.854  1.120  0.761  0.455  0.392  0.500  0.455 -0.051
                   -0.004  0.013  0.604  0.432  0.448  0.010  0.006  0.012
                    0.007  0.007
  56 C    6  6.020  0.854  1.120  0.761  0.455  0.455  0.392  0.500  0.013
                   -0.051 -0.004  0.448  0.604  0.432  0.011  0.012  0.007
                    0.006  0.006
  57 C    6  6.020  0.854  1.120  0.761  0.455  0.392  0.500  0.455 -0.051
                   -0.004  0.013  0.604  0.432  0.448  0.010  0.006  0.012
                    0.007  0.007
  58 C    6  6.020  0.854  1.120  0.761  0.455  0.455  0.392  0.500  0.013
                   -0.051 -0.004  0.448  0.604  0.432  0.011  0.012  0.007
                    0.006  0.006
  59 C    6  6.020  0.854  1.120  0.761  0.455  0.392  0.500  0.455 -0.051
                   -0.004  0.013  0.604  0.432  0.448  0.010  0.006  0.012
                    0.007  0.007
  60 C    6  6.020  0.854  1.120  0.761  0.455  0.455  0.392  0.500  0.013
                   -0.051 -0.004  0.448  0.604  0.432  0.011  0.012  0.007
                    0.006  0.006

  ATOM    Z CHARGE  SHELL POPULATION

   1 C    6  5.985  0.854  1.121  0.763  0.420  1.346 -0.041  1.484  0.039
   2 C    6  5.985  0.854  1.121  0.763  0.420  1.346 -0.041  1.484  0.039
   3 C    6  5.985  0.854  1.121  0.763  0.420  1.346 -0.041  1.484  0.039
   4 C    6  5.985  0.854  1.121  0.763  0.420  1.346 -0.041  1.484  0.039
   5 C    6  5.985  0.854  1.121  0.763  0.420  1.346 -0.041  1.484  0.039
   6 C    6  5.985  0.854  1.121  0.763  0.420  1.346 -0.041  1.484  0.039
   7 C    6  5.985  0.854  1.121  0.763  0.420  1.346 -0.041  1.484  0.039
   8 C    6  5.985  0.854  1.121  0.763  0.420  1.346 -0.041  1.484  0.039
   9 C    6  5.985  0.854  1.121  0.763  0.420  1.346 -0.041  1.484  0.039
  10 C    6  5.985  0.854  1.121  0.763  0.420  1.346 -0.041  1.484  0.039
  11 C    6  5.985  0.854  1.121  0.763  0.420  1.346 -0.041  1.484  0.039
  12 C    6  5.985  0.854  1.121  0.763  0.420  1.346 -0.041  1.484  0.039
  13 C    6  5.985  0.854  1.121  0.763  0.420  1.346 -0.041  1.484  0.039
  14 C    6  5.985  0.854  1.121  0.763  0.420  1.346 -0.041  1.484  0.039
  15 C    6  5.985  0.854  1.121  0.763  0.420  1.346 -0.041  1.484  0.039
  16 C    6  5.985  0.854  1.121  0.763  0.420  1.346 -0.041  1.484  0.039
  17 C    6  5.985  0.854  1.121  0.763  0.420  1.346 -0.041  1.484  0.039
  18 C    6  5.985  0.854  1.121  0.763  0.420  1.346 -0.041  1.484  0.039
  19 C    6  5.985  0.854  1.121  0.763  0.420  1.346 -0.041  1.484  0.039
  20 C    6  5.985  0.854  1.121  0.763  0.420  1.346 -0.041  1.484  0.039
  21 C    6  5.985  0.854  1.121  0.763  0.420  1.346 -0.041  1.484  0.039
  22 C    6  5.985  0.854  1.121  0.763  0.420  1.346 -0.041  1.484  0.039
  23 C    6  5.985  0.854  1.121  0.763  0.420  1.346 -0.041  1.484  0.039
  24 C    6  5.985  0.854  1.121  0.763  0.420  1.346 -0.041  1.484  0.039
  25 C    6  6.005  0.854  1.121  0.767  0.404  1.352 -0.046  1.512  0.041
  26 C    6  6.005  0.854  1.121  0.767  0.404  1.352 -0.046  1.512  0.041
  27 C    6  6.005  0.854  1.121  0.767  0.404  1.352 -0.046  1.512  0.041
  28 C    6  6.005  0.854  1.121  0.767  0.404  1.352 -0.046  1.512  0.041
  29 C    6  6.005  0.854  1.121  0.767  0.404  1.352 -0.046  1.512  0.041
  30 C    6  6.005  0.854  1.121  0.767  0.404  1.352 -0.046  1.512  0.041
  31 C    6  6.005  0.854  1.121  0.767  0.404  1.352 -0.046  1.512  0.041
  32 C    6  6.005  0.854  1.121  0.767  0.404  1.352 -0.046  1.512  0.041
  33 C    6  6.005  0.854  1.121  0.767  0.404  1.352 -0.046  1.512  0.041
  34 C    6  6.005  0.854  1.121  0.767  0.404  1.352 -0.046  1.512  0.041
  35 C    6  6.005  0.854  1.121  0.767  0.404  1.352 -0.046  1.512  0.041
  36 C    6  6.005  0.854  1.121  0.767  0.404  1.352 -0.046  1.512  0.041
  37 C    6  6.005  0.854  1.121  0.767  0.404  1.352 -0.046  1.512  0.041
  38 C    6  6.005  0.854  1.121  0.767  0.404  1.352 -0.046  1.512  0.041
  39 C    6  6.005  0.854  1.121  0.767  0.404  1.352 -0.046  1.512  0.041
  40 C    6  6.005  0.854  1.121  0.767  0.404  1.352 -0.046  1.512  0.041
  41 C    6  6.005  0.854  1.121  0.767  0.404  1.352 -0.046  1.512  0.041
  42 C    6  6.005  0.854  1.121  0.767  0.404  1.352 -0.046  1.512  0.041
  43 C    6  6.005  0.854  1.121  0.767  0.404  1.352 -0.046  1.512  0.041
  44 C    6  6.005  0.854  1.121  0.767  0.404  1.352 -0.046  1.512  0.041
  45 C    6  6.005  0.854  1.121  0.767  0.404  1.352 -0.046  1.512  0.041
  46 C    6  6.005  0.854  1.121  0.767  0.404  1.352 -0.046  1.512  0.041
  47 C    6  6.005  0.854  1.121  0.767  0.404  1.352 -0.046  1.512  0.041
  48 C    6  6.005  0.854  1.121  0.767  0.404  1.352 -0.046  1.512  0.041
  49 C    6  6.020  0.854  1.120  0.761  0.455  1.347 -0.042  1.483  0.041
  50 C    6  6.020  0.854  1.120  0.761  0.455  1.347 -0.042  1.483  0.041
  51 C    6  6.020  0.854  1.120  0.761  0.455  1.347 -0.042  1.483  0.041
  52 C    6  6.020  0.854  1.120  0.761  0.455  1.347 -0.042  1.483  0.041
  53 C    6  6.020  0.854  1.120  0.761  0.455  1.347 -0.042  1.483  0.041
  54 C    6  6.020  0.854  1.120  0.761  0.455  1.347 -0.042  1.483  0.041
  55 C    6  6.020  0.854  1.120  0.761  0.455  1.347 -0.042  1.483  0.041
  56 C    6  6.020  0.854  1.120  0.761  0.455  1.347 -0.042  1.483  0.041
  57 C    6  6.020  0.854  1.120  0.761  0.455  1.347 -0.042  1.483  0.041
  58 C    6  6.020  0.854  1.120  0.761  0.455  1.347 -0.042  1.483  0.041
  59 C    6  6.020  0.854  1.120  0.761  0.455  1.347 -0.042  1.483  0.041
  60 C    6  6.020  0.854  1.120  0.761  0.455  1.347 -0.042  1.483  0.041

 OVERLAP POPULATION CONDENSED TO ATOMS FOR FIRST   6 NEIGHBORS

 ATOM A   1 C    ATOM B     CELL      R(AB)/AU R(AB)/ANG    OVPOP(AB)
                 41 C    (  0  0  0)     2.534     1.341     0.567
                 15 C    (  0  0  0)     2.826     1.496     0.345
                 59 C    (  0  0  0)     2.842     1.504     0.285
                 53 C    (  0  0  0)     4.551     2.408    -0.019
                 55 C    (  1  0  1)     4.577     2.422    -0.018
                 34 C    (  1  0  0)     4.582     2.424    -0.027

 ATOM A  25 C    ATOM B     CELL      R(AB)/AU R(AB)/ANG    OVPOP(AB)
                 18 C    (  0  0  0)     2.534     1.341     0.567
                 47 C    (  0  0 -1)     2.814     1.489     0.329
                  9 C    (  0  0 -1)     4.582     2.424    -0.027
                 50 C    (  0  0  0)     4.584     2.426    -0.039
                 35 C    (  0  0  0)     4.604     2.436    -0.013
                  4 C    (  0  0 -1)     4.885     2.585    -0.017

 ATOM A  49 C    ATOM B     CELL      R(AB)/AU R(AB)/ANG    OVPOP(AB)
                 50 C    (  0  1  1)     2.548     1.348     0.381
                 12 C    (  0  0  0)     2.842     1.504     0.285
                 51 C    (  0  0  0)     4.470     2.365    -0.018
                  6 C    (  0  0  0)     4.551     2.408    -0.019
                  8 C    (  0  1  1)     4.577     2.422    -0.018
                 26 C    (  0  0  0)     4.584     2.426    -0.039
 TTTTTTTTTTTTTTTTTTTTTTTTTTTTTT AFTER FIRST TELAPSE      337.06 TCPU      332.32
 MMMMMMMMMMMMMMMMMMMMMMMMMMMMMMMMMMMMMMMMMMMMMMMMMMMMMMMMMMMMMMMMMMMMMMMMMMMMMMM
     ALPHA-BETA ELECTRONS
 MULLIKEN POPULATION ANALYSIS - NO. OF ELECTRONS    0.000000

  ATOM    Z CHARGE  A.O. POPULATION

   1 C    6 -0.000 -0.000  0.000  0.000 -0.000 -0.000  0.000 -0.000  0.000
                   -0.000  0.000 -0.000  0.000  0.000 -0.000  0.000  0.000
                   -0.000  0.000
   2 C    6 -0.000 -0.000  0.000  0.000 -0.000 -0.000  0.000 -0.000  0.000
                   -0.000  0.000 -0.000  0.000  0.000 -0.000  0.000  0.000
                   -0.000  0.000
   3 C    6 -0.000 -0.000  0.000  0.000 -0.000 -0.000  0.000 -0.000  0.000
                   -0.000  0.000 -0.000  0.000  0.000 -0.000  0.000  0.000
                   -0.000  0.000
   4 C    6 -0.000 -0.000  0.000  0.000 -0.000 -0.000  0.000 -0.000  0.000
                   -0.000  0.000 -0.000  0.000  0.000 -0.000  0.000  0.000
                   -0.000  0.000
   5 C    6 -0.000 -0.000  0.000  0.000 -0.000 -0.000 -0.000  0.000  0.000
                    0.000 -0.000  0.000 -0.000  0.000  0.000  0.000  0.000
                   -0.000  0.000
   6 C    6 -0.000 -0.000  0.000  0.000 -0.000  0.000 -0.000 -0.000 -0.000
                    0.000  0.000  0.000  0.000 -0.000 -0.000  0.000  0.000
                   -0.000  0.000
   7 C    6 -0.000 -0.000  0.000  0.000 -0.000 -0.000 -0.000  0.000  0.000
                    0.000 -0.000  0.000 -0.000  0.000  0.000  0.000  0.000
                   -0.000  0.000
   8 C    6 -0.000 -0.000  0.000  0.000 -0.000  0.000 -0.000 -0.000 -0.000
                    0.000  0.000  0.000  0.000 -0.000 -0.000  0.000  0.000
                   -0.000  0.000
   9 C    6 -0.000 -0.000  0.000  0.000 -0.000 -0.000 -0.000  0.000  0.000
                    0.000 -0.000  0.000 -0.000  0.000  0.000  0.000  0.000
                   -0.000  0.000
  10 C    6 -0.000 -0.000  0.000  0.000 -0.000  0.000 -0.000 -0.000 -0.000
                    0.000  0.000  0.000  0.000 -0.000 -0.000  0.000  0.000
                   -0.000  0.000
  11 C    6 -0.000 -0.000  0.000  0.000 -0.000 -0.000 -0.000  0.000  0.000
                    0.000 -0.000  0.000 -0.000  0.000  0.000  0.000  0.000
                   -0.000  0.000
  12 C    6 -0.000 -0.000  0.000  0.000 -0.000  0.000 -0.000 -0.000 -0.000
                    0.000  0.000  0.000  0.000 -0.000 -0.000  0.000  0.000
                   -0.000  0.000
  13 C    6 -0.000 -0.000  0.000  0.000 -0.000 -0.000  0.000 -0.000  0.000
                   -0.000  0.000 -0.000  0.000  0.000 -0.000  0.000  0.000
                   -0.000  0.000
  14 C    6 -0.000 -0.000  0.000  0.000 -0.000 -0.000  0.000 -0.000  0.000
                   -0.000  0.000 -0.000  0.000  0.000 -0.000  0.000  0.000
                   -0.000  0.000
  15 C    6 -0.000 -0.000  0.000  0.000 -0.000 -0.000  0.000 -0.000  0.000
                   -0.000  0.000 -0.000  0.000  0.000 -0.000  0.000  0.000
                   -0.000  0.000
  16 C    6 -0.000 -0.000  0.000  0.000 -0.000 -0.000  0.000 -0.000  0.000
                   -0.000  0.000 -0.000  0.000  0.000 -0.000  0.000  0.000
                   -0.000  0.000
  17 C    6 -0.000 -0.000  0.000  0.000 -0.000 -0.000 -0.000  0.000  0.000
                    0.000 -0.000  0.000 -0.000  0.000  0.000  0.000  0.000
                   -0.000  0.000
  18 C    6 -0.000 -0.000  0.000  0.000 -0.000  0.000 -0.000 -0.000 -0.000
                    0.000  0.000  0.000  0.000 -0.000 -0.000  0.000  0.000
                   -0.000  0.000
  19 C    6 -0.000 -0.000  0.000  0.000 -0.000 -0.000 -0.000  0.000  0.000
                    0.000 -0.000  0.000 -0.000  0.000  0.000  0.000  0.000
                   -0.000  0.000
  20 C    6 -0.000 -0.000  0.000  0.000 -0.000  0.000 -0.000 -0.000 -0.000
                    0.000  0.000  0.000  0.000 -0.000 -0.000  0.000  0.000
                   -0.000  0.000
  21 C    6 -0.000 -0.000  0.000  0.000 -0.000 -0.000 -0.000  0.000  0.000
                    0.000 -0.000  0.000 -0.000  0.000  0.000  0.000  0.000
                   -0.000  0.000
  22 C    6 -0.000 -0.000  0.000  0.000 -0.000  0.000 -0.000 -0.000 -0.000
                    0.000  0.000  0.000  0.000 -0.000 -0.000  0.000  0.000
                   -0.000  0.000
  23 C    6 -0.000 -0.000  0.000  0.000 -0.000 -0.000 -0.000  0.000  0.000
                    0.000 -0.000  0.000 -0.000  0.000  0.000  0.000  0.000
                   -0.000  0.000
  24 C    6 -0.000 -0.000  0.000  0.000 -0.000  0.000 -0.000 -0.000 -0.000
                    0.000  0.000  0.000  0.000 -0.000 -0.000  0.000  0.000
                   -0.000  0.000
  25 C    6  0.000 -0.000  0.000 -0.000  0.000  0.000  0.000  0.000 -0.000
                   -0.000 -0.000  0.000  0.000  0.000 -0.000 -0.000 -0.000
                    0.000 -0.000
  26 C    6  0.000 -0.000  0.000 -0.000  0.000  0.000  0.000  0.000 -0.000
                   -0.000 -0.000  0.000  0.000  0.000 -0.000 -0.000 -0.000
                    0.000 -0.000
  27 C    6  0.000 -0.000  0.000 -0.000  0.000  0.000  0.000  0.000 -0.000
                   -0.000 -0.000  0.000  0.000  0.000 -0.000 -0.000 -0.000
                    0.000 -0.000
  28 C    6  0.000 -0.000  0.000 -0.000  0.000  0.000  0.000  0.000 -0.000
                   -0.000 -0.000  0.000  0.000  0.000 -0.000 -0.000 -0.000
                    0.000 -0.000
  29 C    6  0.000 -0.000  0.000 -0.000  0.000  0.000  0.000  0.000 -0.000
                   -0.000 -0.000  0.000  0.000  0.000  0.000 -0.000 -0.000
                   -0.000 -0.000
  30 C    6  0.000 -0.000  0.000 -0.000  0.000  0.000  0.000  0.000 -0.000
                   -0.000 -0.000  0.000  0.000  0.000 -0.000 -0.000 -0.000
                    0.000 -0.000
  31 C    6  0.000 -0.000  0.000 -0.000  0.000  0.000  0.000  0.000 -0.000
                   -0.000 -0.000  0.000  0.000  0.000  0.000 -0.000 -0.000
                   -0.000 -0.000
  32 C    6  0.000 -0.000  0.000 -0.000  0.000  0.000  0.000  0.000 -0.000
                   -0.000 -0.000  0.000  0.000  0.000 -0.000 -0.000 -0.000
                    0.000 -0.000
  33 C    6  0.000 -0.000  0.000 -0.000  0.000  0.000  0.000  0.000 -0.000
                   -0.000 -0.000  0.000  0.000  0.000  0.000 -0.000 -0.000
                   -0.000 -0.000
  34 C    6  0.000 -0.000  0.000 -0.000  0.000  0.000  0.000  0.000 -0.000
                   -0.000 -0.000  0.000  0.000  0.000 -0.000 -0.000 -0.000
                    0.000 -0.000
  35 C    6  0.000 -0.000  0.000 -0.000  0.000  0.000  0.000  0.000 -0.000
                   -0.000 -0.000  0.000  0.000  0.000  0.000 -0.000 -0.000
                   -0.000 -0.000
  36 C    6  0.000 -0.000  0.000 -0.000  0.000  0.000  0.000  0.000 -0.000
                   -0.000 -0.000  0.000  0.000  0.000 -0.000 -0.000 -0.000
                    0.000 -0.000
  37 C    6  0.000 -0.000  0.000 -0.000  0.000  0.000  0.000  0.000 -0.000
                   -0.000 -0.000  0.000  0.000  0.000 -0.000 -0.000 -0.000
                    0.000 -0.000
  38 C    6  0.000 -0.000  0.000 -0.000  0.000  0.000  0.000  0.000 -0.000
                   -0.000 -0.000  0.000  0.000  0.000 -0.000 -0.000 -0.000
                    0.000 -0.000
  39 C    6  0.000 -0.000  0.000 -0.000  0.000  0.000  0.000  0.000 -0.000
                   -0.000 -0.000  0.000  0.000  0.000 -0.000 -0.000 -0.000
                    0.000 -0.000
  40 C    6  0.000 -0.000  0.000 -0.000  0.000  0.000  0.000  0.000 -0.000
                   -0.000 -0.000  0.000  0.000  0.000 -0.000 -0.000 -0.000
                    0.000 -0.000
  41 C    6  0.000 -0.000  0.000 -0.000  0.000  0.000  0.000  0.000 -0.000
                   -0.000 -0.000  0.000  0.000  0.000  0.000 -0.000 -0.000
                   -0.000 -0.000
  42 C    6  0.000 -0.000  0.000 -0.000  0.000  0.000  0.000  0.000 -0.000
                   -0.000 -0.000  0.000  0.000  0.000 -0.000 -0.000 -0.000
                    0.000 -0.000
  43 C    6  0.000 -0.000  0.000 -0.000  0.000  0.000  0.000  0.000 -0.000
                   -0.000 -0.000  0.000  0.000  0.000  0.000 -0.000 -0.000
                   -0.000 -0.000
  44 C    6  0.000 -0.000  0.000 -0.000  0.000  0.000  0.000  0.000 -0.000
                   -0.000 -0.000  0.000  0.000  0.000 -0.000 -0.000 -0.000
                    0.000 -0.000
  45 C    6  0.000 -0.000  0.000 -0.000  0.000  0.000  0.000  0.000 -0.000
                   -0.000 -0.000  0.000  0.000  0.000  0.000 -0.000 -0.000
                   -0.000 -0.000
  46 C    6  0.000 -0.000  0.000 -0.000  0.000  0.000  0.000  0.000 -0.000
                   -0.000 -0.000  0.000  0.000  0.000 -0.000 -0.000 -0.000
                    0.000 -0.000
  47 C    6  0.000 -0.000  0.000 -0.000  0.000  0.000  0.000  0.000 -0.000
                   -0.000 -0.000  0.000  0.000  0.000  0.000 -0.000 -0.000
                   -0.000 -0.000
  48 C    6  0.000 -0.000  0.000 -0.000  0.000  0.000  0.000  0.000 -0.000
                   -0.000 -0.000  0.000  0.000  0.000 -0.000 -0.000 -0.000
                    0.000 -0.000
  49 C    6  0.000  0.000  0.000  0.000 -0.000  0.000  0.000 -0.000 -0.000
                   -0.000  0.000  0.000  0.000  0.000 -0.000  0.000 -0.000
                    0.000  0.000
  50 C    6  0.000  0.000  0.000  0.000 -0.000  0.000  0.000 -0.000 -0.000
                   -0.000  0.000  0.000  0.000  0.000 -0.000  0.000 -0.000
                    0.000  0.000
  51 C    6  0.000  0.000  0.000  0.000 -0.000  0.000  0.000 -0.000 -0.000
                   -0.000  0.000  0.000  0.000  0.000 -0.000  0.000 -0.000
                    0.000  0.000
  52 C    6  0.000  0.000  0.000  0.000 -0.000  0.000  0.000 -0.000 -0.000
                   -0.000  0.000  0.000  0.000  0.000 -0.000  0.000 -0.000
                    0.000  0.000
  53 C    6  0.000  0.000  0.000  0.000 -0.000 -0.000  0.000  0.000  0.000
                   -0.000 -0.000  0.000  0.000  0.000  0.000 -0.000  0.000
                   -0.000  0.000
  54 C    6  0.000  0.000  0.000  0.000 -0.000  0.000 -0.000  0.000 -0.000
                    0.000 -0.000  0.000  0.000  0.000 -0.000  0.000  0.000
                   -0.000 -0.000
  55 C    6  0.000  0.000  0.000  0.000 -0.000 -0.000  0.000  0.000  0.000
                   -0.000 -0.000  0.000  0.000  0.000  0.000 -0.000  0.000
                   -0.000  0.000
  56 C    6  0.000  0.000  0.000  0.000 -0.000  0.000 -0.000  0.000 -0.000
                    0.000 -0.000  0.000  0.000  0.000 -0.000  0.000  0.000
                   -0.000 -0.000
  57 C    6  0.000  0.000  0.000  0.000 -0.000 -0.000  0.000  0.000  0.000
                   -0.000 -0.000  0.000  0.000  0.000  0.000 -0.000  0.000
                   -0.000  0.000
  58 C    6  0.000  0.000  0.000  0.000 -0.000  0.000 -0.000  0.000 -0.000
                    0.000 -0.000  0.000  0.000  0.000 -0.000  0.000  0.000
                   -0.000 -0.000
  59 C    6  0.000  0.000  0.000  0.000 -0.000 -0.000  0.000  0.000  0.000
                   -0.000 -0.000  0.000  0.000  0.000  0.000 -0.000  0.000
                   -0.000  0.000
  60 C    6  0.000  0.000  0.000  0.000 -0.000  0.000 -0.000  0.000 -0.000
                    0.000 -0.000  0.000  0.000  0.000 -0.000  0.000  0.000
                   -0.000 -0.000

  ATOM    Z CHARGE  SHELL POPULATION

   1 C    6 -0.000 -0.000  0.000  0.000 -0.000  0.000  0.000 -0.000  0.000
   2 C    6 -0.000 -0.000  0.000  0.000 -0.000  0.000  0.000 -0.000  0.000
   3 C    6 -0.000 -0.000  0.000  0.000 -0.000  0.000  0.000 -0.000  0.000
   4 C    6 -0.000 -0.000  0.000  0.000 -0.000  0.000  0.000 -0.000  0.000
   5 C    6 -0.000 -0.000  0.000  0.000 -0.000  0.000  0.000 -0.000  0.000
   6 C    6 -0.000 -0.000  0.000  0.000 -0.000  0.000  0.000 -0.000  0.000
   7 C    6 -0.000 -0.000  0.000  0.000 -0.000  0.000  0.000 -0.000  0.000
   8 C    6 -0.000 -0.000  0.000  0.000 -0.000  0.000  0.000 -0.000  0.000
   9 C    6 -0.000 -0.000  0.000  0.000 -0.000  0.000  0.000 -0.000  0.000
  10 C    6 -0.000 -0.000  0.000  0.000 -0.000  0.000  0.000 -0.000  0.000
  11 C    6 -0.000 -0.000  0.000  0.000 -0.000  0.000  0.000 -0.000  0.000
  12 C    6 -0.000 -0.000  0.000  0.000 -0.000  0.000  0.000 -0.000  0.000
  13 C    6 -0.000 -0.000  0.000  0.000 -0.000  0.000  0.000 -0.000  0.000
  14 C    6 -0.000 -0.000  0.000  0.000 -0.000  0.000  0.000 -0.000  0.000
  15 C    6 -0.000 -0.000  0.000  0.000 -0.000  0.000  0.000 -0.000  0.000
  16 C    6 -0.000 -0.000  0.000  0.000 -0.000  0.000  0.000 -0.000  0.000
  17 C    6 -0.000 -0.000  0.000  0.000 -0.000  0.000  0.000 -0.000  0.000
  18 C    6 -0.000 -0.000  0.000  0.000 -0.000  0.000  0.000 -0.000  0.000
  19 C    6 -0.000 -0.000  0.000  0.000 -0.000  0.000  0.000 -0.000  0.000
  20 C    6 -0.000 -0.000  0.000  0.000 -0.000  0.000  0.000 -0.000  0.000
  21 C    6 -0.000 -0.000  0.000  0.000 -0.000  0.000  0.000 -0.000  0.000
  22 C    6 -0.000 -0.000  0.000  0.000 -0.000  0.000  0.000 -0.000  0.000
  23 C    6 -0.000 -0.000  0.000  0.000 -0.000  0.000  0.000 -0.000  0.000
  24 C    6 -0.000 -0.000  0.000  0.000 -0.000  0.000  0.000 -0.000  0.000
  25 C    6  0.000 -0.000  0.000 -0.000  0.000  0.000 -0.000  0.000 -0.000
  26 C    6  0.000 -0.000  0.000 -0.000  0.000  0.000 -0.000  0.000 -0.000
  27 C    6  0.000 -0.000  0.000 -0.000  0.000  0.000 -0.000  0.000 -0.000
  28 C    6  0.000 -0.000  0.000 -0.000  0.000  0.000 -0.000  0.000 -0.000
  29 C    6  0.000 -0.000  0.000 -0.000  0.000  0.000 -0.000  0.000 -0.000
  30 C    6  0.000 -0.000  0.000 -0.000  0.000  0.000 -0.000  0.000 -0.000
  31 C    6  0.000 -0.000  0.000 -0.000  0.000  0.000 -0.000  0.000 -0.000
  32 C    6  0.000 -0.000  0.000 -0.000  0.000  0.000 -0.000  0.000 -0.000
  33 C    6  0.000 -0.000  0.000 -0.000  0.000  0.000 -0.000  0.000 -0.000
  34 C    6  0.000 -0.000  0.000 -0.000  0.000  0.000 -0.000  0.000 -0.000
  35 C    6  0.000 -0.000  0.000 -0.000  0.000  0.000 -0.000  0.000 -0.000
  36 C    6  0.000 -0.000  0.000 -0.000  0.000  0.000 -0.000  0.000 -0.000
  37 C    6  0.000 -0.000  0.000 -0.000  0.000  0.000 -0.000  0.000 -0.000
  38 C    6  0.000 -0.000  0.000 -0.000  0.000  0.000 -0.000  0.000 -0.000
  39 C    6  0.000 -0.000  0.000 -0.000  0.000  0.000 -0.000  0.000 -0.000
  40 C    6  0.000 -0.000  0.000 -0.000  0.000  0.000 -0.000  0.000 -0.000
  41 C    6  0.000 -0.000  0.000 -0.000  0.000  0.000 -0.000  0.000 -0.000
  42 C    6  0.000 -0.000  0.000 -0.000  0.000  0.000 -0.000  0.000 -0.000
  43 C    6  0.000 -0.000  0.000 -0.000  0.000  0.000 -0.000  0.000 -0.000
  44 C    6  0.000 -0.000  0.000 -0.000  0.000  0.000 -0.000  0.000 -0.000
  45 C    6  0.000 -0.000  0.000 -0.000  0.000  0.000 -0.000  0.000 -0.000
  46 C    6  0.000 -0.000  0.000 -0.000  0.000  0.000 -0.000  0.000 -0.000
  47 C    6  0.000 -0.000  0.000 -0.000  0.000  0.000 -0.000  0.000 -0.000
  48 C    6  0.000 -0.000  0.000 -0.000  0.000  0.000 -0.000  0.000 -0.000
  49 C    6  0.000  0.000  0.000  0.000 -0.000  0.000 -0.000  0.000 -0.000
  50 C    6  0.000  0.000  0.000  0.000 -0.000  0.000 -0.000  0.000 -0.000
  51 C    6  0.000  0.000  0.000  0.000 -0.000  0.000 -0.000  0.000 -0.000
  52 C    6  0.000  0.000  0.000  0.000 -0.000  0.000 -0.000  0.000 -0.000
  53 C    6  0.000  0.000  0.000  0.000 -0.000  0.000 -0.000  0.000 -0.000
  54 C    6  0.000  0.000  0.000  0.000 -0.000  0.000 -0.000  0.000 -0.000
  55 C    6  0.000  0.000  0.000  0.000 -0.000  0.000 -0.000  0.000 -0.000
  56 C    6  0.000  0.000  0.000  0.000 -0.000  0.000 -0.000  0.000 -0.000
  57 C    6  0.000  0.000  0.000  0.000 -0.000  0.000 -0.000  0.000 -0.000
  58 C    6  0.000  0.000  0.000  0.000 -0.000  0.000 -0.000  0.000 -0.000
  59 C    6  0.000  0.000  0.000  0.000 -0.000  0.000 -0.000  0.000 -0.000
  60 C    6  0.000  0.000  0.000  0.000 -0.000  0.000 -0.000  0.000 -0.000

 OVERLAP POPULATION CONDENSED TO ATOMS FOR FIRST   6 NEIGHBORS

 ATOM A   1 C    ATOM B     CELL      R(AB)/AU R(AB)/ANG    OVPOP(AB)
                 41 C    (  0  0  0)     2.534     1.341     0.000
                 15 C    (  0  0  0)     2.826     1.496    -0.000
                 59 C    (  0  0  0)     2.842     1.504    -0.000
                 53 C    (  0  0  0)     4.551     2.408     0.000
                 55 C    (  1  0  1)     4.577     2.422     0.000
                 34 C    (  1  0  0)     4.582     2.424    -0.000

 ATOM A  25 C    ATOM B     CELL      R(AB)/AU R(AB)/ANG    OVPOP(AB)
                 18 C    (  0  0  0)     2.534     1.341     0.000
                 47 C    (  0  0 -1)     2.814     1.489     0.000
                  9 C    (  0  0 -1)     4.582     2.424    -0.000
                 50 C    (  0  0  0)     4.584     2.426     0.000
                 35 C    (  0  0  0)     4.604     2.436     0.000
                  4 C    (  0  0 -1)     4.885     2.585    -0.000

 ATOM A  49 C    ATOM B     CELL      R(AB)/AU R(AB)/ANG    OVPOP(AB)
                 50 C    (  0  1  1)     2.548     1.348    -0.000
                 12 C    (  0  0  0)     2.842     1.504    -0.000
                 51 C    (  0  0  0)     4.470     2.365    -0.000
                  6 C    (  0  0  0)     4.551     2.408     0.000
                  8 C    (  0  1  1)     4.577     2.422     0.000
                 26 C    (  0  0  0)     4.584     2.426     0.000
 EIGENVECTORS IN FORTRAN UNIT 10
 TTTTTTTTTTTTTTTTTTTTTTTTTTTTTT END         TELAPSE      338.37 TCPU      333.45
 EEEEEEEEEE TERMINATION  DATE 24 01 2026 TIME 21:09:44.2
NODE    0 CPU TIME =       333.452
NODE    1 CPU TIME =       331.627
NODE    2 CPU TIME =       334.170
NODE    3 CPU TIME =       331.710
NODE    4 CPU TIME =       331.849
NODE    5 CPU TIME =       334.527
NODE    6 CPU TIME =       331.842
NODE    7 CPU TIME =       332.050
NODE    8 CPU TIME =       334.218
NODE    9 CPU TIME =       333.954
NODE   10 CPU TIME =       335.366
NODE   11 CPU TIME =       334.248
NODE   12 CPU TIME =       334.474
NODE   13 CPU TIME =       335.157
NODE   14 CPU TIME =       334.562
NODE   15 CPU TIME =       334.602
NODE   16 CPU TIME =       334.210
NODE   17 CPU TIME =       334.182
NODE   18 CPU TIME =       336.711
NODE   19 CPU TIME =       329.996
NODE   20 CPU TIME =       334.362
NODE   21 CPU TIME =       334.891
NODE   22 CPU TIME =       334.426
NODE   23 CPU TIME =       332.853
NODE   24 CPU TIME =       334.386
NODE   25 CPU TIME =       334.008
NODE   26 CPU TIME =       334.438
NODE   27 CPU TIME =       334.761
NODE   28 CPU TIME =       334.224
NODE   29 CPU TIME =       334.407
NODE   30 CPU TIME =       334.632
NODE   31 CPU TIME =       334.037
    TOTAL CPU TIME =     10684.331
