MPI startup(): Warning: I_MPI_PMI_LIBRARY will be ignored since the hydra process manager was found
MPI startup(): Warning: I_MPI_PMI_LIBRARY will be ignored since the hydra process manager was found
MPI startup(): Warning: I_MPI_PMI_LIBRARY will be ignored since the hydra process manager was found
MPI startup(): Warning: I_MPI_PMI_LIBRARY will be ignored since the hydra process manager was found
MPI startup(): Warning: I_MPI_PMI_LIBRARY will be ignored since the hydra process manager was found
MPI startup(): Warning: I_MPI_PMI_LIBRARY will be ignored since the hydra process manager was found
MPI startup(): Warning: I_MPI_PMI_LIBRARY will be ignored since the hydra process manager was found
MPI startup(): Warning: I_MPI_PMI_LIBRARY will be ignored since the hydra process manager was found
MPI startup(): Warning: I_MPI_PMI_LIBRARY will be ignored since the hydra process manager was found
MPI startup(): Warning: I_MPI_PMI_LIBRARY will be ignored since the hydra process manager was found
MPI startup(): Warning: I_MPI_PMI_LIBRARY will be ignored since the hydra process manager was found
MPI startup(): Warning: I_MPI_PMI_LIBRARY will be ignored since the hydra process manager was found
MPI startup(): Warning: I_MPI_PMI_LIBRARY will be ignored since the hydra process manager was found
MPI startup(): Warning: I_MPI_PMI_LIBRARY will be ignored since the hydra process manager was found
MPI startup(): Warning: I_MPI_PMI_LIBRARY will be ignored since the hydra process manager was found
MPI startup(): Warning: I_MPI_PMI_LIBRARY will be ignored since the hydra process manager was found
MPI startup(): Warning: I_MPI_PMI_LIBRARY will be ignored since the hydra process manager was found
MPI startup(): Warning: I_MPI_PMI_LIBRARY will be ignored since the hydra process manager was found
MPI startup(): Warning: I_MPI_PMI_LIBRARY will be ignored since the hydra process manager was found
MPI startup(): Warning: I_MPI_PMI_LIBRARY will be ignored since the hydra process manager was found
MPI startup(): Warning: I_MPI_PMI_LIBRARY will be ignored since the hydra process manager was found
MPI startup(): Warning: I_MPI_PMI_LIBRARY will be ignored since the hydra process manager was found
MPI startup(): Warning: I_MPI_PMI_LIBRARY will be ignored since the hydra process manager was found
MPI startup(): Warning: I_MPI_PMI_LIBRARY will be ignored since the hydra process manager was found
MPI startup(): Warning: I_MPI_PMI_LIBRARY will be ignored since the hydra process manager was found
MPI startup(): Warning: I_MPI_PMI_LIBRARY will be ignored since the hydra process manager was found
MPI startup(): Warning: I_MPI_PMI_LIBRARY will be ignored since the hydra process manager was found
MPI startup(): Warning: I_MPI_PMI_LIBRARY will be ignored since the hydra process manager was found
MPI startup(): Warning: I_MPI_PMI_LIBRARY will be ignored since the hydra process manager was found
MPI startup(): Warning: I_MPI_PMI_LIBRARY will be ignored since the hydra process manager was found
MPI startup(): Warning: I_MPI_PMI_LIBRARY will be ignored since the hydra process manager was found
MPI startup(): Warning: I_MPI_PMI_LIBRARY will be ignored since the hydra process manager was found
 PROCESS           15  OF           32  WORKING
 PROCESS           30  OF           32  WORKING
 PROCESS            0  OF           32  WORKING
 PROCESS            7  OF           32  WORKING
 PROCESS           26  OF           32  WORKING
 PROCESS            8  OF           32  WORKING
 PROCESS           18  OF           32  WORKING
 PROCESS            1  OF           32  WORKING
 PROCESS           19  OF           32  WORKING
 PROCESS            2  OF           32  WORKING
 PROCESS           21  OF           32  WORKING
 PROCESS           23  OF           32  WORKING
 PROCESS           28  OF           32  WORKING
 PROCESS           31  OF           32  WORKING
 PROCESS           14  OF           32  WORKING
 PROCESS           13  OF           32  WORKING
 PROCESS           24  OF           32  WORKING
 PROCESS            6  OF           32  WORKING
 PROCESS           10  OF           32  WORKING
 PROCESS            4  OF           32  WORKING
 PROCESS           11  OF           32  WORKING

 PROCESS            5  OF           32  WORKING
 PROCESS           16  OF           32  WORKING
 PROCESS           17  OF           32  WORKING
 PROCESS           27  OF           32  WORKING
         
 *******************************************************************************
 *                                                                             *
 *                               CRYSTAL23                                     *
 *                      public : 1.0.1 - October 2022                          *
 *                       HTTP://WWW.CRYSTAL.UNITO.IT                           *
 *                                                                             *
 *                              MAIN AUTHORS                                   *
 *                                                                             *
 *  R. DOVESI(1,11), V.R. SAUNDERS(2), C. ROETTI(1,11), R. ORLANDO(1,11),      *
 *  C.M. ZICOVICH-WILSON(1,3), F. PASCALE(4), B. CIVALLERI(1,11),              *
 *  K. DOLL(5), N.M. HARRISON(6), I.J. BUSH(7), Ph. D'ARCO(8),                 *
 *  M. LLUNELL(9), M. CAUSA'(10), Y. NOEL(8), L. MASCHIO(1,11), A. ERBA(1,11)  *
 *  M. RE'RAT(14), S. CASASSA(1,11), B.G. SEARLE(2), J.K. DESMARAIS(1)         *
 *                                                                             *
 *        CONTRIBUTIONS TO THE CODE HAVE ALSO BEEN GIVEN BY                    *
 *                                                                             *
 *  M. FERRABONE(1,11), M. DE LA PIERRE(1,11), M. FERRERO(1,11),               *
 *  J. BAIMA(1,11), E. ALBANESE(1,11), M.F. PEINTINGER(12), R. BAST(13),       *
 *  B. KIRTMAN(15), V. LACIVITA(1,11), R. DEMICHELIS(1,16)                     *
 *  G. BRANDEBURG(17), S. SALUSTRO(1,11), G. SANSONE(1,11)                     *
 PROCESS            3  OF           32  WORKING
 *  M.T. RUGGIERO(18), L.E. DAGA(1), L. DONA'(1), A. COSSARD(1)                *
 *                                                                             *
 * (1) THEORETICAL CHEMISTRY GROUP - UNIVERSITA' DI TORINO - TORINO (ITALY)    *
 * (2) SCIENTIFIC COMPUTING DEPARTMENT - STFC DARESBURY (UK)                   *
 * (3) UNIVERSIDAD AUTONOMA DEL ESTADO DE MORELOS - CUERNAVACA (MEXICO)        *
 * (4) UNIVERSITE' DE LORRAINE - NANCY (FRANCE)                                *
 * (5) UNIVERSITAET STUTTGART- STUTTGART (GERMANY)                             *
 * (6) IMPERIAL COLLEGE - LONDON (UK)                                          *
 * (7) SCIENTIFIC COMPUTING DEPARTMENT - STFC RAL (UK)                         *
 * (8) UPMC - SORBONNE UNIVERSITES - PARIS (FRANCE)                            *
 * (9) UNIVERSIDAD DE BARCELONA - BARCELONA (SPAIN)                            *
 *(10) UNIVERSITA' DI NAPOLI "FEDERICO II" - NAPOLI (ITALY)                    *
 *(11) NIS - NANOSTRUCTURED INTERFACES AND SURFACES - TORINO (ITALY)           *
 *(12) MPI FUER CHEMISCHE ENERGIEKONVERSION - MUELHEIM AN DER RUHR (GERMANY)   *
 *(13) UNIVERSITY OF TROMSO - TROMSO (NORWAY)                                  *
 *(14) UNIVERSITE' DE PAU ET DES PAYS DE L'ADOUR - PAU (FRANCE)                *
 *(15) UNIVERSITY OF CALIFORNIA SANTA BARBARA - SANTA BARBARA (USA)            *
 *(16) CURTIN UNIVERSITY - PERTH (AUSTRALIA)                                   *
 *(17) UNIVERSITY COLLEGE LONDON - LONDON (UK)                                 *
 *(18) UNIVERSITY OF VERMONT - BURLINGTON (USA)                                *
 *                                                                             *
 *******************************************************************************
 PROCESS           12  OF           32  WORKING
 EEEEEEEEEE STARTING  DATE 30 01 2026 TIME 22:51:58.8
 ./3^3T57-CA_rev1_sp_B3LYP-D3-D3_optimized                                       
 PROCESS           20  OF           32  WORKING
 PROCESS           22  OF           32  WORKING
 PROCESS           25  OF           32  WORKING
 PROCESS           29  OF           32  WORKING
 PROCESS            9  OF           32  WORKING

 CRYSTAL CALCULATION
 (INPUT ACCORDING TO THE INTERNATIONAL TABLES FOR X-RAY CRYSTALLOGRAPHY)
 CRYSTAL FAMILY                       :  CUBIC       
 CRYSTAL CLASS  (GROTH - 1921)        :  CUBIC DYAKISDODECAHEDRAL             

 SPACE GROUP (CENTROSYMMETRIC)        :  I A 3           

 LATTICE PARAMETERS  (ANGSTROMS AND DEGREES) - CONVENTIONAL CELL
        A           B           C        ALPHA        BETA       GAMMA
     9.48413     9.48413     9.48413    90.00000    90.00000    90.00000


 NUMBER OF IRREDUCIBLE ATOMS IN THE CONVENTIONAL CELL:    3

 INPUT COORDINATES

 ATOM AT. N.              COORDINATES
   1   6     9.417800129441E-02 -9.779433209111E-02 -5.267911970508E-02
   2   6     7.039522060427E-02 -2.767269753667E-01  3.595357935683E-01
   3   6     3.242009489926E-01  1.757990510074E-01 -1.757990510074E-01

 *******************************************************************************

 << INFORMATION >>: FROM NOW ON, ALL COORDINATES REFER TO THE PRIMITIVE CELL

 *******************************************************************************

 LATTICE PARAMETERS  (ANGSTROMS AND DEGREES) - PRIMITIVE CELL
       A          B          C        ALPHA      BETA     GAMMA        VOLUME
    8.21349    8.21349    8.21349   109.47122 109.47122 109.47122    426.542045

 COORDINATES OF THE EQUIVALENT ATOMS (FRACTIONAL UNITS)

 N. ATOM EQUIV AT. N.          X                  Y                  Z

   1   1   1    6 C    -1.50473451796E-01  4.14988815893E-02 -3.61633079670E-03
   2   1   2    6 C    -4.54884787614E-01 -1.46857120999E-01 -4.96383669203E-01
   3   1   3    6 C    -3.49526548204E-01 -3.53142879001E-01  1.91972333386E-01
   4   1   4    6 C    -4.51152123860E-02  4.58501118411E-01  3.08027666614E-01
   5   1   5    6 C    -3.61633079670E-03 -1.50473451796E-01  4.14988815893E-02
   6   1   6    6 C     4.14988815893E-02 -3.61633079670E-03 -1.50473451796E-01
   7   1   7    6 C     3.08027666614E-01 -4.51152123860E-02  4.58501118411E-01
   8   1   8    6 C    -1.46857120999E-01 -4.96383669203E-01 -4.54884787614E-01
   9   1   9    6 C    -4.96383669203E-01 -4.54884787614E-01 -1.46857120999E-01
  10   1  10    6 C    -3.53142879001E-01  1.91972333386E-01 -3.49526548204E-01
  11   1  11    6 C     1.91972333386E-01 -3.49526548204E-01 -3.53142879001E-01
  12   1  12    6 C     4.58501118411E-01  3.08027666614E-01 -4.51152123860E-02
  13   1  13    6 C     1.50473451796E-01 -4.14988815893E-02  3.61633079670E-03
  14   1  14    6 C     4.54884787614E-01  1.46857120999E-01  4.96383669203E-01
  15   1  15    6 C     3.49526548204E-01  3.53142879001E-01 -1.91972333386E-01
  16   1  16    6 C     4.51152123860E-02 -4.58501118411E-01 -3.08027666614E-01
  17   1  17    6 C     3.61633079670E-03  1.50473451796E-01 -4.14988815893E-02
  18   1  18    6 C    -4.14988815893E-02  3.61633079670E-03  1.50473451796E-01
  19   1  19    6 C    -3.08027666614E-01  4.51152123860E-02 -4.58501118411E-01
  20   1  20    6 C     1.46857120999E-01  4.96383669203E-01  4.54884787614E-01
  21   1  21    6 C     4.96383669203E-01  4.54884787614E-01  1.46857120999E-01
  22   1  22    6 C     3.53142879001E-01 -1.91972333386E-01  3.49526548204E-01
  23   1  23    6 C    -1.91972333386E-01  3.49526548204E-01  3.53142879001E-01
  24   1  24    6 C    -4.58501118411E-01 -3.08027666614E-01  4.51152123860E-02

  25   2   1    6 C     8.28088182016E-02  4.29931014173E-01 -2.06331754762E-01
  26   2   2    6 C     1.36262768935E-01  2.89140572964E-01 -2.93668245238E-01
  27   2   3    6 C     4.17191181798E-01  2.10859427036E-01  3.47122195971E-01
  28   2   4    6 C     3.63737231065E-01  7.00689858274E-02  1.52877804029E-01
  29   2   5    6 C    -2.06331754762E-01  8.28088182016E-02  4.29931014173E-01
  30   2   6    6 C     4.29931014173E-01 -2.06331754762E-01  8.28088182016E-02
  31   2   7    6 C     1.52877804029E-01  3.63737231065E-01  7.00689858274E-02
  32   2   8    6 C     2.89140572964E-01 -2.93668245238E-01  1.36262768935E-01
  33   2   9    6 C    -2.93668245238E-01  1.36262768935E-01  2.89140572964E-01
  34   2  10    6 C     2.10859427036E-01  3.47122195971E-01  4.17191181798E-01
  35   2  11    6 C     3.47122195971E-01  4.17191181798E-01  2.10859427036E-01
  36   2  12    6 C     7.00689858274E-02  1.52877804029E-01  3.63737231065E-01
  37   2  13    6 C    -8.28088182016E-02 -4.29931014173E-01  2.06331754762E-01
  38   2  14    6 C    -1.36262768935E-01 -2.89140572964E-01  2.93668245238E-01
  39   2  15    6 C    -4.17191181798E-01 -2.10859427036E-01 -3.47122195971E-01
  40   2  16    6 C    -3.63737231065E-01 -7.00689858274E-02 -1.52877804029E-01
  41   2  17    6 C     2.06331754762E-01 -8.28088182016E-02 -4.29931014173E-01
  42   2  18    6 C    -4.29931014173E-01  2.06331754762E-01 -8.28088182016E-02
  43   2  19    6 C    -1.52877804029E-01 -3.63737231065E-01 -7.00689858274E-02
  44   2  20    6 C    -2.89140572964E-01  2.93668245238E-01 -1.36262768935E-01
  45   2  21    6 C     2.93668245238E-01 -1.36262768935E-01 -2.89140572964E-01
  46   2  22    6 C    -2.10859427036E-01 -3.47122195971E-01 -4.17191181798E-01
  47   2  23    6 C    -3.47122195971E-01 -4.17191181798E-01 -2.10859427036E-01
  48   2  24    6 C    -7.00689858274E-02 -1.52877804029E-01 -3.63737231065E-01

  49   3   1    6 C     0.00000000000E+00  1.48401897985E-01 -5.00000000000E-01
  50   3   2    6 C     1.48401897985E-01  5.00000000000E-01  0.00000000000E+00
  51   3   3    6 C    -5.00000000000E-01  0.00000000000E+00  1.48401897985E-01
  52   3   4    6 C     3.51598102015E-01  3.51598102015E-01  3.51598102015E-01
  53   3   5    6 C     0.00000000000E+00 -1.48401897985E-01  5.00000000000E-01
  54   3   6    6 C    -1.48401897985E-01 -5.00000000000E-01  0.00000000000E+00
  55   3   7    6 C    -5.00000000000E-01  0.00000000000E+00 -1.48401897985E-01
  56   3   8    6 C    -3.51598102015E-01 -3.51598102015E-01 -3.51598102015E-01

 NUMBER OF SYMMETRY OPERATORS         :   24
 *******************************************************************************
 * GEOMETRY EDITING - INPUT COORDINATES ARE GIVEN IN ANGSTROM         
 *******************************************************************************

 GEOMETRY NOW FULLY CONSISTENT WITH THE GROUP

 GCALCO - MAX INDICES DIRECT LATTICE VECTOR    14    14    14
 NO.OF VECTORS CREATED 6999 STARS  122 RMAX   169.07958 BOHR

 GEOMETRY FOR WAVE FUNCTION - DIMENSIONALITY OF THE SYSTEM    3
 (NON PERIODIC DIRECTION: LATTICE PARAMETER FORMALLY SET TO 500)
 *******************************************************************************
 LATTICE PARAMETERS (ANGSTROMS AND DEGREES) - BOHR = 0.5291772083 ANGSTROM
 PRIMITIVE CELL - CENTRING CODE 6/0 VOLUME=   426.542045 - DENSITY  2.616 g/cm^3
         A              B              C           ALPHA      BETA       GAMMA 
     8.21349340     8.21349340     8.21349340   109.471221 109.471221 109.471221
 *******************************************************************************
 ATOMS IN THE ASYMMETRIC UNIT    3 - ATOMS IN THE UNIT CELL:   56
     ATOM                 X/A                 Y/B                 Z/C    
 *******************************************************************************
      1 T   6 C    -1.504734517962E-01  4.149888158933E-02 -3.616330796700E-03
      2 F   6 C    -4.548847876140E-01 -1.468571209995E-01 -4.963836692033E-01
      3 F   6 C    -3.495265482038E-01 -3.531428790005E-01  1.919723333855E-01
      4 F   6 C    -4.511521238603E-02  4.585011184107E-01  3.080276666145E-01
      5 F   6 C    -3.616330796700E-03 -1.504734517962E-01  4.149888158933E-02
      6 F   6 C     4.149888158933E-02 -3.616330796700E-03 -1.504734517962E-01
      7 F   6 C     3.080276666145E-01 -4.511521238603E-02  4.585011184107E-01
      8 F   6 C    -1.468571209995E-01 -4.963836692033E-01 -4.548847876140E-01
      9 F   6 C    -4.963836692033E-01 -4.548847876140E-01 -1.468571209995E-01
     10 F   6 C    -3.531428790005E-01  1.919723333855E-01 -3.495265482038E-01
     11 F   6 C     1.919723333855E-01 -3.495265482038E-01 -3.531428790005E-01
     12 F   6 C     4.585011184107E-01  3.080276666145E-01 -4.511521238603E-02
     13 F   6 C     1.504734517962E-01 -4.149888158933E-02  3.616330796700E-03
     14 F   6 C     4.548847876140E-01  1.468571209995E-01  4.963836692033E-01
     15 F   6 C     3.495265482038E-01  3.531428790005E-01 -1.919723333855E-01
     16 F   6 C     4.511521238603E-02 -4.585011184107E-01 -3.080276666145E-01
     17 F   6 C     3.616330796700E-03  1.504734517962E-01 -4.149888158933E-02
     18 F   6 C    -4.149888158933E-02  3.616330796700E-03  1.504734517962E-01
     19 F   6 C    -3.080276666145E-01  4.511521238603E-02 -4.585011184107E-01
     20 F   6 C     1.468571209995E-01  4.963836692033E-01  4.548847876140E-01
     21 F   6 C     4.963836692033E-01  4.548847876140E-01  1.468571209995E-01
     22 F   6 C     3.531428790005E-01 -1.919723333855E-01  3.495265482038E-01
     23 F   6 C    -1.919723333855E-01  3.495265482038E-01  3.531428790005E-01
     24 F   6 C    -4.585011184107E-01 -3.080276666145E-01  4.511521238603E-02
     25 T   6 C     8.280881820160E-02  4.299310141726E-01 -2.063317547624E-01
     26 F   6 C     1.362627689350E-01  2.891405729640E-01 -2.936682452376E-01
     27 F   6 C     4.171911817984E-01  2.108594270360E-01  3.471221959710E-01
     28 F   6 C     3.637372310650E-01  7.006898582743E-02  1.528778040290E-01
     29 F   6 C    -2.063317547624E-01  8.280881820160E-02  4.299310141726E-01
     30 F   6 C     4.299310141726E-01 -2.063317547624E-01  8.280881820160E-02
     31 F   6 C     1.528778040290E-01  3.637372310650E-01  7.006898582743E-02
     32 F   6 C     2.891405729640E-01 -2.936682452376E-01  1.362627689350E-01
     33 F   6 C    -2.936682452376E-01  1.362627689350E-01  2.891405729640E-01
     34 F   6 C     2.108594270360E-01  3.471221959710E-01  4.171911817984E-01
     35 F   6 C     3.471221959710E-01  4.171911817984E-01  2.108594270360E-01
     36 F   6 C     7.006898582743E-02  1.528778040290E-01  3.637372310650E-01
     37 F   6 C    -8.280881820160E-02 -4.299310141726E-01  2.063317547624E-01
     38 F   6 C    -1.362627689350E-01 -2.891405729640E-01  2.936682452376E-01
     39 F   6 C    -4.171911817984E-01 -2.108594270360E-01 -3.471221959710E-01
     40 F   6 C    -3.637372310650E-01 -7.006898582743E-02 -1.528778040290E-01
     41 F   6 C     2.063317547624E-01 -8.280881820160E-02 -4.299310141726E-01
     42 F   6 C    -4.299310141726E-01  2.063317547624E-01 -8.280881820160E-02
     43 F   6 C    -1.528778040290E-01 -3.637372310650E-01 -7.006898582743E-02
     44 F   6 C    -2.891405729640E-01  2.936682452376E-01 -1.362627689350E-01
     45 F   6 C     2.936682452376E-01 -1.362627689350E-01 -2.891405729640E-01
     46 F   6 C    -2.108594270360E-01 -3.471221959710E-01 -4.171911817984E-01
     47 F   6 C    -3.471221959710E-01 -4.171911817984E-01 -2.108594270360E-01
     48 F   6 C    -7.006898582743E-02 -1.528778040290E-01 -3.637372310650E-01
     49 T   6 C    -2.140467167924E-17  1.484018979852E-01 -5.000000000000E-01
     50 F   6 C     1.484018979852E-01  5.000000000000E-01  7.671890645323E-18
     51 F   6 C     5.000000000000E-01 -6.350903936388E-18  1.484018979852E-01
     52 F   6 C     3.515981020148E-01  3.515981020148E-01  3.515981020148E-01
     53 F   6 C     4.752001617297E-17 -1.484018979852E-01 -5.000000000000E-01
     54 F   6 C    -1.484018979852E-01  5.000000000000E-01  3.019333291282E-18
     55 F   6 C    -5.000000000000E-01 -1.030311674042E-16 -1.484018979852E-01
     56 F   6 C    -3.515981020148E-01 -3.515981020148E-01 -3.515981020148E-01

 TRANSFORMATION MATRIX PRIMITIVE-CRYSTALLOGRAPHIC CELL
  0.0000  1.0000  1.0000  1.0000  0.0000  1.0000  1.0000  1.0000  0.0000

 *******************************************************************************
 CRYSTALLOGRAPHIC CELL (VOLUME=        853.08408966)
         A              B              C           ALPHA      BETA       GAMMA 
     9.48412525     9.48412525     9.48412525    90.000000  90.000000  90.000000

 COORDINATES IN THE CRYSTALLOGRAPHIC CELL
     ATOM                 X/A                 Y/B                 Z/C    
 *******************************************************************************
      1 T   6 C     9.417800129441E-02 -9.779433209111E-02 -5.267911970508E-02
      2 F   6 C    -9.417800129441E-02 -4.022056679089E-01 -5.267911970508E-02
      3 F   6 C     9.417800129441E-02  9.779433209111E-02 -4.473208802949E-01
      4 F   6 C     4.058219987056E-01 -9.779433209111E-02  5.267911970508E-02
      5 F   6 C    -5.267911970508E-02  9.417800129441E-02 -9.779433209111E-02
      6 F   6 C    -9.779433209111E-02 -5.267911970508E-02  9.417800129441E-02
      7 F   6 C     5.267911970508E-02  4.058219987056E-01 -9.779433209111E-02
      8 F   6 C    -4.022056679089E-01 -5.267911970508E-02 -9.417800129441E-02
      9 F   6 C    -5.267911970508E-02 -9.417800129441E-02 -4.022056679089E-01
     10 F   6 C     9.779433209111E-02 -4.473208802949E-01  9.417800129441E-02
     11 F   6 C    -4.473208802949E-01  9.417800129441E-02  9.779433209111E-02
     12 F   6 C    -9.779433209111E-02  5.267911970508E-02  4.058219987056E-01
     13 F   6 C    -9.417800129441E-02  9.779433209111E-02  5.267911970508E-02
     14 F   6 C     9.417800129441E-02  4.022056679089E-01  5.267911970508E-02
     15 F   6 C    -9.417800129441E-02 -9.779433209111E-02  4.473208802949E-01
     16 F   6 C    -4.058219987056E-01  9.779433209111E-02 -5.267911970508E-02
     17 F   6 C     5.267911970508E-02 -9.417800129441E-02  9.779433209111E-02
     18 F   6 C     9.779433209111E-02  5.267911970508E-02 -9.417800129441E-02
     19 F   6 C    -5.267911970508E-02 -4.058219987056E-01  9.779433209111E-02
     20 F   6 C     4.022056679089E-01  5.267911970508E-02  9.417800129441E-02
     21 F   6 C     5.267911970508E-02  9.417800129441E-02  4.022056679089E-01
     22 F   6 C    -9.779433209111E-02  4.473208802949E-01 -9.417800129441E-02
     23 F   6 C     4.473208802949E-01 -9.417800129441E-02 -9.779433209111E-02
     24 F   6 C     9.779433209111E-02 -5.267911970508E-02 -4.058219987056E-01
     25 T   6 C     7.039522060427E-02 -2.767269753667E-01  3.595357935683E-01
     26 F   6 C    -7.039522060427E-02 -2.232730246333E-01  3.595357935683E-01
     27 F   6 C     7.039522060427E-02  2.767269753667E-01  1.404642064317E-01
     28 F   6 C    -7.039522060427E-02  2.232730246333E-01  1.404642064317E-01
     29 F   6 C     3.595357935683E-01  7.039522060427E-02 -2.767269753667E-01
     30 F   6 C    -2.767269753667E-01  3.595357935683E-01  7.039522060427E-02
     31 F   6 C     1.404642064317E-01 -7.039522060427E-02  2.232730246333E-01
     32 F   6 C    -2.232730246333E-01  3.595357935683E-01 -7.039522060427E-02
     33 F   6 C     3.595357935683E-01 -7.039522060427E-02 -2.232730246333E-01
     34 F   6 C     2.767269753667E-01  1.404642064317E-01  7.039522060427E-02
     35 F   6 C     1.404642064317E-01  7.039522060427E-02  2.767269753667E-01
     36 F   6 C     2.232730246333E-01  1.404642064317E-01 -7.039522060427E-02
     37 F   6 C    -7.039522060427E-02  2.767269753667E-01 -3.595357935683E-01
     38 F   6 C     7.039522060427E-02  2.232730246333E-01 -3.595357935683E-01
     39 F   6 C    -7.039522060427E-02 -2.767269753667E-01 -1.404642064317E-01
     40 F   6 C     7.039522060427E-02 -2.232730246333E-01 -1.404642064317E-01
     41 F   6 C    -3.595357935683E-01 -7.039522060427E-02  2.767269753667E-01
     42 F   6 C     2.767269753667E-01 -3.595357935683E-01 -7.039522060427E-02
     43 F   6 C    -1.404642064317E-01  7.039522060427E-02 -2.232730246333E-01
     44 F   6 C     2.232730246333E-01 -3.595357935683E-01  7.039522060427E-02
     45 F   6 C    -3.595357935683E-01  7.039522060427E-02  2.232730246333E-01
     46 F   6 C    -2.767269753667E-01 -1.404642064317E-01 -7.039522060427E-02
     47 F   6 C    -1.404642064317E-01 -7.039522060427E-02 -2.767269753667E-01
     48 F   6 C    -2.232730246333E-01 -1.404642064317E-01  7.039522060427E-02
     49 T   6 C     3.242009489926E-01  1.757990510074E-01 -1.757990510074E-01
     50 F   6 C     1.757990510074E-01 -1.757990510074E-01  3.242009489926E-01
     51 F   6 C    -1.757990510074E-01  3.242009489926E-01  1.757990510074E-01
     52 F   6 C     1.757990510074E-01  1.757990510074E-01  1.757990510074E-01
     53 F   6 C     1.757990510074E-01  3.242009489926E-01 -3.242009489926E-01
     54 F   6 C     3.242009489926E-01 -3.242009489926E-01  1.757990510074E-01
     55 F   6 C    -3.242009489926E-01  1.757990510074E-01  3.242009489926E-01
     56 F   6 C    -1.757990510074E-01 -1.757990510074E-01 -1.757990510074E-01

 T = ATOM BELONGING TO THE ASYMMETRIC UNIT

 ****   24 SYMMOPS - TRANSLATORS IN FRACTIONAL UNITS
 **** MATRICES AND TRANSLATORS IN THE CRYSTALLOGRAPHIC REFERENCE FRAME
   V INV                    ROTATION MATRICES                   TRANSLATORS
   1   1  1.00  0.00  0.00  0.00  1.00  0.00  0.00  0.00  1.00  0.00  0.00  0.00
   2   2  0.00  1.00 -1.00  1.00  0.00 -1.00 -0.00  0.00 -1.00  0.50 -0.00  0.50
   3   3 -1.00 -0.00  0.00 -1.00 -0.00  1.00 -1.00  1.00 -0.00  0.50  0.50 -0.00
   4   4 -0.00 -1.00  1.00 -0.00 -1.00  0.00  1.00 -1.00  0.00  0.00  0.50  0.50
   5   6  0.00 -0.00  1.00  1.00 -0.00  0.00  0.00  1.00 -0.00  0.00  0.00  0.00
   6   5  0.00  1.00 -0.00  0.00 -0.00  1.00  1.00  0.00 -0.00  0.00  0.00  0.00
   7   8  1.00 -1.00  0.00  0.00 -1.00  1.00 -0.00 -1.00  0.00  0.50 -0.00  0.50
   8   7  1.00  0.00 -1.00 -0.00  0.00 -1.00  0.00  1.00 -1.00  0.00  0.50  0.50
   9  10 -0.00  0.00 -1.00 -0.00  1.00 -1.00  1.00  0.00 -1.00  0.50  0.50 -0.00
  10   9 -1.00 -0.00  1.00 -1.00  1.00 -0.00 -1.00 -0.00  0.00  0.50 -0.00  0.50
  11  12 -1.00  1.00 -0.00 -1.00  0.00 -0.00 -1.00 -0.00  1.00  0.00  0.50  0.50
  12  11 -0.00 -1.00  0.00  1.00 -1.00  0.00 -0.00 -1.00  1.00  0.50  0.50 -0.00
  13  13 -1.00 -0.00  0.00 -0.00 -1.00  0.00 -0.00  0.00 -1.00  0.00  0.00  0.00
  14  14 -0.00 -1.00  1.00 -1.00 -0.00  1.00  0.00 -0.00  1.00  0.50 -0.00  0.50
  15  15  1.00  0.00 -0.00  1.00  0.00 -1.00  1.00 -1.00  0.00  0.50  0.50 -0.00
  16  16  0.00  1.00 -1.00  0.00  1.00 -0.00 -1.00  1.00 -0.00  0.00  0.50  0.50
  17  18 -0.00  0.00 -1.00 -1.00  0.00 -0.00 -0.00 -1.00  0.00  0.00  0.00  0.00
  18  17 -0.00 -1.00  0.00 -0.00  0.00 -1.00 -1.00 -0.00  0.00  0.00  0.00  0.00
  19  20 -1.00  1.00 -0.00 -0.00  1.00 -1.00  0.00  1.00 -0.00  0.50 -0.00  0.50
  20  19 -1.00 -0.00  1.00  0.00 -0.00  1.00 -0.00 -1.00  1.00  0.00  0.50  0.50
  21  22  0.00 -0.00  1.00  0.00 -1.00  1.00 -1.00 -0.00  1.00  0.50  0.50 -0.00
  22  21  1.00  0.00 -1.00  1.00 -1.00  0.00  1.00  0.00 -0.00  0.50 -0.00  0.50
  23  24  1.00 -1.00  0.00  1.00 -0.00  0.00  1.00  0.00 -1.00  0.00  0.50  0.50
  24  23  0.00  1.00 -0.00 -1.00  1.00 -0.00  0.00  1.00 -1.00  0.50  0.50 -0.00

 DIRECT LATTICE VECTORS CARTESIAN COMPONENTS (ANGSTROM)
          X                    Y                    Z
  -0.474206262500E+01   0.474206262500E+01   0.474206262500E+01
   0.474206262500E+01  -0.474206262500E+01   0.474206262500E+01
   0.474206262500E+01   0.474206262500E+01  -0.474206262500E+01


 CARTESIAN COORDINATES - PRIMITIVE CELL
 *******************************************************************************
 *      ATOM          X(ANGSTROM)         Y(ANGSTROM)         Z(ANGSTROM)
 *******************************************************************************
    1     6 C     8.931959600708E-01 -9.274936942922E-01 -4.996153693427E-01
    2     6 C    -8.931959600708E-01 -3.814568930708E+00 -4.996153693427E-01
    3     6 C     8.931959600708E-01  9.274936942922E-01 -4.242447255657E+00
    4     6 C     3.848866664929E+00 -9.274936942922E-01  4.996153693427E-01
    5     6 C    -4.996153693427E-01  8.931959600708E-01 -9.274936942922E-01
    6     6 C    -9.274936942922E-01 -4.996153693427E-01  8.931959600708E-01
    7     6 C     4.996153693427E-01  3.848866664929E+00 -9.274936942922E-01
    8     6 C    -3.814568930708E+00 -4.996153693427E-01 -8.931959600708E-01
    9     6 C    -4.996153693427E-01 -8.931959600708E-01 -3.814568930708E+00
   10     6 C     9.274936942922E-01 -4.242447255657E+00  8.931959600708E-01
   11     6 C    -4.242447255657E+00  8.931959600708E-01  9.274936942922E-01
   12     6 C    -9.274936942922E-01  4.996153693427E-01  3.848866664929E+00
   13     6 C    -8.931959600708E-01  9.274936942922E-01  4.996153693427E-01
   14     6 C     8.931959600708E-01  3.814568930708E+00  4.996153693427E-01
   15     6 C    -8.931959600708E-01 -9.274936942922E-01  4.242447255657E+00
   16     6 C    -3.848866664929E+00  9.274936942922E-01 -4.996153693427E-01
   17     6 C     4.996153693427E-01 -8.931959600708E-01  9.274936942922E-01
   18     6 C     9.274936942922E-01  4.996153693427E-01 -8.931959600708E-01
   19     6 C    -4.996153693427E-01 -3.848866664929E+00  9.274936942922E-01
   20     6 C     3.814568930708E+00  4.996153693427E-01  8.931959600708E-01
   21     6 C     4.996153693427E-01  8.931959600708E-01  3.814568930708E+00
   22     6 C    -9.274936942922E-01  4.242447255657E+00 -8.931959600708E-01
   23     6 C     4.242447255657E+00 -8.931959600708E-01 -9.274936942922E-01
   24     6 C     9.274936942922E-01 -4.996153693427E-01 -3.848866664929E+00
   25     6 C     6.676370892123E-01 -2.624513294431E+00  3.409882498060E+00
   26     6 C    -6.676370892123E-01 -2.117549330569E+00  3.409882498060E+00
   27     6 C     6.676370892123E-01  2.624513294431E+00  1.332180126940E+00
   28     6 C    -6.676370892123E-01  2.117549330569E+00  1.332180126940E+00
   29     6 C     3.409882498060E+00  6.676370892123E-01 -2.624513294431E+00
   30     6 C    -2.624513294431E+00  3.409882498060E+00  6.676370892123E-01
   31     6 C     1.332180126940E+00 -6.676370892123E-01  2.117549330569E+00
   32     6 C    -2.117549330569E+00  3.409882498060E+00 -6.676370892123E-01
   33     6 C     3.409882498060E+00 -6.676370892123E-01 -2.117549330569E+00
   34     6 C     2.624513294431E+00  1.332180126940E+00  6.676370892123E-01
   35     6 C     1.332180126940E+00  6.676370892123E-01  2.624513294431E+00
   36     6 C     2.117549330569E+00  1.332180126940E+00 -6.676370892123E-01
   37     6 C    -6.676370892123E-01  2.624513294431E+00 -3.409882498060E+00
   38     6 C     6.676370892123E-01  2.117549330569E+00 -3.409882498060E+00
   39     6 C    -6.676370892123E-01 -2.624513294431E+00 -1.332180126940E+00
   40     6 C     6.676370892123E-01 -2.117549330569E+00 -1.332180126940E+00
   41     6 C    -3.409882498060E+00 -6.676370892123E-01  2.624513294431E+00
   42     6 C     2.624513294431E+00 -3.409882498060E+00 -6.676370892123E-01
   43     6 C    -1.332180126940E+00  6.676370892123E-01 -2.117549330569E+00
   44     6 C     2.117549330569E+00 -3.409882498060E+00  6.676370892123E-01
   45     6 C    -3.409882498060E+00  6.676370892123E-01  2.117549330569E+00
   46     6 C    -2.624513294431E+00 -1.332180126940E+00 -6.676370892123E-01
   47     6 C    -1.332180126940E+00 -6.676370892123E-01 -2.624513294431E+00
   48     6 C    -2.117549330569E+00 -1.332180126940E+00  6.676370892123E-01
   49     6 C     3.074762406415E+00  1.667300218585E+00 -1.667300218585E+00
   50     6 C     1.667300218585E+00 -1.667300218585E+00  3.074762406415E+00
   51     6 C    -1.667300218585E+00  3.074762406415E+00  1.667300218585E+00
   52     6 C     1.667300218585E+00  1.667300218585E+00  1.667300218585E+00
   53     6 C     1.667300218585E+00  3.074762406415E+00 -3.074762406415E+00
   54     6 C     3.074762406415E+00 -3.074762406415E+00  1.667300218585E+00
   55     6 C    -3.074762406415E+00  1.667300218585E+00  3.074762406415E+00
   56     6 C    -1.667300218585E+00 -1.667300218585E+00 -1.667300218585E+00

 *******************************************************************************
 LOCAL ATOMIC FUNCTIONS BASIS SET
 *******************************************************************************
   ATOM   X(AU)   Y(AU)   Z(AU)  N. TYPE  EXPONENT  S COEF   P COEF   D/F/G COEF
 *******************************************************************************
   1 C    1.688  -1.753  -0.944
                                  1 S  
                                         1.358E+04 2.225E-04 0.000E+00 0.000E+00
                                         2.035E+03 1.723E-03 0.000E+00 0.000E+00
                                         4.632E+02 8.926E-03 0.000E+00 0.000E+00
                                         1.312E+02 3.573E-02 0.000E+00 0.000E+00
                                         4.285E+01 1.108E-01 0.000E+00 0.000E+00
                                         1.558E+01 2.430E-01 0.000E+00 0.000E+00
                                  2 S  
                                         6.207E+00 4.144E-01 0.000E+00 0.000E+00
                                         2.576E+00 2.374E-01 0.000E+00 0.000E+00
                                  3 S  
                                         4.941E-01 1.000E+00 0.000E+00 0.000E+00
                                  4 S  
                                         1.644E-01 1.000E+00 0.000E+00 0.000E+00
                           5-     7 P  
                                         3.470E+01 0.000E+00 5.333E-03 0.000E+00
                                         7.958E+00 0.000E+00 3.586E-02 0.000E+00
                                         2.378E+00 0.000E+00 1.422E-01 0.000E+00
                                         8.143E-01 0.000E+00 3.427E-01 0.000E+00
                           8-    10 P  
                                         5.662E-01 0.000E+00 1.000E+00 0.000E+00
                          11-    13 P  
                                         2.674E-01 0.000E+00 1.000E+00 0.000E+00
                          14-    18 D  
                                         8.792E-01 0.000E+00 0.000E+00 1.000E+00
   2 C   -1.688  -7.208  -0.944
   3 C    1.688   1.753  -8.017
   4 C    7.273  -1.753   0.944
   5 C   -0.944   1.688  -1.753
   6 C   -1.753  -0.944   1.688
   7 C    0.944   7.273  -1.753
   8 C   -7.208  -0.944  -1.688
   9 C   -0.944  -1.688  -7.208
  10 C    1.753  -8.017   1.688
  11 C   -8.017   1.688   1.753
  12 C   -1.753   0.944   7.273
  13 C   -1.688   1.753   0.944
  14 C    1.688   7.208   0.944
  15 C   -1.688  -1.753   8.017
  16 C   -7.273   1.753  -0.944
  17 C    0.944  -1.688   1.753
  18 C    1.753   0.944  -1.688
  19 C   -0.944  -7.273   1.753
  20 C    7.208   0.944   1.688
  21 C    0.944   1.688   7.208
  22 C   -1.753   8.017  -1.688
  23 C    8.017  -1.688  -1.753
  24 C    1.753  -0.944  -7.273
  25 C    1.262  -4.960   6.444
  26 C   -1.262  -4.002   6.444
  27 C    1.262   4.960   2.517
  28 C   -1.262   4.002   2.517
  29 C    6.444   1.262  -4.960
  30 C   -4.960   6.444   1.262
  31 C    2.517  -1.262   4.002
  32 C   -4.002   6.444  -1.262
  33 C    6.444  -1.262  -4.002
  34 C    4.960   2.517   1.262
  35 C    2.517   1.262   4.960
  36 C    4.002   2.517  -1.262
  37 C   -1.262   4.960  -6.444
  38 C    1.262   4.002  -6.444
  39 C   -1.262  -4.960  -2.517
  40 C    1.262  -4.002  -2.517
  41 C   -6.444  -1.262   4.960
  42 C    4.960  -6.444  -1.262
  43 C   -2.517   1.262  -4.002
  44 C    4.002  -6.444   1.262
  45 C   -6.444   1.262   4.002
  46 C   -4.960  -2.517  -1.262
  47 C   -2.517  -1.262  -4.960
  48 C   -4.002  -2.517   1.262
  49 C    5.810   3.151  -3.151
  50 C    3.151  -3.151   5.810
  51 C   -3.151   5.810   3.151
  52 C    3.151   3.151   3.151
  53 C    3.151   5.810  -5.810
  54 C    5.810  -5.810   3.151
  55 C   -5.810   3.151   5.810
  56 C   -3.151  -3.151  -3.151
 INFORMATION **** SET_MPP **** PCRYSTAL CALCULATION
 INFORMATION **** READM2 **** NEW DEFAULT: FOCK/KS MATRIX MIXING SET TO 30 %
 INFORMATION **** READM2 **** NEW DEFAULT: FULL DIRECT SCF MODE
 INFORMATION **** READM2 **** NEW DEFAULT: COULOMB BIPOLAR BUFFER SET TO 32 Mb
 INFORMATION **** READM2 **** NEW DEFAULT: EXCHANGE BIPOLAR BUFFER SET TO 32 Mb

 *******************************************************************************
 NEW DEFAULT: DFT INTEGRATION GRID INCREASED TO XLGRID
 NEW DEFAULT: DIIS ACCELERATOR ACTIVE
 USE KEYWORD NODIIS TO TURN IT OFF
 *******************************************************************************

 INFORMATION **** DFTD3_INPUT **** PERFORM LATEST DISPERSION CORRECTION DFT-D3(BJ) WITH AUTOMATIC PARAMETER SETUP
 PLEASE CITE:
 (1) DFT-D3 Reference
  S. Grimme, J. Antony, S. Ehrlich, and H. Krieg, J. Chem. Phys. 132 (2010), 154104
 (2) BJ-Damping Reference
  S. Grimme, S. Ehrlich, and L. Goerigk, J. Comput. Chem. 32 (2011), 1456-1465
 (3) General DFT-D Review
  S. Grimme, A. Hansen, J. G. Brandenburg, and C. Bannwarth,
  Chem. Rev. 116 (2016), 5105-5154

 INFORMATION **** TOLINTEG **** COULOMB AND EXCHANGE SERIES TOLERANCES MODIFIED
 INFORMATION **** TOLDEE **** SCF TOL ON TOTAL ENERGY SET TO           9
 INFORMATION **** READM2 **** FULL DIRECT SCF (MONO AND BIEL INT) SELECTED
 INFORMATION **** MAXCYCLE **** MAX NUMBER OF SCF CYCLES SET TO         800
 INFORMATION **** DIIS **** DIIS FOR SCF ACTIVE
 INFORMATION **** DIIS **** LEVEL SHIFTER DISABLED
 INFORMATION **** PPAN ****  MULLIKEN POPULATION ANALYSIS AT THE END OF SCF
 *******************************************************************************
 N. OF ATOMS PER CELL        56  COULOMB OVERLAP TOL         (T1) 10**   -8
 NUMBER OF SHELLS           448  COULOMB PENETRATION TOL     (T2) 10**   -8
 NUMBER OF AO              1008  EXCHANGE OVERLAP TOL        (T3) 10**   -8
 N. OF ELECTRONS PER CELL   336  EXCHANGE PSEUDO OVP (F(G))  (T4) 10**   -9
 CORE ELECTRONS PER CELL    112  EXCHANGE PSEUDO OVP (P(G))  (T5) 10**  -24
 N. OF SYMMETRY OPERATORS    24  POLE ORDER IN MONO ZONE                  4
 *******************************************************************************
 TYPE OF CALCULATION :  UNRESTRICTED OPEN SHELL
 KOHN-SHAM HAMILTONIAN

 (EXCHANGE)[CORRELATION] FUNCTIONAL:(BECKE 88)[LEE-YANG-PARR]

 NON-LOCAL WEIGHTING FACTOR (EXCHANGE) =           0.9000
 NON-LOCAL WEIGHTING FACTOR [CORRELATION] =        0.8100

 HYBRID EXCHANGE - PERCENTAGE OF FOCK EXCHANGE    20.0000

 SPIN POLARIZED DFT SELECTED

 CAPPA:IS1  5;IS2  5;IS3  5; K PTS MONK NET  11; SYMMOPS:K SPACE  24;G SPACE  24

 *******************************************************************************
 MAX NUMBER OF SCF CYCLES     800  CONVERGENCE ON DELTAP        10**-19
 WEIGHT OF F(I) IN F(I+1)      30% CONVERGENCE ON ENERGY        10**- 9
 SHRINK. FACT.(MONKH.)    5  5  5  NUMBER OF K POINTS IN THE IBZ     11
 SHRINKING FACTOR(GILAT NET)   10  NUMBER OF K POINTS(GILAT NET)     61
 *******************************************************************************
 *** K POINTS COORDINATES (OBLIQUE COORDINATES IN UNITS OF IS =  5)
   1-R(  0  0  0)   2-C(  1  0  0)   3-C(  2  0  0)   4-C(  1  1  0)
   5-C(  2  1  0)   6-C(  1  1  1)   7-C(  4  1  1)   8-C(  3  2  1)
   9-C(  4  2  1)  10-C(  3  3  1)  11-C(  3  2  2)

 DIRECT LATTICE VECTORS COMPON. (A.U.)     RECIP. LATTICE VECTORS COMPON. (A.U.) 
        X            Y            Z              X            Y            Z
   -8.9611997    8.9611997    8.9611997      0.0000000    0.3505772    0.3505772
    8.9611997   -8.9611997    8.9611997      0.3505772   -0.0000000    0.3505772
    8.9611997    8.9611997   -8.9611997      0.3505772    0.3505772   -0.0000000

 DISK SPACE FOR EIGENVECTORS (FTN 10)    21337344 REALS

 SYMMETRY ADAPTION OF THE BLOCH FUNCTIONS ENABLED
 TTTTTTTTTTTTTTTTTTTTTTTTTTTTTT gordsh1     TELAPSE        1.95 TCPU        0.59

 MATRIX SIZE: P(G) 4995248, F(G)  571644, P(G) IRR  106959, F(G) IRR   24573
 MAX G-VECTOR INDEX FOR 1- AND 2-ELECTRON INTEGRALS 113

 TTTTTTTTTTTTTTTTTTTTTTTTTTTTTT INPUT       TELAPSE        1.97 TCPU        0.60

 NEIGHBORS OF THE NON-EQUIVALENT ATOMS

 N = NUMBER OF NEIGHBORS AT DISTANCE R
    ATOM  N     R/ANG      R/AU   NEIGHBORS (ATOM LABELS AND CELL INDICES)
   1 C    1     1.4698     2.7775   40 C    0 0 0
   1 C    2     1.4808     2.7983   17 C    0 0 0   18 C    0 0 0
   1 C    2     2.3319     4.4067    5 C    0 0 0    6 C    0 0 0
   1 C    1     2.4514     4.6324   39 C    0 0 0
   1 C    1     2.5639     4.8450   55 C   -1 0 0
   1 C    1     2.5755     4.8671   36 C    0 0 0

  25 C    1     1.4240     2.6910   50 C    0 0 0
  25 C    1     1.4283     2.6990   26 C    0 0 0
  25 C    1     1.4698     2.7775   16 C    0 1 0
  25 C    1     2.4014     4.5381   49 C    0 0-1
  25 C    2     2.4374     4.6061   31 C    0 0 0   32 C    0 1 0
  25 C    1     2.4514     4.6324   15 C    0 0 0

  49 C    3     1.4240     2.6910   26 C    0 0 1   29 C    0 0 0   36 C    0 0 0
  49 C    3     2.4014     4.5381   25 C    0 0 1   33 C    0 0 0   34 C    0 0 0
  49 C    1     2.4378     4.6068   53 C    0 0 0
  49 C    3     2.5639     4.8450   15 C    0 0 1   18 C    0 0 0   19 C    0 0 1
  49 C    3     2.9098     5.4987   16 C    0 1 1   20 C    0 0 0   23 C    0 0 0
  49 C    3     3.0056     5.6797   38 C    0 0 0   41 C    0 0 1   48 C    0 0 1


 SYMMETRY ALLOWED INTERNAL DEGREE(S) OF FREEDOM:   7
 TTTTTTTTTTTTTTTTTTTTTTTTTTTTTT SYMM        TELAPSE        2.02 TCPU        0.66
 TTTTTTTTTTTTTTTTTTTTTTTTTTTTTT INT_SCREEN  TELAPSE        2.04 TCPU        0.68
 WARNING **** EXCBUF **** EXCH. BIPO BUFFER TOO SMALL - TO AVOID I/O SET EXCHSIZE =     6609564

 DFT PARAMETERS

     ATOM       ELECTRONS   NET CHARGE   R(ANGSTROM)
   1   6  C       6.0000      0.0000     0.77000000

 SIZE OF GRID=      68134
 TTTTTTTTTTTTTTTTTTTTTTTTTTTTTT MAKE_GRID2  TELAPSE        2.59 TCPU        1.13
 BECKE WEIGHT FUNCTION
 RADSAFE =     2.00
 TOLERANCES - DENSITY:10**- 6; POTENTIAL:10**- 9; GRID WGT:10**-14

 RADIAL INTEGRATION  - INTERVALS (POINTS,UPPER LIMIT):            1( 75,  4.0*R)

 ANGULAR INTEGRATION - INTERVALS (ACCURACY LEVEL [N. POINTS] UPPER LIMIT):
  1(  4[  86]   0.2)  2(  8[ 194]   0.5)  3( 12[ 350]   0.9)  4( 16[ 974]   3.5)
  5( 12[ 350]9999.0)
 TTTTTTTTTTTTTTTTTTTTTTTTTTTTTT INT_CALC    TELAPSE        2.60 TCPU        1.15
 EEEEEEEEEE INT_CALC TERMINATION  DATE 30 01 2026 TIME 22:52:00.3

 *******************************************************************************
 ./3^3T57-CA_rev1_sp_B3LYP-D3-D3_optimized                                       
 CRYSTAL - SCF - TYPE OF CALCULATION :  UNRESTRICTED OPEN SHELL
 *******************************************************************************

 CAPPA:IS1  5;IS2  5;IS3  5; K PTS MONK NET  11; SYMMOPS:K SPACE  24;G SPACE  24

 TTTTTTTTTTTTTTTTTTTTTTTTTTTTTT SDIK        TELAPSE        3.33 TCPU        1.87

 AAAAAAAAAAAAAAAAAAAAAAAAAAAAAAAAAAAAAAAAAAAAAAAAAAAAAAAAAAAAAAAAAAAAAAAAAAAAAAA
         ATOMIC WAVEFUNCTION(S)


 NUCLEAR CHARGE  6.0  SYMMETRY SPECIES            S    P
 N. ELECTRONS    6.0  NUMBER OF PRIMITIVE GTOS   10    6
                      NUMBER OF CONTRACTED GTOS   4    3
                      NUMBER OF CLOSED SHELLS     2    0
                      OPEN SHELL OCCUPATION       0    2

  ZNUC  SCFIT    TOTAL HF ENERGY   KINETIC ENERGY   VIRIAL THEOREM ACCURACY
   6.0    10    -3.766702350E+01  3.783137943E+01 -1.995655566E+00  1.6E-06

 AAAAAAAAAAAAAAAAAAAAAAAAAAAAAAAAAAAAAAAAAAAAAAAAAAAAAAAAAAAAAAAAAAAAAAAAAAAAAAA

 CHARGE NORMALIZATION FACTOR   1.00000000
 TOTAL ATOMIC CHARGES:
   6.0000000   6.0000000   6.0000000   6.0000000   6.0000000   6.0000000
   6.0000000   6.0000000   6.0000000   6.0000000   6.0000000   6.0000000
   6.0000000   6.0000000   6.0000000   6.0000000   6.0000000   6.0000000
   6.0000000   6.0000000   6.0000000   6.0000000   6.0000000   6.0000000
   6.0000000   6.0000000   6.0000000   6.0000000   6.0000000   6.0000000
   6.0000000   6.0000000   6.0000000   6.0000000   6.0000000   6.0000000
   6.0000000   6.0000000   6.0000000   6.0000000   6.0000000   6.0000000
   6.0000000   6.0000000   6.0000000   6.0000000   6.0000000   6.0000000
   6.0000000   6.0000000   6.0000000   6.0000000   6.0000000   6.0000000
   6.0000000   6.0000000
 SUMMED SPIN DENSITY           0.00000000
 TOTAL ATOMIC SPINS  :
   0.0000000   0.0000000   0.0000000   0.0000000   0.0000000   0.0000000
   0.0000000   0.0000000   0.0000000   0.0000000   0.0000000   0.0000000
   0.0000000   0.0000000   0.0000000   0.0000000   0.0000000   0.0000000
   0.0000000   0.0000000   0.0000000   0.0000000   0.0000000   0.0000000
   0.0000000   0.0000000   0.0000000   0.0000000   0.0000000   0.0000000
   0.0000000   0.0000000   0.0000000   0.0000000   0.0000000   0.0000000
   0.0000000   0.0000000   0.0000000   0.0000000   0.0000000   0.0000000
   0.0000000   0.0000000   0.0000000   0.0000000   0.0000000   0.0000000
   0.0000000   0.0000000   0.0000000   0.0000000   0.0000000   0.0000000
   0.0000000   0.0000000
 TTTTTTTTTTTTTTTTTTTTTTTTTTTTTT MOQGAD      TELAPSE        3.36 TCPU        1.90
 TTTTTTTTTTTTTTTTTTTTTTTTTTTTTT SHELLXN     TELAPSE       30.39 TCPU       28.91
 TTTTTTTTTTTTTTTTTTTTTTTTTTTTTT MONMO3      TELAPSE       30.47 TCPU       28.99
 NUMERICALLY INTEGRATED DENSITY    167.9999409989    167.9999409989
 TTTTTTTTTTTTTTTTTTTTTTTTTTTTTT NUMDFT      TELAPSE       31.39 TCPU       29.90
 CYC   0 ETOT(AU) -2.147724319853E+03 DETOT -2.15E+03 tst  0.00E+00 PX  1.00E+00
 TTTTTTTTTTTTTTTTTTTTTTTTTTTTTT DIIS        TELAPSE       31.57 TCPU       30.08
 TTTTTTTTTTTTTTTTTTTTTTTTTTTTTT FDIK        TELAPSE       44.70 TCPU       43.21
 POSSIBLY CONDUCTING STATE - EFERMI(AU) -1.7720975E-01 (RES. CHARGE  1.14E-13;IT. 14)
 TTTTTTTTTTTTTTTTTTTTTTTTTTTTTT PDIG        TELAPSE       45.31 TCPU       43.82
 CHARGE NORMALIZATION FACTOR   1.00000000
 TOTAL ATOMIC CHARGES:
   5.9014503   5.9014503   5.9014503   5.9014503   5.9014503   5.9014503
   5.9014503   5.9014503   5.9014503   5.9014503   5.9014503   5.9014503
   5.9014503   5.9014503   5.9014503   5.9014503   5.9014503   5.9014503
   5.9014503   5.9014503   5.9014503   5.9014503   5.9014503   5.9014503
   6.0983578   6.0983578   6.0983578   6.0983578   6.0983578   6.0983578
   6.0983578   6.0983578   6.0983578   6.0983578   6.0983578   6.0983578
   6.0983578   6.0983578   6.0983578   6.0983578   6.0983578   6.0983578
   6.0983578   6.0983578   6.0983578   6.0983578   6.0983578   6.0983578
   6.0005756   6.0005756   6.0005756   6.0005756   6.0005756   6.0005756
   6.0005756   6.0005756
 SUMMED SPIN DENSITY          -0.00000000
 TOTAL ATOMIC SPINS  :
  -0.0000000  -0.0000000  -0.0000000  -0.0000000  -0.0000000  -0.0000000
  -0.0000000  -0.0000000  -0.0000000  -0.0000000  -0.0000000  -0.0000000
  -0.0000000  -0.0000000  -0.0000000  -0.0000000  -0.0000000  -0.0000000
  -0.0000000  -0.0000000  -0.0000000  -0.0000000  -0.0000000  -0.0000000
  -0.0000000  -0.0000000  -0.0000000  -0.0000000  -0.0000000  -0.0000000
  -0.0000000  -0.0000000  -0.0000000  -0.0000000  -0.0000000  -0.0000000
  -0.0000000  -0.0000000  -0.0000000  -0.0000000  -0.0000000  -0.0000000
  -0.0000000  -0.0000000  -0.0000000  -0.0000000  -0.0000000  -0.0000000
  -0.0000000  -0.0000000  -0.0000000  -0.0000000  -0.0000000  -0.0000000
  -0.0000000  -0.0000000
 TTTTTTTTTTTTTTTTTTTTTTTTTTTTTT MOQGAD      TELAPSE       45.33 TCPU       43.84
 TTTTTTTTTTTTTTTTTTTTTTTTTTTTTT SHELLXN     TELAPSE       73.79 TCPU       72.27
 TTTTTTTTTTTTTTTTTTTTTTTTTTTTTT MONMO3      TELAPSE       73.87 TCPU       72.36
 NUMERICALLY INTEGRATED DENSITY    167.9999533549    167.9999533549
 TTTTTTTTTTTTTTTTTTTTTTTTTTTTTT NUMDFT      TELAPSE       74.71 TCPU       73.19
 CYC   1 ETOT(AU) -2.130843885934E+03 DETOT  1.69E+01 tst  0.00E+00 PX  1.00E+00
 TTTTTTTTTTTTTTTTTTTTTTTTTTTTTT DIIS        TELAPSE       74.83 TCPU       73.30
 DIIS TEST: 0.62573E+01 AT SCF   CYCLE   1 - MIX   30 %
 TTTTTTTTTTTTTTTTTTTTTTTTTTTTTT FDIK        TELAPSE       79.47 TCPU       77.94
 POSSIBLY CONDUCTING STATE - EFERMI(AU) -1.2686387E-01 (RES. CHARGE  2.79E-10;IT. 12)
 TTTTTTTTTTTTTTTTTTTTTTTTTTTTTT PDIG        TELAPSE       80.06 TCPU       78.53
 CHARGE NORMALIZATION FACTOR   1.00000000
 TOTAL ATOMIC CHARGES:
   6.1630906   6.1630906   6.1630906   6.1630906   6.1630906   6.1630906
   6.1630906   6.1630906   6.1630906   6.1630906   6.1630906   6.1630906
   6.1630906   6.1630906   6.1630906   6.1630906   6.1630906   6.1630906
   6.1630906   6.1630906   6.1630906   6.1630906   6.1630906   6.1630906
   5.9093994   5.9093994   5.9093994   5.9093994   5.9093994   5.9093994
   5.9093994   5.9093994   5.9093994   5.9093994   5.9093994   5.9093994
   5.9093994   5.9093994   5.9093994   5.9093994   5.9093994   5.9093994
   5.9093994   5.9093994   5.9093994   5.9093994   5.9093994   5.9093994
   5.7825299   5.7825299   5.7825299   5.7825299   5.7825299   5.7825299
   5.7825299   5.7825299
 SUMMED SPIN DENSITY          -0.00000000
 TOTAL ATOMIC SPINS  :
   0.0000000   0.0000000   0.0000000   0.0000000   0.0000000   0.0000000
   0.0000000   0.0000000   0.0000000   0.0000000   0.0000000   0.0000000
   0.0000000   0.0000000   0.0000000   0.0000000   0.0000000   0.0000000
   0.0000000   0.0000000   0.0000000   0.0000000   0.0000000   0.0000000
  -0.0000000  -0.0000000  -0.0000000  -0.0000000  -0.0000000  -0.0000000
  -0.0000000  -0.0000000  -0.0000000  -0.0000000  -0.0000000  -0.0000000
  -0.0000000  -0.0000000  -0.0000000  -0.0000000  -0.0000000  -0.0000000
  -0.0000000  -0.0000000  -0.0000000  -0.0000000  -0.0000000  -0.0000000
   0.0000000   0.0000000   0.0000000   0.0000000   0.0000000   0.0000000
   0.0000000   0.0000000
 TTTTTTTTTTTTTTTTTTTTTTTTTTTTTT MOQGAD      TELAPSE       80.08 TCPU       78.55
 TTTTTTTTTTTTTTTTTTTTTTTTTTTTTT SHELLXN     TELAPSE      108.55 TCPU      107.01
 TTTTTTTTTTTTTTTTTTTTTTTTTTTTTT MONMO3      TELAPSE      108.63 TCPU      107.09
 NUMERICALLY INTEGRATED DENSITY    167.9999451815    167.9999451815
 TTTTTTTTTTTTTTTTTTTTTTTTTTTTTT NUMDFT      TELAPSE      109.46 TCPU      107.92
 CYC   2 ETOT(AU) -2.130737946771E+03 DETOT  1.06E-01 tst  9.83E-03 PX  9.46E-02
 TTTTTTTTTTTTTTTTTTTTTTTTTTTTTT DIIS        TELAPSE      109.58 TCPU      108.03
 DIIS TEST: 0.12498E+02 AT SCF   CYCLE   2 - DIIS ACTIVE - HISTORY:     2 CYCLES
 TTTTTTTTTTTTTTTTTTTTTTTTTTTTTT FDIK        TELAPSE      114.13 TCPU      112.58
 POSSIBLY CONDUCTING STATE - EFERMI(AU) -1.0622849E-01 (RES. CHARGE  6.76E-10;IT. 10)
 TTTTTTTTTTTTTTTTTTTTTTTTTTTTTT PDIG        TELAPSE      114.81 TCPU      113.26
 CHARGE NORMALIZATION FACTOR   1.00000000
 TOTAL ATOMIC CHARGES:
   5.9858826   5.9858826   5.9858826   5.9858826   5.9858826   5.9858826
   5.9858826   5.9858826   5.9858826   5.9858826   5.9858826   5.9858826
   5.9858826   5.9858826   5.9858826   5.9858826   5.9858826   5.9858826
   5.9858826   5.9858826   5.9858826   5.9858826   5.9858826   5.9858826
   6.0150919   6.0150919   6.0150919   6.0150919   6.0150919   6.0150919
   6.0150919   6.0150919   6.0150919   6.0150919   6.0150919   6.0150919
   6.0150919   6.0150919   6.0150919   6.0150919   6.0150919   6.0150919
   6.0150919   6.0150919   6.0150919   6.0150919   6.0150919   6.0150919
   5.9970765   5.9970765   5.9970765   5.9970765   5.9970765   5.9970765
   5.9970765   5.9970765
 SUMMED SPIN DENSITY          -0.00000000
 TOTAL ATOMIC SPINS  :
   0.0000000   0.0000000   0.0000000   0.0000000   0.0000000   0.0000000
   0.0000000   0.0000000   0.0000000   0.0000000   0.0000000   0.0000000
   0.0000000   0.0000000   0.0000000   0.0000000   0.0000000   0.0000000
   0.0000000   0.0000000   0.0000000   0.0000000   0.0000000   0.0000000
  -0.0000000  -0.0000000  -0.0000000  -0.0000000  -0.0000000  -0.0000000
  -0.0000000  -0.0000000  -0.0000000  -0.0000000  -0.0000000  -0.0000000
  -0.0000000  -0.0000000  -0.0000000  -0.0000000  -0.0000000  -0.0000000
  -0.0000000  -0.0000000  -0.0000000  -0.0000000  -0.0000000  -0.0000000
  -0.0000000  -0.0000000  -0.0000000  -0.0000000  -0.0000000  -0.0000000
  -0.0000000  -0.0000000
 TTTTTTTTTTTTTTTTTTTTTTTTTTTTTT MOQGAD      TELAPSE      114.83 TCPU      113.27
 TTTTTTTTTTTTTTTTTTTTTTTTTTTTTT SHELLXN     TELAPSE      143.31 TCPU      141.74
 TTTTTTTTTTTTTTTTTTTTTTTTTTTTTT MONMO3      TELAPSE      143.39 TCPU      141.82
 NUMERICALLY INTEGRATED DENSITY    167.9999458627    167.9999458627
 TTTTTTTTTTTTTTTTTTTTTTTTTTTTTT NUMDFT      TELAPSE      144.22 TCPU      142.65
 CYC   3 ETOT(AU) -2.131058211357E+03 DETOT -3.20E-01 tst  3.15E-03 PX  6.56E-02
 TTTTTTTTTTTTTTTTTTTTTTTTTTTTTT DIIS        TELAPSE      144.33 TCPU      142.76
 DIIS TEST: 0.41031E+00 AT SCF   CYCLE   3 - DIIS ACTIVE - HISTORY:     3 CYCLES
 TTTTTTTTTTTTTTTTTTTTTTTTTTTTTT FDIK        TELAPSE      148.91 TCPU      147.34
 POSSIBLY CONDUCTING STATE - EFERMI(AU) -1.1668517E-01 (RES. CHARGE  5.68E-14;IT. 12)
 TTTTTTTTTTTTTTTTTTTTTTTTTTTTTT PDIG        TELAPSE      149.52 TCPU      147.95
 CHARGE NORMALIZATION FACTOR   1.00000000
 TOTAL ATOMIC CHARGES:
   6.0003730   6.0003730   6.0003730   6.0003730   6.0003730   6.0003730
   6.0003730   6.0003730   6.0003730   6.0003730   6.0003730   6.0003730
   6.0003730   6.0003730   6.0003730   6.0003730   6.0003730   6.0003730
   6.0003730   6.0003730   6.0003730   6.0003730   6.0003730   6.0003730
   6.0265286   6.0265286   6.0265286   6.0265286   6.0265286   6.0265286
   6.0265286   6.0265286   6.0265286   6.0265286   6.0265286   6.0265286
   6.0265286   6.0265286   6.0265286   6.0265286   6.0265286   6.0265286
   6.0265286   6.0265286   6.0265286   6.0265286   6.0265286   6.0265286
   5.9192950   5.9192950   5.9192950   5.9192950   5.9192950   5.9192950
   5.9192950   5.9192950
 SUMMED SPIN DENSITY           0.00000000
 TOTAL ATOMIC SPINS  :
  -0.0000000  -0.0000000  -0.0000000  -0.0000000  -0.0000000  -0.0000000
  -0.0000000  -0.0000000  -0.0000000  -0.0000000  -0.0000000  -0.0000000
  -0.0000000  -0.0000000  -0.0000000  -0.0000000  -0.0000000  -0.0000000
  -0.0000000  -0.0000000  -0.0000000  -0.0000000  -0.0000000  -0.0000000
   0.0000000   0.0000000   0.0000000   0.0000000   0.0000000   0.0000000
   0.0000000   0.0000000   0.0000000   0.0000000   0.0000000   0.0000000
   0.0000000   0.0000000   0.0000000   0.0000000   0.0000000   0.0000000
   0.0000000   0.0000000   0.0000000   0.0000000   0.0000000   0.0000000
  -0.0000000  -0.0000000  -0.0000000  -0.0000000  -0.0000000  -0.0000000
  -0.0000000  -0.0000000
 TTTTTTTTTTTTTTTTTTTTTTTTTTTTTT MOQGAD      TELAPSE      149.54 TCPU      147.97
 TTTTTTTTTTTTTTTTTTTTTTTTTTTTTT SHELLXN     TELAPSE      178.02 TCPU      176.43
 TTTTTTTTTTTTTTTTTTTTTTTTTTTTTT MONMO3      TELAPSE      178.10 TCPU      176.51
 NUMERICALLY INTEGRATED DENSITY    167.9999476457    167.9999476457
 TTTTTTTTTTTTTTTTTTTTTTTTTTTTTT NUMDFT      TELAPSE      178.93 TCPU      177.35
 CYC   4 ETOT(AU) -2.131068398366E+03 DETOT -1.02E-02 tst  1.15E-04 PX  2.33E-02
 TTTTTTTTTTTTTTTTTTTTTTTTTTTTTT DIIS        TELAPSE      179.05 TCPU      177.46
 DIIS TEST: 0.85026E-01 AT SCF   CYCLE   4 - DIIS ACTIVE - HISTORY:     4 CYCLES
 TTTTTTTTTTTTTTTTTTTTTTTTTTTTTT FDIK        TELAPSE      183.05 TCPU      181.46
 POSSIBLY CONDUCTING STATE - EFERMI(AU) -1.1689903E-01 (RES. CHARGE  6.12E-11;IT.  8)
 TTTTTTTTTTTTTTTTTTTTTTTTTTTTTT PDIG        TELAPSE      183.63 TCPU      182.04
 CHARGE NORMALIZATION FACTOR   1.00000000
 TOTAL ATOMIC CHARGES:
   6.0059045   6.0059045   6.0059045   6.0059045   6.0059045   6.0059045
   6.0059045   6.0059045   6.0059045   6.0059045   6.0059045   6.0059045
   6.0059045   6.0059045   6.0059045   6.0059045   6.0059045   6.0059045
   6.0059045   6.0059045   6.0059045   6.0059045   6.0059045   6.0059045
   6.0072875   6.0072875   6.0072875   6.0072875   6.0072875   6.0072875
   6.0072875   6.0072875   6.0072875   6.0072875   6.0072875   6.0072875
   6.0072875   6.0072875   6.0072875   6.0072875   6.0072875   6.0072875
   6.0072875   6.0072875   6.0072875   6.0072875   6.0072875   6.0072875
   5.9604240   5.9604240   5.9604240   5.9604240   5.9604240   5.9604240
   5.9604240   5.9604240
 SUMMED SPIN DENSITY          -0.00000000
 TOTAL ATOMIC SPINS  :
  -0.0000000  -0.0000000  -0.0000000  -0.0000000  -0.0000000  -0.0000000
  -0.0000000  -0.0000000  -0.0000000  -0.0000000  -0.0000000  -0.0000000
  -0.0000000  -0.0000000  -0.0000000  -0.0000000  -0.0000000  -0.0000000
  -0.0000000  -0.0000000  -0.0000000  -0.0000000  -0.0000000  -0.0000000
   0.0000000   0.0000000   0.0000000   0.0000000   0.0000000   0.0000000
   0.0000000   0.0000000   0.0000000   0.0000000   0.0000000   0.0000000
   0.0000000   0.0000000   0.0000000   0.0000000   0.0000000   0.0000000
   0.0000000   0.0000000   0.0000000   0.0000000   0.0000000   0.0000000
  -0.0000000  -0.0000000  -0.0000000  -0.0000000  -0.0000000  -0.0000000
  -0.0000000  -0.0000000
 TTTTTTTTTTTTTTTTTTTTTTTTTTTTTT MOQGAD      TELAPSE      183.65 TCPU      182.06
 TTTTTTTTTTTTTTTTTTTTTTTTTTTTTT SHELLXN     TELAPSE      212.14 TCPU      210.53
 TTTTTTTTTTTTTTTTTTTTTTTTTTTTTT MONMO3      TELAPSE      212.22 TCPU      210.61
 NUMERICALLY INTEGRATED DENSITY    167.9999473866    167.9999473866
 TTTTTTTTTTTTTTTTTTTTTTTTTTTTTT NUMDFT      TELAPSE      213.04 TCPU      211.43
 CYC   5 ETOT(AU) -2.131069893880E+03 DETOT -1.50E-03 tst  1.64E-05 PX  5.60E-03
 TTTTTTTTTTTTTTTTTTTTTTTTTTTTTT DIIS        TELAPSE      213.16 TCPU      211.54
 DIIS TEST: 0.14735E-01 AT SCF   CYCLE   5 - DIIS ACTIVE - HISTORY:     5 CYCLES
 TTTTTTTTTTTTTTTTTTTTTTTTTTTTTT FDIK        TELAPSE      217.67 TCPU      216.06
 POSSIBLY CONDUCTING STATE - EFERMI(AU) -1.1616029E-01 (RES. CHARGE  8.09E-11;IT. 10)
 TTTTTTTTTTTTTTTTTTTTTTTTTTTTTT PDIG        TELAPSE      218.29 TCPU      216.68
 CHARGE NORMALIZATION FACTOR   1.00000000
 TOTAL ATOMIC CHARGES:
   6.0035354   6.0035354   6.0035354   6.0035354   6.0035354   6.0035354
   6.0035354   6.0035354   6.0035354   6.0035354   6.0035354   6.0035354
   6.0035354   6.0035354   6.0035354   6.0035354   6.0035354   6.0035354
   6.0035354   6.0035354   6.0035354   6.0035354   6.0035354   6.0035354
   6.0145928   6.0145928   6.0145928   6.0145928   6.0145928   6.0145928
   6.0145928   6.0145928   6.0145928   6.0145928   6.0145928   6.0145928
   6.0145928   6.0145928   6.0145928   6.0145928   6.0145928   6.0145928
   6.0145928   6.0145928   6.0145928   6.0145928   6.0145928   6.0145928
   5.9456154   5.9456154   5.9456154   5.9456154   5.9456154   5.9456154
   5.9456154   5.9456154
 SUMMED SPIN DENSITY          -0.00000000
 TOTAL ATOMIC SPINS  :
   0.0000000   0.0000000   0.0000000   0.0000000   0.0000000   0.0000000
   0.0000000   0.0000000   0.0000000   0.0000000   0.0000000   0.0000000
   0.0000000   0.0000000   0.0000000   0.0000000   0.0000000   0.0000000
   0.0000000   0.0000000   0.0000000   0.0000000   0.0000000   0.0000000
   0.0000000   0.0000000   0.0000000   0.0000000   0.0000000   0.0000000
   0.0000000   0.0000000   0.0000000   0.0000000   0.0000000   0.0000000
   0.0000000   0.0000000   0.0000000   0.0000000   0.0000000   0.0000000
   0.0000000   0.0000000   0.0000000   0.0000000   0.0000000   0.0000000
  -0.0000000  -0.0000000  -0.0000000  -0.0000000  -0.0000000  -0.0000000
  -0.0000000  -0.0000000
 TTTTTTTTTTTTTTTTTTTTTTTTTTTTTT MOQGAD      TELAPSE      218.31 TCPU      216.70
 TTTTTTTTTTTTTTTTTTTTTTTTTTTTTT SHELLXN     TELAPSE      246.80 TCPU      245.16
 TTTTTTTTTTTTTTTTTTTTTTTTTTTTTT MONMO3      TELAPSE      246.88 TCPU      245.24
 NUMERICALLY INTEGRATED DENSITY    167.9999472964    167.9999472964
 TTTTTTTTTTTTTTTTTTTTTTTTTTTTTT NUMDFT      TELAPSE      247.72 TCPU      246.08
 CYC   6 ETOT(AU) -2.131070259258E+03 DETOT -3.65E-04 tst  2.48E-06 PX  3.06E-03
 TTTTTTTTTTTTTTTTTTTTTTTTTTTTTT DIIS        TELAPSE      247.83 TCPU      246.19
 DIIS TEST: 0.65605E-03 AT SCF   CYCLE   6 - DIIS ACTIVE - HISTORY:     6 CYCLES
 TTTTTTTTTTTTTTTTTTTTTTTTTTTTTT FDIK        TELAPSE      251.92 TCPU      250.28
 POSSIBLY CONDUCTING STATE - EFERMI(AU) -1.1615246E-01 (RES. CHARGE  9.04E-12;IT.  6)
 TTTTTTTTTTTTTTTTTTTTTTTTTTTTTT PDIG        TELAPSE      252.63 TCPU      250.98
 CHARGE NORMALIZATION FACTOR   1.00000000
 TOTAL ATOMIC CHARGES:
   6.0032079   6.0032079   6.0032079   6.0032079   6.0032079   6.0032079
   6.0032079   6.0032079   6.0032079   6.0032079   6.0032079   6.0032079
   6.0032079   6.0032079   6.0032079   6.0032079   6.0032079   6.0032079
   6.0032079   6.0032079   6.0032079   6.0032079   6.0032079   6.0032079
   6.0139562   6.0139562   6.0139562   6.0139562   6.0139562   6.0139562
   6.0139562   6.0139562   6.0139562   6.0139562   6.0139562   6.0139562
   6.0139562   6.0139562   6.0139562   6.0139562   6.0139562   6.0139562
   6.0139562   6.0139562   6.0139562   6.0139562   6.0139562   6.0139562
   5.9485079   5.9485079   5.9485079   5.9485079   5.9485079   5.9485079
   5.9485079   5.9485079
 SUMMED SPIN DENSITY           0.00000000
 TOTAL ATOMIC SPINS  :
   0.0000000   0.0000000   0.0000000   0.0000000   0.0000000   0.0000000
   0.0000000   0.0000000   0.0000000   0.0000000   0.0000000   0.0000000
   0.0000000   0.0000000   0.0000000   0.0000000   0.0000000   0.0000000
   0.0000000   0.0000000   0.0000000   0.0000000   0.0000000   0.0000000
  -0.0000000  -0.0000000  -0.0000000  -0.0000000  -0.0000000  -0.0000000
  -0.0000000  -0.0000000  -0.0000000  -0.0000000  -0.0000000  -0.0000000
  -0.0000000  -0.0000000  -0.0000000  -0.0000000  -0.0000000  -0.0000000
  -0.0000000  -0.0000000  -0.0000000  -0.0000000  -0.0000000  -0.0000000
   0.0000000   0.0000000   0.0000000   0.0000000   0.0000000   0.0000000
   0.0000000   0.0000000
 TTTTTTTTTTTTTTTTTTTTTTTTTTTTTT MOQGAD      TELAPSE      252.65 TCPU      251.00
 TTTTTTTTTTTTTTTTTTTTTTTTTTTTTT SHELLXN     TELAPSE      281.13 TCPU      279.47
 TTTTTTTTTTTTTTTTTTTTTTTTTTTTTT MONMO3      TELAPSE      281.21 TCPU      279.55
 NUMERICALLY INTEGRATED DENSITY    167.9999473578    167.9999473578
 TTTTTTTTTTTTTTTTTTTTTTTTTTTTTT NUMDFT      TELAPSE      282.48 TCPU      280.82
 CYC   7 ETOT(AU) -2.131070276438E+03 DETOT -1.72E-05 tst  1.49E-07 PX  6.11E-04
 TTTTTTTTTTTTTTTTTTTTTTTTTTTTTT DIIS        TELAPSE      282.59 TCPU      280.93
 DIIS TEST: 0.12844E-04 AT SCF   CYCLE   7 - DIIS ACTIVE - HISTORY:     7 CYCLES
 TTTTTTTTTTTTTTTTTTTTTTTTTTTTTT FDIK        TELAPSE      287.32 TCPU      285.65
 POSSIBLY CONDUCTING STATE - EFERMI(AU) -1.1616368E-01 (RES. CHARGE  2.88E-10;IT.  6)
 TTTTTTTTTTTTTTTTTTTTTTTTTTTTTT PDIG        TELAPSE      287.90 TCPU      286.23
 CHARGE NORMALIZATION FACTOR   1.00000000
 TOTAL ATOMIC CHARGES:
   6.0031879   6.0031879   6.0031879   6.0031879   6.0031879   6.0031879
   6.0031879   6.0031879   6.0031879   6.0031879   6.0031879   6.0031879
   6.0031879   6.0031879   6.0031879   6.0031879   6.0031879   6.0031879
   6.0031879   6.0031879   6.0031879   6.0031879   6.0031879   6.0031879
   6.0140151   6.0140151   6.0140151   6.0140151   6.0140151   6.0140151
   6.0140151   6.0140151   6.0140151   6.0140151   6.0140151   6.0140151
   6.0140151   6.0140151   6.0140151   6.0140151   6.0140151   6.0140151
   6.0140151   6.0140151   6.0140151   6.0140151   6.0140151   6.0140151
   5.9483907   5.9483907   5.9483907   5.9483907   5.9483907   5.9483907
   5.9483907   5.9483907
 SUMMED SPIN DENSITY           0.00000000
 TOTAL ATOMIC SPINS  :
   0.0000000   0.0000000   0.0000000   0.0000000   0.0000000   0.0000000
   0.0000000   0.0000000   0.0000000   0.0000000   0.0000000   0.0000000
   0.0000000   0.0000000   0.0000000   0.0000000   0.0000000   0.0000000
   0.0000000   0.0000000   0.0000000   0.0000000   0.0000000   0.0000000
   0.0000000   0.0000000   0.0000000   0.0000000   0.0000000   0.0000000
   0.0000000   0.0000000   0.0000000   0.0000000   0.0000000   0.0000000
   0.0000000   0.0000000   0.0000000   0.0000000   0.0000000   0.0000000
   0.0000000   0.0000000   0.0000000   0.0000000   0.0000000   0.0000000
  -0.0000000  -0.0000000  -0.0000000  -0.0000000  -0.0000000  -0.0000000
  -0.0000000  -0.0000000
 TTTTTTTTTTTTTTTTTTTTTTTTTTTTTT MOQGAD      TELAPSE      287.92 TCPU      286.25
 TTTTTTTTTTTTTTTTTTTTTTTTTTTTTT SHELLXN     TELAPSE      316.41 TCPU      314.72
 TTTTTTTTTTTTTTTTTTTTTTTTTTTTTT MONMO3      TELAPSE      316.49 TCPU      314.80
 NUMERICALLY INTEGRATED DENSITY    167.9999473588    167.9999473588
 TTTTTTTTTTTTTTTTTTTTTTTTTTTTTT NUMDFT      TELAPSE      317.33 TCPU      315.64
 CYC   8 ETOT(AU) -2.131070277688E+03 DETOT -1.25E-06 tst  1.08E-07 PX  7.80E-05
 TTTTTTTTTTTTTTTTTTTTTTTTTTTTTT DIIS        TELAPSE      317.44 TCPU      315.75
 DIIS TEST: 0.37773E-06 AT SCF   CYCLE   8 - DIIS ACTIVE - HISTORY:     8 CYCLES
 TTTTTTTTTTTTTTTTTTTTTTTTTTTTTT FDIK        TELAPSE      321.81 TCPU      320.12
 POSSIBLY CONDUCTING STATE - EFERMI(AU) -1.1616571E-01 (RES. CHARGE  1.59E-12;IT.  6)
 TTTTTTTTTTTTTTTTTTTTTTTTTTTTTT PDIG        TELAPSE      322.47 TCPU      320.77
 CHARGE NORMALIZATION FACTOR   1.00000000
 TOTAL ATOMIC CHARGES:
   6.0031615   6.0031615   6.0031615   6.0031615   6.0031615   6.0031615
   6.0031615   6.0031615   6.0031615   6.0031615   6.0031615   6.0031615
   6.0031615   6.0031615   6.0031615   6.0031615   6.0031615   6.0031615
   6.0031615   6.0031615   6.0031615   6.0031615   6.0031615   6.0031615
   6.0140356   6.0140356   6.0140356   6.0140356   6.0140356   6.0140356
   6.0140356   6.0140356   6.0140356   6.0140356   6.0140356   6.0140356
   6.0140356   6.0140356   6.0140356   6.0140356   6.0140356   6.0140356
   6.0140356   6.0140356   6.0140356   6.0140356   6.0140356   6.0140356
   5.9484087   5.9484087   5.9484087   5.9484087   5.9484087   5.9484087
   5.9484087   5.9484087
 SUMMED SPIN DENSITY          -0.00000000
 TOTAL ATOMIC SPINS  :
  -0.0000000  -0.0000000  -0.0000000  -0.0000000  -0.0000000  -0.0000000
  -0.0000000  -0.0000000  -0.0000000  -0.0000000  -0.0000000  -0.0000000
  -0.0000000  -0.0000000  -0.0000000  -0.0000000  -0.0000000  -0.0000000
  -0.0000000  -0.0000000  -0.0000000  -0.0000000  -0.0000000  -0.0000000
  -0.0000000  -0.0000000  -0.0000000  -0.0000000  -0.0000000  -0.0000000
  -0.0000000  -0.0000000  -0.0000000  -0.0000000  -0.0000000  -0.0000000
  -0.0000000  -0.0000000  -0.0000000  -0.0000000  -0.0000000  -0.0000000
  -0.0000000  -0.0000000  -0.0000000  -0.0000000  -0.0000000  -0.0000000
  -0.0000000  -0.0000000  -0.0000000  -0.0000000  -0.0000000  -0.0000000
  -0.0000000  -0.0000000
 TTTTTTTTTTTTTTTTTTTTTTTTTTTTTT MOQGAD      TELAPSE      322.49 TCPU      320.79
 TTTTTTTTTTTTTTTTTTTTTTTTTTTTTT SHELLXN     TELAPSE      350.97 TCPU      349.26
 TTTTTTTTTTTTTTTTTTTTTTTTTTTTTT MONMO3      TELAPSE      351.05 TCPU      349.34
 NUMERICALLY INTEGRATED DENSITY    167.9999473626    167.9999473626
 TTTTTTTTTTTTTTTTTTTTTTTTTTTTTT NUMDFT      TELAPSE      351.89 TCPU      350.18
 CYC   9 ETOT(AU) -2.131070278019E+03 DETOT -3.31E-07 tst  2.00E-08 PX  3.47E-05
 TTTTTTTTTTTTTTTTTTTTTTTTTTTTTT DIIS        TELAPSE      352.00 TCPU      350.29
 DIIS TEST: 0.72626E-07 AT SCF   CYCLE   9 - DIIS ACTIVE - HISTORY:     9 CYCLES
 TTTTTTTTTTTTTTTTTTTTTTTTTTTTTT FDIK        TELAPSE      356.48 TCPU      354.76
 POSSIBLY CONDUCTING STATE - EFERMI(AU) -1.1616612E-01 (RES. CHARGE  1.71E-13;IT.  6)
 TTTTTTTTTTTTTTTTTTTTTTTTTTTTTT PDIG        TELAPSE      357.06 TCPU      355.34
 CHARGE NORMALIZATION FACTOR   1.00000000
 TOTAL ATOMIC CHARGES:
   6.0031636   6.0031636   6.0031636   6.0031636   6.0031636   6.0031636
   6.0031636   6.0031636   6.0031636   6.0031636   6.0031636   6.0031636
   6.0031636   6.0031636   6.0031636   6.0031636   6.0031636   6.0031636
   6.0031636   6.0031636   6.0031636   6.0031636   6.0031636   6.0031636
   6.0140375   6.0140375   6.0140375   6.0140375   6.0140375   6.0140375
   6.0140375   6.0140375   6.0140375   6.0140375   6.0140375   6.0140375
   6.0140375   6.0140375   6.0140375   6.0140375   6.0140375   6.0140375
   6.0140375   6.0140375   6.0140375   6.0140375   6.0140375   6.0140375
   5.9483966   5.9483966   5.9483966   5.9483966   5.9483966   5.9483966
   5.9483966   5.9483966
 SUMMED SPIN DENSITY          -0.00000000
 TOTAL ATOMIC SPINS  :
   0.0000000   0.0000000   0.0000000   0.0000000   0.0000000   0.0000000
   0.0000000   0.0000000   0.0000000   0.0000000   0.0000000   0.0000000
   0.0000000   0.0000000   0.0000000   0.0000000   0.0000000   0.0000000
   0.0000000   0.0000000   0.0000000   0.0000000   0.0000000   0.0000000
  -0.0000000  -0.0000000  -0.0000000  -0.0000000  -0.0000000  -0.0000000
  -0.0000000  -0.0000000  -0.0000000  -0.0000000  -0.0000000  -0.0000000
  -0.0000000  -0.0000000  -0.0000000  -0.0000000  -0.0000000  -0.0000000
  -0.0000000  -0.0000000  -0.0000000  -0.0000000  -0.0000000  -0.0000000
   0.0000000   0.0000000   0.0000000   0.0000000   0.0000000   0.0000000
   0.0000000   0.0000000
 TTTTTTTTTTTTTTTTTTTTTTTTTTTTTT MOQGAD      TELAPSE      357.08 TCPU      355.36
 TTTTTTTTTTTTTTTTTTTTTTTTTTTTTT SHELLXN     TELAPSE      385.60 TCPU      383.86
 TTTTTTTTTTTTTTTTTTTTTTTTTTTTTT MONMO3      TELAPSE      385.68 TCPU      383.94
 NUMERICALLY INTEGRATED DENSITY    167.9999473629    167.9999473629
 TTTTTTTTTTTTTTTTTTTTTTTTTTTTTT NUMDFT      TELAPSE      386.51 TCPU      384.77
 CYC  10 ETOT(AU) -2.131070278213E+03 DETOT -1.94E-07 tst  5.35E-09 PX  1.46E-05
 TTTTTTTTTTTTTTTTTTTTTTTTTTTTTT DIIS        TELAPSE      386.62 TCPU      384.89
 DIIS TEST: 0.19054E-07 AT SCF   CYCLE  10 - DIIS ACTIVE - HISTORY:    10 CYCLES
 TTTTTTTTTTTTTTTTTTTTTTTTTTTTTT FDIK        TELAPSE      390.97 TCPU      389.23
 POSSIBLY CONDUCTING STATE - EFERMI(AU) -1.1616682E-01 (RES. CHARGE  1.14E-13;IT.  6)
 TTTTTTTTTTTTTTTTTTTTTTTTTTTTTT PDIG        TELAPSE      391.69 TCPU      389.95
 CHARGE NORMALIZATION FACTOR   1.00000000
 TOTAL ATOMIC CHARGES:
   6.0031630   6.0031630   6.0031630   6.0031630   6.0031630   6.0031630
   6.0031630   6.0031630   6.0031630   6.0031630   6.0031630   6.0031630
   6.0031630   6.0031630   6.0031630   6.0031630   6.0031630   6.0031630
   6.0031630   6.0031630   6.0031630   6.0031630   6.0031630   6.0031630
   6.0140415   6.0140415   6.0140415   6.0140415   6.0140415   6.0140415
   6.0140415   6.0140415   6.0140415   6.0140415   6.0140415   6.0140415
   6.0140415   6.0140415   6.0140415   6.0140415   6.0140415   6.0140415
   6.0140415   6.0140415   6.0140415   6.0140415   6.0140415   6.0140415
   5.9483865   5.9483865   5.9483865   5.9483865   5.9483865   5.9483865
   5.9483865   5.9483865
 SUMMED SPIN DENSITY          -0.00000000
 TOTAL ATOMIC SPINS  :
  -0.0000000  -0.0000000  -0.0000000  -0.0000000  -0.0000000  -0.0000000
  -0.0000000  -0.0000000  -0.0000000  -0.0000000  -0.0000000  -0.0000000
  -0.0000000  -0.0000000  -0.0000000  -0.0000000  -0.0000000  -0.0000000
  -0.0000000  -0.0000000  -0.0000000  -0.0000000  -0.0000000  -0.0000000
  -0.0000000  -0.0000000  -0.0000000  -0.0000000  -0.0000000  -0.0000000
  -0.0000000  -0.0000000  -0.0000000  -0.0000000  -0.0000000  -0.0000000
  -0.0000000  -0.0000000  -0.0000000  -0.0000000  -0.0000000  -0.0000000
  -0.0000000  -0.0000000  -0.0000000  -0.0000000  -0.0000000  -0.0000000
  -0.0000000  -0.0000000  -0.0000000  -0.0000000  -0.0000000  -0.0000000
  -0.0000000  -0.0000000
 TTTTTTTTTTTTTTTTTTTTTTTTTTTTTT MOQGAD      TELAPSE      391.71 TCPU      389.97
 TTTTTTTTTTTTTTTTTTTTTTTTTTTTTT SHELLXN     TELAPSE      420.21 TCPU      418.45
 TTTTTTTTTTTTTTTTTTTTTTTTTTTTTT MONMO3      TELAPSE      420.29 TCPU      418.53
 NUMERICALLY INTEGRATED DENSITY    167.9999473636    167.9999473636
 TTTTTTTTTTTTTTTTTTTTTTTTTTTTTT NUMDFT      TELAPSE      421.12 TCPU      419.36
 CYC  11 ETOT(AU) -2.131070278336E+03 DETOT -1.22E-07 tst  1.49E-09 PX  8.09E-06
 TTTTTTTTTTTTTTTTTTTTTTTTTTTTTT DIIS        TELAPSE      421.23 TCPU      419.47
 DIIS TEST: 0.33333E-08 AT SCF   CYCLE  11 - DIIS ACTIVE - HISTORY:    11 CYCLES
 TTTTTTTTTTTTTTTTTTTTTTTTTTTTTT FDIK        TELAPSE      425.05 TCPU      423.29
 POSSIBLY CONDUCTING STATE - EFERMI(AU) -1.1616699E-01 (RES. CHARGE  5.84E-10;IT.  4)
 TTTTTTTTTTTTTTTTTTTTTTTTTTTTTT PDIG        TELAPSE      425.82 TCPU      424.06
 CHARGE NORMALIZATION FACTOR   1.00000000
 TOTAL ATOMIC CHARGES:
   6.0031643   6.0031643   6.0031643   6.0031643   6.0031643   6.0031643
   6.0031643   6.0031643   6.0031643   6.0031643   6.0031643   6.0031643
   6.0031643   6.0031643   6.0031643   6.0031643   6.0031643   6.0031643
   6.0031643   6.0031643   6.0031643   6.0031643   6.0031643   6.0031643
   6.0140416   6.0140416   6.0140416   6.0140416   6.0140416   6.0140416
   6.0140416   6.0140416   6.0140416   6.0140416   6.0140416   6.0140416
   6.0140416   6.0140416   6.0140416   6.0140416   6.0140416   6.0140416
   6.0140416   6.0140416   6.0140416   6.0140416   6.0140416   6.0140416
   5.9483823   5.9483823   5.9483823   5.9483823   5.9483823   5.9483823
   5.9483823   5.9483823
 SUMMED SPIN DENSITY          -0.00000000
 TOTAL ATOMIC SPINS  :
  -0.0000000  -0.0000000  -0.0000000  -0.0000000  -0.0000000  -0.0000000
  -0.0000000  -0.0000000  -0.0000000  -0.0000000  -0.0000000  -0.0000000
  -0.0000000  -0.0000000  -0.0000000  -0.0000000  -0.0000000  -0.0000000
  -0.0000000  -0.0000000  -0.0000000  -0.0000000  -0.0000000  -0.0000000
   0.0000000   0.0000000   0.0000000   0.0000000   0.0000000   0.0000000
   0.0000000   0.0000000   0.0000000   0.0000000   0.0000000   0.0000000
   0.0000000   0.0000000   0.0000000   0.0000000   0.0000000   0.0000000
   0.0000000   0.0000000   0.0000000   0.0000000   0.0000000   0.0000000
  -0.0000000  -0.0000000  -0.0000000  -0.0000000  -0.0000000  -0.0000000
  -0.0000000  -0.0000000
 TTTTTTTTTTTTTTTTTTTTTTTTTTTTTT MOQGAD      TELAPSE      425.84 TCPU      424.08
 TTTTTTTTTTTTTTTTTTTTTTTTTTTTTT SHELLXN     TELAPSE      454.32 TCPU      452.54
 TTTTTTTTTTTTTTTTTTTTTTTTTTTTTT MONMO3      TELAPSE      454.40 TCPU      452.62
 NUMERICALLY INTEGRATED DENSITY    167.9999473637    167.9999473637
 TTTTTTTTTTTTTTTTTTTTTTTTTTTTTT NUMDFT      TELAPSE      455.25 TCPU      453.47
 CYC  12 ETOT(AU) -2.131070278378E+03 DETOT -4.25E-08 tst  1.06E-10 PX  2.01E-06
 TTTTTTTTTTTTTTTTTTTTTTTTTTTTTT DIIS        TELAPSE      455.36 TCPU      453.57
 DIIS TEST: 0.26502E-09 AT SCF   CYCLE  12 - DIIS ACTIVE - HISTORY:    12 CYCLES
 TTTTTTTTTTTTTTTTTTTTTTTTTTTTTT FDIK        TELAPSE      458.84 TCPU      457.05
 POSSIBLY CONDUCTING STATE - EFERMI(AU) -1.1616704E-01 (RES. CHARGE  5.03E-11;IT.  4)
 TTTTTTTTTTTTTTTTTTTTTTTTTTTTTT PDIG        TELAPSE      459.49 TCPU      457.71
 CHARGE NORMALIZATION FACTOR   1.00000000
 TOTAL ATOMIC CHARGES:
   6.0031645   6.0031645   6.0031645   6.0031645   6.0031645   6.0031645
   6.0031645   6.0031645   6.0031645   6.0031645   6.0031645   6.0031645
   6.0031645   6.0031645   6.0031645   6.0031645   6.0031645   6.0031645
   6.0031645   6.0031645   6.0031645   6.0031645   6.0031645   6.0031645
   6.0140416   6.0140416   6.0140416   6.0140416   6.0140416   6.0140416
   6.0140416   6.0140416   6.0140416   6.0140416   6.0140416   6.0140416
   6.0140416   6.0140416   6.0140416   6.0140416   6.0140416   6.0140416
   6.0140416   6.0140416   6.0140416   6.0140416   6.0140416   6.0140416
   5.9483817   5.9483817   5.9483817   5.9483817   5.9483817   5.9483817
   5.9483817   5.9483817
 SUMMED SPIN DENSITY           0.00000000
 TOTAL ATOMIC SPINS  :
  -0.0000000  -0.0000000  -0.0000000  -0.0000000  -0.0000000  -0.0000000
  -0.0000000  -0.0000000  -0.0000000  -0.0000000  -0.0000000  -0.0000000
  -0.0000000  -0.0000000  -0.0000000  -0.0000000  -0.0000000  -0.0000000
  -0.0000000  -0.0000000  -0.0000000  -0.0000000  -0.0000000  -0.0000000
   0.0000000   0.0000000   0.0000000   0.0000000   0.0000000   0.0000000
   0.0000000   0.0000000   0.0000000   0.0000000   0.0000000   0.0000000
   0.0000000   0.0000000   0.0000000   0.0000000   0.0000000   0.0000000
   0.0000000   0.0000000   0.0000000   0.0000000   0.0000000   0.0000000
  -0.0000000  -0.0000000  -0.0000000  -0.0000000  -0.0000000  -0.0000000
  -0.0000000  -0.0000000
 TTTTTTTTTTTTTTTTTTTTTTTTTTTTTT MOQGAD      TELAPSE      459.51 TCPU      457.73
 TTTTTTTTTTTTTTTTTTTTTTTTTTTTTT SHELLXN     TELAPSE      487.99 TCPU      486.19
 TTTTTTTTTTTTTTTTTTTTTTTTTTTTTT MONMO3      TELAPSE      488.07 TCPU      486.27
 NUMERICALLY INTEGRATED DENSITY    167.9999473637    167.9999473637
 TTTTTTTTTTTTTTTTTTTTTTTTTTTTTT NUMDFT      TELAPSE      488.90 TCPU      487.09
 CYC  13 ETOT(AU) -2.131070278384E+03 DETOT -6.31E-09 tst  2.03E-12 PX  2.96E-07
 TTTTTTTTTTTTTTTTTTTTTTTTTTTTTT DIIS        TELAPSE      489.01 TCPU      487.20
 DIIS TEST: 0.66185E-10 AT SCF   CYCLE  13 - DIIS ACTIVE - HISTORY:    13 CYCLES
 TTTTTTTTTTTTTTTTTTTTTTTTTTTTTT FDIK        TELAPSE      491.89 TCPU      490.08
 POSSIBLY CONDUCTING STATE - EFERMI(AU) -1.1616705E-01 (RES. CHARGE  1.99E-12;IT.  4)
 TTTTTTTTTTTTTTTTTTTTTTTTTTTTTT PDIG        TELAPSE      492.47 TCPU      490.66
 CHARGE NORMALIZATION FACTOR   1.00000000
 TOTAL ATOMIC CHARGES:
   6.0031646   6.0031646   6.0031646   6.0031646   6.0031646   6.0031646
   6.0031646   6.0031646   6.0031646   6.0031646   6.0031646   6.0031646
   6.0031646   6.0031646   6.0031646   6.0031646   6.0031646   6.0031646
   6.0031646   6.0031646   6.0031646   6.0031646   6.0031646   6.0031646
   6.0140416   6.0140416   6.0140416   6.0140416   6.0140416   6.0140416
   6.0140416   6.0140416   6.0140416   6.0140416   6.0140416   6.0140416
   6.0140416   6.0140416   6.0140416   6.0140416   6.0140416   6.0140416
   6.0140416   6.0140416   6.0140416   6.0140416   6.0140416   6.0140416
   5.9483816   5.9483816   5.9483816   5.9483816   5.9483816   5.9483816
   5.9483816   5.9483816
 SUMMED SPIN DENSITY           0.00000000
 TOTAL ATOMIC SPINS  :
  -0.0000000  -0.0000000  -0.0000000  -0.0000000  -0.0000000  -0.0000000
  -0.0000000  -0.0000000  -0.0000000  -0.0000000  -0.0000000  -0.0000000
  -0.0000000  -0.0000000  -0.0000000  -0.0000000  -0.0000000  -0.0000000
  -0.0000000  -0.0000000  -0.0000000  -0.0000000  -0.0000000  -0.0000000
   0.0000000   0.0000000   0.0000000   0.0000000   0.0000000   0.0000000
   0.0000000   0.0000000   0.0000000   0.0000000   0.0000000   0.0000000
   0.0000000   0.0000000   0.0000000   0.0000000   0.0000000   0.0000000
   0.0000000   0.0000000   0.0000000   0.0000000   0.0000000   0.0000000
  -0.0000000  -0.0000000  -0.0000000  -0.0000000  -0.0000000  -0.0000000
  -0.0000000  -0.0000000
 TTTTTTTTTTTTTTTTTTTTTTTTTTTTTT MOQGAD      TELAPSE      492.49 TCPU      490.68
 TTTTTTTTTTTTTTTTTTTTTTTTTTTTTT SHELLXN     TELAPSE      520.97 TCPU      519.15
 TTTTTTTTTTTTTTTTTTTTTTTTTTTTTT MONMO3      TELAPSE      521.05 TCPU      519.23
 NUMERICALLY INTEGRATED DENSITY    167.9999473637    167.9999473637
 TTTTTTTTTTTTTTTTTTTTTTTTTTTTTT NUMDFT      TELAPSE      521.88 TCPU      520.06
 CYC  14 ETOT(AU) -2.131070278386E+03 DETOT -1.88E-09 tst  1.48E-13 PX  6.48E-08
 TTTTTTTTTTTTTTTTTTTTTTTTTTTTTT DIIS        TELAPSE      521.99 TCPU      520.16
 DIIS TEST: 0.44619E-10 AT SCF   CYCLE  14 - DIIS ACTIVE - HISTORY:    14 CYCLES
 TTTTTTTTTTTTTTTTTTTTTTTTTTTTTT FDIK        TELAPSE      524.54 TCPU      522.71
 POSSIBLY CONDUCTING STATE - EFERMI(AU) -1.1616705E-01 (RES. CHARGE  2.84E-13;IT.  4)
 TTTTTTTTTTTTTTTTTTTTTTTTTTTTTT PDIG        TELAPSE      525.19 TCPU      523.35
 CHARGE NORMALIZATION FACTOR   1.00000000
 TOTAL ATOMIC CHARGES:
   6.0031646   6.0031646   6.0031646   6.0031646   6.0031646   6.0031646
   6.0031646   6.0031646   6.0031646   6.0031646   6.0031646   6.0031646
   6.0031646   6.0031646   6.0031646   6.0031646   6.0031646   6.0031646
   6.0031646   6.0031646   6.0031646   6.0031646   6.0031646   6.0031646
   6.0140416   6.0140416   6.0140416   6.0140416   6.0140416   6.0140416
   6.0140416   6.0140416   6.0140416   6.0140416   6.0140416   6.0140416
   6.0140416   6.0140416   6.0140416   6.0140416   6.0140416   6.0140416
   6.0140416   6.0140416   6.0140416   6.0140416   6.0140416   6.0140416
   5.9483815   5.9483815   5.9483815   5.9483815   5.9483815   5.9483815
   5.9483815   5.9483815
 SUMMED SPIN DENSITY           0.00000000
 TOTAL ATOMIC SPINS  :
  -0.0000000  -0.0000000  -0.0000000  -0.0000000  -0.0000000  -0.0000000
  -0.0000000  -0.0000000  -0.0000000  -0.0000000  -0.0000000  -0.0000000
  -0.0000000  -0.0000000  -0.0000000  -0.0000000  -0.0000000  -0.0000000
  -0.0000000  -0.0000000  -0.0000000  -0.0000000  -0.0000000  -0.0000000
   0.0000000   0.0000000   0.0000000   0.0000000   0.0000000   0.0000000
   0.0000000   0.0000000   0.0000000   0.0000000   0.0000000   0.0000000
   0.0000000   0.0000000   0.0000000   0.0000000   0.0000000   0.0000000
   0.0000000   0.0000000   0.0000000   0.0000000   0.0000000   0.0000000
  -0.0000000  -0.0000000  -0.0000000  -0.0000000  -0.0000000  -0.0000000
  -0.0000000  -0.0000000
 TTTTTTTTTTTTTTTTTTTTTTTTTTTTTT MOQGAD      TELAPSE      525.21 TCPU      523.37
 TTTTTTTTTTTTTTTTTTTTTTTTTTTTTT SHELLXN     TELAPSE      553.70 TCPU      551.85
 TTTTTTTTTTTTTTTTTTTTTTTTTTTTTT MONMO3      TELAPSE      553.78 TCPU      551.93
 NUMERICALLY INTEGRATED DENSITY    167.9999473637    167.9999473637
 TTTTTTTTTTTTTTTTTTTTTTTTTTTTTT NUMDFT      TELAPSE      554.60 TCPU      552.75
 CYC  15 ETOT(AU) -2.131070278387E+03 DETOT -5.18E-10 tst  5.81E-15 PX  2.21E-08
 TTTTTTTTTTTTTTTTTTTTTTTTTTTTTT DIIS        TELAPSE      554.71 TCPU      552.86
 DIIS TEST: 0.30799E-10 AT SCF   CYCLE  15 - DIIS ACTIVE - HISTORY:    15 CYCLES
 TTTTTTTTTTTTTTTTTTTTTTTTTTTTTT FDIK        TELAPSE      557.22 TCPU      555.37
 POSSIBLY CONDUCTING STATE - EFERMI(AU) -1.1616705E-01 (RES. CHARGE  5.68E-14;IT.  4)
 TTTTTTTTTTTTTTTTTTTTTTTTTTTTTT PDIG        TELAPSE      557.92 TCPU      556.06
 CHARGE NORMALIZATION FACTOR   1.00000000
 TOTAL ATOMIC CHARGES:
   6.0031646   6.0031646   6.0031646   6.0031646   6.0031646   6.0031646
   6.0031646   6.0031646   6.0031646   6.0031646   6.0031646   6.0031646
   6.0031646   6.0031646   6.0031646   6.0031646   6.0031646   6.0031646
   6.0031646   6.0031646   6.0031646   6.0031646   6.0031646   6.0031646
   6.0140415   6.0140415   6.0140415   6.0140415   6.0140415   6.0140415
   6.0140415   6.0140415   6.0140415   6.0140415   6.0140415   6.0140415
   6.0140415   6.0140415   6.0140415   6.0140415   6.0140415   6.0140415
   6.0140415   6.0140415   6.0140415   6.0140415   6.0140415   6.0140415
   5.9483815   5.9483815   5.9483815   5.9483815   5.9483815   5.9483815
   5.9483815   5.9483815
 SUMMED SPIN DENSITY           0.00000000
 TOTAL ATOMIC SPINS  :
  -0.0000000  -0.0000000  -0.0000000  -0.0000000  -0.0000000  -0.0000000
  -0.0000000  -0.0000000  -0.0000000  -0.0000000  -0.0000000  -0.0000000
  -0.0000000  -0.0000000  -0.0000000  -0.0000000  -0.0000000  -0.0000000
  -0.0000000  -0.0000000  -0.0000000  -0.0000000  -0.0000000  -0.0000000
   0.0000000   0.0000000   0.0000000   0.0000000   0.0000000   0.0000000
   0.0000000   0.0000000   0.0000000   0.0000000   0.0000000   0.0000000
   0.0000000   0.0000000   0.0000000   0.0000000   0.0000000   0.0000000
   0.0000000   0.0000000   0.0000000   0.0000000   0.0000000   0.0000000
  -0.0000000  -0.0000000  -0.0000000  -0.0000000  -0.0000000  -0.0000000
  -0.0000000  -0.0000000
 TTTTTTTTTTTTTTTTTTTTTTTTTTTTTT MOQGAD      TELAPSE      557.94 TCPU      556.08
 TTTTTTTTTTTTTTTTTTTTTTTTTTTTTT SHELLXN     TELAPSE      586.42 TCPU      584.55
 +++ ENERGIES IN A.U. +++
 ::: EXT EL-POLE                                  -8.3190028162087E+03
 ::: EXT EL-SPHEROPOLE                             7.5680139488776E+01
 ::: BIELET ZONE E-E                               8.7058821680554E+03
 ::: TOTAL E-E                                     4.6255949133551E+02
 ::: TOTAL E-N + N-E                              -3.8307040798217E+03
 ::: TOTAL N-N                                    -6.4240635667146E+02
 ::: KINETIC ENERGY                                2.1246309461333E+03
 ::: PSEUDO TOTAL   ENERGY                        -1.8859199990243E+03
 ::: VIRIAL COEFFICIENT                            1.0595207367699E+00
 TTTTTTTTTTTTTTTTTTTTTTTTTTTTTT MONMO3      TELAPSE      586.50 TCPU      584.63
 NUMERICALLY INTEGRATED DENSITY    167.9999473637    167.9999473637
 EXCHANGE ENERGY: -0.231118505524E+03  CORRELATION ENERGY: -0.140317738390E+02
 TTTTTTTTTTTTTTTTTTTTTTTTTTTTTT NUMDFT      TELAPSE      587.32 TCPU      585.45
 CYC  16 ETOT(AU) -2.131070278387E+03 DETOT -1.90E-10 tst  1.02E-14 PX  2.21E-08

 == SCF ENDED - CONVERGENCE ON ENERGY      E(AU) -2.1310702783869E+03 CYCLES  16


 ENERGY EXPRESSION=HARTREE+FOCK EXCH*0.20000+(BECKE      EXCH)*0.80000+LYP        CORR


 TOTAL ENERGY(DFT)(AU)( 16) -2.1310702783869E+03 DE-1.9E-10 tester 1.0E-14
 TTTTTTTTTTTTTTTTTTTTTTTTTTTTTT EDFT        TELAPSE      587.34 TCPU      585.46
 
 INFORMATION **** DFTD3 ENERGY **** CALCULATE DFTD3 ENERGY

           DFT-D V3(BJ)
 DF                                         b3-lyp    
 parameters
 s6       :    1.0000
 s8       :    1.9889
 a1       :    0.3981
 a2       :    4.4211
 k1 k3    :   16.0000   -4.0000
 Cutoff   :   50.2022
 CN-Cutoff:   21.1671
 ABC-Cutoff:   21.1671
 
 Edisp /kcal,au:  -381.5505 -0.60803943

 E6    /kcal :  -182.7934
 E8    /kcal :  -198.7571
 
 INFORMATION **** DFTD3 ENERGY **** NORMAL TERMINATION OF DFTD3 MODULE

 *******************************************************************************

 DFT-D3 DISPERSION ENERGY CORRECTION

 D3 DISPERSION ENERGY (AU)       -6.0803943162219E-01
 TOTAL ENERGY + DISP (AU)        -2.1316783178185E+03

 *******************************************************************************


 NEIGHBORS OF THE NON-EQUIVALENT ATOMS

 N = NUMBER OF NEIGHBORS AT DISTANCE R
    ATOM  N     R/ANG      R/AU   NEIGHBORS (ATOM LABELS AND CELL INDICES)
   1 C    1     1.4698     2.7775   40 C    0 0 0
   1 C    2     1.4808     2.7983   17 C    0 0 0   18 C    0 0 0
   1 C    2     2.3319     4.4067    5 C    0 0 0    6 C    0 0 0
   1 C    1     2.4514     4.6324   39 C    0 0 0
   1 C    1     2.5639     4.8450   55 C   -1 0 0
   1 C    1     2.5755     4.8671   36 C    0 0 0

  25 C    1     1.4240     2.6910   50 C    0 0 0
  25 C    1     1.4283     2.6990   26 C    0 0 0
  25 C    1     1.4698     2.7775   16 C    0 1 0
  25 C    1     2.4014     4.5381   49 C    0 0-1
  25 C    2     2.4374     4.6061   31 C    0 0 0   32 C    0 1 0
  25 C    1     2.4514     4.6324   15 C    0 0 0

  49 C    3     1.4240     2.6910   26 C    0 0 1   29 C    0 0 0   36 C    0 0 0
  49 C    3     2.4014     4.5381   25 C    0 0 1   33 C    0 0 0   34 C    0 0 0
  49 C    1     2.4378     4.6068   53 C    0 0 0
  49 C    3     2.5639     4.8450   15 C    0 0 1   18 C    0 0 0   19 C    0 0 1
  49 C    3     2.9098     5.4987   16 C    0 1 1   20 C    0 0 0   23 C    0 0 0
  49 C    3     3.0056     5.6797   38 C    0 0 0   41 C    0 0 1   48 C    0 0 1

 TTTTTTTTTTTTTTTTTTTTTTTTTTTTTT AFTER FIRST TELAPSE      587.62 TCPU      585.74
 MMMMMMMMMMMMMMMMMMMMMMMMMMMMMMMMMMMMMMMMMMMMMMMMMMMMMMMMMMMMMMMMMMMMMMMMMMMMMMM
     ALPHA+BETA ELECTRONS
 MULLIKEN POPULATION ANALYSIS - NO. OF ELECTRONS  336.000000

  ATOM    Z CHARGE  A.O. POPULATION

   1 C    6  6.003  0.854  1.120  0.790  0.465  0.365  0.463  0.445 -0.057
                    0.009  0.011  0.618  0.439  0.439  0.011  0.005  0.015
                    0.007  0.005
   2 C    6  6.003  0.854  1.120  0.790  0.465  0.365  0.463  0.445 -0.057
                    0.009  0.011  0.618  0.439  0.439  0.011  0.005  0.015
                    0.007  0.005
   3 C    6  6.003  0.854  1.120  0.790  0.465  0.365  0.463  0.445 -0.057
                    0.009  0.011  0.618  0.439  0.439  0.011  0.005  0.015
                    0.007  0.005
   4 C    6  6.003  0.854  1.120  0.790  0.465  0.365  0.463  0.445 -0.057
                    0.009  0.011  0.618  0.439  0.439  0.011  0.005  0.015
                    0.007  0.005
   5 C    6  6.003  0.854  1.120  0.790  0.465  0.445  0.365  0.463  0.011
                   -0.057  0.009  0.439  0.618  0.439  0.012  0.015  0.005
                    0.006  0.005
   6 C    6  6.003  0.854  1.120  0.790  0.465  0.463  0.445  0.365  0.009
                    0.011 -0.057  0.439  0.439  0.618  0.004  0.005  0.005
                    0.014  0.015
   7 C    6  6.003  0.854  1.120  0.790  0.465  0.445  0.365  0.463  0.011
                   -0.057  0.009  0.439  0.618  0.439  0.012  0.015  0.005
                    0.006  0.005
   8 C    6  6.003  0.854  1.120  0.790  0.465  0.463  0.445  0.365  0.009
                    0.011 -0.057  0.439  0.439  0.618  0.004  0.005  0.005
                    0.014  0.015
   9 C    6  6.003  0.854  1.120  0.790  0.465  0.445  0.365  0.463  0.011
                   -0.057  0.009  0.439  0.618  0.439  0.012  0.015  0.005
                    0.006  0.005
  10 C    6  6.003  0.854  1.120  0.790  0.465  0.463  0.445  0.365  0.009
                    0.011 -0.057  0.439  0.439  0.618  0.004  0.005  0.005
                    0.014  0.015
  11 C    6  6.003  0.854  1.120  0.790  0.465  0.445  0.365  0.463  0.011
                   -0.057  0.009  0.439  0.618  0.439  0.012  0.015  0.005
                    0.006  0.005
  12 C    6  6.003  0.854  1.120  0.790  0.465  0.463  0.445  0.365  0.009
                    0.011 -0.057  0.439  0.439  0.618  0.004  0.005  0.005
                    0.014  0.015
  13 C    6  6.003  0.854  1.120  0.790  0.465  0.365  0.463  0.445 -0.057
                    0.009  0.011  0.618  0.439  0.439  0.011  0.005  0.015
                    0.007  0.005
  14 C    6  6.003  0.854  1.120  0.790  0.465  0.365  0.463  0.445 -0.057
                    0.009  0.011  0.618  0.439  0.439  0.011  0.005  0.015
                    0.007  0.005
  15 C    6  6.003  0.854  1.120  0.790  0.465  0.365  0.463  0.445 -0.057
                    0.009  0.011  0.618  0.439  0.439  0.011  0.005  0.015
                    0.007  0.005
  16 C    6  6.003  0.854  1.120  0.790  0.465  0.365  0.463  0.445 -0.057
                    0.009  0.011  0.618  0.439  0.439  0.011  0.005  0.015
                    0.007  0.005
  17 C    6  6.003  0.854  1.120  0.790  0.465  0.445  0.365  0.463  0.011
                   -0.057  0.009  0.439  0.618  0.439  0.012  0.015  0.005
                    0.006  0.005
  18 C    6  6.003  0.854  1.120  0.790  0.465  0.463  0.445  0.365  0.009
                    0.011 -0.057  0.439  0.439  0.618  0.004  0.005  0.005
                    0.014  0.015
  19 C    6  6.003  0.854  1.120  0.790  0.465  0.445  0.365  0.463  0.011
                   -0.057  0.009  0.439  0.618  0.439  0.012  0.015  0.005
                    0.006  0.005
  20 C    6  6.003  0.854  1.120  0.790  0.465  0.463  0.445  0.365  0.009
                    0.011 -0.057  0.439  0.439  0.618  0.004  0.005  0.005
                    0.014  0.015
  21 C    6  6.003  0.854  1.120  0.790  0.465  0.445  0.365  0.463  0.011
                   -0.057  0.009  0.439  0.618  0.439  0.012  0.015  0.005
                    0.006  0.005
  22 C    6  6.003  0.854  1.120  0.790  0.465  0.463  0.445  0.365  0.009
                    0.011 -0.057  0.439  0.439  0.618  0.004  0.005  0.005
                    0.014  0.015
  23 C    6  6.003  0.854  1.120  0.790  0.465  0.445  0.365  0.463  0.011
                   -0.057  0.009  0.439  0.618  0.439  0.012  0.015  0.005
                    0.006  0.005
  24 C    6  6.003  0.854  1.120  0.790  0.465  0.463  0.445  0.365  0.009
                    0.011 -0.057  0.439  0.439  0.618  0.004  0.005  0.005
                    0.014  0.015
  25 C    6  6.014  0.854  1.121  0.771  0.435  0.478  0.461  0.399  0.009
                    0.001 -0.045  0.423  0.462  0.605  0.004  0.007  0.007
                    0.010  0.013
  26 C    6  6.014  0.854  1.121  0.771  0.435  0.478  0.461  0.399  0.009
                    0.001 -0.045  0.423  0.462  0.605  0.004  0.007  0.007
                    0.010  0.013
  27 C    6  6.014  0.854  1.121  0.771  0.435  0.478  0.461  0.399  0.009
                    0.001 -0.045  0.423  0.462  0.605  0.004  0.007  0.007
                    0.010  0.013
  28 C    6  6.014  0.854  1.121  0.771  0.435  0.478  0.461  0.399  0.009
                    0.001 -0.045  0.423  0.462  0.605  0.004  0.007  0.007
                    0.010  0.013
  29 C    6  6.014  0.854  1.121  0.771  0.435  0.399  0.478  0.461 -0.045
                    0.009  0.001  0.605  0.423  0.462  0.007  0.007  0.013
                    0.007  0.007
  30 C    6  6.014  0.854  1.121  0.771  0.435  0.461  0.399  0.478  0.001
                   -0.045  0.009  0.462  0.605  0.423  0.010  0.013  0.007
                    0.004  0.007
  31 C    6  6.014  0.854  1.121  0.771  0.435  0.399  0.478  0.461 -0.045
                    0.009  0.001  0.605  0.423  0.462  0.007  0.007  0.013
                    0.007  0.007
  32 C    6  6.014  0.854  1.121  0.771  0.435  0.461  0.399  0.478  0.001
                   -0.045  0.009  0.462  0.605  0.423  0.010  0.013  0.007
                    0.004  0.007
  33 C    6  6.014  0.854  1.121  0.771  0.435  0.399  0.478  0.461 -0.045
                    0.009  0.001  0.605  0.423  0.462  0.007  0.007  0.013
                    0.007  0.007
  34 C    6  6.014  0.854  1.121  0.771  0.435  0.461  0.399  0.478  0.001
                   -0.045  0.009  0.462  0.605  0.423  0.010  0.013  0.007
                    0.004  0.007
  35 C    6  6.014  0.854  1.121  0.771  0.435  0.399  0.478  0.461 -0.045
                    0.009  0.001  0.605  0.423  0.462  0.007  0.007  0.013
                    0.007  0.007
  36 C    6  6.014  0.854  1.121  0.771  0.435  0.461  0.399  0.478  0.001
                   -0.045  0.009  0.462  0.605  0.423  0.010  0.013  0.007
                    0.004  0.007
  37 C    6  6.014  0.854  1.121  0.771  0.435  0.478  0.461  0.399  0.009
                    0.001 -0.045  0.423  0.462  0.605  0.004  0.007  0.007
                    0.010  0.013
  38 C    6  6.014  0.854  1.121  0.771  0.435  0.478  0.461  0.399  0.009
                    0.001 -0.045  0.423  0.462  0.605  0.004  0.007  0.007
                    0.010  0.013
  39 C    6  6.014  0.854  1.121  0.771  0.435  0.478  0.461  0.399  0.009
                    0.001 -0.045  0.423  0.462  0.605  0.004  0.007  0.007
                    0.010  0.013
  40 C    6  6.014  0.854  1.121  0.771  0.435  0.478  0.461  0.399  0.009
                    0.001 -0.045  0.423  0.462  0.605  0.004  0.007  0.007
                    0.010  0.013
  41 C    6  6.014  0.854  1.121  0.771  0.435  0.399  0.478  0.461 -0.045
                    0.009  0.001  0.605  0.423  0.462  0.007  0.007  0.013
                    0.007  0.007
  42 C    6  6.014  0.854  1.121  0.771  0.435  0.461  0.399  0.478  0.001
                   -0.045  0.009  0.462  0.605  0.423  0.010  0.013  0.007
                    0.004  0.007
  43 C    6  6.014  0.854  1.121  0.771  0.435  0.399  0.478  0.461 -0.045
                    0.009  0.001  0.605  0.423  0.462  0.007  0.007  0.013
                    0.007  0.007
  44 C    6  6.014  0.854  1.121  0.771  0.435  0.461  0.399  0.478  0.001
                   -0.045  0.009  0.462  0.605  0.423  0.010  0.013  0.007
                    0.004  0.007
  45 C    6  6.014  0.854  1.121  0.771  0.435  0.399  0.478  0.461 -0.045
                    0.009  0.001  0.605  0.423  0.462  0.007  0.007  0.013
                    0.007  0.007
  46 C    6  6.014  0.854  1.121  0.771  0.435  0.461  0.399  0.478  0.001
                   -0.045  0.009  0.462  0.605  0.423  0.010  0.013  0.007
                    0.004  0.007
  47 C    6  6.014  0.854  1.121  0.771  0.435  0.399  0.478  0.461 -0.045
                    0.009  0.001  0.605  0.423  0.462  0.007  0.007  0.013
                    0.007  0.007
  48 C    6  6.014  0.854  1.121  0.771  0.435  0.461  0.399  0.478  0.001
                   -0.045  0.009  0.462  0.605  0.423  0.010  0.013  0.007
                    0.004  0.007
  49 C    6  5.948  0.854  1.120  0.780  0.417  0.445  0.445  0.445  0.000
                    0.000  0.000  0.465  0.465  0.465  0.007  0.010  0.010
                    0.007  0.010
  50 C    6  5.948  0.854  1.120  0.780  0.417  0.445  0.445  0.445  0.000
                    0.000  0.000  0.465  0.465  0.465  0.007  0.010  0.010
                    0.007  0.010
  51 C    6  5.948  0.854  1.120  0.780  0.417  0.445  0.445  0.445  0.000
                    0.000  0.000  0.465  0.465  0.465  0.007  0.010  0.010
                    0.007  0.010
  52 C    6  5.948  0.854  1.120  0.780  0.417  0.445  0.445  0.445  0.000
                    0.000  0.000  0.465  0.465  0.465  0.007  0.010  0.010
                    0.007  0.010
  53 C    6  5.948  0.854  1.120  0.780  0.417  0.445  0.445  0.445  0.000
                    0.000  0.000  0.465  0.465  0.465  0.007  0.010  0.010
                    0.007  0.010
  54 C    6  5.948  0.854  1.120  0.780  0.417  0.445  0.445  0.445  0.000
                    0.000  0.000  0.465  0.465  0.465  0.007  0.010  0.010
                    0.007  0.010
  55 C    6  5.948  0.854  1.120  0.780  0.417  0.445  0.445  0.445  0.000
                    0.000  0.000  0.465  0.465  0.465  0.007  0.010  0.010
                    0.007  0.010
  56 C    6  5.948  0.854  1.120  0.780  0.417  0.445  0.445  0.445  0.000
                    0.000  0.000  0.465  0.465  0.465  0.007  0.010  0.010
                    0.007  0.010

  ATOM    Z CHARGE  SHELL POPULATION

   1 C    6  6.003  0.854  1.120  0.790  0.465  1.272 -0.037  1.495  0.043
   2 C    6  6.003  0.854  1.120  0.790  0.465  1.272 -0.037  1.495  0.043
   3 C    6  6.003  0.854  1.120  0.790  0.465  1.272 -0.037  1.495  0.043
   4 C    6  6.003  0.854  1.120  0.790  0.465  1.272 -0.037  1.495  0.043
   5 C    6  6.003  0.854  1.120  0.790  0.465  1.272 -0.037  1.495  0.043
   6 C    6  6.003  0.854  1.120  0.790  0.465  1.272 -0.037  1.495  0.043
   7 C    6  6.003  0.854  1.120  0.790  0.465  1.272 -0.037  1.495  0.043
   8 C    6  6.003  0.854  1.120  0.790  0.465  1.272 -0.037  1.495  0.043
   9 C    6  6.003  0.854  1.120  0.790  0.465  1.272 -0.037  1.495  0.043
  10 C    6  6.003  0.854  1.120  0.790  0.465  1.272 -0.037  1.495  0.043
  11 C    6  6.003  0.854  1.120  0.790  0.465  1.272 -0.037  1.495  0.043
  12 C    6  6.003  0.854  1.120  0.790  0.465  1.272 -0.037  1.495  0.043
  13 C    6  6.003  0.854  1.120  0.790  0.465  1.272 -0.037  1.495  0.043
  14 C    6  6.003  0.854  1.120  0.790  0.465  1.272 -0.037  1.495  0.043
  15 C    6  6.003  0.854  1.120  0.790  0.465  1.272 -0.037  1.495  0.043
  16 C    6  6.003  0.854  1.120  0.790  0.465  1.272 -0.037  1.495  0.043
  17 C    6  6.003  0.854  1.120  0.790  0.465  1.272 -0.037  1.495  0.043
  18 C    6  6.003  0.854  1.120  0.790  0.465  1.272 -0.037  1.495  0.043
  19 C    6  6.003  0.854  1.120  0.790  0.465  1.272 -0.037  1.495  0.043
  20 C    6  6.003  0.854  1.120  0.790  0.465  1.272 -0.037  1.495  0.043
  21 C    6  6.003  0.854  1.120  0.790  0.465  1.272 -0.037  1.495  0.043
  22 C    6  6.003  0.854  1.120  0.790  0.465  1.272 -0.037  1.495  0.043
  23 C    6  6.003  0.854  1.120  0.790  0.465  1.272 -0.037  1.495  0.043
  24 C    6  6.003  0.854  1.120  0.790  0.465  1.272 -0.037  1.495  0.043
  25 C    6  6.014  0.854  1.121  0.771  0.435  1.337 -0.034  1.489  0.041
  26 C    6  6.014  0.854  1.121  0.771  0.435  1.337 -0.034  1.489  0.041
  27 C    6  6.014  0.854  1.121  0.771  0.435  1.337 -0.034  1.489  0.041
  28 C    6  6.014  0.854  1.121  0.771  0.435  1.337 -0.034  1.489  0.041
  29 C    6  6.014  0.854  1.121  0.771  0.435  1.337 -0.034  1.489  0.041
  30 C    6  6.014  0.854  1.121  0.771  0.435  1.337 -0.034  1.489  0.041
  31 C    6  6.014  0.854  1.121  0.771  0.435  1.337 -0.034  1.489  0.041
  32 C    6  6.014  0.854  1.121  0.771  0.435  1.337 -0.034  1.489  0.041
  33 C    6  6.014  0.854  1.121  0.771  0.435  1.337 -0.034  1.489  0.041
  34 C    6  6.014  0.854  1.121  0.771  0.435  1.337 -0.034  1.489  0.041
  35 C    6  6.014  0.854  1.121  0.771  0.435  1.337 -0.034  1.489  0.041
  36 C    6  6.014  0.854  1.121  0.771  0.435  1.337 -0.034  1.489  0.041
  37 C    6  6.014  0.854  1.121  0.771  0.435  1.337 -0.034  1.489  0.041
  38 C    6  6.014  0.854  1.121  0.771  0.435  1.337 -0.034  1.489  0.041
  39 C    6  6.014  0.854  1.121  0.771  0.435  1.337 -0.034  1.489  0.041
  40 C    6  6.014  0.854  1.121  0.771  0.435  1.337 -0.034  1.489  0.041
  41 C    6  6.014  0.854  1.121  0.771  0.435  1.337 -0.034  1.489  0.041
  42 C    6  6.014  0.854  1.121  0.771  0.435  1.337 -0.034  1.489  0.041
  43 C    6  6.014  0.854  1.121  0.771  0.435  1.337 -0.034  1.489  0.041
  44 C    6  6.014  0.854  1.121  0.771  0.435  1.337 -0.034  1.489  0.041
  45 C    6  6.014  0.854  1.121  0.771  0.435  1.337 -0.034  1.489  0.041
  46 C    6  6.014  0.854  1.121  0.771  0.435  1.337 -0.034  1.489  0.041
  47 C    6  6.014  0.854  1.121  0.771  0.435  1.337 -0.034  1.489  0.041
  48 C    6  6.014  0.854  1.121  0.771  0.435  1.337 -0.034  1.489  0.041
  49 C    6  5.948  0.854  1.120  0.780  0.417  1.336  0.001  1.396  0.044
  50 C    6  5.948  0.854  1.120  0.780  0.417  1.336  0.001  1.396  0.044
  51 C    6  5.948  0.854  1.120  0.780  0.417  1.336  0.001  1.396  0.044
  52 C    6  5.948  0.854  1.120  0.780  0.417  1.336  0.001  1.396  0.044
  53 C    6  5.948  0.854  1.120  0.780  0.417  1.336  0.001  1.396  0.044
  54 C    6  5.948  0.854  1.120  0.780  0.417  1.336  0.001  1.396  0.044
  55 C    6  5.948  0.854  1.120  0.780  0.417  1.336  0.001  1.396  0.044
  56 C    6  5.948  0.854  1.120  0.780  0.417  1.336  0.001  1.396  0.044

 OVERLAP POPULATION CONDENSED TO ATOMS FOR FIRST   6 NEIGHBORS

 ATOM A   1 C    ATOM B     CELL      R(AB)/AU R(AB)/ANG    OVPOP(AB)
                 40 C    (  0  0  0)     2.777     1.470     0.337
                 17 C    (  0  0  0)     2.798     1.481     0.331
                  5 C    (  0  0  0)     4.407     2.332     0.010
                 39 C    (  0  0  0)     4.632     2.451    -0.017
                 55 C    ( -1  0  0)     4.845     2.564    -0.034
                 36 C    (  0  0  0)     4.867     2.576    -0.015

 ATOM A  25 C    ATOM B     CELL      R(AB)/AU R(AB)/ANG    OVPOP(AB)
                 50 C    (  0  0  0)     2.691     1.424     0.372
                 26 C    (  0  0  0)     2.699     1.428     0.367
                 16 C    (  0  1  0)     2.777     1.470     0.337
                 49 C    (  0  0 -1)     4.538     2.401    -0.049
                 31 C    (  0  0  0)     4.606     2.437    -0.046
                 15 C    (  0  0  0)     4.632     2.451    -0.017

 ATOM A  49 C    ATOM B     CELL      R(AB)/AU R(AB)/ANG    OVPOP(AB)
                 26 C    (  0  0  1)     2.691     1.424     0.372
                 25 C    (  0  0  1)     4.538     2.401    -0.049
                 53 C    (  0  0  0)     4.607     2.438     0.075
                 15 C    (  0  0  1)     4.845     2.564    -0.034
                 16 C    (  0  1  1)     5.499     2.910     0.007
                 38 C    (  0  0  0)     5.680     3.006    -0.004
 TTTTTTTTTTTTTTTTTTTTTTTTTTTTTT AFTER FIRST TELAPSE      588.55 TCPU      585.82
 MMMMMMMMMMMMMMMMMMMMMMMMMMMMMMMMMMMMMMMMMMMMMMMMMMMMMMMMMMMMMMMMMMMMMMMMMMMMMMM
     ALPHA-BETA ELECTRONS
 MULLIKEN POPULATION ANALYSIS - NO. OF ELECTRONS    0.000000

  ATOM    Z CHARGE  A.O. POPULATION

   1 C    6 -0.000  0.000 -0.000  0.000 -0.000 -0.000 -0.000 -0.000  0.000
                    0.000  0.000 -0.000 -0.000 -0.000 -0.000  0.000 -0.000
                   -0.000 -0.000
   2 C    6 -0.000  0.000 -0.000  0.000 -0.000 -0.000 -0.000 -0.000  0.000
                    0.000  0.000 -0.000 -0.000 -0.000 -0.000  0.000 -0.000
                   -0.000 -0.000
   3 C    6 -0.000  0.000 -0.000  0.000 -0.000 -0.000 -0.000 -0.000  0.000
                    0.000  0.000 -0.000 -0.000 -0.000 -0.000  0.000 -0.000
                   -0.000 -0.000
   4 C    6 -0.000  0.000 -0.000  0.000 -0.000 -0.000 -0.000 -0.000  0.000
                    0.000  0.000 -0.000 -0.000 -0.000 -0.000  0.000 -0.000
                   -0.000 -0.000
   5 C    6 -0.000  0.000 -0.000  0.000 -0.000 -0.000 -0.000 -0.000  0.000
                    0.000  0.000 -0.000 -0.000 -0.000 -0.000 -0.000 -0.000
                    0.000  0.000
   6 C    6 -0.000  0.000 -0.000  0.000 -0.000 -0.000 -0.000 -0.000  0.000
                    0.000  0.000 -0.000 -0.000 -0.000  0.000 -0.000  0.000
                   -0.000 -0.000
   7 C    6 -0.000  0.000 -0.000  0.000 -0.000 -0.000 -0.000 -0.000  0.000
                    0.000  0.000 -0.000 -0.000 -0.000 -0.000 -0.000 -0.000
                    0.000  0.000
   8 C    6 -0.000  0.000 -0.000  0.000 -0.000 -0.000 -0.000 -0.000  0.000
                    0.000  0.000 -0.000 -0.000 -0.000  0.000 -0.000  0.000
                   -0.000 -0.000
   9 C    6 -0.000  0.000 -0.000  0.000 -0.000 -0.000 -0.000 -0.000  0.000
                    0.000  0.000 -0.000 -0.000 -0.000 -0.000 -0.000 -0.000
                    0.000  0.000
  10 C    6 -0.000  0.000 -0.000  0.000 -0.000 -0.000 -0.000 -0.000  0.000
                    0.000  0.000 -0.000 -0.000 -0.000  0.000 -0.000  0.000
                   -0.000 -0.000
  11 C    6 -0.000  0.000 -0.000  0.000 -0.000 -0.000 -0.000 -0.000  0.000
                    0.000  0.000 -0.000 -0.000 -0.000 -0.000 -0.000 -0.000
                    0.000  0.000
  12 C    6 -0.000  0.000 -0.000  0.000 -0.000 -0.000 -0.000 -0.000  0.000
                    0.000  0.000 -0.000 -0.000 -0.000  0.000 -0.000  0.000
                   -0.000 -0.000
  13 C    6 -0.000  0.000 -0.000  0.000 -0.000 -0.000 -0.000 -0.000  0.000
                    0.000  0.000 -0.000 -0.000 -0.000 -0.000  0.000 -0.000
                   -0.000 -0.000
  14 C    6 -0.000  0.000 -0.000  0.000 -0.000 -0.000 -0.000 -0.000  0.000
                    0.000  0.000 -0.000 -0.000 -0.000 -0.000  0.000 -0.000
                   -0.000 -0.000
  15 C    6 -0.000  0.000 -0.000  0.000 -0.000 -0.000 -0.000 -0.000  0.000
                    0.000  0.000 -0.000 -0.000 -0.000 -0.000  0.000 -0.000
                   -0.000 -0.000
  16 C    6 -0.000  0.000 -0.000  0.000 -0.000 -0.000 -0.000 -0.000  0.000
                    0.000  0.000 -0.000 -0.000 -0.000 -0.000  0.000 -0.000
                   -0.000 -0.000
  17 C    6 -0.000  0.000 -0.000  0.000 -0.000 -0.000 -0.000 -0.000  0.000
                    0.000  0.000 -0.000 -0.000 -0.000 -0.000 -0.000 -0.000
                    0.000  0.000
  18 C    6 -0.000  0.000 -0.000  0.000 -0.000 -0.000 -0.000 -0.000  0.000
                    0.000  0.000 -0.000 -0.000 -0.000  0.000 -0.000  0.000
                   -0.000 -0.000
  19 C    6 -0.000  0.000 -0.000  0.000 -0.000 -0.000 -0.000 -0.000  0.000
                    0.000  0.000 -0.000 -0.000 -0.000 -0.000 -0.000 -0.000
                    0.000  0.000
  20 C    6 -0.000  0.000 -0.000  0.000 -0.000 -0.000 -0.000 -0.000  0.000
                    0.000  0.000 -0.000 -0.000 -0.000  0.000 -0.000  0.000
                   -0.000 -0.000
  21 C    6 -0.000  0.000 -0.000  0.000 -0.000 -0.000 -0.000 -0.000  0.000
                    0.000  0.000 -0.000 -0.000 -0.000 -0.000 -0.000 -0.000
                    0.000  0.000
  22 C    6 -0.000  0.000 -0.000  0.000 -0.000 -0.000 -0.000 -0.000  0.000
                    0.000  0.000 -0.000 -0.000 -0.000  0.000 -0.000  0.000
                   -0.000 -0.000
  23 C    6 -0.000  0.000 -0.000  0.000 -0.000 -0.000 -0.000 -0.000  0.000
                    0.000  0.000 -0.000 -0.000 -0.000 -0.000 -0.000 -0.000
                    0.000  0.000
  24 C    6 -0.000  0.000 -0.000  0.000 -0.000 -0.000 -0.000 -0.000  0.000
                    0.000  0.000 -0.000 -0.000 -0.000  0.000 -0.000  0.000
                   -0.000 -0.000
  25 C    6  0.000  0.000 -0.000 -0.000  0.000 -0.000  0.000 -0.000  0.000
                   -0.000  0.000 -0.000  0.000 -0.000  0.000 -0.000  0.000
                   -0.000  0.000
  26 C    6  0.000  0.000 -0.000 -0.000  0.000 -0.000  0.000 -0.000  0.000
                   -0.000  0.000 -0.000  0.000 -0.000  0.000 -0.000  0.000
                   -0.000  0.000
  27 C    6  0.000  0.000 -0.000 -0.000  0.000 -0.000  0.000 -0.000  0.000
                   -0.000  0.000 -0.000  0.000 -0.000  0.000 -0.000  0.000
                   -0.000  0.000
  28 C    6  0.000  0.000 -0.000 -0.000  0.000 -0.000  0.000 -0.000  0.000
                   -0.000  0.000 -0.000  0.000 -0.000  0.000 -0.000  0.000
                   -0.000  0.000
  29 C    6  0.000  0.000 -0.000 -0.000  0.000 -0.000 -0.000  0.000  0.000
                    0.000 -0.000 -0.000 -0.000  0.000  0.000  0.000  0.000
                   -0.000 -0.000
  30 C    6  0.000  0.000 -0.000 -0.000  0.000  0.000 -0.000 -0.000 -0.000
                    0.000  0.000  0.000 -0.000 -0.000 -0.000  0.000 -0.000
                    0.000  0.000
  31 C    6  0.000  0.000 -0.000 -0.000  0.000 -0.000 -0.000  0.000  0.000
                    0.000 -0.000 -0.000 -0.000  0.000  0.000  0.000  0.000
                   -0.000 -0.000
  32 C    6  0.000  0.000 -0.000 -0.000  0.000  0.000 -0.000 -0.000 -0.000
                    0.000  0.000  0.000 -0.000 -0.000 -0.000  0.000 -0.000
                    0.000  0.000
  33 C    6  0.000  0.000 -0.000 -0.000  0.000 -0.000 -0.000  0.000  0.000
                    0.000 -0.000 -0.000 -0.000  0.000  0.000  0.000  0.000
                   -0.000 -0.000
  34 C    6  0.000  0.000 -0.000 -0.000  0.000  0.000 -0.000 -0.000 -0.000
                    0.000  0.000  0.000 -0.000 -0.000 -0.000  0.000 -0.000
                    0.000  0.000
  35 C    6  0.000  0.000 -0.000 -0.000  0.000 -0.000 -0.000  0.000  0.000
                    0.000 -0.000 -0.000 -0.000  0.000  0.000  0.000  0.000
                   -0.000 -0.000
  36 C    6  0.000  0.000 -0.000 -0.000  0.000  0.000 -0.000 -0.000 -0.000
                    0.000  0.000  0.000 -0.000 -0.000 -0.000  0.000 -0.000
                    0.000  0.000
  37 C    6  0.000  0.000 -0.000 -0.000  0.000 -0.000  0.000 -0.000  0.000
                   -0.000  0.000 -0.000  0.000 -0.000  0.000 -0.000  0.000
                   -0.000  0.000
  38 C    6  0.000  0.000 -0.000 -0.000  0.000 -0.000  0.000 -0.000  0.000
                   -0.000  0.000 -0.000  0.000 -0.000  0.000 -0.000  0.000
                   -0.000  0.000
  39 C    6  0.000  0.000 -0.000 -0.000  0.000 -0.000  0.000 -0.000  0.000
                   -0.000  0.000 -0.000  0.000 -0.000  0.000 -0.000  0.000
                   -0.000  0.000
  40 C    6  0.000  0.000 -0.000 -0.000  0.000 -0.000  0.000 -0.000  0.000
                   -0.000  0.000 -0.000  0.000 -0.000  0.000 -0.000  0.000
                   -0.000  0.000
  41 C    6  0.000  0.000 -0.000 -0.000  0.000 -0.000 -0.000  0.000  0.000
                    0.000 -0.000 -0.000 -0.000  0.000  0.000  0.000  0.000
                   -0.000 -0.000
  42 C    6  0.000  0.000 -0.000 -0.000  0.000  0.000 -0.000 -0.000 -0.000
                    0.000  0.000  0.000 -0.000 -0.000 -0.000  0.000 -0.000
                    0.000  0.000
  43 C    6  0.000  0.000 -0.000 -0.000  0.000 -0.000 -0.000  0.000  0.000
                    0.000 -0.000 -0.000 -0.000  0.000  0.000  0.000  0.000
                   -0.000 -0.000
  44 C    6  0.000  0.000 -0.000 -0.000  0.000  0.000 -0.000 -0.000 -0.000
                    0.000  0.000  0.000 -0.000 -0.000 -0.000  0.000 -0.000
                    0.000  0.000
  45 C    6  0.000  0.000 -0.000 -0.000  0.000 -0.000 -0.000  0.000  0.000
                    0.000 -0.000 -0.000 -0.000  0.000  0.000  0.000  0.000
                   -0.000 -0.000
  46 C    6  0.000  0.000 -0.000 -0.000  0.000  0.000 -0.000 -0.000 -0.000
                    0.000  0.000  0.000 -0.000 -0.000 -0.000  0.000 -0.000
                    0.000  0.000
  47 C    6  0.000  0.000 -0.000 -0.000  0.000 -0.000 -0.000  0.000  0.000
                    0.000 -0.000 -0.000 -0.000  0.000  0.000  0.000  0.000
                   -0.000 -0.000
  48 C    6  0.000  0.000 -0.000 -0.000  0.000  0.000 -0.000 -0.000 -0.000
                    0.000  0.000  0.000 -0.000 -0.000 -0.000  0.000 -0.000
                    0.000  0.000
  49 C    6 -0.000  0.000 -0.000  0.000 -0.000 -0.000 -0.000 -0.000  0.000
                    0.000  0.000 -0.000 -0.000 -0.000 -0.000 -0.000 -0.000
                   -0.000 -0.000
  50 C    6 -0.000  0.000 -0.000  0.000 -0.000 -0.000 -0.000 -0.000  0.000
                    0.000  0.000 -0.000 -0.000 -0.000 -0.000 -0.000 -0.000
                   -0.000 -0.000
  51 C    6 -0.000  0.000 -0.000  0.000 -0.000 -0.000 -0.000 -0.000  0.000
                    0.000  0.000 -0.000 -0.000 -0.000 -0.000 -0.000 -0.000
                   -0.000 -0.000
  52 C    6 -0.000  0.000 -0.000  0.000 -0.000 -0.000 -0.000 -0.000  0.000
                    0.000  0.000 -0.000 -0.000 -0.000 -0.000 -0.000 -0.000
                   -0.000 -0.000
  53 C    6 -0.000  0.000 -0.000  0.000 -0.000 -0.000 -0.000 -0.000  0.000
                    0.000  0.000 -0.000 -0.000 -0.000 -0.000 -0.000 -0.000
                   -0.000 -0.000
  54 C    6 -0.000  0.000 -0.000  0.000 -0.000 -0.000 -0.000 -0.000  0.000
                    0.000  0.000 -0.000 -0.000 -0.000 -0.000 -0.000 -0.000
                   -0.000 -0.000
  55 C    6 -0.000  0.000 -0.000  0.000 -0.000 -0.000 -0.000 -0.000  0.000
                    0.000  0.000 -0.000 -0.000 -0.000 -0.000 -0.000 -0.000
                   -0.000 -0.000
  56 C    6 -0.000  0.000 -0.000  0.000 -0.000 -0.000 -0.000 -0.000  0.000
                    0.000  0.000 -0.000 -0.000 -0.000 -0.000 -0.000 -0.000
                   -0.000 -0.000

  ATOM    Z CHARGE  SHELL POPULATION

   1 C    6 -0.000  0.000 -0.000  0.000 -0.000 -0.000  0.000 -0.000 -0.000
   2 C    6 -0.000  0.000 -0.000  0.000 -0.000 -0.000  0.000 -0.000 -0.000
   3 C    6 -0.000  0.000 -0.000  0.000 -0.000 -0.000  0.000 -0.000 -0.000
   4 C    6 -0.000  0.000 -0.000  0.000 -0.000 -0.000  0.000 -0.000 -0.000
   5 C    6 -0.000  0.000 -0.000  0.000 -0.000 -0.000  0.000 -0.000 -0.000
   6 C    6 -0.000  0.000 -0.000  0.000 -0.000 -0.000  0.000 -0.000 -0.000
   7 C    6 -0.000  0.000 -0.000  0.000 -0.000 -0.000  0.000 -0.000 -0.000
   8 C    6 -0.000  0.000 -0.000  0.000 -0.000 -0.000  0.000 -0.000 -0.000
   9 C    6 -0.000  0.000 -0.000  0.000 -0.000 -0.000  0.000 -0.000 -0.000
  10 C    6 -0.000  0.000 -0.000  0.000 -0.000 -0.000  0.000 -0.000 -0.000
  11 C    6 -0.000  0.000 -0.000  0.000 -0.000 -0.000  0.000 -0.000 -0.000
  12 C    6 -0.000  0.000 -0.000  0.000 -0.000 -0.000  0.000 -0.000 -0.000
  13 C    6 -0.000  0.000 -0.000  0.000 -0.000 -0.000  0.000 -0.000 -0.000
  14 C    6 -0.000  0.000 -0.000  0.000 -0.000 -0.000  0.000 -0.000 -0.000
  15 C    6 -0.000  0.000 -0.000  0.000 -0.000 -0.000  0.000 -0.000 -0.000
  16 C    6 -0.000  0.000 -0.000  0.000 -0.000 -0.000  0.000 -0.000 -0.000
  17 C    6 -0.000  0.000 -0.000  0.000 -0.000 -0.000  0.000 -0.000 -0.000
  18 C    6 -0.000  0.000 -0.000  0.000 -0.000 -0.000  0.000 -0.000 -0.000
  19 C    6 -0.000  0.000 -0.000  0.000 -0.000 -0.000  0.000 -0.000 -0.000
  20 C    6 -0.000  0.000 -0.000  0.000 -0.000 -0.000  0.000 -0.000 -0.000
  21 C    6 -0.000  0.000 -0.000  0.000 -0.000 -0.000  0.000 -0.000 -0.000
  22 C    6 -0.000  0.000 -0.000  0.000 -0.000 -0.000  0.000 -0.000 -0.000
  23 C    6 -0.000  0.000 -0.000  0.000 -0.000 -0.000  0.000 -0.000 -0.000
  24 C    6 -0.000  0.000 -0.000  0.000 -0.000 -0.000  0.000 -0.000 -0.000
  25 C    6  0.000  0.000 -0.000 -0.000  0.000 -0.000 -0.000  0.000  0.000
  26 C    6  0.000  0.000 -0.000 -0.000  0.000 -0.000 -0.000  0.000  0.000
  27 C    6  0.000  0.000 -0.000 -0.000  0.000 -0.000 -0.000  0.000  0.000
  28 C    6  0.000  0.000 -0.000 -0.000  0.000 -0.000 -0.000  0.000  0.000
  29 C    6  0.000  0.000 -0.000 -0.000  0.000 -0.000 -0.000  0.000  0.000
  30 C    6  0.000  0.000 -0.000 -0.000  0.000 -0.000 -0.000  0.000  0.000
  31 C    6  0.000  0.000 -0.000 -0.000  0.000 -0.000 -0.000  0.000  0.000
  32 C    6  0.000  0.000 -0.000 -0.000  0.000 -0.000 -0.000  0.000  0.000
  33 C    6  0.000  0.000 -0.000 -0.000  0.000 -0.000 -0.000  0.000  0.000
  34 C    6  0.000  0.000 -0.000 -0.000  0.000 -0.000 -0.000  0.000  0.000
  35 C    6  0.000  0.000 -0.000 -0.000  0.000 -0.000 -0.000  0.000  0.000
  36 C    6  0.000  0.000 -0.000 -0.000  0.000 -0.000 -0.000  0.000  0.000
  37 C    6  0.000  0.000 -0.000 -0.000  0.000 -0.000 -0.000  0.000  0.000
  38 C    6  0.000  0.000 -0.000 -0.000  0.000 -0.000 -0.000  0.000  0.000
  39 C    6  0.000  0.000 -0.000 -0.000  0.000 -0.000 -0.000  0.000  0.000
  40 C    6  0.000  0.000 -0.000 -0.000  0.000 -0.000 -0.000  0.000  0.000
  41 C    6  0.000  0.000 -0.000 -0.000  0.000 -0.000 -0.000  0.000  0.000
  42 C    6  0.000  0.000 -0.000 -0.000  0.000 -0.000 -0.000  0.000  0.000
  43 C    6  0.000  0.000 -0.000 -0.000  0.000 -0.000 -0.000  0.000  0.000
  44 C    6  0.000  0.000 -0.000 -0.000  0.000 -0.000 -0.000  0.000  0.000
  45 C    6  0.000  0.000 -0.000 -0.000  0.000 -0.000 -0.000  0.000  0.000
  46 C    6  0.000  0.000 -0.000 -0.000  0.000 -0.000 -0.000  0.000  0.000
  47 C    6  0.000  0.000 -0.000 -0.000  0.000 -0.000 -0.000  0.000  0.000
  48 C    6  0.000  0.000 -0.000 -0.000  0.000 -0.000 -0.000  0.000  0.000
  49 C    6 -0.000  0.000 -0.000  0.000 -0.000 -0.000  0.000 -0.000 -0.000
  50 C    6 -0.000  0.000 -0.000  0.000 -0.000 -0.000  0.000 -0.000 -0.000
  51 C    6 -0.000  0.000 -0.000  0.000 -0.000 -0.000  0.000 -0.000 -0.000
  52 C    6 -0.000  0.000 -0.000  0.000 -0.000 -0.000  0.000 -0.000 -0.000
  53 C    6 -0.000  0.000 -0.000  0.000 -0.000 -0.000  0.000 -0.000 -0.000
  54 C    6 -0.000  0.000 -0.000  0.000 -0.000 -0.000  0.000 -0.000 -0.000
  55 C    6 -0.000  0.000 -0.000  0.000 -0.000 -0.000  0.000 -0.000 -0.000
  56 C    6 -0.000  0.000 -0.000  0.000 -0.000 -0.000  0.000 -0.000 -0.000

 OVERLAP POPULATION CONDENSED TO ATOMS FOR FIRST   6 NEIGHBORS

 ATOM A   1 C    ATOM B     CELL      R(AB)/AU R(AB)/ANG    OVPOP(AB)
                 40 C    (  0  0  0)     2.777     1.470    -0.000
                 17 C    (  0  0  0)     2.798     1.481     0.000
                  5 C    (  0  0  0)     4.407     2.332     0.000
                 39 C    (  0  0  0)     4.632     2.451     0.000
                 55 C    ( -1  0  0)     4.845     2.564     0.000
                 36 C    (  0  0  0)     4.867     2.576     0.000

 ATOM A  25 C    ATOM B     CELL      R(AB)/AU R(AB)/ANG    OVPOP(AB)
                 50 C    (  0  0  0)     2.691     1.424    -0.000
                 26 C    (  0  0  0)     2.699     1.428    -0.000
                 16 C    (  0  1  0)     2.777     1.470    -0.000
                 49 C    (  0  0 -1)     4.538     2.401     0.000
                 31 C    (  0  0  0)     4.606     2.437     0.000
                 15 C    (  0  0  0)     4.632     2.451     0.000

 ATOM A  49 C    ATOM B     CELL      R(AB)/AU R(AB)/ANG    OVPOP(AB)
                 26 C    (  0  0  1)     2.691     1.424    -0.000
                 25 C    (  0  0  1)     4.538     2.401     0.000
                 53 C    (  0  0  0)     4.607     2.438     0.000
                 15 C    (  0  0  1)     4.845     2.564     0.000
                 16 C    (  0  1  1)     5.499     2.910     0.000
                 38 C    (  0  0  0)     5.680     3.006    -0.000
 EIGENVECTORS IN FORTRAN UNIT  8
 TTTTTTTTTTTTTTTTTTTTTTTTTTTTTT END         TELAPSE      589.80 TCPU      586.87
 EEEEEEEEEE TERMINATION  DATE 30 01 2026 TIME 23:01:47.5
NODE    0 CPU TIME =       586.872
NODE    1 CPU TIME =       587.309
NODE    2 CPU TIME =       585.859
NODE    3 CPU TIME =       587.423
NODE    4 CPU TIME =       587.771
NODE    5 CPU TIME =       587.918
NODE    6 CPU TIME =       587.223
NODE    7 CPU TIME =       587.295
NODE    8 CPU TIME =       587.235
NODE    9 CPU TIME =       586.934
NODE   10 CPU TIME =       587.402
NODE   11 CPU TIME =       586.949
NODE   12 CPU TIME =       587.381
NODE   13 CPU TIME =       587.409
NODE   14 CPU TIME =       586.894
NODE   15 CPU TIME =       587.352
NODE   16 CPU TIME =       587.134
NODE   17 CPU TIME =       587.120
NODE   18 CPU TIME =       587.321
NODE   19 CPU TIME =       586.794
NODE   20 CPU TIME =       587.793
NODE   21 CPU TIME =       587.357
NODE   22 CPU TIME =       586.859
NODE   23 CPU TIME =       587.096
NODE   24 CPU TIME =       586.228
NODE   25 CPU TIME =       586.315
NODE   26 CPU TIME =       587.123
NODE   27 CPU TIME =       587.005
NODE   28 CPU TIME =       586.667
NODE   29 CPU TIME =       587.136
NODE   30 CPU TIME =       586.902
NODE   31 CPU TIME =       586.803
    TOTAL CPU TIME =     18786.878
