MPI startup(): Warning: I_MPI_PMI_LIBRARY will be ignored since the hydra process manager was found
MPI startup(): Warning: I_MPI_PMI_LIBRARY will be ignored since the hydra process manager was found
MPI startup(): Warning: I_MPI_PMI_LIBRARY will be ignored since the hydra process manager was found
MPI startup(): Warning: I_MPI_PMI_LIBRARY will be ignored since the hydra process manager was found
MPI startup(): Warning: I_MPI_PMI_LIBRARY will be ignored since the hydra process manager was found
MPI startup(): Warning: I_MPI_PMI_LIBRARY will be ignored since the hydra process manager was found
MPI startup(): Warning: I_MPI_PMI_LIBRARY will be ignored since the hydra process manager was found
MPI startup(): Warning: I_MPI_PMI_LIBRARY will be ignored since the hydra process manager was found
MPI startup(): Warning: I_MPI_PMI_LIBRARY will be ignored since the hydra process manager was found
MPI startup(): Warning: I_MPI_PMI_LIBRARY will be ignored since the hydra process manager was found
MPI startup(): Warning: I_MPI_PMI_LIBRARY will be ignored since the hydra process manager was found
MPI startup(): Warning: I_MPI_PMI_LIBRARY will be ignored since the hydra process manager was found
MPI startup(): Warning: I_MPI_PMI_LIBRARY will be ignored since the hydra process manager was found
MPI startup(): Warning: I_MPI_PMI_LIBRARY will be ignored since the hydra process manager was found
MPI startup(): Warning: I_MPI_PMI_LIBRARY will be ignored since the hydra process manager was found
MPI startup(): Warning: I_MPI_PMI_LIBRARY will be ignored since the hydra process manager was found
MPI startup(): Warning: I_MPI_PMI_LIBRARY will be ignored since the hydra process manager was found
MPI startup(): Warning: I_MPI_PMI_LIBRARY will be ignored since the hydra process manager was found
MPI startup(): Warning: I_MPI_PMI_LIBRARY will be ignored since the hydra process manager was found
MPI startup(): Warning: I_MPI_PMI_LIBRARY will be ignored since the hydra process manager was found
MPI startup(): Warning: I_MPI_PMI_LIBRARY will be ignored since the hydra process manager was found
MPI startup(): Warning: I_MPI_PMI_LIBRARY will be ignored since the hydra process manager was found
MPI startup(): Warning: I_MPI_PMI_LIBRARY will be ignored since the hydra process manager was found
MPI startup(): Warning: I_MPI_PMI_LIBRARY will be ignored since the hydra process manager was found
MPI startup(): Warning: I_MPI_PMI_LIBRARY will be ignored since the hydra process manager was found
MPI startup(): Warning: I_MPI_PMI_LIBRARY will be ignored since the hydra process manager was found
MPI startup(): Warning: I_MPI_PMI_LIBRARY will be ignored since the hydra process manager was found
MPI startup(): Warning: I_MPI_PMI_LIBRARY will be ignored since the hydra process manager was found
MPI startup(): Warning: I_MPI_PMI_LIBRARY will be ignored since the hydra process manager was found
MPI startup(): Warning: I_MPI_PMI_LIBRARY will be ignored since the hydra process manager was found
MPI startup(): Warning: I_MPI_PMI_LIBRARY will be ignored since the hydra process manager was found
MPI startup(): Warning: I_MPI_PMI_LIBRARY will be ignored since the hydra process manager was found
 PROCESS           17  OF           32  WORKING
 PROCESS           29  OF           32  WORKING
 PROCESS           15  OF           32  WORKING
 PROCESS           21  OF           32  WORKING
 PROCESS           22  OF           32  WORKING
 PROCESS            0  OF           32  WORKING

         
 *******************************************************************************
 *                                                                             *
 *                               CRYSTAL23                                     *
 *                      public : 1.0.1 - October 2022                          *
 *                       HTTP://WWW.CRYSTAL.UNITO.IT                           *
 *                                                                             *
 *                              MAIN AUTHORS                                   *
 *                                                                             *
 *  R. DOVESI(1,11), V.R. SAUNDERS(2), C. ROETTI(1,11), R. ORLANDO(1,11),      *
 *  C.M. ZICOVICH-WILSON(1,3), F. PASCALE(4), B. CIVALLERI(1,11),              *
 *  K. DOLL(5), N.M. HARRISON(6), I.J. BUSH(7), Ph. D'ARCO(8),                 *
 *  M. LLUNELL(9), M. CAUSA'(10), Y. NOEL(8), L. MASCHIO(1,11), A. ERBA(1,11)  *
 *  M. RE'RAT(14), S. CASASSA(1,11), B.G. SEARLE(2), J.K. DESMARAIS(1)         *
 *                                                                             *
 *        CONTRIBUTIONS TO THE CODE HAVE ALSO BEEN GIVEN BY                    *
 *                                                                             *
 *  M. FERRABONE(1,11), M. DE LA PIERRE(1,11), M. FERRERO(1,11),               *
 *  J. BAIMA(1,11), E. ALBANESE(1,11), M.F. PEINTINGER(12), R. BAST(13),       *
 *  B. KIRTMAN(15), V. LACIVITA(1,11), R. DEMICHELIS(1,16)                     *
 *  G. BRANDEBURG(17), S. SALUSTRO(1,11), G. SANSONE(1,11)                     *
 *  M.T. RUGGIERO(18), L.E. DAGA(1), L. DONA'(1), A. COSSARD(1)                *
 *                                                                             *
 * (1) THEORETICAL CHEMISTRY GROUP - UNIVERSITA' DI TORINO - TORINO (ITALY)    *
 * (2) SCIENTIFIC COMPUTING DEPARTMENT - STFC DARESBURY (UK)                   *
 * (3) UNIVERSIDAD AUTONOMA DEL ESTADO DE MORELOS - CUERNAVACA (MEXICO)        *
 * (4) UNIVERSITE' DE LORRAINE - NANCY (FRANCE)                                *
 * (5) UNIVERSITAET STUTTGART- STUTTGART (GERMANY)                             *
 * (6) IMPERIAL COLLEGE - LONDON (UK)                                          *
 * (7) SCIENTIFIC COMPUTING DEPARTMENT - STFC RAL (UK)                         *
 * (8) UPMC - SORBONNE UNIVERSITES - PARIS (FRANCE)                            *
 * (9) UNIVERSIDAD DE BARCELONA - BARCELONA (SPAIN)                            *
 *(10) UNIVERSITA' DI NAPOLI "FEDERICO II" - NAPOLI (ITALY)                    *
 *(11) NIS - NANOSTRUCTURED INTERFACES AND SURFACES - TORINO (ITALY)           *
 *(12) MPI FUER CHEMISCHE ENERGIEKONVERSION - MUELHEIM AN DER RUHR (GERMANY)   *
 *(13) UNIVERSITY OF TROMSO - TROMSO (NORWAY)                                  *
 *(14) UNIVERSITE' DE PAU ET DES PAYS DE L'ADOUR - PAU (FRANCE)                *
 *(15) UNIVERSITY OF CALIFORNIA SANTA BARBARA - SANTA BARBARA (USA)            *
 *(16) CURTIN UNIVERSITY - PERTH (AUSTRALIA)                                   *
 *(17) UNIVERSITY COLLEGE LONDON - LONDON (UK)                                 *
 *(18) UNIVERSITY OF VERMONT - BURLINGTON (USA)                                *
 *                                                                             *
 *******************************************************************************
 EEEEEEEEEE STARTING  DATE 30 01 2026 TIME 20:51:24.2
 ./3^3T59-CA_rev1_sp_B3LYP-D3-D3_optimized                                       
 PROCESS            4  OF           32  WORKING
 PROCESS            7  OF           32  WORKING
 PROCESS           12  OF           32  WORKING
 PROCESS           20  OF           32  WORKING
 PROCESS           27  OF           32  WORKING
 PROCESS           25  OF           32  WORKING
 PROCESS           31  OF           32  WORKING
 PROCESS            5  OF           32  WORKING
 PROCESS            6  OF           32  WORKING
 PROCESS           28  OF           32  WORKING
 PROCESS           14  OF           32  WORKING
 PROCESS           24  OF           32  WORKING
 PROCESS           13  OF           32  WORKING
 PROCESS           16  OF           32  WORKING
 PROCESS            2  OF           32  WORKING
 PROCESS           18  OF           32  WORKING
 PROCESS           23  OF           32  WORKING
 PROCESS            1  OF           32  WORKING
 PROCESS            3  OF           32  WORKING
 PROCESS           10  OF           32  WORKING
 PROCESS           11  OF           32  WORKING
 PROCESS            8  OF           32  WORKING
 PROCESS           19  OF           32  WORKING
 PROCESS           26  OF           32  WORKING
 PROCESS           30  OF           32  WORKING
 PROCESS            9  OF           32  WORKING

 CRYSTAL CALCULATION
 (INPUT ACCORDING TO THE INTERNATIONAL TABLES FOR X-RAY CRYSTALLOGRAPHY)
 CRYSTAL FAMILY                       :  CUBIC       
 CRYSTAL CLASS  (GROTH - 1921)        :  CUBIC HEXAKISOCTAHEDRAL              

 SPACE GROUP (CENTROSYMMETRIC)        :  P N 3 M         

 LATTICE PARAMETERS  (ANGSTROMS AND DEGREES) - CONVENTIONAL CELL
        A           B           C        ALPHA        BETA       GAMMA
     9.77683     9.77683     9.77683    90.00000    90.00000    90.00000


 NUMBER OF IRREDUCIBLE ATOMS IN THE CONVENTIONAL CELL:    3

 INPUT COORDINATES

 ATOM AT. N.              COORDINATES
   1   6     4.469278491492E-01  4.469278491492E-01 -1.191419222482E-01
   2   6     4.233058198760E-01  4.233058198760E-01 -2.597893434968E-01
   3   6     1.936972356142E-01 -3.063027643858E-01  0.000000000000E+00

 *******************************************************************************

 << INFORMATION >>: FROM NOW ON, ALL COORDINATES REFER TO THE PRIMITIVE CELL

 *******************************************************************************

 LATTICE PARAMETERS  (ANGSTROMS AND DEGREES) - PRIMITIVE CELL
       A          B          C        ALPHA      BETA     GAMMA        VOLUME
    9.77683    9.77683    9.77683    90.00000  90.00000  90.00000    934.531414

 COORDINATES OF THE EQUIVALENT ATOMS (FRACTIONAL UNITS)

 N. ATOM EQUIV AT. N.          X                  Y                  Z

   1   1   1    6 C     4.46927849149E-01  4.46927849149E-01 -1.19141922248E-01
   2   1   2    6 C     5.30721508508E-02  5.30721508508E-02 -1.19141922248E-01
   3   1   3    6 C     4.46927849149E-01  5.30721508508E-02 -3.80858077752E-01
   4   1   4    6 C     5.30721508508E-02  4.46927849149E-01 -3.80858077752E-01
   5   1   5    6 C    -1.19141922248E-01  4.46927849149E-01  4.46927849149E-01
   6   1   6    6 C     4.46927849149E-01 -1.19141922248E-01  4.46927849149E-01
   7   1   7    6 C    -3.80858077752E-01  5.30721508508E-02  4.46927849149E-01
   8   1   8    6 C     5.30721508508E-02 -1.19141922248E-01  5.30721508508E-02
   9   1   9    6 C    -1.19141922248E-01  5.30721508508E-02  5.30721508508E-02
  10   1  10    6 C     5.30721508508E-02 -3.80858077752E-01  4.46927849149E-01
  11   1  11    6 C    -3.80858077752E-01  4.46927849149E-01  5.30721508508E-02
  12   1  12    6 C     4.46927849149E-01 -3.80858077752E-01  5.30721508508E-02
  13   1  13    6 C    -4.46927849149E-01 -4.46927849149E-01  1.19141922248E-01
  14   1  14    6 C    -5.30721508508E-02 -5.30721508508E-02  1.19141922248E-01
  15   1  15    6 C    -5.30721508508E-02 -4.46927849149E-01  3.80858077752E-01
  16   1  16    6 C    -4.46927849149E-01 -5.30721508508E-02  3.80858077752E-01
  17   1  17    6 C    -4.46927849149E-01  1.19141922248E-01 -4.46927849149E-01
  18   1  18    6 C     1.19141922248E-01 -4.46927849149E-01 -4.46927849149E-01
  19   1  19    6 C    -5.30721508508E-02  3.80858077752E-01 -4.46927849149E-01
  20   1  20    6 C     1.19141922248E-01 -5.30721508508E-02 -5.30721508508E-02
  21   1  21    6 C    -5.30721508508E-02  1.19141922248E-01 -5.30721508508E-02
  22   1  22    6 C     3.80858077752E-01 -5.30721508508E-02 -4.46927849149E-01
  23   1  23    6 C    -4.46927849149E-01  3.80858077752E-01 -5.30721508508E-02
  24   1  24    6 C     3.80858077752E-01 -4.46927849149E-01 -5.30721508508E-02

  25   2   1    6 C     4.23305819876E-01  4.23305819876E-01 -2.59789343497E-01
  26   2   2    6 C     7.66941801240E-02  7.66941801240E-02 -2.59789343497E-01
  27   2   3    6 C     4.23305819876E-01  7.66941801240E-02 -2.40210656503E-01
  28   2   4    6 C     7.66941801240E-02  4.23305819876E-01 -2.40210656503E-01
  29   2   5    6 C    -2.59789343497E-01  4.23305819876E-01  4.23305819876E-01
  30   2   6    6 C     4.23305819876E-01 -2.59789343497E-01  4.23305819876E-01
  31   2   7    6 C    -2.40210656503E-01  7.66941801240E-02  4.23305819876E-01
  32   2   8    6 C     7.66941801240E-02 -2.59789343497E-01  7.66941801240E-02
  33   2   9    6 C    -2.59789343497E-01  7.66941801240E-02  7.66941801240E-02
  34   2  10    6 C     7.66941801240E-02 -2.40210656503E-01  4.23305819876E-01
  35   2  11    6 C    -2.40210656503E-01  4.23305819876E-01  7.66941801240E-02
  36   2  12    6 C     4.23305819876E-01 -2.40210656503E-01  7.66941801240E-02
  37   2  13    6 C    -4.23305819876E-01 -4.23305819876E-01  2.59789343497E-01
  38   2  14    6 C    -7.66941801240E-02 -7.66941801240E-02  2.59789343497E-01
  39   2  15    6 C    -7.66941801240E-02 -4.23305819876E-01  2.40210656503E-01
  40   2  16    6 C    -4.23305819876E-01 -7.66941801240E-02  2.40210656503E-01
  41   2  17    6 C    -4.23305819876E-01  2.59789343497E-01 -4.23305819876E-01
  42   2  18    6 C     2.59789343497E-01 -4.23305819876E-01 -4.23305819876E-01
  43   2  19    6 C    -7.66941801240E-02  2.40210656503E-01 -4.23305819876E-01
  44   2  20    6 C     2.59789343497E-01 -7.66941801240E-02 -7.66941801240E-02
  45   2  21    6 C    -7.66941801240E-02  2.59789343497E-01 -7.66941801240E-02
  46   2  22    6 C     2.40210656503E-01 -7.66941801240E-02 -4.23305819876E-01
  47   2  23    6 C    -4.23305819876E-01  2.40210656503E-01 -7.66941801240E-02
  48   2  24    6 C     2.40210656503E-01 -4.23305819876E-01 -7.66941801240E-02

  49   3   1    6 C     1.93697235614E-01 -3.06302764386E-01  0.00000000000E+00
  50   3   2    6 C     3.06302764386E-01 -1.93697235614E-01  0.00000000000E+00
  51   3   3    6 C     1.93697235614E-01 -1.93697235614E-01 -5.00000000000E-01
  52   3   4    6 C     3.06302764386E-01 -3.06302764386E-01 -5.00000000000E-01
  53   3   5    6 C     0.00000000000E+00  1.93697235614E-01 -3.06302764386E-01
  54   3   6    6 C    -3.06302764386E-01  0.00000000000E+00  1.93697235614E-01
  55   3   7    6 C    -5.00000000000E-01  3.06302764386E-01 -3.06302764386E-01
  56   3   8    6 C    -1.93697235614E-01  0.00000000000E+00  3.06302764386E-01
  57   3   9    6 C     0.00000000000E+00  3.06302764386E-01 -1.93697235614E-01
  58   3  10    6 C    -1.93697235614E-01 -5.00000000000E-01  1.93697235614E-01
  59   3  11    6 C    -5.00000000000E-01  1.93697235614E-01 -1.93697235614E-01
  60   3  12    6 C    -3.06302764386E-01 -5.00000000000E-01  3.06302764386E-01
  61   3  13    6 C    -1.93697235614E-01  3.06302764386E-01  0.00000000000E+00
  62   3  14    6 C    -3.06302764386E-01  1.93697235614E-01  0.00000000000E+00
  63   3  15    6 C    -1.93697235614E-01  1.93697235614E-01 -5.00000000000E-01
  64   3  16    6 C    -3.06302764386E-01  3.06302764386E-01 -5.00000000000E-01
  65   3  17    6 C     0.00000000000E+00 -1.93697235614E-01  3.06302764386E-01
  66   3  18    6 C     3.06302764386E-01  0.00000000000E+00 -1.93697235614E-01
  67   3  19    6 C    -5.00000000000E-01 -3.06302764386E-01  3.06302764386E-01
  68   3  20    6 C     1.93697235614E-01  0.00000000000E+00 -3.06302764386E-01
  69   3  21    6 C     0.00000000000E+00 -3.06302764386E-01  1.93697235614E-01
  70   3  22    6 C     1.93697235614E-01 -5.00000000000E-01 -1.93697235614E-01
  71   3  23    6 C    -5.00000000000E-01 -1.93697235614E-01  1.93697235614E-01
  72   3  24    6 C     3.06302764386E-01 -5.00000000000E-01 -3.06302764386E-01

 NUMBER OF SYMMETRY OPERATORS         :   48
 *******************************************************************************
 * GEOMETRY EDITING - INPUT COORDINATES ARE GIVEN IN ANGSTROM         
 *******************************************************************************

 GEOMETRY NOW FULLY CONSISTENT WITH THE GROUP

 GCALCO - MAX INDICES DIRECT LATTICE VECTOR    14    14    14
 NO.OF VECTORS CREATED 6999 STARS  120 RMAX   219.38473 BOHR

 GEOMETRY FOR WAVE FUNCTION - DIMENSIONALITY OF THE SYSTEM    3
 (NON PERIODIC DIRECTION: LATTICE PARAMETER FORMALLY SET TO 500)
 *******************************************************************************
 LATTICE PARAMETERS (ANGSTROMS AND DEGREES) - BOHR = 0.5291772083 ANGSTROM
 PRIMITIVE CELL - CENTRING CODE 1/0 VOLUME=   934.531414 - DENSITY  1.535 g/cm^3
         A              B              C           ALPHA      BETA       GAMMA 
     9.77682785     9.77682785     9.77682785    90.000000  90.000000  90.000000
 *******************************************************************************
 ATOMS IN THE ASYMMETRIC UNIT    3 - ATOMS IN THE UNIT CELL:   72
     ATOM                 X/A                 Y/B                 Z/C    
 *******************************************************************************
      1 T   6 C     4.469278491492E-01  4.469278491492E-01 -1.191419222482E-01
      2 F   6 C     5.307215085080E-02  5.307215085080E-02 -1.191419222482E-01
      3 F   6 C     4.469278491492E-01  5.307215085080E-02 -3.808580777518E-01
      4 F   6 C     5.307215085080E-02  4.469278491492E-01 -3.808580777518E-01
      5 F   6 C    -1.191419222482E-01  4.469278491492E-01  4.469278491492E-01
      6 F   6 C     4.469278491492E-01 -1.191419222482E-01  4.469278491492E-01
      7 F   6 C    -3.808580777518E-01  5.307215085080E-02  4.469278491492E-01
      8 F   6 C     5.307215085080E-02 -1.191419222482E-01  5.307215085080E-02
      9 F   6 C    -1.191419222482E-01  5.307215085080E-02  5.307215085080E-02
     10 F   6 C     5.307215085080E-02 -3.808580777518E-01  4.469278491492E-01
     11 F   6 C    -3.808580777518E-01  4.469278491492E-01  5.307215085080E-02
     12 F   6 C     4.469278491492E-01 -3.808580777518E-01  5.307215085080E-02
     13 F   6 C    -4.469278491492E-01 -4.469278491492E-01  1.191419222482E-01
     14 F   6 C    -5.307215085080E-02 -5.307215085080E-02  1.191419222482E-01
     15 F   6 C    -5.307215085080E-02 -4.469278491492E-01  3.808580777518E-01
     16 F   6 C    -4.469278491492E-01 -5.307215085080E-02  3.808580777518E-01
     17 F   6 C    -4.469278491492E-01  1.191419222482E-01 -4.469278491492E-01
     18 F   6 C     1.191419222482E-01 -4.469278491492E-01 -4.469278491492E-01
     19 F   6 C    -5.307215085080E-02  3.808580777518E-01 -4.469278491492E-01
     20 F   6 C     1.191419222482E-01 -5.307215085080E-02 -5.307215085080E-02
     21 F   6 C    -5.307215085080E-02  1.191419222482E-01 -5.307215085080E-02
     22 F   6 C     3.808580777518E-01 -5.307215085080E-02 -4.469278491492E-01
     23 F   6 C    -4.469278491492E-01  3.808580777518E-01 -5.307215085080E-02
     24 F   6 C     3.808580777518E-01 -4.469278491492E-01 -5.307215085080E-02
     25 T   6 C     4.233058198760E-01  4.233058198760E-01 -2.597893434968E-01
     26 F   6 C     7.669418012400E-02  7.669418012400E-02 -2.597893434968E-01
     27 F   6 C     4.233058198760E-01  7.669418012400E-02 -2.402106565032E-01
     28 F   6 C     7.669418012400E-02  4.233058198760E-01 -2.402106565032E-01
     29 F   6 C    -2.597893434968E-01  4.233058198760E-01  4.233058198760E-01
     30 F   6 C     4.233058198760E-01 -2.597893434968E-01  4.233058198760E-01
     31 F   6 C    -2.402106565032E-01  7.669418012400E-02  4.233058198760E-01
     32 F   6 C     7.669418012400E-02 -2.597893434968E-01  7.669418012400E-02
     33 F   6 C    -2.597893434968E-01  7.669418012400E-02  7.669418012400E-02
     34 F   6 C     7.669418012400E-02 -2.402106565032E-01  4.233058198760E-01
     35 F   6 C    -2.402106565032E-01  4.233058198760E-01  7.669418012400E-02
     36 F   6 C     4.233058198760E-01 -2.402106565032E-01  7.669418012400E-02
     37 F   6 C    -4.233058198760E-01 -4.233058198760E-01  2.597893434968E-01
     38 F   6 C    -7.669418012400E-02 -7.669418012400E-02  2.597893434968E-01
     39 F   6 C    -7.669418012400E-02 -4.233058198760E-01  2.402106565032E-01
     40 F   6 C    -4.233058198760E-01 -7.669418012400E-02  2.402106565032E-01
     41 F   6 C    -4.233058198760E-01  2.597893434968E-01 -4.233058198760E-01
     42 F   6 C     2.597893434968E-01 -4.233058198760E-01 -4.233058198760E-01
     43 F   6 C    -7.669418012400E-02  2.402106565032E-01 -4.233058198760E-01
     44 F   6 C     2.597893434968E-01 -7.669418012400E-02 -7.669418012400E-02
     45 F   6 C    -7.669418012400E-02  2.597893434968E-01 -7.669418012400E-02
     46 F   6 C     2.402106565032E-01 -7.669418012400E-02 -4.233058198760E-01
     47 F   6 C    -4.233058198760E-01  2.402106565032E-01 -7.669418012400E-02
     48 F   6 C     2.402106565032E-01 -4.233058198760E-01 -7.669418012400E-02
     49 T   6 C     1.936972356142E-01 -3.063027643858E-01  0.000000000000E+00
     50 F   6 C     3.063027643858E-01 -1.936972356142E-01  0.000000000000E+00
     51 F   6 C     1.936972356142E-01 -1.936972356142E-01 -5.000000000000E-01
     52 F   6 C     3.063027643858E-01 -3.063027643858E-01 -5.000000000000E-01
     53 F   6 C     0.000000000000E+00  1.936972356142E-01 -3.063027643858E-01
     54 F   6 C    -3.063027643858E-01  0.000000000000E+00  1.936972356142E-01
     55 F   6 C    -5.000000000000E-01  3.063027643858E-01 -3.063027643858E-01
     56 F   6 C    -1.936972356142E-01  0.000000000000E+00  3.063027643858E-01
     57 F   6 C     0.000000000000E+00  3.063027643858E-01 -1.936972356142E-01
     58 F   6 C    -1.936972356142E-01 -5.000000000000E-01  1.936972356142E-01
     59 F   6 C    -5.000000000000E-01  1.936972356142E-01 -1.936972356142E-01
     60 F   6 C    -3.063027643858E-01 -5.000000000000E-01  3.063027643858E-01
     61 F   6 C    -1.936972356142E-01  3.063027643858E-01  0.000000000000E+00
     62 F   6 C    -3.063027643858E-01  1.936972356142E-01  0.000000000000E+00
     63 F   6 C    -1.936972356142E-01  1.936972356142E-01 -5.000000000000E-01
     64 F   6 C    -3.063027643858E-01  3.063027643858E-01 -5.000000000000E-01
     65 F   6 C     0.000000000000E+00 -1.936972356142E-01  3.063027643858E-01
     66 F   6 C     3.063027643858E-01  0.000000000000E+00 -1.936972356142E-01
     67 F   6 C    -5.000000000000E-01 -3.063027643858E-01  3.063027643858E-01
     68 F   6 C     1.936972356142E-01  0.000000000000E+00 -3.063027643858E-01
     69 F   6 C     0.000000000000E+00 -3.063027643858E-01  1.936972356142E-01
     70 F   6 C     1.936972356142E-01 -5.000000000000E-01 -1.936972356142E-01
     71 F   6 C    -5.000000000000E-01 -1.936972356142E-01  1.936972356142E-01
     72 F   6 C     3.063027643858E-01 -5.000000000000E-01 -3.063027643858E-01

 T = ATOM BELONGING TO THE ASYMMETRIC UNIT

 ****   48 SYMMOPS - TRANSLATORS IN FRACTIONAL UNITS
 **** MATRICES AND TRANSLATORS IN THE CRYSTALLOGRAPHIC REFERENCE FRAME
   V INV                    ROTATION MATRICES                   TRANSLATORS
   1   1  1.00  0.00  0.00  0.00  1.00  0.00  0.00  0.00  1.00  0.00  0.00  0.00
   2   2 -1.00  0.00  0.00  0.00 -1.00  0.00  0.00  0.00  1.00  0.50  0.50  0.00
   3   3  1.00  0.00  0.00  0.00 -1.00  0.00  0.00  0.00 -1.00  0.00  0.50  0.50
   4   4 -1.00  0.00  0.00  0.00  1.00  0.00  0.00  0.00 -1.00  0.50  0.00  0.50
   5   6  0.00  0.00  1.00  1.00  0.00  0.00  0.00  1.00  0.00  0.00  0.00  0.00
   6   5  0.00  1.00  0.00  0.00  0.00  1.00  1.00  0.00  0.00  0.00  0.00  0.00
   7   8  0.00  0.00 -1.00 -1.00  0.00  0.00  0.00  1.00  0.00  0.50  0.50  0.00
   8   7  0.00 -1.00  0.00  0.00  0.00  1.00 -1.00  0.00  0.00  0.50  0.00  0.50
   9  10  0.00  0.00  1.00 -1.00  0.00  0.00  0.00 -1.00  0.00  0.00  0.50  0.50
  10   9  0.00 -1.00  0.00  0.00  0.00 -1.00  1.00  0.00  0.00  0.50  0.50  0.00
  11  12  0.00  0.00 -1.00  1.00  0.00  0.00  0.00 -1.00  0.00  0.50  0.00  0.50
  12  11  0.00  1.00  0.00  0.00  0.00 -1.00 -1.00  0.00  0.00  0.00  0.50  0.50
  13  13  0.00 -1.00  0.00 -1.00  0.00  0.00  0.00  0.00 -1.00  0.00  0.00  0.00
  14  14  0.00  1.00  0.00  1.00  0.00  0.00  0.00  0.00 -1.00  0.50  0.50  0.00
  15  16  0.00  1.00  0.00 -1.00  0.00  0.00  0.00  0.00  1.00  0.50  0.00  0.50
  16  15  0.00 -1.00  0.00  1.00  0.00  0.00  0.00  0.00  1.00  0.00  0.50  0.50
  17  17 -1.00  0.00  0.00  0.00  0.00 -1.00  0.00 -1.00  0.00  0.00  0.00  0.00
  18  18  0.00  0.00 -1.00  0.00 -1.00  0.00 -1.00  0.00  0.00  0.00  0.00  0.00
  19  21  1.00  0.00  0.00  0.00  0.00  1.00  0.00 -1.00  0.00  0.50  0.50  0.00
  20  22  0.00  0.00 -1.00  0.00  1.00  0.00  1.00  0.00  0.00  0.00  0.50  0.50
  21  19  1.00  0.00  0.00  0.00  0.00 -1.00  0.00  1.00  0.00  0.50  0.00  0.50
  22  20  0.00  0.00  1.00  0.00  1.00  0.00 -1.00  0.00  0.00  0.50  0.50  0.00
  23  23 -1.00  0.00  0.00  0.00  0.00  1.00  0.00  1.00  0.00  0.00  0.50  0.50
  24  24  0.00  0.00  1.00  0.00 -1.00  0.00  1.00  0.00  0.00  0.50  0.00  0.50
  25  25 -1.00  0.00  0.00  0.00 -1.00  0.00  0.00  0.00 -1.00  0.00  0.00  0.00
  26  26  1.00  0.00  0.00  0.00  1.00  0.00  0.00  0.00 -1.00  0.50  0.50  0.00
  27  27 -1.00  0.00  0.00  0.00  1.00  0.00  0.00  0.00  1.00  0.00  0.50  0.50
  28  28  1.00  0.00  0.00  0.00 -1.00  0.00  0.00  0.00  1.00  0.50  0.00  0.50
  29  30  0.00  0.00 -1.00 -1.00  0.00  0.00  0.00 -1.00  0.00  0.00  0.00  0.00
  30  29  0.00 -1.00  0.00  0.00  0.00 -1.00 -1.00  0.00  0.00  0.00  0.00  0.00
  31  32  0.00  0.00  1.00  1.00  0.00  0.00  0.00 -1.00  0.00  0.50  0.50  0.00
  32  31  0.00  1.00  0.00  0.00  0.00 -1.00  1.00  0.00  0.00  0.50  0.00  0.50
  33  34  0.00  0.00 -1.00  1.00  0.00  0.00  0.00  1.00  0.00  0.00  0.50  0.50
  34  33  0.00  1.00  0.00  0.00  0.00  1.00 -1.00  0.00  0.00  0.50  0.50  0.00
  35  36  0.00  0.00  1.00 -1.00  0.00  0.00  0.00  1.00  0.00  0.50  0.00  0.50
  36  35  0.00 -1.00  0.00  0.00  0.00  1.00  1.00  0.00  0.00  0.00  0.50  0.50
  37  37  0.00  1.00  0.00  1.00  0.00  0.00  0.00  0.00  1.00  0.00  0.00  0.00
  38  38  0.00 -1.00  0.00 -1.00  0.00  0.00  0.00  0.00  1.00  0.50  0.50  0.00
  39  40  0.00 -1.00  0.00  1.00  0.00  0.00  0.00  0.00 -1.00  0.50  0.00  0.50
  40  39  0.00  1.00  0.00 -1.00  0.00  0.00  0.00  0.00 -1.00  0.00  0.50  0.50
  41  41  1.00  0.00  0.00  0.00  0.00  1.00  0.00  1.00  0.00  0.00  0.00  0.00
  42  42  0.00  0.00  1.00  0.00  1.00  0.00  1.00  0.00  0.00  0.00  0.00  0.00
  43  45 -1.00  0.00  0.00  0.00  0.00 -1.00  0.00  1.00  0.00  0.50  0.50  0.00
  44  46  0.00  0.00  1.00  0.00 -1.00  0.00 -1.00  0.00  0.00  0.00  0.50  0.50
  45  43 -1.00  0.00  0.00  0.00  0.00  1.00  0.00 -1.00  0.00  0.50  0.00  0.50
  46  44  0.00  0.00 -1.00  0.00 -1.00  0.00  1.00  0.00  0.00  0.50  0.50  0.00
  47  47  1.00  0.00  0.00  0.00  0.00 -1.00  0.00 -1.00  0.00  0.00  0.50  0.50
  48  48  0.00  0.00 -1.00  0.00  1.00  0.00 -1.00  0.00  0.00  0.50  0.00  0.50

 DIRECT LATTICE VECTORS CARTESIAN COMPONENTS (ANGSTROM)
          X                    Y                    Z
   0.977682785000E+01   0.000000000000E+00   0.000000000000E+00
   0.000000000000E+00   0.977682785000E+01   0.000000000000E+00
   0.000000000000E+00   0.000000000000E+00   0.977682785000E+01


 CARTESIAN COORDINATES - PRIMITIVE CELL
 *******************************************************************************
 *      ATOM          X(ANGSTROM)         Y(ANGSTROM)         Z(ANGSTROM)
 *******************************************************************************
    1     6 C     4.369536642502E+00  4.369536642502E+00 -1.164830063539E+00
    2     6 C     5.188772824975E-01  5.188772824975E-01 -1.164830063539E+00
    3     6 C     4.369536642502E+00  5.188772824975E-01 -3.723583861461E+00
    4     6 C     5.188772824975E-01  4.369536642502E+00 -3.723583861461E+00
    5     6 C    -1.164830063539E+00  4.369536642502E+00  4.369536642502E+00
    6     6 C     4.369536642502E+00 -1.164830063539E+00  4.369536642502E+00
    7     6 C    -3.723583861461E+00  5.188772824975E-01  4.369536642502E+00
    8     6 C     5.188772824975E-01 -1.164830063539E+00  5.188772824975E-01
    9     6 C    -1.164830063539E+00  5.188772824975E-01  5.188772824975E-01
   10     6 C     5.188772824975E-01 -3.723583861461E+00  4.369536642502E+00
   11     6 C    -3.723583861461E+00  4.369536642502E+00  5.188772824975E-01
   12     6 C     4.369536642502E+00 -3.723583861461E+00  5.188772824975E-01
   13     6 C    -4.369536642502E+00 -4.369536642502E+00  1.164830063539E+00
   14     6 C    -5.188772824975E-01 -5.188772824975E-01  1.164830063539E+00
   15     6 C    -5.188772824975E-01 -4.369536642502E+00  3.723583861461E+00
   16     6 C    -4.369536642502E+00 -5.188772824975E-01  3.723583861461E+00
   17     6 C    -4.369536642502E+00  1.164830063539E+00 -4.369536642502E+00
   18     6 C     1.164830063539E+00 -4.369536642502E+00 -4.369536642502E+00
   19     6 C    -5.188772824975E-01  3.723583861461E+00 -4.369536642502E+00
   20     6 C     1.164830063539E+00 -5.188772824975E-01 -5.188772824975E-01
   21     6 C    -5.188772824975E-01  1.164830063539E+00 -5.188772824975E-01
   22     6 C     3.723583861461E+00 -5.188772824975E-01 -4.369536642502E+00
   23     6 C    -4.369536642502E+00  3.723583861461E+00 -5.188772824975E-01
   24     6 C     3.723583861461E+00 -4.369536642502E+00 -5.188772824975E-01
   25     6 C     4.138588128831E+00  4.138588128831E+00 -2.539915688633E+00
   26     6 C     7.498257961692E-01  7.498257961692E-01 -2.539915688633E+00
   27     6 C     4.138588128831E+00  7.498257961692E-01 -2.348498236367E+00
   28     6 C     7.498257961692E-01  4.138588128831E+00 -2.348498236367E+00
   29     6 C    -2.539915688633E+00  4.138588128831E+00  4.138588128831E+00
   30     6 C     4.138588128831E+00 -2.539915688633E+00  4.138588128831E+00
   31     6 C    -2.348498236367E+00  7.498257961692E-01  4.138588128831E+00
   32     6 C     7.498257961692E-01 -2.539915688633E+00  7.498257961692E-01
   33     6 C    -2.539915688633E+00  7.498257961692E-01  7.498257961692E-01
   34     6 C     7.498257961692E-01 -2.348498236367E+00  4.138588128831E+00
   35     6 C    -2.348498236367E+00  4.138588128831E+00  7.498257961692E-01
   36     6 C     4.138588128831E+00 -2.348498236367E+00  7.498257961692E-01
   37     6 C    -4.138588128831E+00 -4.138588128831E+00  2.539915688633E+00
   38     6 C    -7.498257961692E-01 -7.498257961692E-01  2.539915688633E+00
   39     6 C    -7.498257961692E-01 -4.138588128831E+00  2.348498236367E+00
   40     6 C    -4.138588128831E+00 -7.498257961692E-01  2.348498236367E+00
   41     6 C    -4.138588128831E+00  2.539915688633E+00 -4.138588128831E+00
   42     6 C     2.539915688633E+00 -4.138588128831E+00 -4.138588128831E+00
   43     6 C    -7.498257961692E-01  2.348498236367E+00 -4.138588128831E+00
   44     6 C     2.539915688633E+00 -7.498257961692E-01 -7.498257961692E-01
   45     6 C    -7.498257961692E-01  2.539915688633E+00 -7.498257961692E-01
   46     6 C     2.348498236367E+00 -7.498257961692E-01 -4.138588128831E+00
   47     6 C    -4.138588128831E+00  2.348498236367E+00 -7.498257961692E-01
   48     6 C     2.348498236367E+00 -4.138588128831E+00 -7.498257961692E-01
   49     6 C     1.893744527621E+00 -2.994669397379E+00  0.000000000000E+00
   50     6 C     2.994669397379E+00 -1.893744527621E+00  0.000000000000E+00
   51     6 C     1.893744527621E+00 -1.893744527621E+00  4.888413925000E+00
   52     6 C     2.994669397379E+00 -2.994669397379E+00  4.888413925000E+00
   53     6 C     0.000000000000E+00  1.893744527621E+00 -2.994669397379E+00
   54     6 C    -2.994669397379E+00  0.000000000000E+00  1.893744527621E+00
   55     6 C     4.888413925000E+00  2.994669397379E+00 -2.994669397379E+00
   56     6 C    -1.893744527621E+00  0.000000000000E+00  2.994669397379E+00
   57     6 C     0.000000000000E+00  2.994669397379E+00 -1.893744527621E+00
   58     6 C    -1.893744527621E+00  4.888413925000E+00  1.893744527621E+00
   59     6 C     4.888413925000E+00  1.893744527621E+00 -1.893744527621E+00
   60     6 C    -2.994669397379E+00  4.888413925000E+00  2.994669397379E+00
   61     6 C    -1.893744527621E+00  2.994669397379E+00  0.000000000000E+00
   62     6 C    -2.994669397379E+00  1.893744527621E+00  0.000000000000E+00
   63     6 C    -1.893744527621E+00  1.893744527621E+00  4.888413925000E+00
   64     6 C    -2.994669397379E+00  2.994669397379E+00  4.888413925000E+00
   65     6 C     0.000000000000E+00 -1.893744527621E+00  2.994669397379E+00
   66     6 C     2.994669397379E+00  0.000000000000E+00 -1.893744527621E+00
   67     6 C     4.888413925000E+00 -2.994669397379E+00  2.994669397379E+00
   68     6 C     1.893744527621E+00  0.000000000000E+00 -2.994669397379E+00
   69     6 C     0.000000000000E+00 -2.994669397379E+00  1.893744527621E+00
   70     6 C     1.893744527621E+00  4.888413925000E+00 -1.893744527621E+00
   71     6 C     4.888413925000E+00 -1.893744527621E+00  1.893744527621E+00
   72     6 C     2.994669397379E+00  4.888413925000E+00 -2.994669397379E+00

 *******************************************************************************
 LOCAL ATOMIC FUNCTIONS BASIS SET
 *******************************************************************************
   ATOM   X(AU)   Y(AU)   Z(AU)  N. TYPE  EXPONENT  S COEF   P COEF   D/F/G COEF
 *******************************************************************************
   1 C    8.257   8.257  -2.201
                                  1 S  
                                         1.358E+04 2.225E-04 0.000E+00 0.000E+00
                                         2.035E+03 1.723E-03 0.000E+00 0.000E+00
                                         4.632E+02 8.926E-03 0.000E+00 0.000E+00
                                         1.312E+02 3.573E-02 0.000E+00 0.000E+00
                                         4.285E+01 1.108E-01 0.000E+00 0.000E+00
                                         1.558E+01 2.430E-01 0.000E+00 0.000E+00
                                  2 S  
                                         6.207E+00 4.144E-01 0.000E+00 0.000E+00
                                         2.576E+00 2.374E-01 0.000E+00 0.000E+00
                                  3 S  
                                         4.941E-01 1.000E+00 0.000E+00 0.000E+00
                                  4 S  
                                         1.644E-01 1.000E+00 0.000E+00 0.000E+00
                           5-     7 P  
                                         3.470E+01 0.000E+00 5.333E-03 0.000E+00
                                         7.958E+00 0.000E+00 3.586E-02 0.000E+00
                                         2.378E+00 0.000E+00 1.422E-01 0.000E+00
                                         8.143E-01 0.000E+00 3.427E-01 0.000E+00
                           8-    10 P  
                                         5.662E-01 0.000E+00 1.000E+00 0.000E+00
                          11-    13 P  
                                         2.674E-01 0.000E+00 1.000E+00 0.000E+00
                          14-    18 D  
                                         8.792E-01 0.000E+00 0.000E+00 1.000E+00
   2 C    0.981   0.981  -2.201
   3 C    8.257   0.981  -7.037
   4 C    0.981   8.257  -7.037
   5 C   -2.201   8.257   8.257
   6 C    8.257  -2.201   8.257
   7 C   -7.037   0.981   8.257
   8 C    0.981  -2.201   0.981
   9 C   -2.201   0.981   0.981
  10 C    0.981  -7.037   8.257
  11 C   -7.037   8.257   0.981
  12 C    8.257  -7.037   0.981
  13 C   -8.257  -8.257   2.201
  14 C   -0.981  -0.981   2.201
  15 C   -0.981  -8.257   7.037
  16 C   -8.257  -0.981   7.037
  17 C   -8.257   2.201  -8.257
  18 C    2.201  -8.257  -8.257
  19 C   -0.981   7.037  -8.257
  20 C    2.201  -0.981  -0.981
  21 C   -0.981   2.201  -0.981
  22 C    7.037  -0.981  -8.257
  23 C   -8.257   7.037  -0.981
  24 C    7.037  -8.257  -0.981
  25 C    7.821   7.821  -4.800
  26 C    1.417   1.417  -4.800
  27 C    7.821   1.417  -4.438
  28 C    1.417   7.821  -4.438
  29 C   -4.800   7.821   7.821
  30 C    7.821  -4.800   7.821
  31 C   -4.438   1.417   7.821
  32 C    1.417  -4.800   1.417
  33 C   -4.800   1.417   1.417
  34 C    1.417  -4.438   7.821
  35 C   -4.438   7.821   1.417
  36 C    7.821  -4.438   1.417
  37 C   -7.821  -7.821   4.800
  38 C   -1.417  -1.417   4.800
  39 C   -1.417  -7.821   4.438
  40 C   -7.821  -1.417   4.438
  41 C   -7.821   4.800  -7.821
  42 C    4.800  -7.821  -7.821
  43 C   -1.417   4.438  -7.821
  44 C    4.800  -1.417  -1.417
  45 C   -1.417   4.800  -1.417
  46 C    4.438  -1.417  -7.821
  47 C   -7.821   4.438  -1.417
  48 C    4.438  -7.821  -1.417
  49 C    3.579  -5.659   0.000
  50 C    5.659  -3.579   0.000
  51 C    3.579  -3.579   9.238
  52 C    5.659  -5.659   9.238
  53 C    0.000   3.579  -5.659
  54 C   -5.659   0.000   3.579
  55 C    9.238   5.659  -5.659
  56 C   -3.579   0.000   5.659
  57 C    0.000   5.659  -3.579
  58 C   -3.579   9.238   3.579
  59 C    9.238   3.579  -3.579
  60 C   -5.659   9.238   5.659
  61 C   -3.579   5.659   0.000
  62 C   -5.659   3.579   0.000
  63 C   -3.579   3.579   9.238
  64 C   -5.659   5.659   9.238
  65 C    0.000  -3.579   5.659
  66 C    5.659   0.000  -3.579
  67 C    9.238  -5.659   5.659
  68 C    3.579   0.000  -5.659
  69 C    0.000  -5.659   3.579
  70 C    3.579   9.238  -3.579
  71 C    9.238  -3.579   3.579
  72 C    5.659   9.238  -5.659
 INFORMATION **** SET_MPP **** PCRYSTAL CALCULATION
 INFORMATION **** READM2 **** NEW DEFAULT: FOCK/KS MATRIX MIXING SET TO 30 %
 INFORMATION **** READM2 **** NEW DEFAULT: FULL DIRECT SCF MODE
 INFORMATION **** READM2 **** NEW DEFAULT: COULOMB BIPOLAR BUFFER SET TO 32 Mb
 INFORMATION **** READM2 **** NEW DEFAULT: EXCHANGE BIPOLAR BUFFER SET TO 32 Mb

 *******************************************************************************
 NEW DEFAULT: DFT INTEGRATION GRID INCREASED TO XLGRID
 NEW DEFAULT: DIIS ACCELERATOR ACTIVE
 USE KEYWORD NODIIS TO TURN IT OFF
 *******************************************************************************

 INFORMATION **** DFTD3_INPUT **** PERFORM LATEST DISPERSION CORRECTION DFT-D3(BJ) WITH AUTOMATIC PARAMETER SETUP
 PLEASE CITE:
 (1) DFT-D3 Reference
  S. Grimme, J. Antony, S. Ehrlich, and H. Krieg, J. Chem. Phys. 132 (2010), 154104
 (2) BJ-Damping Reference
  S. Grimme, S. Ehrlich, and L. Goerigk, J. Comput. Chem. 32 (2011), 1456-1465
 (3) General DFT-D Review
  S. Grimme, A. Hansen, J. G. Brandenburg, and C. Bannwarth,
  Chem. Rev. 116 (2016), 5105-5154

 INFORMATION **** TOLINTEG **** COULOMB AND EXCHANGE SERIES TOLERANCES MODIFIED
 INFORMATION **** TOLDEE **** SCF TOL ON TOTAL ENERGY SET TO           9
 INFORMATION **** READM2 **** FULL DIRECT SCF (MONO AND BIEL INT) SELECTED
 INFORMATION **** MAXCYCLE **** MAX NUMBER OF SCF CYCLES SET TO         800
 INFORMATION **** DIIS **** DIIS FOR SCF ACTIVE
 INFORMATION **** DIIS **** LEVEL SHIFTER DISABLED
 INFORMATION **** PPAN ****  MULLIKEN POPULATION ANALYSIS AT THE END OF SCF
 *******************************************************************************
 N. OF ATOMS PER CELL        72  COULOMB OVERLAP TOL         (T1) 10**   -8
 NUMBER OF SHELLS           576  COULOMB PENETRATION TOL     (T2) 10**   -8
 NUMBER OF AO              1296  EXCHANGE OVERLAP TOL        (T3) 10**   -8
 N. OF ELECTRONS PER CELL   432  EXCHANGE PSEUDO OVP (F(G))  (T4) 10**   -9
 CORE ELECTRONS PER CELL    144  EXCHANGE PSEUDO OVP (P(G))  (T5) 10**  -24
 N. OF SYMMETRY OPERATORS    48  POLE ORDER IN MONO ZONE                  4
 *******************************************************************************
 TYPE OF CALCULATION :  UNRESTRICTED OPEN SHELL
 KOHN-SHAM HAMILTONIAN

 (EXCHANGE)[CORRELATION] FUNCTIONAL:(BECKE 88)[LEE-YANG-PARR]

 NON-LOCAL WEIGHTING FACTOR (EXCHANGE) =           0.9000
 NON-LOCAL WEIGHTING FACTOR [CORRELATION] =        0.8100

 HYBRID EXCHANGE - PERCENTAGE OF FOCK EXCHANGE    20.0000

 SPIN POLARIZED DFT SELECTED

 CAPPA:IS1  5;IS2  5;IS3  5; K PTS MONK NET  10; SYMMOPS:K SPACE  48;G SPACE  48

 *******************************************************************************
 MAX NUMBER OF SCF CYCLES     800  CONVERGENCE ON DELTAP        10**-19
 WEIGHT OF F(I) IN F(I+1)      30% CONVERGENCE ON ENERGY        10**- 9
 SHRINK. FACT.(MONKH.)    5  5  5  NUMBER OF K POINTS IN THE IBZ     10
 SHRINKING FACTOR(GILAT NET)   10  NUMBER OF K POINTS(GILAT NET)     56
 *******************************************************************************
 *** K POINTS COORDINATES (OBLIQUE COORDINATES IN UNITS OF IS =  5)
   1-R(  0  0  0)   2-C(  1  0  0)   3-C(  2  0  0)   4-C(  1  1  0)
   5-C(  2  1  0)   6-C(  2  2  0)   7-C(  1  1  1)   8-C(  2  1  1)
   9-C(  2  2  1)  10-C(  2  2  2)

 DIRECT LATTICE VECTORS COMPON. (A.U.)     RECIP. LATTICE VECTORS COMPON. (A.U.) 
        X            Y            Z              X            Y            Z
   18.4755271    0.0000000    0.0000000      0.3400815    0.0000000    0.0000000
    0.0000000   18.4755271    0.0000000      0.0000000    0.3400815    0.0000000
    0.0000000    0.0000000   18.4755271      0.0000000    0.0000000    0.3400815

 DISK SPACE FOR EIGENVECTORS (FTN 10)    31912704 REALS

 SYMMETRY ADAPTION OF THE BLOCH FUNCTIONS ENABLED
 TTTTTTTTTTTTTTTTTTTTTTTTTTTTTT gordsh1     TELAPSE        1.29 TCPU        0.50

 MATRIX SIZE: P(G) 3764592, F(G)  417480, P(G) IRR   42796, F(G) IRR    9944
 MAX G-VECTOR INDEX FOR 1- AND 2-ELECTRON INTEGRALS  81

 TTTTTTTTTTTTTTTTTTTTTTTTTTTTTT INPUT       TELAPSE        1.32 TCPU        0.53

 NEIGHBORS OF THE NON-EQUIVALENT ATOMS

 N = NUMBER OF NEIGHBORS AT DISTANCE R
    ATOM  N     R/ANG      R/AU   NEIGHBORS (ATOM LABELS AND CELL INDICES)
   1 C    2     1.3826     2.6126   23 C    1 0 0   24 C    0 1 0
   1 C    1     1.4133     2.6708   25 C    0 0 0
   1 C    2     2.3469     4.4349   55 C    0 0 0   72 C    0 0 0
   1 C    2     2.3811     4.4997   11 C    1 0 0   12 C    0 1 0
   1 C    2     2.4221     4.5771   47 C    1 0 0   48 C    0 1 0
   1 C    2     2.6325     4.9747   59 C    0 0 0   70 C    0 0 0

  25 C    1     1.4133     2.6708    1 C    0 0 0
  25 C    2     1.4414     2.7238   55 C    0 0 0   72 C    0 0 0
  25 C    2     2.4221     4.5771   23 C    1 0 0   24 C    0 1 0
  25 C    2     2.4534     4.6362   59 C    0 0 0   70 C    0 0 0
  25 C    2     2.7130     5.1269   41 C    1 0 0   42 C    0 1 0
  25 C    2     2.9424     5.5604   47 C    1 0 0   48 C    0 1 0

  49 C    2     1.4414     2.7238   32 C    0 0 0   48 C    0 0 0
  49 C    1     1.5569     2.9422   50 C    0 0 0
  49 C    2     2.3469     4.4349    8 C    0 0 0   24 C    0 0 0
  49 C    2     2.4534     4.6362   36 C    0 0 0   44 C    0 0 0
  49 C    2     2.6325     4.9747   12 C    0 0 0   20 C    0 0 0
  49 C    2     2.6782     5.0610   69 C    0 0 0   70 C    0-1 0


 SYMMETRY ALLOWED INTERNAL DEGREE(S) OF FREEDOM:   5
 TTTTTTTTTTTTTTTTTTTTTTTTTTTTTT SYMM        TELAPSE        1.39 TCPU        0.59
 TTTTTTTTTTTTTTTTTTTTTTTTTTTTTT INT_SCREEN  TELAPSE        1.42 TCPU        0.62

 DFT PARAMETERS

     ATOM       ELECTRONS   NET CHARGE   R(ANGSTROM)
   1   6  C       6.0000      0.0000     0.77000000

 SIZE OF GRID=      50726
 TTTTTTTTTTTTTTTTTTTTTTTTTTTTTT MAKE_GRID2  TELAPSE        1.62 TCPU        0.82
 BECKE WEIGHT FUNCTION
 RADSAFE =     2.00
 TOLERANCES - DENSITY:10**- 6; POTENTIAL:10**- 9; GRID WGT:10**-14

 RADIAL INTEGRATION  - INTERVALS (POINTS,UPPER LIMIT):            1( 75,  4.0*R)

 ANGULAR INTEGRATION - INTERVALS (ACCURACY LEVEL [N. POINTS] UPPER LIMIT):
  1(  4[  86]   0.2)  2(  8[ 194]   0.5)  3( 12[ 350]   0.9)  4( 16[ 974]   3.5)
  5( 12[ 350]9999.0)
 TTTTTTTTTTTTTTTTTTTTTTTTTTTTTT INT_CALC    TELAPSE        1.65 TCPU        0.84
 EEEEEEEEEE INT_CALC TERMINATION  DATE 30 01 2026 TIME 20:51:24.9

 *******************************************************************************
 ./3^3T59-CA_rev1_sp_B3LYP-D3-D3_optimized                                       
 CRYSTAL - SCF - TYPE OF CALCULATION :  UNRESTRICTED OPEN SHELL
 *******************************************************************************

 CAPPA:IS1  5;IS2  5;IS3  5; K PTS MONK NET  10; SYMMOPS:K SPACE  48;G SPACE  48

 TTTTTTTTTTTTTTTTTTTTTTTTTTTTTT SDIK        TELAPSE        2.14 TCPU        1.33

 AAAAAAAAAAAAAAAAAAAAAAAAAAAAAAAAAAAAAAAAAAAAAAAAAAAAAAAAAAAAAAAAAAAAAAAAAAAAAAA
         ATOMIC WAVEFUNCTION(S)


 NUCLEAR CHARGE  6.0  SYMMETRY SPECIES            S    P
 N. ELECTRONS    6.0  NUMBER OF PRIMITIVE GTOS   10    6
                      NUMBER OF CONTRACTED GTOS   4    3
                      NUMBER OF CLOSED SHELLS     2    0
                      OPEN SHELL OCCUPATION       0    2

  ZNUC  SCFIT    TOTAL HF ENERGY   KINETIC ENERGY   VIRIAL THEOREM ACCURACY
   6.0    10    -3.766702350E+01  3.783137943E+01 -1.995655566E+00  1.6E-06

 AAAAAAAAAAAAAAAAAAAAAAAAAAAAAAAAAAAAAAAAAAAAAAAAAAAAAAAAAAAAAAAAAAAAAAAAAAAAAAA

 CHARGE NORMALIZATION FACTOR   1.00000000
 TOTAL ATOMIC CHARGES:
   6.0000000   6.0000000   6.0000000   6.0000000   6.0000000   6.0000000
   6.0000000   6.0000000   6.0000000   6.0000000   6.0000000   6.0000000
   6.0000000   6.0000000   6.0000000   6.0000000   6.0000000   6.0000000
   6.0000000   6.0000000   6.0000000   6.0000000   6.0000000   6.0000000
   6.0000000   6.0000000   6.0000000   6.0000000   6.0000000   6.0000000
   6.0000000   6.0000000   6.0000000   6.0000000   6.0000000   6.0000000
   6.0000000   6.0000000   6.0000000   6.0000000   6.0000000   6.0000000
   6.0000000   6.0000000   6.0000000   6.0000000   6.0000000   6.0000000
   6.0000000   6.0000000   6.0000000   6.0000000   6.0000000   6.0000000
   6.0000000   6.0000000   6.0000000   6.0000000   6.0000000   6.0000000
   6.0000000   6.0000000   6.0000000   6.0000000   6.0000000   6.0000000
   6.0000000   6.0000000   6.0000000   6.0000000   6.0000000   6.0000000
 SUMMED SPIN DENSITY           0.00000000
 TOTAL ATOMIC SPINS  :
   0.0000000   0.0000000   0.0000000   0.0000000   0.0000000   0.0000000
   0.0000000   0.0000000   0.0000000   0.0000000   0.0000000   0.0000000
   0.0000000   0.0000000   0.0000000   0.0000000   0.0000000   0.0000000
   0.0000000   0.0000000   0.0000000   0.0000000   0.0000000   0.0000000
   0.0000000   0.0000000   0.0000000   0.0000000   0.0000000   0.0000000
   0.0000000   0.0000000   0.0000000   0.0000000   0.0000000   0.0000000
   0.0000000   0.0000000   0.0000000   0.0000000   0.0000000   0.0000000
   0.0000000   0.0000000   0.0000000   0.0000000   0.0000000   0.0000000
   0.0000000   0.0000000   0.0000000   0.0000000   0.0000000   0.0000000
   0.0000000   0.0000000   0.0000000   0.0000000   0.0000000   0.0000000
   0.0000000   0.0000000   0.0000000   0.0000000   0.0000000   0.0000000
   0.0000000   0.0000000   0.0000000   0.0000000   0.0000000   0.0000000
 TTTTTTTTTTTTTTTTTTTTTTTTTTTTTT MOQGAD      TELAPSE        2.16 TCPU        1.35
 TTTTTTTTTTTTTTTTTTTTTTTTTTTTTT SHELLXN     TELAPSE        7.79 TCPU        6.98
 TTTTTTTTTTTTTTTTTTTTTTTTTTTTTT MONMO3      TELAPSE        7.85 TCPU        7.03
 NUMERICALLY INTEGRATED DENSITY    216.0001544292    216.0001544292
 TTTTTTTTTTTTTTTTTTTTTTTTTTTTTT NUMDFT      TELAPSE        8.31 TCPU        7.49
 CYC   0 ETOT(AU) -2.763658269636E+03 DETOT -2.76E+03 tst  0.00E+00 PX  1.00E+00
 TTTTTTTTTTTTTTTTTTTTTTTTTTTTTT DIIS        TELAPSE        8.40 TCPU        7.59
 TTTTTTTTTTTTTTTTTTTTTTTTTTTTTT FDIK        TELAPSE       15.86 TCPU       15.05
 POSSIBLY CONDUCTING STATE - EFERMI(AU) -1.6081038E-01 (RES. CHARGE  1.14E-13;IT. 10)
 TTTTTTTTTTTTTTTTTTTTTTTTTTTTTT PDIG        TELAPSE       16.26 TCPU       15.45
 CHARGE NORMALIZATION FACTOR   1.00000000
 TOTAL ATOMIC CHARGES:
   6.0826399   6.0826399   6.0826399   6.0826399   6.0826399   6.0826399
   6.0826399   6.0826399   6.0826399   6.0826399   6.0826399   6.0826399
   6.0826399   6.0826399   6.0826399   6.0826399   6.0826399   6.0826399
   6.0826399   6.0826399   6.0826399   6.0826399   6.0826399   6.0826399
   6.0010878   6.0010878   6.0010878   6.0010878   6.0010878   6.0010878
   6.0010878   6.0010878   6.0010878   6.0010878   6.0010878   6.0010878
   6.0010878   6.0010878   6.0010878   6.0010878   6.0010878   6.0010878
   6.0010878   6.0010878   6.0010878   6.0010878   6.0010878   6.0010878
   5.9162724   5.9162724   5.9162724   5.9162724   5.9162724   5.9162724
   5.9162724   5.9162724   5.9162724   5.9162724   5.9162724   5.9162724
   5.9162724   5.9162724   5.9162724   5.9162724   5.9162724   5.9162724
   5.9162724   5.9162724   5.9162724   5.9162724   5.9162724   5.9162724
 SUMMED SPIN DENSITY          -0.00000000
 TOTAL ATOMIC SPINS  :
  -0.0000000  -0.0000000  -0.0000000  -0.0000000  -0.0000000  -0.0000000
  -0.0000000  -0.0000000  -0.0000000  -0.0000000  -0.0000000  -0.0000000
  -0.0000000  -0.0000000  -0.0000000  -0.0000000  -0.0000000  -0.0000000
  -0.0000000  -0.0000000  -0.0000000  -0.0000000  -0.0000000  -0.0000000
  -0.0000000  -0.0000000  -0.0000000  -0.0000000  -0.0000000  -0.0000000
  -0.0000000  -0.0000000  -0.0000000  -0.0000000  -0.0000000  -0.0000000
  -0.0000000  -0.0000000  -0.0000000  -0.0000000  -0.0000000  -0.0000000
  -0.0000000  -0.0000000  -0.0000000  -0.0000000  -0.0000000  -0.0000000
   0.0000000   0.0000000   0.0000000   0.0000000   0.0000000   0.0000000
   0.0000000   0.0000000   0.0000000   0.0000000   0.0000000   0.0000000
   0.0000000   0.0000000   0.0000000   0.0000000   0.0000000   0.0000000
   0.0000000   0.0000000   0.0000000   0.0000000   0.0000000   0.0000000
 TTTTTTTTTTTTTTTTTTTTTTTTTTTTTT MOQGAD      TELAPSE       16.29 TCPU       15.47
 TTTTTTTTTTTTTTTTTTTTTTTTTTTTTT SHELLXN     TELAPSE       22.24 TCPU       21.42
 TTTTTTTTTTTTTTTTTTTTTTTTTTTTTT MONMO3      TELAPSE       22.30 TCPU       21.47
 NUMERICALLY INTEGRATED DENSITY    216.0000895911    216.0000895911
 TTTTTTTTTTTTTTTTTTTTTTTTTTTTTT NUMDFT      TELAPSE       22.75 TCPU       21.92
 CYC   1 ETOT(AU) -2.740763014919E+03 DETOT  2.29E+01 tst  0.00E+00 PX  1.00E+00
 TTTTTTTTTTTTTTTTTTTTTTTTTTTTTT DIIS        TELAPSE       22.84 TCPU       22.02
 DIIS TEST: 0.84358E+01 AT SCF   CYCLE   1 - MIX   30 %
 TTTTTTTTTTTTTTTTTTTTTTTTTTTTTT FDIK        TELAPSE       25.52 TCPU       24.69
 POSSIBLY CONDUCTING STATE - EFERMI(AU) -1.0745985E-01 (RES. CHARGE  2.84E-13;IT. 10)
 TTTTTTTTTTTTTTTTTTTTTTTTTTTTTT PDIG        TELAPSE       25.91 TCPU       25.08
 CHARGE NORMALIZATION FACTOR   1.00000000
 TOTAL ATOMIC CHARGES:
   5.8548350   5.8548350   5.8548350   5.8548350   5.8548350   5.8548350
   5.8548350   5.8548350   5.8548350   5.8548350   5.8548350   5.8548350
   5.8548350   5.8548350   5.8548350   5.8548350   5.8548350   5.8548350
   5.8548350   5.8548350   5.8548350   5.8548350   5.8548350   5.8548350
   5.9924080   5.9924080   5.9924080   5.9924080   5.9924080   5.9924080
   5.9924080   5.9924080   5.9924080   5.9924080   5.9924080   5.9924080
   5.9924080   5.9924080   5.9924080   5.9924080   5.9924080   5.9924080
   5.9924080   5.9924080   5.9924080   5.9924080   5.9924080   5.9924080
   6.1527570   6.1527570   6.1527570   6.1527570   6.1527570   6.1527570
   6.1527570   6.1527570   6.1527570   6.1527570   6.1527570   6.1527570
   6.1527570   6.1527570   6.1527570   6.1527570   6.1527570   6.1527570
   6.1527570   6.1527570   6.1527570   6.1527570   6.1527570   6.1527570
 SUMMED SPIN DENSITY           0.00000000
 TOTAL ATOMIC SPINS  :
   0.0000000   0.0000000   0.0000000   0.0000000   0.0000000   0.0000000
   0.0000000   0.0000000   0.0000000   0.0000000   0.0000000   0.0000000
   0.0000000   0.0000000   0.0000000   0.0000000   0.0000000   0.0000000
   0.0000000   0.0000000   0.0000000   0.0000000   0.0000000   0.0000000
  -0.0000000  -0.0000000  -0.0000000  -0.0000000  -0.0000000  -0.0000000
  -0.0000000  -0.0000000  -0.0000000  -0.0000000  -0.0000000  -0.0000000
  -0.0000000  -0.0000000  -0.0000000  -0.0000000  -0.0000000  -0.0000000
  -0.0000000  -0.0000000  -0.0000000  -0.0000000  -0.0000000  -0.0000000
  -0.0000000  -0.0000000  -0.0000000  -0.0000000  -0.0000000  -0.0000000
  -0.0000000  -0.0000000  -0.0000000  -0.0000000  -0.0000000  -0.0000000
  -0.0000000  -0.0000000  -0.0000000  -0.0000000  -0.0000000  -0.0000000
  -0.0000000  -0.0000000  -0.0000000  -0.0000000  -0.0000000  -0.0000000
 TTTTTTTTTTTTTTTTTTTTTTTTTTTTTT MOQGAD      TELAPSE       25.93 TCPU       25.10
 TTTTTTTTTTTTTTTTTTTTTTTTTTTTTT SHELLXN     TELAPSE       31.91 TCPU       31.06
 TTTTTTTTTTTTTTTTTTTTTTTTTTTTTT MONMO3      TELAPSE       31.96 TCPU       31.12
 NUMERICALLY INTEGRATED DENSITY    216.0001035541    216.0001035541
 TTTTTTTTTTTTTTTTTTTTTTTTTTTTTT NUMDFT      TELAPSE       32.40 TCPU       31.56
 CYC   2 ETOT(AU) -2.740746045965E+03 DETOT  1.70E-02 tst  9.80E-03 PX  9.15E-02
 TTTTTTTTTTTTTTTTTTTTTTTTTTTTTT DIIS        TELAPSE       32.50 TCPU       31.65
 DIIS TEST: 0.15183E+02 AT SCF   CYCLE   2 - DIIS ACTIVE - HISTORY:     2 CYCLES
 TTTTTTTTTTTTTTTTTTTTTTTTTTTTTT FDIK        TELAPSE       35.11 TCPU       34.27
 POSSIBLY CONDUCTING STATE - EFERMI(AU) -8.3351498E-02 (RES. CHARGE  3.47E-11;IT. 10)
 TTTTTTTTTTTTTTTTTTTTTTTTTTTTTT PDIG        TELAPSE       35.51 TCPU       34.66
 CHARGE NORMALIZATION FACTOR   1.00000000
 TOTAL ATOMIC CHARGES:
   6.0161454   6.0161454   6.0161454   6.0161454   6.0161454   6.0161454
   6.0161454   6.0161454   6.0161454   6.0161454   6.0161454   6.0161454
   6.0161454   6.0161454   6.0161454   6.0161454   6.0161454   6.0161454
   6.0161454   6.0161454   6.0161454   6.0161454   6.0161454   6.0161454
   5.9750309   5.9750309   5.9750309   5.9750309   5.9750309   5.9750309
   5.9750309   5.9750309   5.9750309   5.9750309   5.9750309   5.9750309
   5.9750309   5.9750309   5.9750309   5.9750309   5.9750309   5.9750309
   5.9750309   5.9750309   5.9750309   5.9750309   5.9750309   5.9750309
   6.0088237   6.0088237   6.0088237   6.0088237   6.0088237   6.0088237
   6.0088237   6.0088237   6.0088237   6.0088237   6.0088237   6.0088237
   6.0088237   6.0088237   6.0088237   6.0088237   6.0088237   6.0088237
   6.0088237   6.0088237   6.0088237   6.0088237   6.0088237   6.0088237
 SUMMED SPIN DENSITY          -0.00000000
 TOTAL ATOMIC SPINS  :
   0.0000000   0.0000000   0.0000000   0.0000000   0.0000000   0.0000000
   0.0000000   0.0000000   0.0000000   0.0000000   0.0000000   0.0000000
   0.0000000   0.0000000   0.0000000   0.0000000   0.0000000   0.0000000
   0.0000000   0.0000000   0.0000000   0.0000000   0.0000000   0.0000000
  -0.0000000  -0.0000000  -0.0000000  -0.0000000  -0.0000000  -0.0000000
  -0.0000000  -0.0000000  -0.0000000  -0.0000000  -0.0000000  -0.0000000
  -0.0000000  -0.0000000  -0.0000000  -0.0000000  -0.0000000  -0.0000000
  -0.0000000  -0.0000000  -0.0000000  -0.0000000  -0.0000000  -0.0000000
  -0.0000000  -0.0000000  -0.0000000  -0.0000000  -0.0000000  -0.0000000
  -0.0000000  -0.0000000  -0.0000000  -0.0000000  -0.0000000  -0.0000000
  -0.0000000  -0.0000000  -0.0000000  -0.0000000  -0.0000000  -0.0000000
  -0.0000000  -0.0000000  -0.0000000  -0.0000000  -0.0000000  -0.0000000
 TTTTTTTTTTTTTTTTTTTTTTTTTTTTTT MOQGAD      TELAPSE       35.53 TCPU       34.68
 TTTTTTTTTTTTTTTTTTTTTTTTTTTTTT SHELLXN     TELAPSE       41.51 TCPU       40.65
 TTTTTTTTTTTTTTTTTTTTTTTTTTTTTT MONMO3      TELAPSE       41.57 TCPU       40.71
 NUMERICALLY INTEGRATED DENSITY    216.0001055990    216.0001055990
 TTTTTTTTTTTTTTTTTTTTTTTTTTTTTT NUMDFT      TELAPSE       42.01 TCPU       41.15
 CYC   3 ETOT(AU) -2.741070045265E+03 DETOT -3.24E-01 tst  3.61E-03 PX  5.25E-02
 TTTTTTTTTTTTTTTTTTTTTTTTTTTTTT DIIS        TELAPSE       42.10 TCPU       41.24
 DIIS TEST: 0.37169E+00 AT SCF   CYCLE   3 - DIIS ACTIVE - HISTORY:     3 CYCLES
 TTTTTTTTTTTTTTTTTTTTTTTTTTTTTT FDIK        TELAPSE       44.89 TCPU       44.02
 POSSIBLY CONDUCTING STATE - EFERMI(AU) -9.7468915E-02 (RES. CHARGE  1.59E-12;IT. 14)
 TTTTTTTTTTTTTTTTTTTTTTTTTTTTTT PDIG        TELAPSE       45.29 TCPU       44.43
 CHARGE NORMALIZATION FACTOR   1.00000000
 TOTAL ATOMIC CHARGES:
   5.9930526   5.9930526   5.9930526   5.9930526   5.9930526   5.9930526
   5.9930526   5.9930526   5.9930526   5.9930526   5.9930526   5.9930526
   5.9930526   5.9930526   5.9930526   5.9930526   5.9930526   5.9930526
   5.9930526   5.9930526   5.9930526   5.9930526   5.9930526   5.9930526
   6.0015408   6.0015408   6.0015408   6.0015408   6.0015408   6.0015408
   6.0015408   6.0015408   6.0015408   6.0015408   6.0015408   6.0015408
   6.0015408   6.0015408   6.0015408   6.0015408   6.0015408   6.0015408
   6.0015408   6.0015408   6.0015408   6.0015408   6.0015408   6.0015408
   6.0054066   6.0054066   6.0054066   6.0054066   6.0054066   6.0054066
   6.0054066   6.0054066   6.0054066   6.0054066   6.0054066   6.0054066
   6.0054066   6.0054066   6.0054066   6.0054066   6.0054066   6.0054066
   6.0054066   6.0054066   6.0054066   6.0054066   6.0054066   6.0054066
 SUMMED SPIN DENSITY          -0.00000000
 TOTAL ATOMIC SPINS  :
   0.0000000   0.0000000   0.0000000   0.0000000   0.0000000   0.0000000
   0.0000000   0.0000000   0.0000000   0.0000000   0.0000000   0.0000000
   0.0000000   0.0000000   0.0000000   0.0000000   0.0000000   0.0000000
   0.0000000   0.0000000   0.0000000   0.0000000   0.0000000   0.0000000
   0.0000000   0.0000000   0.0000000   0.0000000   0.0000000   0.0000000
   0.0000000   0.0000000   0.0000000   0.0000000   0.0000000   0.0000000
   0.0000000   0.0000000   0.0000000   0.0000000   0.0000000   0.0000000
   0.0000000   0.0000000   0.0000000   0.0000000   0.0000000   0.0000000
  -0.0000000  -0.0000000  -0.0000000  -0.0000000  -0.0000000  -0.0000000
  -0.0000000  -0.0000000  -0.0000000  -0.0000000  -0.0000000  -0.0000000
  -0.0000000  -0.0000000  -0.0000000  -0.0000000  -0.0000000  -0.0000000
  -0.0000000  -0.0000000  -0.0000000  -0.0000000  -0.0000000  -0.0000000
 TTTTTTTTTTTTTTTTTTTTTTTTTTTTTT MOQGAD      TELAPSE       45.31 TCPU       44.45
 TTTTTTTTTTTTTTTTTTTTTTTTTTTTTT SHELLXN     TELAPSE       51.29 TCPU       50.41
 TTTTTTTTTTTTTTTTTTTTTTTTTTTTTT MONMO3      TELAPSE       51.34 TCPU       50.47
 NUMERICALLY INTEGRATED DENSITY    216.0001018228    216.0001018228
 TTTTTTTTTTTTTTTTTTTTTTTTTTTTTT NUMDFT      TELAPSE       51.79 TCPU       50.91
 CYC   4 ETOT(AU) -2.741081160118E+03 DETOT -1.11E-02 tst  5.68E-05 PX  2.89E-02
 TTTTTTTTTTTTTTTTTTTTTTTTTTTTTT DIIS        TELAPSE       51.88 TCPU       51.00
 DIIS TEST: 0.60101E-01 AT SCF   CYCLE   4 - DIIS ACTIVE - HISTORY:     4 CYCLES
 TTTTTTTTTTTTTTTTTTTTTTTTTTTTTT FDIK        TELAPSE       54.20 TCPU       53.32
 POSSIBLY CONDUCTING STATE - EFERMI(AU) -9.6941644E-02 (RES. CHARGE  1.25E-12;IT. 10)
 TTTTTTTTTTTTTTTTTTTTTTTTTTTTTT PDIG        TELAPSE       54.60 TCPU       53.72
 CHARGE NORMALIZATION FACTOR   1.00000000
 TOTAL ATOMIC CHARGES:
   6.0004157   6.0004157   6.0004157   6.0004157   6.0004157   6.0004157
   6.0004157   6.0004157   6.0004157   6.0004157   6.0004157   6.0004157
   6.0004157   6.0004157   6.0004157   6.0004157   6.0004157   6.0004157
   6.0004157   6.0004157   6.0004157   6.0004157   6.0004157   6.0004157
   5.9804385   5.9804385   5.9804385   5.9804385   5.9804385   5.9804385
   5.9804385   5.9804385   5.9804385   5.9804385   5.9804385   5.9804385
   5.9804385   5.9804385   5.9804385   5.9804385   5.9804385   5.9804385
   5.9804385   5.9804385   5.9804385   5.9804385   5.9804385   5.9804385
   6.0191458   6.0191458   6.0191458   6.0191458   6.0191458   6.0191458
   6.0191458   6.0191458   6.0191458   6.0191458   6.0191458   6.0191458
   6.0191458   6.0191458   6.0191458   6.0191458   6.0191458   6.0191458
   6.0191458   6.0191458   6.0191458   6.0191458   6.0191458   6.0191458
 SUMMED SPIN DENSITY           0.00000000
 TOTAL ATOMIC SPINS  :
   0.0000000   0.0000000   0.0000000   0.0000000   0.0000000   0.0000000
   0.0000000   0.0000000   0.0000000   0.0000000   0.0000000   0.0000000
   0.0000000   0.0000000   0.0000000   0.0000000   0.0000000   0.0000000
   0.0000000   0.0000000   0.0000000   0.0000000   0.0000000   0.0000000
  -0.0000000  -0.0000000  -0.0000000  -0.0000000  -0.0000000  -0.0000000
  -0.0000000  -0.0000000  -0.0000000  -0.0000000  -0.0000000  -0.0000000
  -0.0000000  -0.0000000  -0.0000000  -0.0000000  -0.0000000  -0.0000000
  -0.0000000  -0.0000000  -0.0000000  -0.0000000  -0.0000000  -0.0000000
  -0.0000000  -0.0000000  -0.0000000  -0.0000000  -0.0000000  -0.0000000
  -0.0000000  -0.0000000  -0.0000000  -0.0000000  -0.0000000  -0.0000000
  -0.0000000  -0.0000000  -0.0000000  -0.0000000  -0.0000000  -0.0000000
  -0.0000000  -0.0000000  -0.0000000  -0.0000000  -0.0000000  -0.0000000
 TTTTTTTTTTTTTTTTTTTTTTTTTTTTTT MOQGAD      TELAPSE       54.62 TCPU       53.74
 TTTTTTTTTTTTTTTTTTTTTTTTTTTTTT SHELLXN     TELAPSE       60.57 TCPU       59.68
 TTTTTTTTTTTTTTTTTTTTTTTTTTTTTT MONMO3      TELAPSE       60.63 TCPU       59.74
 NUMERICALLY INTEGRATED DENSITY    216.0001019744    216.0001019744
 TTTTTTTTTTTTTTTTTTTTTTTTTTTTTT NUMDFT      TELAPSE       61.08 TCPU       60.18
 CYC   5 ETOT(AU) -2.741082130487E+03 DETOT -9.70E-04 tst  5.42E-06 PX  4.09E-03
 TTTTTTTTTTTTTTTTTTTTTTTTTTTTTT DIIS        TELAPSE       61.17 TCPU       60.27
 DIIS TEST: 0.16708E-01 AT SCF   CYCLE   5 - DIIS ACTIVE - HISTORY:     5 CYCLES
 TTTTTTTTTTTTTTTTTTTTTTTTTTTTTT FDIK        TELAPSE       63.79 TCPU       62.89
 POSSIBLY CONDUCTING STATE - EFERMI(AU) -9.6132083E-02 (RES. CHARGE  2.39E-12;IT. 10)
 TTTTTTTTTTTTTTTTTTTTTTTTTTTTTT PDIG        TELAPSE       64.20 TCPU       63.30
 CHARGE NORMALIZATION FACTOR   1.00000000
 TOTAL ATOMIC CHARGES:
   5.9993860   5.9993860   5.9993860   5.9993860   5.9993860   5.9993860
   5.9993860   5.9993860   5.9993860   5.9993860   5.9993860   5.9993860
   5.9993860   5.9993860   5.9993860   5.9993860   5.9993860   5.9993860
   5.9993860   5.9993860   5.9993860   5.9993860   5.9993860   5.9993860
   5.9893735   5.9893735   5.9893735   5.9893735   5.9893735   5.9893735
   5.9893735   5.9893735   5.9893735   5.9893735   5.9893735   5.9893735
   5.9893735   5.9893735   5.9893735   5.9893735   5.9893735   5.9893735
   5.9893735   5.9893735   5.9893735   5.9893735   5.9893735   5.9893735
   6.0112405   6.0112405   6.0112405   6.0112405   6.0112405   6.0112405
   6.0112405   6.0112405   6.0112405   6.0112405   6.0112405   6.0112405
   6.0112405   6.0112405   6.0112405   6.0112405   6.0112405   6.0112405
   6.0112405   6.0112405   6.0112405   6.0112405   6.0112405   6.0112405
 SUMMED SPIN DENSITY          -0.00000000
 TOTAL ATOMIC SPINS  :
   0.0000000   0.0000000   0.0000000   0.0000000   0.0000000   0.0000000
   0.0000000   0.0000000   0.0000000   0.0000000   0.0000000   0.0000000
   0.0000000   0.0000000   0.0000000   0.0000000   0.0000000   0.0000000
   0.0000000   0.0000000   0.0000000   0.0000000   0.0000000   0.0000000
  -0.0000000  -0.0000000  -0.0000000  -0.0000000  -0.0000000  -0.0000000
  -0.0000000  -0.0000000  -0.0000000  -0.0000000  -0.0000000  -0.0000000
  -0.0000000  -0.0000000  -0.0000000  -0.0000000  -0.0000000  -0.0000000
  -0.0000000  -0.0000000  -0.0000000  -0.0000000  -0.0000000  -0.0000000
   0.0000000   0.0000000   0.0000000   0.0000000   0.0000000   0.0000000
   0.0000000   0.0000000   0.0000000   0.0000000   0.0000000   0.0000000
   0.0000000   0.0000000   0.0000000   0.0000000   0.0000000   0.0000000
   0.0000000   0.0000000   0.0000000   0.0000000   0.0000000   0.0000000
 TTTTTTTTTTTTTTTTTTTTTTTTTTTTTT MOQGAD      TELAPSE       64.22 TCPU       63.32
 TTTTTTTTTTTTTTTTTTTTTTTTTTTTTT SHELLXN     TELAPSE       70.17 TCPU       69.26
 TTTTTTTTTTTTTTTTTTTTTTTTTTTTTT MONMO3      TELAPSE       70.23 TCPU       69.32
 NUMERICALLY INTEGRATED DENSITY    216.0001020649    216.0001020649
 TTTTTTTTTTTTTTTTTTTTTTTTTTTTTT NUMDFT      TELAPSE       70.67 TCPU       69.76
 CYC   6 ETOT(AU) -2.741082527085E+03 DETOT -3.97E-04 tst  1.74E-06 PX  1.79E-03
 TTTTTTTTTTTTTTTTTTTTTTTTTTTTTT DIIS        TELAPSE       70.77 TCPU       69.86
 DIIS TEST: 0.42340E-03 AT SCF   CYCLE   6 - DIIS ACTIVE - HISTORY:     6 CYCLES
 TTTTTTTTTTTTTTTTTTTTTTTTTTTTTT FDIK        TELAPSE       73.49 TCPU       72.58
 POSSIBLY CONDUCTING STATE - EFERMI(AU) -9.6041861E-02 (RES. CHARGE  1.53E-11;IT.  8)
 TTTTTTTTTTTTTTTTTTTTTTTTTTTTTT PDIG        TELAPSE       73.88 TCPU       72.97
 CHARGE NORMALIZATION FACTOR   1.00000000
 TOTAL ATOMIC CHARGES:
   5.9999214   5.9999214   5.9999214   5.9999214   5.9999214   5.9999214
   5.9999214   5.9999214   5.9999214   5.9999214   5.9999214   5.9999214
   5.9999214   5.9999214   5.9999214   5.9999214   5.9999214   5.9999214
   5.9999214   5.9999214   5.9999214   5.9999214   5.9999214   5.9999214
   5.9885774   5.9885774   5.9885774   5.9885774   5.9885774   5.9885774
   5.9885774   5.9885774   5.9885774   5.9885774   5.9885774   5.9885774
   5.9885774   5.9885774   5.9885774   5.9885774   5.9885774   5.9885774
   5.9885774   5.9885774   5.9885774   5.9885774   5.9885774   5.9885774
   6.0115012   6.0115012   6.0115012   6.0115012   6.0115012   6.0115012
   6.0115012   6.0115012   6.0115012   6.0115012   6.0115012   6.0115012
   6.0115012   6.0115012   6.0115012   6.0115012   6.0115012   6.0115012
   6.0115012   6.0115012   6.0115012   6.0115012   6.0115012   6.0115012
 SUMMED SPIN DENSITY          -0.00000000
 TOTAL ATOMIC SPINS  :
   0.0000000   0.0000000   0.0000000   0.0000000   0.0000000   0.0000000
   0.0000000   0.0000000   0.0000000   0.0000000   0.0000000   0.0000000
   0.0000000   0.0000000   0.0000000   0.0000000   0.0000000   0.0000000
   0.0000000   0.0000000   0.0000000   0.0000000   0.0000000   0.0000000
  -0.0000000  -0.0000000  -0.0000000  -0.0000000  -0.0000000  -0.0000000
  -0.0000000  -0.0000000  -0.0000000  -0.0000000  -0.0000000  -0.0000000
  -0.0000000  -0.0000000  -0.0000000  -0.0000000  -0.0000000  -0.0000000
  -0.0000000  -0.0000000  -0.0000000  -0.0000000  -0.0000000  -0.0000000
   0.0000000   0.0000000   0.0000000   0.0000000   0.0000000   0.0000000
   0.0000000   0.0000000   0.0000000   0.0000000   0.0000000   0.0000000
   0.0000000   0.0000000   0.0000000   0.0000000   0.0000000   0.0000000
   0.0000000   0.0000000   0.0000000   0.0000000   0.0000000   0.0000000
 TTTTTTTTTTTTTTTTTTTTTTTTTTTTTT MOQGAD      TELAPSE       73.90 TCPU       72.99
 TTTTTTTTTTTTTTTTTTTTTTTTTTTTTT SHELLXN     TELAPSE       79.86 TCPU       78.93
 TTTTTTTTTTTTTTTTTTTTTTTTTTTTTT MONMO3      TELAPSE       79.91 TCPU       78.98
 NUMERICALLY INTEGRATED DENSITY    216.0001020473    216.0001020473
 TTTTTTTTTTTTTTTTTTTTTTTTTTTTTT NUMDFT      TELAPSE       80.35 TCPU       79.42
 CYC   7 ETOT(AU) -2.741082549928E+03 DETOT -2.28E-05 tst  1.76E-07 PX  3.74E-04
 TTTTTTTTTTTTTTTTTTTTTTTTTTTTTT DIIS        TELAPSE       80.45 TCPU       79.52
 DIIS TEST: 0.21638E-04 AT SCF   CYCLE   7 - DIIS ACTIVE - HISTORY:     7 CYCLES
 TTTTTTTTTTTTTTTTTTTTTTTTTTTTTT FDIK        TELAPSE       83.03 TCPU       82.10
 POSSIBLY CONDUCTING STATE - EFERMI(AU) -9.6020823E-02 (RES. CHARGE  1.66E-10;IT.  6)
 TTTTTTTTTTTTTTTTTTTTTTTTTTTTTT PDIG        TELAPSE       83.43 TCPU       82.49
 CHARGE NORMALIZATION FACTOR   1.00000000
 TOTAL ATOMIC CHARGES:
   5.9998797   5.9998797   5.9998797   5.9998797   5.9998797   5.9998797
   5.9998797   5.9998797   5.9998797   5.9998797   5.9998797   5.9998797
   5.9998797   5.9998797   5.9998797   5.9998797   5.9998797   5.9998797
   5.9998797   5.9998797   5.9998797   5.9998797   5.9998797   5.9998797
   5.9887971   5.9887971   5.9887971   5.9887971   5.9887971   5.9887971
   5.9887971   5.9887971   5.9887971   5.9887971   5.9887971   5.9887971
   5.9887971   5.9887971   5.9887971   5.9887971   5.9887971   5.9887971
   5.9887971   5.9887971   5.9887971   5.9887971   5.9887971   5.9887971
   6.0113232   6.0113232   6.0113232   6.0113232   6.0113232   6.0113232
   6.0113232   6.0113232   6.0113232   6.0113232   6.0113232   6.0113232
   6.0113232   6.0113232   6.0113232   6.0113232   6.0113232   6.0113232
   6.0113232   6.0113232   6.0113232   6.0113232   6.0113232   6.0113232
 SUMMED SPIN DENSITY           0.00000000
 TOTAL ATOMIC SPINS  :
   0.0000000   0.0000000   0.0000000   0.0000000   0.0000000   0.0000000
   0.0000000   0.0000000   0.0000000   0.0000000   0.0000000   0.0000000
   0.0000000   0.0000000   0.0000000   0.0000000   0.0000000   0.0000000
   0.0000000   0.0000000   0.0000000   0.0000000   0.0000000   0.0000000
  -0.0000000  -0.0000000  -0.0000000  -0.0000000  -0.0000000  -0.0000000
  -0.0000000  -0.0000000  -0.0000000  -0.0000000  -0.0000000  -0.0000000
  -0.0000000  -0.0000000  -0.0000000  -0.0000000  -0.0000000  -0.0000000
  -0.0000000  -0.0000000  -0.0000000  -0.0000000  -0.0000000  -0.0000000
   0.0000000   0.0000000   0.0000000   0.0000000   0.0000000   0.0000000
   0.0000000   0.0000000   0.0000000   0.0000000   0.0000000   0.0000000
   0.0000000   0.0000000   0.0000000   0.0000000   0.0000000   0.0000000
   0.0000000   0.0000000   0.0000000   0.0000000   0.0000000   0.0000000
 TTTTTTTTTTTTTTTTTTTTTTTTTTTTTT MOQGAD      TELAPSE       83.45 TCPU       82.51
 TTTTTTTTTTTTTTTTTTTTTTTTTTTTTT SHELLXN     TELAPSE       89.40 TCPU       88.45
 TTTTTTTTTTTTTTTTTTTTTTTTTTTTTT MONMO3      TELAPSE       89.46 TCPU       88.51
 NUMERICALLY INTEGRATED DENSITY    216.0001020352    216.0001020352
 TTTTTTTTTTTTTTTTTTTTTTTTTTTTTT NUMDFT      TELAPSE       89.90 TCPU       88.95
 CYC   8 ETOT(AU) -2.741082554444E+03 DETOT -4.52E-06 tst  3.23E-08 PX  1.29E-04
 TTTTTTTTTTTTTTTTTTTTTTTTTTTTTT DIIS        TELAPSE       89.99 TCPU       89.05
 DIIS TEST: 0.51159E-06 AT SCF   CYCLE   8 - DIIS ACTIVE - HISTORY:     8 CYCLES
 TTTTTTTTTTTTTTTTTTTTTTTTTTTTTT FDIK        TELAPSE       92.62 TCPU       91.67
 POSSIBLY CONDUCTING STATE - EFERMI(AU) -9.6008508E-02 (RES. CHARGE  3.09E-11;IT.  6)
 TTTTTTTTTTTTTTTTTTTTTTTTTTTTTT PDIG        TELAPSE       93.02 TCPU       92.07
 CHARGE NORMALIZATION FACTOR   1.00000000
 TOTAL ATOMIC CHARGES:
   5.9999022   5.9999022   5.9999022   5.9999022   5.9999022   5.9999022
   5.9999022   5.9999022   5.9999022   5.9999022   5.9999022   5.9999022
   5.9999022   5.9999022   5.9999022   5.9999022   5.9999022   5.9999022
   5.9999022   5.9999022   5.9999022   5.9999022   5.9999022   5.9999022
   5.9888008   5.9888008   5.9888008   5.9888008   5.9888008   5.9888008
   5.9888008   5.9888008   5.9888008   5.9888008   5.9888008   5.9888008
   5.9888008   5.9888008   5.9888008   5.9888008   5.9888008   5.9888008
   5.9888008   5.9888008   5.9888008   5.9888008   5.9888008   5.9888008
   6.0112970   6.0112970   6.0112970   6.0112970   6.0112970   6.0112970
   6.0112970   6.0112970   6.0112970   6.0112970   6.0112970   6.0112970
   6.0112970   6.0112970   6.0112970   6.0112970   6.0112970   6.0112970
   6.0112970   6.0112970   6.0112970   6.0112970   6.0112970   6.0112970
 SUMMED SPIN DENSITY          -0.00000000
 TOTAL ATOMIC SPINS  :
   0.0000000   0.0000000   0.0000000   0.0000000   0.0000000   0.0000000
   0.0000000   0.0000000   0.0000000   0.0000000   0.0000000   0.0000000
   0.0000000   0.0000000   0.0000000   0.0000000   0.0000000   0.0000000
   0.0000000   0.0000000   0.0000000   0.0000000   0.0000000   0.0000000
  -0.0000000  -0.0000000  -0.0000000  -0.0000000  -0.0000000  -0.0000000
  -0.0000000  -0.0000000  -0.0000000  -0.0000000  -0.0000000  -0.0000000
  -0.0000000  -0.0000000  -0.0000000  -0.0000000  -0.0000000  -0.0000000
  -0.0000000  -0.0000000  -0.0000000  -0.0000000  -0.0000000  -0.0000000
  -0.0000000  -0.0000000  -0.0000000  -0.0000000  -0.0000000  -0.0000000
  -0.0000000  -0.0000000  -0.0000000  -0.0000000  -0.0000000  -0.0000000
  -0.0000000  -0.0000000  -0.0000000  -0.0000000  -0.0000000  -0.0000000
  -0.0000000  -0.0000000  -0.0000000  -0.0000000  -0.0000000  -0.0000000
 TTTTTTTTTTTTTTTTTTTTTTTTTTTTTT MOQGAD      TELAPSE       93.04 TCPU       92.09
 TTTTTTTTTTTTTTTTTTTTTTTTTTTTTT SHELLXN     TELAPSE       99.01 TCPU       98.05
 TTTTTTTTTTTTTTTTTTTTTTTTTTTTTT MONMO3      TELAPSE       99.07 TCPU       98.11
 NUMERICALLY INTEGRATED DENSITY    216.0001020335    216.0001020335
 TTTTTTTTTTTTTTTTTTTTTTTTTTTTTT NUMDFT      TELAPSE       99.52 TCPU       98.56
 CYC   9 ETOT(AU) -2.741082554984E+03 DETOT -5.41E-07 tst  3.13E-09 PX  3.96E-05
 TTTTTTTTTTTTTTTTTTTTTTTTTTTTTT DIIS        TELAPSE       99.61 TCPU       98.65
 DIIS TEST: 0.43762E-07 AT SCF   CYCLE   9 - DIIS ACTIVE - HISTORY:     9 CYCLES
 TTTTTTTTTTTTTTTTTTTTTTTTTTTTTT FDIK        TELAPSE      102.18 TCPU      101.22
 POSSIBLY CONDUCTING STATE - EFERMI(AU) -9.6006779E-02 (RES. CHARGE  0.00E+00;IT.  6)
 TTTTTTTTTTTTTTTTTTTTTTTTTTTTTT PDIG        TELAPSE      102.57 TCPU      101.60
 CHARGE NORMALIZATION FACTOR   1.00000000
 TOTAL ATOMIC CHARGES:
   5.9998954   5.9998954   5.9998954   5.9998954   5.9998954   5.9998954
   5.9998954   5.9998954   5.9998954   5.9998954   5.9998954   5.9998954
   5.9998954   5.9998954   5.9998954   5.9998954   5.9998954   5.9998954
   5.9998954   5.9998954   5.9998954   5.9998954   5.9998954   5.9998954
   5.9888098   5.9888098   5.9888098   5.9888098   5.9888098   5.9888098
   5.9888098   5.9888098   5.9888098   5.9888098   5.9888098   5.9888098
   5.9888098   5.9888098   5.9888098   5.9888098   5.9888098   5.9888098
   5.9888098   5.9888098   5.9888098   5.9888098   5.9888098   5.9888098
   6.0112948   6.0112948   6.0112948   6.0112948   6.0112948   6.0112948
   6.0112948   6.0112948   6.0112948   6.0112948   6.0112948   6.0112948
   6.0112948   6.0112948   6.0112948   6.0112948   6.0112948   6.0112948
   6.0112948   6.0112948   6.0112948   6.0112948   6.0112948   6.0112948
 SUMMED SPIN DENSITY          -0.00000000
 TOTAL ATOMIC SPINS  :
  -0.0000000  -0.0000000  -0.0000000  -0.0000000  -0.0000000  -0.0000000
  -0.0000000  -0.0000000  -0.0000000  -0.0000000  -0.0000000  -0.0000000
  -0.0000000  -0.0000000  -0.0000000  -0.0000000  -0.0000000  -0.0000000
  -0.0000000  -0.0000000  -0.0000000  -0.0000000  -0.0000000  -0.0000000
   0.0000000   0.0000000   0.0000000   0.0000000   0.0000000   0.0000000
   0.0000000   0.0000000   0.0000000   0.0000000   0.0000000   0.0000000
   0.0000000   0.0000000   0.0000000   0.0000000   0.0000000   0.0000000
   0.0000000   0.0000000   0.0000000   0.0000000   0.0000000   0.0000000
  -0.0000000  -0.0000000  -0.0000000  -0.0000000  -0.0000000  -0.0000000
  -0.0000000  -0.0000000  -0.0000000  -0.0000000  -0.0000000  -0.0000000
  -0.0000000  -0.0000000  -0.0000000  -0.0000000  -0.0000000  -0.0000000
  -0.0000000  -0.0000000  -0.0000000  -0.0000000  -0.0000000  -0.0000000
 TTTTTTTTTTTTTTTTTTTTTTTTTTTTTT MOQGAD      TELAPSE      102.59 TCPU      101.62
 TTTTTTTTTTTTTTTTTTTTTTTTTTTTTT SHELLXN     TELAPSE      108.53 TCPU      107.55
 TTTTTTTTTTTTTTTTTTTTTTTTTTTTTT MONMO3      TELAPSE      108.58 TCPU      107.61
 NUMERICALLY INTEGRATED DENSITY    216.0001020330    216.0001020330
 TTTTTTTTTTTTTTTTTTTTTTTTTTTTTT NUMDFT      TELAPSE      109.02 TCPU      108.05
 CYC  10 ETOT(AU) -2.741082555121E+03 DETOT -1.36E-07 tst  1.72E-10 PX  1.08E-05
 TTTTTTTTTTTTTTTTTTTTTTTTTTTTTT DIIS        TELAPSE      109.12 TCPU      108.14
 DIIS TEST: 0.16626E-08 AT SCF   CYCLE  10 - DIIS ACTIVE - HISTORY:    10 CYCLES
 TTTTTTTTTTTTTTTTTTTTTTTTTTTTTT FDIK        TELAPSE      111.03 TCPU      110.05
 POSSIBLY CONDUCTING STATE - EFERMI(AU) -9.6006709E-02 (RES. CHARGE  1.53E-11;IT.  4)
 TTTTTTTTTTTTTTTTTTTTTTTTTTTTTT PDIG        TELAPSE      111.42 TCPU      110.28
 CHARGE NORMALIZATION FACTOR   1.00000000
 TOTAL ATOMIC CHARGES:
   5.9998956   5.9998956   5.9998956   5.9998956   5.9998956   5.9998956
   5.9998956   5.9998956   5.9998956   5.9998956   5.9998956   5.9998956
   5.9998956   5.9998956   5.9998956   5.9998956   5.9998956   5.9998956
   5.9998956   5.9998956   5.9998956   5.9998956   5.9998956   5.9998956
   5.9888081   5.9888081   5.9888081   5.9888081   5.9888081   5.9888081
   5.9888081   5.9888081   5.9888081   5.9888081   5.9888081   5.9888081
   5.9888081   5.9888081   5.9888081   5.9888081   5.9888081   5.9888081
   5.9888081   5.9888081   5.9888081   5.9888081   5.9888081   5.9888081
   6.0112962   6.0112962   6.0112962   6.0112962   6.0112962   6.0112962
   6.0112962   6.0112962   6.0112962   6.0112962   6.0112962   6.0112962
   6.0112962   6.0112962   6.0112962   6.0112962   6.0112962   6.0112962
   6.0112962   6.0112962   6.0112962   6.0112962   6.0112962   6.0112962
 SUMMED SPIN DENSITY          -0.00000000
 TOTAL ATOMIC SPINS  :
  -0.0000000  -0.0000000  -0.0000000  -0.0000000  -0.0000000  -0.0000000
  -0.0000000  -0.0000000  -0.0000000  -0.0000000  -0.0000000  -0.0000000
  -0.0000000  -0.0000000  -0.0000000  -0.0000000  -0.0000000  -0.0000000
  -0.0000000  -0.0000000  -0.0000000  -0.0000000  -0.0000000  -0.0000000
   0.0000000   0.0000000   0.0000000   0.0000000   0.0000000   0.0000000
   0.0000000   0.0000000   0.0000000   0.0000000   0.0000000   0.0000000
   0.0000000   0.0000000   0.0000000   0.0000000   0.0000000   0.0000000
   0.0000000   0.0000000   0.0000000   0.0000000   0.0000000   0.0000000
  -0.0000000  -0.0000000  -0.0000000  -0.0000000  -0.0000000  -0.0000000
  -0.0000000  -0.0000000  -0.0000000  -0.0000000  -0.0000000  -0.0000000
  -0.0000000  -0.0000000  -0.0000000  -0.0000000  -0.0000000  -0.0000000
  -0.0000000  -0.0000000  -0.0000000  -0.0000000  -0.0000000  -0.0000000
 TTTTTTTTTTTTTTTTTTTTTTTTTTTTTT MOQGAD      TELAPSE      111.44 TCPU      110.30
 TTTTTTTTTTTTTTTTTTTTTTTTTTTTTT SHELLXN     TELAPSE      117.40 TCPU      116.24
 TTTTTTTTTTTTTTTTTTTTTTTTTTTTTT MONMO3      TELAPSE      117.46 TCPU      116.30
 NUMERICALLY INTEGRATED DENSITY    216.0001020330    216.0001020330
 TTTTTTTTTTTTTTTTTTTTTTTTTTTTTT NUMDFT      TELAPSE      117.91 TCPU      116.74
 CYC  11 ETOT(AU) -2.741082555120E+03 DETOT  1.12E-09 tst  3.70E-12 PX  1.23E-06
 TTTTTTTTTTTTTTTTTTTTTTTTTTTTTT DIIS        TELAPSE      118.00 TCPU      116.83
 DIIS TEST: 0.17739E-09 AT SCF   CYCLE  11 - DIIS ACTIVE - HISTORY:    11 CYCLES
 TTTTTTTTTTTTTTTTTTTTTTTTTTTTTT FDIK        TELAPSE      119.90 TCPU      118.72
 POSSIBLY CONDUCTING STATE - EFERMI(AU) -9.6006717E-02 (RES. CHARGE  1.14E-12;IT.  4)
 TTTTTTTTTTTTTTTTTTTTTTTTTTTTTT PDIG        TELAPSE      120.29 TCPU      119.11
 CHARGE NORMALIZATION FACTOR   1.00000000
 TOTAL ATOMIC CHARGES:
   5.9998955   5.9998955   5.9998955   5.9998955   5.9998955   5.9998955
   5.9998955   5.9998955   5.9998955   5.9998955   5.9998955   5.9998955
   5.9998955   5.9998955   5.9998955   5.9998955   5.9998955   5.9998955
   5.9998955   5.9998955   5.9998955   5.9998955   5.9998955   5.9998955
   5.9888080   5.9888080   5.9888080   5.9888080   5.9888080   5.9888080
   5.9888080   5.9888080   5.9888080   5.9888080   5.9888080   5.9888080
   5.9888080   5.9888080   5.9888080   5.9888080   5.9888080   5.9888080
   5.9888080   5.9888080   5.9888080   5.9888080   5.9888080   5.9888080
   6.0112965   6.0112965   6.0112965   6.0112965   6.0112965   6.0112965
   6.0112965   6.0112965   6.0112965   6.0112965   6.0112965   6.0112965
   6.0112965   6.0112965   6.0112965   6.0112965   6.0112965   6.0112965
   6.0112965   6.0112965   6.0112965   6.0112965   6.0112965   6.0112965
 SUMMED SPIN DENSITY          -0.00000000
 TOTAL ATOMIC SPINS  :
  -0.0000000  -0.0000000  -0.0000000  -0.0000000  -0.0000000  -0.0000000
  -0.0000000  -0.0000000  -0.0000000  -0.0000000  -0.0000000  -0.0000000
  -0.0000000  -0.0000000  -0.0000000  -0.0000000  -0.0000000  -0.0000000
  -0.0000000  -0.0000000  -0.0000000  -0.0000000  -0.0000000  -0.0000000
   0.0000000   0.0000000   0.0000000   0.0000000   0.0000000   0.0000000
   0.0000000   0.0000000   0.0000000   0.0000000   0.0000000   0.0000000
   0.0000000   0.0000000   0.0000000   0.0000000   0.0000000   0.0000000
   0.0000000   0.0000000   0.0000000   0.0000000   0.0000000   0.0000000
  -0.0000000  -0.0000000  -0.0000000  -0.0000000  -0.0000000  -0.0000000
  -0.0000000  -0.0000000  -0.0000000  -0.0000000  -0.0000000  -0.0000000
  -0.0000000  -0.0000000  -0.0000000  -0.0000000  -0.0000000  -0.0000000
  -0.0000000  -0.0000000  -0.0000000  -0.0000000  -0.0000000  -0.0000000
 TTTTTTTTTTTTTTTTTTTTTTTTTTTTTT MOQGAD      TELAPSE      120.31 TCPU      119.13
 TTTTTTTTTTTTTTTTTTTTTTTTTTTTTT SHELLXN     TELAPSE      126.27 TCPU      125.07
 TTTTTTTTTTTTTTTTTTTTTTTTTTTTTT MONMO3      TELAPSE      126.33 TCPU      125.13
 NUMERICALLY INTEGRATED DENSITY    216.0001020330    216.0001020330
 TTTTTTTTTTTTTTTTTTTTTTTTTTTTTT NUMDFT      TELAPSE      126.77 TCPU      125.57
 CYC  12 ETOT(AU) -2.741082555119E+03 DETOT  6.66E-10 tst  8.45E-14 PX  2.27E-07
 TTTTTTTTTTTTTTTTTTTTTTTTTTTTTT DIIS        TELAPSE      126.86 TCPU      125.66
 DIIS TEST: 0.42933E-10 AT SCF   CYCLE  12 - DIIS ACTIVE - HISTORY:    12 CYCLES
 TTTTTTTTTTTTTTTTTTTTTTTTTTTTTT FDIK        TELAPSE      128.46 TCPU      127.25
 POSSIBLY CONDUCTING STATE - EFERMI(AU) -9.6006724E-02 (RES. CHARGE  9.09E-13;IT.  4)
 TTTTTTTTTTTTTTTTTTTTTTTTTTTTTT PDIG        TELAPSE      128.86 TCPU      127.65
 CHARGE NORMALIZATION FACTOR   1.00000000
 TOTAL ATOMIC CHARGES:
   5.9998955   5.9998955   5.9998955   5.9998955   5.9998955   5.9998955
   5.9998955   5.9998955   5.9998955   5.9998955   5.9998955   5.9998955
   5.9998955   5.9998955   5.9998955   5.9998955   5.9998955   5.9998955
   5.9998955   5.9998955   5.9998955   5.9998955   5.9998955   5.9998955
   5.9888080   5.9888080   5.9888080   5.9888080   5.9888080   5.9888080
   5.9888080   5.9888080   5.9888080   5.9888080   5.9888080   5.9888080
   5.9888080   5.9888080   5.9888080   5.9888080   5.9888080   5.9888080
   5.9888080   5.9888080   5.9888080   5.9888080   5.9888080   5.9888080
   6.0112966   6.0112966   6.0112966   6.0112966   6.0112966   6.0112966
   6.0112966   6.0112966   6.0112966   6.0112966   6.0112966   6.0112966
   6.0112966   6.0112966   6.0112966   6.0112966   6.0112966   6.0112966
   6.0112966   6.0112966   6.0112966   6.0112966   6.0112966   6.0112966
 SUMMED SPIN DENSITY          -0.00000000
 TOTAL ATOMIC SPINS  :
  -0.0000000  -0.0000000  -0.0000000  -0.0000000  -0.0000000  -0.0000000
  -0.0000000  -0.0000000  -0.0000000  -0.0000000  -0.0000000  -0.0000000
  -0.0000000  -0.0000000  -0.0000000  -0.0000000  -0.0000000  -0.0000000
  -0.0000000  -0.0000000  -0.0000000  -0.0000000  -0.0000000  -0.0000000
   0.0000000   0.0000000   0.0000000   0.0000000   0.0000000   0.0000000
   0.0000000   0.0000000   0.0000000   0.0000000   0.0000000   0.0000000
   0.0000000   0.0000000   0.0000000   0.0000000   0.0000000   0.0000000
   0.0000000   0.0000000   0.0000000   0.0000000   0.0000000   0.0000000
  -0.0000000  -0.0000000  -0.0000000  -0.0000000  -0.0000000  -0.0000000
  -0.0000000  -0.0000000  -0.0000000  -0.0000000  -0.0000000  -0.0000000
  -0.0000000  -0.0000000  -0.0000000  -0.0000000  -0.0000000  -0.0000000
  -0.0000000  -0.0000000  -0.0000000  -0.0000000  -0.0000000  -0.0000000
 TTTTTTTTTTTTTTTTTTTTTTTTTTTTTT MOQGAD      TELAPSE      128.88 TCPU      127.67
 TTTTTTTTTTTTTTTTTTTTTTTTTTTTTT SHELLXN     TELAPSE      134.83 TCPU      133.61
 +++ ENERGIES IN A.U. +++
 ::: EXT EL-POLE                                  -6.3495087780379E+03
 ::: EXT EL-SPHEROPOLE                             5.6562590051805E+01
 ::: BIELET ZONE E-E                               7.4808232589405E+03
 ::: TOTAL E-E                                     1.1878770709543E+03
 ::: TOTAL E-N + N-E                              -6.1972654253295E+03
 ::: TOTAL N-N                                    -1.5018043357223E+02
 ::: KINETIC ENERGY                                2.7345716644027E+03
 ::: PSEUDO TOTAL   ENERGY                        -2.4249971235446E+03
 ::: VIRIAL COEFFICIENT                            1.0600000801581E+00
 TTTTTTTTTTTTTTTTTTTTTTTTTTTTTT MONMO3      TELAPSE      134.89 TCPU      133.66
 NUMERICALLY INTEGRATED DENSITY    216.0001020330    216.0001020330
 EXCHANGE ENERGY: -0.298146479171E+03  CORRELATION ENERGY: -0.179389524032E+02
 TTTTTTTTTTTTTTTTTTTTTTTTTTTTTT NUMDFT      TELAPSE      135.33 TCPU      134.10
 CYC  13 ETOT(AU) -2.741082555119E+03 DETOT -2.80E-10 tst  1.98E-15 PX  2.27E-07

 == SCF ENDED - CONVERGENCE ON ENERGY      E(AU) -2.7410825551193E+03 CYCLES  13


 ENERGY EXPRESSION=HARTREE+FOCK EXCH*0.20000+(BECKE      EXCH)*0.80000+LYP        CORR


 TOTAL ENERGY(DFT)(AU)( 13) -2.7410825551193E+03 DE-2.8E-10 tester 2.0E-15
 TTTTTTTTTTTTTTTTTTTTTTTTTTTTTT EDFT        TELAPSE      135.34 TCPU      134.11
 
 INFORMATION **** DFTD3 ENERGY **** CALCULATE DFTD3 ENERGY

           DFT-D V3(BJ)
 DF                                         b3-lyp    
 parameters
 s6       :    1.0000
 s8       :    1.9889
 a1       :    0.3981
 a2       :    4.4211
 k1 k3    :   16.0000   -4.0000
 Cutoff   :   50.2022
 CN-Cutoff:   21.1671
 ABC-Cutoff:   21.1671
 
 Edisp /kcal,au:  -293.1980 -0.46724075

 E6    /kcal :  -140.2608
 E8    /kcal :  -152.9372
 
 INFORMATION **** DFTD3 ENERGY **** NORMAL TERMINATION OF DFTD3 MODULE

 *******************************************************************************

 DFT-D3 DISPERSION ENERGY CORRECTION

 D3 DISPERSION ENERGY (AU)       -4.6724074873186E-01
 TOTAL ENERGY + DISP (AU)        -2.7415497958680E+03

 *******************************************************************************


 NEIGHBORS OF THE NON-EQUIVALENT ATOMS

 N = NUMBER OF NEIGHBORS AT DISTANCE R
    ATOM  N     R/ANG      R/AU   NEIGHBORS (ATOM LABELS AND CELL INDICES)
   1 C    2     1.3826     2.6126   23 C    1 0 0   24 C    0 1 0
   1 C    1     1.4133     2.6708   25 C    0 0 0
   1 C    2     2.3469     4.4349   55 C    0 0 0   72 C    0 0 0
   1 C    2     2.3811     4.4997   11 C    1 0 0   12 C    0 1 0
   1 C    2     2.4221     4.5771   47 C    1 0 0   48 C    0 1 0
   1 C    2     2.6325     4.9747   59 C    0 0 0   70 C    0 0 0

  25 C    1     1.4133     2.6708    1 C    0 0 0
  25 C    2     1.4414     2.7238   55 C    0 0 0   72 C    0 0 0
  25 C    2     2.4221     4.5771   23 C    1 0 0   24 C    0 1 0
  25 C    2     2.4534     4.6362   59 C    0 0 0   70 C    0 0 0
  25 C    2     2.7130     5.1269   41 C    1 0 0   42 C    0 1 0
  25 C    2     2.9424     5.5604   47 C    1 0 0   48 C    0 1 0

  49 C    2     1.4414     2.7238   32 C    0 0 0   48 C    0 0 0
  49 C    1     1.5569     2.9422   50 C    0 0 0
  49 C    2     2.3469     4.4349    8 C    0 0 0   24 C    0 0 0
  49 C    2     2.4534     4.6362   36 C    0 0 0   44 C    0 0 0
  49 C    2     2.6325     4.9747   12 C    0 0 0   20 C    0 0 0
  49 C    2     2.6782     5.0610   69 C    0 0 0   70 C    0-1 0

 TTTTTTTTTTTTTTTTTTTTTTTTTTTTTT AFTER FIRST TELAPSE      135.57 TCPU      134.34
 MMMMMMMMMMMMMMMMMMMMMMMMMMMMMMMMMMMMMMMMMMMMMMMMMMMMMMMMMMMMMMMMMMMMMMMMMMMMMMM
     ALPHA+BETA ELECTRONS
 MULLIKEN POPULATION ANALYSIS - NO. OF ELECTRONS  432.000000

  ATOM    Z CHARGE  A.O. POPULATION

   1 C    6  6.000  0.854  1.121  0.764  0.378  0.464  0.464  0.482 -0.029
                   -0.029  0.005  0.536  0.536  0.409  0.011  0.009  0.009
                    0.007  0.006
   2 C    6  6.000  0.854  1.121  0.764  0.378  0.464  0.464  0.482 -0.029
                   -0.029  0.005  0.536  0.536  0.409  0.011  0.009  0.009
                    0.007  0.006
   3 C    6  6.000  0.854  1.121  0.764  0.378  0.464  0.464  0.482 -0.029
                   -0.029  0.005  0.536  0.536  0.409  0.011  0.009  0.009
                    0.007  0.006
   4 C    6  6.000  0.854  1.121  0.764  0.378  0.464  0.464  0.482 -0.029
                   -0.029  0.005  0.536  0.536  0.409  0.011  0.009  0.009
                    0.007  0.006
   5 C    6  6.000  0.854  1.121  0.764  0.378  0.482  0.464  0.464  0.005
                   -0.029 -0.029  0.409  0.536  0.536  0.008  0.009  0.006
                    0.010  0.009
   6 C    6  6.000  0.854  1.121  0.764  0.378  0.464  0.482  0.464 -0.029
                    0.005 -0.029  0.536  0.409  0.536  0.008  0.006  0.009
                    0.010  0.009
   7 C    6  6.000  0.854  1.121  0.764  0.378  0.482  0.464  0.464  0.005
                   -0.029 -0.029  0.409  0.536  0.536  0.008  0.009  0.006
                    0.010  0.009
   8 C    6  6.000  0.854  1.121  0.764  0.378  0.464  0.482  0.464 -0.029
                    0.005 -0.029  0.536  0.409  0.536  0.008  0.006  0.009
                    0.010  0.009
   9 C    6  6.000  0.854  1.121  0.764  0.378  0.482  0.464  0.464  0.005
                   -0.029 -0.029  0.409  0.536  0.536  0.008  0.009  0.006
                    0.010  0.009
  10 C    6  6.000  0.854  1.121  0.764  0.378  0.464  0.482  0.464 -0.029
                    0.005 -0.029  0.536  0.409  0.536  0.008  0.006  0.009
                    0.010  0.009
  11 C    6  6.000  0.854  1.121  0.764  0.378  0.482  0.464  0.464  0.005
                   -0.029 -0.029  0.409  0.536  0.536  0.008  0.009  0.006
                    0.010  0.009
  12 C    6  6.000  0.854  1.121  0.764  0.378  0.464  0.482  0.464 -0.029
                    0.005 -0.029  0.536  0.409  0.536  0.008  0.006  0.009
                    0.010  0.009
  13 C    6  6.000  0.854  1.121  0.764  0.378  0.464  0.464  0.482 -0.029
                   -0.029  0.005  0.536  0.536  0.409  0.011  0.009  0.009
                    0.007  0.006
  14 C    6  6.000  0.854  1.121  0.764  0.378  0.464  0.464  0.482 -0.029
                   -0.029  0.005  0.536  0.536  0.409  0.011  0.009  0.009
                    0.007  0.006
  15 C    6  6.000  0.854  1.121  0.764  0.378  0.464  0.464  0.482 -0.029
                   -0.029  0.005  0.536  0.536  0.409  0.011  0.009  0.009
                    0.007  0.006
  16 C    6  6.000  0.854  1.121  0.764  0.378  0.464  0.464  0.482 -0.029
                   -0.029  0.005  0.536  0.536  0.409  0.011  0.009  0.009
                    0.007  0.006
  17 C    6  6.000  0.854  1.121  0.764  0.378  0.464  0.482  0.464 -0.029
                    0.005 -0.029  0.536  0.409  0.536  0.008  0.006  0.009
                    0.010  0.009
  18 C    6  6.000  0.854  1.121  0.764  0.378  0.482  0.464  0.464  0.005
                   -0.029 -0.029  0.409  0.536  0.536  0.008  0.009  0.006
                    0.010  0.009
  19 C    6  6.000  0.854  1.121  0.764  0.378  0.464  0.482  0.464 -0.029
                    0.005 -0.029  0.536  0.409  0.536  0.008  0.006  0.009
                    0.010  0.009
  20 C    6  6.000  0.854  1.121  0.764  0.378  0.482  0.464  0.464  0.005
                   -0.029 -0.029  0.409  0.536  0.536  0.008  0.009  0.006
                    0.010  0.009
  21 C    6  6.000  0.854  1.121  0.764  0.378  0.464  0.482  0.464 -0.029
                    0.005 -0.029  0.536  0.409  0.536  0.008  0.006  0.009
                    0.010  0.009
  22 C    6  6.000  0.854  1.121  0.764  0.378  0.482  0.464  0.464  0.005
                   -0.029 -0.029  0.409  0.536  0.536  0.008  0.009  0.006
                    0.010  0.009
  23 C    6  6.000  0.854  1.121  0.764  0.378  0.464  0.482  0.464 -0.029
                    0.005 -0.029  0.536  0.409  0.536  0.008  0.006  0.009
                    0.010  0.009
  24 C    6  6.000  0.854  1.121  0.764  0.378  0.482  0.464  0.464  0.005
                   -0.029 -0.029  0.409  0.536  0.536  0.008  0.009  0.006
                    0.010  0.009
  25 C    6  5.989  0.853  1.122  0.757  0.408  0.439  0.439  0.479 -0.029
                   -0.029  0.009  0.532  0.532  0.436  0.011  0.007  0.007
                    0.008  0.007
  26 C    6  5.989  0.853  1.122  0.757  0.408  0.439  0.439  0.479 -0.029
                   -0.029  0.009  0.532  0.532  0.436  0.011  0.007  0.007
                    0.008  0.007
  27 C    6  5.989  0.853  1.122  0.757  0.408  0.439  0.439  0.479 -0.029
                   -0.029  0.009  0.532  0.532  0.436  0.011  0.007  0.007
                    0.008  0.007
  28 C    6  5.989  0.853  1.122  0.757  0.408  0.439  0.439  0.479 -0.029
                   -0.029  0.009  0.532  0.532  0.436  0.011  0.007  0.007
                    0.008  0.007
  29 C    6  5.989  0.853  1.122  0.757  0.408  0.479  0.439  0.439  0.009
                   -0.029 -0.029  0.436  0.532  0.532  0.009  0.007  0.007
                    0.010  0.007
  30 C    6  5.989  0.853  1.122  0.757  0.408  0.439  0.479  0.439 -0.029
                    0.009 -0.029  0.532  0.436  0.532  0.009  0.007  0.007
                    0.010  0.007
  31 C    6  5.989  0.853  1.122  0.757  0.408  0.479  0.439  0.439  0.009
                   -0.029 -0.029  0.436  0.532  0.532  0.009  0.007  0.007
                    0.010  0.007
  32 C    6  5.989  0.853  1.122  0.757  0.408  0.439  0.479  0.439 -0.029
                    0.009 -0.029  0.532  0.436  0.532  0.009  0.007  0.007
                    0.010  0.007
  33 C    6  5.989  0.853  1.122  0.757  0.408  0.479  0.439  0.439  0.009
                   -0.029 -0.029  0.436  0.532  0.532  0.009  0.007  0.007
                    0.010  0.007
  34 C    6  5.989  0.853  1.122  0.757  0.408  0.439  0.479  0.439 -0.029
                    0.009 -0.029  0.532  0.436  0.532  0.009  0.007  0.007
                    0.010  0.007
  35 C    6  5.989  0.853  1.122  0.757  0.408  0.479  0.439  0.439  0.009
                   -0.029 -0.029  0.436  0.532  0.532  0.009  0.007  0.007
                    0.010  0.007
  36 C    6  5.989  0.853  1.122  0.757  0.408  0.439  0.479  0.439 -0.029
                    0.009 -0.029  0.532  0.436  0.532  0.009  0.007  0.007
                    0.010  0.007
  37 C    6  5.989  0.853  1.122  0.757  0.408  0.439  0.439  0.479 -0.029
                   -0.029  0.009  0.532  0.532  0.436  0.011  0.007  0.007
                    0.008  0.007
  38 C    6  5.989  0.853  1.122  0.757  0.408  0.439  0.439  0.479 -0.029
                   -0.029  0.009  0.532  0.532  0.436  0.011  0.007  0.007
                    0.008  0.007
  39 C    6  5.989  0.853  1.122  0.757  0.408  0.439  0.439  0.479 -0.029
                   -0.029  0.009  0.532  0.532  0.436  0.011  0.007  0.007
                    0.008  0.007
  40 C    6  5.989  0.853  1.122  0.757  0.408  0.439  0.439  0.479 -0.029
                   -0.029  0.009  0.532  0.532  0.436  0.011  0.007  0.007
                    0.008  0.007
  41 C    6  5.989  0.853  1.122  0.757  0.408  0.439  0.479  0.439 -0.029
                    0.009 -0.029  0.532  0.436  0.532  0.009  0.007  0.007
                    0.010  0.007
  42 C    6  5.989  0.853  1.122  0.757  0.408  0.479  0.439  0.439  0.009
                   -0.029 -0.029  0.436  0.532  0.532  0.009  0.007  0.007
                    0.010  0.007
  43 C    6  5.989  0.853  1.122  0.757  0.408  0.439  0.479  0.439 -0.029
                    0.009 -0.029  0.532  0.436  0.532  0.009  0.007  0.007
                    0.010  0.007
  44 C    6  5.989  0.853  1.122  0.757  0.408  0.479  0.439  0.439  0.009
                   -0.029 -0.029  0.436  0.532  0.532  0.009  0.007  0.007
                    0.010  0.007
  45 C    6  5.989  0.853  1.122  0.757  0.408  0.439  0.479  0.439 -0.029
                    0.009 -0.029  0.532  0.436  0.532  0.009  0.007  0.007
                    0.010  0.007
  46 C    6  5.989  0.853  1.122  0.757  0.408  0.479  0.439  0.439  0.009
                   -0.029 -0.029  0.436  0.532  0.532  0.009  0.007  0.007
                    0.010  0.007
  47 C    6  5.989  0.853  1.122  0.757  0.408  0.439  0.479  0.439 -0.029
                    0.009 -0.029  0.532  0.436  0.532  0.009  0.007  0.007
                    0.010  0.007
  48 C    6  5.989  0.853  1.122  0.757  0.408  0.479  0.439  0.439  0.009
                   -0.029 -0.029  0.436  0.532  0.532  0.009  0.007  0.007
                    0.010  0.007
  49 C    6  6.011  0.854  1.122  0.762  0.460  0.441  0.441  0.427 -0.002
                   -0.002 -0.054  0.453  0.453  0.618  0.005  0.007  0.007
                    0.008  0.011
  50 C    6  6.011  0.854  1.122  0.762  0.460  0.441  0.441  0.427 -0.002
                   -0.002 -0.054  0.453  0.453  0.618  0.005  0.007  0.007
                    0.008  0.011
  51 C    6  6.011  0.854  1.122  0.762  0.460  0.441  0.441  0.427 -0.002
                   -0.002 -0.054  0.453  0.453  0.618  0.005  0.007  0.007
                    0.008  0.011
  52 C    6  6.011  0.854  1.122  0.762  0.460  0.441  0.441  0.427 -0.002
                   -0.002 -0.054  0.453  0.453  0.618  0.005  0.007  0.007
                    0.008  0.011
  53 C    6  6.011  0.854  1.122  0.762  0.460  0.427  0.441  0.441 -0.054
                   -0.002 -0.002  0.618  0.453  0.453  0.007  0.007  0.011
                    0.006  0.007
  54 C    6  6.011  0.854  1.122  0.762  0.460  0.441  0.427  0.441 -0.002
                   -0.054 -0.002  0.453  0.618  0.453  0.007  0.011  0.007
                    0.006  0.007
  55 C    6  6.011  0.854  1.122  0.762  0.460  0.427  0.441  0.441 -0.054
                   -0.002 -0.002  0.618  0.453  0.453  0.007  0.007  0.011
                    0.006  0.007
  56 C    6  6.011  0.854  1.122  0.762  0.460  0.441  0.427  0.441 -0.002
                   -0.054 -0.002  0.453  0.618  0.453  0.007  0.011  0.007
                    0.006  0.007
  57 C    6  6.011  0.854  1.122  0.762  0.460  0.427  0.441  0.441 -0.054
                   -0.002 -0.002  0.618  0.453  0.453  0.007  0.007  0.011
                    0.006  0.007
  58 C    6  6.011  0.854  1.122  0.762  0.460  0.441  0.427  0.441 -0.002
                   -0.054 -0.002  0.453  0.618  0.453  0.007  0.011  0.007
                    0.006  0.007
  59 C    6  6.011  0.854  1.122  0.762  0.460  0.427  0.441  0.441 -0.054
                   -0.002 -0.002  0.618  0.453  0.453  0.007  0.007  0.011
                    0.006  0.007
  60 C    6  6.011  0.854  1.122  0.762  0.460  0.441  0.427  0.441 -0.002
                   -0.054 -0.002  0.453  0.618  0.453  0.007  0.011  0.007
                    0.006  0.007
  61 C    6  6.011  0.854  1.122  0.762  0.460  0.441  0.441  0.427 -0.002
                   -0.002 -0.054  0.453  0.453  0.618  0.005  0.007  0.007
                    0.008  0.011
  62 C    6  6.011  0.854  1.122  0.762  0.460  0.441  0.441  0.427 -0.002
                   -0.002 -0.054  0.453  0.453  0.618  0.005  0.007  0.007
                    0.008  0.011
  63 C    6  6.011  0.854  1.122  0.762  0.460  0.441  0.441  0.427 -0.002
                   -0.002 -0.054  0.453  0.453  0.618  0.005  0.007  0.007
                    0.008  0.011
  64 C    6  6.011  0.854  1.122  0.762  0.460  0.441  0.441  0.427 -0.002
                   -0.002 -0.054  0.453  0.453  0.618  0.005  0.007  0.007
                    0.008  0.011
  65 C    6  6.011  0.854  1.122  0.762  0.460  0.427  0.441  0.441 -0.054
                   -0.002 -0.002  0.618  0.453  0.453  0.007  0.007  0.011
                    0.006  0.007
  66 C    6  6.011  0.854  1.122  0.762  0.460  0.441  0.427  0.441 -0.002
                   -0.054 -0.002  0.453  0.618  0.453  0.007  0.011  0.007
                    0.006  0.007
  67 C    6  6.011  0.854  1.122  0.762  0.460  0.427  0.441  0.441 -0.054
                   -0.002 -0.002  0.618  0.453  0.453  0.007  0.007  0.011
                    0.006  0.007
  68 C    6  6.011  0.854  1.122  0.762  0.460  0.441  0.427  0.441 -0.002
                   -0.054 -0.002  0.453  0.618  0.453  0.007  0.011  0.007
                    0.006  0.007
  69 C    6  6.011  0.854  1.122  0.762  0.460  0.427  0.441  0.441 -0.054
                   -0.002 -0.002  0.618  0.453  0.453  0.007  0.007  0.011
                    0.006  0.007
  70 C    6  6.011  0.854  1.122  0.762  0.460  0.441  0.427  0.441 -0.002
                   -0.054 -0.002  0.453  0.618  0.453  0.007  0.011  0.007
                    0.006  0.007
  71 C    6  6.011  0.854  1.122  0.762  0.460  0.427  0.441  0.441 -0.054
                   -0.002 -0.002  0.618  0.453  0.453  0.007  0.007  0.011
                    0.006  0.007
  72 C    6  6.011  0.854  1.122  0.762  0.460  0.441  0.427  0.441 -0.002
                   -0.054 -0.002  0.453  0.618  0.453  0.007  0.011  0.007
                    0.006  0.007

  ATOM    Z CHARGE  SHELL POPULATION

   1 C    6  6.000  0.854  1.121  0.764  0.378  1.411 -0.053  1.481  0.043
   2 C    6  6.000  0.854  1.121  0.764  0.378  1.411 -0.053  1.481  0.043
   3 C    6  6.000  0.854  1.121  0.764  0.378  1.411 -0.053  1.481  0.043
   4 C    6  6.000  0.854  1.121  0.764  0.378  1.411 -0.053  1.481  0.043
   5 C    6  6.000  0.854  1.121  0.764  0.378  1.411 -0.053  1.481  0.043
   6 C    6  6.000  0.854  1.121  0.764  0.378  1.411 -0.053  1.481  0.043
   7 C    6  6.000  0.854  1.121  0.764  0.378  1.411 -0.053  1.481  0.043
   8 C    6  6.000  0.854  1.121  0.764  0.378  1.411 -0.053  1.481  0.043
   9 C    6  6.000  0.854  1.121  0.764  0.378  1.411 -0.053  1.481  0.043
  10 C    6  6.000  0.854  1.121  0.764  0.378  1.411 -0.053  1.481  0.043
  11 C    6  6.000  0.854  1.121  0.764  0.378  1.411 -0.053  1.481  0.043
  12 C    6  6.000  0.854  1.121  0.764  0.378  1.411 -0.053  1.481  0.043
  13 C    6  6.000  0.854  1.121  0.764  0.378  1.411 -0.053  1.481  0.043
  14 C    6  6.000  0.854  1.121  0.764  0.378  1.411 -0.053  1.481  0.043
  15 C    6  6.000  0.854  1.121  0.764  0.378  1.411 -0.053  1.481  0.043
  16 C    6  6.000  0.854  1.121  0.764  0.378  1.411 -0.053  1.481  0.043
  17 C    6  6.000  0.854  1.121  0.764  0.378  1.411 -0.053  1.481  0.043
  18 C    6  6.000  0.854  1.121  0.764  0.378  1.411 -0.053  1.481  0.043
  19 C    6  6.000  0.854  1.121  0.764  0.378  1.411 -0.053  1.481  0.043
  20 C    6  6.000  0.854  1.121  0.764  0.378  1.411 -0.053  1.481  0.043
  21 C    6  6.000  0.854  1.121  0.764  0.378  1.411 -0.053  1.481  0.043
  22 C    6  6.000  0.854  1.121  0.764  0.378  1.411 -0.053  1.481  0.043
  23 C    6  6.000  0.854  1.121  0.764  0.378  1.411 -0.053  1.481  0.043
  24 C    6  6.000  0.854  1.121  0.764  0.378  1.411 -0.053  1.481  0.043
  25 C    6  5.989  0.853  1.122  0.757  0.408  1.357 -0.048  1.500  0.040
  26 C    6  5.989  0.853  1.122  0.757  0.408  1.357 -0.048  1.500  0.040
  27 C    6  5.989  0.853  1.122  0.757  0.408  1.357 -0.048  1.500  0.040
  28 C    6  5.989  0.853  1.122  0.757  0.408  1.357 -0.048  1.500  0.040
  29 C    6  5.989  0.853  1.122  0.757  0.408  1.357 -0.048  1.500  0.040
  30 C    6  5.989  0.853  1.122  0.757  0.408  1.357 -0.048  1.500  0.040
  31 C    6  5.989  0.853  1.122  0.757  0.408  1.357 -0.048  1.500  0.040
  32 C    6  5.989  0.853  1.122  0.757  0.408  1.357 -0.048  1.500  0.040
  33 C    6  5.989  0.853  1.122  0.757  0.408  1.357 -0.048  1.500  0.040
  34 C    6  5.989  0.853  1.122  0.757  0.408  1.357 -0.048  1.500  0.040
  35 C    6  5.989  0.853  1.122  0.757  0.408  1.357 -0.048  1.500  0.040
  36 C    6  5.989  0.853  1.122  0.757  0.408  1.357 -0.048  1.500  0.040
  37 C    6  5.989  0.853  1.122  0.757  0.408  1.357 -0.048  1.500  0.040
  38 C    6  5.989  0.853  1.122  0.757  0.408  1.357 -0.048  1.500  0.040
  39 C    6  5.989  0.853  1.122  0.757  0.408  1.357 -0.048  1.500  0.040
  40 C    6  5.989  0.853  1.122  0.757  0.408  1.357 -0.048  1.500  0.040
  41 C    6  5.989  0.853  1.122  0.757  0.408  1.357 -0.048  1.500  0.040
  42 C    6  5.989  0.853  1.122  0.757  0.408  1.357 -0.048  1.500  0.040
  43 C    6  5.989  0.853  1.122  0.757  0.408  1.357 -0.048  1.500  0.040
  44 C    6  5.989  0.853  1.122  0.757  0.408  1.357 -0.048  1.500  0.040
  45 C    6  5.989  0.853  1.122  0.757  0.408  1.357 -0.048  1.500  0.040
  46 C    6  5.989  0.853  1.122  0.757  0.408  1.357 -0.048  1.500  0.040
  47 C    6  5.989  0.853  1.122  0.757  0.408  1.357 -0.048  1.500  0.040
  48 C    6  5.989  0.853  1.122  0.757  0.408  1.357 -0.048  1.500  0.040
  49 C    6  6.011  0.854  1.122  0.762  0.460  1.310 -0.058  1.525  0.037
  50 C    6  6.011  0.854  1.122  0.762  0.460  1.310 -0.058  1.525  0.037
  51 C    6  6.011  0.854  1.122  0.762  0.460  1.310 -0.058  1.525  0.037
  52 C    6  6.011  0.854  1.122  0.762  0.460  1.310 -0.058  1.525  0.037
  53 C    6  6.011  0.854  1.122  0.762  0.460  1.310 -0.058  1.525  0.037
  54 C    6  6.011  0.854  1.122  0.762  0.460  1.310 -0.058  1.525  0.037
  55 C    6  6.011  0.854  1.122  0.762  0.460  1.310 -0.058  1.525  0.037
  56 C    6  6.011  0.854  1.122  0.762  0.460  1.310 -0.058  1.525  0.037
  57 C    6  6.011  0.854  1.122  0.762  0.460  1.310 -0.058  1.525  0.037
  58 C    6  6.011  0.854  1.122  0.762  0.460  1.310 -0.058  1.525  0.037
  59 C    6  6.011  0.854  1.122  0.762  0.460  1.310 -0.058  1.525  0.037
  60 C    6  6.011  0.854  1.122  0.762  0.460  1.310 -0.058  1.525  0.037
  61 C    6  6.011  0.854  1.122  0.762  0.460  1.310 -0.058  1.525  0.037
  62 C    6  6.011  0.854  1.122  0.762  0.460  1.310 -0.058  1.525  0.037
  63 C    6  6.011  0.854  1.122  0.762  0.460  1.310 -0.058  1.525  0.037
  64 C    6  6.011  0.854  1.122  0.762  0.460  1.310 -0.058  1.525  0.037
  65 C    6  6.011  0.854  1.122  0.762  0.460  1.310 -0.058  1.525  0.037
  66 C    6  6.011  0.854  1.122  0.762  0.460  1.310 -0.058  1.525  0.037
  67 C    6  6.011  0.854  1.122  0.762  0.460  1.310 -0.058  1.525  0.037
  68 C    6  6.011  0.854  1.122  0.762  0.460  1.310 -0.058  1.525  0.037
  69 C    6  6.011  0.854  1.122  0.762  0.460  1.310 -0.058  1.525  0.037
  70 C    6  6.011  0.854  1.122  0.762  0.460  1.310 -0.058  1.525  0.037
  71 C    6  6.011  0.854  1.122  0.762  0.460  1.310 -0.058  1.525  0.037
  72 C    6  6.011  0.854  1.122  0.762  0.460  1.310 -0.058  1.525  0.037

 OVERLAP POPULATION CONDENSED TO ATOMS FOR FIRST   6 NEIGHBORS

 ATOM A   1 C    ATOM B     CELL      R(AB)/AU R(AB)/ANG    OVPOP(AB)
                 23 C    (  1  0  0)     2.613     1.383     0.369
                 25 C    (  0  0  0)     2.671     1.413     0.409
                 55 C    (  0  0  0)     4.435     2.347    -0.045
                 11 C    (  1  0  0)     4.500     2.381     0.020
                 47 C    (  1  0  0)     4.577     2.422    -0.025
                 59 C    (  0  0  0)     4.975     2.633    -0.001

 ATOM A  25 C    ATOM B     CELL      R(AB)/AU R(AB)/ANG    OVPOP(AB)
                  1 C    (  0  0  0)     2.671     1.413     0.409
                 55 C    (  0  0  0)     2.724     1.441     0.422
                 23 C    (  1  0  0)     4.577     2.422    -0.025
                 59 C    (  0  0  0)     4.636     2.453    -0.012
                 41 C    (  1  0  0)     5.127     2.713    -0.019
                 47 C    (  1  0  0)     5.560     2.942    -0.011

 ATOM A  49 C    ATOM B     CELL      R(AB)/AU R(AB)/ANG    OVPOP(AB)
                 32 C    (  0  0  0)     2.724     1.441     0.422
                 50 C    (  0  0  0)     2.942     1.557     0.316
                  8 C    (  0  0  0)     4.435     2.347    -0.045
                 36 C    (  0  0  0)     4.636     2.453    -0.012
                 12 C    (  0  0  0)     4.975     2.633    -0.001
                 69 C    (  0  0  0)     5.061     2.678    -0.018
 TTTTTTTTTTTTTTTTTTTTTTTTTTTTTT AFTER FIRST TELAPSE      135.89 TCPU      134.42
 MMMMMMMMMMMMMMMMMMMMMMMMMMMMMMMMMMMMMMMMMMMMMMMMMMMMMMMMMMMMMMMMMMMMMMMMMMMMMMM
     ALPHA-BETA ELECTRONS
 MULLIKEN POPULATION ANALYSIS - NO. OF ELECTRONS   -0.000000

  ATOM    Z CHARGE  A.O. POPULATION

   1 C    6 -0.000 -0.000 -0.000  0.000 -0.000 -0.000 -0.000  0.000  0.000
                    0.000 -0.000  0.000  0.000  0.000 -0.000 -0.000 -0.000
                    0.000  0.000
   2 C    6 -0.000 -0.000 -0.000  0.000 -0.000 -0.000 -0.000  0.000  0.000
                    0.000 -0.000  0.000  0.000  0.000 -0.000 -0.000 -0.000
                    0.000  0.000
   3 C    6 -0.000 -0.000 -0.000  0.000 -0.000 -0.000 -0.000  0.000  0.000
                    0.000 -0.000  0.000  0.000  0.000 -0.000 -0.000 -0.000
                    0.000  0.000
   4 C    6 -0.000 -0.000 -0.000  0.000 -0.000 -0.000 -0.000  0.000  0.000
                    0.000 -0.000  0.000  0.000  0.000 -0.000 -0.000 -0.000
                    0.000  0.000
   5 C    6 -0.000 -0.000 -0.000  0.000 -0.000  0.000 -0.000 -0.000 -0.000
                    0.000  0.000  0.000  0.000  0.000 -0.000 -0.000  0.000
                   -0.000 -0.000
   6 C    6 -0.000 -0.000 -0.000  0.000 -0.000 -0.000  0.000 -0.000  0.000
                   -0.000  0.000  0.000  0.000  0.000 -0.000  0.000 -0.000
                   -0.000 -0.000
   7 C    6 -0.000 -0.000 -0.000  0.000 -0.000  0.000 -0.000 -0.000 -0.000
                    0.000  0.000  0.000  0.000  0.000 -0.000 -0.000  0.000
                   -0.000 -0.000
   8 C    6 -0.000 -0.000 -0.000  0.000 -0.000 -0.000  0.000 -0.000  0.000
                   -0.000  0.000  0.000  0.000  0.000 -0.000  0.000 -0.000
                   -0.000 -0.000
   9 C    6 -0.000 -0.000 -0.000  0.000 -0.000  0.000 -0.000 -0.000 -0.000
                    0.000  0.000  0.000  0.000  0.000 -0.000 -0.000  0.000
                   -0.000 -0.000
  10 C    6 -0.000 -0.000 -0.000  0.000 -0.000 -0.000  0.000 -0.000  0.000
                   -0.000  0.000  0.000  0.000  0.000 -0.000  0.000 -0.000
                   -0.000 -0.000
  11 C    6 -0.000 -0.000 -0.000  0.000 -0.000  0.000 -0.000 -0.000 -0.000
                    0.000  0.000  0.000  0.000  0.000 -0.000 -0.000  0.000
                   -0.000 -0.000
  12 C    6 -0.000 -0.000 -0.000  0.000 -0.000 -0.000  0.000 -0.000  0.000
                   -0.000  0.000  0.000  0.000  0.000 -0.000  0.000 -0.000
                   -0.000 -0.000
  13 C    6 -0.000 -0.000 -0.000  0.000 -0.000 -0.000 -0.000  0.000  0.000
                    0.000 -0.000  0.000  0.000  0.000 -0.000 -0.000 -0.000
                    0.000  0.000
  14 C    6 -0.000 -0.000 -0.000  0.000 -0.000 -0.000 -0.000  0.000  0.000
                    0.000 -0.000  0.000  0.000  0.000 -0.000 -0.000 -0.000
                    0.000  0.000
  15 C    6 -0.000 -0.000 -0.000  0.000 -0.000 -0.000 -0.000  0.000  0.000
                    0.000 -0.000  0.000  0.000  0.000 -0.000 -0.000 -0.000
                    0.000  0.000
  16 C    6 -0.000 -0.000 -0.000  0.000 -0.000 -0.000 -0.000  0.000  0.000
                    0.000 -0.000  0.000  0.000  0.000 -0.000 -0.000 -0.000
                    0.000  0.000
  17 C    6 -0.000 -0.000 -0.000  0.000 -0.000 -0.000  0.000 -0.000  0.000
                   -0.000  0.000  0.000  0.000  0.000 -0.000  0.000 -0.000
                   -0.000 -0.000
  18 C    6 -0.000 -0.000 -0.000  0.000 -0.000  0.000 -0.000 -0.000 -0.000
                    0.000  0.000  0.000  0.000  0.000 -0.000 -0.000  0.000
                   -0.000 -0.000
  19 C    6 -0.000 -0.000 -0.000  0.000 -0.000 -0.000  0.000 -0.000  0.000
                   -0.000  0.000  0.000  0.000  0.000 -0.000  0.000 -0.000
                   -0.000 -0.000
  20 C    6 -0.000 -0.000 -0.000  0.000 -0.000  0.000 -0.000 -0.000 -0.000
                    0.000  0.000  0.000  0.000  0.000 -0.000 -0.000  0.000
                   -0.000 -0.000
  21 C    6 -0.000 -0.000 -0.000  0.000 -0.000 -0.000  0.000 -0.000  0.000
                   -0.000  0.000  0.000  0.000  0.000 -0.000  0.000 -0.000
                   -0.000 -0.000
  22 C    6 -0.000 -0.000 -0.000  0.000 -0.000  0.000 -0.000 -0.000 -0.000
                    0.000  0.000  0.000  0.000  0.000 -0.000 -0.000  0.000
                   -0.000 -0.000
  23 C    6 -0.000 -0.000 -0.000  0.000 -0.000 -0.000  0.000 -0.000  0.000
                   -0.000  0.000  0.000  0.000  0.000 -0.000  0.000 -0.000
                   -0.000 -0.000
  24 C    6 -0.000 -0.000 -0.000  0.000 -0.000  0.000 -0.000 -0.000 -0.000
                    0.000  0.000  0.000  0.000  0.000 -0.000 -0.000  0.000
                   -0.000 -0.000
  25 C    6  0.000 -0.000  0.000 -0.000  0.000 -0.000 -0.000  0.000  0.000
                    0.000 -0.000 -0.000 -0.000 -0.000 -0.000  0.000  0.000
                   -0.000  0.000
  26 C    6  0.000 -0.000  0.000 -0.000  0.000 -0.000 -0.000  0.000  0.000
                    0.000 -0.000 -0.000 -0.000 -0.000 -0.000  0.000  0.000
                   -0.000  0.000
  27 C    6  0.000 -0.000  0.000 -0.000  0.000 -0.000 -0.000  0.000  0.000
                    0.000 -0.000 -0.000 -0.000 -0.000 -0.000  0.000  0.000
                   -0.000  0.000
  28 C    6  0.000 -0.000  0.000 -0.000  0.000 -0.000 -0.000  0.000  0.000
                    0.000 -0.000 -0.000 -0.000 -0.000 -0.000  0.000  0.000
                   -0.000  0.000
  29 C    6  0.000 -0.000  0.000 -0.000  0.000  0.000 -0.000 -0.000 -0.000
                    0.000  0.000 -0.000 -0.000 -0.000 -0.000  0.000  0.000
                   -0.000  0.000
  30 C    6  0.000 -0.000  0.000 -0.000  0.000 -0.000  0.000 -0.000  0.000
                   -0.000  0.000 -0.000 -0.000 -0.000 -0.000  0.000  0.000
                   -0.000  0.000
  31 C    6  0.000 -0.000  0.000 -0.000  0.000  0.000 -0.000 -0.000 -0.000
                    0.000  0.000 -0.000 -0.000 -0.000 -0.000  0.000  0.000
                   -0.000  0.000
  32 C    6  0.000 -0.000  0.000 -0.000  0.000 -0.000  0.000 -0.000  0.000
                   -0.000  0.000 -0.000 -0.000 -0.000 -0.000  0.000  0.000
                   -0.000  0.000
  33 C    6  0.000 -0.000  0.000 -0.000  0.000  0.000 -0.000 -0.000 -0.000
                    0.000  0.000 -0.000 -0.000 -0.000 -0.000  0.000  0.000
                   -0.000  0.000
  34 C    6  0.000 -0.000  0.000 -0.000  0.000 -0.000  0.000 -0.000  0.000
                   -0.000  0.000 -0.000 -0.000 -0.000 -0.000  0.000  0.000
                   -0.000  0.000
  35 C    6  0.000 -0.000  0.000 -0.000  0.000  0.000 -0.000 -0.000 -0.000
                    0.000  0.000 -0.000 -0.000 -0.000 -0.000  0.000  0.000
                   -0.000  0.000
  36 C    6  0.000 -0.000  0.000 -0.000  0.000 -0.000  0.000 -0.000  0.000
                   -0.000  0.000 -0.000 -0.000 -0.000 -0.000  0.000  0.000
                   -0.000  0.000
  37 C    6  0.000 -0.000  0.000 -0.000  0.000 -0.000 -0.000  0.000  0.000
                    0.000 -0.000 -0.000 -0.000 -0.000 -0.000  0.000  0.000
                   -0.000  0.000
  38 C    6  0.000 -0.000  0.000 -0.000  0.000 -0.000 -0.000  0.000  0.000
                    0.000 -0.000 -0.000 -0.000 -0.000 -0.000  0.000  0.000
                   -0.000  0.000
  39 C    6  0.000 -0.000  0.000 -0.000  0.000 -0.000 -0.000  0.000  0.000
                    0.000 -0.000 -0.000 -0.000 -0.000 -0.000  0.000  0.000
                   -0.000  0.000
  40 C    6  0.000 -0.000  0.000 -0.000  0.000 -0.000 -0.000  0.000  0.000
                    0.000 -0.000 -0.000 -0.000 -0.000 -0.000  0.000  0.000
                   -0.000  0.000
  41 C    6  0.000 -0.000  0.000 -0.000  0.000 -0.000  0.000 -0.000  0.000
                   -0.000  0.000 -0.000 -0.000 -0.000 -0.000  0.000  0.000
                   -0.000  0.000
  42 C    6  0.000 -0.000  0.000 -0.000  0.000  0.000 -0.000 -0.000 -0.000
                    0.000  0.000 -0.000 -0.000 -0.000 -0.000  0.000  0.000
                   -0.000  0.000
  43 C    6  0.000 -0.000  0.000 -0.000  0.000 -0.000  0.000 -0.000  0.000
                   -0.000  0.000 -0.000 -0.000 -0.000 -0.000  0.000  0.000
                   -0.000  0.000
  44 C    6  0.000 -0.000  0.000 -0.000  0.000  0.000 -0.000 -0.000 -0.000
                    0.000  0.000 -0.000 -0.000 -0.000 -0.000  0.000  0.000
                   -0.000  0.000
  45 C    6  0.000 -0.000  0.000 -0.000  0.000 -0.000  0.000 -0.000  0.000
                   -0.000  0.000 -0.000 -0.000 -0.000 -0.000  0.000  0.000
                   -0.000  0.000
  46 C    6  0.000 -0.000  0.000 -0.000  0.000  0.000 -0.000 -0.000 -0.000
                    0.000  0.000 -0.000 -0.000 -0.000 -0.000  0.000  0.000
                   -0.000  0.000
  47 C    6  0.000 -0.000  0.000 -0.000  0.000 -0.000  0.000 -0.000  0.000
                   -0.000  0.000 -0.000 -0.000 -0.000 -0.000  0.000  0.000
                   -0.000  0.000
  48 C    6  0.000 -0.000  0.000 -0.000  0.000  0.000 -0.000 -0.000 -0.000
                    0.000  0.000 -0.000 -0.000 -0.000 -0.000  0.000  0.000
                   -0.000  0.000
  49 C    6 -0.000  0.000  0.000  0.000  0.000 -0.000 -0.000  0.000  0.000
                    0.000  0.000 -0.000 -0.000 -0.000 -0.000  0.000  0.000
                    0.000 -0.000
  50 C    6 -0.000  0.000  0.000  0.000  0.000 -0.000 -0.000  0.000  0.000
                    0.000  0.000 -0.000 -0.000 -0.000 -0.000  0.000  0.000
                    0.000 -0.000
  51 C    6 -0.000  0.000  0.000  0.000  0.000 -0.000 -0.000  0.000  0.000
                    0.000  0.000 -0.000 -0.000 -0.000 -0.000  0.000  0.000
                    0.000 -0.000
  52 C    6 -0.000  0.000  0.000  0.000  0.000 -0.000 -0.000  0.000  0.000
                    0.000  0.000 -0.000 -0.000 -0.000 -0.000  0.000  0.000
                    0.000 -0.000
  53 C    6 -0.000  0.000  0.000  0.000  0.000  0.000 -0.000 -0.000  0.000
                    0.000  0.000 -0.000 -0.000 -0.000  0.000  0.000 -0.000
                   -0.000  0.000
  54 C    6 -0.000  0.000  0.000  0.000  0.000 -0.000  0.000 -0.000  0.000
                    0.000  0.000 -0.000 -0.000 -0.000  0.000 -0.000  0.000
                   -0.000  0.000
  55 C    6 -0.000  0.000  0.000  0.000  0.000  0.000 -0.000 -0.000  0.000
                    0.000  0.000 -0.000 -0.000 -0.000  0.000  0.000 -0.000
                   -0.000  0.000
  56 C    6 -0.000  0.000  0.000  0.000  0.000 -0.000  0.000 -0.000  0.000
                    0.000  0.000 -0.000 -0.000 -0.000  0.000 -0.000  0.000
                   -0.000  0.000
  57 C    6 -0.000  0.000  0.000  0.000  0.000  0.000 -0.000 -0.000  0.000
                    0.000  0.000 -0.000 -0.000 -0.000  0.000  0.000 -0.000
                   -0.000  0.000
  58 C    6 -0.000  0.000  0.000  0.000  0.000 -0.000  0.000 -0.000  0.000
                    0.000  0.000 -0.000 -0.000 -0.000  0.000 -0.000  0.000
                   -0.000  0.000
  59 C    6 -0.000  0.000  0.000  0.000  0.000  0.000 -0.000 -0.000  0.000
                    0.000  0.000 -0.000 -0.000 -0.000  0.000  0.000 -0.000
                   -0.000  0.000
  60 C    6 -0.000  0.000  0.000  0.000  0.000 -0.000  0.000 -0.000  0.000
                    0.000  0.000 -0.000 -0.000 -0.000  0.000 -0.000  0.000
                   -0.000  0.000
  61 C    6 -0.000  0.000  0.000  0.000  0.000 -0.000 -0.000  0.000  0.000
                    0.000  0.000 -0.000 -0.000 -0.000 -0.000  0.000  0.000
                    0.000 -0.000
  62 C    6 -0.000  0.000  0.000  0.000  0.000 -0.000 -0.000  0.000  0.000
                    0.000  0.000 -0.000 -0.000 -0.000 -0.000  0.000  0.000
                    0.000 -0.000
  63 C    6 -0.000  0.000  0.000  0.000  0.000 -0.000 -0.000  0.000  0.000
                    0.000  0.000 -0.000 -0.000 -0.000 -0.000  0.000  0.000
                    0.000 -0.000
  64 C    6 -0.000  0.000  0.000  0.000  0.000 -0.000 -0.000  0.000  0.000
                    0.000  0.000 -0.000 -0.000 -0.000 -0.000  0.000  0.000
                    0.000 -0.000
  65 C    6 -0.000  0.000  0.000  0.000  0.000  0.000 -0.000 -0.000  0.000
                    0.000  0.000 -0.000 -0.000 -0.000  0.000  0.000 -0.000
                   -0.000  0.000
  66 C    6 -0.000  0.000  0.000  0.000  0.000 -0.000  0.000 -0.000  0.000
                    0.000  0.000 -0.000 -0.000 -0.000  0.000 -0.000  0.000
                   -0.000  0.000
  67 C    6 -0.000  0.000  0.000  0.000  0.000  0.000 -0.000 -0.000  0.000
                    0.000  0.000 -0.000 -0.000 -0.000  0.000  0.000 -0.000
                   -0.000  0.000
  68 C    6 -0.000  0.000  0.000  0.000  0.000 -0.000  0.000 -0.000  0.000
                    0.000  0.000 -0.000 -0.000 -0.000  0.000 -0.000  0.000
                   -0.000  0.000
  69 C    6 -0.000  0.000  0.000  0.000  0.000  0.000 -0.000 -0.000  0.000
                    0.000  0.000 -0.000 -0.000 -0.000  0.000  0.000 -0.000
                   -0.000  0.000
  70 C    6 -0.000  0.000  0.000  0.000  0.000 -0.000  0.000 -0.000  0.000
                    0.000  0.000 -0.000 -0.000 -0.000  0.000 -0.000  0.000
                   -0.000  0.000
  71 C    6 -0.000  0.000  0.000  0.000  0.000  0.000 -0.000 -0.000  0.000
                    0.000  0.000 -0.000 -0.000 -0.000  0.000  0.000 -0.000
                   -0.000  0.000
  72 C    6 -0.000  0.000  0.000  0.000  0.000 -0.000  0.000 -0.000  0.000
                    0.000  0.000 -0.000 -0.000 -0.000  0.000 -0.000  0.000
                   -0.000  0.000

  ATOM    Z CHARGE  SHELL POPULATION

   1 C    6 -0.000 -0.000 -0.000  0.000 -0.000 -0.000  0.000  0.000 -0.000
   2 C    6 -0.000 -0.000 -0.000  0.000 -0.000 -0.000  0.000  0.000 -0.000
   3 C    6 -0.000 -0.000 -0.000  0.000 -0.000 -0.000  0.000  0.000 -0.000
   4 C    6 -0.000 -0.000 -0.000  0.000 -0.000 -0.000  0.000  0.000 -0.000
   5 C    6 -0.000 -0.000 -0.000  0.000 -0.000 -0.000  0.000  0.000 -0.000
   6 C    6 -0.000 -0.000 -0.000  0.000 -0.000 -0.000  0.000  0.000 -0.000
   7 C    6 -0.000 -0.000 -0.000  0.000 -0.000 -0.000  0.000  0.000 -0.000
   8 C    6 -0.000 -0.000 -0.000  0.000 -0.000 -0.000  0.000  0.000 -0.000
   9 C    6 -0.000 -0.000 -0.000  0.000 -0.000 -0.000  0.000  0.000 -0.000
  10 C    6 -0.000 -0.000 -0.000  0.000 -0.000 -0.000  0.000  0.000 -0.000
  11 C    6 -0.000 -0.000 -0.000  0.000 -0.000 -0.000  0.000  0.000 -0.000
  12 C    6 -0.000 -0.000 -0.000  0.000 -0.000 -0.000  0.000  0.000 -0.000
  13 C    6 -0.000 -0.000 -0.000  0.000 -0.000 -0.000  0.000  0.000 -0.000
  14 C    6 -0.000 -0.000 -0.000  0.000 -0.000 -0.000  0.000  0.000 -0.000
  15 C    6 -0.000 -0.000 -0.000  0.000 -0.000 -0.000  0.000  0.000 -0.000
  16 C    6 -0.000 -0.000 -0.000  0.000 -0.000 -0.000  0.000  0.000 -0.000
  17 C    6 -0.000 -0.000 -0.000  0.000 -0.000 -0.000  0.000  0.000 -0.000
  18 C    6 -0.000 -0.000 -0.000  0.000 -0.000 -0.000  0.000  0.000 -0.000
  19 C    6 -0.000 -0.000 -0.000  0.000 -0.000 -0.000  0.000  0.000 -0.000
  20 C    6 -0.000 -0.000 -0.000  0.000 -0.000 -0.000  0.000  0.000 -0.000
  21 C    6 -0.000 -0.000 -0.000  0.000 -0.000 -0.000  0.000  0.000 -0.000
  22 C    6 -0.000 -0.000 -0.000  0.000 -0.000 -0.000  0.000  0.000 -0.000
  23 C    6 -0.000 -0.000 -0.000  0.000 -0.000 -0.000  0.000  0.000 -0.000
  24 C    6 -0.000 -0.000 -0.000  0.000 -0.000 -0.000  0.000  0.000 -0.000
  25 C    6  0.000 -0.000  0.000 -0.000  0.000 -0.000  0.000 -0.000 -0.000
  26 C    6  0.000 -0.000  0.000 -0.000  0.000 -0.000  0.000 -0.000 -0.000
  27 C    6  0.000 -0.000  0.000 -0.000  0.000 -0.000  0.000 -0.000 -0.000
  28 C    6  0.000 -0.000  0.000 -0.000  0.000 -0.000  0.000 -0.000 -0.000
  29 C    6  0.000 -0.000  0.000 -0.000  0.000 -0.000  0.000 -0.000 -0.000
  30 C    6  0.000 -0.000  0.000 -0.000  0.000 -0.000  0.000 -0.000 -0.000
  31 C    6  0.000 -0.000  0.000 -0.000  0.000 -0.000  0.000 -0.000 -0.000
  32 C    6  0.000 -0.000  0.000 -0.000  0.000 -0.000  0.000 -0.000 -0.000
  33 C    6  0.000 -0.000  0.000 -0.000  0.000 -0.000  0.000 -0.000 -0.000
  34 C    6  0.000 -0.000  0.000 -0.000  0.000 -0.000  0.000 -0.000 -0.000
  35 C    6  0.000 -0.000  0.000 -0.000  0.000 -0.000  0.000 -0.000 -0.000
  36 C    6  0.000 -0.000  0.000 -0.000  0.000 -0.000  0.000 -0.000 -0.000
  37 C    6  0.000 -0.000  0.000 -0.000  0.000 -0.000  0.000 -0.000 -0.000
  38 C    6  0.000 -0.000  0.000 -0.000  0.000 -0.000  0.000 -0.000 -0.000
  39 C    6  0.000 -0.000  0.000 -0.000  0.000 -0.000  0.000 -0.000 -0.000
  40 C    6  0.000 -0.000  0.000 -0.000  0.000 -0.000  0.000 -0.000 -0.000
  41 C    6  0.000 -0.000  0.000 -0.000  0.000 -0.000  0.000 -0.000 -0.000
  42 C    6  0.000 -0.000  0.000 -0.000  0.000 -0.000  0.000 -0.000 -0.000
  43 C    6  0.000 -0.000  0.000 -0.000  0.000 -0.000  0.000 -0.000 -0.000
  44 C    6  0.000 -0.000  0.000 -0.000  0.000 -0.000  0.000 -0.000 -0.000
  45 C    6  0.000 -0.000  0.000 -0.000  0.000 -0.000  0.000 -0.000 -0.000
  46 C    6  0.000 -0.000  0.000 -0.000  0.000 -0.000  0.000 -0.000 -0.000
  47 C    6  0.000 -0.000  0.000 -0.000  0.000 -0.000  0.000 -0.000 -0.000
  48 C    6  0.000 -0.000  0.000 -0.000  0.000 -0.000  0.000 -0.000 -0.000
  49 C    6 -0.000  0.000  0.000  0.000  0.000 -0.000  0.000 -0.000 -0.000
  50 C    6 -0.000  0.000  0.000  0.000  0.000 -0.000  0.000 -0.000 -0.000
  51 C    6 -0.000  0.000  0.000  0.000  0.000 -0.000  0.000 -0.000 -0.000
  52 C    6 -0.000  0.000  0.000  0.000  0.000 -0.000  0.000 -0.000 -0.000
  53 C    6 -0.000  0.000  0.000  0.000  0.000 -0.000  0.000 -0.000 -0.000
  54 C    6 -0.000  0.000  0.000  0.000  0.000 -0.000  0.000 -0.000 -0.000
  55 C    6 -0.000  0.000  0.000  0.000  0.000 -0.000  0.000 -0.000 -0.000
  56 C    6 -0.000  0.000  0.000  0.000  0.000 -0.000  0.000 -0.000 -0.000
  57 C    6 -0.000  0.000  0.000  0.000  0.000 -0.000  0.000 -0.000 -0.000
  58 C    6 -0.000  0.000  0.000  0.000  0.000 -0.000  0.000 -0.000 -0.000
  59 C    6 -0.000  0.000  0.000  0.000  0.000 -0.000  0.000 -0.000 -0.000
  60 C    6 -0.000  0.000  0.000  0.000  0.000 -0.000  0.000 -0.000 -0.000
  61 C    6 -0.000  0.000  0.000  0.000  0.000 -0.000  0.000 -0.000 -0.000
  62 C    6 -0.000  0.000  0.000  0.000  0.000 -0.000  0.000 -0.000 -0.000
  63 C    6 -0.000  0.000  0.000  0.000  0.000 -0.000  0.000 -0.000 -0.000
  64 C    6 -0.000  0.000  0.000  0.000  0.000 -0.000  0.000 -0.000 -0.000
  65 C    6 -0.000  0.000  0.000  0.000  0.000 -0.000  0.000 -0.000 -0.000
  66 C    6 -0.000  0.000  0.000  0.000  0.000 -0.000  0.000 -0.000 -0.000
  67 C    6 -0.000  0.000  0.000  0.000  0.000 -0.000  0.000 -0.000 -0.000
  68 C    6 -0.000  0.000  0.000  0.000  0.000 -0.000  0.000 -0.000 -0.000
  69 C    6 -0.000  0.000  0.000  0.000  0.000 -0.000  0.000 -0.000 -0.000
  70 C    6 -0.000  0.000  0.000  0.000  0.000 -0.000  0.000 -0.000 -0.000
  71 C    6 -0.000  0.000  0.000  0.000  0.000 -0.000  0.000 -0.000 -0.000
  72 C    6 -0.000  0.000  0.000  0.000  0.000 -0.000  0.000 -0.000 -0.000

 OVERLAP POPULATION CONDENSED TO ATOMS FOR FIRST   6 NEIGHBORS

 ATOM A   1 C    ATOM B     CELL      R(AB)/AU R(AB)/ANG    OVPOP(AB)
                 23 C    (  1  0  0)     2.613     1.383     0.000
                 25 C    (  0  0  0)     2.671     1.413    -0.000
                 55 C    (  0  0  0)     4.435     2.347    -0.000
                 11 C    (  1  0  0)     4.500     2.381    -0.000
                 47 C    (  1  0  0)     4.577     2.422     0.000
                 59 C    (  0  0  0)     4.975     2.633     0.000

 ATOM A  25 C    ATOM B     CELL      R(AB)/AU R(AB)/ANG    OVPOP(AB)
                  1 C    (  0  0  0)     2.671     1.413    -0.000
                 55 C    (  0  0  0)     2.724     1.441    -0.000
                 23 C    (  1  0  0)     4.577     2.422     0.000
                 59 C    (  0  0  0)     4.636     2.453    -0.000
                 41 C    (  1  0  0)     5.127     2.713    -0.000
                 47 C    (  1  0  0)     5.560     2.942    -0.000

 ATOM A  49 C    ATOM B     CELL      R(AB)/AU R(AB)/ANG    OVPOP(AB)
                 32 C    (  0  0  0)     2.724     1.441    -0.000
                 50 C    (  0  0  0)     2.942     1.557     0.000
                  8 C    (  0  0  0)     4.435     2.347    -0.000
                 36 C    (  0  0  0)     4.636     2.453    -0.000
                 12 C    (  0  0  0)     4.975     2.633     0.000
                 69 C    (  0  0  0)     5.061     2.678    -0.000
 EIGENVECTORS IN FORTRAN UNIT 10
 TTTTTTTTTTTTTTTTTTTTTTTTTTTTTT END         TELAPSE      136.81 TCPU      135.16
 EEEEEEEEEE TERMINATION  DATE 30 01 2026 TIME 20:53:40.0
NODE    0 CPU TIME =       135.162
NODE    1 CPU TIME =       135.515
NODE    2 CPU TIME =       135.612
NODE    3 CPU TIME =       135.425
NODE    4 CPU TIME =       135.477
NODE    5 CPU TIME =       135.388
NODE    6 CPU TIME =       135.519
NODE    7 CPU TIME =       135.418
NODE    8 CPU TIME =       135.362
NODE    9 CPU TIME =       135.541
NODE   10 CPU TIME =       135.536
NODE   11 CPU TIME =       135.552
NODE   12 CPU TIME =       135.461
NODE   13 CPU TIME =       135.464
NODE   14 CPU TIME =       135.655
NODE   15 CPU TIME =       135.421
NODE   16 CPU TIME =       135.480
NODE   17 CPU TIME =       135.490
NODE   18 CPU TIME =       135.528
NODE   19 CPU TIME =       135.368
NODE   20 CPU TIME =       135.352
NODE   21 CPU TIME =       135.511
NODE   22 CPU TIME =       135.335
NODE   23 CPU TIME =       135.330
NODE   24 CPU TIME =       135.312
NODE   25 CPU TIME =       135.582
NODE   26 CPU TIME =       135.510
NODE   27 CPU TIME =       135.567
NODE   28 CPU TIME =       135.353
NODE   29 CPU TIME =       135.547
NODE   30 CPU TIME =       135.639
NODE   31 CPU TIME =       135.383
    TOTAL CPU TIME =      4334.799
