MPI startup(): Warning: I_MPI_PMI_LIBRARY will be ignored since the hydra process manager was found
MPI startup(): Warning: I_MPI_PMI_LIBRARY will be ignored since the hydra process manager was found
MPI startup(): Warning: I_MPI_PMI_LIBRARY will be ignored since the hydra process manager was found
MPI startup(): Warning: I_MPI_PMI_LIBRARY will be ignored since the hydra process manager was found
MPI startup(): Warning: I_MPI_PMI_LIBRARY will be ignored since the hydra process manager was found
MPI startup(): Warning: I_MPI_PMI_LIBRARY will be ignored since the hydra process manager was found
MPI startup(): Warning: I_MPI_PMI_LIBRARY will be ignored since the hydra process manager was found
MPI startup(): Warning: I_MPI_PMI_LIBRARY will be ignored since the hydra process manager was found
MPI startup(): Warning: I_MPI_PMI_LIBRARY will be ignored since the hydra process manager was found
MPI startup(): Warning: I_MPI_PMI_LIBRARY will be ignored since the hydra process manager was found
MPI startup(): Warning: I_MPI_PMI_LIBRARY will be ignored since the hydra process manager was found
MPI startup(): Warning: I_MPI_PMI_LIBRARY will be ignored since the hydra process manager was found
MPI startup(): Warning: I_MPI_PMI_LIBRARY will be ignored since the hydra process manager was found
MPI startup(): Warning: I_MPI_PMI_LIBRARY will be ignored since the hydra process manager was found
MPI startup(): Warning: I_MPI_PMI_LIBRARY will be ignored since the hydra process manager was found
MPI startup(): Warning: I_MPI_PMI_LIBRARY will be ignored since the hydra process manager was found
MPI startup(): Warning: I_MPI_PMI_LIBRARY will be ignored since the hydra process manager was found
MPI startup(): Warning: I_MPI_PMI_LIBRARY will be ignored since the hydra process manager was found
MPI startup(): Warning: I_MPI_PMI_LIBRARY will be ignored since the hydra process manager was found
MPI startup(): Warning: I_MPI_PMI_LIBRARY will be ignored since the hydra process manager was found
MPI startup(): Warning: I_MPI_PMI_LIBRARY will be ignored since the hydra process manager was found
MPI startup(): Warning: I_MPI_PMI_LIBRARY will be ignored since the hydra process manager was found
MPI startup(): Warning: I_MPI_PMI_LIBRARY will be ignored since the hydra process manager was found
MPI startup(): Warning: I_MPI_PMI_LIBRARY will be ignored since the hydra process manager was found
MPI startup(): Warning: I_MPI_PMI_LIBRARY will be ignored since the hydra process manager was found
MPI startup(): Warning: I_MPI_PMI_LIBRARY will be ignored since the hydra process manager was found
MPI startup(): Warning: I_MPI_PMI_LIBRARY will be ignored since the hydra process manager was found
MPI startup(): Warning: I_MPI_PMI_LIBRARY will be ignored since the hydra process manager was found
MPI startup(): Warning: I_MPI_PMI_LIBRARY will be ignored since the hydra process manager was found
MPI startup(): Warning: I_MPI_PMI_LIBRARY will be ignored since the hydra process manager was found
MPI startup(): Warning: I_MPI_PMI_LIBRARY will be ignored since the hydra process manager was found
MPI startup(): Warning: I_MPI_PMI_LIBRARY will be ignored since the hydra process manager was found
 PROCESS           12  OF           32  WORKING
 PROCESS            2  OF           32  WORKING
 PROCESS           25  OF           32  WORKING
 PROCESS           26  OF           32  WORKING
 PROCESS           21  OF           32  WORKING
 PROCESS            0  OF           32  WORKING
 PROCESS            3  OF           32  WORKING
 PROCESS           22  OF           32  WORKING
 PROCESS           14  OF           32  WORKING
 PROCESS           27  OF           32  WORKING
 PROCESS           23  OF           32  WORKING
 PROCESS           30  OF           32  WORKING
 PROCESS            5  OF           32  WORKING
 PROCESS           13  OF           32  WORKING
 PROCESS           16  OF           32  WORKING
 PROCESS           18  OF           32  WORKING
 PROCESS           19  OF           32  WORKING
 PROCESS           24  OF           32  WORKING
 PROCESS           11  OF           32  WORKING
 PROCESS            4  OF           32  WORKING
 PROCESS           20  OF           32  WORKING
 PROCESS           15  OF           32  WORKING
 PROCESS           31  OF           32  WORKING
 PROCESS            6  OF           32  WORKING
 PROCESS            7  OF           32  WORKING
 PROCESS           10  OF           32  WORKING

         
 *******************************************************************************
 *                                                                             *
 *                               CRYSTAL23                                     *
 *                      public : 1.0.1 - October 2022                          *
 *                       HTTP://WWW.CRYSTAL.UNITO.IT                           *
 *                                                                             *
 *                              MAIN AUTHORS                                   *
 *                                                                             *
 *  R. DOVESI(1,11), V.R. SAUNDERS(2), C. ROETTI(1,11), R. ORLANDO(1,11),      *
 *  C.M. ZICOVICH-WILSON(1,3), F. PASCALE(4), B. CIVALLERI(1,11),              *
 *  K. DOLL(5), N.M. HARRISON(6), I.J. BUSH(7), Ph. D'ARCO(8),                 *
 *  M. LLUNELL(9), M. CAUSA'(10), Y. NOEL(8), L. MASCHIO(1,11), A. ERBA(1,11)  *
 *  M. RE'RAT(14), S. CASASSA(1,11), B.G. SEARLE(2), J.K. DESMARAIS(1)         *
 *                                                                             *
 *        CONTRIBUTIONS TO THE CODE HAVE ALSO BEEN GIVEN BY                    *
 *                                                                             *
 *  M. FERRABONE(1,11), M. DE LA PIERRE(1,11), M. FERRERO(1,11),               *
 *  J. BAIMA(1,11), E. ALBANESE(1,11), M.F. PEINTINGER(12), R. BAST(13),       *
 *  B. KIRTMAN(15), V. LACIVITA(1,11), R. DEMICHELIS(1,16)                     *
 *  G. BRANDEBURG(17), S. SALUSTRO(1,11), G. SANSONE(1,11)                     *
 *  M.T. RUGGIERO(18), L.E. DAGA(1), L. DONA'(1), A. COSSARD(1)                *
 *                                                                             *
 * (1) THEORETICAL CHEMISTRY GROUP - UNIVERSITA' DI TORINO - TORINO (ITALY)    *
 * (2) SCIENTIFIC COMPUTING DEPARTMENT - STFC DARESBURY (UK)                   *
 * (3) UNIVERSIDAD AUTONOMA DEL ESTADO DE MORELOS - CUERNAVACA (MEXICO)        *
 * (4) UNIVERSITE' DE LORRAINE - NANCY (FRANCE)                                *
 PROCESS           17  OF           32  WORKING
 * (5) UNIVERSITAET STUTTGART- STUTTGART (GERMANY)                             *
 * (6) IMPERIAL COLLEGE - LONDON (UK)                                          *
 * (7) SCIENTIFIC COMPUTING DEPARTMENT - STFC RAL (UK)                         *
 * (8) UPMC - SORBONNE UNIVERSITES - PARIS (FRANCE)                            *
 * (9) UNIVERSIDAD DE BARCELONA - BARCELONA (SPAIN)                            *
 *(10) UNIVERSITA' DI NAPOLI "FEDERICO II" - NAPOLI (ITALY)                    *
 *(11) NIS - NANOSTRUCTURED INTERFACES AND SURFACES - TORINO (ITALY)           *
 *(12) MPI FUER CHEMISCHE ENERGIEKONVERSION - MUELHEIM AN DER RUHR (GERMANY)   *
 *(13) UNIVERSITY OF TROMSO - TROMSO (NORWAY)                                  *
 *(14) UNIVERSITE' DE PAU ET DES PAYS DE L'ADOUR - PAU (FRANCE)                *
 *(15) UNIVERSITY OF CALIFORNIA SANTA BARBARA - SANTA BARBARA (USA)            *
 *(16) CURTIN UNIVERSITY - PERTH (AUSTRALIA)                                   *
 *(17) UNIVERSITY COLLEGE LONDON - LONDON (UK)                                 *
 *(18) UNIVERSITY OF VERMONT - BURLINGTON (USA)                                *
 *                                                                             *
 *******************************************************************************
 PROCESS            1  OF           32  WORKING
 EEEEEEEEEE STARTING  DATE 30 01 2026 TIME 18:36:42.2
 PROCESS           29  OF           32  WORKING
 PROCESS            8  OF           32  WORKING
 PROCESS           28  OF           32  WORKING
 ./3^3T58-CA_rev1_sp_B3LYP-D3-D3_optimized                                       
 PROCESS            9  OF           32  WORKING

 CRYSTAL CALCULATION
 (INPUT ACCORDING TO THE INTERNATIONAL TABLES FOR X-RAY CRYSTALLOGRAPHY)
 CRYSTAL FAMILY                       :  CUBIC       
 CRYSTAL CLASS  (GROTH - 1921)        :  CUBIC HEXAKISOCTAHEDRAL              

 SPACE GROUP (CENTROSYMMETRIC)        :  I M 3 M         

 LATTICE PARAMETERS  (ANGSTROMS AND DEGREES) - CONVENTIONAL CELL
        A           B           C        ALPHA        BETA       GAMMA
    11.38796    11.38796    11.38796    90.00000    90.00000    90.00000


 NUMBER OF IRREDUCIBLE ATOMS IN THE CONVENTIONAL CELL:    3

 INPUT COORDINATES

 ATOM AT. N.              COORDINATES
   1   6    -1.368739483063E-01 -2.839875433953E-01 -2.839875433953E-01
   2   6    -1.423827990077E-01 -1.423827990077E-01 -1.423827990077E-01
   3   6    -2.110138330424E-01 -5.768766036199E-02  2.110138330424E-01

 *******************************************************************************

 << INFORMATION >>: FROM NOW ON, ALL COORDINATES REFER TO THE PRIMITIVE CELL

 *******************************************************************************

 LATTICE PARAMETERS  (ANGSTROMS AND DEGREES) - PRIMITIVE CELL
       A          B          C        ALPHA      BETA     GAMMA        VOLUME
    9.86226    9.86226    9.86226   109.47122 109.47122 109.47122    738.426434

 COORDINATES OF THE EQUIVALENT ATOMS (FRACTIONAL UNITS)

 N. ATOM EQUIV AT. N.          X                  Y                  Z

   1   1   1    6 C     4.32024913209E-01 -4.20861491702E-01 -4.20861491702E-01
   2   1   2    6 C     0.00000000000E+00 -1.47113595089E-01  4.20861491702E-01
   3   1   3    6 C    -4.32024913209E-01  1.47113595089E-01  1.47113595089E-01
   4   1   4    6 C     0.00000000000E+00  4.20861491702E-01 -1.47113595089E-01
   5   1   5    6 C    -4.20861491702E-01  4.32024913209E-01 -4.20861491702E-01
   6   1   6    6 C    -4.20861491702E-01 -4.20861491702E-01  4.32024913209E-01
   7   1   7    6 C    -1.47113595089E-01  0.00000000000E+00  4.20861491702E-01
   8   1   8    6 C    -1.47113595089E-01  4.20861491702E-01  0.00000000000E+00
   9   1   9    6 C     4.20861491702E-01  0.00000000000E+00 -1.47113595089E-01
  10   1  10    6 C     1.47113595089E-01  1.47113595089E-01 -4.32024913209E-01
  11   1  11    6 C     1.47113595089E-01 -4.32024913209E-01  1.47113595089E-01
  12   1  12    6 C     4.20861491702E-01 -1.47113595089E-01  0.00000000000E+00
  13   1  13    6 C     4.20861491702E-01 -4.32024913209E-01  4.20861491702E-01
  14   1  14    6 C     1.47113595089E-01  0.00000000000E+00 -4.20861491702E-01
  15   1  15    6 C    -1.47113595089E-01  4.32024913209E-01 -1.47113595089E-01
  16   1  16    6 C    -4.20861491702E-01  0.00000000000E+00  1.47113595089E-01
  17   1  17    6 C    -4.32024913209E-01  4.20861491702E-01  4.20861491702E-01
  18   1  18    6 C     4.20861491702E-01  4.20861491702E-01 -4.32024913209E-01
  19   1  19    6 C     0.00000000000E+00  1.47113595089E-01 -4.20861491702E-01
  20   1  20    6 C    -4.20861491702E-01  1.47113595089E-01  0.00000000000E+00
  21   1  21    6 C     0.00000000000E+00 -4.20861491702E-01  1.47113595089E-01
  22   1  22    6 C    -1.47113595089E-01 -1.47113595089E-01  4.32024913209E-01
  23   1  23    6 C     4.32024913209E-01 -1.47113595089E-01 -1.47113595089E-01
  24   1  24    6 C     1.47113595089E-01 -4.20861491702E-01  0.00000000000E+00

  25   2   1    6 C    -2.84765598015E-01 -2.84765598015E-01 -2.84765598015E-01
  26   2   2    6 C     0.00000000000E+00  0.00000000000E+00  2.84765598015E-01
  27   2   3    6 C     2.84765598015E-01  0.00000000000E+00  0.00000000000E+00
  28   2   4    6 C     0.00000000000E+00  2.84765598015E-01  0.00000000000E+00
  29   2   5    6 C     2.84765598015E-01  2.84765598015E-01  2.84765598015E-01
  30   2   6    6 C     0.00000000000E+00  0.00000000000E+00 -2.84765598015E-01
  31   2   7    6 C     0.00000000000E+00 -2.84765598015E-01  0.00000000000E+00
  32   2   8    6 C    -2.84765598015E-01  0.00000000000E+00  0.00000000000E+00

  33   3   1    6 C     1.53326172680E-01  0.00000000000E+00 -2.68701493404E-01
  34   3   2    6 C     2.68701493404E-01  4.22027666085E-01  2.68701493404E-01
  35   3   3    6 C    -1.53326172680E-01 -4.22027666085E-01 -1.53326172680E-01
  36   3   4    6 C    -2.68701493404E-01  0.00000000000E+00  1.53326172680E-01
  37   3   5    6 C    -2.68701493404E-01  1.53326172680E-01  0.00000000000E+00
  38   3   6    6 C     0.00000000000E+00 -2.68701493404E-01  1.53326172680E-01
  39   3   7    6 C     1.53326172680E-01 -2.68701493404E-01  0.00000000000E+00
  40   3   8    6 C     4.22027666085E-01  2.68701493404E-01  2.68701493404E-01
  41   3   9    6 C     2.68701493404E-01  2.68701493404E-01  4.22027666085E-01
  42   3  10    6 C    -4.22027666085E-01 -1.53326172680E-01 -1.53326172680E-01
  43   3  11    6 C    -1.53326172680E-01 -1.53326172680E-01 -4.22027666085E-01
  44   3  12    6 C     0.00000000000E+00  1.53326172680E-01 -2.68701493404E-01
  45   3  13    6 C     0.00000000000E+00 -1.53326172680E-01  2.68701493404E-01
  46   3  14    6 C    -4.22027666085E-01 -2.68701493404E-01 -2.68701493404E-01
  47   3  15    6 C     4.22027666085E-01  1.53326172680E-01  1.53326172680E-01
  48   3  16    6 C     0.00000000000E+00  2.68701493404E-01 -1.53326172680E-01
  49   3  17    6 C    -1.53326172680E-01  2.68701493404E-01  0.00000000000E+00
  50   3  18    6 C     2.68701493404E-01  0.00000000000E+00 -1.53326172680E-01
  51   3  19    6 C     2.68701493404E-01 -1.53326172680E-01  0.00000000000E+00
  52   3  20    6 C    -2.68701493404E-01 -4.22027666085E-01 -2.68701493404E-01
  53   3  21    6 C    -2.68701493404E-01 -2.68701493404E-01 -4.22027666085E-01
  54   3  22    6 C     1.53326172680E-01  4.22027666085E-01  1.53326172680E-01
  55   3  23    6 C     1.53326172680E-01  1.53326172680E-01  4.22027666085E-01
  56   3  24    6 C    -1.53326172680E-01  0.00000000000E+00  2.68701493404E-01

 NUMBER OF SYMMETRY OPERATORS         :   48
 *******************************************************************************
 * GEOMETRY EDITING - INPUT COORDINATES ARE GIVEN IN ANGSTROM         
 *******************************************************************************

 GEOMETRY NOW FULLY CONSISTENT WITH THE GROUP

 GCALCO - MAX INDICES DIRECT LATTICE VECTOR    14    14    14
 NO.OF VECTORS CREATED 6999 STARS  122 RMAX   203.02037 BOHR

 GEOMETRY FOR WAVE FUNCTION - DIMENSIONALITY OF THE SYSTEM    3
 (NON PERIODIC DIRECTION: LATTICE PARAMETER FORMALLY SET TO 500)
 *******************************************************************************
 LATTICE PARAMETERS (ANGSTROMS AND DEGREES) - BOHR = 0.5291772083 ANGSTROM
 PRIMITIVE CELL - CENTRING CODE 6/0 VOLUME=   738.426434 - DENSITY  1.511 g/cm^3
         A              B              C           ALPHA      BETA       GAMMA 
     9.86225835     9.86225835     9.86225835   109.471221 109.471221 109.471221
 *******************************************************************************
 ATOMS IN THE ASYMMETRIC UNIT    3 - ATOMS IN THE UNIT CELL:   56
     ATOM                 X/A                 Y/B                 Z/C    
 *******************************************************************************
      1 T   6 C     4.320249132094E-01 -4.208614917016E-01 -4.208614917016E-01
      2 F   6 C     1.400994987218E-17 -1.471135950890E-01  4.208614917016E-01
      3 F   6 C    -4.320249132094E-01  1.471135950890E-01  1.471135950890E-01
      4 F   6 C     2.726205861143E-17  4.208614917016E-01 -1.471135950890E-01
      5 F   6 C    -4.208614917016E-01  4.320249132094E-01 -4.208614917016E-01
      6 F   6 C    -4.208614917016E-01 -4.208614917016E-01  4.320249132094E-01
      7 F   6 C    -1.471135950890E-01 -4.150120135907E-17  4.208614917016E-01
      8 F   6 C    -1.471135950890E-01  4.208614917016E-01  1.116293464227E-17
      9 F   6 C     4.208614917016E-01  8.277320984269E-17 -1.471135950890E-01
     10 F   6 C     1.471135950890E-01  1.471135950890E-01 -4.320249132094E-01
     11 F   6 C     1.471135950890E-01 -4.320249132094E-01  1.471135950890E-01
     12 F   6 C     4.208614917016E-01 -1.471135950890E-01 -1.685696510210E-17
     13 F   6 C     4.208614917016E-01 -4.320249132094E-01  4.208614917016E-01
     14 F   6 C     1.471135950890E-01 -5.528195835580E-17 -4.208614917016E-01
     15 F   6 C    -1.471135950890E-01  4.320249132094E-01 -1.471135950890E-01
     16 F   6 C    -4.208614917016E-01  1.400994987218E-17  1.471135950890E-01
     17 F   6 C    -4.320249132094E-01  4.208614917016E-01  4.208614917016E-01
     18 F   6 C     4.208614917016E-01  4.208614917016E-01 -4.320249132094E-01
     19 F   6 C     2.726205861143E-17  1.471135950890E-01 -4.208614917016E-01
     20 F   6 C    -4.208614917016E-01  1.471135950890E-01 -9.416533736041E-17
     21 F   6 C    -1.098060755787E-16 -4.208614917016E-01  1.471135950890E-01
     22 F   6 C    -1.471135950890E-01 -1.471135950890E-01  4.320249132094E-01
     23 F   6 C     4.320249132094E-01 -1.471135950890E-01 -1.471135950890E-01
     24 F   6 C     1.471135950890E-01 -4.208614917016E-01  7.138108232497E-17
     25 T   6 C    -2.847655980154E-01 -2.847655980154E-01 -2.847655980154E-01
     26 F   6 C     1.311306830381E-17  1.311306830381E-17  2.847655980154E-01
     27 F   6 C     2.847655980154E-01  7.522935938003E-18  4.561335120102E-18
     28 F   6 C     7.522935938003E-18  2.847655980154E-01 -1.048453675590E-17
     29 F   6 C     2.847655980154E-01  2.847655980154E-01  2.847655980154E-01
     30 F   6 C    -1.311306830381E-17 -1.311306830381E-17 -2.847655980154E-01
     31 F   6 C    -7.522935938003E-18 -2.847655980154E-01  1.048453675590E-17
     32 F   6 C    -2.847655980154E-01 -7.522935938003E-18 -4.561335120102E-18
     33 T   6 C     1.533261726804E-01 -8.628435813027E-19 -2.687014934044E-01
     34 F   6 C     2.687014934044E-01  4.220276660848E-01  2.687014934044E-01
     35 F   6 C    -1.533261726804E-01 -4.220276660848E-01 -1.533261726804E-01
     36 F   6 C    -2.687014934044E-01  8.628435813027E-19  1.533261726804E-01
     37 F   6 C    -2.687014934044E-01  1.533261726804E-01  2.062762555375E-18
     38 F   6 C     8.628435813027E-19 -2.687014934044E-01  1.533261726804E-01
     39 F   6 C     1.533261726804E-01 -2.687014934044E-01  3.370753927694E-19
     40 F   6 C     4.220276660848E-01  2.687014934044E-01  2.687014934044E-01
     41 F   6 C     2.687014934044E-01  2.687014934044E-01  4.220276660848E-01
     42 F   6 C    -4.220276660848E-01 -1.533261726804E-01 -1.533261726804E-01
     43 F   6 C    -1.533261726804E-01 -1.533261726804E-01 -4.220276660848E-01
     44 F   6 C    -8.628435813027E-19  1.533261726804E-01 -2.687014934044E-01
     45 F   6 C     8.628435813027E-19 -1.533261726804E-01  2.687014934044E-01
     46 F   6 C    -4.220276660848E-01 -2.687014934044E-01 -2.687014934044E-01
     47 F   6 C     4.220276660848E-01  1.533261726804E-01  1.533261726804E-01
     48 F   6 C    -8.628435813027E-19  2.687014934044E-01 -1.533261726804E-01
     49 F   6 C    -1.533261726804E-01  2.687014934044E-01 -3.370753927694E-19
     50 F   6 C     2.687014934044E-01 -8.628435813027E-19 -1.533261726804E-01
     51 F   6 C     2.687014934044E-01 -1.533261726804E-01 -2.062762555375E-18
     52 F   6 C    -2.687014934044E-01 -4.220276660848E-01 -2.687014934044E-01
     53 F   6 C    -2.687014934044E-01 -2.687014934044E-01 -4.220276660848E-01
     54 F   6 C     1.533261726804E-01  4.220276660848E-01  1.533261726804E-01
     55 F   6 C     1.533261726804E-01  1.533261726804E-01  4.220276660848E-01
     56 F   6 C    -1.533261726804E-01  8.628435813027E-19  2.687014934044E-01

 TRANSFORMATION MATRIX PRIMITIVE-CRYSTALLOGRAPHIC CELL
  0.0000  1.0000  1.0000  1.0000  0.0000  1.0000  1.0000  1.0000  0.0000

 *******************************************************************************
 CRYSTALLOGRAPHIC CELL (VOLUME=       1476.85286713)
         A              B              C           ALPHA      BETA       GAMMA 
    11.38795503    11.38795503    11.38795503    90.000000  90.000000  90.000000

 COORDINATES IN THE CRYSTALLOGRAPHIC CELL
     ATOM                 X/A                 Y/B                 Z/C    
 *******************************************************************************
      1 T   6 C    -1.368739483063E-01 -2.839875433953E-01 -2.839875433953E-01
      2 F   6 C     1.368739483063E-01  2.839875433953E-01 -2.839875433953E-01
      3 F   6 C    -1.368739483063E-01  2.839875433953E-01  2.839875433953E-01
      4 F   6 C     1.368739483063E-01 -2.839875433953E-01  2.839875433953E-01
      5 F   6 C    -2.839875433953E-01 -1.368739483063E-01 -2.839875433953E-01
      6 F   6 C    -2.839875433953E-01 -2.839875433953E-01 -1.368739483063E-01
      7 F   6 C     2.839875433953E-01  1.368739483063E-01 -2.839875433953E-01
      8 F   6 C     2.839875433953E-01 -2.839875433953E-01  1.368739483063E-01
      9 F   6 C    -2.839875433953E-01  1.368739483063E-01  2.839875433953E-01
     10 F   6 C     2.839875433953E-01  2.839875433953E-01 -1.368739483063E-01
     11 F   6 C     2.839875433953E-01 -1.368739483063E-01  2.839875433953E-01
     12 F   6 C    -2.839875433953E-01  2.839875433953E-01  1.368739483063E-01
     13 F   6 C     2.839875433953E-01  1.368739483063E-01  2.839875433953E-01
     14 F   6 C    -2.839875433953E-01 -1.368739483063E-01  2.839875433953E-01
     15 F   6 C    -2.839875433953E-01  1.368739483063E-01 -2.839875433953E-01
     16 F   6 C     2.839875433953E-01 -1.368739483063E-01 -2.839875433953E-01
     17 F   6 C     1.368739483063E-01  2.839875433953E-01  2.839875433953E-01
     18 F   6 C     2.839875433953E-01  2.839875433953E-01  1.368739483063E-01
     19 F   6 C    -1.368739483063E-01 -2.839875433953E-01  2.839875433953E-01
     20 F   6 C     2.839875433953E-01 -2.839875433953E-01 -1.368739483063E-01
     21 F   6 C    -1.368739483063E-01  2.839875433953E-01 -2.839875433953E-01
     22 F   6 C    -2.839875433953E-01 -2.839875433953E-01  1.368739483063E-01
     23 F   6 C     1.368739483063E-01 -2.839875433953E-01 -2.839875433953E-01
     24 F   6 C    -2.839875433953E-01  2.839875433953E-01 -1.368739483063E-01
     25 T   6 C    -1.423827990077E-01 -1.423827990077E-01 -1.423827990077E-01
     26 F   6 C     1.423827990077E-01  1.423827990077E-01 -1.423827990077E-01
     27 F   6 C    -1.423827990077E-01  1.423827990077E-01  1.423827990077E-01
     28 F   6 C     1.423827990077E-01 -1.423827990077E-01  1.423827990077E-01
     29 F   6 C     1.423827990077E-01  1.423827990077E-01  1.423827990077E-01
     30 F   6 C    -1.423827990077E-01 -1.423827990077E-01  1.423827990077E-01
     31 F   6 C    -1.423827990077E-01  1.423827990077E-01 -1.423827990077E-01
     32 F   6 C     1.423827990077E-01 -1.423827990077E-01 -1.423827990077E-01
     33 T   6 C    -2.110138330424E-01 -5.768766036199E-02  2.110138330424E-01
     34 F   6 C     2.110138330424E-01  5.768766036199E-02  2.110138330424E-01
     35 F   6 C    -2.110138330424E-01  5.768766036199E-02 -2.110138330424E-01
     36 F   6 C     2.110138330424E-01 -5.768766036199E-02 -2.110138330424E-01
     37 F   6 C     2.110138330424E-01 -2.110138330424E-01 -5.768766036199E-02
     38 F   6 C    -5.768766036199E-02  2.110138330424E-01 -2.110138330424E-01
     39 F   6 C    -2.110138330424E-01  2.110138330424E-01 -5.768766036199E-02
     40 F   6 C     5.768766036199E-02  2.110138330424E-01  2.110138330424E-01
     41 F   6 C     2.110138330424E-01  2.110138330424E-01  5.768766036199E-02
     42 F   6 C     5.768766036199E-02 -2.110138330424E-01 -2.110138330424E-01
     43 F   6 C    -2.110138330424E-01 -2.110138330424E-01  5.768766036199E-02
     44 F   6 C    -5.768766036199E-02 -2.110138330424E-01  2.110138330424E-01
     45 F   6 C     5.768766036199E-02  2.110138330424E-01 -2.110138330424E-01
     46 F   6 C    -5.768766036199E-02 -2.110138330424E-01 -2.110138330424E-01
     47 F   6 C    -5.768766036199E-02  2.110138330424E-01  2.110138330424E-01
     48 F   6 C     5.768766036199E-02 -2.110138330424E-01  2.110138330424E-01
     49 F   6 C     2.110138330424E-01 -2.110138330424E-01  5.768766036199E-02
     50 F   6 C    -2.110138330424E-01  5.768766036199E-02  2.110138330424E-01
     51 F   6 C    -2.110138330424E-01  2.110138330424E-01  5.768766036199E-02
     52 F   6 C    -2.110138330424E-01 -5.768766036199E-02 -2.110138330424E-01
     53 F   6 C    -2.110138330424E-01 -2.110138330424E-01 -5.768766036199E-02
     54 F   6 C     2.110138330424E-01 -5.768766036199E-02  2.110138330424E-01
     55 F   6 C     2.110138330424E-01  2.110138330424E-01 -5.768766036199E-02
     56 F   6 C     2.110138330424E-01  5.768766036199E-02 -2.110138330424E-01

 T = ATOM BELONGING TO THE ASYMMETRIC UNIT

 ****   48 SYMMOPS - TRANSLATORS IN FRACTIONAL UNITS
 **** MATRICES AND TRANSLATORS IN THE CRYSTALLOGRAPHIC REFERENCE FRAME
   V INV                    ROTATION MATRICES                   TRANSLATORS
   1   1  1.00  0.00  0.00  0.00  1.00  0.00  0.00  0.00  1.00  0.00  0.00  0.00
   2   2  0.00  1.00 -1.00  1.00  0.00 -1.00 -0.00  0.00 -1.00  0.00  0.00  0.00
   3   3 -1.00 -0.00  0.00 -1.00 -0.00  1.00 -1.00  1.00 -0.00  0.00  0.00  0.00
   4   4 -0.00 -1.00  1.00 -0.00 -1.00  0.00  1.00 -1.00  0.00  0.00  0.00  0.00
   5   6  0.00 -0.00  1.00  1.00 -0.00  0.00 -0.00  1.00  0.00  0.00  0.00  0.00
   6   5 -0.00  1.00  0.00 -0.00  0.00  1.00  1.00  0.00 -0.00  0.00  0.00  0.00
   7   8  1.00 -1.00  0.00  0.00 -1.00  1.00  0.00 -1.00 -0.00  0.00  0.00  0.00
   8   7  1.00 -0.00 -1.00  0.00 -0.00 -1.00  0.00  1.00 -1.00  0.00  0.00  0.00
   9  10 -0.00  0.00 -1.00 -0.00  1.00 -1.00  1.00 -0.00 -1.00  0.00  0.00  0.00
  10   9 -1.00  0.00  1.00 -1.00  1.00  0.00 -1.00 -0.00  0.00  0.00  0.00  0.00
  11  12 -1.00  1.00 -0.00 -1.00  0.00 -0.00 -1.00  0.00  1.00  0.00  0.00  0.00
  12  11  0.00 -1.00 -0.00  1.00 -1.00 -0.00 -0.00 -1.00  1.00  0.00  0.00  0.00
  13  13 -0.00 -1.00  0.00 -1.00 -0.00  0.00  0.00 -0.00 -1.00  0.00  0.00  0.00
  14  14 -1.00 -0.00  1.00 -0.00 -1.00  1.00 -0.00  0.00  1.00  0.00  0.00  0.00
  15  16  1.00  0.00 -1.00  1.00  0.00 -0.00  1.00 -1.00 -0.00  0.00  0.00  0.00
  16  15  0.00  1.00 -0.00  0.00  1.00 -1.00 -1.00  1.00  0.00  0.00  0.00  0.00
  17  17 -1.00  0.00 -0.00 -0.00  0.00 -1.00 -0.00 -1.00  0.00  0.00  0.00  0.00
  18  18  0.00 -0.00 -1.00  0.00 -1.00 -0.00 -1.00  0.00 -0.00  0.00  0.00  0.00
  19  21 -0.00  1.00 -1.00 -1.00  1.00 -0.00  0.00  1.00 -0.00  0.00  0.00  0.00
  20  22 -0.00  0.00  1.00 -1.00  0.00  1.00  0.00 -1.00  1.00  0.00  0.00  0.00
  21  19  0.00 -1.00  1.00  0.00 -0.00  1.00 -1.00 -0.00  1.00  0.00  0.00  0.00
  22  20  1.00 -1.00 -0.00  1.00 -0.00 -1.00  1.00 -0.00  0.00  0.00  0.00  0.00
  23  23  1.00 -0.00  0.00  1.00 -1.00  0.00  1.00  0.00 -1.00  0.00  0.00  0.00
  24  24 -1.00  1.00  0.00 -0.00  1.00  0.00 -0.00  1.00 -1.00  0.00  0.00  0.00
  25  25 -1.00 -0.00  0.00 -0.00 -1.00  0.00 -0.00  0.00 -1.00  0.00  0.00  0.00
  26  26 -0.00 -1.00  1.00 -1.00 -0.00  1.00  0.00 -0.00  1.00  0.00  0.00  0.00
  27  27  1.00  0.00 -0.00  1.00  0.00 -1.00  1.00 -1.00  0.00  0.00  0.00  0.00
  28  28  0.00  1.00 -1.00  0.00  1.00 -0.00 -1.00  1.00 -0.00  0.00  0.00  0.00
  29  30 -0.00  0.00 -1.00 -1.00  0.00 -0.00  0.00 -1.00 -0.00  0.00  0.00  0.00
  30  29  0.00 -1.00 -0.00  0.00 -0.00 -1.00 -1.00 -0.00  0.00  0.00  0.00  0.00
  31  32 -1.00  1.00 -0.00 -0.00  1.00 -1.00 -0.00  1.00  0.00  0.00  0.00  0.00
  32  31 -1.00  0.00  1.00 -0.00  0.00  1.00 -0.00 -1.00  1.00  0.00  0.00  0.00
  33  34  0.00 -0.00  1.00  0.00 -1.00  1.00 -1.00  0.00  1.00  0.00  0.00  0.00
  34  33  1.00 -0.00 -1.00  1.00 -1.00 -0.00  1.00  0.00 -0.00  0.00  0.00  0.00
  35  36  1.00 -1.00  0.00  1.00 -0.00  0.00  1.00 -0.00 -1.00  0.00  0.00  0.00
  36  35 -0.00  1.00  0.00 -1.00  1.00  0.00  0.00  1.00 -1.00  0.00  0.00  0.00
  37  37  0.00  1.00 -0.00  1.00  0.00 -0.00 -0.00  0.00  1.00  0.00  0.00  0.00
  38  38  1.00  0.00 -1.00  0.00  1.00 -1.00  0.00 -0.00 -1.00  0.00  0.00  0.00
  39  40 -1.00 -0.00  1.00 -1.00 -0.00  0.00 -1.00  1.00  0.00  0.00  0.00  0.00
  40  39 -0.00 -1.00  0.00 -0.00 -1.00  1.00  1.00 -1.00 -0.00  0.00  0.00  0.00
  41  41  1.00 -0.00  0.00  0.00 -0.00  1.00  0.00  1.00 -0.00  0.00  0.00  0.00
  42  42 -0.00  0.00  1.00 -0.00  1.00  0.00  1.00 -0.00  0.00  0.00  0.00  0.00
  43  45  0.00 -1.00  1.00  1.00 -1.00  0.00 -0.00 -1.00  0.00  0.00  0.00  0.00
  44  46  0.00 -0.00 -1.00  1.00 -0.00 -1.00 -0.00  1.00 -1.00  0.00  0.00  0.00
  45  43 -0.00  1.00 -1.00 -0.00  0.00 -1.00  1.00  0.00 -1.00  0.00  0.00  0.00
  46  44 -1.00  1.00  0.00 -1.00  0.00  1.00 -1.00  0.00 -0.00  0.00  0.00  0.00
  47  47 -1.00  0.00 -0.00 -1.00  1.00 -0.00 -1.00 -0.00  1.00  0.00  0.00  0.00
  48  48  1.00 -1.00 -0.00  0.00 -1.00 -0.00  0.00 -1.00  1.00  0.00  0.00  0.00

 DIRECT LATTICE VECTORS CARTESIAN COMPONENTS (ANGSTROM)
          X                    Y                    Z
  -0.569397751500E+01   0.569397751500E+01   0.569397751500E+01
   0.569397751500E+01  -0.569397751500E+01   0.569397751500E+01
   0.569397751500E+01   0.569397751500E+01  -0.569397751500E+01


 CARTESIAN COORDINATES - PRIMITIVE CELL
 *******************************************************************************
 *      ATOM          X(ANGSTROM)         Y(ANGSTROM)         Z(ANGSTROM)
 *******************************************************************************
    1     6 C    -1.558714368091E+00 -3.234037373266E+00 -3.234037373266E+00
    2     6 C     1.558714368091E+00  3.234037373266E+00 -3.234037373266E+00
    3     6 C    -1.558714368091E+00  3.234037373266E+00  3.234037373266E+00
    4     6 C     1.558714368091E+00 -3.234037373266E+00  3.234037373266E+00
    5     6 C    -3.234037373266E+00 -1.558714368091E+00 -3.234037373266E+00
    6     6 C    -3.234037373266E+00 -3.234037373266E+00 -1.558714368091E+00
    7     6 C     3.234037373266E+00  1.558714368091E+00 -3.234037373266E+00
    8     6 C     3.234037373266E+00 -3.234037373266E+00  1.558714368091E+00
    9     6 C    -3.234037373266E+00  1.558714368091E+00  3.234037373266E+00
   10     6 C     3.234037373266E+00  3.234037373266E+00 -1.558714368091E+00
   11     6 C     3.234037373266E+00 -1.558714368091E+00  3.234037373266E+00
   12     6 C    -3.234037373266E+00  3.234037373266E+00  1.558714368091E+00
   13     6 C     3.234037373266E+00  1.558714368091E+00  3.234037373266E+00
   14     6 C    -3.234037373266E+00 -1.558714368091E+00  3.234037373266E+00
   15     6 C    -3.234037373266E+00  1.558714368091E+00 -3.234037373266E+00
   16     6 C     3.234037373266E+00 -1.558714368091E+00 -3.234037373266E+00
   17     6 C     1.558714368091E+00  3.234037373266E+00  3.234037373266E+00
   18     6 C     3.234037373266E+00  3.234037373266E+00  1.558714368091E+00
   19     6 C    -1.558714368091E+00 -3.234037373266E+00  3.234037373266E+00
   20     6 C     3.234037373266E+00 -3.234037373266E+00 -1.558714368091E+00
   21     6 C    -1.558714368091E+00  3.234037373266E+00 -3.234037373266E+00
   22     6 C    -3.234037373266E+00 -3.234037373266E+00  1.558714368091E+00
   23     6 C     1.558714368091E+00 -3.234037373266E+00 -3.234037373266E+00
   24     6 C    -3.234037373266E+00  3.234037373266E+00 -1.558714368091E+00
   25     6 C    -1.621448912145E+00 -1.621448912145E+00 -1.621448912145E+00
   26     6 C     1.621448912145E+00  1.621448912145E+00 -1.621448912145E+00
   27     6 C    -1.621448912145E+00  1.621448912145E+00  1.621448912145E+00
   28     6 C     1.621448912145E+00 -1.621448912145E+00  1.621448912145E+00
   29     6 C     1.621448912145E+00  1.621448912145E+00  1.621448912145E+00
   30     6 C    -1.621448912145E+00 -1.621448912145E+00  1.621448912145E+00
   31     6 C    -1.621448912145E+00  1.621448912145E+00 -1.621448912145E+00
   32     6 C     1.621448912145E+00 -1.621448912145E+00 -1.621448912145E+00
   33     6 C    -2.403016041395E+00 -6.569444819883E-01  2.403016041395E+00
   34     6 C     2.403016041395E+00  6.569444819883E-01  2.403016041395E+00
   35     6 C    -2.403016041395E+00  6.569444819883E-01 -2.403016041395E+00
   36     6 C     2.403016041395E+00 -6.569444819883E-01 -2.403016041395E+00
   37     6 C     2.403016041395E+00 -2.403016041395E+00 -6.569444819883E-01
   38     6 C    -6.569444819883E-01  2.403016041395E+00 -2.403016041395E+00
   39     6 C    -2.403016041395E+00  2.403016041395E+00 -6.569444819883E-01
   40     6 C     6.569444819883E-01  2.403016041395E+00  2.403016041395E+00
   41     6 C     2.403016041395E+00  2.403016041395E+00  6.569444819883E-01
   42     6 C     6.569444819883E-01 -2.403016041395E+00 -2.403016041395E+00
   43     6 C    -2.403016041395E+00 -2.403016041395E+00  6.569444819883E-01
   44     6 C    -6.569444819883E-01 -2.403016041395E+00  2.403016041395E+00
   45     6 C     6.569444819883E-01  2.403016041395E+00 -2.403016041395E+00
   46     6 C    -6.569444819883E-01 -2.403016041395E+00 -2.403016041395E+00
   47     6 C    -6.569444819883E-01  2.403016041395E+00  2.403016041395E+00
   48     6 C     6.569444819883E-01 -2.403016041395E+00  2.403016041395E+00
   49     6 C     2.403016041395E+00 -2.403016041395E+00  6.569444819883E-01
   50     6 C    -2.403016041395E+00  6.569444819883E-01  2.403016041395E+00
   51     6 C    -2.403016041395E+00  2.403016041395E+00  6.569444819883E-01
   52     6 C    -2.403016041395E+00 -6.569444819883E-01 -2.403016041395E+00
   53     6 C    -2.403016041395E+00 -2.403016041395E+00 -6.569444819883E-01
   54     6 C     2.403016041395E+00 -6.569444819883E-01  2.403016041395E+00
   55     6 C     2.403016041395E+00  2.403016041395E+00 -6.569444819883E-01
   56     6 C     2.403016041395E+00  6.569444819883E-01 -2.403016041395E+00

 *******************************************************************************
 LOCAL ATOMIC FUNCTIONS BASIS SET
 *******************************************************************************
   ATOM   X(AU)   Y(AU)   Z(AU)  N. TYPE  EXPONENT  S COEF   P COEF   D/F/G COEF
 *******************************************************************************
   1 C   -2.946  -6.111  -6.111
                                  1 S  
                                         1.358E+04 2.225E-04 0.000E+00 0.000E+00
                                         2.035E+03 1.723E-03 0.000E+00 0.000E+00
                                         4.632E+02 8.926E-03 0.000E+00 0.000E+00
                                         1.312E+02 3.573E-02 0.000E+00 0.000E+00
                                         4.285E+01 1.108E-01 0.000E+00 0.000E+00
                                         1.558E+01 2.430E-01 0.000E+00 0.000E+00
                                  2 S  
                                         6.207E+00 4.144E-01 0.000E+00 0.000E+00
                                         2.576E+00 2.374E-01 0.000E+00 0.000E+00
                                  3 S  
                                         4.941E-01 1.000E+00 0.000E+00 0.000E+00
                                  4 S  
                                         1.644E-01 1.000E+00 0.000E+00 0.000E+00
                           5-     7 P  
                                         3.470E+01 0.000E+00 5.333E-03 0.000E+00
                                         7.958E+00 0.000E+00 3.586E-02 0.000E+00
                                         2.378E+00 0.000E+00 1.422E-01 0.000E+00
                                         8.143E-01 0.000E+00 3.427E-01 0.000E+00
                           8-    10 P  
                                         5.662E-01 0.000E+00 1.000E+00 0.000E+00
                          11-    13 P  
                                         2.674E-01 0.000E+00 1.000E+00 0.000E+00
                          14-    18 D  
                                         8.792E-01 0.000E+00 0.000E+00 1.000E+00
   2 C    2.946   6.111  -6.111
   3 C   -2.946   6.111   6.111
   4 C    2.946  -6.111   6.111
   5 C   -6.111  -2.946  -6.111
   6 C   -6.111  -6.111  -2.946
   7 C    6.111   2.946  -6.111
   8 C    6.111  -6.111   2.946
   9 C   -6.111   2.946   6.111
  10 C    6.111   6.111  -2.946
  11 C    6.111  -2.946   6.111
  12 C   -6.111   6.111   2.946
  13 C    6.111   2.946   6.111
  14 C   -6.111  -2.946   6.111
  15 C   -6.111   2.946  -6.111
  16 C    6.111  -2.946  -6.111
  17 C    2.946   6.111   6.111
  18 C    6.111   6.111   2.946
  19 C   -2.946  -6.111   6.111
  20 C    6.111  -6.111  -2.946
  21 C   -2.946   6.111  -6.111
  22 C   -6.111  -6.111   2.946
  23 C    2.946  -6.111  -6.111
  24 C   -6.111   6.111  -2.946
  25 C   -3.064  -3.064  -3.064
  26 C    3.064   3.064  -3.064
  27 C   -3.064   3.064   3.064
  28 C    3.064  -3.064   3.064
  29 C    3.064   3.064   3.064
  30 C   -3.064  -3.064   3.064
  31 C   -3.064   3.064  -3.064
  32 C    3.064  -3.064  -3.064
  33 C   -4.541  -1.241   4.541
  34 C    4.541   1.241   4.541
  35 C   -4.541   1.241  -4.541
  36 C    4.541  -1.241  -4.541
  37 C    4.541  -4.541  -1.241
  38 C   -1.241   4.541  -4.541
  39 C   -4.541   4.541  -1.241
  40 C    1.241   4.541   4.541
  41 C    4.541   4.541   1.241
  42 C    1.241  -4.541  -4.541
  43 C   -4.541  -4.541   1.241
  44 C   -1.241  -4.541   4.541
  45 C    1.241   4.541  -4.541
  46 C   -1.241  -4.541  -4.541
  47 C   -1.241   4.541   4.541
  48 C    1.241  -4.541   4.541
  49 C    4.541  -4.541   1.241
  50 C   -4.541   1.241   4.541
  51 C   -4.541   4.541   1.241
  52 C   -4.541  -1.241  -4.541
  53 C   -4.541  -4.541  -1.241
  54 C    4.541  -1.241   4.541
  55 C    4.541   4.541  -1.241
  56 C    4.541   1.241  -4.541
 INFORMATION **** SET_MPP **** PCRYSTAL CALCULATION
 INFORMATION **** READM2 **** NEW DEFAULT: FOCK/KS MATRIX MIXING SET TO 30 %
 INFORMATION **** READM2 **** NEW DEFAULT: FULL DIRECT SCF MODE
 INFORMATION **** READM2 **** NEW DEFAULT: COULOMB BIPOLAR BUFFER SET TO 32 Mb
 INFORMATION **** READM2 **** NEW DEFAULT: EXCHANGE BIPOLAR BUFFER SET TO 32 Mb

 *******************************************************************************
 NEW DEFAULT: DFT INTEGRATION GRID INCREASED TO XLGRID
 NEW DEFAULT: DIIS ACCELERATOR ACTIVE
 USE KEYWORD NODIIS TO TURN IT OFF
 *******************************************************************************

 INFORMATION **** DFTD3_INPUT **** PERFORM LATEST DISPERSION CORRECTION DFT-D3(BJ) WITH AUTOMATIC PARAMETER SETUP
 PLEASE CITE:
 (1) DFT-D3 Reference
  S. Grimme, J. Antony, S. Ehrlich, and H. Krieg, J. Chem. Phys. 132 (2010), 154104
 (2) BJ-Damping Reference
  S. Grimme, S. Ehrlich, and L. Goerigk, J. Comput. Chem. 32 (2011), 1456-1465
 (3) General DFT-D Review
  S. Grimme, A. Hansen, J. G. Brandenburg, and C. Bannwarth,
  Chem. Rev. 116 (2016), 5105-5154

 INFORMATION **** TOLINTEG **** COULOMB AND EXCHANGE SERIES TOLERANCES MODIFIED
 INFORMATION **** TOLDEE **** SCF TOL ON TOTAL ENERGY SET TO           9
 INFORMATION **** READM2 **** FULL DIRECT SCF (MONO AND BIEL INT) SELECTED
 INFORMATION **** MAXCYCLE **** MAX NUMBER OF SCF CYCLES SET TO         800
 INFORMATION **** DIIS **** DIIS FOR SCF ACTIVE
 INFORMATION **** DIIS **** LEVEL SHIFTER DISABLED
 INFORMATION **** PPAN ****  MULLIKEN POPULATION ANALYSIS AT THE END OF SCF
 *******************************************************************************
 N. OF ATOMS PER CELL        56  COULOMB OVERLAP TOL         (T1) 10**   -8
 NUMBER OF SHELLS           448  COULOMB PENETRATION TOL     (T2) 10**   -8
 NUMBER OF AO              1008  EXCHANGE OVERLAP TOL        (T3) 10**   -8
 N. OF ELECTRONS PER CELL   336  EXCHANGE PSEUDO OVP (F(G))  (T4) 10**   -9
 CORE ELECTRONS PER CELL    112  EXCHANGE PSEUDO OVP (P(G))  (T5) 10**  -24
 N. OF SYMMETRY OPERATORS    48  POLE ORDER IN MONO ZONE                  4
 *******************************************************************************
 TYPE OF CALCULATION :  UNRESTRICTED OPEN SHELL
 KOHN-SHAM HAMILTONIAN

 (EXCHANGE)[CORRELATION] FUNCTIONAL:(BECKE 88)[LEE-YANG-PARR]

 NON-LOCAL WEIGHTING FACTOR (EXCHANGE) =           0.9000
 NON-LOCAL WEIGHTING FACTOR [CORRELATION] =        0.8100

 HYBRID EXCHANGE - PERCENTAGE OF FOCK EXCHANGE    20.0000

 SPIN POLARIZED DFT SELECTED

 CAPPA:IS1  4;IS2  4;IS3  4; K PTS MONK NET   8; SYMMOPS:K SPACE  48;G SPACE  48

 *******************************************************************************
 MAX NUMBER OF SCF CYCLES     800  CONVERGENCE ON DELTAP        10**-19
 WEIGHT OF F(I) IN F(I+1)      30% CONVERGENCE ON ENERGY        10**- 9
 SHRINK. FACT.(MONKH.)    4  4  4  NUMBER OF K POINTS IN THE IBZ      8
 SHRINKING FACTOR(GILAT NET)    8  NUMBER OF K POINTS(GILAT NET)     29
 *******************************************************************************
 *** K POINTS COORDINATES (OBLIQUE COORDINATES IN UNITS OF IS =  4)
   1-R(  0  0  0)   2-C(  1  0  0)   3-R(  2  0  0)   4-C(  1  1  0)
   5-C(  1  1  1)   6-C(  3  1  1)   7-C(  2  2  1)   8-R(  2  2  2)

 DIRECT LATTICE VECTORS COMPON. (A.U.)     RECIP. LATTICE VECTORS COMPON. (A.U.) 
        X            Y            Z              X            Y            Z
  -10.7600581   10.7600581   10.7600581      0.0000000    0.2919680    0.2919680
   10.7600581  -10.7600581   10.7600581      0.2919680    0.0000000    0.2919680
   10.7600581   10.7600581  -10.7600581      0.2919680    0.2919680    0.0000000

 DISK SPACE FOR EIGENVECTORS (FTN 10)    13208832 REALS

 SYMMETRY ADAPTION OF THE BLOCH FUNCTIONS ENABLED
 TTTTTTTTTTTTTTTTTTTTTTTTTTTTTT gordsh1     TELAPSE        1.77 TCPU        0.59

 MATRIX SIZE: P(G) 2868288, F(G)  320376, P(G) IRR   37472, F(G) IRR    9448
 MAX G-VECTOR INDEX FOR 1- AND 2-ELECTRON INTEGRALS  59

 TTTTTTTTTTTTTTTTTTTTTTTTTTTTTT INPUT       TELAPSE        1.79 TCPU        0.61

 NEIGHBORS OF THE NON-EQUIVALENT ATOMS

 N = NUMBER OF NEIGHBORS AT DISTANCE R
    ATOM  N     R/ANG      R/AU   NEIGHBORS (ATOM LABELS AND CELL INDICES)
   1 C    1     1.4813     2.7993   46 C    0 0 0
   1 C    2     1.4912     2.8179   13 C   -1-1-1   18 C   -1-1-1
   1 C    1     2.2814     4.3112   25 C    0 0 0
   1 C    2     2.3693     4.4773    5 C    0 0 0    6 C    0 0 0
   1 C    2     2.5009     4.7261   34 C   -1-1-1   41 C   -1-1-1
   1 C    1     2.5081     4.7395   42 C    0 0 0

  25 C    3     1.4670     2.7721   46 C    0 0 0   52 C    0 0 0   53 C    0 0 0
  25 C    3     2.2814     4.3112    1 C    0 0 0    5 C    0 0 0    6 C    0 0 0
  25 C    3     2.5323     4.7854   35 C    0 0 0   42 C    0 0 0   43 C    0 0 0
  25 C    3     2.7795     5.2524   13 C   -1-1-1   17 C   -1-1-1   18 C   -1-1-1
  25 C    3     3.2429     6.1282   30 C    0 0 0   31 C    0 0 0   32 C    0 0 0
  25 C    3     3.9134     7.3952   15 C    0 0 0   22 C    0 0 0   23 C    0 0 0

  33 C    1     1.3139     2.4829   50 C    0 0 0
  33 C    1     1.4670     2.7721   30 C    0 0 0
  33 C    1     1.4813     2.7993   14 C    0 0 0
  33 C    2     2.4693     4.6663   43 C    0 0 0   44 C    0 0 0
  33 C    2     2.5009     4.7261    2 C    0 0-1   10 C    0 0-1
  33 C    1     2.5081     4.7395    9 C    0 0 0


 SYMMETRY ALLOWED INTERNAL DEGREE(S) OF FREEDOM:   5
 TTTTTTTTTTTTTTTTTTTTTTTTTTTTTT SYMM        TELAPSE        1.84 TCPU        0.66
 TTTTTTTTTTTTTTTTTTTTTTTTTTTTTT INT_SCREEN  TELAPSE        1.86 TCPU        0.68

 DFT PARAMETERS

     ATOM       ELECTRONS   NET CHARGE   R(ANGSTROM)
   1   6  C       6.0000      0.0000     0.77000000

 SIZE OF GRID=      40651
 TTTTTTTTTTTTTTTTTTTTTTTTTTTTTT MAKE_GRID2  TELAPSE        2.03 TCPU        0.84
 BECKE WEIGHT FUNCTION
 RADSAFE =     2.00
 TOLERANCES - DENSITY:10**- 6; POTENTIAL:10**- 9; GRID WGT:10**-14

 RADIAL INTEGRATION  - INTERVALS (POINTS,UPPER LIMIT):            1( 75,  4.0*R)

 ANGULAR INTEGRATION - INTERVALS (ACCURACY LEVEL [N. POINTS] UPPER LIMIT):
  1(  4[  86]   0.2)  2(  8[ 194]   0.5)  3( 12[ 350]   0.9)  4( 16[ 974]   3.5)
  5( 12[ 350]9999.0)
 TTTTTTTTTTTTTTTTTTTTTTTTTTTTTT INT_CALC    TELAPSE        2.05 TCPU        0.86
 EEEEEEEEEE INT_CALC TERMINATION  DATE 30 01 2026 TIME 18:36:43.0

 *******************************************************************************
 ./3^3T58-CA_rev1_sp_B3LYP-D3-D3_optimized                                       
 CRYSTAL - SCF - TYPE OF CALCULATION :  UNRESTRICTED OPEN SHELL
 *******************************************************************************

 CAPPA:IS1  4;IS2  4;IS3  4; K PTS MONK NET   8; SYMMOPS:K SPACE  48;G SPACE  48

 TTTTTTTTTTTTTTTTTTTTTTTTTTTTTT SDIK        TELAPSE        2.20 TCPU        1.01

 AAAAAAAAAAAAAAAAAAAAAAAAAAAAAAAAAAAAAAAAAAAAAAAAAAAAAAAAAAAAAAAAAAAAAAAAAAAAAAA
         ATOMIC WAVEFUNCTION(S)


 NUCLEAR CHARGE  6.0  SYMMETRY SPECIES            S    P
 N. ELECTRONS    6.0  NUMBER OF PRIMITIVE GTOS   10    6
                      NUMBER OF CONTRACTED GTOS   4    3
                      NUMBER OF CLOSED SHELLS     2    0
                      OPEN SHELL OCCUPATION       0    2

  ZNUC  SCFIT    TOTAL HF ENERGY   KINETIC ENERGY   VIRIAL THEOREM ACCURACY
   6.0    10    -3.766702350E+01  3.783137943E+01 -1.995655566E+00  1.6E-06

 AAAAAAAAAAAAAAAAAAAAAAAAAAAAAAAAAAAAAAAAAAAAAAAAAAAAAAAAAAAAAAAAAAAAAAAAAAAAAAA

 CHARGE NORMALIZATION FACTOR   1.00000000
 TOTAL ATOMIC CHARGES:
   6.0000000   6.0000000   6.0000000   6.0000000   6.0000000   6.0000000
   6.0000000   6.0000000   6.0000000   6.0000000   6.0000000   6.0000000
   6.0000000   6.0000000   6.0000000   6.0000000   6.0000000   6.0000000
   6.0000000   6.0000000   6.0000000   6.0000000   6.0000000   6.0000000
   6.0000000   6.0000000   6.0000000   6.0000000   6.0000000   6.0000000
   6.0000000   6.0000000   6.0000000   6.0000000   6.0000000   6.0000000
   6.0000000   6.0000000   6.0000000   6.0000000   6.0000000   6.0000000
   6.0000000   6.0000000   6.0000000   6.0000000   6.0000000   6.0000000
   6.0000000   6.0000000   6.0000000   6.0000000   6.0000000   6.0000000
   6.0000000   6.0000000
 SUMMED SPIN DENSITY           0.00000000
 TOTAL ATOMIC SPINS  :
   0.0000000   0.0000000   0.0000000   0.0000000   0.0000000   0.0000000
   0.0000000   0.0000000   0.0000000   0.0000000   0.0000000   0.0000000
   0.0000000   0.0000000   0.0000000   0.0000000   0.0000000   0.0000000
   0.0000000   0.0000000   0.0000000   0.0000000   0.0000000   0.0000000
   0.0000000   0.0000000   0.0000000   0.0000000   0.0000000   0.0000000
   0.0000000   0.0000000   0.0000000   0.0000000   0.0000000   0.0000000
   0.0000000   0.0000000   0.0000000   0.0000000   0.0000000   0.0000000
   0.0000000   0.0000000   0.0000000   0.0000000   0.0000000   0.0000000
   0.0000000   0.0000000   0.0000000   0.0000000   0.0000000   0.0000000
   0.0000000   0.0000000
 TTTTTTTTTTTTTTTTTTTTTTTTTTTTTT MOQGAD      TELAPSE        2.21 TCPU        1.03
 TTTTTTTTTTTTTTTTTTTTTTTTTTTTTT SHELLXN     TELAPSE        7.30 TCPU        6.10
 TTTTTTTTTTTTTTTTTTTTTTTTTTTTTT MONMO3      TELAPSE        7.34 TCPU        6.14
 NUMERICALLY INTEGRATED DENSITY    167.9999936815    167.9999936815
 TTTTTTTTTTTTTTTTTTTTTTTTTTTTTT NUMDFT      TELAPSE        7.72 TCPU        6.52
 CYC   0 ETOT(AU) -2.147759214943E+03 DETOT -2.15E+03 tst  0.00E+00 PX  1.00E+00
 TTTTTTTTTTTTTTTTTTTTTTTTTTTTTT DIIS        TELAPSE        7.77 TCPU        6.58
 TTTTTTTTTTTTTTTTTTTTTTTTTTTTTT FDIK        TELAPSE        9.30 TCPU        8.10

    ALPHA      ELECTRONS
 INSULATING STATE
 TOP OF VALENCE BANDS -    BAND    168; K    8; EIG -1.7030774E-01 AU
 TOP OF VALENCE BANDS -    BAND    168; K    1; EIG -1.7827213E-01 AU
 BOTTOM OF VIRTUAL BANDS - BAND    169; K    8; EIG -1.6279800E-01 AU
 DIRECT ENERGY BAND GAP:   0.2044 eV
 BOTTOM OF VIRTUAL BANDS - BAND    169; K    1; EIG -1.4756839E-01 AU

    BETA       ELECTRONS
 INSULATING STATE
 TOP OF VALENCE BANDS -    BAND    168; K    8; EIG -1.7030774E-01 AU
 TOP OF VALENCE BANDS -    BAND    168; K    1; EIG -1.7827213E-01 AU
 BOTTOM OF VIRTUAL BANDS - BAND    169; K    8; EIG -1.6279800E-01 AU
 DIRECT ENERGY BAND GAP:   0.2044 eV
 BOTTOM OF VIRTUAL BANDS - BAND    169; K    1; EIG -1.4756839E-01 AU
 TTTTTTTTTTTTTTTTTTTTTTTTTTTTTT PDIG        TELAPSE        9.47 TCPU        8.26
 CHARGE NORMALIZATION FACTOR   1.00000000
 TOTAL ATOMIC CHARGES:
   6.0851905   6.0851905   6.0851905   6.0851905   6.0851905   6.0851905
   6.0851905   6.0851905   6.0851905   6.0851905   6.0851905   6.0851905
   6.0851905   6.0851905   6.0851905   6.0851905   6.0851905   6.0851905
   6.0851905   6.0851905   6.0851905   6.0851905   6.0851905   6.0851905
   5.6613046   5.6613046   5.6613046   5.6613046   5.6613046   5.6613046
   5.6613046   5.6613046   6.0277079   6.0277079   6.0277079   6.0277079
   6.0277079   6.0277079   6.0277079   6.0277079   6.0277079   6.0277079
   6.0277079   6.0277079   6.0277079   6.0277079   6.0277079   6.0277079
   6.0277079   6.0277079   6.0277079   6.0277079   6.0277079   6.0277079
   6.0277079   6.0277079
 SUMMED SPIN DENSITY           0.00000000
 TOTAL ATOMIC SPINS  :
  -0.0000000  -0.0000000  -0.0000000  -0.0000000  -0.0000000  -0.0000000
  -0.0000000  -0.0000000  -0.0000000  -0.0000000  -0.0000000  -0.0000000
  -0.0000000  -0.0000000  -0.0000000  -0.0000000  -0.0000000  -0.0000000
  -0.0000000  -0.0000000  -0.0000000  -0.0000000  -0.0000000  -0.0000000
  -0.0000000  -0.0000000  -0.0000000  -0.0000000  -0.0000000  -0.0000000
  -0.0000000  -0.0000000   0.0000000   0.0000000   0.0000000   0.0000000
   0.0000000   0.0000000   0.0000000   0.0000000   0.0000000   0.0000000
   0.0000000   0.0000000   0.0000000   0.0000000   0.0000000   0.0000000
   0.0000000   0.0000000   0.0000000   0.0000000   0.0000000   0.0000000
   0.0000000   0.0000000
 TTTTTTTTTTTTTTTTTTTTTTTTTTTTTT MOQGAD      TELAPSE        9.48 TCPU        8.28
 TTTTTTTTTTTTTTTTTTTTTTTTTTTTTT SHELLXN     TELAPSE       14.86 TCPU       13.65
 TTTTTTTTTTTTTTTTTTTTTTTTTTTTTT MONMO3      TELAPSE       14.89 TCPU       13.68
 NUMERICALLY INTEGRATED DENSITY    167.9999810176    167.9999810176
 TTTTTTTTTTTTTTTTTTTTTTTTTTTTTT NUMDFT      TELAPSE       15.26 TCPU       14.05
 CYC   1 ETOT(AU) -2.130747710471E+03 DETOT  1.70E+01 tst  0.00E+00 PX  1.00E+00
 TTTTTTTTTTTTTTTTTTTTTTTTTTTTTT DIIS        TELAPSE       15.38 TCPU       14.17
 DIIS TEST: 0.13495E+02 AT SCF   CYCLE   1 - MIX   30 %
 TTTTTTTTTTTTTTTTTTTTTTTTTTTTTT FDIK        TELAPSE       16.00 TCPU       14.78
 POSSIBLY CONDUCTING STATE - EFERMI(AU) -1.2694138E-01 (RES. CHARGE  1.27E-10;IT. 12)
 TTTTTTTTTTTTTTTTTTTTTTTTTTTTTT PDIG        TELAPSE       16.15 TCPU       14.93
 CHARGE NORMALIZATION FACTOR   1.00000000
 TOTAL ATOMIC CHARGES:
   5.8577726   5.8577726   5.8577726   5.8577726   5.8577726   5.8577726
   5.8577726   5.8577726   5.8577726   5.8577726   5.8577726   5.8577726
   5.8577726   5.8577726   5.8577726   5.8577726   5.8577726   5.8577726
   5.8577726   5.8577726   5.8577726   5.8577726   5.8577726   5.8577726
   6.6822134   6.6822134   6.6822134   6.6822134   6.6822134   6.6822134
   6.6822134   6.6822134   5.9148230   5.9148230   5.9148230   5.9148230
   5.9148230   5.9148230   5.9148230   5.9148230   5.9148230   5.9148230
   5.9148230   5.9148230   5.9148230   5.9148230   5.9148230   5.9148230
   5.9148230   5.9148230   5.9148230   5.9148230   5.9148230   5.9148230
   5.9148230   5.9148230
 SUMMED SPIN DENSITY          -0.00000000
 TOTAL ATOMIC SPINS  :
   0.0000000   0.0000000   0.0000000   0.0000000   0.0000000   0.0000000
   0.0000000   0.0000000   0.0000000   0.0000000   0.0000000   0.0000000
   0.0000000   0.0000000   0.0000000   0.0000000   0.0000000   0.0000000
   0.0000000   0.0000000   0.0000000   0.0000000   0.0000000   0.0000000
  -0.0000000  -0.0000000  -0.0000000  -0.0000000  -0.0000000  -0.0000000
  -0.0000000  -0.0000000  -0.0000000  -0.0000000  -0.0000000  -0.0000000
  -0.0000000  -0.0000000  -0.0000000  -0.0000000  -0.0000000  -0.0000000
  -0.0000000  -0.0000000  -0.0000000  -0.0000000  -0.0000000  -0.0000000
  -0.0000000  -0.0000000  -0.0000000  -0.0000000  -0.0000000  -0.0000000
  -0.0000000  -0.0000000
 TTTTTTTTTTTTTTTTTTTTTTTTTTTTTT MOQGAD      TELAPSE       16.16 TCPU       14.95
 TTTTTTTTTTTTTTTTTTTTTTTTTTTTTT SHELLXN     TELAPSE       21.54 TCPU       20.33
 TTTTTTTTTTTTTTTTTTTTTTTTTTTTTT MONMO3      TELAPSE       21.58 TCPU       20.36
 NUMERICALLY INTEGRATED DENSITY    167.9999855229    167.9999855229
 TTTTTTTTTTTTTTTTTTTTTTTTTTTTTT NUMDFT      TELAPSE       21.95 TCPU       20.73
 CYC   2 ETOT(AU) -2.129974110087E+03 DETOT  7.74E-01 tst  2.70E-02 PX  1.99E-01
 TTTTTTTTTTTTTTTTTTTTTTTTTTTTTT DIIS        TELAPSE       22.00 TCPU       20.78
 DIIS TEST: 0.57173E+02 AT SCF   CYCLE   2 - DIIS ACTIVE - HISTORY:     2 CYCLES
 TTTTTTTTTTTTTTTTTTTTTTTTTTTTTT FDIK        TELAPSE       22.65 TCPU       21.43

    ALPHA      ELECTRONS
 INSULATING STATE
 TOP OF VALENCE BANDS -    BAND    168; K    8; EIG -1.3199472E-01 AU
 TOP OF VALENCE BANDS -    BAND    168; K    1; EIG -1.4159188E-01 AU
 BOTTOM OF VIRTUAL BANDS - BAND    169; K    8; EIG -1.0185547E-01 AU
 DIRECT ENERGY BAND GAP:   0.8201 eV
 BOTTOM OF VIRTUAL BANDS - BAND    169; K    1; EIG -8.4760207E-02 AU

    BETA       ELECTRONS
 INSULATING STATE
 TOP OF VALENCE BANDS -    BAND    168; K    8; EIG -1.3199472E-01 AU
 TOP OF VALENCE BANDS -    BAND    168; K    1; EIG -1.4159188E-01 AU
 BOTTOM OF VIRTUAL BANDS - BAND    169; K    8; EIG -1.0185547E-01 AU
 DIRECT ENERGY BAND GAP:   0.8201 eV
 BOTTOM OF VIRTUAL BANDS - BAND    169; K    1; EIG -8.4760207E-02 AU
 TTTTTTTTTTTTTTTTTTTTTTTTTTTTTT PDIG        TELAPSE       22.80 TCPU       21.58
 CHARGE NORMALIZATION FACTOR   1.00000000
 TOTAL ATOMIC CHARGES:
   6.1063784   6.1063784   6.1063784   6.1063784   6.1063784   6.1063784
   6.1063784   6.1063784   6.1063784   6.1063784   6.1063784   6.1063784
   6.1063784   6.1063784   6.1063784   6.1063784   6.1063784   6.1063784
   6.1063784   6.1063784   6.1063784   6.1063784   6.1063784   6.1063784
   5.9622885   5.9622885   5.9622885   5.9622885   5.9622885   5.9622885
   5.9622885   5.9622885   5.9061921   5.9061921   5.9061921   5.9061921
   5.9061921   5.9061921   5.9061921   5.9061921   5.9061921   5.9061921
   5.9061921   5.9061921   5.9061921   5.9061921   5.9061921   5.9061921
   5.9061921   5.9061921   5.9061921   5.9061921   5.9061921   5.9061921
   5.9061921   5.9061921
 SUMMED SPIN DENSITY           0.00000000
 TOTAL ATOMIC SPINS  :
  -0.0000000  -0.0000000  -0.0000000  -0.0000000  -0.0000000  -0.0000000
  -0.0000000  -0.0000000  -0.0000000  -0.0000000  -0.0000000  -0.0000000
  -0.0000000  -0.0000000  -0.0000000  -0.0000000  -0.0000000  -0.0000000
  -0.0000000  -0.0000000  -0.0000000  -0.0000000  -0.0000000  -0.0000000
  -0.0000000  -0.0000000  -0.0000000  -0.0000000  -0.0000000  -0.0000000
  -0.0000000  -0.0000000   0.0000000   0.0000000   0.0000000   0.0000000
   0.0000000   0.0000000   0.0000000   0.0000000   0.0000000   0.0000000
   0.0000000   0.0000000   0.0000000   0.0000000   0.0000000   0.0000000
   0.0000000   0.0000000   0.0000000   0.0000000   0.0000000   0.0000000
   0.0000000   0.0000000
 TTTTTTTTTTTTTTTTTTTTTTTTTTTTTT MOQGAD      TELAPSE       22.82 TCPU       21.59
 TTTTTTTTTTTTTTTTTTTTTTTTTTTTTT SHELLXN     TELAPSE       28.20 TCPU       26.97
 TTTTTTTTTTTTTTTTTTTTTTTTTTTTTT MONMO3      TELAPSE       28.23 TCPU       27.00
 NUMERICALLY INTEGRATED DENSITY    167.9999790692    167.9999790692
 TTTTTTTTTTTTTTTTTTTTTTTTTTTTTT NUMDFT      TELAPSE       28.60 TCPU       27.36
 CYC   3 ETOT(AU) -2.130978537036E+03 DETOT -1.00E+00 tst  1.53E-02 PX  8.34E-02
 TTTTTTTTTTTTTTTTTTTTTTTTTTTTTT DIIS        TELAPSE       28.69 TCPU       27.46
 DIIS TEST: 0.39854E+01 AT SCF   CYCLE   3 - DIIS ACTIVE - HISTORY:     3 CYCLES
 TTTTTTTTTTTTTTTTTTTTTTTTTTTTTT FDIK        TELAPSE       29.27 TCPU       28.04

    ALPHA      ELECTRONS
 INSULATING STATE
 TOP OF VALENCE BANDS -    BAND    168; K    8; EIG -1.3233788E-01 AU
 TOP OF VALENCE BANDS -    BAND    168; K    1; EIG -1.4114049E-01 AU
 BOTTOM OF VIRTUAL BANDS - BAND    169; K    8; EIG -1.0272000E-01 AU
 DIRECT ENERGY BAND GAP:   0.8059 eV
 BOTTOM OF VIRTUAL BANDS - BAND    169; K    1; EIG -8.5873278E-02 AU

    BETA       ELECTRONS
 INSULATING STATE
 TOP OF VALENCE BANDS -    BAND    168; K    8; EIG -1.3233788E-01 AU
 TOP OF VALENCE BANDS -    BAND    168; K    1; EIG -1.4114049E-01 AU
 BOTTOM OF VIRTUAL BANDS - BAND    169; K    8; EIG -1.0272000E-01 AU
 DIRECT ENERGY BAND GAP:   0.8059 eV
 BOTTOM OF VIRTUAL BANDS - BAND    169; K    1; EIG -8.5873278E-02 AU
 TTTTTTTTTTTTTTTTTTTTTTTTTTTTTT PDIG        TELAPSE       29.42 TCPU       28.19
 CHARGE NORMALIZATION FACTOR   1.00000000
 TOTAL ATOMIC CHARGES:
   6.0263735   6.0263735   6.0263735   6.0263735   6.0263735   6.0263735
   6.0263735   6.0263735   6.0263735   6.0263735   6.0263735   6.0263735
   6.0263735   6.0263735   6.0263735   6.0263735   6.0263735   6.0263735
   6.0263735   6.0263735   6.0263735   6.0263735   6.0263735   6.0263735
   6.0218468   6.0218468   6.0218468   6.0218468   6.0218468   6.0218468
   6.0218468   6.0218468   5.9663443   5.9663443   5.9663443   5.9663443
   5.9663443   5.9663443   5.9663443   5.9663443   5.9663443   5.9663443
   5.9663443   5.9663443   5.9663443   5.9663443   5.9663443   5.9663443
   5.9663443   5.9663443   5.9663443   5.9663443   5.9663443   5.9663443
   5.9663443   5.9663443
 SUMMED SPIN DENSITY          -0.00000000
 TOTAL ATOMIC SPINS  :
  -0.0000000  -0.0000000  -0.0000000  -0.0000000  -0.0000000  -0.0000000
  -0.0000000  -0.0000000  -0.0000000  -0.0000000  -0.0000000  -0.0000000
  -0.0000000  -0.0000000  -0.0000000  -0.0000000  -0.0000000  -0.0000000
  -0.0000000  -0.0000000  -0.0000000  -0.0000000  -0.0000000  -0.0000000
  -0.0000000  -0.0000000  -0.0000000  -0.0000000  -0.0000000  -0.0000000
  -0.0000000  -0.0000000   0.0000000   0.0000000   0.0000000   0.0000000
   0.0000000   0.0000000   0.0000000   0.0000000   0.0000000   0.0000000
   0.0000000   0.0000000   0.0000000   0.0000000   0.0000000   0.0000000
   0.0000000   0.0000000   0.0000000   0.0000000   0.0000000   0.0000000
   0.0000000   0.0000000
 TTTTTTTTTTTTTTTTTTTTTTTTTTTTTT MOQGAD      TELAPSE       29.44 TCPU       28.20
 TTTTTTTTTTTTTTTTTTTTTTTTTTTTTT SHELLXN     TELAPSE       34.82 TCPU       33.57
 TTTTTTTTTTTTTTTTTTTTTTTTTTTTTT MONMO3      TELAPSE       34.85 TCPU       33.61
 NUMERICALLY INTEGRATED DENSITY    167.9999816219    167.9999816219
 TTTTTTTTTTTTTTTTTTTTTTTTTTTTTT NUMDFT      TELAPSE       35.21 TCPU       33.97
 CYC   4 ETOT(AU) -2.131054904568E+03 DETOT -7.64E-02 tst  7.96E-04 PX  2.36E-02
 TTTTTTTTTTTTTTTTTTTTTTTTTTTTTT DIIS        TELAPSE       35.26 TCPU       34.02
 DIIS TEST: 0.13254E+00 AT SCF   CYCLE   4 - DIIS ACTIVE - HISTORY:     4 CYCLES
 TTTTTTTTTTTTTTTTTTTTTTTTTTTTTT FDIK        TELAPSE       35.92 TCPU       34.68

    ALPHA      ELECTRONS
 INSULATING STATE
 TOP OF VALENCE BANDS -    BAND    168; K    8; EIG -1.3972328E-01 AU
 TOP OF VALENCE BANDS -    BAND    168; K    1; EIG -1.4831782E-01 AU
 BOTTOM OF VIRTUAL BANDS - BAND    169; K    8; EIG -1.0808602E-01 AU
 DIRECT ENERGY BAND GAP:   0.8609 eV
 BOTTOM OF VIRTUAL BANDS - BAND    169; K    1; EIG -9.1712129E-02 AU

    BETA       ELECTRONS
 INSULATING STATE
 TOP OF VALENCE BANDS -    BAND    168; K    8; EIG -1.3972328E-01 AU
 TOP OF VALENCE BANDS -    BAND    168; K    1; EIG -1.4831782E-01 AU
 BOTTOM OF VIRTUAL BANDS - BAND    169; K    8; EIG -1.0808602E-01 AU
 DIRECT ENERGY BAND GAP:   0.8609 eV
 BOTTOM OF VIRTUAL BANDS - BAND    169; K    1; EIG -9.1712129E-02 AU
 TTTTTTTTTTTTTTTTTTTTTTTTTTTTTT PDIG        TELAPSE       36.07 TCPU       34.82
 CHARGE NORMALIZATION FACTOR   1.00000000
 TOTAL ATOMIC CHARGES:
   6.0387141   6.0387141   6.0387141   6.0387141   6.0387141   6.0387141
   6.0387141   6.0387141   6.0387141   6.0387141   6.0387141   6.0387141
   6.0387141   6.0387141   6.0387141   6.0387141   6.0387141   6.0387141
   6.0387141   6.0387141   6.0387141   6.0387141   6.0387141   6.0387141
   6.0353463   6.0353463   6.0353463   6.0353463   6.0353463   6.0353463
   6.0353463   6.0353463   5.9495039   5.9495039   5.9495039   5.9495039
   5.9495039   5.9495039   5.9495039   5.9495039   5.9495039   5.9495039
   5.9495039   5.9495039   5.9495039   5.9495039   5.9495039   5.9495039
   5.9495039   5.9495039   5.9495039   5.9495039   5.9495039   5.9495039
   5.9495039   5.9495039
 SUMMED SPIN DENSITY          -0.00000000
 TOTAL ATOMIC SPINS  :
  -0.0000000  -0.0000000  -0.0000000  -0.0000000  -0.0000000  -0.0000000
  -0.0000000  -0.0000000  -0.0000000  -0.0000000  -0.0000000  -0.0000000
  -0.0000000  -0.0000000  -0.0000000  -0.0000000  -0.0000000  -0.0000000
  -0.0000000  -0.0000000  -0.0000000  -0.0000000  -0.0000000  -0.0000000
   0.0000000   0.0000000   0.0000000   0.0000000   0.0000000   0.0000000
   0.0000000   0.0000000  -0.0000000  -0.0000000  -0.0000000  -0.0000000
  -0.0000000  -0.0000000  -0.0000000  -0.0000000  -0.0000000  -0.0000000
  -0.0000000  -0.0000000  -0.0000000  -0.0000000  -0.0000000  -0.0000000
  -0.0000000  -0.0000000  -0.0000000  -0.0000000  -0.0000000  -0.0000000
  -0.0000000  -0.0000000
 TTTTTTTTTTTTTTTTTTTTTTTTTTTTTT MOQGAD      TELAPSE       36.08 TCPU       34.84
 TTTTTTTTTTTTTTTTTTTTTTTTTTTTTT SHELLXN     TELAPSE       41.45 TCPU       40.20
 TTTTTTTTTTTTTTTTTTTTTTTTTTTTTT MONMO3      TELAPSE       41.49 TCPU       40.24
 NUMERICALLY INTEGRATED DENSITY    167.9999815345    167.9999815345
 TTTTTTTTTTTTTTTTTTTTTTTTTTTTTT NUMDFT      TELAPSE       41.85 TCPU       40.60
 CYC   5 ETOT(AU) -2.131058270115E+03 DETOT -3.37E-03 tst  1.44E-05 PX  1.52E-02
 TTTTTTTTTTTTTTTTTTTTTTTTTTTTTT DIIS        TELAPSE       41.90 TCPU       40.65
 DIIS TEST: 0.61178E-02 AT SCF   CYCLE   5 - DIIS ACTIVE - HISTORY:     5 CYCLES
 TTTTTTTTTTTTTTTTTTTTTTTTTTTTTT FDIK        TELAPSE       42.56 TCPU       41.30

    ALPHA      ELECTRONS
 INSULATING STATE
 TOP OF VALENCE BANDS -    BAND    168; K    8; EIG -1.3835551E-01 AU
 TOP OF VALENCE BANDS -    BAND    168; K    1; EIG -1.4695039E-01 AU
 BOTTOM OF VIRTUAL BANDS - BAND    169; K    8; EIG -1.0615477E-01 AU
 DIRECT ENERGY BAND GAP:   0.8762 eV
 BOTTOM OF VIRTUAL BANDS - BAND    169; K    1; EIG -8.9811404E-02 AU

    BETA       ELECTRONS
 INSULATING STATE
 TOP OF VALENCE BANDS -    BAND    168; K    8; EIG -1.3835551E-01 AU
 TOP OF VALENCE BANDS -    BAND    168; K    1; EIG -1.4695039E-01 AU
 BOTTOM OF VIRTUAL BANDS - BAND    169; K    8; EIG -1.0615477E-01 AU
 DIRECT ENERGY BAND GAP:   0.8762 eV
 BOTTOM OF VIRTUAL BANDS - BAND    169; K    1; EIG -8.9811404E-02 AU
 TTTTTTTTTTTTTTTTTTTTTTTTTTTTTT PDIG        TELAPSE       42.71 TCPU       41.45
 CHARGE NORMALIZATION FACTOR   1.00000000
 TOTAL ATOMIC CHARGES:
   6.0378125   6.0378125   6.0378125   6.0378125   6.0378125   6.0378125
   6.0378125   6.0378125   6.0378125   6.0378125   6.0378125   6.0378125
   6.0378125   6.0378125   6.0378125   6.0378125   6.0378125   6.0378125
   6.0378125   6.0378125   6.0378125   6.0378125   6.0378125   6.0378125
   6.0328120   6.0328120   6.0328120   6.0328120   6.0328120   6.0328120
   6.0328120   6.0328120   5.9512501   5.9512501   5.9512501   5.9512501
   5.9512501   5.9512501   5.9512501   5.9512501   5.9512501   5.9512501
   5.9512501   5.9512501   5.9512501   5.9512501   5.9512501   5.9512501
   5.9512501   5.9512501   5.9512501   5.9512501   5.9512501   5.9512501
   5.9512501   5.9512501
 SUMMED SPIN DENSITY          -0.00000000
 TOTAL ATOMIC SPINS  :
  -0.0000000  -0.0000000  -0.0000000  -0.0000000  -0.0000000  -0.0000000
  -0.0000000  -0.0000000  -0.0000000  -0.0000000  -0.0000000  -0.0000000
  -0.0000000  -0.0000000  -0.0000000  -0.0000000  -0.0000000  -0.0000000
  -0.0000000  -0.0000000  -0.0000000  -0.0000000  -0.0000000  -0.0000000
  -0.0000000  -0.0000000  -0.0000000  -0.0000000  -0.0000000  -0.0000000
  -0.0000000  -0.0000000   0.0000000   0.0000000   0.0000000   0.0000000
   0.0000000   0.0000000   0.0000000   0.0000000   0.0000000   0.0000000
   0.0000000   0.0000000   0.0000000   0.0000000   0.0000000   0.0000000
   0.0000000   0.0000000   0.0000000   0.0000000   0.0000000   0.0000000
   0.0000000   0.0000000
 TTTTTTTTTTTTTTTTTTTTTTTTTTTTTT MOQGAD      TELAPSE       42.72 TCPU       41.46
 TTTTTTTTTTTTTTTTTTTTTTTTTTTTTT SHELLXN     TELAPSE       48.10 TCPU       46.84
 TTTTTTTTTTTTTTTTTTTTTTTTTTTTTT MONMO3      TELAPSE       48.13 TCPU       46.87
 NUMERICALLY INTEGRATED DENSITY    167.9999814432    167.9999814432
 TTTTTTTTTTTTTTTTTTTTTTTTTTTTTT NUMDFT      TELAPSE       48.49 TCPU       47.23
 CYC   6 ETOT(AU) -2.131058412074E+03 DETOT -1.42E-04 tst  8.39E-07 PX  3.27E-03
 TTTTTTTTTTTTTTTTTTTTTTTTTTTTTT DIIS        TELAPSE       48.59 TCPU       47.33
 DIIS TEST: 0.61385E-03 AT SCF   CYCLE   6 - DIIS ACTIVE - HISTORY:     6 CYCLES
 TTTTTTTTTTTTTTTTTTTTTTTTTTTTTT FDIK        TELAPSE       49.28 TCPU       48.01

    ALPHA      ELECTRONS
 INSULATING STATE
 TOP OF VALENCE BANDS -    BAND    168; K    8; EIG -1.3849119E-01 AU
 TOP OF VALENCE BANDS -    BAND    168; K    1; EIG -1.4705951E-01 AU
 BOTTOM OF VIRTUAL BANDS - BAND    169; K    8; EIG -1.0618323E-01 AU
 DIRECT ENERGY BAND GAP:   0.8791 eV
 BOTTOM OF VIRTUAL BANDS - BAND    169; K    1; EIG -8.9838536E-02 AU

    BETA       ELECTRONS
 INSULATING STATE
 TOP OF VALENCE BANDS -    BAND    168; K    8; EIG -1.3849119E-01 AU
 TOP OF VALENCE BANDS -    BAND    168; K    1; EIG -1.4705951E-01 AU
 BOTTOM OF VIRTUAL BANDS - BAND    169; K    8; EIG -1.0618323E-01 AU
 DIRECT ENERGY BAND GAP:   0.8791 eV
 BOTTOM OF VIRTUAL BANDS - BAND    169; K    1; EIG -8.9838536E-02 AU
 TTTTTTTTTTTTTTTTTTTTTTTTTTTTTT PDIG        TELAPSE       49.43 TCPU       48.16
 CHARGE NORMALIZATION FACTOR   1.00000000
 TOTAL ATOMIC CHARGES:
   6.0373725   6.0373725   6.0373725   6.0373725   6.0373725   6.0373725
   6.0373725   6.0373725   6.0373725   6.0373725   6.0373725   6.0373725
   6.0373725   6.0373725   6.0373725   6.0373725   6.0373725   6.0373725
   6.0373725   6.0373725   6.0373725   6.0373725   6.0373725   6.0373725
   6.0323868   6.0323868   6.0323868   6.0323868   6.0323868   6.0323868
   6.0323868   6.0323868   5.9518319   5.9518319   5.9518319   5.9518319
   5.9518319   5.9518319   5.9518319   5.9518319   5.9518319   5.9518319
   5.9518319   5.9518319   5.9518319   5.9518319   5.9518319   5.9518319
   5.9518319   5.9518319   5.9518319   5.9518319   5.9518319   5.9518319
   5.9518319   5.9518319
 SUMMED SPIN DENSITY           0.00000000
 TOTAL ATOMIC SPINS  :
   0.0000000   0.0000000   0.0000000   0.0000000   0.0000000   0.0000000
   0.0000000   0.0000000   0.0000000   0.0000000   0.0000000   0.0000000
   0.0000000   0.0000000   0.0000000   0.0000000   0.0000000   0.0000000
   0.0000000   0.0000000   0.0000000   0.0000000   0.0000000   0.0000000
   0.0000000   0.0000000   0.0000000   0.0000000   0.0000000   0.0000000
   0.0000000   0.0000000  -0.0000000  -0.0000000  -0.0000000  -0.0000000
  -0.0000000  -0.0000000  -0.0000000  -0.0000000  -0.0000000  -0.0000000
  -0.0000000  -0.0000000  -0.0000000  -0.0000000  -0.0000000  -0.0000000
  -0.0000000  -0.0000000  -0.0000000  -0.0000000  -0.0000000  -0.0000000
  -0.0000000  -0.0000000
 TTTTTTTTTTTTTTTTTTTTTTTTTTTTTT MOQGAD      TELAPSE       49.44 TCPU       48.17
 TTTTTTTTTTTTTTTTTTTTTTTTTTTTTT SHELLXN     TELAPSE       54.81 TCPU       53.54
 TTTTTTTTTTTTTTTTTTTTTTTTTTTTTT MONMO3      TELAPSE       54.85 TCPU       53.57
 NUMERICALLY INTEGRATED DENSITY    167.9999814917    167.9999814917
 TTTTTTTTTTTTTTTTTTTTTTTTTTTTTT NUMDFT      TELAPSE       55.21 TCPU       53.93
 CYC   7 ETOT(AU) -2.131058435836E+03 DETOT -2.38E-05 tst  7.67E-08 PX  5.88E-04
 TTTTTTTTTTTTTTTTTTTTTTTTTTTTTT DIIS        TELAPSE       55.27 TCPU       54.00
 DIIS TEST: 0.99062E-04 AT SCF   CYCLE   7 - DIIS ACTIVE - HISTORY:     7 CYCLES
 TTTTTTTTTTTTTTTTTTTTTTTTTTTTTT FDIK        TELAPSE       55.90 TCPU       54.62

    ALPHA      ELECTRONS
 INSULATING STATE
 TOP OF VALENCE BANDS -    BAND    168; K    8; EIG -1.3852166E-01 AU
 TOP OF VALENCE BANDS -    BAND    168; K    1; EIG -1.4708881E-01 AU
 BOTTOM OF VIRTUAL BANDS - BAND    169; K    8; EIG -1.0618470E-01 AU
 DIRECT ENERGY BAND GAP:   0.8799 eV
 BOTTOM OF VIRTUAL BANDS - BAND    169; K    1; EIG -8.9840968E-02 AU

    BETA       ELECTRONS
 INSULATING STATE
 TOP OF VALENCE BANDS -    BAND    168; K    8; EIG -1.3852166E-01 AU
 TOP OF VALENCE BANDS -    BAND    168; K    1; EIG -1.4708881E-01 AU
 BOTTOM OF VIRTUAL BANDS - BAND    169; K    8; EIG -1.0618470E-01 AU
 DIRECT ENERGY BAND GAP:   0.8799 eV
 BOTTOM OF VIRTUAL BANDS - BAND    169; K    1; EIG -8.9840968E-02 AU
 TTTTTTTTTTTTTTTTTTTTTTTTTTTTTT PDIG        TELAPSE       56.04 TCPU       54.77
 CHARGE NORMALIZATION FACTOR   1.00000000
 TOTAL ATOMIC CHARGES:
   6.0376160   6.0376160   6.0376160   6.0376160   6.0376160   6.0376160
   6.0376160   6.0376160   6.0376160   6.0376160   6.0376160   6.0376160
   6.0376160   6.0376160   6.0376160   6.0376160   6.0376160   6.0376160
   6.0376160   6.0376160   6.0376160   6.0376160   6.0376160   6.0376160
   6.0319620   6.0319620   6.0319620   6.0319620   6.0319620   6.0319620
   6.0319620   6.0319620   5.9517300   5.9517300   5.9517300   5.9517300
   5.9517300   5.9517300   5.9517300   5.9517300   5.9517300   5.9517300
   5.9517300   5.9517300   5.9517300   5.9517300   5.9517300   5.9517300
   5.9517300   5.9517300   5.9517300   5.9517300   5.9517300   5.9517300
   5.9517300   5.9517300
 SUMMED SPIN DENSITY          -0.00000000
 TOTAL ATOMIC SPINS  :
   0.0000000   0.0000000   0.0000000   0.0000000   0.0000000   0.0000000
   0.0000000   0.0000000   0.0000000   0.0000000   0.0000000   0.0000000
   0.0000000   0.0000000   0.0000000   0.0000000   0.0000000   0.0000000
   0.0000000   0.0000000   0.0000000   0.0000000   0.0000000   0.0000000
  -0.0000000  -0.0000000  -0.0000000  -0.0000000  -0.0000000  -0.0000000
  -0.0000000  -0.0000000  -0.0000000  -0.0000000  -0.0000000  -0.0000000
  -0.0000000  -0.0000000  -0.0000000  -0.0000000  -0.0000000  -0.0000000
  -0.0000000  -0.0000000  -0.0000000  -0.0000000  -0.0000000  -0.0000000
  -0.0000000  -0.0000000  -0.0000000  -0.0000000  -0.0000000  -0.0000000
  -0.0000000  -0.0000000
 TTTTTTTTTTTTTTTTTTTTTTTTTTTTTT MOQGAD      TELAPSE       56.06 TCPU       54.78
 TTTTTTTTTTTTTTTTTTTTTTTTTTTTTT SHELLXN     TELAPSE       61.44 TCPU       60.15
 TTTTTTTTTTTTTTTTTTTTTTTTTTTTTT MONMO3      TELAPSE       61.47 TCPU       60.19
 NUMERICALLY INTEGRATED DENSITY    167.9999814841    167.9999814841
 TTTTTTTTTTTTTTTTTTTTTTTTTTTTTT NUMDFT      TELAPSE       61.83 TCPU       60.55
 CYC   8 ETOT(AU) -2.131058438229E+03 DETOT -2.39E-06 tst  1.04E-08 PX  1.17E-04
 TTTTTTTTTTTTTTTTTTTTTTTTTTTTTT DIIS        TELAPSE       61.89 TCPU       60.60
 DIIS TEST: 0.84424E-05 AT SCF   CYCLE   8 - DIIS ACTIVE - HISTORY:     8 CYCLES
 TTTTTTTTTTTTTTTTTTTTTTTTTTTTTT FDIK        TELAPSE       62.51 TCPU       61.23

    ALPHA      ELECTRONS
 INSULATING STATE
 TOP OF VALENCE BANDS -    BAND    168; K    8; EIG -1.3853187E-01 AU
 TOP OF VALENCE BANDS -    BAND    168; K    1; EIG -1.4709866E-01 AU
 BOTTOM OF VIRTUAL BANDS - BAND    169; K    8; EIG -1.0618358E-01 AU
 DIRECT ENERGY BAND GAP:   0.8802 eV
 BOTTOM OF VIRTUAL BANDS - BAND    169; K    1; EIG -8.9840413E-02 AU

    BETA       ELECTRONS
 INSULATING STATE
 TOP OF VALENCE BANDS -    BAND    168; K    8; EIG -1.3853187E-01 AU
 TOP OF VALENCE BANDS -    BAND    168; K    1; EIG -1.4709866E-01 AU
 BOTTOM OF VIRTUAL BANDS - BAND    169; K    8; EIG -1.0618358E-01 AU
 DIRECT ENERGY BAND GAP:   0.8802 eV
 BOTTOM OF VIRTUAL BANDS - BAND    169; K    1; EIG -8.9840413E-02 AU
 TTTTTTTTTTTTTTTTTTTTTTTTTTTTTT PDIG        TELAPSE       62.66 TCPU       61.37
 CHARGE NORMALIZATION FACTOR   1.00000000
 TOTAL ATOMIC CHARGES:
   6.0376582   6.0376582   6.0376582   6.0376582   6.0376582   6.0376582
   6.0376582   6.0376582   6.0376582   6.0376582   6.0376582   6.0376582
   6.0376582   6.0376582   6.0376582   6.0376582   6.0376582   6.0376582
   6.0376582   6.0376582   6.0376582   6.0376582   6.0376582   6.0376582
   6.0317943   6.0317943   6.0317943   6.0317943   6.0317943   6.0317943
   6.0317943   6.0317943   5.9517437   5.9517437   5.9517437   5.9517437
   5.9517437   5.9517437   5.9517437   5.9517437   5.9517437   5.9517437
   5.9517437   5.9517437   5.9517437   5.9517437   5.9517437   5.9517437
   5.9517437   5.9517437   5.9517437   5.9517437   5.9517437   5.9517437
   5.9517437   5.9517437
 SUMMED SPIN DENSITY          -0.00000000
 TOTAL ATOMIC SPINS  :
   0.0000000   0.0000000   0.0000000   0.0000000   0.0000000   0.0000000
   0.0000000   0.0000000   0.0000000   0.0000000   0.0000000   0.0000000
   0.0000000   0.0000000   0.0000000   0.0000000   0.0000000   0.0000000
   0.0000000   0.0000000   0.0000000   0.0000000   0.0000000   0.0000000
  -0.0000000  -0.0000000  -0.0000000  -0.0000000  -0.0000000  -0.0000000
  -0.0000000  -0.0000000   0.0000000   0.0000000   0.0000000   0.0000000
   0.0000000   0.0000000   0.0000000   0.0000000   0.0000000   0.0000000
   0.0000000   0.0000000   0.0000000   0.0000000   0.0000000   0.0000000
   0.0000000   0.0000000   0.0000000   0.0000000   0.0000000   0.0000000
   0.0000000   0.0000000
 TTTTTTTTTTTTTTTTTTTTTTTTTTTTTT MOQGAD      TELAPSE       62.68 TCPU       61.39
 TTTTTTTTTTTTTTTTTTTTTTTTTTTTTT SHELLXN     TELAPSE       68.05 TCPU       66.76
 TTTTTTTTTTTTTTTTTTTTTTTTTTTTTT MONMO3      TELAPSE       68.09 TCPU       66.80
 NUMERICALLY INTEGRATED DENSITY    167.9999814835    167.9999814835
 TTTTTTTTTTTTTTTTTTTTTTTTTTTTTT NUMDFT      TELAPSE       68.45 TCPU       67.15
 CYC   9 ETOT(AU) -2.131058438977E+03 DETOT -7.49E-07 tst  8.60E-10 PX  9.75E-05
 TTTTTTTTTTTTTTTTTTTTTTTTTTTTTT DIIS        TELAPSE       68.50 TCPU       67.21
 DIIS TEST: 0.93037E-06 AT SCF   CYCLE   9 - DIIS ACTIVE - HISTORY:     9 CYCLES
 TTTTTTTTTTTTTTTTTTTTTTTTTTTTTT FDIK        TELAPSE       69.11 TCPU       67.81

    ALPHA      ELECTRONS
 INSULATING STATE
 TOP OF VALENCE BANDS -    BAND    168; K    8; EIG -1.3853392E-01 AU
 TOP OF VALENCE BANDS -    BAND    168; K    1; EIG -1.4710069E-01 AU
 BOTTOM OF VIRTUAL BANDS - BAND    169; K    8; EIG -1.0618089E-01 AU
 DIRECT ENERGY BAND GAP:   0.8804 eV
 BOTTOM OF VIRTUAL BANDS - BAND    169; K    1; EIG -8.9837475E-02 AU

    BETA       ELECTRONS
 INSULATING STATE
 TOP OF VALENCE BANDS -    BAND    168; K    8; EIG -1.3853392E-01 AU
 TOP OF VALENCE BANDS -    BAND    168; K    1; EIG -1.4710069E-01 AU
 BOTTOM OF VIRTUAL BANDS - BAND    169; K    8; EIG -1.0618089E-01 AU
 DIRECT ENERGY BAND GAP:   0.8804 eV
 BOTTOM OF VIRTUAL BANDS - BAND    169; K    1; EIG -8.9837475E-02 AU
 TTTTTTTTTTTTTTTTTTTTTTTTTTTTTT PDIG        TELAPSE       69.26 TCPU       67.96
 CHARGE NORMALIZATION FACTOR   1.00000000
 TOTAL ATOMIC CHARGES:
   6.0376846   6.0376846   6.0376846   6.0376846   6.0376846   6.0376846
   6.0376846   6.0376846   6.0376846   6.0376846   6.0376846   6.0376846
   6.0376846   6.0376846   6.0376846   6.0376846   6.0376846   6.0376846
   6.0376846   6.0376846   6.0376846   6.0376846   6.0376846   6.0376846
   6.0317141   6.0317141   6.0317141   6.0317141   6.0317141   6.0317141
   6.0317141   6.0317141   5.9517440   5.9517440   5.9517440   5.9517440
   5.9517440   5.9517440   5.9517440   5.9517440   5.9517440   5.9517440
   5.9517440   5.9517440   5.9517440   5.9517440   5.9517440   5.9517440
   5.9517440   5.9517440   5.9517440   5.9517440   5.9517440   5.9517440
   5.9517440   5.9517440
 SUMMED SPIN DENSITY          -0.00000000
 TOTAL ATOMIC SPINS  :
   0.0000000   0.0000000   0.0000000   0.0000000   0.0000000   0.0000000
   0.0000000   0.0000000   0.0000000   0.0000000   0.0000000   0.0000000
   0.0000000   0.0000000   0.0000000   0.0000000   0.0000000   0.0000000
   0.0000000   0.0000000   0.0000000   0.0000000   0.0000000   0.0000000
   0.0000000   0.0000000   0.0000000   0.0000000   0.0000000   0.0000000
   0.0000000   0.0000000  -0.0000000  -0.0000000  -0.0000000  -0.0000000
  -0.0000000  -0.0000000  -0.0000000  -0.0000000  -0.0000000  -0.0000000
  -0.0000000  -0.0000000  -0.0000000  -0.0000000  -0.0000000  -0.0000000
  -0.0000000  -0.0000000  -0.0000000  -0.0000000  -0.0000000  -0.0000000
  -0.0000000  -0.0000000
 TTTTTTTTTTTTTTTTTTTTTTTTTTTTTT MOQGAD      TELAPSE       69.27 TCPU       67.97
 TTTTTTTTTTTTTTTTTTTTTTTTTTTTTT SHELLXN     TELAPSE       74.64 TCPU       73.34
 TTTTTTTTTTTTTTTTTTTTTTTTTTTTTT MONMO3      TELAPSE       74.68 TCPU       73.38
 NUMERICALLY INTEGRATED DENSITY    167.9999814829    167.9999814829
 TTTTTTTTTTTTTTTTTTTTTTTTTTTTTT NUMDFT      TELAPSE       75.04 TCPU       73.73
 CYC  10 ETOT(AU) -2.131058439136E+03 DETOT -1.58E-07 tst  1.91E-10 PX  1.31E-05
 TTTTTTTTTTTTTTTTTTTTTTTTTTTTTT DIIS        TELAPSE       75.09 TCPU       73.78
 DIIS TEST: 0.16875E-08 AT SCF   CYCLE  10 - DIIS ACTIVE - HISTORY:    10 CYCLES
 TTTTTTTTTTTTTTTTTTTTTTTTTTTTTT FDIK        TELAPSE       75.65 TCPU       74.34

    ALPHA      ELECTRONS
 INSULATING STATE
 TOP OF VALENCE BANDS -    BAND    168; K    8; EIG -1.3853418E-01 AU
 TOP OF VALENCE BANDS -    BAND    168; K    1; EIG -1.4710098E-01 AU
 BOTTOM OF VIRTUAL BANDS - BAND    169; K    8; EIG -1.0618120E-01 AU
 DIRECT ENERGY BAND GAP:   0.8804 eV
 BOTTOM OF VIRTUAL BANDS - BAND    169; K    1; EIG -8.9837783E-02 AU

    BETA       ELECTRONS
 INSULATING STATE
 TOP OF VALENCE BANDS -    BAND    168; K    8; EIG -1.3853418E-01 AU
 TOP OF VALENCE BANDS -    BAND    168; K    1; EIG -1.4710098E-01 AU
 BOTTOM OF VIRTUAL BANDS - BAND    169; K    8; EIG -1.0618120E-01 AU
 DIRECT ENERGY BAND GAP:   0.8804 eV
 BOTTOM OF VIRTUAL BANDS - BAND    169; K    1; EIG -8.9837783E-02 AU
 TTTTTTTTTTTTTTTTTTTTTTTTTTTTTT PDIG        TELAPSE       75.80 TCPU       74.49
 CHARGE NORMALIZATION FACTOR   1.00000000
 TOTAL ATOMIC CHARGES:
   6.0376846   6.0376846   6.0376846   6.0376846   6.0376846   6.0376846
   6.0376846   6.0376846   6.0376846   6.0376846   6.0376846   6.0376846
   6.0376846   6.0376846   6.0376846   6.0376846   6.0376846   6.0376846
   6.0376846   6.0376846   6.0376846   6.0376846   6.0376846   6.0376846
   6.0317154   6.0317154   6.0317154   6.0317154   6.0317154   6.0317154
   6.0317154   6.0317154   5.9517436   5.9517436   5.9517436   5.9517436
   5.9517436   5.9517436   5.9517436   5.9517436   5.9517436   5.9517436
   5.9517436   5.9517436   5.9517436   5.9517436   5.9517436   5.9517436
   5.9517436   5.9517436   5.9517436   5.9517436   5.9517436   5.9517436
   5.9517436   5.9517436
 SUMMED SPIN DENSITY          -0.00000000
 TOTAL ATOMIC SPINS  :
   0.0000000   0.0000000   0.0000000   0.0000000   0.0000000   0.0000000
   0.0000000   0.0000000   0.0000000   0.0000000   0.0000000   0.0000000
   0.0000000   0.0000000   0.0000000   0.0000000   0.0000000   0.0000000
   0.0000000   0.0000000   0.0000000   0.0000000   0.0000000   0.0000000
   0.0000000   0.0000000   0.0000000   0.0000000   0.0000000   0.0000000
   0.0000000   0.0000000  -0.0000000  -0.0000000  -0.0000000  -0.0000000
  -0.0000000  -0.0000000  -0.0000000  -0.0000000  -0.0000000  -0.0000000
  -0.0000000  -0.0000000  -0.0000000  -0.0000000  -0.0000000  -0.0000000
  -0.0000000  -0.0000000  -0.0000000  -0.0000000  -0.0000000  -0.0000000
  -0.0000000  -0.0000000
 TTTTTTTTTTTTTTTTTTTTTTTTTTTTTT MOQGAD      TELAPSE       75.81 TCPU       74.50
 TTTTTTTTTTTTTTTTTTTTTTTTTTTTTT SHELLXN     TELAPSE       81.19 TCPU       79.87
 TTTTTTTTTTTTTTTTTTTTTTTTTTTTTT MONMO3      TELAPSE       81.23 TCPU       79.91
 NUMERICALLY INTEGRATED DENSITY    167.9999814830    167.9999814830
 TTTTTTTTTTTTTTTTTTTTTTTTTTTTTT NUMDFT      TELAPSE       81.59 TCPU       80.27
 CYC  11 ETOT(AU) -2.131058439146E+03 DETOT -1.04E-08 tst  3.26E-13 PX  8.80E-07
 TTTTTTTTTTTTTTTTTTTTTTTTTTTTTT DIIS        TELAPSE       81.64 TCPU       80.33
 DIIS TEST: 0.57533E-09 AT SCF   CYCLE  11 - DIIS ACTIVE - HISTORY:    11 CYCLES
 TTTTTTTTTTTTTTTTTTTTTTTTTTTTTT FDIK        TELAPSE       82.16 TCPU       80.84

    ALPHA      ELECTRONS
 INSULATING STATE
 TOP OF VALENCE BANDS -    BAND    168; K    8; EIG -1.3853422E-01 AU
 TOP OF VALENCE BANDS -    BAND    168; K    1; EIG -1.4710103E-01 AU
 BOTTOM OF VIRTUAL BANDS - BAND    169; K    8; EIG -1.0618116E-01 AU
 DIRECT ENERGY BAND GAP:   0.8804 eV
 BOTTOM OF VIRTUAL BANDS - BAND    169; K    1; EIG -8.9837743E-02 AU

    BETA       ELECTRONS
 INSULATING STATE
 TOP OF VALENCE BANDS -    BAND    168; K    8; EIG -1.3853422E-01 AU
 TOP OF VALENCE BANDS -    BAND    168; K    1; EIG -1.4710103E-01 AU
 BOTTOM OF VIRTUAL BANDS - BAND    169; K    8; EIG -1.0618116E-01 AU
 DIRECT ENERGY BAND GAP:   0.8804 eV
 BOTTOM OF VIRTUAL BANDS - BAND    169; K    1; EIG -8.9837743E-02 AU
 TTTTTTTTTTTTTTTTTTTTTTTTTTTTTT PDIG        TELAPSE       82.31 TCPU       80.99
 CHARGE NORMALIZATION FACTOR   1.00000000
 TOTAL ATOMIC CHARGES:
   6.0376853   6.0376853   6.0376853   6.0376853   6.0376853   6.0376853
   6.0376853   6.0376853   6.0376853   6.0376853   6.0376853   6.0376853
   6.0376853   6.0376853   6.0376853   6.0376853   6.0376853   6.0376853
   6.0376853   6.0376853   6.0376853   6.0376853   6.0376853   6.0376853
   6.0317134   6.0317134   6.0317134   6.0317134   6.0317134   6.0317134
   6.0317134   6.0317134   5.9517436   5.9517436   5.9517436   5.9517436
   5.9517436   5.9517436   5.9517436   5.9517436   5.9517436   5.9517436
   5.9517436   5.9517436   5.9517436   5.9517436   5.9517436   5.9517436
   5.9517436   5.9517436   5.9517436   5.9517436   5.9517436   5.9517436
   5.9517436   5.9517436
 SUMMED SPIN DENSITY          -0.00000000
 TOTAL ATOMIC SPINS  :
   0.0000000   0.0000000   0.0000000   0.0000000   0.0000000   0.0000000
   0.0000000   0.0000000   0.0000000   0.0000000   0.0000000   0.0000000
   0.0000000   0.0000000   0.0000000   0.0000000   0.0000000   0.0000000
   0.0000000   0.0000000   0.0000000   0.0000000   0.0000000   0.0000000
  -0.0000000  -0.0000000  -0.0000000  -0.0000000  -0.0000000  -0.0000000
  -0.0000000  -0.0000000  -0.0000000  -0.0000000  -0.0000000  -0.0000000
  -0.0000000  -0.0000000  -0.0000000  -0.0000000  -0.0000000  -0.0000000
  -0.0000000  -0.0000000  -0.0000000  -0.0000000  -0.0000000  -0.0000000
  -0.0000000  -0.0000000  -0.0000000  -0.0000000  -0.0000000  -0.0000000
  -0.0000000  -0.0000000
 TTTTTTTTTTTTTTTTTTTTTTTTTTTTTT MOQGAD      TELAPSE       82.32 TCPU       81.00
 TTTTTTTTTTTTTTTTTTTTTTTTTTTTTT SHELLXN     TELAPSE       87.70 TCPU       86.37
 TTTTTTTTTTTTTTTTTTTTTTTTTTTTTT MONMO3      TELAPSE       87.73 TCPU       86.41
 NUMERICALLY INTEGRATED DENSITY    167.9999814829    167.9999814829
 TTTTTTTTTTTTTTTTTTTTTTTTTTTTTT NUMDFT      TELAPSE       88.09 TCPU       86.76
 CYC  12 ETOT(AU) -2.131058439149E+03 DETOT -3.27E-09 tst  8.23E-14 PX  5.64E-07
 TTTTTTTTTTTTTTTTTTTTTTTTTTTTTT DIIS        TELAPSE       88.15 TCPU       86.82
 DIIS TEST: 0.23175E-10 AT SCF   CYCLE  12 - DIIS ACTIVE - HISTORY:    12 CYCLES
 TTTTTTTTTTTTTTTTTTTTTTTTTTTTTT FDIK        TELAPSE       88.57 TCPU       87.24

    ALPHA      ELECTRONS
 INSULATING STATE
 TOP OF VALENCE BANDS -    BAND    168; K    8; EIG -1.3853422E-01 AU
 TOP OF VALENCE BANDS -    BAND    168; K    1; EIG -1.4710102E-01 AU
 BOTTOM OF VIRTUAL BANDS - BAND    169; K    8; EIG -1.0618117E-01 AU
 DIRECT ENERGY BAND GAP:   0.8804 eV
 BOTTOM OF VIRTUAL BANDS - BAND    169; K    1; EIG -8.9837746E-02 AU

    BETA       ELECTRONS
 INSULATING STATE
 TOP OF VALENCE BANDS -    BAND    168; K    8; EIG -1.3853422E-01 AU
 TOP OF VALENCE BANDS -    BAND    168; K    1; EIG -1.4710102E-01 AU
 BOTTOM OF VIRTUAL BANDS - BAND    169; K    8; EIG -1.0618117E-01 AU
 DIRECT ENERGY BAND GAP:   0.8804 eV
 BOTTOM OF VIRTUAL BANDS - BAND    169; K    1; EIG -8.9837746E-02 AU
 TTTTTTTTTTTTTTTTTTTTTTTTTTTTTT PDIG        TELAPSE       88.72 TCPU       87.39
 CHARGE NORMALIZATION FACTOR   1.00000000
 TOTAL ATOMIC CHARGES:
   6.0376853   6.0376853   6.0376853   6.0376853   6.0376853   6.0376853
   6.0376853   6.0376853   6.0376853   6.0376853   6.0376853   6.0376853
   6.0376853   6.0376853   6.0376853   6.0376853   6.0376853   6.0376853
   6.0376853   6.0376853   6.0376853   6.0376853   6.0376853   6.0376853
   6.0317134   6.0317134   6.0317134   6.0317134   6.0317134   6.0317134
   6.0317134   6.0317134   5.9517436   5.9517436   5.9517436   5.9517436
   5.9517436   5.9517436   5.9517436   5.9517436   5.9517436   5.9517436
   5.9517436   5.9517436   5.9517436   5.9517436   5.9517436   5.9517436
   5.9517436   5.9517436   5.9517436   5.9517436   5.9517436   5.9517436
   5.9517436   5.9517436
 SUMMED SPIN DENSITY           0.00000000
 TOTAL ATOMIC SPINS  :
   0.0000000   0.0000000   0.0000000   0.0000000   0.0000000   0.0000000
   0.0000000   0.0000000   0.0000000   0.0000000   0.0000000   0.0000000
   0.0000000   0.0000000   0.0000000   0.0000000   0.0000000   0.0000000
   0.0000000   0.0000000   0.0000000   0.0000000   0.0000000   0.0000000
  -0.0000000  -0.0000000  -0.0000000  -0.0000000  -0.0000000  -0.0000000
  -0.0000000  -0.0000000  -0.0000000  -0.0000000  -0.0000000  -0.0000000
  -0.0000000  -0.0000000  -0.0000000  -0.0000000  -0.0000000  -0.0000000
  -0.0000000  -0.0000000  -0.0000000  -0.0000000  -0.0000000  -0.0000000
  -0.0000000  -0.0000000  -0.0000000  -0.0000000  -0.0000000  -0.0000000
  -0.0000000  -0.0000000
 TTTTTTTTTTTTTTTTTTTTTTTTTTTTTT MOQGAD      TELAPSE       88.73 TCPU       87.40
 TTTTTTTTTTTTTTTTTTTTTTTTTTTTTT SHELLXN     TELAPSE       94.10 TCPU       92.76
 TTTTTTTTTTTTTTTTTTTTTTTTTTTTTT MONMO3      TELAPSE       94.14 TCPU       92.80
 NUMERICALLY INTEGRATED DENSITY    167.9999814829    167.9999814829
 TTTTTTTTTTTTTTTTTTTTTTTTTTTTTT NUMDFT      TELAPSE       94.50 TCPU       93.16
 CYC  13 ETOT(AU) -2.131058439149E+03 DETOT -3.77E-11 tst  2.16E-15 PX  6.63E-09
 TTTTTTTTTTTTTTTTTTTTTTTTTTTTTT DIIS        TELAPSE      103.08 TCPU      101.74
 DIIS TEST: 0.15480E-10 AT SCF   CYCLE  13 - DIIS ACTIVE - HISTORY:    13 CYCLES
 TTTTTTTTTTTTTTTTTTTTTTTTTTTTTT FDIK        TELAPSE      103.50 TCPU      102.16

    ALPHA      ELECTRONS
 INSULATING STATE
 TOP OF VALENCE BANDS -    BAND    168; K    8; EIG -1.3853422E-01 AU
 TOP OF VALENCE BANDS -    BAND    168; K    1; EIG -1.4710102E-01 AU
 BOTTOM OF VIRTUAL BANDS - BAND    169; K    8; EIG -1.0618117E-01 AU
 DIRECT ENERGY BAND GAP:   0.8804 eV
 BOTTOM OF VIRTUAL BANDS - BAND    169; K    1; EIG -8.9837745E-02 AU

    BETA       ELECTRONS
 INSULATING STATE
 TOP OF VALENCE BANDS -    BAND    168; K    8; EIG -1.3853422E-01 AU
 TOP OF VALENCE BANDS -    BAND    168; K    1; EIG -1.4710102E-01 AU
 BOTTOM OF VIRTUAL BANDS - BAND    169; K    8; EIG -1.0618117E-01 AU
 DIRECT ENERGY BAND GAP:   0.8804 eV
 BOTTOM OF VIRTUAL BANDS - BAND    169; K    1; EIG -8.9837745E-02 AU
 TTTTTTTTTTTTTTTTTTTTTTTTTTTTTT PDIG        TELAPSE      103.65 TCPU      102.31
 CHARGE NORMALIZATION FACTOR   1.00000000
 TOTAL ATOMIC CHARGES:
   6.0376853   6.0376853   6.0376853   6.0376853   6.0376853   6.0376853
   6.0376853   6.0376853   6.0376853   6.0376853   6.0376853   6.0376853
   6.0376853   6.0376853   6.0376853   6.0376853   6.0376853   6.0376853
   6.0376853   6.0376853   6.0376853   6.0376853   6.0376853   6.0376853
   6.0317134   6.0317134   6.0317134   6.0317134   6.0317134   6.0317134
   6.0317134   6.0317134   5.9517436   5.9517436   5.9517436   5.9517436
   5.9517436   5.9517436   5.9517436   5.9517436   5.9517436   5.9517436
   5.9517436   5.9517436   5.9517436   5.9517436   5.9517436   5.9517436
   5.9517436   5.9517436   5.9517436   5.9517436   5.9517436   5.9517436
   5.9517436   5.9517436
 SUMMED SPIN DENSITY           0.00000000
 TOTAL ATOMIC SPINS  :
   0.0000000   0.0000000   0.0000000   0.0000000   0.0000000   0.0000000
   0.0000000   0.0000000   0.0000000   0.0000000   0.0000000   0.0000000
   0.0000000   0.0000000   0.0000000   0.0000000   0.0000000   0.0000000
   0.0000000   0.0000000   0.0000000   0.0000000   0.0000000   0.0000000
  -0.0000000  -0.0000000  -0.0000000  -0.0000000  -0.0000000  -0.0000000
  -0.0000000  -0.0000000  -0.0000000  -0.0000000  -0.0000000  -0.0000000
  -0.0000000  -0.0000000  -0.0000000  -0.0000000  -0.0000000  -0.0000000
  -0.0000000  -0.0000000  -0.0000000  -0.0000000  -0.0000000  -0.0000000
  -0.0000000  -0.0000000  -0.0000000  -0.0000000  -0.0000000  -0.0000000
  -0.0000000  -0.0000000
 TTTTTTTTTTTTTTTTTTTTTTTTTTTTTT MOQGAD      TELAPSE      103.66 TCPU      102.32
 TTTTTTTTTTTTTTTTTTTTTTTTTTTTTT SHELLXN     TELAPSE      109.03 TCPU      107.68
 +++ ENERGIES IN A.U. +++
 ::: EXT EL-POLE                                  -4.9261609389116E+03
 ::: EXT EL-SPHEROPOLE                             4.3356746943832E+01
 ::: BIELET ZONE E-E                               5.8087526696918E+03
 ::: TOTAL E-E                                     9.2594847772411E+02
 ::: TOTAL E-N + N-E                              -4.8285891555311E+03
 ::: TOTAL N-N                                    -1.0899595590023E+02
 ::: KINETIC ENERGY                                2.1258057355147E+03
 ::: PSEUDO TOTAL   ENERGY                        -1.8858308981926E+03
 ::: VIRIAL COEFFICIENT                            1.0598196843916E+00
 TTTTTTTTTTTTTTTTTTTTTTTTTTTTTT MONMO3      TELAPSE      109.07 TCPU      107.72
 NUMERICALLY INTEGRATED DENSITY    167.9999814829    167.9999814829
 EXCHANGE ENERGY: -0.231321915840E+03  CORRELATION ENERGY: -0.139056251164E+02
 TTTTTTTTTTTTTTTTTTTTTTTTTTTTTT NUMDFT      TELAPSE      109.43 TCPU      108.08
 CYC  14 ETOT(AU) -2.131058439149E+03 DETOT -1.36E-11 tst  6.55E-16 PX  6.63E-09

 == SCF ENDED - CONVERGENCE ON ENERGY      E(AU) -2.1310584391494E+03 CYCLES  14


 ENERGY EXPRESSION=HARTREE+FOCK EXCH*0.20000+(BECKE      EXCH)*0.80000+LYP        CORR


 TOTAL ENERGY(DFT)(AU)( 14) -2.1310584391494E+03 DE-1.4E-11 tester 6.5E-16
 TTTTTTTTTTTTTTTTTTTTTTTTTTTTTT EDFT        TELAPSE      109.43 TCPU      108.08
 
 INFORMATION **** DFTD3 ENERGY **** CALCULATE DFTD3 ENERGY

           DFT-D V3(BJ)
 DF                                         b3-lyp    
 parameters
 s6       :    1.0000
 s8       :    1.9889
 a1       :    0.3981
 a2       :    4.4211
 k1 k3    :   16.0000   -4.0000
 Cutoff   :   50.2022
 CN-Cutoff:   21.1671
 ABC-Cutoff:   21.1671
 
 Edisp /kcal,au:  -228.1026 -0.36350466

 E6    /kcal :  -108.2129
 E8    /kcal :  -119.8897
 
 INFORMATION **** DFTD3 ENERGY **** NORMAL TERMINATION OF DFTD3 MODULE

 *******************************************************************************

 DFT-D3 DISPERSION ENERGY CORRECTION

 D3 DISPERSION ENERGY (AU)       -3.6350466423454E-01
 TOTAL ENERGY + DISP (AU)        -2.1314219438136E+03

 *******************************************************************************


 NEIGHBORS OF THE NON-EQUIVALENT ATOMS

 N = NUMBER OF NEIGHBORS AT DISTANCE R
    ATOM  N     R/ANG      R/AU   NEIGHBORS (ATOM LABELS AND CELL INDICES)
   1 C    1     1.4813     2.7993   46 C    0 0 0
   1 C    2     1.4912     2.8179   13 C   -1-1-1   18 C   -1-1-1
   1 C    1     2.2814     4.3112   25 C    0 0 0
   1 C    2     2.3693     4.4773    5 C    0 0 0    6 C    0 0 0
   1 C    2     2.5009     4.7261   34 C   -1-1-1   41 C   -1-1-1
   1 C    1     2.5081     4.7395   42 C    0 0 0

  25 C    3     1.4670     2.7721   46 C    0 0 0   52 C    0 0 0   53 C    0 0 0
  25 C    3     2.2814     4.3112    1 C    0 0 0    5 C    0 0 0    6 C    0 0 0
  25 C    3     2.5323     4.7854   35 C    0 0 0   42 C    0 0 0   43 C    0 0 0
  25 C    3     2.7795     5.2524   13 C   -1-1-1   17 C   -1-1-1   18 C   -1-1-1
  25 C    3     3.2429     6.1282   30 C    0 0 0   31 C    0 0 0   32 C    0 0 0
  25 C    3     3.9134     7.3952   15 C    0 0 0   22 C    0 0 0   23 C    0 0 0

  33 C    1     1.3139     2.4829   50 C    0 0 0
  33 C    1     1.4670     2.7721   30 C    0 0 0
  33 C    1     1.4813     2.7993   14 C    0 0 0
  33 C    2     2.4693     4.6663   43 C    0 0 0   44 C    0 0 0
  33 C    2     2.5009     4.7261    2 C    0 0-1   10 C    0 0-1
  33 C    1     2.5081     4.7395    9 C    0 0 0

 TTTTTTTTTTTTTTTTTTTTTTTTTTTTTT AFTER FIRST TELAPSE      109.61 TCPU      108.26
 MMMMMMMMMMMMMMMMMMMMMMMMMMMMMMMMMMMMMMMMMMMMMMMMMMMMMMMMMMMMMMMMMMMMMMMMMMMMMMM
     ALPHA+BETA ELECTRONS
 MULLIKEN POPULATION ANALYSIS - NO. OF ELECTRONS  336.000000

  ATOM    Z CHARGE  A.O. POPULATION

   1 C    6  6.038  0.855  1.121  0.771  0.564  0.471  0.405  0.405 -0.027
                   -0.015 -0.015  0.544  0.461  0.461  0.005  0.010  0.009
                    0.005  0.010
   2 C    6  6.038  0.855  1.121  0.771  0.564  0.471  0.405  0.405 -0.027
                   -0.015 -0.015  0.544  0.461  0.461  0.005  0.010  0.009
                    0.005  0.010
   3 C    6  6.038  0.855  1.121  0.771  0.564  0.471  0.405  0.405 -0.027
                   -0.015 -0.015  0.544  0.461  0.461  0.005  0.010  0.009
                    0.005  0.010
   4 C    6  6.038  0.855  1.121  0.771  0.564  0.471  0.405  0.405 -0.027
                   -0.015 -0.015  0.544  0.461  0.461  0.005  0.010  0.009
                    0.005  0.010
   5 C    6  6.038  0.855  1.121  0.771  0.564  0.405  0.471  0.405 -0.015
                   -0.027 -0.015  0.461  0.544  0.461  0.005  0.009  0.010
                    0.005  0.010
   6 C    6  6.038  0.855  1.121  0.771  0.564  0.405  0.405  0.471 -0.015
                   -0.015 -0.027  0.461  0.461  0.544  0.006  0.010  0.010
                    0.004  0.009
   7 C    6  6.038  0.855  1.121  0.771  0.564  0.405  0.471  0.405 -0.015
                   -0.027 -0.015  0.461  0.544  0.461  0.005  0.009  0.010
                    0.005  0.010
   8 C    6  6.038  0.855  1.121  0.771  0.564  0.405  0.405  0.471 -0.015
                   -0.015 -0.027  0.461  0.461  0.544  0.006  0.010  0.010
                    0.004  0.009
   9 C    6  6.038  0.855  1.121  0.771  0.564  0.405  0.471  0.405 -0.015
                   -0.027 -0.015  0.461  0.544  0.461  0.005  0.009  0.010
                    0.005  0.010
  10 C    6  6.038  0.855  1.121  0.771  0.564  0.405  0.405  0.471 -0.015
                   -0.015 -0.027  0.461  0.461  0.544  0.006  0.010  0.010
                    0.004  0.009
  11 C    6  6.038  0.855  1.121  0.771  0.564  0.405  0.471  0.405 -0.015
                   -0.027 -0.015  0.461  0.544  0.461  0.005  0.009  0.010
                    0.005  0.010
  12 C    6  6.038  0.855  1.121  0.771  0.564  0.405  0.405  0.471 -0.015
                   -0.015 -0.027  0.461  0.461  0.544  0.006  0.010  0.010
                    0.004  0.009
  13 C    6  6.038  0.855  1.121  0.771  0.564  0.405  0.471  0.405 -0.015
                   -0.027 -0.015  0.461  0.544  0.461  0.005  0.009  0.010
                    0.005  0.010
  14 C    6  6.038  0.855  1.121  0.771  0.564  0.405  0.471  0.405 -0.015
                   -0.027 -0.015  0.461  0.544  0.461  0.005  0.009  0.010
                    0.005  0.010
  15 C    6  6.038  0.855  1.121  0.771  0.564  0.405  0.471  0.405 -0.015
                   -0.027 -0.015  0.461  0.544  0.461  0.005  0.009  0.010
                    0.005  0.010
  16 C    6  6.038  0.855  1.121  0.771  0.564  0.405  0.471  0.405 -0.015
                   -0.027 -0.015  0.461  0.544  0.461  0.005  0.009  0.010
                    0.005  0.010
  17 C    6  6.038  0.855  1.121  0.771  0.564  0.471  0.405  0.405 -0.027
                   -0.015 -0.015  0.544  0.461  0.461  0.005  0.010  0.009
                    0.005  0.010
  18 C    6  6.038  0.855  1.121  0.771  0.564  0.405  0.405  0.471 -0.015
                   -0.015 -0.027  0.461  0.461  0.544  0.006  0.010  0.010
                    0.004  0.009
  19 C    6  6.038  0.855  1.121  0.771  0.564  0.471  0.405  0.405 -0.027
                   -0.015 -0.015  0.544  0.461  0.461  0.005  0.010  0.009
                    0.005  0.010
  20 C    6  6.038  0.855  1.121  0.771  0.564  0.405  0.405  0.471 -0.015
                   -0.015 -0.027  0.461  0.461  0.544  0.006  0.010  0.010
                    0.004  0.009
  21 C    6  6.038  0.855  1.121  0.771  0.564  0.471  0.405  0.405 -0.027
                   -0.015 -0.015  0.544  0.461  0.461  0.005  0.010  0.009
                    0.005  0.010
  22 C    6  6.038  0.855  1.121  0.771  0.564  0.405  0.405  0.471 -0.015
                   -0.015 -0.027  0.461  0.461  0.544  0.006  0.010  0.010
                    0.004  0.009
  23 C    6  6.038  0.855  1.121  0.771  0.564  0.471  0.405  0.405 -0.027
                   -0.015 -0.015  0.544  0.461  0.461  0.005  0.010  0.009
                    0.005  0.010
  24 C    6  6.038  0.855  1.121  0.771  0.564  0.405  0.405  0.471 -0.015
                   -0.015 -0.027  0.461  0.461  0.544  0.006  0.010  0.010
                    0.004  0.009
  25 C    6  6.032  0.855  1.120  0.788  0.566  0.424  0.424  0.424 -0.007
                   -0.007 -0.007  0.470  0.470  0.470  0.005  0.011  0.011
                    0.005  0.011
  26 C    6  6.032  0.855  1.120  0.788  0.566  0.424  0.424  0.424 -0.007
                   -0.007 -0.007  0.470  0.470  0.470  0.005  0.011  0.011
                    0.005  0.011
  27 C    6  6.032  0.855  1.120  0.788  0.566  0.424  0.424  0.424 -0.007
                   -0.007 -0.007  0.470  0.470  0.470  0.005  0.011  0.011
                    0.005  0.011
  28 C    6  6.032  0.855  1.120  0.788  0.566  0.424  0.424  0.424 -0.007
                   -0.007 -0.007  0.470  0.470  0.470  0.005  0.011  0.011
                    0.005  0.011
  29 C    6  6.032  0.855  1.120  0.788  0.566  0.424  0.424  0.424 -0.007
                   -0.007 -0.007  0.470  0.470  0.470  0.005  0.011  0.011
                    0.005  0.011
  30 C    6  6.032  0.855  1.120  0.788  0.566  0.424  0.424  0.424 -0.007
                   -0.007 -0.007  0.470  0.470  0.470  0.005  0.011  0.011
                    0.005  0.011
  31 C    6  6.032  0.855  1.120  0.788  0.566  0.424  0.424  0.424 -0.007
                   -0.007 -0.007  0.470  0.470  0.470  0.005  0.011  0.011
                    0.005  0.011
  32 C    6  6.032  0.855  1.120  0.788  0.566  0.424  0.424  0.424 -0.007
                   -0.007 -0.007  0.470  0.470  0.470  0.005  0.011  0.011
                    0.005  0.011
  33 C    6  5.952  0.854  1.121  0.768  0.353  0.428  0.517  0.428 -0.026
                   -0.001 -0.026  0.534  0.424  0.534  0.005  0.005  0.011
                    0.010  0.011
  34 C    6  5.952  0.854  1.121  0.768  0.353  0.428  0.517  0.428 -0.026
                   -0.001 -0.026  0.534  0.424  0.534  0.005  0.005  0.011
                    0.010  0.011
  35 C    6  5.952  0.854  1.121  0.768  0.353  0.428  0.517  0.428 -0.026
                   -0.001 -0.026  0.534  0.424  0.534  0.005  0.005  0.011
                    0.010  0.011
  36 C    6  5.952  0.854  1.121  0.768  0.353  0.428  0.517  0.428 -0.026
                   -0.001 -0.026  0.534  0.424  0.534  0.005  0.005  0.011
                    0.010  0.011
  37 C    6  5.952  0.854  1.121  0.768  0.353  0.428  0.428  0.517 -0.026
                   -0.026 -0.001  0.534  0.534  0.424  0.013  0.011  0.011
                    0.003  0.005
  38 C    6  5.952  0.854  1.121  0.768  0.353  0.517  0.428  0.428 -0.001
                   -0.026 -0.026  0.424  0.534  0.534  0.005  0.011  0.005
                    0.010  0.011
  39 C    6  5.952  0.854  1.121  0.768  0.353  0.428  0.428  0.517 -0.026
                   -0.026 -0.001  0.534  0.534  0.424  0.013  0.011  0.011
                    0.003  0.005
  40 C    6  5.952  0.854  1.121  0.768  0.353  0.517  0.428  0.428 -0.001
                   -0.026 -0.026  0.424  0.534  0.534  0.005  0.011  0.005
                    0.010  0.011
  41 C    6  5.952  0.854  1.121  0.768  0.353  0.428  0.428  0.517 -0.026
                   -0.026 -0.001  0.534  0.534  0.424  0.013  0.011  0.011
                    0.003  0.005
  42 C    6  5.952  0.854  1.121  0.768  0.353  0.517  0.428  0.428 -0.001
                   -0.026 -0.026  0.424  0.534  0.534  0.005  0.011  0.005
                    0.010  0.011
  43 C    6  5.952  0.854  1.121  0.768  0.353  0.428  0.428  0.517 -0.026
                   -0.026 -0.001  0.534  0.534  0.424  0.013  0.011  0.011
                    0.003  0.005
  44 C    6  5.952  0.854  1.121  0.768  0.353  0.517  0.428  0.428 -0.001
                   -0.026 -0.026  0.424  0.534  0.534  0.005  0.011  0.005
                    0.010  0.011
  45 C    6  5.952  0.854  1.121  0.768  0.353  0.517  0.428  0.428 -0.001
                   -0.026 -0.026  0.424  0.534  0.534  0.005  0.011  0.005
                    0.010  0.011
  46 C    6  5.952  0.854  1.121  0.768  0.353  0.517  0.428  0.428 -0.001
                   -0.026 -0.026  0.424  0.534  0.534  0.005  0.011  0.005
                    0.010  0.011
  47 C    6  5.952  0.854  1.121  0.768  0.353  0.517  0.428  0.428 -0.001
                   -0.026 -0.026  0.424  0.534  0.534  0.005  0.011  0.005
                    0.010  0.011
  48 C    6  5.952  0.854  1.121  0.768  0.353  0.517  0.428  0.428 -0.001
                   -0.026 -0.026  0.424  0.534  0.534  0.005  0.011  0.005
                    0.010  0.011
  49 C    6  5.952  0.854  1.121  0.768  0.353  0.428  0.428  0.517 -0.026
                   -0.026 -0.001  0.534  0.534  0.424  0.013  0.011  0.011
                    0.003  0.005
  50 C    6  5.952  0.854  1.121  0.768  0.353  0.428  0.517  0.428 -0.026
                   -0.001 -0.026  0.534  0.424  0.534  0.005  0.005  0.011
                    0.010  0.011
  51 C    6  5.952  0.854  1.121  0.768  0.353  0.428  0.428  0.517 -0.026
                   -0.026 -0.001  0.534  0.534  0.424  0.013  0.011  0.011
                    0.003  0.005
  52 C    6  5.952  0.854  1.121  0.768  0.353  0.428  0.517  0.428 -0.026
                   -0.001 -0.026  0.534  0.424  0.534  0.005  0.005  0.011
                    0.010  0.011
  53 C    6  5.952  0.854  1.121  0.768  0.353  0.428  0.428  0.517 -0.026
                   -0.026 -0.001  0.534  0.534  0.424  0.013  0.011  0.011
                    0.003  0.005
  54 C    6  5.952  0.854  1.121  0.768  0.353  0.428  0.517  0.428 -0.026
                   -0.001 -0.026  0.534  0.424  0.534  0.005  0.005  0.011
                    0.010  0.011
  55 C    6  5.952  0.854  1.121  0.768  0.353  0.428  0.428  0.517 -0.026
                   -0.026 -0.001  0.534  0.534  0.424  0.013  0.011  0.011
                    0.003  0.005
  56 C    6  5.952  0.854  1.121  0.768  0.353  0.428  0.517  0.428 -0.026
                   -0.001 -0.026  0.534  0.424  0.534  0.005  0.005  0.011
                    0.010  0.011

  ATOM    Z CHARGE  SHELL POPULATION

   1 C    6  6.038  0.855  1.121  0.771  0.564  1.280 -0.057  1.465  0.039
   2 C    6  6.038  0.855  1.121  0.771  0.564  1.280 -0.057  1.465  0.039
   3 C    6  6.038  0.855  1.121  0.771  0.564  1.280 -0.057  1.465  0.039
   4 C    6  6.038  0.855  1.121  0.771  0.564  1.280 -0.057  1.465  0.039
   5 C    6  6.038  0.855  1.121  0.771  0.564  1.280 -0.057  1.465  0.039
   6 C    6  6.038  0.855  1.121  0.771  0.564  1.280 -0.057  1.465  0.039
   7 C    6  6.038  0.855  1.121  0.771  0.564  1.280 -0.057  1.465  0.039
   8 C    6  6.038  0.855  1.121  0.771  0.564  1.280 -0.057  1.465  0.039
   9 C    6  6.038  0.855  1.121  0.771  0.564  1.280 -0.057  1.465  0.039
  10 C    6  6.038  0.855  1.121  0.771  0.564  1.280 -0.057  1.465  0.039
  11 C    6  6.038  0.855  1.121  0.771  0.564  1.280 -0.057  1.465  0.039
  12 C    6  6.038  0.855  1.121  0.771  0.564  1.280 -0.057  1.465  0.039
  13 C    6  6.038  0.855  1.121  0.771  0.564  1.280 -0.057  1.465  0.039
  14 C    6  6.038  0.855  1.121  0.771  0.564  1.280 -0.057  1.465  0.039
  15 C    6  6.038  0.855  1.121  0.771  0.564  1.280 -0.057  1.465  0.039
  16 C    6  6.038  0.855  1.121  0.771  0.564  1.280 -0.057  1.465  0.039
  17 C    6  6.038  0.855  1.121  0.771  0.564  1.280 -0.057  1.465  0.039
  18 C    6  6.038  0.855  1.121  0.771  0.564  1.280 -0.057  1.465  0.039
  19 C    6  6.038  0.855  1.121  0.771  0.564  1.280 -0.057  1.465  0.039
  20 C    6  6.038  0.855  1.121  0.771  0.564  1.280 -0.057  1.465  0.039
  21 C    6  6.038  0.855  1.121  0.771  0.564  1.280 -0.057  1.465  0.039
  22 C    6  6.038  0.855  1.121  0.771  0.564  1.280 -0.057  1.465  0.039
  23 C    6  6.038  0.855  1.121  0.771  0.564  1.280 -0.057  1.465  0.039
  24 C    6  6.038  0.855  1.121  0.771  0.564  1.280 -0.057  1.465  0.039
  25 C    6  6.032  0.855  1.120  0.788  0.566  1.271 -0.020  1.409  0.042
  26 C    6  6.032  0.855  1.120  0.788  0.566  1.271 -0.020  1.409  0.042
  27 C    6  6.032  0.855  1.120  0.788  0.566  1.271 -0.020  1.409  0.042
  28 C    6  6.032  0.855  1.120  0.788  0.566  1.271 -0.020  1.409  0.042
  29 C    6  6.032  0.855  1.120  0.788  0.566  1.271 -0.020  1.409  0.042
  30 C    6  6.032  0.855  1.120  0.788  0.566  1.271 -0.020  1.409  0.042
  31 C    6  6.032  0.855  1.120  0.788  0.566  1.271 -0.020  1.409  0.042
  32 C    6  6.032  0.855  1.120  0.788  0.566  1.271 -0.020  1.409  0.042
  33 C    6  5.952  0.854  1.121  0.768  0.353  1.374 -0.053  1.493  0.043
  34 C    6  5.952  0.854  1.121  0.768  0.353  1.374 -0.053  1.493  0.043
  35 C    6  5.952  0.854  1.121  0.768  0.353  1.374 -0.053  1.493  0.043
  36 C    6  5.952  0.854  1.121  0.768  0.353  1.374 -0.053  1.493  0.043
  37 C    6  5.952  0.854  1.121  0.768  0.353  1.374 -0.053  1.493  0.043
  38 C    6  5.952  0.854  1.121  0.768  0.353  1.374 -0.053  1.493  0.043
  39 C    6  5.952  0.854  1.121  0.768  0.353  1.374 -0.053  1.493  0.043
  40 C    6  5.952  0.854  1.121  0.768  0.353  1.374 -0.053  1.493  0.043
  41 C    6  5.952  0.854  1.121  0.768  0.353  1.374 -0.053  1.493  0.043
  42 C    6  5.952  0.854  1.121  0.768  0.353  1.374 -0.053  1.493  0.043
  43 C    6  5.952  0.854  1.121  0.768  0.353  1.374 -0.053  1.493  0.043
  44 C    6  5.952  0.854  1.121  0.768  0.353  1.374 -0.053  1.493  0.043
  45 C    6  5.952  0.854  1.121  0.768  0.353  1.374 -0.053  1.493  0.043
  46 C    6  5.952  0.854  1.121  0.768  0.353  1.374 -0.053  1.493  0.043
  47 C    6  5.952  0.854  1.121  0.768  0.353  1.374 -0.053  1.493  0.043
  48 C    6  5.952  0.854  1.121  0.768  0.353  1.374 -0.053  1.493  0.043
  49 C    6  5.952  0.854  1.121  0.768  0.353  1.374 -0.053  1.493  0.043
  50 C    6  5.952  0.854  1.121  0.768  0.353  1.374 -0.053  1.493  0.043
  51 C    6  5.952  0.854  1.121  0.768  0.353  1.374 -0.053  1.493  0.043
  52 C    6  5.952  0.854  1.121  0.768  0.353  1.374 -0.053  1.493  0.043
  53 C    6  5.952  0.854  1.121  0.768  0.353  1.374 -0.053  1.493  0.043
  54 C    6  5.952  0.854  1.121  0.768  0.353  1.374 -0.053  1.493  0.043
  55 C    6  5.952  0.854  1.121  0.768  0.353  1.374 -0.053  1.493  0.043
  56 C    6  5.952  0.854  1.121  0.768  0.353  1.374 -0.053  1.493  0.043

 OVERLAP POPULATION CONDENSED TO ATOMS FOR FIRST   6 NEIGHBORS

 ATOM A   1 C    ATOM B     CELL      R(AB)/AU R(AB)/ANG    OVPOP(AB)
                 46 C    (  0  0  0)     2.799     1.481     0.315
                 13 C    ( -1 -1 -1)     2.818     1.491     0.366
                 25 C    (  0  0  0)     4.311     2.281     0.008
                  5 C    (  0  0  0)     4.477     2.369    -0.040
                 34 C    ( -1 -1 -1)     4.726     2.501    -0.016
                 42 C    (  0  0  0)     4.740     2.508    -0.038

 ATOM A  25 C    ATOM B     CELL      R(AB)/AU R(AB)/ANG    OVPOP(AB)
                 46 C    (  0  0  0)     2.772     1.467     0.305
                  1 C    (  0  0  0)     4.311     2.281     0.008
                 35 C    (  0  0  0)     4.785     2.532    -0.035
                 13 C    ( -1 -1 -1)     5.252     2.779    -0.007
                 30 C    (  0  0  0)     6.128     3.243     0.010
                 15 C    (  0  0  0)     7.395     3.913     0.002

 ATOM A  33 C    ATOM B     CELL      R(AB)/AU R(AB)/ANG    OVPOP(AB)
                 50 C    (  0  0  0)     2.483     1.314     0.629
                 30 C    (  0  0  0)     2.772     1.467     0.305
                 14 C    (  0  0  0)     2.799     1.481     0.315
                 43 C    (  0  0  0)     4.666     2.469    -0.001
                  2 C    (  0  0 -1)     4.726     2.501    -0.016
                  9 C    (  0  0  0)     4.740     2.508    -0.038
 TTTTTTTTTTTTTTTTTTTTTTTTTTTTTT AFTER FIRST TELAPSE      110.49 TCPU      108.44
 MMMMMMMMMMMMMMMMMMMMMMMMMMMMMMMMMMMMMMMMMMMMMMMMMMMMMMMMMMMMMMMMMMMMMMMMMMMMMMM
     ALPHA-BETA ELECTRONS
 MULLIKEN POPULATION ANALYSIS - NO. OF ELECTRONS    0.000000

  ATOM    Z CHARGE  A.O. POPULATION

   1 C    6  0.000  0.000 -0.000  0.000  0.000 -0.000  0.000  0.000  0.000
                   -0.000 -0.000 -0.000  0.000  0.000  0.000 -0.000  0.000
                    0.000 -0.000
   2 C    6  0.000  0.000 -0.000  0.000  0.000 -0.000  0.000  0.000  0.000
                   -0.000 -0.000 -0.000  0.000  0.000  0.000 -0.000  0.000
                    0.000 -0.000
   3 C    6  0.000  0.000 -0.000  0.000  0.000 -0.000  0.000  0.000  0.000
                   -0.000 -0.000 -0.000  0.000  0.000  0.000 -0.000  0.000
                    0.000 -0.000
   4 C    6  0.000  0.000 -0.000  0.000  0.000 -0.000  0.000  0.000  0.000
                   -0.000 -0.000 -0.000  0.000  0.000  0.000 -0.000  0.000
                    0.000 -0.000
   5 C    6  0.000  0.000 -0.000  0.000  0.000  0.000 -0.000  0.000 -0.000
                    0.000 -0.000  0.000 -0.000  0.000  0.000  0.000 -0.000
                    0.000 -0.000
   6 C    6  0.000  0.000 -0.000  0.000  0.000  0.000  0.000 -0.000 -0.000
                   -0.000  0.000  0.000  0.000 -0.000  0.000 -0.000 -0.000
                    0.000  0.000
   7 C    6  0.000  0.000 -0.000  0.000  0.000  0.000 -0.000  0.000 -0.000
                    0.000 -0.000  0.000 -0.000  0.000  0.000  0.000 -0.000
                    0.000 -0.000
   8 C    6  0.000  0.000 -0.000  0.000  0.000  0.000  0.000 -0.000 -0.000
                   -0.000  0.000  0.000  0.000 -0.000  0.000 -0.000 -0.000
                    0.000  0.000
   9 C    6  0.000  0.000 -0.000  0.000  0.000  0.000 -0.000  0.000 -0.000
                    0.000 -0.000  0.000 -0.000  0.000  0.000  0.000 -0.000
                    0.000 -0.000
  10 C    6  0.000  0.000 -0.000  0.000  0.000  0.000  0.000 -0.000 -0.000
                   -0.000  0.000  0.000  0.000 -0.000  0.000 -0.000 -0.000
                    0.000  0.000
  11 C    6  0.000  0.000 -0.000  0.000  0.000  0.000 -0.000  0.000 -0.000
                    0.000 -0.000  0.000 -0.000  0.000  0.000  0.000 -0.000
                    0.000 -0.000
  12 C    6  0.000  0.000 -0.000  0.000  0.000  0.000  0.000 -0.000 -0.000
                   -0.000  0.000  0.000  0.000 -0.000  0.000 -0.000 -0.000
                    0.000  0.000
  13 C    6  0.000  0.000 -0.000  0.000  0.000  0.000 -0.000  0.000 -0.000
                    0.000 -0.000  0.000 -0.000  0.000  0.000  0.000 -0.000
                    0.000 -0.000
  14 C    6  0.000  0.000 -0.000  0.000  0.000  0.000 -0.000  0.000 -0.000
                    0.000 -0.000  0.000 -0.000  0.000  0.000  0.000 -0.000
                    0.000 -0.000
  15 C    6  0.000  0.000 -0.000  0.000  0.000  0.000 -0.000  0.000 -0.000
                    0.000 -0.000  0.000 -0.000  0.000  0.000  0.000 -0.000
                    0.000 -0.000
  16 C    6  0.000  0.000 -0.000  0.000  0.000  0.000 -0.000  0.000 -0.000
                    0.000 -0.000  0.000 -0.000  0.000  0.000  0.000 -0.000
                    0.000 -0.000
  17 C    6  0.000  0.000 -0.000  0.000  0.000 -0.000  0.000  0.000  0.000
                   -0.000 -0.000 -0.000  0.000  0.000  0.000 -0.000  0.000
                    0.000 -0.000
  18 C    6  0.000  0.000 -0.000  0.000  0.000  0.000  0.000 -0.000 -0.000
                   -0.000  0.000  0.000  0.000 -0.000  0.000 -0.000 -0.000
                    0.000  0.000
  19 C    6  0.000  0.000 -0.000  0.000  0.000 -0.000  0.000  0.000  0.000
                   -0.000 -0.000 -0.000  0.000  0.000  0.000 -0.000  0.000
                    0.000 -0.000
  20 C    6  0.000  0.000 -0.000  0.000  0.000  0.000  0.000 -0.000 -0.000
                   -0.000  0.000  0.000  0.000 -0.000  0.000 -0.000 -0.000
                    0.000  0.000
  21 C    6  0.000  0.000 -0.000  0.000  0.000 -0.000  0.000  0.000  0.000
                   -0.000 -0.000 -0.000  0.000  0.000  0.000 -0.000  0.000
                    0.000 -0.000
  22 C    6  0.000  0.000 -0.000  0.000  0.000  0.000  0.000 -0.000 -0.000
                   -0.000  0.000  0.000  0.000 -0.000  0.000 -0.000 -0.000
                    0.000  0.000
  23 C    6  0.000  0.000 -0.000  0.000  0.000 -0.000  0.000  0.000  0.000
                   -0.000 -0.000 -0.000  0.000  0.000  0.000 -0.000  0.000
                    0.000 -0.000
  24 C    6  0.000  0.000 -0.000  0.000  0.000  0.000  0.000 -0.000 -0.000
                   -0.000  0.000  0.000  0.000 -0.000  0.000 -0.000 -0.000
                    0.000  0.000
  25 C    6 -0.000  0.000  0.000  0.000 -0.000 -0.000 -0.000 -0.000  0.000
                    0.000  0.000 -0.000 -0.000 -0.000  0.000  0.000  0.000
                    0.000  0.000
  26 C    6 -0.000  0.000  0.000  0.000 -0.000 -0.000 -0.000 -0.000  0.000
                    0.000  0.000 -0.000 -0.000 -0.000  0.000  0.000  0.000
                    0.000  0.000
  27 C    6 -0.000  0.000  0.000  0.000 -0.000 -0.000 -0.000 -0.000  0.000
                    0.000  0.000 -0.000 -0.000 -0.000  0.000  0.000  0.000
                    0.000  0.000
  28 C    6 -0.000  0.000  0.000  0.000 -0.000 -0.000 -0.000 -0.000  0.000
                    0.000  0.000 -0.000 -0.000 -0.000  0.000  0.000  0.000
                    0.000  0.000
  29 C    6 -0.000  0.000  0.000  0.000 -0.000 -0.000 -0.000 -0.000  0.000
                    0.000  0.000 -0.000 -0.000 -0.000  0.000  0.000  0.000
                    0.000  0.000
  30 C    6 -0.000  0.000  0.000  0.000 -0.000 -0.000 -0.000 -0.000  0.000
                    0.000  0.000 -0.000 -0.000 -0.000  0.000  0.000  0.000
                    0.000  0.000
  31 C    6 -0.000  0.000  0.000  0.000 -0.000 -0.000 -0.000 -0.000  0.000
                    0.000  0.000 -0.000 -0.000 -0.000  0.000  0.000  0.000
                    0.000  0.000
  32 C    6 -0.000  0.000  0.000  0.000 -0.000 -0.000 -0.000 -0.000  0.000
                    0.000  0.000 -0.000 -0.000 -0.000  0.000  0.000  0.000
                    0.000  0.000
  33 C    6 -0.000  0.000 -0.000  0.000  0.000  0.000 -0.000  0.000 -0.000
                    0.000 -0.000  0.000 -0.000  0.000 -0.000 -0.000 -0.000
                   -0.000 -0.000
  34 C    6 -0.000  0.000 -0.000  0.000  0.000  0.000 -0.000  0.000 -0.000
                    0.000 -0.000  0.000 -0.000  0.000 -0.000 -0.000 -0.000
                   -0.000 -0.000
  35 C    6 -0.000  0.000 -0.000  0.000  0.000  0.000 -0.000  0.000 -0.000
                    0.000 -0.000  0.000 -0.000  0.000 -0.000 -0.000 -0.000
                   -0.000 -0.000
  36 C    6 -0.000  0.000 -0.000  0.000  0.000  0.000 -0.000  0.000 -0.000
                    0.000 -0.000  0.000 -0.000  0.000 -0.000 -0.000 -0.000
                   -0.000 -0.000
  37 C    6 -0.000  0.000 -0.000  0.000  0.000  0.000  0.000 -0.000 -0.000
                   -0.000  0.000  0.000  0.000 -0.000 -0.000 -0.000 -0.000
                    0.000 -0.000
  38 C    6 -0.000  0.000 -0.000  0.000  0.000 -0.000  0.000  0.000  0.000
                   -0.000 -0.000 -0.000  0.000  0.000 -0.000 -0.000 -0.000
                   -0.000 -0.000
  39 C    6 -0.000  0.000 -0.000  0.000  0.000  0.000  0.000 -0.000 -0.000
                   -0.000  0.000  0.000  0.000 -0.000 -0.000 -0.000 -0.000
                    0.000 -0.000
  40 C    6 -0.000  0.000 -0.000  0.000  0.000 -0.000  0.000  0.000  0.000
                   -0.000 -0.000 -0.000  0.000  0.000 -0.000 -0.000 -0.000
                   -0.000 -0.000
  41 C    6 -0.000  0.000 -0.000  0.000  0.000  0.000  0.000 -0.000 -0.000
                   -0.000  0.000  0.000  0.000 -0.000 -0.000 -0.000 -0.000
                    0.000 -0.000
  42 C    6 -0.000  0.000 -0.000  0.000  0.000 -0.000  0.000  0.000  0.000
                   -0.000 -0.000 -0.000  0.000  0.000 -0.000 -0.000 -0.000
                   -0.000 -0.000
  43 C    6 -0.000  0.000 -0.000  0.000  0.000  0.000  0.000 -0.000 -0.000
                   -0.000  0.000  0.000  0.000 -0.000 -0.000 -0.000 -0.000
                    0.000 -0.000
  44 C    6 -0.000  0.000 -0.000  0.000  0.000 -0.000  0.000  0.000  0.000
                   -0.000 -0.000 -0.000  0.000  0.000 -0.000 -0.000 -0.000
                   -0.000 -0.000
  45 C    6 -0.000  0.000 -0.000  0.000  0.000 -0.000  0.000  0.000  0.000
                   -0.000 -0.000 -0.000  0.000  0.000 -0.000 -0.000 -0.000
                   -0.000 -0.000
  46 C    6 -0.000  0.000 -0.000  0.000  0.000 -0.000  0.000  0.000  0.000
                   -0.000 -0.000 -0.000  0.000  0.000 -0.000 -0.000 -0.000
                   -0.000 -0.000
  47 C    6 -0.000  0.000 -0.000  0.000  0.000 -0.000  0.000  0.000  0.000
                   -0.000 -0.000 -0.000  0.000  0.000 -0.000 -0.000 -0.000
                   -0.000 -0.000
  48 C    6 -0.000  0.000 -0.000  0.000  0.000 -0.000  0.000  0.000  0.000
                   -0.000 -0.000 -0.000  0.000  0.000 -0.000 -0.000 -0.000
                   -0.000 -0.000
  49 C    6 -0.000  0.000 -0.000  0.000  0.000  0.000  0.000 -0.000 -0.000
                   -0.000  0.000  0.000  0.000 -0.000 -0.000 -0.000 -0.000
                    0.000 -0.000
  50 C    6 -0.000  0.000 -0.000  0.000  0.000  0.000 -0.000  0.000 -0.000
                    0.000 -0.000  0.000 -0.000  0.000 -0.000 -0.000 -0.000
                   -0.000 -0.000
  51 C    6 -0.000  0.000 -0.000  0.000  0.000  0.000  0.000 -0.000 -0.000
                   -0.000  0.000  0.000  0.000 -0.000 -0.000 -0.000 -0.000
                    0.000 -0.000
  52 C    6 -0.000  0.000 -0.000  0.000  0.000  0.000 -0.000  0.000 -0.000
                    0.000 -0.000  0.000 -0.000  0.000 -0.000 -0.000 -0.000
                   -0.000 -0.000
  53 C    6 -0.000  0.000 -0.000  0.000  0.000  0.000  0.000 -0.000 -0.000
                   -0.000  0.000  0.000  0.000 -0.000 -0.000 -0.000 -0.000
                    0.000 -0.000
  54 C    6 -0.000  0.000 -0.000  0.000  0.000  0.000 -0.000  0.000 -0.000
                    0.000 -0.000  0.000 -0.000  0.000 -0.000 -0.000 -0.000
                   -0.000 -0.000
  55 C    6 -0.000  0.000 -0.000  0.000  0.000  0.000  0.000 -0.000 -0.000
                   -0.000  0.000  0.000  0.000 -0.000 -0.000 -0.000 -0.000
                    0.000 -0.000
  56 C    6 -0.000  0.000 -0.000  0.000  0.000  0.000 -0.000  0.000 -0.000
                    0.000 -0.000  0.000 -0.000  0.000 -0.000 -0.000 -0.000
                   -0.000 -0.000

  ATOM    Z CHARGE  SHELL POPULATION

   1 C    6  0.000  0.000 -0.000  0.000  0.000 -0.000 -0.000  0.000 -0.000
   2 C    6  0.000  0.000 -0.000  0.000  0.000 -0.000 -0.000  0.000 -0.000
   3 C    6  0.000  0.000 -0.000  0.000  0.000 -0.000 -0.000  0.000 -0.000
   4 C    6  0.000  0.000 -0.000  0.000  0.000 -0.000 -0.000  0.000 -0.000
   5 C    6  0.000  0.000 -0.000  0.000  0.000 -0.000 -0.000  0.000 -0.000
   6 C    6  0.000  0.000 -0.000  0.000  0.000 -0.000 -0.000  0.000 -0.000
   7 C    6  0.000  0.000 -0.000  0.000  0.000 -0.000 -0.000  0.000 -0.000
   8 C    6  0.000  0.000 -0.000  0.000  0.000 -0.000 -0.000  0.000 -0.000
   9 C    6  0.000  0.000 -0.000  0.000  0.000 -0.000 -0.000  0.000 -0.000
  10 C    6  0.000  0.000 -0.000  0.000  0.000 -0.000 -0.000  0.000 -0.000
  11 C    6  0.000  0.000 -0.000  0.000  0.000 -0.000 -0.000  0.000 -0.000
  12 C    6  0.000  0.000 -0.000  0.000  0.000 -0.000 -0.000  0.000 -0.000
  13 C    6  0.000  0.000 -0.000  0.000  0.000 -0.000 -0.000  0.000 -0.000
  14 C    6  0.000  0.000 -0.000  0.000  0.000 -0.000 -0.000  0.000 -0.000
  15 C    6  0.000  0.000 -0.000  0.000  0.000 -0.000 -0.000  0.000 -0.000
  16 C    6  0.000  0.000 -0.000  0.000  0.000 -0.000 -0.000  0.000 -0.000
  17 C    6  0.000  0.000 -0.000  0.000  0.000 -0.000 -0.000  0.000 -0.000
  18 C    6  0.000  0.000 -0.000  0.000  0.000 -0.000 -0.000  0.000 -0.000
  19 C    6  0.000  0.000 -0.000  0.000  0.000 -0.000 -0.000  0.000 -0.000
  20 C    6  0.000  0.000 -0.000  0.000  0.000 -0.000 -0.000  0.000 -0.000
  21 C    6  0.000  0.000 -0.000  0.000  0.000 -0.000 -0.000  0.000 -0.000
  22 C    6  0.000  0.000 -0.000  0.000  0.000 -0.000 -0.000  0.000 -0.000
  23 C    6  0.000  0.000 -0.000  0.000  0.000 -0.000 -0.000  0.000 -0.000
  24 C    6  0.000  0.000 -0.000  0.000  0.000 -0.000 -0.000  0.000 -0.000
  25 C    6 -0.000  0.000  0.000  0.000 -0.000 -0.000  0.000 -0.000  0.000
  26 C    6 -0.000  0.000  0.000  0.000 -0.000 -0.000  0.000 -0.000  0.000
  27 C    6 -0.000  0.000  0.000  0.000 -0.000 -0.000  0.000 -0.000  0.000
  28 C    6 -0.000  0.000  0.000  0.000 -0.000 -0.000  0.000 -0.000  0.000
  29 C    6 -0.000  0.000  0.000  0.000 -0.000 -0.000  0.000 -0.000  0.000
  30 C    6 -0.000  0.000  0.000  0.000 -0.000 -0.000  0.000 -0.000  0.000
  31 C    6 -0.000  0.000  0.000  0.000 -0.000 -0.000  0.000 -0.000  0.000
  32 C    6 -0.000  0.000  0.000  0.000 -0.000 -0.000  0.000 -0.000  0.000
  33 C    6 -0.000  0.000 -0.000  0.000  0.000 -0.000  0.000 -0.000 -0.000
  34 C    6 -0.000  0.000 -0.000  0.000  0.000 -0.000  0.000 -0.000 -0.000
  35 C    6 -0.000  0.000 -0.000  0.000  0.000 -0.000  0.000 -0.000 -0.000
  36 C    6 -0.000  0.000 -0.000  0.000  0.000 -0.000  0.000 -0.000 -0.000
  37 C    6 -0.000  0.000 -0.000  0.000  0.000 -0.000  0.000 -0.000 -0.000
  38 C    6 -0.000  0.000 -0.000  0.000  0.000 -0.000  0.000 -0.000 -0.000
  39 C    6 -0.000  0.000 -0.000  0.000  0.000 -0.000  0.000 -0.000 -0.000
  40 C    6 -0.000  0.000 -0.000  0.000  0.000 -0.000  0.000 -0.000 -0.000
  41 C    6 -0.000  0.000 -0.000  0.000  0.000 -0.000  0.000 -0.000 -0.000
  42 C    6 -0.000  0.000 -0.000  0.000  0.000 -0.000  0.000 -0.000 -0.000
  43 C    6 -0.000  0.000 -0.000  0.000  0.000 -0.000  0.000 -0.000 -0.000
  44 C    6 -0.000  0.000 -0.000  0.000  0.000 -0.000  0.000 -0.000 -0.000
  45 C    6 -0.000  0.000 -0.000  0.000  0.000 -0.000  0.000 -0.000 -0.000
  46 C    6 -0.000  0.000 -0.000  0.000  0.000 -0.000  0.000 -0.000 -0.000
  47 C    6 -0.000  0.000 -0.000  0.000  0.000 -0.000  0.000 -0.000 -0.000
  48 C    6 -0.000  0.000 -0.000  0.000  0.000 -0.000  0.000 -0.000 -0.000
  49 C    6 -0.000  0.000 -0.000  0.000  0.000 -0.000  0.000 -0.000 -0.000
  50 C    6 -0.000  0.000 -0.000  0.000  0.000 -0.000  0.000 -0.000 -0.000
  51 C    6 -0.000  0.000 -0.000  0.000  0.000 -0.000  0.000 -0.000 -0.000
  52 C    6 -0.000  0.000 -0.000  0.000  0.000 -0.000  0.000 -0.000 -0.000
  53 C    6 -0.000  0.000 -0.000  0.000  0.000 -0.000  0.000 -0.000 -0.000
  54 C    6 -0.000  0.000 -0.000  0.000  0.000 -0.000  0.000 -0.000 -0.000
  55 C    6 -0.000  0.000 -0.000  0.000  0.000 -0.000  0.000 -0.000 -0.000
  56 C    6 -0.000  0.000 -0.000  0.000  0.000 -0.000  0.000 -0.000 -0.000

 OVERLAP POPULATION CONDENSED TO ATOMS FOR FIRST   6 NEIGHBORS

 ATOM A   1 C    ATOM B     CELL      R(AB)/AU R(AB)/ANG    OVPOP(AB)
                 46 C    (  0  0  0)     2.799     1.481    -0.000
                 13 C    ( -1 -1 -1)     2.818     1.491    -0.000
                 25 C    (  0  0  0)     4.311     2.281     0.000
                  5 C    (  0  0  0)     4.477     2.369     0.000
                 34 C    ( -1 -1 -1)     4.726     2.501     0.000
                 42 C    (  0  0  0)     4.740     2.508    -0.000

 ATOM A  25 C    ATOM B     CELL      R(AB)/AU R(AB)/ANG    OVPOP(AB)
                 46 C    (  0  0  0)     2.772     1.467    -0.000
                  1 C    (  0  0  0)     4.311     2.281     0.000
                 35 C    (  0  0  0)     4.785     2.532    -0.000
                 13 C    ( -1 -1 -1)     5.252     2.779    -0.000
                 30 C    (  0  0  0)     6.128     3.243     0.000
                 15 C    (  0  0  0)     7.395     3.913     0.000

 ATOM A  33 C    ATOM B     CELL      R(AB)/AU R(AB)/ANG    OVPOP(AB)
                 50 C    (  0  0  0)     2.483     1.314    -0.000
                 30 C    (  0  0  0)     2.772     1.467    -0.000
                 14 C    (  0  0  0)     2.799     1.481    -0.000
                 43 C    (  0  0  0)     4.666     2.469     0.000
                  2 C    (  0  0 -1)     4.726     2.501     0.000
                  9 C    (  0  0  0)     4.740     2.508    -0.000
 EIGENVECTORS IN FORTRAN UNIT  8
 TTTTTTTTTTTTTTTTTTTTTTTTTTTTTT END         TELAPSE      111.10 TCPU      108.93
 EEEEEEEEEE TERMINATION  DATE 30 01 2026 TIME 18:38:32.1
NODE    0 CPU TIME =       108.931
NODE    1 CPU TIME =       109.606
NODE    2 CPU TIME =       109.586
NODE    3 CPU TIME =       109.122
NODE    4 CPU TIME =       109.247
NODE    5 CPU TIME =       109.179
NODE    6 CPU TIME =       101.039
NODE    7 CPU TIME =       108.997
NODE    8 CPU TIME =       108.967
NODE    9 CPU TIME =       108.994
NODE   10 CPU TIME =       109.426
NODE   11 CPU TIME =       109.318
NODE   12 CPU TIME =       109.876
NODE   13 CPU TIME =       109.281
NODE   14 CPU TIME =       109.339
NODE   15 CPU TIME =       109.242
NODE   16 CPU TIME =       109.881
NODE   17 CPU TIME =       109.738
NODE   18 CPU TIME =       108.991
NODE   19 CPU TIME =       109.643
NODE   20 CPU TIME =       109.167
NODE   21 CPU TIME =       109.341
NODE   22 CPU TIME =       109.605
NODE   23 CPU TIME =       109.282
NODE   24 CPU TIME =       109.143
NODE   25 CPU TIME =       109.009
NODE   26 CPU TIME =       109.120
NODE   27 CPU TIME =       109.473
NODE   28 CPU TIME =       108.916
NODE   29 CPU TIME =       109.000
NODE   30 CPU TIME =       109.146
NODE   31 CPU TIME =       108.840
    TOTAL CPU TIME =      3488.445
