MPI startup(): Warning: I_MPI_PMI_LIBRARY will be ignored since the hydra process manager was found
MPI startup(): Warning: I_MPI_PMI_LIBRARY will be ignored since the hydra process manager was found
MPI startup(): Warning: I_MPI_PMI_LIBRARY will be ignored since the hydra process manager was found
MPI startup(): Warning: I_MPI_PMI_LIBRARY will be ignored since the hydra process manager was found
MPI startup(): Warning: I_MPI_PMI_LIBRARY will be ignored since the hydra process manager was found
MPI startup(): Warning: I_MPI_PMI_LIBRARY will be ignored since the hydra process manager was found
MPI startup(): Warning: I_MPI_PMI_LIBRARY will be ignored since the hydra process manager was found
MPI startup(): Warning: I_MPI_PMI_LIBRARY will be ignored since the hydra process manager was found
MPI startup(): Warning: I_MPI_PMI_LIBRARY will be ignored since the hydra process manager was found
MPI startup(): Warning: I_MPI_PMI_LIBRARY will be ignored since the hydra process manager was found
MPI startup(): Warning: I_MPI_PMI_LIBRARY will be ignored since the hydra process manager was found
MPI startup(): Warning: I_MPI_PMI_LIBRARY will be ignored since the hydra process manager was found
MPI startup(): Warning: I_MPI_PMI_LIBRARY will be ignored since the hydra process manager was found
MPI startup(): Warning: I_MPI_PMI_LIBRARY will be ignored since the hydra process manager was found
MPI startup(): Warning: I_MPI_PMI_LIBRARY will be ignored since the hydra process manager was found
MPI startup(): Warning: I_MPI_PMI_LIBRARY will be ignored since the hydra process manager was found
MPI startup(): Warning: I_MPI_PMI_LIBRARY will be ignored since the hydra process manager was found
MPI startup(): Warning: I_MPI_PMI_LIBRARY will be ignored since the hydra process manager was found
MPI startup(): Warning: I_MPI_PMI_LIBRARY will be ignored since the hydra process manager was found
MPI startup(): Warning: I_MPI_PMI_LIBRARY will be ignored since the hydra process manager was found
MPI startup(): Warning: I_MPI_PMI_LIBRARY will be ignored since the hydra process manager was found
MPI startup(): Warning: I_MPI_PMI_LIBRARY will be ignored since the hydra process manager was found
MPI startup(): Warning: I_MPI_PMI_LIBRARY will be ignored since the hydra process manager was found
MPI startup(): Warning: I_MPI_PMI_LIBRARY will be ignored since the hydra process manager was found
MPI startup(): Warning: I_MPI_PMI_LIBRARY will be ignored since the hydra process manager was found
MPI startup(): Warning: I_MPI_PMI_LIBRARY will be ignored since the hydra process manager was found
MPI startup(): Warning: I_MPI_PMI_LIBRARY will be ignored since the hydra process manager was found
MPI startup(): Warning: I_MPI_PMI_LIBRARY will be ignored since the hydra process manager was found
MPI startup(): Warning: I_MPI_PMI_LIBRARY will be ignored since the hydra process manager was found
MPI startup(): Warning: I_MPI_PMI_LIBRARY will be ignored since the hydra process manager was found
MPI startup(): Warning: I_MPI_PMI_LIBRARY will be ignored since the hydra process manager was found
MPI startup(): Warning: I_MPI_PMI_LIBRARY will be ignored since the hydra process manager was found
 PROCESS           12  OF           32  WORKING
 PROCESS            1  OF           32  WORKING
 PROCESS            5  OF           32  WORKING
 PROCESS           17  OF           32  WORKING
 PROCESS           30  OF           32  WORKING
 PROCESS            8  OF           32  WORKING
 PROCESS           29  OF           32  WORKING
 PROCESS            0  OF           32  WORKING
 PROCESS            6  OF           32  WORKING
 PROCESS            7  OF           32  WORKING
 PROCESS           28  OF           32  WORKING
 PROCESS           31  OF           32  WORKING
 PROCESS           10  OF           32  WORKING
 PROCESS           21  OF           32  WORKING
 PROCESS           24  OF           32  WORKING
 PROCESS           18  OF           32  WORKING
 PROCESS            2  OF           32  WORKING
 PROCESS            3  OF           32  WORKING
 PROCESS           19  OF           32  WORKING
 PROCESS           26  OF           32  WORKING
 PROCESS           22  OF           32  WORKING

         
 *******************************************************************************
 *                                                                             *
 *                               CRYSTAL23                                     *
 *                      public : 1.0.1 - October 2022                          *
 *                       HTTP://WWW.CRYSTAL.UNITO.IT                           *
 *                                                                             *
 *                              MAIN AUTHORS                                   *
 *                                                                             *
 *  R. DOVESI(1,11), V.R. SAUNDERS(2), C. ROETTI(1,11), R. ORLANDO(1,11),      *
 *  C.M. ZICOVICH-WILSON(1,3), F. PASCALE(4), B. CIVALLERI(1,11),              *
 *  K. DOLL(5), N.M. HARRISON(6), I.J. BUSH(7), Ph. D'ARCO(8),                 *
 *  M. LLUNELL(9), M. CAUSA'(10), Y. NOEL(8), L. MASCHIO(1,11), A. ERBA(1,11)  *
 *  M. RE'RAT(14), S. CASASSA(1,11), B.G. SEARLE(2), J.K. DESMARAIS(1)         *
 *                                                                             *
 *        CONTRIBUTIONS TO THE CODE HAVE ALSO BEEN GIVEN BY                    *
 *                                                                             *
 *  M. FERRABONE(1,11), M. DE LA PIERRE(1,11), M. FERRERO(1,11),               *
 *  J. BAIMA(1,11), E. ALBANESE(1,11), M.F. PEINTINGER(12), R. BAST(13),       *
 *  B. KIRTMAN(15), V. LACIVITA(1,11), R. DEMICHELIS(1,16)                     *
 *  G. BRANDEBURG(17), S. SALUSTRO(1,11), G. SANSONE(1,11)                     *
 *  M.T. RUGGIERO(18), L.E. DAGA(1), L. DONA'(1), A. COSSARD(1)                *
 *                                                                             *
 * (1) THEORETICAL CHEMISTRY GROUP - UNIVERSITA' DI TORINO - TORINO (ITALY)    *
 * (2) SCIENTIFIC COMPUTING DEPARTMENT - STFC DARESBURY (UK)                   *
 * (3) UNIVERSIDAD AUTONOMA DEL ESTADO DE MORELOS - CUERNAVACA (MEXICO)        *
 * (4) UNIVERSITE' DE LORRAINE - NANCY (FRANCE)                                *
 * (5) UNIVERSITAET STUTTGART- STUTTGART (GERMANY)                             *
 * (6) IMPERIAL COLLEGE - LONDON (UK)                                          *
 * (7) SCIENTIFIC COMPUTING DEPARTMENT - STFC RAL (UK)                         *
 * (8) UPMC - SORBONNE UNIVERSITES - PARIS (FRANCE)                            *
 * (9) UNIVERSIDAD DE BARCELONA - BARCELONA (SPAIN)                            *
 *(10) UNIVERSITA' DI NAPOLI "FEDERICO II" - NAPOLI (ITALY)                    *
 *(11) NIS - NANOSTRUCTURED INTERFACES AND SURFACES - TORINO (ITALY)           *
 *(12) MPI FUER CHEMISCHE ENERGIEKONVERSION - MUELHEIM AN DER RUHR (GERMANY)   *
 *(13) UNIVERSITY OF TROMSO - TROMSO (NORWAY)                                  *
 *(14) UNIVERSITE' DE PAU ET DES PAYS DE L'ADOUR - PAU (FRANCE)                *
 *(15) UNIVERSITY OF CALIFORNIA SANTA BARBARA - SANTA BARBARA (USA)            *
 *(16) CURTIN UNIVERSITY - PERTH (AUSTRALIA)                                   *
 *(17) UNIVERSITY COLLEGE LONDON - LONDON (UK)                                 *
 *(18) UNIVERSITY OF VERMONT - BURLINGTON (USA)                                *
 *                                                                             *
 *******************************************************************************
 EEEEEEEEEE STARTING  DATE 30 01 2026 TIME 21:43:39.3
 ./3^4,4^6T2-CA_rev1_sp_B3LYP-D3-D3_optimized                                    
 PROCESS            4  OF           32  WORKING
 PROCESS           11  OF           32  WORKING
 PROCESS           13  OF           32  WORKING
 PROCESS           14  OF           32  WORKING
 PROCESS           15  OF           32  WORKING
 PROCESS           16  OF           32  WORKING
 PROCESS           20  OF           32  WORKING
 PROCESS           23  OF           32  WORKING
 PROCESS           25  OF           32  WORKING
 PROCESS           27  OF           32  WORKING
 PROCESS            9  OF           32  WORKING

 CRYSTAL CALCULATION
 (INPUT ACCORDING TO THE INTERNATIONAL TABLES FOR X-RAY CRYSTALLOGRAPHY)
 CRYSTAL FAMILY                       :  MONOCLINIC  
 CRYSTAL CLASS  (GROTH - 1921)        :  MONOCLINIC DOMATIC                   

 SPACE GROUP (NONCENTROSYMMETRIC)     :  P C             

 LATTICE PARAMETERS  (ANGSTROMS AND DEGREES) - CONVENTIONAL CELL
        A           B           C        ALPHA        BETA       GAMMA
     3.18926     5.73325     7.30750    90.00000    94.65281    90.00000


 NUMBER OF IRREDUCIBLE ATOMS IN THE CONVENTIONAL CELL:   10

 INPUT COORDINATES

 ATOM AT. N.              COORDINATES
   1   6     4.926830403206E-01 -4.875499840267E-01 -1.701802107347E-01
   2   6    -3.782332725616E-01  1.364442428665E-02  1.523109289492E-01
   3   6     4.259311663332E-01 -2.499348403931E-01 -4.139439081161E-01
   4   6     3.635811876589E-01 -2.770622835299E-01  3.840938887217E-01
   5   6    -2.011704971023E-02 -9.698517975590E-02 -1.874324575885E-01
   6   6    -2.751281058967E-01  4.483488247229E-01  1.567456644770E-01
   7   6    -2.113514570048E-01  1.471906417835E-01 -4.989038747446E-01
   8   6    -3.042393627665E-01  3.770507475698E-01 -4.950830748733E-01
   9   6     3.101275694214E-01 -8.591801507919E-02  2.804083098659E-01
  10   6     1.287462842057E-01 -3.259565968216E-01 -2.723652659565E-01

 *******************************************************************************

 << INFORMATION >>: FROM NOW ON, ALL COORDINATES REFER TO THE PRIMITIVE CELL

 *******************************************************************************

 LATTICE PARAMETERS  (ANGSTROMS AND DEGREES) - PRIMITIVE CELL
       A          B          C        ALPHA      BETA     GAMMA        VOLUME
    3.18926    5.73325    7.30750    90.00000  94.65281  90.00000    133.175870

 COORDINATES OF THE EQUIVALENT ATOMS (FRACTIONAL UNITS)

 N. ATOM EQUIV AT. N.          X                  Y                  Z

   1   1   1    6 C     4.92683040321E-01 -4.87549984027E-01 -1.70180210735E-01
   2   1   2    6 C     4.92683040321E-01  4.87549984027E-01  3.29819789265E-01

   3   2   1    6 C    -3.78233272562E-01  1.36444242866E-02  1.52310928949E-01
   4   2   2    6 C    -3.78233272562E-01 -1.36444242866E-02 -3.47689071051E-01

   5   3   1    6 C     4.25931166333E-01 -2.49934840393E-01 -4.13943908116E-01
   6   3   2    6 C     4.25931166333E-01  2.49934840393E-01  8.60560918839E-02

   7   4   1    6 C     3.63581187659E-01 -2.77062283530E-01  3.84093888722E-01
   8   4   2    6 C     3.63581187659E-01  2.77062283530E-01 -1.15906111278E-01

   9   5   1    6 C    -2.01170497102E-02 -9.69851797559E-02 -1.87432457588E-01
  10   5   2    6 C    -2.01170497102E-02  9.69851797559E-02  3.12567542411E-01

  11   6   1    6 C    -2.75128105897E-01  4.48348824723E-01  1.56745664477E-01
  12   6   2    6 C    -2.75128105897E-01 -4.48348824723E-01 -3.43254335523E-01

  13   7   1    6 C    -2.11351457005E-01  1.47190641783E-01 -4.98903874745E-01
  14   7   2    6 C    -2.11351457005E-01 -1.47190641783E-01  1.09612525540E-03

  15   8   1    6 C    -3.04239362766E-01  3.77050747570E-01 -4.95083074873E-01
  16   8   2    6 C    -3.04239362766E-01 -3.77050747570E-01  4.91692512670E-03

  17   9   1    6 C     3.10127569421E-01 -8.59180150792E-02  2.80408309866E-01
  18   9   2    6 C     3.10127569421E-01  8.59180150792E-02 -2.19591690134E-01

  19  10   1    6 C     1.28746284206E-01 -3.25956596822E-01 -2.72365265957E-01
  20  10   2    6 C     1.28746284206E-01  3.25956596822E-01  2.27634734043E-01

 NUMBER OF SYMMETRY OPERATORS         :    2
 *******************************************************************************
 * GEOMETRY EDITING - INPUT COORDINATES ARE GIVEN IN ANGSTROM         
 *******************************************************************************

 GEOMETRY NOW FULLY CONSISTENT WITH THE GROUP

 GCALCO - MAX INDICES DIRECT LATTICE VECTOR    24    13    10
 NO.OF VECTORS CREATED 6999 STARS 1881 RMAX   114.45393 BOHR

 GEOMETRY FOR WAVE FUNCTION - DIMENSIONALITY OF THE SYSTEM    3
 (NON PERIODIC DIRECTION: LATTICE PARAMETER FORMALLY SET TO 500)
 *******************************************************************************
 LATTICE PARAMETERS (ANGSTROMS AND DEGREES) - BOHR = 0.5291772083 ANGSTROM
 PRIMITIVE CELL - CENTRING CODE 1/0 VOLUME=   133.175870 - DENSITY  2.993 g/cm^3
         A              B              C           ALPHA      BETA       GAMMA 
     3.18925646     5.73324713     7.30750297    90.000000  94.652806  90.000000
 *******************************************************************************
 ATOMS IN THE ASYMMETRIC UNIT   10 - ATOMS IN THE UNIT CELL:   20
     ATOM                 X/A                 Y/B                 Z/C    
 *******************************************************************************
      1 T   6 C     4.926830403206E-01 -4.875499840267E-01 -1.701802107347E-01
      2 F   6 C     4.926830403206E-01  4.875499840267E-01  3.298197892653E-01
      3 T   6 C    -3.782332725616E-01  1.364442428665E-02  1.523109289492E-01
      4 F   6 C    -3.782332725616E-01 -1.364442428665E-02 -3.476890710508E-01
      5 T   6 C     4.259311663332E-01 -2.499348403931E-01 -4.139439081161E-01
      6 F   6 C     4.259311663332E-01  2.499348403931E-01  8.605609188390E-02
      7 T   6 C     3.635811876589E-01 -2.770622835299E-01  3.840938887217E-01
      8 F   6 C     3.635811876589E-01  2.770622835299E-01 -1.159061112783E-01
      9 T   6 C    -2.011704971023E-02 -9.698517975590E-02 -1.874324575885E-01
     10 F   6 C    -2.011704971023E-02  9.698517975590E-02  3.125675424115E-01
     11 T   6 C    -2.751281058967E-01  4.483488247229E-01  1.567456644770E-01
     12 F   6 C    -2.751281058967E-01 -4.483488247229E-01 -3.432543355230E-01
     13 T   6 C    -2.113514570048E-01  1.471906417835E-01 -4.989038747446E-01
     14 F   6 C    -2.113514570048E-01 -1.471906417835E-01  1.096125255400E-03
     15 T   6 C    -3.042393627665E-01  3.770507475698E-01 -4.950830748733E-01
     16 F   6 C    -3.042393627665E-01 -3.770507475698E-01  4.916925126700E-03
     17 T   6 C     3.101275694214E-01 -8.591801507919E-02  2.804083098659E-01
     18 F   6 C     3.101275694214E-01  8.591801507919E-02 -2.195916901341E-01
     19 T   6 C     1.287462842057E-01 -3.259565968216E-01 -2.723652659565E-01
     20 F   6 C     1.287462842057E-01  3.259565968216E-01  2.276347340435E-01

 T = ATOM BELONGING TO THE ASYMMETRIC UNIT

 ****    2 SYMMOPS - TRANSLATORS IN FRACTIONAL UNITS
 **** MATRICES AND TRANSLATORS IN THE CRYSTALLOGRAPHIC REFERENCE FRAME
   V INV                    ROTATION MATRICES                   TRANSLATORS
   1   1  1.00  0.00  0.00  0.00  1.00  0.00  0.00  0.00  1.00  0.00  0.00  0.00
   2   2  1.00  0.00  0.00 -0.00 -1.00 -0.00  0.00  0.00  1.00  0.00 -0.00  0.50

 DIRECT LATTICE VECTORS CARTESIAN COMPONENTS (ANGSTROM)
          X                    Y                    Z
   0.318925646000E+01   0.195285635770E-15   0.000000000000E+00
   0.000000000000E+00   0.573324713000E+01   0.000000000000E+00
  -0.592766810565E+00   0.447455506099E-15   0.728342139141E+01


 CARTESIAN COORDINATES - PRIMITIVE CELL
 *******************************************************************************
 *      ATOM          X(ANGSTROM)         Y(ANGSTROM)         Z(ANGSTROM)
 *******************************************************************************
    1     6 C    -1.517086710187E+00 -2.795244546653E+00 -1.239494187260E+00
    2     6 C     1.375786344531E+00  2.795244546653E+00  2.402216508445E+00
    3     6 C    -1.296567771471E+00  7.822685638194E-02  1.109344678054E+00
    4     6 C    -1.000184366189E+00 -7.822685638194E-02 -2.532366017651E+00
    5     6 C    -1.585480526090E+00 -1.432938206371E+00 -3.014927915217E+00
    6     6 C     1.307392528628E+00  1.432938206371E+00  6.267827804884E-01
    7     6 C     9.318755421006E-01 -1.588466541879E+00  2.797517645426E+00
    8     6 C     1.228258947383E+00  1.588466541879E+00 -8.441930502795E-01
    9     6 C     4.694530933660E-02 -5.560400034880E-01 -1.365149571045E+00
   10     6 C    -2.494380959459E-01  5.560400034880E-01  2.276561124660E+00
   11     6 C    -9.703677166605E-01  2.570494612581E+00  1.141644725663E+00
   12     6 C    -6.739843113780E-01 -2.570494612581E+00 -2.500065970043E+00
   13     6 C    -3.783203409721E-01  8.438803245681E-01 -3.633727153572E+00
   14     6 C    -6.747037462546E-01 -8.438803245681E-01  7.983542132845E-03
   15     6 C    -6.768285378320E-01  2.161725116369E+00 -3.605898658057E+00
   16     6 C    -9.732119431145E-01 -2.161725116369E+00  3.581203764777E-02
   17     6 C     8.228596147062E-01 -4.925892133681E-01  2.042331882406E+00
   18     6 C     1.119243019989E+00  4.925892133681E-01 -1.599378813299E+00
   19     6 C     5.720540086137E-01 -1.868789723232E+00 -1.983751004345E+00
   20     6 C     2.756706033313E-01  1.868789723232E+00  1.657959691360E+00

 *******************************************************************************
 LOCAL ATOMIC FUNCTIONS BASIS SET
 *******************************************************************************
   ATOM   X(AU)   Y(AU)   Z(AU)  N. TYPE  EXPONENT  S COEF   P COEF   D/F/G COEF
 *******************************************************************************
   1 C   -2.867  -5.282  -2.342
                                  1 S  
                                         1.358E+04 2.225E-04 0.000E+00 0.000E+00
                                         2.035E+03 1.723E-03 0.000E+00 0.000E+00
                                         4.632E+02 8.926E-03 0.000E+00 0.000E+00
                                         1.312E+02 3.573E-02 0.000E+00 0.000E+00
                                         4.285E+01 1.108E-01 0.000E+00 0.000E+00
                                         1.558E+01 2.430E-01 0.000E+00 0.000E+00
                                  2 S  
                                         6.207E+00 4.144E-01 0.000E+00 0.000E+00
                                         2.576E+00 2.374E-01 0.000E+00 0.000E+00
                                  3 S  
                                         4.941E-01 1.000E+00 0.000E+00 0.000E+00
                                  4 S  
                                         1.644E-01 1.000E+00 0.000E+00 0.000E+00
                           5-     7 P  
                                         3.470E+01 0.000E+00 5.333E-03 0.000E+00
                                         7.958E+00 0.000E+00 3.586E-02 0.000E+00
                                         2.378E+00 0.000E+00 1.422E-01 0.000E+00
                                         8.143E-01 0.000E+00 3.427E-01 0.000E+00
                           8-    10 P  
                                         5.662E-01 0.000E+00 1.000E+00 0.000E+00
                          11-    13 P  
                                         2.674E-01 0.000E+00 1.000E+00 0.000E+00
                          14-    18 D  
                                         8.792E-01 0.000E+00 0.000E+00 1.000E+00
   2 C    2.600   5.282   4.540
   3 C   -2.450   0.148   2.096
   4 C   -1.890  -0.148  -4.785
   5 C   -2.996  -2.708  -5.697
   6 C    2.471   2.708   1.184
   7 C    1.761  -3.002   5.287
   8 C    2.321   3.002  -1.595
   9 C    0.089  -1.051  -2.580
  10 C   -0.471   1.051   4.302
  11 C   -1.834   4.858   2.157
  12 C   -1.274  -4.858  -4.724
  13 C   -0.715   1.595  -6.867
  14 C   -1.275  -1.595   0.015
  15 C   -1.279   4.085  -6.814
  16 C   -1.839  -4.085   0.068
  17 C    1.555  -0.931   3.859
  18 C    2.115   0.931  -3.022
  19 C    1.081  -3.532  -3.749
  20 C    0.521   3.532   3.133
 INFORMATION **** SET_MPP **** PCRYSTAL CALCULATION
 INFORMATION **** READM2 **** NEW DEFAULT: FOCK/KS MATRIX MIXING SET TO 30 %
 INFORMATION **** READM2 **** NEW DEFAULT: FULL DIRECT SCF MODE
 INFORMATION **** READM2 **** NEW DEFAULT: COULOMB BIPOLAR BUFFER SET TO 32 Mb
 INFORMATION **** READM2 **** NEW DEFAULT: EXCHANGE BIPOLAR BUFFER SET TO 32 Mb

 *******************************************************************************
 NEW DEFAULT: DFT INTEGRATION GRID INCREASED TO XLGRID
 NEW DEFAULT: DIIS ACCELERATOR ACTIVE
 USE KEYWORD NODIIS TO TURN IT OFF
 *******************************************************************************

 INFORMATION **** DFTD3_INPUT **** PERFORM LATEST DISPERSION CORRECTION DFT-D3(BJ) WITH AUTOMATIC PARAMETER SETUP
 PLEASE CITE:
 (1) DFT-D3 Reference
  S. Grimme, J. Antony, S. Ehrlich, and H. Krieg, J. Chem. Phys. 132 (2010), 154104
 (2) BJ-Damping Reference
  S. Grimme, S. Ehrlich, and L. Goerigk, J. Comput. Chem. 32 (2011), 1456-1465
 (3) General DFT-D Review
  S. Grimme, A. Hansen, J. G. Brandenburg, and C. Bannwarth,
  Chem. Rev. 116 (2016), 5105-5154

 INFORMATION **** TOLINTEG **** COULOMB AND EXCHANGE SERIES TOLERANCES MODIFIED
 INFORMATION **** TOLDEE **** SCF TOL ON TOTAL ENERGY SET TO           9
 INFORMATION **** READM2 **** FULL DIRECT SCF (MONO AND BIEL INT) SELECTED
 INFORMATION **** BIPOSIZE **** COULOMB BIPOLAR BUFFER SET TO   110000000
 INFORMATION **** EXCHSIZE **** EXCHANGE BIPOLAR BUFFER SIZE SET TO   110000000
 INFORMATION **** MAXCYCLE **** MAX NUMBER OF SCF CYCLES SET TO         800
 INFORMATION **** DIIS **** DIIS FOR SCF ACTIVE
 INFORMATION **** DIIS **** LEVEL SHIFTER DISABLED
 INFORMATION **** PPAN ****  MULLIKEN POPULATION ANALYSIS AT THE END OF SCF
 *******************************************************************************
 N. OF ATOMS PER CELL        20  COULOMB OVERLAP TOL         (T1) 10**   -8
 NUMBER OF SHELLS           160  COULOMB PENETRATION TOL     (T2) 10**   -8
 NUMBER OF AO               360  EXCHANGE OVERLAP TOL        (T3) 10**   -8
 N. OF ELECTRONS PER CELL   120  EXCHANGE PSEUDO OVP (F(G))  (T4) 10**   -9
 CORE ELECTRONS PER CELL     40  EXCHANGE PSEUDO OVP (P(G))  (T5) 10**  -24
 N. OF SYMMETRY OPERATORS     2  POLE ORDER IN MONO ZONE                  4
 *******************************************************************************
 TYPE OF CALCULATION :  UNRESTRICTED OPEN SHELL
 KOHN-SHAM HAMILTONIAN

 (EXCHANGE)[CORRELATION] FUNCTIONAL:(BECKE 88)[LEE-YANG-PARR]

 NON-LOCAL WEIGHTING FACTOR (EXCHANGE) =           0.9000
 NON-LOCAL WEIGHTING FACTOR [CORRELATION] =        0.8100

 HYBRID EXCHANGE - PERCENTAGE OF FOCK EXCHANGE    20.0000

 SPIN POLARIZED DFT SELECTED

 CAPPA:IS1 15;IS2 15;IS3 15; K PTS MONK NET 904; SYMMOPS:K SPACE   4;G SPACE   2

 *******************************************************************************
 MAX NUMBER OF SCF CYCLES     800  CONVERGENCE ON DELTAP        10**-19
 WEIGHT OF F(I) IN F(I+1)      30% CONVERGENCE ON ENERGY        10**- 9
 SHRINK. FACT.(MONKH.)   15 15 15  NUMBER OF K POINTS IN THE IBZ    904
 SHRINKING FACTOR(GILAT NET)   30  NUMBER OF K POINTS(GILAT NET)   7232
 *******************************************************************************
 *** K POINTS COORDINATES (OBLIQUE COORDINATES IN UNITS OF IS = 15)
   1-R(  0  0  0)   2-C(  1  0  0)   3-C(  2  0  0)   4-C(  3  0  0)
   5-C(  4  0  0)   6-C(  5  0  0)   7-C(  6  0  0)   8-C(  7  0  0)
   9-C(  0  1  0)  10-C(  1  1  0)  11-C(  2  1  0)  12-C(  3  1  0)
  13-C(  4  1  0)  14-C(  5  1  0)  15-C(  6  1  0)  16-C(  7  1  0)
  17-C(  0  2  0)  18-C(  1  2  0)  19-C(  2  2  0)  20-C(  3  2  0)
  21-C(  4  2  0)  22-C(  5  2  0)  23-C(  6  2  0)  24-C(  7  2  0)
  25-C(  0  3  0)  26-C(  1  3  0)  27-C(  2  3  0)  28-C(  3  3  0)
  29-C(  4  3  0)  30-C(  5  3  0)  31-C(  6  3  0)  32-C(  7  3  0)
  33-C(  0  4  0)  34-C(  1  4  0)  35-C(  2  4  0)  36-C(  3  4  0)
  37-C(  4  4  0)  38-C(  5  4  0)  39-C(  6  4  0)  40-C(  7  4  0)
  41-C(  0  5  0)  42-C(  1  5  0)  43-C(  2  5  0)  44-C(  3  5  0)
  45-C(  4  5  0)  46-C(  5  5  0)  47-C(  6  5  0)  48-C(  7  5  0)
  49-C(  0  6  0)  50-C(  1  6  0)  51-C(  2  6  0)  52-C(  3  6  0)
  53-C(  4  6  0)  54-C(  5  6  0)  55-C(  6  6  0)  56-C(  7  6  0)
  57-C(  0  7  0)  58-C(  1  7  0)  59-C(  2  7  0)  60-C(  3  7  0)
  61-C(  4  7  0)  62-C(  5  7  0)  63-C(  6  7  0)  64-C(  7  7  0)
  65-C(  0  0  1)  66-C(  1  0  1)  67-C(  2  0  1)  68-C(  3  0  1)
  69-C(  4  0  1)  70-C(  5  0  1)  71-C(  6  0  1)  72-C(  7  0  1)
  73-C(  8  0  1)  74-C(  9  0  1)  75-C( 10  0  1)  76-C( 11  0  1)
  77-C( 12  0  1)  78-C( 13  0  1)  79-C( 14  0  1)  80-C(  0  1  1)
  81-C(  1  1  1)  82-C(  2  1  1)  83-C(  3  1  1)  84-C(  4  1  1)
  85-C(  5  1  1)  86-C(  6  1  1)  87-C(  7  1  1)  88-C(  8  1  1)
  89-C(  9  1  1)  90-C( 10  1  1)  91-C( 11  1  1)  92-C( 12  1  1)
  93-C( 13  1  1)  94-C( 14  1  1)  95-C(  0  2  1)  96-C(  1  2  1)
  97-C(  2  2  1)  98-C(  3  2  1)  99-C(  4  2  1) 100-C(  5  2  1)
 101-C(  6  2  1) 102-C(  7  2  1) 103-C(  8  2  1) 104-C(  9  2  1)
 105-C( 10  2  1) 106-C( 11  2  1) 107-C( 12  2  1) 108-C( 13  2  1)
 109-C( 14  2  1) 110-C(  0  3  1) 111-C(  1  3  1) 112-C(  2  3  1)
 113-C(  3  3  1) 114-C(  4  3  1) 115-C(  5  3  1) 116-C(  6  3  1)
 117-C(  7  3  1) 118-C(  8  3  1) 119-C(  9  3  1) 120-C( 10  3  1)
 121-C( 11  3  1) 122-C( 12  3  1) 123-C( 13  3  1) 124-C( 14  3  1)
 125-C(  0  4  1) 126-C(  1  4  1) 127-C(  2  4  1) 128-C(  3  4  1)
 129-C(  4  4  1) 130-C(  5  4  1) 131-C(  6  4  1) 132-C(  7  4  1)
 133-C(  8  4  1) 134-C(  9  4  1) 135-C( 10  4  1) 136-C( 11  4  1)
 137-C( 12  4  1) 138-C( 13  4  1) 139-C( 14  4  1) 140-C(  0  5  1)
 141-C(  1  5  1) 142-C(  2  5  1) 143-C(  3  5  1) 144-C(  4  5  1)
 145-C(  5  5  1) 146-C(  6  5  1) 147-C(  7  5  1) 148-C(  8  5  1)
 149-C(  9  5  1) 150-C( 10  5  1) 151-C( 11  5  1) 152-C( 12  5  1)
 153-C( 13  5  1) 154-C( 14  5  1) 155-C(  0  6  1) 156-C(  1  6  1)
 157-C(  2  6  1) 158-C(  3  6  1) 159-C(  4  6  1) 160-C(  5  6  1)
 161-C(  6  6  1) 162-C(  7  6  1) 163-C(  8  6  1) 164-C(  9  6  1)
 165-C( 10  6  1) 166-C( 11  6  1) 167-C( 12  6  1) 168-C( 13  6  1)
 169-C( 14  6  1) 170-C(  0  7  1) 171-C(  1  7  1) 172-C(  2  7  1)
 173-C(  3  7  1) 174-C(  4  7  1) 175-C(  5  7  1) 176-C(  6  7  1)
 177-C(  7  7  1) 178-C(  8  7  1) 179-C(  9  7  1) 180-C( 10  7  1)
 181-C( 11  7  1) 182-C( 12  7  1) 183-C( 13  7  1) 184-C( 14  7  1)
 185-C(  0  0  2) 186-C(  1  0  2) 187-C(  2  0  2) 188-C(  3  0  2)
 189-C(  4  0  2) 190-C(  5  0  2) 191-C(  6  0  2) 192-C(  7  0  2)
 193-C(  8  0  2) 194-C(  9  0  2) 195-C( 10  0  2) 196-C( 11  0  2)
 197-C( 12  0  2) 198-C( 13  0  2) 199-C( 14  0  2) 200-C(  0  1  2)
 201-C(  1  1  2) 202-C(  2  1  2) 203-C(  3  1  2) 204-C(  4  1  2)
 205-C(  5  1  2) 206-C(  6  1  2) 207-C(  7  1  2) 208-C(  8  1  2)
 209-C(  9  1  2) 210-C( 10  1  2) 211-C( 11  1  2) 212-C( 12  1  2)
 213-C( 13  1  2) 214-C( 14  1  2) 215-C(  0  2  2) 216-C(  1  2  2)
 217-C(  2  2  2) 218-C(  3  2  2) 219-C(  4  2  2) 220-C(  5  2  2)
 221-C(  6  2  2) 222-C(  7  2  2) 223-C(  8  2  2) 224-C(  9  2  2)
 225-C( 10  2  2) 226-C( 11  2  2) 227-C( 12  2  2) 228-C( 13  2  2)
 229-C( 14  2  2) 230-C(  0  3  2) 231-C(  1  3  2) 232-C(  2  3  2)
 233-C(  3  3  2) 234-C(  4  3  2) 235-C(  5  3  2) 236-C(  6  3  2)
 237-C(  7  3  2) 238-C(  8  3  2) 239-C(  9  3  2) 240-C( 10  3  2)
 241-C( 11  3  2) 242-C( 12  3  2) 243-C( 13  3  2) 244-C( 14  3  2)
 245-C(  0  4  2) 246-C(  1  4  2) 247-C(  2  4  2) 248-C(  3  4  2)
 249-C(  4  4  2) 250-C(  5  4  2) 251-C(  6  4  2) 252-C(  7  4  2)
 253-C(  8  4  2) 254-C(  9  4  2) 255-C( 10  4  2) 256-C( 11  4  2)
 257-C( 12  4  2) 258-C( 13  4  2) 259-C( 14  4  2) 260-C(  0  5  2)
 261-C(  1  5  2) 262-C(  2  5  2) 263-C(  3  5  2) 264-C(  4  5  2)
 265-C(  5  5  2) 266-C(  6  5  2) 267-C(  7  5  2) 268-C(  8  5  2)
 269-C(  9  5  2) 270-C( 10  5  2) 271-C( 11  5  2) 272-C( 12  5  2)
 273-C( 13  5  2) 274-C( 14  5  2) 275-C(  0  6  2) 276-C(  1  6  2)
 277-C(  2  6  2) 278-C(  3  6  2) 279-C(  4  6  2) 280-C(  5  6  2)
 281-C(  6  6  2) 282-C(  7  6  2) 283-C(  8  6  2) 284-C(  9  6  2)
 285-C( 10  6  2) 286-C( 11  6  2) 287-C( 12  6  2) 288-C( 13  6  2)
 289-C( 14  6  2) 290-C(  0  7  2) 291-C(  1  7  2) 292-C(  2  7  2)
 293-C(  3  7  2) 294-C(  4  7  2) 295-C(  5  7  2) 296-C(  6  7  2)
 297-C(  7  7  2) 298-C(  8  7  2) 299-C(  9  7  2) 300-C( 10  7  2)
 301-C( 11  7  2) 302-C( 12  7  2) 303-C( 13  7  2) 304-C( 14  7  2)
 305-C(  0  0  3) 306-C(  1  0  3) 307-C(  2  0  3) 308-C(  3  0  3)
 309-C(  4  0  3) 310-C(  5  0  3) 311-C(  6  0  3) 312-C(  7  0  3)
 313-C(  8  0  3) 314-C(  9  0  3) 315-C( 10  0  3) 316-C( 11  0  3)
 317-C( 12  0  3) 318-C( 13  0  3) 319-C( 14  0  3) 320-C(  0  1  3)
 321-C(  1  1  3) 322-C(  2  1  3) 323-C(  3  1  3) 324-C(  4  1  3)
 325-C(  5  1  3) 326-C(  6  1  3) 327-C(  7  1  3) 328-C(  8  1  3)
 329-C(  9  1  3) 330-C( 10  1  3) 331-C( 11  1  3) 332-C( 12  1  3)
 333-C( 13  1  3) 334-C( 14  1  3) 335-C(  0  2  3) 336-C(  1  2  3)
 337-C(  2  2  3) 338-C(  3  2  3) 339-C(  4  2  3) 340-C(  5  2  3)
 341-C(  6  2  3) 342-C(  7  2  3) 343-C(  8  2  3) 344-C(  9  2  3)
 345-C( 10  2  3) 346-C( 11  2  3) 347-C( 12  2  3) 348-C( 13  2  3)
 349-C( 14  2  3) 350-C(  0  3  3) 351-C(  1  3  3) 352-C(  2  3  3)
 353-C(  3  3  3) 354-C(  4  3  3) 355-C(  5  3  3) 356-C(  6  3  3)
 357-C(  7  3  3) 358-C(  8  3  3) 359-C(  9  3  3) 360-C( 10  3  3)
 361-C( 11  3  3) 362-C( 12  3  3) 363-C( 13  3  3) 364-C( 14  3  3)
 365-C(  0  4  3) 366-C(  1  4  3) 367-C(  2  4  3) 368-C(  3  4  3)
 369-C(  4  4  3) 370-C(  5  4  3) 371-C(  6  4  3) 372-C(  7  4  3)
 373-C(  8  4  3) 374-C(  9  4  3) 375-C( 10  4  3) 376-C( 11  4  3)
 377-C( 12  4  3) 378-C( 13  4  3) 379-C( 14  4  3) 380-C(  0  5  3)
 381-C(  1  5  3) 382-C(  2  5  3) 383-C(  3  5  3) 384-C(  4  5  3)
 385-C(  5  5  3) 386-C(  6  5  3) 387-C(  7  5  3) 388-C(  8  5  3)
 389-C(  9  5  3) 390-C( 10  5  3) 391-C( 11  5  3) 392-C( 12  5  3)
 393-C( 13  5  3) 394-C( 14  5  3) 395-C(  0  6  3) 396-C(  1  6  3)
 397-C(  2  6  3) 398-C(  3  6  3) 399-C(  4  6  3) 400-C(  5  6  3)
 401-C(  6  6  3) 402-C(  7  6  3) 403-C(  8  6  3) 404-C(  9  6  3)
 405-C( 10  6  3) 406-C( 11  6  3) 407-C( 12  6  3) 408-C( 13  6  3)
 409-C( 14  6  3) 410-C(  0  7  3) 411-C(  1  7  3) 412-C(  2  7  3)
 413-C(  3  7  3) 414-C(  4  7  3) 415-C(  5  7  3) 416-C(  6  7  3)
 417-C(  7  7  3) 418-C(  8  7  3) 419-C(  9  7  3) 420-C( 10  7  3)
 421-C( 11  7  3) 422-C( 12  7  3) 423-C( 13  7  3) 424-C( 14  7  3)
 425-C(  0  0  4) 426-C(  1  0  4) 427-C(  2  0  4) 428-C(  3  0  4)
 429-C(  4  0  4) 430-C(  5  0  4) 431-C(  6  0  4) 432-C(  7  0  4)
 433-C(  8  0  4) 434-C(  9  0  4) 435-C( 10  0  4) 436-C( 11  0  4)
 437-C( 12  0  4) 438-C( 13  0  4) 439-C( 14  0  4) 440-C(  0  1  4)
 441-C(  1  1  4) 442-C(  2  1  4) 443-C(  3  1  4) 444-C(  4  1  4)
 445-C(  5  1  4) 446-C(  6  1  4) 447-C(  7  1  4) 448-C(  8  1  4)
 449-C(  9  1  4) 450-C( 10  1  4) 451-C( 11  1  4) 452-C( 12  1  4)
 453-C( 13  1  4) 454-C( 14  1  4) 455-C(  0  2  4) 456-C(  1  2  4)
 457-C(  2  2  4) 458-C(  3  2  4) 459-C(  4  2  4) 460-C(  5  2  4)
 461-C(  6  2  4) 462-C(  7  2  4) 463-C(  8  2  4) 464-C(  9  2  4)
 465-C( 10  2  4) 466-C( 11  2  4) 467-C( 12  2  4) 468-C( 13  2  4)
 469-C( 14  2  4) 470-C(  0  3  4) 471-C(  1  3  4) 472-C(  2  3  4)
 473-C(  3  3  4) 474-C(  4  3  4) 475-C(  5  3  4) 476-C(  6  3  4)
 477-C(  7  3  4) 478-C(  8  3  4) 479-C(  9  3  4) 480-C( 10  3  4)
 481-C( 11  3  4) 482-C( 12  3  4) 483-C( 13  3  4) 484-C( 14  3  4)
 485-C(  0  4  4) 486-C(  1  4  4) 487-C(  2  4  4) 488-C(  3  4  4)
 489-C(  4  4  4) 490-C(  5  4  4) 491-C(  6  4  4) 492-C(  7  4  4)
 493-C(  8  4  4) 494-C(  9  4  4) 495-C( 10  4  4) 496-C( 11  4  4)
 497-C( 12  4  4) 498-C( 13  4  4) 499-C( 14  4  4) 500-C(  0  5  4)
 501-C(  1  5  4) 502-C(  2  5  4) 503-C(  3  5  4) 504-C(  4  5  4)
 505-C(  5  5  4) 506-C(  6  5  4) 507-C(  7  5  4) 508-C(  8  5  4)
 509-C(  9  5  4) 510-C( 10  5  4) 511-C( 11  5  4) 512-C( 12  5  4)
 513-C( 13  5  4) 514-C( 14  5  4) 515-C(  0  6  4) 516-C(  1  6  4)
 517-C(  2  6  4) 518-C(  3  6  4) 519-C(  4  6  4) 520-C(  5  6  4)
 521-C(  6  6  4) 522-C(  7  6  4) 523-C(  8  6  4) 524-C(  9  6  4)
 525-C( 10  6  4) 526-C( 11  6  4) 527-C( 12  6  4) 528-C( 13  6  4)
 529-C( 14  6  4) 530-C(  0  7  4) 531-C(  1  7  4) 532-C(  2  7  4)
 533-C(  3  7  4) 534-C(  4  7  4) 535-C(  5  7  4) 536-C(  6  7  4)
 537-C(  7  7  4) 538-C(  8  7  4) 539-C(  9  7  4) 540-C( 10  7  4)
 541-C( 11  7  4) 542-C( 12  7  4) 543-C( 13  7  4) 544-C( 14  7  4)
 545-C(  0  0  5) 546-C(  1  0  5) 547-C(  2  0  5) 548-C(  3  0  5)
 549-C(  4  0  5) 550-C(  5  0  5) 551-C(  6  0  5) 552-C(  7  0  5)
 553-C(  8  0  5) 554-C(  9  0  5) 555-C( 10  0  5) 556-C( 11  0  5)
 557-C( 12  0  5) 558-C( 13  0  5) 559-C( 14  0  5) 560-C(  0  1  5)
 561-C(  1  1  5) 562-C(  2  1  5) 563-C(  3  1  5) 564-C(  4  1  5)
 565-C(  5  1  5) 566-C(  6  1  5) 567-C(  7  1  5) 568-C(  8  1  5)
 569-C(  9  1  5) 570-C( 10  1  5) 571-C( 11  1  5) 572-C( 12  1  5)
 573-C( 13  1  5) 574-C( 14  1  5) 575-C(  0  2  5) 576-C(  1  2  5)
 577-C(  2  2  5) 578-C(  3  2  5) 579-C(  4  2  5) 580-C(  5  2  5)
 581-C(  6  2  5) 582-C(  7  2  5) 583-C(  8  2  5) 584-C(  9  2  5)
 585-C( 10  2  5) 586-C( 11  2  5) 587-C( 12  2  5) 588-C( 13  2  5)
 589-C( 14  2  5) 590-C(  0  3  5) 591-C(  1  3  5) 592-C(  2  3  5)
 593-C(  3  3  5) 594-C(  4  3  5) 595-C(  5  3  5) 596-C(  6  3  5)
 597-C(  7  3  5) 598-C(  8  3  5) 599-C(  9  3  5) 600-C( 10  3  5)
 601-C( 11  3  5) 602-C( 12  3  5) 603-C( 13  3  5) 604-C( 14  3  5)
 605-C(  0  4  5) 606-C(  1  4  5) 607-C(  2  4  5) 608-C(  3  4  5)
 609-C(  4  4  5) 610-C(  5  4  5) 611-C(  6  4  5) 612-C(  7  4  5)
 613-C(  8  4  5) 614-C(  9  4  5) 615-C( 10  4  5) 616-C( 11  4  5)
 617-C( 12  4  5) 618-C( 13  4  5) 619-C( 14  4  5) 620-C(  0  5  5)
 621-C(  1  5  5) 622-C(  2  5  5) 623-C(  3  5  5) 624-C(  4  5  5)
 625-C(  5  5  5) 626-C(  6  5  5) 627-C(  7  5  5) 628-C(  8  5  5)
 629-C(  9  5  5) 630-C( 10  5  5) 631-C( 11  5  5) 632-C( 12  5  5)
 633-C( 13  5  5) 634-C( 14  5  5) 635-C(  0  6  5) 636-C(  1  6  5)
 637-C(  2  6  5) 638-C(  3  6  5) 639-C(  4  6  5) 640-C(  5  6  5)
 641-C(  6  6  5) 642-C(  7  6  5) 643-C(  8  6  5) 644-C(  9  6  5)
 645-C( 10  6  5) 646-C( 11  6  5) 647-C( 12  6  5) 648-C( 13  6  5)
 649-C( 14  6  5) 650-C(  0  7  5) 651-C(  1  7  5) 652-C(  2  7  5)
 653-C(  3  7  5) 654-C(  4  7  5) 655-C(  5  7  5) 656-C(  6  7  5)
 657-C(  7  7  5) 658-C(  8  7  5) 659-C(  9  7  5) 660-C( 10  7  5)
 661-C( 11  7  5) 662-C( 12  7  5) 663-C( 13  7  5) 664-C( 14  7  5)
 665-C(  0  0  6) 666-C(  1  0  6) 667-C(  2  0  6) 668-C(  3  0  6)
 669-C(  4  0  6) 670-C(  5  0  6) 671-C(  6  0  6) 672-C(  7  0  6)
 673-C(  8  0  6) 674-C(  9  0  6) 675-C( 10  0  6) 676-C( 11  0  6)
 677-C( 12  0  6) 678-C( 13  0  6) 679-C( 14  0  6) 680-C(  0  1  6)
 681-C(  1  1  6) 682-C(  2  1  6) 683-C(  3  1  6) 684-C(  4  1  6)
 685-C(  5  1  6) 686-C(  6  1  6) 687-C(  7  1  6) 688-C(  8  1  6)
 689-C(  9  1  6) 690-C( 10  1  6) 691-C( 11  1  6) 692-C( 12  1  6)
 693-C( 13  1  6) 694-C( 14  1  6) 695-C(  0  2  6) 696-C(  1  2  6)
 697-C(  2  2  6) 698-C(  3  2  6) 699-C(  4  2  6) 700-C(  5  2  6)
 701-C(  6  2  6) 702-C(  7  2  6) 703-C(  8  2  6) 704-C(  9  2  6)
 705-C( 10  2  6) 706-C( 11  2  6) 707-C( 12  2  6) 708-C( 13  2  6)
 709-C( 14  2  6) 710-C(  0  3  6) 711-C(  1  3  6) 712-C(  2  3  6)
 713-C(  3  3  6) 714-C(  4  3  6) 715-C(  5  3  6) 716-C(  6  3  6)
 717-C(  7  3  6) 718-C(  8  3  6) 719-C(  9  3  6) 720-C( 10  3  6)
 721-C( 11  3  6) 722-C( 12  3  6) 723-C( 13  3  6) 724-C( 14  3  6)
 725-C(  0  4  6) 726-C(  1  4  6) 727-C(  2  4  6) 728-C(  3  4  6)
 729-C(  4  4  6) 730-C(  5  4  6) 731-C(  6  4  6) 732-C(  7  4  6)
 733-C(  8  4  6) 734-C(  9  4  6) 735-C( 10  4  6) 736-C( 11  4  6)
 737-C( 12  4  6) 738-C( 13  4  6) 739-C( 14  4  6) 740-C(  0  5  6)
 741-C(  1  5  6) 742-C(  2  5  6) 743-C(  3  5  6) 744-C(  4  5  6)
 745-C(  5  5  6) 746-C(  6  5  6) 747-C(  7  5  6) 748-C(  8  5  6)
 749-C(  9  5  6) 750-C( 10  5  6) 751-C( 11  5  6) 752-C( 12  5  6)
 753-C( 13  5  6) 754-C( 14  5  6) 755-C(  0  6  6) 756-C(  1  6  6)
 757-C(  2  6  6) 758-C(  3  6  6) 759-C(  4  6  6) 760-C(  5  6  6)
 761-C(  6  6  6) 762-C(  7  6  6) 763-C(  8  6  6) 764-C(  9  6  6)
 765-C( 10  6  6) 766-C( 11  6  6) 767-C( 12  6  6) 768-C( 13  6  6)
 769-C( 14  6  6) 770-C(  0  7  6) 771-C(  1  7  6) 772-C(  2  7  6)
 773-C(  3  7  6) 774-C(  4  7  6) 775-C(  5  7  6) 776-C(  6  7  6)
 777-C(  7  7  6) 778-C(  8  7  6) 779-C(  9  7  6) 780-C( 10  7  6)
 781-C( 11  7  6) 782-C( 12  7  6) 783-C( 13  7  6) 784-C( 14  7  6)
 785-C(  0  0  7) 786-C(  1  0  7) 787-C(  2  0  7) 788-C(  3  0  7)
 789-C(  4  0  7) 790-C(  5  0  7) 791-C(  6  0  7) 792-C(  7  0  7)
 793-C(  8  0  7) 794-C(  9  0  7) 795-C( 10  0  7) 796-C( 11  0  7)
 797-C( 12  0  7) 798-C( 13  0  7) 799-C( 14  0  7) 800-C(  0  1  7)
 801-C(  1  1  7) 802-C(  2  1  7) 803-C(  3  1  7) 804-C(  4  1  7)
 805-C(  5  1  7) 806-C(  6  1  7) 807-C(  7  1  7) 808-C(  8  1  7)
 809-C(  9  1  7) 810-C( 10  1  7) 811-C( 11  1  7) 812-C( 12  1  7)
 813-C( 13  1  7) 814-C( 14  1  7) 815-C(  0  2  7) 816-C(  1  2  7)
 817-C(  2  2  7) 818-C(  3  2  7) 819-C(  4  2  7) 820-C(  5  2  7)
 821-C(  6  2  7) 822-C(  7  2  7) 823-C(  8  2  7) 824-C(  9  2  7)
 825-C( 10  2  7) 826-C( 11  2  7) 827-C( 12  2  7) 828-C( 13  2  7)
 829-C( 14  2  7) 830-C(  0  3  7) 831-C(  1  3  7) 832-C(  2  3  7)
 833-C(  3  3  7) 834-C(  4  3  7) 835-C(  5  3  7) 836-C(  6  3  7)
 837-C(  7  3  7) 838-C(  8  3  7) 839-C(  9  3  7) 840-C( 10  3  7)
 841-C( 11  3  7) 842-C( 12  3  7) 843-C( 13  3  7) 844-C( 14  3  7)
 845-C(  0  4  7) 846-C(  1  4  7) 847-C(  2  4  7) 848-C(  3  4  7)
 849-C(  4  4  7) 850-C(  5  4  7) 851-C(  6  4  7) 852-C(  7  4  7)
 853-C(  8  4  7) 854-C(  9  4  7) 855-C( 10  4  7) 856-C( 11  4  7)
 857-C( 12  4  7) 858-C( 13  4  7) 859-C( 14  4  7) 860-C(  0  5  7)
 861-C(  1  5  7) 862-C(  2  5  7) 863-C(  3  5  7) 864-C(  4  5  7)
 865-C(  5  5  7) 866-C(  6  5  7) 867-C(  7  5  7) 868-C(  8  5  7)
 869-C(  9  5  7) 870-C( 10  5  7) 871-C( 11  5  7) 872-C( 12  5  7)
 873-C( 13  5  7) 874-C( 14  5  7) 875-C(  0  6  7) 876-C(  1  6  7)
 877-C(  2  6  7) 878-C(  3  6  7) 879-C(  4  6  7) 880-C(  5  6  7)
 881-C(  6  6  7) 882-C(  7  6  7) 883-C(  8  6  7) 884-C(  9  6  7)
 885-C( 10  6  7) 886-C( 11  6  7) 887-C( 12  6  7) 888-C( 13  6  7)
 889-C( 14  6  7) 890-C(  0  7  7) 891-C(  1  7  7) 892-C(  2  7  7)
 893-C(  3  7  7) 894-C(  4  7  7) 895-C(  5  7  7) 896-C(  6  7  7)
 897-C(  7  7  7) 898-C(  8  7  7) 899-C(  9  7  7) 900-C( 10  7  7)
 901-C( 11  7  7) 902-C( 12  7  7) 903-C( 13  7  7) 904-C( 14  7  7)

 DIRECT LATTICE VECTORS COMPON. (A.U.)     RECIP. LATTICE VECTORS COMPON. (A.U.) 
        X            Y            Z              X            Y            Z
    6.0268213    0.0000000    0.0000000      1.0425372    0.0000000    0.0848477
    0.0000000   10.8342669    0.0000000     -0.0000000    0.5799364   -0.0000000
   -1.1201669    0.0000000   13.7636717      0.0000000    0.0000000    0.4565050

 DISK SPACE FOR EIGENVECTORS (FTN 10)   234187200 REALS

 SYMMETRY ADAPTION OF THE BLOCH FUNCTIONS ENABLED
 TTTTTTTTTTTTTTTTTTTTTTTTTTTTTT gordsh1     TELAPSE        2.01 TCPU        0.90

 MATRIX SIZE: P(G) 2038492, F(G)  231602, P(G) IRR  517381, F(G) IRR  117271
 MAX G-VECTOR INDEX FOR 1- AND 2-ELECTRON INTEGRALS 279

 TTTTTTTTTTTTTTTTTTTTTTTTTTTTTT INPUT       TELAPSE        2.02 TCPU        0.91

 NEIGHBORS OF THE NON-EQUIVALENT ATOMS

 N = NUMBER OF NEIGHBORS AT DISTANCE R
    ATOM  N     R/ANG      R/AU   NEIGHBORS (ATOM LABELS AND CELL INDICES)
   1 C    1     1.4746     2.7867    8 C   -1-1 0
   1 C    1     1.5243     2.8805   16 C    0 0 0
   1 C    1     1.5331     2.8971   12 C    0 0 0
   1 C    1     1.6194     3.0602   19 C   -1 0 0
   1 C    1     2.2389     4.2309    5 C    0 0 0
   1 C    1     2.4035     4.5419   19 C    0 0 0

   3 C    1     1.5300     2.8912   17 C   -1 0 0
   3 C    1     1.5526     2.9341    6 C   -1 0 0
   3 C    1     1.5652     2.9579   14 C    0 0 0
   3 C    1     1.6393     3.0978   10 C    0 0 0
   3 C    1     2.3850     4.5070   17 C    0 0 0
   3 C    1     2.4452     4.6208   20 C    0 0 0

   5 C    1     1.4813     2.7992    7 C   -1 0-1
   5 C    1     1.5224     2.8769   19 C   -1 0 0
   5 C    1     1.5459     2.9214   12 C    0 0 0
   5 C    1     1.5526     2.9341    4 C    0 0 0
   5 C    1     2.2389     4.2309    1 C    0 0 0
   5 C    1     2.3976     4.5308   15 C    0-1 0

   7 C    1     1.3353     2.5234   17 C    0 0 0
   7 C    1     1.4746     2.7867    2 C    0-1 0
   7 C    1     1.4813     2.7992    5 C    1 0 1
   7 C    1     2.3838     4.5048   15 C    1-1 1
   7 C    1     2.4268     4.5860   12 C    1 0 1
   7 C    1     2.5032     4.7303   10 C    0 0 0

   9 C    1     1.5180     2.8686   18 C    0 0 0
   9 C    1     1.5433     2.9164   19 C    0 0 0
   9 C    1     1.5777     2.9814   14 C    0 0 0
   9 C    1     1.6393     3.0978    4 C    0 0 0
   9 C    1     2.3625     4.4646   16 C    0 0 0
   9 C    1     2.3740     4.4863   18 C   -1 0 0

  11 C    1     1.4916     2.8188   16 C    0 1 0
  11 C    1     1.5204     2.8731   20 C    0 0 0
  11 C    1     1.5331     2.8971    2 C   -1 0 0
  11 C    1     1.5459     2.9214    6 C   -1 0 0
  11 C    1     2.1296     4.0243   20 C   -1 0 0
  11 C    1     2.4219     4.5768   10 C    0 0 0

  13 C    1     1.3515     2.5540   15 C    0 0 0
  13 C    1     1.5652     2.9579    4 C    0 0 0
  13 C    1     1.5777     2.9814   10 C    0 0-1
  13 C    1     2.4645     4.6572    2 C   -1 0-1
  13 C    1     2.5133     4.7494   17 C   -1 0-1
  13 C    1     2.5504     4.8196   18 C    0 0 0

  15 C    1     1.3515     2.5540   13 C    0 0 0
  15 C    1     1.4916     2.8188   12 C    0 1 0
  15 C    1     1.5243     2.8805    2 C   -1 0-1
  15 C    1     2.3625     4.4646   10 C    0 0-1
  15 C    1     2.3838     4.5048    7 C   -1 1-1
  15 C    1     2.3976     4.5308    5 C    0 1 0

  17 C    1     1.3353     2.5234    7 C    0 0 0
  17 C    1     1.5180     2.8686   10 C    0 0 0
  17 C    1     1.5300     2.8912    3 C    1 0 0
  17 C    1     2.3740     4.4863   10 C    1 0 0
  17 C    1     2.3850     4.5070    3 C    0 0 0
  17 C    1     2.4239     4.5806    5 C    1 0 1

  19 C    1     1.5204     2.8731   12 C    0 0 0
  19 C    1     1.5224     2.8769    5 C    1 0 0
  19 C    1     1.5433     2.9164    9 C    0 0 0
  19 C    1     1.6194     3.0602    1 C    1 0 0
  19 C    1     2.1296     4.0243   12 C    1 0 0
  19 C    1     2.4035     4.5419    1 C    0 0 0


 SYMMETRY ALLOWED INTERNAL DEGREE(S) OF FREEDOM:  28
 TTTTTTTTTTTTTTTTTTTTTTTTTTTTTT SYMM        TELAPSE        2.10 TCPU        0.97
 TTTTTTTTTTTTTTTTTTTTTTTTTTTTTT INT_SCREEN  TELAPSE        2.11 TCPU        0.98

 DFT PARAMETERS

     ATOM       ELECTRONS   NET CHARGE   R(ANGSTROM)
   1   6  C       6.0000      0.0000     0.77000000

 SIZE OF GRID=     275395
 TTTTTTTTTTTTTTTTTTTTTTTTTTTTTT MAKE_GRID2  TELAPSE        2.58 TCPU        1.45
 BECKE WEIGHT FUNCTION
 RADSAFE =     2.00
 TOLERANCES - DENSITY:10**- 6; POTENTIAL:10**- 9; GRID WGT:10**-14

 RADIAL INTEGRATION  - INTERVALS (POINTS,UPPER LIMIT):            1( 75,  4.0*R)

 ANGULAR INTEGRATION - INTERVALS (ACCURACY LEVEL [N. POINTS] UPPER LIMIT):
  1(  4[  86]   0.2)  2(  8[ 194]   0.5)  3( 12[ 350]   0.9)  4( 16[ 974]   3.5)
  5( 12[ 350]9999.0)
 TTTTTTTTTTTTTTTTTTTTTTTTTTTTTT INT_CALC    TELAPSE        2.60 TCPU        1.47
 EEEEEEEEEE INT_CALC TERMINATION  DATE 30 01 2026 TIME 21:43:40.5

 *******************************************************************************
 ./3^4,4^6T2-CA_rev1_sp_B3LYP-D3-D3_optimized                                    
 CRYSTAL - SCF - TYPE OF CALCULATION :  UNRESTRICTED OPEN SHELL
 *******************************************************************************

 CAPPA:IS1 15;IS2 15;IS3 15; K PTS MONK NET 904; SYMMOPS:K SPACE   4;G SPACE   2

 TTTTTTTTTTTTTTTTTTTTTTTTTTTTTT SDIK        TELAPSE        4.45 TCPU        3.32

 AAAAAAAAAAAAAAAAAAAAAAAAAAAAAAAAAAAAAAAAAAAAAAAAAAAAAAAAAAAAAAAAAAAAAAAAAAAAAAA
         ATOMIC WAVEFUNCTION(S)


 NUCLEAR CHARGE  6.0  SYMMETRY SPECIES            S    P
 N. ELECTRONS    6.0  NUMBER OF PRIMITIVE GTOS   10    6
                      NUMBER OF CONTRACTED GTOS   4    3
                      NUMBER OF CLOSED SHELLS     2    0
                      OPEN SHELL OCCUPATION       0    2

  ZNUC  SCFIT    TOTAL HF ENERGY   KINETIC ENERGY   VIRIAL THEOREM ACCURACY
   6.0    10    -3.766702350E+01  3.783137943E+01 -1.995655566E+00  1.6E-06

 AAAAAAAAAAAAAAAAAAAAAAAAAAAAAAAAAAAAAAAAAAAAAAAAAAAAAAAAAAAAAAAAAAAAAAAAAAAAAAA

 CHARGE NORMALIZATION FACTOR   1.00000000
 TOTAL ATOMIC CHARGES:
   6.0000000   6.0000000   6.0000000   6.0000000   6.0000000   6.0000000
   6.0000000   6.0000000   6.0000000   6.0000000   6.0000000   6.0000000
   6.0000000   6.0000000   6.0000000   6.0000000   6.0000000   6.0000000
   6.0000000   6.0000000
 SUMMED SPIN DENSITY           0.00000000
 TOTAL ATOMIC SPINS  :
   0.0000000   0.0000000   0.0000000   0.0000000   0.0000000   0.0000000
   0.0000000   0.0000000   0.0000000   0.0000000   0.0000000   0.0000000
   0.0000000   0.0000000   0.0000000   0.0000000   0.0000000   0.0000000
   0.0000000   0.0000000
 TTTTTTTTTTTTTTTTTTTTTTTTTTTTTT MOQGAD      TELAPSE        4.47 TCPU        3.34
 TTTTTTTTTTTTTTTTTTTTTTTTTTTTTT SHELLXN     TELAPSE      109.51 TCPU      108.36
 TTTTTTTTTTTTTTTTTTTTTTTTTTTTTT MONMO3      TELAPSE      109.67 TCPU      108.52
 NUMERICALLY INTEGRATED DENSITY     60.0000183494     60.0000183494
 TTTTTTTTTTTTTTTTTTTTTTTTTTTTTT NUMDFT      TELAPSE      110.95 TCPU      109.81
 CYC   0 ETOT(AU) -7.677068110335E+02 DETOT -7.68E+02 tst  0.00E+00 PX  1.00E+00
 TTTTTTTTTTTTTTTTTTTTTTTTTTTTTT DIIS        TELAPSE      111.62 TCPU      110.17
 TTTTTTTTTTTTTTTTTTTTTTTTTTTTTT FDIK        TELAPSE      141.40 TCPU      139.11

    ALPHA      ELECTRONS
 INSULATING STATE
 TOP OF VALENCE BANDS -    BAND     60; K   69; EIG -1.7939982E-01 AU
 TOP OF VALENCE BANDS -    BAND     60; K    1; EIG -1.8478720E-01 AU
 BOTTOM OF VIRTUAL BANDS - BAND     61; K    8; EIG -1.3790122E-01 AU
 INDIRECT ENERGY BAND GAP:   1.1292 eV
 BOTTOM OF VIRTUAL BANDS - BAND     61; K    1; EIG -1.1382073E-01 AU

    BETA       ELECTRONS
 INSULATING STATE
 TOP OF VALENCE BANDS -    BAND     60; K   69; EIG -1.7939982E-01 AU
 TOP OF VALENCE BANDS -    BAND     60; K    1; EIG -1.8478720E-01 AU
 BOTTOM OF VIRTUAL BANDS - BAND     61; K    8; EIG -1.3790122E-01 AU
 INDIRECT ENERGY BAND GAP:   1.1292 eV
 BOTTOM OF VIRTUAL BANDS - BAND     61; K    1; EIG -1.1382073E-01 AU
 TTTTTTTTTTTTTTTTTTTTTTTTTTTTTT PDIG        TELAPSE      143.07 TCPU      140.71
 CHARGE NORMALIZATION FACTOR   1.00000000
 TOTAL ATOMIC CHARGES:
   5.9500669   5.9500669   5.8783170   5.8783170   6.0470358   6.0470358
   6.1665206   6.1665206   5.9824056   5.9824056   5.9767403   5.9767403
   5.9407878   5.9407878   6.0840854   6.0840854   5.9890913   5.9890913
   5.9849492   5.9849492
 SUMMED SPIN DENSITY           0.00000000
 TOTAL ATOMIC SPINS  :
   0.0000000   0.0000000  -0.0000000  -0.0000000   0.0000000   0.0000000
  -0.0000000  -0.0000000   0.0000000   0.0000000  -0.0000000  -0.0000000
   0.0000000   0.0000000   0.0000000   0.0000000  -0.0000000  -0.0000000
  -0.0000000  -0.0000000
 TTTTTTTTTTTTTTTTTTTTTTTTTTTTTT MOQGAD      TELAPSE      143.08 TCPU      140.72
 TTTTTTTTTTTTTTTTTTTTTTTTTTTTTT SHELLXN     TELAPSE      252.17 TCPU      249.78
 TTTTTTTTTTTTTTTTTTTTTTTTTTTTTT MONMO3      TELAPSE      252.32 TCPU      249.94
 NUMERICALLY INTEGRATED DENSITY     60.0000057959     60.0000057959
 TTTTTTTTTTTTTTTTTTTTTTTTTTTTTT NUMDFT      TELAPSE      253.66 TCPU      251.27
 CYC   1 ETOT(AU) -7.614154761369E+02 DETOT  6.29E+00 tst  0.00E+00 PX  1.00E+00
 TTTTTTTTTTTTTTTTTTTTTTTTTTTTTT DIIS        TELAPSE      254.30 TCPU      251.69
 DIIS TEST: 0.75994E+00 AT SCF   CYCLE   1 - MIX   30 %
 TTTTTTTTTTTTTTTTTTTTTTTTTTTTTT FDIK        TELAPSE      267.51 TCPU      264.32

    ALPHA      ELECTRONS
 INSULATING STATE
 TOP OF VALENCE BANDS -    BAND     60; K   70; EIG -1.1402205E-01 AU
 TOP OF VALENCE BANDS -    BAND     60; K    1; EIG -1.2719727E-01 AU
 BOTTOM OF VIRTUAL BANDS - BAND     61; K    8; EIG -5.5166426E-02 AU
 INDIRECT ENERGY BAND GAP:   1.6015 eV
 BOTTOM OF VIRTUAL BANDS - BAND     61; K    1; EIG -1.3433426E-02 AU

    BETA       ELECTRONS
 INSULATING STATE
 TOP OF VALENCE BANDS -    BAND     60; K   70; EIG -1.1402205E-01 AU
 TOP OF VALENCE BANDS -    BAND     60; K    1; EIG -1.2719727E-01 AU
 BOTTOM OF VIRTUAL BANDS - BAND     61; K    8; EIG -5.5166426E-02 AU
 INDIRECT ENERGY BAND GAP:   1.6015 eV
 BOTTOM OF VIRTUAL BANDS - BAND     61; K    1; EIG -1.3433426E-02 AU
 TTTTTTTTTTTTTTTTTTTTTTTTTTTTTT PDIG        TELAPSE      269.12 TCPU      265.89
 CHARGE NORMALIZATION FACTOR   1.00000000
 TOTAL ATOMIC CHARGES:
   5.9666821   5.9666821   6.0940828   6.0940828   6.0368725   6.0368725
   5.8030215   5.8030215   6.1354284   6.1354284   5.9526756   5.9526756
   6.0661622   6.0661622   5.8682689   5.8682689   6.0859872   6.0859872
   5.9908188   5.9908188
 SUMMED SPIN DENSITY           0.00000000
 TOTAL ATOMIC SPINS  :
   0.0000000   0.0000000  -0.0000000  -0.0000000   0.0000000   0.0000000
  -0.0000000  -0.0000000   0.0000000   0.0000000  -0.0000000  -0.0000000
  -0.0000000  -0.0000000  -0.0000000  -0.0000000   0.0000000   0.0000000
  -0.0000000  -0.0000000
 TTTTTTTTTTTTTTTTTTTTTTTTTTTTTT MOQGAD      TELAPSE      269.13 TCPU      265.90
 TTTTTTTTTTTTTTTTTTTTTTTTTTTTTT SHELLXN     TELAPSE      378.28 TCPU      375.03
 TTTTTTTTTTTTTTTTTTTTTTTTTTTTTT MONMO3      TELAPSE      378.43 TCPU      375.19
 NUMERICALLY INTEGRATED DENSITY     60.0000070179     60.0000070179
 TTTTTTTTTTTTTTTTTTTTTTTTTTTTTT NUMDFT      TELAPSE      379.77 TCPU      376.52
 CYC   2 ETOT(AU) -7.614253685171E+02 DETOT -9.89E-03 tst  2.55E-03 PX  1.07E-01
 TTTTTTTTTTTTTTTTTTTTTTTTTTTTTT DIIS        TELAPSE      380.35 TCPU      376.94
 DIIS TEST: 0.10985E+01 AT SCF   CYCLE   2 - DIIS ACTIVE - HISTORY:     2 CYCLES
 TTTTTTTTTTTTTTTTTTTTTTTTTTTTTT FDIK        TELAPSE      392.91 TCPU      389.46

    ALPHA      ELECTRONS
 INSULATING STATE
 TOP OF VALENCE BANDS -    BAND     60; K   69; EIG -9.6025043E-02 AU
 TOP OF VALENCE BANDS -    BAND     60; K    1; EIG -1.0582831E-01 AU
 BOTTOM OF VIRTUAL BANDS - BAND     61; K    8; EIG -2.5506905E-02 AU
 INDIRECT ENERGY BAND GAP:   1.9189 eV
 BOTTOM OF VIRTUAL BANDS - BAND     61; K    1; EIG  1.1042569E-02 AU

    BETA       ELECTRONS
 INSULATING STATE
 TOP OF VALENCE BANDS -    BAND     60; K   69; EIG -9.6025043E-02 AU
 TOP OF VALENCE BANDS -    BAND     60; K    1; EIG -1.0582831E-01 AU
 BOTTOM OF VIRTUAL BANDS - BAND     61; K    8; EIG -2.5506905E-02 AU
 INDIRECT ENERGY BAND GAP:   1.9189 eV
 BOTTOM OF VIRTUAL BANDS - BAND     61; K    1; EIG  1.1042569E-02 AU
 TTTTTTTTTTTTTTTTTTTTTTTTTTTTTT PDIG        TELAPSE      394.56 TCPU      391.09
 CHARGE NORMALIZATION FACTOR   1.00000000
 TOTAL ATOMIC CHARGES:
   6.0189363   6.0189363   5.9762339   5.9762339   6.0209542   6.0209542
   6.0708248   6.0708248   6.0355515   6.0355515   6.0080981   6.0080981
   5.8700466   5.8700466   6.1006240   6.1006240   5.8914217   5.8914217
   6.0073088   6.0073088
 SUMMED SPIN DENSITY           0.00000000
 TOTAL ATOMIC SPINS  :
  -0.0000000  -0.0000000  -0.0000000  -0.0000000   0.0000000   0.0000000
   0.0000000   0.0000000  -0.0000000  -0.0000000   0.0000000   0.0000000
   0.0000000   0.0000000  -0.0000000  -0.0000000   0.0000000   0.0000000
  -0.0000000  -0.0000000
 TTTTTTTTTTTTTTTTTTTTTTTTTTTTTT MOQGAD      TELAPSE      394.58 TCPU      391.10
 TTTTTTTTTTTTTTTTTTTTTTTTTTTTTT SHELLXN     TELAPSE      503.76 TCPU      500.27
 TTTTTTTTTTTTTTTTTTTTTTTTTTTTTT MONMO3      TELAPSE      503.91 TCPU      500.43
 NUMERICALLY INTEGRATED DENSITY     60.0000065061     60.0000065061
 TTTTTTTTTTTTTTTTTTTTTTTTTTTTTT NUMDFT      TELAPSE      505.24 TCPU      501.76
 CYC   3 ETOT(AU) -7.614630970290E+02 DETOT -3.77E-02 tst  1.89E-03 PX  8.08E-02
 TTTTTTTTTTTTTTTTTTTTTTTTTTTTTT DIIS        TELAPSE      505.85 TCPU      502.03
 DIIS TEST: 0.35056E+00 AT SCF   CYCLE   3 - DIIS ACTIVE - HISTORY:     3 CYCLES
 TTTTTTTTTTTTTTTTTTTTTTTTTTTTTT FDIK        TELAPSE      518.84 TCPU      514.39

    ALPHA      ELECTRONS
 INSULATING STATE
 TOP OF VALENCE BANDS -    BAND     60; K   70; EIG -1.0166518E-01 AU
 TOP OF VALENCE BANDS -    BAND     60; K    1; EIG -1.1047107E-01 AU
 BOTTOM OF VIRTUAL BANDS - BAND     61; K    8; EIG -2.8497152E-02 AU
 INDIRECT ENERGY BAND GAP:   1.9910 eV
 BOTTOM OF VIRTUAL BANDS - BAND     61; K    1; EIG  4.8762954E-03 AU

    BETA       ELECTRONS
 INSULATING STATE
 TOP OF VALENCE BANDS -    BAND     60; K   70; EIG -1.0166518E-01 AU
 TOP OF VALENCE BANDS -    BAND     60; K    1; EIG -1.1047107E-01 AU
 BOTTOM OF VIRTUAL BANDS - BAND     61; K    8; EIG -2.8497152E-02 AU
 INDIRECT ENERGY BAND GAP:   1.9910 eV
 BOTTOM OF VIRTUAL BANDS - BAND     61; K    1; EIG  4.8762954E-03 AU
 TTTTTTTTTTTTTTTTTTTTTTTTTTTTTT PDIG        TELAPSE      520.43 TCPU      515.89
 CHARGE NORMALIZATION FACTOR   1.00000000
 TOTAL ATOMIC CHARGES:
   5.9612042   5.9612042   5.9690852   5.9690852   6.0405450   6.0405450
   6.0562403   6.0562403   6.0352102   6.0352102   5.9541562   5.9541562
   6.0058689   6.0058689   6.0071952   6.0071952   6.0151760   6.0151760
   5.9553187   5.9553187
 SUMMED SPIN DENSITY           0.00000000
 TOTAL ATOMIC SPINS  :
  -0.0000000  -0.0000000   0.0000000   0.0000000   0.0000000   0.0000000
  -0.0000000  -0.0000000  -0.0000000  -0.0000000   0.0000000   0.0000000
   0.0000000   0.0000000  -0.0000000  -0.0000000   0.0000000   0.0000000
  -0.0000000  -0.0000000
 TTTTTTTTTTTTTTTTTTTTTTTTTTTTTT MOQGAD      TELAPSE      520.44 TCPU      515.90
 TTTTTTTTTTTTTTTTTTTTTTTTTTTTTT SHELLXN     TELAPSE      629.64 TCPU      625.10
 TTTTTTTTTTTTTTTTTTTTTTTTTTTTTT MONMO3      TELAPSE      629.80 TCPU      625.25
 NUMERICALLY INTEGRATED DENSITY     60.0000066195     60.0000066195
 TTTTTTTTTTTTTTTTTTTTTTTTTTTTTT NUMDFT      TELAPSE      631.13 TCPU      626.59
 CYC   4 ETOT(AU) -7.614789816101E+02 DETOT -1.59E-02 tst  3.83E-04 PX  3.90E-02
 TTTTTTTTTTTTTTTTTTTTTTTTTTTTTT DIIS        TELAPSE      631.67 TCPU      627.04
 DIIS TEST: 0.37668E-01 AT SCF   CYCLE   4 - DIIS ACTIVE - HISTORY:     4 CYCLES
 TTTTTTTTTTTTTTTTTTTTTTTTTTTTTT FDIK        TELAPSE      643.89 TCPU      639.10

    ALPHA      ELECTRONS
 INSULATING STATE
 TOP OF VALENCE BANDS -    BAND     60; K   69; EIG -1.0416895E-01 AU
 TOP OF VALENCE BANDS -    BAND     60; K    1; EIG -1.1338618E-01 AU
 BOTTOM OF VIRTUAL BANDS - BAND     61; K    8; EIG -3.0193778E-02 AU
 INDIRECT ENERGY BAND GAP:   2.0130 eV
 BOTTOM OF VIRTUAL BANDS - BAND     61; K    1; EIG  5.0520780E-03 AU

    BETA       ELECTRONS
 INSULATING STATE
 TOP OF VALENCE BANDS -    BAND     60; K   69; EIG -1.0416895E-01 AU
 TOP OF VALENCE BANDS -    BAND     60; K    1; EIG -1.1338618E-01 AU
 BOTTOM OF VIRTUAL BANDS - BAND     61; K    8; EIG -3.0193778E-02 AU
 INDIRECT ENERGY BAND GAP:   2.0130 eV
 BOTTOM OF VIRTUAL BANDS - BAND     61; K    1; EIG  5.0520780E-03 AU
 TTTTTTTTTTTTTTTTTTTTTTTTTTTTTT PDIG        TELAPSE      645.49 TCPU      640.66
 CHARGE NORMALIZATION FACTOR   1.00000000
 TOTAL ATOMIC CHARGES:
   5.9709304   5.9709304   5.9751527   5.9751527   6.0371005   6.0371005
   6.0256620   6.0256620   6.0463793   6.0463793   5.9697894   5.9697894
   5.9632821   5.9632821   6.0302621   6.0302621   5.9947128   5.9947128
   5.9867286   5.9867286
 SUMMED SPIN DENSITY           0.00000000
 TOTAL ATOMIC SPINS  :
  -0.0000000  -0.0000000  -0.0000000  -0.0000000   0.0000000   0.0000000
  -0.0000000  -0.0000000   0.0000000   0.0000000   0.0000000   0.0000000
   0.0000000   0.0000000  -0.0000000  -0.0000000   0.0000000   0.0000000
  -0.0000000  -0.0000000
 TTTTTTTTTTTTTTTTTTTTTTTTTTTTTT MOQGAD      TELAPSE      645.50 TCPU      640.68
 TTTTTTTTTTTTTTTTTTTTTTTTTTTTTT SHELLXN     TELAPSE      754.74 TCPU      749.90
 TTTTTTTTTTTTTTTTTTTTTTTTTTTTTT MONMO3      TELAPSE      754.89 TCPU      750.06
 NUMERICALLY INTEGRATED DENSITY     60.0000066490     60.0000066490
 TTTTTTTTTTTTTTTTTTTTTTTTTTTTTT NUMDFT      TELAPSE      756.21 TCPU      751.38
 CYC   5 ETOT(AU) -7.614808798190E+02 DETOT -1.90E-03 tst  3.26E-05 PX  9.01E-03
 TTTTTTTTTTTTTTTTTTTTTTTTTTTTTT DIIS        TELAPSE      756.74 TCPU      751.84
 DIIS TEST: 0.23810E-02 AT SCF   CYCLE   5 - DIIS ACTIVE - HISTORY:     5 CYCLES
 TTTTTTTTTTTTTTTTTTTTTTTTTTTTTT FDIK        TELAPSE      769.27 TCPU      763.84

    ALPHA      ELECTRONS
 INSULATING STATE
 TOP OF VALENCE BANDS -    BAND     60; K   69; EIG -1.0424407E-01 AU
 TOP OF VALENCE BANDS -    BAND     60; K    1; EIG -1.1355485E-01 AU
 BOTTOM OF VIRTUAL BANDS - BAND     61; K    8; EIG -2.9886732E-02 AU
 INDIRECT ENERGY BAND GAP:   2.0234 eV
 BOTTOM OF VIRTUAL BANDS - BAND     61; K    1; EIG  5.1302682E-03 AU

    BETA       ELECTRONS
 INSULATING STATE
 TOP OF VALENCE BANDS -    BAND     60; K   69; EIG -1.0424407E-01 AU
 TOP OF VALENCE BANDS -    BAND     60; K    1; EIG -1.1355485E-01 AU
 BOTTOM OF VIRTUAL BANDS - BAND     61; K    8; EIG -2.9886732E-02 AU
 INDIRECT ENERGY BAND GAP:   2.0234 eV
 BOTTOM OF VIRTUAL BANDS - BAND     61; K    1; EIG  5.1302682E-03 AU
 TTTTTTTTTTTTTTTTTTTTTTTTTTTTTT PDIG        TELAPSE      770.91 TCPU      765.42
 CHARGE NORMALIZATION FACTOR   1.00000000
 TOTAL ATOMIC CHARGES:
   5.9775219   5.9775219   5.9851887   5.9851887   6.0346036   6.0346036
   6.0346333   6.0346333   6.0460340   6.0460340   5.9695395   5.9695395
   5.9732488   5.9732488   6.0191022   6.0191022   5.9861653   5.9861653
   5.9739627   5.9739627
 SUMMED SPIN DENSITY           0.00000000
 TOTAL ATOMIC SPINS  :
   0.0000000   0.0000000   0.0000000   0.0000000   0.0000000   0.0000000
  -0.0000000  -0.0000000  -0.0000000  -0.0000000  -0.0000000  -0.0000000
   0.0000000   0.0000000  -0.0000000  -0.0000000   0.0000000   0.0000000
  -0.0000000  -0.0000000
 TTTTTTTTTTTTTTTTTTTTTTTTTTTTTT MOQGAD      TELAPSE      770.93 TCPU      765.43
 TTTTTTTTTTTTTTTTTTTTTTTTTTTTTT SHELLXN     TELAPSE      880.13 TCPU      874.62
 TTTTTTTTTTTTTTTTTTTTTTTTTTTTTT MONMO3      TELAPSE      880.28 TCPU      874.77
 NUMERICALLY INTEGRATED DENSITY     60.0000066189     60.0000066189
 TTTTTTTTTTTTTTTTTTTTTTTTTTTTTT NUMDFT      TELAPSE      881.61 TCPU      876.10
 CYC   6 ETOT(AU) -7.614809794330E+02 DETOT -9.96E-05 tst  3.39E-06 PX  2.95E-03
 TTTTTTTTTTTTTTTTTTTTTTTTTTTTTT DIIS        TELAPSE      882.19 TCPU      876.68
 DIIS TEST: 0.56744E-03 AT SCF   CYCLE   6 - DIIS ACTIVE - HISTORY:     6 CYCLES
 TTTTTTTTTTTTTTTTTTTTTTTTTTTTTT FDIK        TELAPSE      894.32 TCPU      888.17

    ALPHA      ELECTRONS
 INSULATING STATE
 TOP OF VALENCE BANDS -    BAND     60; K   69; EIG -1.0418401E-01 AU
 TOP OF VALENCE BANDS -    BAND     60; K    1; EIG -1.1345120E-01 AU
 BOTTOM OF VIRTUAL BANDS - BAND     61; K    8; EIG -2.9829475E-02 AU
 INDIRECT ENERGY BAND GAP:   2.0233 eV
 BOTTOM OF VIRTUAL BANDS - BAND     61; K    1; EIG  5.2386779E-03 AU

    BETA       ELECTRONS
 INSULATING STATE
 TOP OF VALENCE BANDS -    BAND     60; K   69; EIG -1.0418401E-01 AU
 TOP OF VALENCE BANDS -    BAND     60; K    1; EIG -1.1345120E-01 AU
 BOTTOM OF VIRTUAL BANDS - BAND     61; K    8; EIG -2.9829475E-02 AU
 INDIRECT ENERGY BAND GAP:   2.0233 eV
 BOTTOM OF VIRTUAL BANDS - BAND     61; K    1; EIG  5.2386779E-03 AU
 TTTTTTTTTTTTTTTTTTTTTTTTTTTTTT PDIG        TELAPSE      895.96 TCPU      889.77
 CHARGE NORMALIZATION FACTOR   1.00000000
 TOTAL ATOMIC CHARGES:
   5.9737772   5.9737772   5.9800285   5.9800285   6.0357017   6.0357017
   6.0302531   6.0302531   6.0460719   6.0460719   5.9683242   5.9683242
   5.9703370   5.9703370   6.0245289   6.0245289   5.9928661   5.9928661
   5.9781113   5.9781113
 SUMMED SPIN DENSITY           0.00000000
 TOTAL ATOMIC SPINS  :
   0.0000000   0.0000000   0.0000000   0.0000000   0.0000000   0.0000000
   0.0000000   0.0000000  -0.0000000  -0.0000000  -0.0000000  -0.0000000
   0.0000000   0.0000000   0.0000000   0.0000000  -0.0000000  -0.0000000
   0.0000000   0.0000000
 TTTTTTTTTTTTTTTTTTTTTTTTTTTTTT MOQGAD      TELAPSE      895.97 TCPU      889.78
 TTTTTTTTTTTTTTTTTTTTTTTTTTTTTT SHELLXN     TELAPSE     1005.16 TCPU      998.96
 TTTTTTTTTTTTTTTTTTTTTTTTTTTTTT MONMO3      TELAPSE     1005.32 TCPU      999.11
 NUMERICALLY INTEGRATED DENSITY     60.0000066197     60.0000066197
 TTTTTTTTTTTTTTTTTTTTTTTTTTTTTT NUMDFT      TELAPSE     1006.66 TCPU     1000.45
 CYC   7 ETOT(AU) -7.614810103112E+02 DETOT -3.09E-05 tst  5.46E-07 PX  1.41E-03
 TTTTTTTTTTTTTTTTTTTTTTTTTTTTTT DIIS        TELAPSE     1007.18 TCPU     1000.87
 DIIS TEST: 0.31700E-04 AT SCF   CYCLE   7 - DIIS ACTIVE - HISTORY:     7 CYCLES
 TTTTTTTTTTTTTTTTTTTTTTTTTTTTTT FDIK        TELAPSE     1019.61 TCPU     1013.29

    ALPHA      ELECTRONS
 INSULATING STATE
 TOP OF VALENCE BANDS -    BAND     60; K   69; EIG -1.0419636E-01 AU
 TOP OF VALENCE BANDS -    BAND     60; K    1; EIG -1.1343062E-01 AU
 BOTTOM OF VIRTUAL BANDS - BAND     61; K    8; EIG -2.9766251E-02 AU
 INDIRECT ENERGY BAND GAP:   2.0253 eV
 BOTTOM OF VIRTUAL BANDS - BAND     61; K    1; EIG  5.2453254E-03 AU

    BETA       ELECTRONS
 INSULATING STATE
 TOP OF VALENCE BANDS -    BAND     60; K   69; EIG -1.0419636E-01 AU
 TOP OF VALENCE BANDS -    BAND     60; K    1; EIG -1.1343062E-01 AU
 BOTTOM OF VIRTUAL BANDS - BAND     61; K    8; EIG -2.9766251E-02 AU
 INDIRECT ENERGY BAND GAP:   2.0253 eV
 BOTTOM OF VIRTUAL BANDS - BAND     61; K    1; EIG  5.2453254E-03 AU
 TTTTTTTTTTTTTTTTTTTTTTTTTTTTTT PDIG        TELAPSE     1021.19 TCPU     1014.84
 CHARGE NORMALIZATION FACTOR   1.00000000
 TOTAL ATOMIC CHARGES:
   5.9739179   5.9739179   5.9804454   5.9804454   6.0360019   6.0360019
   6.0318529   6.0318529   6.0456352   6.0456352   5.9683282   5.9683282
   5.9713464   5.9713464   6.0229889   6.0229889   5.9910821   5.9910821
   5.9784010   5.9784010
 SUMMED SPIN DENSITY           0.00000000
 TOTAL ATOMIC SPINS  :
   0.0000000   0.0000000   0.0000000   0.0000000   0.0000000   0.0000000
  -0.0000000  -0.0000000  -0.0000000  -0.0000000  -0.0000000  -0.0000000
   0.0000000   0.0000000   0.0000000   0.0000000  -0.0000000  -0.0000000
  -0.0000000  -0.0000000
 TTTTTTTTTTTTTTTTTTTTTTTTTTTTTT MOQGAD      TELAPSE     1021.21 TCPU     1014.85
 TTTTTTTTTTTTTTTTTTTTTTTTTTTTTT SHELLXN     TELAPSE     1130.44 TCPU     1124.07
 TTTTTTTTTTTTTTTTTTTTTTTTTTTTTT MONMO3      TELAPSE     1130.59 TCPU     1124.23
 NUMERICALLY INTEGRATED DENSITY     60.0000066244     60.0000066244
 TTTTTTTTTTTTTTTTTTTTTTTTTTTTTT NUMDFT      TELAPSE     1131.92 TCPU     1125.55
 CYC   8 ETOT(AU) -7.614810119041E+02 DETOT -1.59E-06 tst  7.63E-08 PX  3.49E-04
 TTTTTTTTTTTTTTTTTTTTTTTTTTTTTT DIIS        TELAPSE     1132.46 TCPU     1126.03
 DIIS TEST: 0.53577E-05 AT SCF   CYCLE   8 - DIIS ACTIVE - HISTORY:     8 CYCLES
 TTTTTTTTTTTTTTTTTTTTTTTTTTTTTT FDIK        TELAPSE     1144.66 TCPU     1137.55

    ALPHA      ELECTRONS
 INSULATING STATE
 TOP OF VALENCE BANDS -    BAND     60; K   69; EIG -1.0421339E-01 AU
 TOP OF VALENCE BANDS -    BAND     60; K    1; EIG -1.1346775E-01 AU
 BOTTOM OF VIRTUAL BANDS - BAND     61; K    8; EIG -2.9795762E-02 AU
 INDIRECT ENERGY BAND GAP:   2.0250 eV
 BOTTOM OF VIRTUAL BANDS - BAND     61; K    1; EIG  5.2299531E-03 AU

    BETA       ELECTRONS
 INSULATING STATE
 TOP OF VALENCE BANDS -    BAND     60; K   69; EIG -1.0421339E-01 AU
 TOP OF VALENCE BANDS -    BAND     60; K    1; EIG -1.1346775E-01 AU
 BOTTOM OF VIRTUAL BANDS - BAND     61; K    8; EIG -2.9795762E-02 AU
 INDIRECT ENERGY BAND GAP:   2.0250 eV
 BOTTOM OF VIRTUAL BANDS - BAND     61; K    1; EIG  5.2299531E-03 AU
 TTTTTTTTTTTTTTTTTTTTTTTTTTTTTT PDIG        TELAPSE     1146.22 TCPU     1139.08
 CHARGE NORMALIZATION FACTOR   1.00000000
 TOTAL ATOMIC CHARGES:
   5.9741466   5.9741466   5.9806393   5.9806393   6.0356414   6.0356414
   6.0315020   6.0315020   6.0456874   6.0456874   5.9684171   5.9684171
   5.9710210   5.9710210   6.0235201   6.0235201   5.9915857   5.9915857
   5.9778396   5.9778396
 SUMMED SPIN DENSITY           0.00000000
 TOTAL ATOMIC SPINS  :
   0.0000000   0.0000000   0.0000000   0.0000000   0.0000000   0.0000000
  -0.0000000  -0.0000000  -0.0000000  -0.0000000  -0.0000000  -0.0000000
   0.0000000   0.0000000   0.0000000   0.0000000   0.0000000   0.0000000
   0.0000000   0.0000000
 TTTTTTTTTTTTTTTTTTTTTTTTTTTTTT MOQGAD      TELAPSE     1146.24 TCPU     1139.09
 TTTTTTTTTTTTTTTTTTTTTTTTTTTTTT SHELLXN     TELAPSE     1255.47 TCPU     1248.31
 TTTTTTTTTTTTTTTTTTTTTTTTTTTTTT MONMO3      TELAPSE     1255.62 TCPU     1248.47
 NUMERICALLY INTEGRATED DENSITY     60.0000066247     60.0000066247
 TTTTTTTTTTTTTTTTTTTTTTTTTTTTTT NUMDFT      TELAPSE     1256.96 TCPU     1249.80
 CYC   9 ETOT(AU) -7.614810122173E+02 DETOT -3.13E-07 tst  6.16E-09 PX  1.29E-04
 TTTTTTTTTTTTTTTTTTTTTTTTTTTTTT DIIS        TELAPSE     1257.40 TCPU     1250.24
 DIIS TEST: 0.39448E-06 AT SCF   CYCLE   9 - DIIS ACTIVE - HISTORY:     9 CYCLES
 TTTTTTTTTTTTTTTTTTTTTTTTTTTTTT FDIK        TELAPSE     1269.62 TCPU     1262.21

    ALPHA      ELECTRONS
 INSULATING STATE
 TOP OF VALENCE BANDS -    BAND     60; K   69; EIG -1.0421503E-01 AU
 TOP OF VALENCE BANDS -    BAND     60; K    1; EIG -1.1346646E-01 AU
 BOTTOM OF VIRTUAL BANDS - BAND     61; K    8; EIG -2.9793760E-02 AU
 INDIRECT ENERGY BAND GAP:   2.0251 eV
 BOTTOM OF VIRTUAL BANDS - BAND     61; K    1; EIG  5.2298735E-03 AU

    BETA       ELECTRONS
 INSULATING STATE
 TOP OF VALENCE BANDS -    BAND     60; K   69; EIG -1.0421503E-01 AU
 TOP OF VALENCE BANDS -    BAND     60; K    1; EIG -1.1346646E-01 AU
 BOTTOM OF VIRTUAL BANDS - BAND     61; K    8; EIG -2.9793760E-02 AU
 INDIRECT ENERGY BAND GAP:   2.0251 eV
 BOTTOM OF VIRTUAL BANDS - BAND     61; K    1; EIG  5.2298735E-03 AU
 TTTTTTTTTTTTTTTTTTTTTTTTTTTTTT PDIG        TELAPSE     1271.22 TCPU     1263.79
 CHARGE NORMALIZATION FACTOR   1.00000000
 TOTAL ATOMIC CHARGES:
   5.9740834   5.9740834   5.9805631   5.9805631   6.0357666   6.0357666
   6.0315367   6.0315367   6.0457793   6.0457793   5.9684137   5.9684137
   5.9710532   5.9710532   6.0234185   6.0234185   5.9914616   5.9914616
   5.9779240   5.9779240
 SUMMED SPIN DENSITY           0.00000000
 TOTAL ATOMIC SPINS  :
  -0.0000000  -0.0000000   0.0000000   0.0000000  -0.0000000  -0.0000000
   0.0000000   0.0000000   0.0000000   0.0000000   0.0000000   0.0000000
   0.0000000   0.0000000   0.0000000   0.0000000  -0.0000000  -0.0000000
  -0.0000000  -0.0000000
 TTTTTTTTTTTTTTTTTTTTTTTTTTTTTT MOQGAD      TELAPSE     1271.23 TCPU     1263.80
 TTTTTTTTTTTTTTTTTTTTTTTTTTTTTT SHELLXN     TELAPSE     1380.42 TCPU     1372.98
 TTTTTTTTTTTTTTTTTTTTTTTTTTTTTT MONMO3      TELAPSE     1380.58 TCPU     1373.14
 NUMERICALLY INTEGRATED DENSITY     60.0000066243     60.0000066243
 TTTTTTTTTTTTTTTTTTTTTTTTTTTTTT NUMDFT      TELAPSE     1381.92 TCPU     1374.48
 CYC  10 ETOT(AU) -7.614810122517E+02 DETOT -3.44E-08 tst  3.19E-10 PX  2.79E-05
 TTTTTTTTTTTTTTTTTTTTTTTTTTTTTT DIIS        TELAPSE     1382.36 TCPU     1374.92
 DIIS TEST: 0.24276E-07 AT SCF   CYCLE  10 - DIIS ACTIVE - HISTORY:    10 CYCLES
 TTTTTTTTTTTTTTTTTTTTTTTTTTTTTT FDIK        TELAPSE     1394.23 TCPU     1386.63

    ALPHA      ELECTRONS
 INSULATING STATE
 TOP OF VALENCE BANDS -    BAND     60; K   69; EIG -1.0421654E-01 AU
 TOP OF VALENCE BANDS -    BAND     60; K    1; EIG -1.1346755E-01 AU
 BOTTOM OF VIRTUAL BANDS - BAND     61; K    8; EIG -2.9794532E-02 AU
 INDIRECT ENERGY BAND GAP:   2.0251 eV
 BOTTOM OF VIRTUAL BANDS - BAND     61; K    1; EIG  5.2297207E-03 AU

    BETA       ELECTRONS
 INSULATING STATE
 TOP OF VALENCE BANDS -    BAND     60; K   69; EIG -1.0421654E-01 AU
 TOP OF VALENCE BANDS -    BAND     60; K    1; EIG -1.1346755E-01 AU
 BOTTOM OF VIRTUAL BANDS - BAND     61; K    8; EIG -2.9794532E-02 AU
 INDIRECT ENERGY BAND GAP:   2.0251 eV
 BOTTOM OF VIRTUAL BANDS - BAND     61; K    1; EIG  5.2297207E-03 AU
 TTTTTTTTTTTTTTTTTTTTTTTTTTTTTT PDIG        TELAPSE     1395.80 TCPU     1388.15
 CHARGE NORMALIZATION FACTOR   1.00000000
 TOTAL ATOMIC CHARGES:
   5.9740942   5.9740942   5.9805890   5.9805890   6.0357328   6.0357328
   6.0315259   6.0315259   6.0457207   6.0457207   5.9684077   5.9684077
   5.9710704   5.9710704   6.0234204   6.0234204   5.9914812   5.9914812
   5.9779576   5.9779576
 SUMMED SPIN DENSITY           0.00000000
 TOTAL ATOMIC SPINS  :
  -0.0000000  -0.0000000  -0.0000000  -0.0000000   0.0000000   0.0000000
  -0.0000000  -0.0000000  -0.0000000  -0.0000000  -0.0000000  -0.0000000
   0.0000000   0.0000000   0.0000000   0.0000000   0.0000000   0.0000000
   0.0000000   0.0000000
 TTTTTTTTTTTTTTTTTTTTTTTTTTTTTT MOQGAD      TELAPSE     1395.81 TCPU     1388.16
 TTTTTTTTTTTTTTTTTTTTTTTTTTTTTT SHELLXN     TELAPSE     1504.98 TCPU     1497.32
 TTTTTTTTTTTTTTTTTTTTTTTTTTTTTT MONMO3      TELAPSE     1505.14 TCPU     1497.48
 NUMERICALLY INTEGRATED DENSITY     60.0000066243     60.0000066243
 TTTTTTTTTTTTTTTTTTTTTTTTTTTTTT NUMDFT      TELAPSE     1506.47 TCPU     1498.81
 CYC  11 ETOT(AU) -7.614810122558E+02 DETOT -4.05E-09 tst  7.14E-12 PX  1.19E-05
 TTTTTTTTTTTTTTTTTTTTTTTTTTTTTT DIIS        TELAPSE     1506.92 TCPU     1499.26
 DIIS TEST: 0.28044E-08 AT SCF   CYCLE  11 - DIIS ACTIVE - HISTORY:    11 CYCLES
 TTTTTTTTTTTTTTTTTTTTTTTTTTTTTT FDIK        TELAPSE     1518.94 TCPU     1510.96

    ALPHA      ELECTRONS
 INSULATING STATE
 TOP OF VALENCE BANDS -    BAND     60; K   69; EIG -1.0421622E-01 AU
 TOP OF VALENCE BANDS -    BAND     60; K    1; EIG -1.1346723E-01 AU
 BOTTOM OF VIRTUAL BANDS - BAND     61; K    8; EIG -2.9793981E-02 AU
 INDIRECT ENERGY BAND GAP:   2.0251 eV
 BOTTOM OF VIRTUAL BANDS - BAND     61; K    1; EIG  5.2298590E-03 AU

    BETA       ELECTRONS
 INSULATING STATE
 TOP OF VALENCE BANDS -    BAND     60; K   69; EIG -1.0421622E-01 AU
 TOP OF VALENCE BANDS -    BAND     60; K    1; EIG -1.1346723E-01 AU
 BOTTOM OF VIRTUAL BANDS - BAND     61; K    8; EIG -2.9793981E-02 AU
 INDIRECT ENERGY BAND GAP:   2.0251 eV
 BOTTOM OF VIRTUAL BANDS - BAND     61; K    1; EIG  5.2298590E-03 AU
 TTTTTTTTTTTTTTTTTTTTTTTTTTTTTT PDIG        TELAPSE     1520.56 TCPU     1512.57
 CHARGE NORMALIZATION FACTOR   1.00000000
 TOTAL ATOMIC CHARGES:
   5.9740935   5.9740935   5.9805853   5.9805853   6.0357401   6.0357401
   6.0315307   6.0315307   6.0457359   6.0457359   5.9684064   5.9684064
   5.9710616   5.9710616   6.0234231   6.0234231   5.9914771   5.9914771
   5.9779462   5.9779462
 SUMMED SPIN DENSITY           0.00000000
 TOTAL ATOMIC SPINS  :
   0.0000000   0.0000000   0.0000000   0.0000000  -0.0000000  -0.0000000
  -0.0000000  -0.0000000  -0.0000000  -0.0000000   0.0000000   0.0000000
  -0.0000000  -0.0000000   0.0000000   0.0000000   0.0000000   0.0000000
  -0.0000000  -0.0000000
 TTTTTTTTTTTTTTTTTTTTTTTTTTTTTT MOQGAD      TELAPSE     1520.57 TCPU     1512.58
 TTTTTTTTTTTTTTTTTTTTTTTTTTTTTT SHELLXN     TELAPSE     1629.80 TCPU     1621.79
 TTTTTTTTTTTTTTTTTTTTTTTTTTTTTT MONMO3      TELAPSE     1629.96 TCPU     1621.95
 NUMERICALLY INTEGRATED DENSITY     60.0000066243     60.0000066243
 TTTTTTTTTTTTTTTTTTTTTTTTTTTTTT NUMDFT      TELAPSE     1631.29 TCPU     1623.28
 CYC  12 ETOT(AU) -7.614810122561E+02 DETOT -3.18E-10 tst  1.25E-12 PX  2.72E-06
 TTTTTTTTTTTTTTTTTTTTTTTTTTTTTT DIIS        TELAPSE     1631.76 TCPU     1623.75
 DIIS TEST: 0.13010E-09 AT SCF   CYCLE  12 - DIIS ACTIVE - HISTORY:    12 CYCLES
 TTTTTTTTTTTTTTTTTTTTTTTTTTTTTT FDIK        TELAPSE     1641.71 TCPU     1633.70

    ALPHA      ELECTRONS
 INSULATING STATE
 TOP OF VALENCE BANDS -    BAND     60; K   69; EIG -1.0421627E-01 AU
 TOP OF VALENCE BANDS -    BAND     60; K    1; EIG -1.1346735E-01 AU
 BOTTOM OF VIRTUAL BANDS - BAND     61; K    8; EIG -2.9793939E-02 AU
 INDIRECT ENERGY BAND GAP:   2.0251 eV
 BOTTOM OF VIRTUAL BANDS - BAND     61; K    1; EIG  5.2300192E-03 AU

    BETA       ELECTRONS
 INSULATING STATE
 TOP OF VALENCE BANDS -    BAND     60; K   69; EIG -1.0421627E-01 AU
 TOP OF VALENCE BANDS -    BAND     60; K    1; EIG -1.1346735E-01 AU
 BOTTOM OF VIRTUAL BANDS - BAND     61; K    8; EIG -2.9793939E-02 AU
 INDIRECT ENERGY BAND GAP:   2.0251 eV
 BOTTOM OF VIRTUAL BANDS - BAND     61; K    1; EIG  5.2300192E-03 AU
 TTTTTTTTTTTTTTTTTTTTTTTTTTTTTT PDIG        TELAPSE     1643.28 TCPU     1635.24
 CHARGE NORMALIZATION FACTOR   1.00000000
 TOTAL ATOMIC CHARGES:
   5.9740927   5.9740927   5.9805833   5.9805833   6.0357394   6.0357394
   6.0315295   6.0315295   6.0457342   6.0457342   5.9684093   5.9684093
   5.9710651   5.9710651   6.0234220   6.0234220   5.9914779   5.9914779
   5.9779467   5.9779467
 SUMMED SPIN DENSITY           0.00000000
 TOTAL ATOMIC SPINS  :
   0.0000000   0.0000000  -0.0000000  -0.0000000   0.0000000   0.0000000
  -0.0000000  -0.0000000  -0.0000000  -0.0000000   0.0000000   0.0000000
   0.0000000   0.0000000  -0.0000000  -0.0000000   0.0000000   0.0000000
   0.0000000   0.0000000
 TTTTTTTTTTTTTTTTTTTTTTTTTTTTTT MOQGAD      TELAPSE     1643.29 TCPU     1635.25
 TTTTTTTTTTTTTTTTTTTTTTTTTTTTTT SHELLXN     TELAPSE     1752.44 TCPU     1744.39
 +++ ENERGIES IN A.U. +++
 ::: EXT EL-POLE                                  -3.3660520402478E+03
 ::: EXT EL-SPHEROPOLE                             2.9690579566784E+01
 ::: BIELET ZONE E-E                               3.4895880289611E+03
 ::: TOTAL E-E                                     1.5322656828008E+02
 ::: TOTAL E-N + N-E                              -1.3355483041951E+03
 ::: TOTAL N-N                                    -2.5048824890859E+02
 ::: KINETIC ENERGY                                7.5922276008301E+02
 ::: PSEUDO TOTAL   ENERGY                        -6.7358722474062E+02
 ::: VIRIAL COEFFICIENT                            1.0597675450684E+00
 TTTTTTTTTTTTTTTTTTTTTTTTTTTTTT MONMO3      TELAPSE     1752.59 TCPU     1744.54
 NUMERICALLY INTEGRATED DENSITY     60.0000066243     60.0000066243
 EXCHANGE ENERGY: -0.828376308430E+02  CORRELATION ENERGY: -0.505615667238E+01
 TTTTTTTTTTTTTTTTTTTTTTTTTTTTTT NUMDFT      TELAPSE     1753.92 TCPU     1745.87
 CYC  13 ETOT(AU) -7.614810122560E+02 DETOT  1.12E-10 tst  1.38E-13 PX  2.72E-06

 == SCF ENDED - CONVERGENCE ON ENERGY      E(AU) -7.6148101225597E+02 CYCLES  13


 ENERGY EXPRESSION=HARTREE+FOCK EXCH*0.20000+(BECKE      EXCH)*0.80000+LYP        CORR


 TOTAL ENERGY(DFT)(AU)( 13) -7.6148101225597E+02 DE 1.1E-10 tester 1.4E-13
 TTTTTTTTTTTTTTTTTTTTTTTTTTTTTT EDFT        TELAPSE     1753.94 TCPU     1745.88
 
 INFORMATION **** DFTD3 ENERGY **** CALCULATE DFTD3 ENERGY

           DFT-D V3(BJ)
 DF                                         b3-lyp    
 parameters
 s6       :    1.0000
 s8       :    1.9889
 a1       :    0.3981
 a2       :    4.4211
 k1 k3    :   16.0000   -4.0000
 Cutoff   :   50.2022
 CN-Cutoff:   21.1671
 ABC-Cutoff:   21.1671
 
 Edisp /kcal,au:  -132.9688 -0.21189922

 E6    /kcal :   -63.7970
 E8    /kcal :   -69.1718
 
 INFORMATION **** DFTD3 ENERGY **** NORMAL TERMINATION OF DFTD3 MODULE

 *******************************************************************************

 DFT-D3 DISPERSION ENERGY CORRECTION

 D3 DISPERSION ENERGY (AU)       -2.1189922133585E-01
 TOTAL ENERGY + DISP (AU)        -7.6169291147730E+02

 *******************************************************************************


 NEIGHBORS OF THE NON-EQUIVALENT ATOMS

 N = NUMBER OF NEIGHBORS AT DISTANCE R
    ATOM  N     R/ANG      R/AU   NEIGHBORS (ATOM LABELS AND CELL INDICES)
   1 C    1     1.4746     2.7867    8 C   -1-1 0
   1 C    1     1.5243     2.8805   16 C    0 0 0
   1 C    1     1.5331     2.8971   12 C    0 0 0
   1 C    1     1.6194     3.0602   19 C   -1 0 0
   1 C    1     2.2389     4.2309    5 C    0 0 0
   1 C    1     2.4035     4.5419   19 C    0 0 0

   3 C    1     1.5300     2.8912   17 C   -1 0 0
   3 C    1     1.5526     2.9341    6 C   -1 0 0
   3 C    1     1.5652     2.9579   14 C    0 0 0
   3 C    1     1.6393     3.0978   10 C    0 0 0
   3 C    1     2.3850     4.5070   17 C    0 0 0
   3 C    1     2.4452     4.6208   20 C    0 0 0

   5 C    1     1.4813     2.7992    7 C   -1 0-1
   5 C    1     1.5224     2.8769   19 C   -1 0 0
   5 C    1     1.5459     2.9214   12 C    0 0 0
   5 C    1     1.5526     2.9341    4 C    0 0 0
   5 C    1     2.2389     4.2309    1 C    0 0 0
   5 C    1     2.3976     4.5308   15 C    0-1 0

   7 C    1     1.3353     2.5234   17 C    0 0 0
   7 C    1     1.4746     2.7867    2 C    0-1 0
   7 C    1     1.4813     2.7992    5 C    1 0 1
   7 C    1     2.3838     4.5048   15 C    1-1 1
   7 C    1     2.4268     4.5860   12 C    1 0 1
   7 C    1     2.5032     4.7303   10 C    0 0 0

   9 C    1     1.5180     2.8686   18 C    0 0 0
   9 C    1     1.5433     2.9164   19 C    0 0 0
   9 C    1     1.5777     2.9814   14 C    0 0 0
   9 C    1     1.6393     3.0978    4 C    0 0 0
   9 C    1     2.3625     4.4646   16 C    0 0 0
   9 C    1     2.3740     4.4863   18 C   -1 0 0

  11 C    1     1.4916     2.8188   16 C    0 1 0
  11 C    1     1.5204     2.8731   20 C    0 0 0
  11 C    1     1.5331     2.8971    2 C   -1 0 0
  11 C    1     1.5459     2.9214    6 C   -1 0 0
  11 C    1     2.1296     4.0243   20 C   -1 0 0
  11 C    1     2.4219     4.5768   10 C    0 0 0

  13 C    1     1.3515     2.5540   15 C    0 0 0
  13 C    1     1.5652     2.9579    4 C    0 0 0
  13 C    1     1.5777     2.9814   10 C    0 0-1
  13 C    1     2.4645     4.6572    2 C   -1 0-1
  13 C    1     2.5133     4.7494   17 C   -1 0-1
  13 C    1     2.5504     4.8196   18 C    0 0 0

  15 C    1     1.3515     2.5540   13 C    0 0 0
  15 C    1     1.4916     2.8188   12 C    0 1 0
  15 C    1     1.5243     2.8805    2 C   -1 0-1
  15 C    1     2.3625     4.4646   10 C    0 0-1
  15 C    1     2.3838     4.5048    7 C   -1 1-1
  15 C    1     2.3976     4.5308    5 C    0 1 0

  17 C    1     1.3353     2.5234    7 C    0 0 0
  17 C    1     1.5180     2.8686   10 C    0 0 0
  17 C    1     1.5300     2.8912    3 C    1 0 0
  17 C    1     2.3740     4.4863   10 C    1 0 0
  17 C    1     2.3850     4.5070    3 C    0 0 0
  17 C    1     2.4239     4.5806    5 C    1 0 1

  19 C    1     1.5204     2.8731   12 C    0 0 0
  19 C    1     1.5224     2.8769    5 C    1 0 0
  19 C    1     1.5433     2.9164    9 C    0 0 0
  19 C    1     1.6194     3.0602    1 C    1 0 0
  19 C    1     2.1296     4.0243   12 C    1 0 0
  19 C    1     2.4035     4.5419    1 C    0 0 0

 TTTTTTTTTTTTTTTTTTTTTTTTTTTTTT AFTER FIRST TELAPSE     1754.12 TCPU     1746.03
 MMMMMMMMMMMMMMMMMMMMMMMMMMMMMMMMMMMMMMMMMMMMMMMMMMMMMMMMMMMMMMMMMMMMMMMMMMMMMMM
     ALPHA+BETA ELECTRONS
 MULLIKEN POPULATION ANALYSIS - NO. OF ELECTRONS  120.000000

  ATOM    Z CHARGE  A.O. POPULATION

   1 C    6  5.974  0.853  1.121  0.762  0.405  0.425  0.452  0.447 -0.009
                   -0.002  0.011  0.528  0.493  0.442  0.009  0.011  0.010
                    0.008  0.009
   2 C    6  5.974  0.853  1.121  0.762  0.405  0.425  0.452  0.447 -0.009
                   -0.002  0.011  0.528  0.493  0.442  0.009  0.011  0.010
                    0.008  0.009
   3 C    6  5.981  0.854  1.121  0.767  0.437  0.417  0.439  0.422 -0.010
                   -0.003  0.005  0.508  0.498  0.484  0.006  0.011  0.009
                    0.006  0.009
   4 C    6  5.981  0.854  1.121  0.767  0.437  0.417  0.439  0.422 -0.010
                   -0.003  0.005  0.508  0.498  0.484  0.006  0.011  0.009
                    0.006  0.009
   5 C    6  6.036  0.854  1.121  0.754  0.438  0.452  0.435  0.462 -0.021
                   -0.001 -0.006  0.541  0.475  0.485  0.012  0.011  0.009
                    0.006  0.009
   6 C    6  6.036  0.854  1.121  0.754  0.438  0.452  0.435  0.462 -0.021
                   -0.001 -0.006  0.541  0.475  0.485  0.012  0.011  0.009
                    0.006  0.009
   7 C    6  6.032  0.854  1.121  0.752  0.400  0.429  0.493  0.466 -0.072
                    0.002  0.008  0.695  0.424  0.421  0.012  0.005  0.011
                    0.007  0.006
   8 C    6  6.032  0.854  1.121  0.752  0.400  0.429  0.493  0.466 -0.072
                    0.002  0.008  0.695  0.424  0.421  0.012  0.005  0.011
                    0.007  0.006
   9 C    6  6.046  0.854  1.121  0.760  0.486  0.425  0.444  0.417 -0.012
                   -0.002 -0.005  0.516  0.488  0.511  0.009  0.010  0.008
                    0.007  0.010
  10 C    6  6.046  0.854  1.121  0.760  0.486  0.425  0.444  0.417 -0.012
                   -0.002 -0.005  0.516  0.488  0.511  0.009  0.010  0.008
                    0.007  0.010
  11 C    6  5.968  0.854  1.121  0.764  0.392  0.444  0.447  0.448 -0.007
                   -0.003  0.006  0.490  0.492  0.471  0.009  0.010  0.011
                    0.008  0.010
  12 C    6  5.968  0.854  1.121  0.764  0.392  0.444  0.447  0.448 -0.007
                   -0.003  0.006  0.490  0.492  0.471  0.009  0.010  0.011
                    0.008  0.010
  13 C    6  5.971  0.854  1.121  0.762  0.454  0.405  0.491  0.414 -0.038
                    0.002  0.013  0.599  0.432  0.427  0.007  0.005  0.009
                    0.007  0.008
  14 C    6  5.971  0.854  1.121  0.762  0.454  0.405  0.491  0.414 -0.038
                    0.002  0.013  0.599  0.432  0.427  0.007  0.005  0.009
                    0.007  0.008
  15 C    6  6.023  0.854  1.120  0.766  0.438  0.393  0.508  0.446 -0.059
                   -0.002  0.009  0.634  0.430  0.449  0.008  0.004  0.013
                    0.007  0.006
  16 C    6  6.023  0.854  1.120  0.766  0.438  0.393  0.508  0.446 -0.059
                   -0.002  0.009  0.634  0.430  0.449  0.008  0.004  0.013
                    0.007  0.006
  17 C    6  5.991  0.854  1.120  0.769  0.446  0.409  0.479  0.445 -0.014
                   -0.009 -0.015  0.489  0.461  0.515  0.006  0.008  0.008
                    0.008  0.012
  18 C    6  5.991  0.854  1.120  0.769  0.446  0.409  0.479  0.445 -0.014
                   -0.009 -0.015  0.489  0.461  0.515  0.006  0.008  0.008
                    0.008  0.012
  19 C    6  5.978  0.854  1.120  0.767  0.425  0.443  0.431  0.437 -0.007
                   -0.007 -0.007  0.475  0.494  0.507  0.006  0.011  0.009
                    0.008  0.012
  20 C    6  5.978  0.854  1.120  0.767  0.425  0.443  0.431  0.437 -0.007
                   -0.007 -0.007  0.475  0.494  0.507  0.006  0.011  0.009
                    0.008  0.012

  ATOM    Z CHARGE  SHELL POPULATION

   1 C    6  5.974  0.853  1.121  0.762  0.405  1.324  0.000  1.463  0.045
   2 C    6  5.974  0.853  1.121  0.762  0.405  1.324  0.000  1.463  0.045
   3 C    6  5.981  0.854  1.121  0.767  0.437  1.278 -0.008  1.490  0.042
   4 C    6  5.981  0.854  1.121  0.767  0.437  1.278 -0.008  1.490  0.042
   5 C    6  6.036  0.854  1.121  0.754  0.438  1.349 -0.028  1.501  0.047
   6 C    6  6.036  0.854  1.121  0.754  0.438  1.349 -0.028  1.501  0.047
   7 C    6  6.032  0.854  1.121  0.752  0.400  1.388 -0.062  1.540  0.040
   8 C    6  6.032  0.854  1.121  0.752  0.400  1.388 -0.062  1.540  0.040
   9 C    6  6.046  0.854  1.121  0.760  0.486  1.287 -0.019  1.515  0.043
  10 C    6  6.046  0.854  1.121  0.760  0.486  1.287 -0.019  1.515  0.043
  11 C    6  5.968  0.854  1.121  0.764  0.392  1.340 -0.003  1.453  0.048
  12 C    6  5.968  0.854  1.121  0.764  0.392  1.340 -0.003  1.453  0.048
  13 C    6  5.971  0.854  1.121  0.762  0.454  1.309 -0.024  1.458  0.036
  14 C    6  5.971  0.854  1.121  0.762  0.454  1.309 -0.024  1.458  0.036
  15 C    6  6.023  0.854  1.120  0.766  0.438  1.346 -0.052  1.512  0.039
  16 C    6  6.023  0.854  1.120  0.766  0.438  1.346 -0.052  1.512  0.039
  17 C    6  5.991  0.854  1.120  0.769  0.446  1.334 -0.038  1.465  0.042
  18 C    6  5.991  0.854  1.120  0.769  0.446  1.334 -0.038  1.465  0.042
  19 C    6  5.978  0.854  1.120  0.767  0.425  1.311 -0.021  1.476  0.046
  20 C    6  5.978  0.854  1.120  0.767  0.425  1.311 -0.021  1.476  0.046

 OVERLAP POPULATION CONDENSED TO ATOMS FOR FIRST   6 NEIGHBORS

 ATOM A   1 C    ATOM B     CELL      R(AB)/AU R(AB)/ANG    OVPOP(AB)
                  8 C    ( -1 -1  0)     2.787     1.475     0.343
                 16 C    (  0  0  0)     2.881     1.524     0.328
                 12 C    (  0  0  0)     2.897     1.533     0.273
                 19 C    ( -1  0  0)     3.060     1.619     0.278
                  5 C    (  0  0  0)     4.231     2.239    -0.091
                 19 C    (  0  0  0)     4.542     2.403    -0.023

 ATOM A   3 C    ATOM B     CELL      R(AB)/AU R(AB)/ANG    OVPOP(AB)
                 17 C    ( -1  0  0)     2.891     1.530     0.335
                  6 C    ( -1  0  0)     2.934     1.553     0.312
                 14 C    (  0  0  0)     2.958     1.565     0.337
                 10 C    (  0  0  0)     3.098     1.639     0.248
                 17 C    (  0  0  0)     4.507     2.385    -0.030
                 20 C    (  0  0  0)     4.621     2.445    -0.046

 ATOM A   5 C    ATOM B     CELL      R(AB)/AU R(AB)/ANG    OVPOP(AB)
                  7 C    ( -1  0 -1)     2.799     1.481     0.316
                 19 C    ( -1  0  0)     2.877     1.522     0.267
                 12 C    (  0  0  0)     2.921     1.546     0.361
                  4 C    (  0  0  0)     2.934     1.553     0.312
                  1 C    (  0  0  0)     4.231     2.239    -0.091
                 15 C    (  0 -1  0)     4.531     2.398    -0.038

 ATOM A   7 C    ATOM B     CELL      R(AB)/AU R(AB)/ANG    OVPOP(AB)
                 17 C    (  0  0  0)     2.523     1.335     0.466
                  2 C    (  0 -1  0)     2.787     1.475     0.343
                  5 C    (  1  0  1)     2.799     1.481     0.316
                 15 C    (  1 -1  1)     4.505     2.384    -0.035
                 12 C    (  1  0  1)     4.586     2.427    -0.032
                 10 C    (  0  0  0)     4.730     2.503    -0.022

 ATOM A   9 C    ATOM B     CELL      R(AB)/AU R(AB)/ANG    OVPOP(AB)
                 18 C    (  0  0  0)     2.869     1.518     0.337
                 19 C    (  0  0  0)     2.916     1.543     0.288
                 14 C    (  0  0  0)     2.981     1.578     0.325
                  4 C    (  0  0  0)     3.098     1.639     0.248
                 16 C    (  0  0  0)     4.465     2.363    -0.040
                 18 C    ( -1  0  0)     4.486     2.374    -0.027

 ATOM A  11 C    ATOM B     CELL      R(AB)/AU R(AB)/ANG    OVPOP(AB)
                 16 C    (  0  1  0)     2.819     1.492     0.321
                 20 C    (  0  0  0)     2.873     1.520     0.283
                  2 C    ( -1  0  0)     2.897     1.533     0.273
                  6 C    ( -1  0  0)     2.921     1.546     0.361
                 20 C    ( -1  0  0)     4.024     2.130    -0.104
                 10 C    (  0  0  0)     4.577     2.422    -0.011

 ATOM A  13 C    ATOM B     CELL      R(AB)/AU R(AB)/ANG    OVPOP(AB)
                 15 C    (  0  0  0)     2.554     1.352     0.497
                  4 C    (  0  0  0)     2.958     1.565     0.337
                 10 C    (  0  0 -1)     2.981     1.578     0.325
                  2 C    ( -1  0 -1)     4.657     2.464    -0.021
                 17 C    ( -1  0 -1)     4.749     2.513     0.019
                 18 C    (  0  0  0)     4.820     2.550     0.035

 ATOM A  15 C    ATOM B     CELL      R(AB)/AU R(AB)/ANG    OVPOP(AB)
                 13 C    (  0  0  0)     2.554     1.352     0.497
                 12 C    (  0  1  0)     2.819     1.492     0.321
                  2 C    ( -1  0 -1)     2.881     1.524     0.328
                 10 C    (  0  0 -1)     4.465     2.363    -0.040
                  7 C    ( -1  1 -1)     4.505     2.384    -0.035
                  5 C    (  0  1  0)     4.531     2.398    -0.038

 ATOM A  17 C    ATOM B     CELL      R(AB)/AU R(AB)/ANG    OVPOP(AB)
                  7 C    (  0  0  0)     2.523     1.335     0.466
                 10 C    (  0  0  0)     2.869     1.518     0.337
                  3 C    (  1  0  0)     2.891     1.530     0.335
                 10 C    (  1  0  0)     4.486     2.374    -0.027
                  3 C    (  0  0  0)     4.507     2.385    -0.030
                  5 C    (  1  0  1)     4.581     2.424    -0.021

 ATOM A  19 C    ATOM B     CELL      R(AB)/AU R(AB)/ANG    OVPOP(AB)
                 12 C    (  0  0  0)     2.873     1.520     0.283
                  5 C    (  1  0  0)     2.877     1.522     0.267
                  9 C    (  0  0  0)     2.916     1.543     0.288
                  1 C    (  1  0  0)     3.060     1.619     0.278
                 12 C    (  1  0  0)     4.024     2.130    -0.104
                  1 C    (  0  0  0)     4.542     2.403    -0.023
 TTTTTTTTTTTTTTTTTTTTTTTTTTTTTT AFTER FIRST TELAPSE     1754.29 TCPU     1746.07
 MMMMMMMMMMMMMMMMMMMMMMMMMMMMMMMMMMMMMMMMMMMMMMMMMMMMMMMMMMMMMMMMMMMMMMMMMMMMMMM
     ALPHA-BETA ELECTRONS
 MULLIKEN POPULATION ANALYSIS - NO. OF ELECTRONS    0.000000

  ATOM    Z CHARGE  A.O. POPULATION

   1 C    6  0.000 -0.000  0.000 -0.000  0.000  0.000  0.000  0.000 -0.000
                   -0.000 -0.000  0.000  0.000  0.000  0.000 -0.000  0.000
                    0.000  0.000
   2 C    6  0.000 -0.000  0.000 -0.000  0.000  0.000  0.000  0.000 -0.000
                   -0.000 -0.000  0.000  0.000  0.000  0.000 -0.000  0.000
                    0.000  0.000
   3 C    6 -0.000  0.000 -0.000  0.000 -0.000  0.000  0.000  0.000 -0.000
                   -0.000 -0.000 -0.000  0.000 -0.000  0.000  0.000  0.000
                    0.000  0.000
   4 C    6 -0.000  0.000 -0.000  0.000 -0.000  0.000  0.000  0.000 -0.000
                   -0.000 -0.000 -0.000  0.000 -0.000  0.000  0.000  0.000
                    0.000  0.000
   5 C    6  0.000 -0.000  0.000  0.000 -0.000 -0.000  0.000  0.000  0.000
                   -0.000 -0.000 -0.000  0.000  0.000  0.000 -0.000 -0.000
                    0.000 -0.000
   6 C    6  0.000 -0.000  0.000  0.000 -0.000 -0.000  0.000  0.000  0.000
                   -0.000 -0.000 -0.000  0.000  0.000  0.000 -0.000 -0.000
                    0.000 -0.000
   7 C    6 -0.000  0.000  0.000  0.000 -0.000  0.000  0.000  0.000 -0.000
                    0.000 -0.000  0.000 -0.000 -0.000  0.000  0.000  0.000
                    0.000  0.000
   8 C    6 -0.000  0.000  0.000  0.000 -0.000  0.000  0.000  0.000 -0.000
                    0.000 -0.000  0.000 -0.000 -0.000  0.000  0.000  0.000
                    0.000  0.000
   9 C    6 -0.000  0.000 -0.000  0.000 -0.000  0.000  0.000  0.000  0.000
                    0.000  0.000 -0.000 -0.000 -0.000  0.000 -0.000 -0.000
                   -0.000  0.000
  10 C    6 -0.000  0.000 -0.000  0.000 -0.000  0.000  0.000  0.000  0.000
                    0.000  0.000 -0.000 -0.000 -0.000  0.000 -0.000 -0.000
                   -0.000  0.000
  11 C    6  0.000 -0.000  0.000 -0.000  0.000 -0.000 -0.000 -0.000  0.000
                    0.000  0.000 -0.000 -0.000 -0.000  0.000 -0.000 -0.000
                    0.000 -0.000
  12 C    6  0.000 -0.000  0.000 -0.000  0.000 -0.000 -0.000 -0.000  0.000
                    0.000  0.000 -0.000 -0.000 -0.000  0.000 -0.000 -0.000
                    0.000 -0.000
  13 C    6  0.000 -0.000  0.000 -0.000  0.000 -0.000 -0.000 -0.000  0.000
                   -0.000 -0.000  0.000  0.000  0.000  0.000 -0.000 -0.000
                   -0.000 -0.000
  14 C    6  0.000 -0.000  0.000 -0.000  0.000 -0.000 -0.000 -0.000  0.000
                   -0.000 -0.000  0.000  0.000  0.000  0.000 -0.000 -0.000
                   -0.000 -0.000
  15 C    6 -0.000  0.000 -0.000  0.000 -0.000  0.000  0.000  0.000 -0.000
                   -0.000 -0.000  0.000  0.000  0.000  0.000 -0.000  0.000
                    0.000 -0.000
  16 C    6 -0.000  0.000 -0.000  0.000 -0.000  0.000  0.000  0.000 -0.000
                   -0.000 -0.000  0.000  0.000  0.000  0.000 -0.000  0.000
                    0.000 -0.000
  17 C    6  0.000  0.000 -0.000  0.000 -0.000  0.000  0.000  0.000 -0.000
                   -0.000 -0.000  0.000  0.000  0.000 -0.000  0.000  0.000
                    0.000  0.000
  18 C    6  0.000  0.000 -0.000  0.000 -0.000  0.000  0.000  0.000 -0.000
                   -0.000 -0.000  0.000  0.000  0.000 -0.000  0.000  0.000
                    0.000  0.000
  19 C    6  0.000  0.000 -0.000  0.000  0.000  0.000  0.000  0.000 -0.000
                   -0.000 -0.000  0.000  0.000  0.000  0.000 -0.000  0.000
                   -0.000  0.000
  20 C    6  0.000  0.000 -0.000  0.000  0.000  0.000  0.000  0.000 -0.000
                   -0.000 -0.000  0.000  0.000  0.000  0.000 -0.000  0.000
                   -0.000  0.000

  ATOM    Z CHARGE  SHELL POPULATION

   1 C    6  0.000 -0.000  0.000 -0.000  0.000  0.000 -0.000  0.000  0.000
   2 C    6  0.000 -0.000  0.000 -0.000  0.000  0.000 -0.000  0.000  0.000
   3 C    6 -0.000  0.000 -0.000  0.000 -0.000  0.000 -0.000 -0.000  0.000
   4 C    6 -0.000  0.000 -0.000  0.000 -0.000  0.000 -0.000 -0.000  0.000
   5 C    6  0.000 -0.000  0.000  0.000 -0.000  0.000 -0.000  0.000 -0.000
   6 C    6  0.000 -0.000  0.000  0.000 -0.000  0.000 -0.000  0.000 -0.000
   7 C    6 -0.000  0.000  0.000  0.000 -0.000  0.000  0.000 -0.000  0.000
   8 C    6 -0.000  0.000  0.000  0.000 -0.000  0.000  0.000 -0.000  0.000
   9 C    6 -0.000  0.000 -0.000  0.000 -0.000  0.000  0.000 -0.000  0.000
  10 C    6 -0.000  0.000 -0.000  0.000 -0.000  0.000  0.000 -0.000  0.000
  11 C    6  0.000 -0.000  0.000 -0.000  0.000 -0.000  0.000 -0.000 -0.000
  12 C    6  0.000 -0.000  0.000 -0.000  0.000 -0.000  0.000 -0.000 -0.000
  13 C    6  0.000 -0.000  0.000 -0.000  0.000 -0.000  0.000  0.000 -0.000
  14 C    6  0.000 -0.000  0.000 -0.000  0.000 -0.000  0.000  0.000 -0.000
  15 C    6 -0.000  0.000 -0.000  0.000 -0.000  0.000 -0.000  0.000  0.000
  16 C    6 -0.000  0.000 -0.000  0.000 -0.000  0.000 -0.000  0.000  0.000
  17 C    6  0.000  0.000 -0.000  0.000 -0.000  0.000 -0.000  0.000  0.000
  18 C    6  0.000  0.000 -0.000  0.000 -0.000  0.000 -0.000  0.000  0.000
  19 C    6  0.000  0.000 -0.000  0.000  0.000  0.000 -0.000  0.000 -0.000
  20 C    6  0.000  0.000 -0.000  0.000  0.000  0.000 -0.000  0.000 -0.000

 OVERLAP POPULATION CONDENSED TO ATOMS FOR FIRST   6 NEIGHBORS

 ATOM A   1 C    ATOM B     CELL      R(AB)/AU R(AB)/ANG    OVPOP(AB)
                  8 C    ( -1 -1  0)     2.787     1.475     0.000
                 16 C    (  0  0  0)     2.881     1.524     0.000
                 12 C    (  0  0  0)     2.897     1.533     0.000
                 19 C    ( -1  0  0)     3.060     1.619     0.000
                  5 C    (  0  0  0)     4.231     2.239    -0.000
                 19 C    (  0  0  0)     4.542     2.403    -0.000

 ATOM A   3 C    ATOM B     CELL      R(AB)/AU R(AB)/ANG    OVPOP(AB)
                 17 C    ( -1  0  0)     2.891     1.530    -0.000
                  6 C    ( -1  0  0)     2.934     1.553    -0.000
                 14 C    (  0  0  0)     2.958     1.565    -0.000
                 10 C    (  0  0  0)     3.098     1.639    -0.000
                 17 C    (  0  0  0)     4.507     2.385     0.000
                 20 C    (  0  0  0)     4.621     2.445    -0.000

 ATOM A   5 C    ATOM B     CELL      R(AB)/AU R(AB)/ANG    OVPOP(AB)
                  7 C    ( -1  0 -1)     2.799     1.481     0.000
                 19 C    ( -1  0  0)     2.877     1.522     0.000
                 12 C    (  0  0  0)     2.921     1.546     0.000
                  4 C    (  0  0  0)     2.934     1.553    -0.000
                  1 C    (  0  0  0)     4.231     2.239    -0.000
                 15 C    (  0 -1  0)     4.531     2.398    -0.000

 ATOM A   7 C    ATOM B     CELL      R(AB)/AU R(AB)/ANG    OVPOP(AB)
                 17 C    (  0  0  0)     2.523     1.335     0.000
                  2 C    (  0 -1  0)     2.787     1.475     0.000
                  5 C    (  1  0  1)     2.799     1.481     0.000
                 15 C    (  1 -1  1)     4.505     2.384    -0.000
                 12 C    (  1  0  1)     4.586     2.427    -0.000
                 10 C    (  0  0  0)     4.730     2.503     0.000

 ATOM A   9 C    ATOM B     CELL      R(AB)/AU R(AB)/ANG    OVPOP(AB)
                 18 C    (  0  0  0)     2.869     1.518     0.000
                 19 C    (  0  0  0)     2.916     1.543    -0.000
                 14 C    (  0  0  0)     2.981     1.578    -0.000
                  4 C    (  0  0  0)     3.098     1.639    -0.000
                 16 C    (  0  0  0)     4.465     2.363    -0.000
                 18 C    ( -1  0  0)     4.486     2.374     0.000

 ATOM A  11 C    ATOM B     CELL      R(AB)/AU R(AB)/ANG    OVPOP(AB)
                 16 C    (  0  1  0)     2.819     1.492     0.000
                 20 C    (  0  0  0)     2.873     1.520    -0.000
                  2 C    ( -1  0  0)     2.897     1.533     0.000
                  6 C    ( -1  0  0)     2.921     1.546     0.000
                 20 C    ( -1  0  0)     4.024     2.130    -0.000
                 10 C    (  0  0  0)     4.577     2.422    -0.000

 ATOM A  13 C    ATOM B     CELL      R(AB)/AU R(AB)/ANG    OVPOP(AB)
                 15 C    (  0  0  0)     2.554     1.352     0.000
                  4 C    (  0  0  0)     2.958     1.565    -0.000
                 10 C    (  0  0 -1)     2.981     1.578    -0.000
                  2 C    ( -1  0 -1)     4.657     2.464     0.000
                 17 C    ( -1  0 -1)     4.749     2.513     0.000
                 18 C    (  0  0  0)     4.820     2.550     0.000

 ATOM A  15 C    ATOM B     CELL      R(AB)/AU R(AB)/ANG    OVPOP(AB)
                 13 C    (  0  0  0)     2.554     1.352     0.000
                 12 C    (  0  1  0)     2.819     1.492     0.000
                  2 C    ( -1  0 -1)     2.881     1.524     0.000
                 10 C    (  0  0 -1)     4.465     2.363    -0.000
                  7 C    ( -1  1 -1)     4.505     2.384    -0.000
                  5 C    (  0  1  0)     4.531     2.398    -0.000

 ATOM A  17 C    ATOM B     CELL      R(AB)/AU R(AB)/ANG    OVPOP(AB)
                  7 C    (  0  0  0)     2.523     1.335     0.000
                 10 C    (  0  0  0)     2.869     1.518     0.000
                  3 C    (  1  0  0)     2.891     1.530    -0.000
                 10 C    (  1  0  0)     4.486     2.374     0.000
                  3 C    (  0  0  0)     4.507     2.385     0.000
                  5 C    (  1  0  1)     4.581     2.424    -0.000

 ATOM A  19 C    ATOM B     CELL      R(AB)/AU R(AB)/ANG    OVPOP(AB)
                 12 C    (  0  0  0)     2.873     1.520    -0.000
                  5 C    (  1  0  0)     2.877     1.522     0.000
                  9 C    (  0  0  0)     2.916     1.543    -0.000
                  1 C    (  1  0  0)     3.060     1.619     0.000
                 12 C    (  1  0  0)     4.024     2.130    -0.000
                  1 C    (  0  0  0)     4.542     2.403    -0.000
 EIGENVECTORS IN FORTRAN UNIT 10
 TTTTTTTTTTTTTTTTTTTTTTTTTTTTTT END         TELAPSE     1756.48 TCPU     1748.12
 EEEEEEEEEE TERMINATION  DATE 30 01 2026 TIME 22:12:54.4
NODE    0 CPU TIME =      1748.117
NODE    1 CPU TIME =      1747.507
NODE    2 CPU TIME =      1749.373
NODE    3 CPU TIME =      1748.570
NODE    4 CPU TIME =      1748.535
NODE    5 CPU TIME =      1749.560
NODE    6 CPU TIME =      1747.737
NODE    7 CPU TIME =      1749.896
NODE    8 CPU TIME =      1748.201
NODE    9 CPU TIME =      1746.959
NODE   10 CPU TIME =      1749.816
NODE   11 CPU TIME =      1747.983
NODE   12 CPU TIME =      1747.726
NODE   13 CPU TIME =      1747.841
NODE   14 CPU TIME =      1747.211
NODE   15 CPU TIME =      1749.645
NODE   16 CPU TIME =      1747.671
NODE   17 CPU TIME =      1748.041
NODE   18 CPU TIME =      1749.244
NODE   19 CPU TIME =      1748.965
NODE   20 CPU TIME =      1748.035
NODE   21 CPU TIME =      1748.117
NODE   22 CPU TIME =      1748.233
NODE   23 CPU TIME =      1747.058
NODE   24 CPU TIME =      1748.976
NODE   25 CPU TIME =      1748.208
NODE   26 CPU TIME =      1747.796
NODE   27 CPU TIME =      1748.460
NODE   28 CPU TIME =      1748.137
NODE   29 CPU TIME =      1748.654
NODE   30 CPU TIME =      1748.407
NODE   31 CPU TIME =      1749.149
    TOTAL CPU TIME =     55947.828
