MPI startup(): Warning: I_MPI_PMI_LIBRARY will be ignored since the hydra process manager was found
MPI startup(): Warning: I_MPI_PMI_LIBRARY will be ignored since the hydra process manager was found
MPI startup(): Warning: I_MPI_PMI_LIBRARY will be ignored since the hydra process manager was found
MPI startup(): Warning: I_MPI_PMI_LIBRARY will be ignored since the hydra process manager was found
MPI startup(): Warning: I_MPI_PMI_LIBRARY will be ignored since the hydra process manager was found
MPI startup(): Warning: I_MPI_PMI_LIBRARY will be ignored since the hydra process manager was found
MPI startup(): Warning: I_MPI_PMI_LIBRARY will be ignored since the hydra process manager was found
MPI startup(): Warning: I_MPI_PMI_LIBRARY will be ignored since the hydra process manager was found
MPI startup(): Warning: I_MPI_PMI_LIBRARY will be ignored since the hydra process manager was found
MPI startup(): Warning: I_MPI_PMI_LIBRARY will be ignored since the hydra process manager was found
MPI startup(): Warning: I_MPI_PMI_LIBRARY will be ignored since the hydra process manager was found
MPI startup(): Warning: I_MPI_PMI_LIBRARY will be ignored since the hydra process manager was found
MPI startup(): Warning: I_MPI_PMI_LIBRARY will be ignored since the hydra process manager was found
MPI startup(): Warning: I_MPI_PMI_LIBRARY will be ignored since the hydra process manager was found
MPI startup(): Warning: I_MPI_PMI_LIBRARY will be ignored since the hydra process manager was found
MPI startup(): Warning: I_MPI_PMI_LIBRARY will be ignored since the hydra process manager was found
MPI startup(): Warning: I_MPI_PMI_LIBRARY will be ignored since the hydra process manager was found
MPI startup(): Warning: I_MPI_PMI_LIBRARY will be ignored since the hydra process manager was found
MPI startup(): Warning: I_MPI_PMI_LIBRARY will be ignored since the hydra process manager was found
MPI startup(): Warning: I_MPI_PMI_LIBRARY will be ignored since the hydra process manager was found
MPI startup(): Warning: I_MPI_PMI_LIBRARY will be ignored since the hydra process manager was found
MPI startup(): Warning: I_MPI_PMI_LIBRARY will be ignored since the hydra process manager was found
MPI startup(): Warning: I_MPI_PMI_LIBRARY will be ignored since the hydra process manager was found
MPI startup(): Warning: I_MPI_PMI_LIBRARY will be ignored since the hydra process manager was found
MPI startup(): Warning: I_MPI_PMI_LIBRARY will be ignored since the hydra process manager was found
MPI startup(): Warning: I_MPI_PMI_LIBRARY will be ignored since the hydra process manager was found
MPI startup(): Warning: I_MPI_PMI_LIBRARY will be ignored since the hydra process manager was found
MPI startup(): Warning: I_MPI_PMI_LIBRARY will be ignored since the hydra process manager was found
MPI startup(): Warning: I_MPI_PMI_LIBRARY will be ignored since the hydra process manager was found
MPI startup(): Warning: I_MPI_PMI_LIBRARY will be ignored since the hydra process manager was found
MPI startup(): Warning: I_MPI_PMI_LIBRARY will be ignored since the hydra process manager was found
MPI startup(): Warning: I_MPI_PMI_LIBRARY will be ignored since the hydra process manager was found
 PROCESS            8  OF           32  WORKING
 PROCESS           11  OF           32  WORKING
 PROCESS           12  OF           32  WORKING
 PROCESS           15  OF           32  WORKING
 PROCESS           30  OF           32  WORKING
 PROCESS            7  OF           32  WORKING
 PROCESS           16  OF           32  WORKING
 PROCESS           17  OF           32  WORKING
 PROCESS           19  OF           32  WORKING
 PROCESS           20  OF           32  WORKING
 PROCESS           21  OF           32  WORKING
 PROCESS           23  OF           32  WORKING
 PROCESS           29  OF           32  WORKING
 PROCESS           14  OF           32  WORKING
 PROCESS           28  OF           32  WORKING
 PROCESS           27  OF           32  WORKING
 PROCESS            3  OF           32  WORKING
 PROCESS           26  OF           32  WORKING
 PROCESS            1  OF           32  WORKING
 PROCESS           24  OF           32  WORKING
 PROCESS           25  OF           32  WORKING
 PROCESS            2  OF           32  WORKING
 PROCESS            4  OF           32  WORKING
 PROCESS            5  OF           32  WORKING
 PROCESS            6  OF           32  WORKING
 PROCESS           10  OF           32  WORKING
 PROCESS            0  OF           32  WORKING
 PROCESS           13  OF           32  WORKING
 PROCESS           18  OF           32  WORKING
 PROCESS           22  OF           32  WORKING
 PROCESS           31  OF           32  WORKING

         
 *******************************************************************************
 *                                                                             *
 *                               CRYSTAL23                                     *
 *                      public : 1.0.1 - October 2022                          *
 *                       HTTP://WWW.CRYSTAL.UNITO.IT                           *
 *                                                                             *
 *                              MAIN AUTHORS                                   *
 *                                                                             *
 *  R. DOVESI(1,11), V.R. SAUNDERS(2), C. ROETTI(1,11), R. ORLANDO(1,11),      *
 *  C.M. ZICOVICH-WILSON(1,3), F. PASCALE(4), B. CIVALLERI(1,11),              *
 *  K. DOLL(5), N.M. HARRISON(6), I.J. BUSH(7), Ph. D'ARCO(8),                 *
 *  M. LLUNELL(9), M. CAUSA'(10), Y. NOEL(8), L. MASCHIO(1,11), A. ERBA(1,11)  *
 *  M. RE'RAT(14), S. CASASSA(1,11), B.G. SEARLE(2), J.K. DESMARAIS(1)         *
 *                                                                             *
 *        CONTRIBUTIONS TO THE CODE HAVE ALSO BEEN GIVEN BY                    *
 *                                                                             *
 *  M. FERRABONE(1,11), M. DE LA PIERRE(1,11), M. FERRERO(1,11),               *
 *  J. BAIMA(1,11), E. ALBANESE(1,11), M.F. PEINTINGER(12), R. BAST(13),       *
 *  B. KIRTMAN(15), V. LACIVITA(1,11), R. DEMICHELIS(1,16)                     *
 *  G. BRANDEBURG(17), S. SALUSTRO(1,11), G. SANSONE(1,11)                     *
 *  M.T. RUGGIERO(18), L.E. DAGA(1), L. DONA'(1), A. COSSARD(1)                *
 *                                                                             *
 * (1) THEORETICAL CHEMISTRY GROUP - UNIVERSITA' DI TORINO - TORINO (ITALY)    *
 * (2) SCIENTIFIC COMPUTING DEPARTMENT - STFC DARESBURY (UK)                   *
 * (3) UNIVERSIDAD AUTONOMA DEL ESTADO DE MORELOS - CUERNAVACA (MEXICO)        *
 * (4) UNIVERSITE' DE LORRAINE - NANCY (FRANCE)                                *
 * (5) UNIVERSITAET STUTTGART- STUTTGART (GERMANY)                             *
 * (6) IMPERIAL COLLEGE - LONDON (UK)                                          *
 * (7) SCIENTIFIC COMPUTING DEPARTMENT - STFC RAL (UK)                         *
 * (8) UPMC - SORBONNE UNIVERSITES - PARIS (FRANCE)                            *
 * (9) UNIVERSIDAD DE BARCELONA - BARCELONA (SPAIN)                            *
 *(10) UNIVERSITA' DI NAPOLI "FEDERICO II" - NAPOLI (ITALY)                    *
 *(11) NIS - NANOSTRUCTURED INTERFACES AND SURFACES - TORINO (ITALY)           *
 *(12) MPI FUER CHEMISCHE ENERGIEKONVERSION - MUELHEIM AN DER RUHR (GERMANY)   *
 *(13) UNIVERSITY OF TROMSO - TROMSO (NORWAY)                                  *
 *(14) UNIVERSITE' DE PAU ET DES PAYS DE L'ADOUR - PAU (FRANCE)                *
 *(15) UNIVERSITY OF CALIFORNIA SANTA BARBARA - SANTA BARBARA (USA)            *
 *(16) CURTIN UNIVERSITY - PERTH (AUSTRALIA)                                   *
 *(17) UNIVERSITY COLLEGE LONDON - LONDON (UK)                                 *
 *(18) UNIVERSITY OF VERMONT - BURLINGTON (USA)                                *
 *                                                                             *
 *******************************************************************************
 EEEEEEEEEE STARTING  DATE 24 01 2026 TIME 22:22:24.9
 ./3^5T15-CA_rev1_sp_B3LYP-D3-D3_optimized                                       
 PROCESS            9  OF           32  WORKING

 CRYSTAL CALCULATION
 (INPUT ACCORDING TO THE INTERNATIONAL TABLES FOR X-RAY CRYSTALLOGRAPHY)
 CRYSTAL FAMILY                       :  MONOCLINIC  
 CRYSTAL CLASS  (GROTH - 1921)        :  MONOCLINIC SPHENOIDAL                

 SPACE GROUP (NONCENTROSYMMETRIC)     :  C 2             

 LATTICE PARAMETERS  (ANGSTROMS AND DEGREES) - CONVENTIONAL CELL
        A           B           C        ALPHA        BETA       GAMMA
    14.91235    14.79641     3.24208    90.00000   101.31412    90.00000


 NUMBER OF IRREDUCIBLE ATOMS IN THE CONVENTIONAL CELL:   20

 INPUT COORDINATES

 ATOM AT. N.              COORDINATES
   1   6    -3.399881990106E-01  1.591227078367E-01 -4.033070658500E-01
   2   6    -1.633362356855E-01  3.354493983408E-01 -2.917165633552E-01
   3   6    -1.572769970716E-01  1.653384935990E-01 -2.193126476193E-01
   4   6     1.616976119813E-01 -1.741543119478E-01 -2.389926645327E-01
   5   6     8.496399855851E-02 -3.749945393572E-01  2.489082397845E-01
   6   6    -8.091704838085E-02  3.775990500929E-01 -3.773893602822E-01
   7   6    -1.199647835558E-01  7.687834892603E-02 -2.648766106799E-01
   8   6     1.237775596496E-01 -8.558282556720E-02 -3.672377968508E-01
   9   6     1.225293317394E-01  2.454992107956E-01  2.997937258001E-01
  10   6    -1.253023494112E-01 -2.577581078046E-01  1.944791374852E-01
  11   6     2.538409479661E-01  1.272782195314E-01  3.575589400848E-01
  12   6    -2.529040657134E-01 -1.350255658083E-01  2.873049460975E-01
  13   6    -2.107314943129E-01 -4.603532220951E-02  3.943455642685E-01
  14   6     2.093911585911E-01  4.128239369624E-02  4.642297930874E-01
  15   6     4.062675434935E-02  2.893052022947E-01  4.300717097831E-01
  16   6    -4.869845064946E-02 -2.902244134397E-01 -1.661011677345E-03
  17   6    -4.209293764921E-02  2.766940750118E-02 -1.675135792219E-01
  18   6     4.322661977994E-02 -5.256515282913E-02  4.288163958592E-01
  19   6     4.596096345330E-01 -4.061694435326E-02 -4.102311130234E-01
  20   6     4.170689448779E-02 -4.548452492978E-01  1.714248845784E-01

 *******************************************************************************

 << INFORMATION >>: FROM NOW ON, ALL COORDINATES REFER TO THE PRIMITIVE CELL

 *******************************************************************************

 LATTICE PARAMETERS  (ANGSTROMS AND DEGREES) - PRIMITIVE CELL
       A          B          C        ALPHA      BETA     GAMMA        VOLUME
   10.50371   10.50371    3.24208    81.99462  98.00538  90.44720    350.730028

 COORDINATES OF THE EQUIVALENT ATOMS (FRACTIONAL UNITS)

 N. ATOM EQUIV AT. N.          X                  Y                  Z

   1   1   1    6 C    -1.80865491174E-01  4.99110906847E-01 -4.03307065850E-01
   2   1   2    6 C     4.99110906847E-01 -1.80865491174E-01  4.03307065850E-01

   3   2   1    6 C     1.72113162655E-01  4.98785634026E-01 -2.91716563355E-01
   4   2   2    6 C     4.98785634026E-01  1.72113162655E-01  2.91716563355E-01

   5   3   1    6 C     8.06149652740E-03  3.22615490671E-01 -2.19312647619E-01
   6   3   2    6 C     3.22615490671E-01  8.06149652740E-03  2.19312647619E-01

   7   4   1    6 C    -1.24566999665E-02 -3.35851923929E-01 -2.38992664533E-01
   8   4   2    6 C    -3.35851923929E-01 -1.24566999665E-02  2.38992664533E-01

   9   5   1    6 C    -2.90030540799E-01 -4.59958537916E-01  2.48908239784E-01
  10   5   2    6 C    -4.59958537916E-01 -2.90030540799E-01 -2.48908239784E-01

  11   6   1    6 C     2.96682001712E-01  4.58516098474E-01 -3.77389360282E-01
  12   6   2    6 C     4.58516098474E-01  2.96682001712E-01  3.77389360282E-01

  13   7   1    6 C    -4.30864346298E-02  1.96843132482E-01 -2.64876610680E-01
  14   7   2    6 C     1.96843132482E-01 -4.30864346298E-02  2.64876610680E-01

  15   8   1    6 C     3.81947340824E-02 -2.09360385217E-01 -3.67237796851E-01
  16   8   2    6 C    -2.09360385217E-01  3.81947340824E-02  3.67237796851E-01

  17   9   1    6 C     3.68028542535E-01  1.22969879056E-01  2.99793725800E-01
  18   9   2    6 C     1.22969879056E-01  3.68028542535E-01 -2.99793725800E-01

  19  10   1    6 C    -3.83060457216E-01 -1.32455758393E-01  1.94479137485E-01
  20  10   2    6 C    -1.32455758393E-01 -3.83060457216E-01 -1.94479137485E-01

  21  11   1    6 C     3.81119167498E-01 -1.26562728435E-01  3.57558940085E-01
  22  11   2    6 C    -1.26562728435E-01  3.81119167498E-01 -3.57558940085E-01

  23  12   1    6 C    -3.87929631522E-01  1.17878499905E-01  2.87304946098E-01
  24  12   2    6 C     1.17878499905E-01 -3.87929631522E-01 -2.87304946098E-01

  25  13   1    6 C    -2.56766816522E-01  1.64696172103E-01  3.94345564268E-01
  26  13   2    6 C     1.64696172103E-01 -2.56766816522E-01 -3.94345564268E-01

  27  14   1    6 C     2.50673552287E-01 -1.68108764895E-01  4.64229793087E-01
  28  14   2    6 C    -1.68108764895E-01  2.50673552287E-01 -4.64229793087E-01

  29  15   1    6 C     3.29931956644E-01  2.48678447945E-01  4.30071709783E-01
  30  15   2    6 C     2.48678447945E-01  3.29931956644E-01 -4.30071709783E-01

  31  16   1    6 C    -3.38922864089E-01 -2.41525962790E-01 -1.66101167734E-03
  32  16   2    6 C    -2.41525962790E-01 -3.38922864089E-01  1.66101167734E-03

  33  17   1    6 C    -1.44235301480E-02  6.97623451504E-02 -1.67513579222E-01
  34  17   2    6 C     6.97623451504E-02 -1.44235301480E-02  1.67513579222E-01

  35  18   1    6 C    -9.33853304919E-03 -9.57917726091E-02  4.28816395859E-01
  36  18   2    6 C    -9.57917726091E-02 -9.33853304919E-03 -4.28816395859E-01

  37  19   1    6 C     4.18992690180E-01  4.99773421114E-01 -4.10231113023E-01
  38  19   2    6 C     4.99773421114E-01  4.18992690180E-01  4.10231113023E-01

  39  20   1    6 C    -4.13138354810E-01 -4.96552143786E-01  1.71424884578E-01
  40  20   2    6 C    -4.96552143786E-01 -4.13138354810E-01 -1.71424884578E-01

 NUMBER OF SYMMETRY OPERATORS         :    2
 *******************************************************************************
 * GEOMETRY EDITING - INPUT COORDINATES ARE GIVEN IN ANGSTROM         
 *******************************************************************************

 GEOMETRY NOW FULLY CONSISTENT WITH THE GROUP

 GCALCO - MAX INDICES DIRECT LATTICE VECTOR     9     9    32
 NO.OF VECTORS CREATED 6999 STARS 1869 RMAX   158.42258 BOHR

 GEOMETRY FOR WAVE FUNCTION - DIMENSIONALITY OF THE SYSTEM    3
 (NON PERIODIC DIRECTION: LATTICE PARAMETER FORMALLY SET TO 500)
 *******************************************************************************
 LATTICE PARAMETERS (ANGSTROMS AND DEGREES) - BOHR = 0.5291772083 ANGSTROM
 PRIMITIVE CELL - CENTRING CODE 4/0 VOLUME=   350.730028 - DENSITY  2.273 g/cm^3
         A              B              C           ALPHA      BETA       GAMMA 
    10.50371175    10.50371175     3.24207910    81.994623  98.005377  90.447201
 *******************************************************************************
 ATOMS IN THE ASYMMETRIC UNIT   20 - ATOMS IN THE UNIT CELL:   40
     ATOM                 X/A                 Y/B                 Z/C    
 *******************************************************************************
      1 T   6 C    -1.808654911739E-01  4.991109068473E-01 -4.033070658500E-01
      2 F   6 C     4.991109068473E-01 -1.808654911739E-01  4.033070658500E-01
      3 T   6 C     1.721131626553E-01  4.987856340263E-01 -2.917165633552E-01
      4 F   6 C     4.987856340263E-01  1.721131626553E-01  2.917165633552E-01
      5 T   6 C     8.061496527400E-03  3.226154906706E-01 -2.193126476193E-01
      6 F   6 C     3.226154906706E-01  8.061496527400E-03  2.193126476193E-01
      7 T   6 C    -1.245669996650E-02 -3.358519239291E-01 -2.389926645327E-01
      8 F   6 C    -3.358519239291E-01 -1.245669996650E-02  2.389926645327E-01
      9 T   6 C    -2.900305407987E-01 -4.599585379157E-01  2.489082397845E-01
     10 F   6 C    -4.599585379157E-01 -2.900305407987E-01 -2.489082397845E-01
     11 T   6 C     2.966820017120E-01  4.585160984737E-01 -3.773893602822E-01
     12 F   6 C     4.585160984737E-01  2.966820017120E-01  3.773893602822E-01
     13 T   6 C    -4.308643462977E-02  1.968431324818E-01 -2.648766106799E-01
     14 F   6 C     1.968431324818E-01 -4.308643462977E-02  2.648766106799E-01
     15 T   6 C     3.819473408240E-02 -2.093603852168E-01 -3.672377968508E-01
     16 F   6 C    -2.093603852168E-01  3.819473408240E-02  3.672377968508E-01
     17 T   6 C     3.680285425350E-01  1.229698790562E-01  2.997937258001E-01
     18 F   6 C     1.229698790562E-01  3.680285425350E-01 -2.997937258001E-01
     19 T   6 C    -3.830604572158E-01 -1.324557583934E-01  1.944791374852E-01
     20 F   6 C    -1.324557583934E-01 -3.830604572158E-01 -1.944791374852E-01
     21 T   6 C     3.811191674975E-01 -1.265627284347E-01  3.575589400848E-01
     22 F   6 C    -1.265627284347E-01  3.811191674975E-01 -3.575589400848E-01
     23 T   6 C    -3.879296315217E-01  1.178784999051E-01  2.873049460975E-01
     24 F   6 C     1.178784999051E-01 -3.879296315217E-01 -2.873049460975E-01
     25 T   6 C    -2.567668165224E-01  1.646961721034E-01  3.943455642685E-01
     26 F   6 C     1.646961721034E-01 -2.567668165224E-01 -3.943455642685E-01
     27 T   6 C     2.506735522873E-01 -1.681087648949E-01  4.642297930874E-01
     28 F   6 C    -1.681087648949E-01  2.506735522873E-01 -4.642297930874E-01
     29 T   6 C     3.299319566440E-01  2.486784479453E-01  4.300717097831E-01
     30 F   6 C     2.486784479453E-01  3.299319566440E-01 -4.300717097831E-01
     31 T   6 C    -3.389228640892E-01 -2.415259627902E-01 -1.661011677345E-03
     32 F   6 C    -2.415259627902E-01 -3.389228640892E-01  1.661011677345E-03
     33 T   6 C    -1.442353014803E-02  6.976234515039E-02 -1.675135792219E-01
     34 F   6 C     6.976234515039E-02 -1.442353014803E-02  1.675135792219E-01
     35 T   6 C    -9.338533049190E-03 -9.579177260907E-02  4.288163958592E-01
     36 F   6 C    -9.579177260907E-02 -9.338533049190E-03 -4.288163958592E-01
     37 T   6 C     4.189926901797E-01  4.997734211137E-01 -4.102311130234E-01
     38 F   6 C     4.997734211137E-01  4.189926901797E-01  4.102311130234E-01
     39 T   6 C    -4.131383548100E-01 -4.965521437856E-01  1.714248845784E-01
     40 F   6 C    -4.965521437856E-01 -4.131383548100E-01 -1.714248845784E-01

 TRANSFORMATION MATRIX PRIMITIVE-CRYSTALLOGRAPHIC CELL
  1.0000  1.0000  0.0000 -1.0000  1.0000  0.0000  0.0000  0.0000  1.0000

 *******************************************************************************
 CRYSTALLOGRAPHIC CELL (VOLUME=        701.46005667)
         A              B              C           ALPHA      BETA       GAMMA 
    14.91234899    14.79640800     3.24207910    90.000000 101.314119  90.000000

 COORDINATES IN THE CRYSTALLOGRAPHIC CELL
     ATOM                 X/A                 Y/B                 Z/C    
 *******************************************************************************
      1 T   6 C    -3.399881990106E-01  1.591227078367E-01 -4.033070658500E-01
      2 F   6 C     3.399881990106E-01  1.591227078367E-01  4.033070658500E-01
      3 T   6 C    -1.633362356855E-01  3.354493983408E-01 -2.917165633552E-01
      4 F   6 C     1.633362356855E-01  3.354493983408E-01  2.917165633552E-01
      5 T   6 C    -1.572769970716E-01  1.653384935990E-01 -2.193126476193E-01
      6 F   6 C     1.572769970716E-01  1.653384935990E-01  2.193126476193E-01
      7 T   6 C     1.616976119813E-01 -1.741543119478E-01 -2.389926645327E-01
      8 F   6 C    -1.616976119813E-01 -1.741543119478E-01  2.389926645327E-01
      9 T   6 C     8.496399855851E-02 -3.749945393572E-01  2.489082397845E-01
     10 F   6 C    -8.496399855851E-02 -3.749945393572E-01 -2.489082397845E-01
     11 T   6 C    -8.091704838085E-02  3.775990500929E-01 -3.773893602822E-01
     12 F   6 C     8.091704838085E-02  3.775990500929E-01  3.773893602822E-01
     13 T   6 C    -1.199647835558E-01  7.687834892603E-02 -2.648766106799E-01
     14 F   6 C     1.199647835558E-01  7.687834892603E-02  2.648766106799E-01
     15 T   6 C     1.237775596496E-01 -8.558282556720E-02 -3.672377968508E-01
     16 F   6 C    -1.237775596496E-01 -8.558282556720E-02  3.672377968508E-01
     17 T   6 C     1.225293317394E-01  2.454992107956E-01  2.997937258001E-01
     18 F   6 C    -1.225293317394E-01  2.454992107956E-01 -2.997937258001E-01
     19 T   6 C    -1.253023494112E-01 -2.577581078046E-01  1.944791374852E-01
     20 F   6 C     1.253023494112E-01 -2.577581078046E-01 -1.944791374852E-01
     21 T   6 C     2.538409479661E-01  1.272782195314E-01  3.575589400848E-01
     22 F   6 C    -2.538409479661E-01  1.272782195314E-01 -3.575589400848E-01
     23 T   6 C    -2.529040657134E-01 -1.350255658083E-01  2.873049460975E-01
     24 F   6 C     2.529040657134E-01 -1.350255658083E-01 -2.873049460975E-01
     25 T   6 C    -2.107314943129E-01 -4.603532220951E-02  3.943455642685E-01
     26 F   6 C     2.107314943129E-01 -4.603532220951E-02 -3.943455642685E-01
     27 T   6 C     2.093911585911E-01  4.128239369624E-02  4.642297930874E-01
     28 F   6 C    -2.093911585911E-01  4.128239369624E-02 -4.642297930874E-01
     29 T   6 C     4.062675434935E-02  2.893052022947E-01  4.300717097831E-01
     30 F   6 C    -4.062675434935E-02  2.893052022947E-01 -4.300717097831E-01
     31 T   6 C    -4.869845064946E-02 -2.902244134397E-01 -1.661011677345E-03
     32 F   6 C     4.869845064946E-02 -2.902244134397E-01  1.661011677345E-03
     33 T   6 C    -4.209293764921E-02  2.766940750118E-02 -1.675135792219E-01
     34 F   6 C     4.209293764921E-02  2.766940750118E-02  1.675135792219E-01
     35 T   6 C     4.322661977994E-02 -5.256515282913E-02  4.288163958592E-01
     36 F   6 C    -4.322661977994E-02 -5.256515282913E-02 -4.288163958592E-01
     37 T   6 C     4.596096345330E-01 -4.061694435326E-02 -4.102311130234E-01
     38 F   6 C    -4.596096345330E-01 -4.061694435326E-02  4.102311130234E-01
     39 T   6 C     4.170689448779E-02 -4.548452492978E-01  1.714248845784E-01
     40 F   6 C    -4.170689448779E-02 -4.548452492978E-01 -1.714248845784E-01

 T = ATOM BELONGING TO THE ASYMMETRIC UNIT

 ****    2 SYMMOPS - TRANSLATORS IN FRACTIONAL UNITS
 **** MATRICES AND TRANSLATORS IN THE CRYSTALLOGRAPHIC REFERENCE FRAME
   V INV                    ROTATION MATRICES                   TRANSLATORS
   1   1  1.00  0.00  0.00  0.00  1.00  0.00  0.00  0.00  1.00  0.00  0.00  0.00
   2   2  0.00  1.00 -0.00  1.00 -0.00  0.00  0.00  0.00 -1.00  0.00  0.00  0.00

 DIRECT LATTICE VECTORS CARTESIAN COMPONENTS (ANGSTROM)
          X                    Y                    Z
   0.745617449500E+01   0.739820400000E+01   0.000000000000E+00
  -0.745617449500E+01   0.739820400000E+01   0.000000000000E+00
  -0.636056315262E+00   0.198520089620E-15   0.317907364722E+01


 CARTESIAN COORDINATES - PRIMITIVE CELL
 *******************************************************************************
 *      ATOM          X(ANGSTROM)         Y(ANGSTROM)         Z(ANGSTROM)
 *******************************************************************************
    1     6 C    -4.813496669904E+00  2.354444507217E+00 -1.282142864783E+00
    2     6 C     4.813496669904E+00  2.354444507217E+00  1.282142864783E+00
    3     6 C    -2.250178786867E+00  4.963446161205E+00 -9.273884390212E-01
    4     6 C     2.250178786867E+00  4.963446161205E+00  9.273884390212E-01
    5     6 C    -2.205874273896E+00  2.446415809396E+00 -6.972110585494E-01
    6     6 C     2.205874273896E+00  2.446415809396E+00  6.972110585494E-01
    7     6 C     2.563304014292E+00 -2.576858254539E+00 -7.597752816957E-01
    8     6 C    -2.563304014292E+00 -2.576858254539E+00  7.597752816957E-01
    9     6 C     1.108693140255E+00 -5.548572202101E+00  7.912976256758E-01
   10     6 C    -1.108693140255E+00 -5.548572202101E+00 -7.912976256758E-01
   11     6 C    -9.666223787759E-01  5.587109605587E+00 -1.199748570016E+00
   12     6 C     9.666223787759E-01  5.587109605587E+00  1.199748570016E+00
   13     6 C    -1.620480277906E+00  1.137523417076E+00 -8.420622527784E-01
   14     6 C     1.620480277906E+00  1.137523417076E+00  8.420622527784E-01
   15     6 C     2.079398086515E+00 -1.266318404885E+00 -1.167476002233E+00
   16     6 C    -2.079398086515E+00 -1.266318404885E+00  1.167476002233E+00
   17     6 C     1.636514463838E+00  3.632506486610E+00  9.530663332941E-01
   18     6 C    -1.636514463838E+00  3.632506486610E+00 -9.530663332941E-01
   19     6 C    -1.992252047271E+00 -3.813894128385E+00  6.182635009140E-01
   20     6 C     1.992252047271E+00 -3.813894128385E+00 -6.182635009140E-01
   21     6 C     3.557937182104E+00  1.883260465700E+00  1.136706203753E+00
   22     6 C    -3.557937182104E+00  1.883260465700E+00 -1.136706203753E+00
   23     6 C    -3.318079499018E+00 -1.997893362130E+00 -2.265710064368E+00
   24     6 C     3.318079499018E+00 -1.997893362130E+00  2.265710064368E+00
   25     6 C    -2.757271257665E+00 -6.811574098234E-01 -1.925420055958E+00
   26     6 C     2.757271257665E+00 -6.811574098234E-01  1.925420055958E+00
   27     6 C     2.827237740705E+00  6.108311403462E-01  1.475820701460E+00
   28     6 C    -2.827237740705E+00  6.108311403462E-01 -1.475820701460E+00
   29     6 C     3.322905121656E-01  4.280677809675E+00  1.367229638988E+00
   30     6 C    -3.322905121656E-01  4.280677809675E+00 -1.367229638988E+00
   31     6 C    -7.251517943899E-01 -4.294278832814E+00 -5.280478451178E-03
   32     6 C     7.251517943899E-01 -4.294278832814E+00  5.280478451178E-03
   33     6 C    -5.211565062832E-01  4.094078425057E-01 -5.325380052565E-01
   34     6 C     5.211565062832E-01  4.094078425057E-01  5.325380052565E-01
   35     6 C     3.718590631425E-01 -7.777754478422E-01  1.363238903573E+00
   36     6 C    -3.718590631425E-01 -7.777754478422E-01 -1.363238903573E+00
   37     6 C     6.478733044216E+00 -6.009848803641E-01  1.874918726540E+00
   38     6 C    -6.478733044216E+00 -6.009848803641E-01 -1.874918726540E+00
   39     6 C     5.129118854619E-01 -6.730075885472E+00  5.449723330416E-01
   40     6 C    -5.129118854619E-01 -6.730075885472E+00 -5.449723330416E-01

 *******************************************************************************
 LOCAL ATOMIC FUNCTIONS BASIS SET
 *******************************************************************************
   ATOM   X(AU)   Y(AU)   Z(AU)  N. TYPE  EXPONENT  S COEF   P COEF   D/F/G COEF
 *******************************************************************************
   1 C   -9.096   4.449  -2.423
                                  1 S  
                                         1.358E+04 2.225E-04 0.000E+00 0.000E+00
                                         2.035E+03 1.723E-03 0.000E+00 0.000E+00
                                         4.632E+02 8.926E-03 0.000E+00 0.000E+00
                                         1.312E+02 3.573E-02 0.000E+00 0.000E+00
                                         4.285E+01 1.108E-01 0.000E+00 0.000E+00
                                         1.558E+01 2.430E-01 0.000E+00 0.000E+00
                                  2 S  
                                         6.207E+00 4.144E-01 0.000E+00 0.000E+00
                                         2.576E+00 2.374E-01 0.000E+00 0.000E+00
                                  3 S  
                                         4.941E-01 1.000E+00 0.000E+00 0.000E+00
                                  4 S  
                                         1.644E-01 1.000E+00 0.000E+00 0.000E+00
                           5-     7 P  
                                         3.470E+01 0.000E+00 5.333E-03 0.000E+00
                                         7.958E+00 0.000E+00 3.586E-02 0.000E+00
                                         2.378E+00 0.000E+00 1.422E-01 0.000E+00
                                         8.143E-01 0.000E+00 3.427E-01 0.000E+00
                           8-    10 P  
                                         5.662E-01 0.000E+00 1.000E+00 0.000E+00
                          11-    13 P  
                                         2.674E-01 0.000E+00 1.000E+00 0.000E+00
                          14-    18 D  
                                         8.792E-01 0.000E+00 0.000E+00 1.000E+00
   2 C    9.096   4.449   2.423
   3 C   -4.252   9.380  -1.753
   4 C    4.252   9.380   1.753
   5 C   -4.168   4.623  -1.318
   6 C    4.168   4.623   1.318
   7 C    4.844  -4.870  -1.436
   8 C   -4.844  -4.870   1.436
   9 C    2.095 -10.485   1.495
  10 C   -2.095 -10.485  -1.495
  11 C   -1.827  10.558  -2.267
  12 C    1.827  10.558   2.267
  13 C   -3.062   2.150  -1.591
  14 C    3.062   2.150   1.591
  15 C    3.929  -2.393  -2.206
  16 C   -3.929  -2.393   2.206
  17 C    3.093   6.864   1.801
  18 C   -3.093   6.864  -1.801
  19 C   -3.765  -7.207   1.168
  20 C    3.765  -7.207  -1.168
  21 C    6.724   3.559   2.148
  22 C   -6.724   3.559  -2.148
  23 C   -6.270  -3.775  -4.282
  24 C    6.270  -3.775   4.282
  25 C   -5.210  -1.287  -3.639
  26 C    5.210  -1.287   3.639
  27 C    5.343   1.154   2.789
  28 C   -5.343   1.154  -2.789
  29 C    0.628   8.089   2.584
  30 C   -0.628   8.089  -2.584
  31 C   -1.370  -8.115  -0.010
  32 C    1.370  -8.115   0.010
  33 C   -0.985   0.774  -1.006
  34 C    0.985   0.774   1.006
  35 C    0.703  -1.470   2.576
  36 C   -0.703  -1.470  -2.576
  37 C   12.243  -1.136   3.543
  38 C  -12.243  -1.136  -3.543
  39 C    0.969 -12.718   1.030
  40 C   -0.969 -12.718  -1.030
 INFORMATION **** SET_MPP **** PCRYSTAL CALCULATION
 INFORMATION **** READM2 **** NEW DEFAULT: FOCK/KS MATRIX MIXING SET TO 30 %
 INFORMATION **** READM2 **** NEW DEFAULT: FULL DIRECT SCF MODE
 INFORMATION **** READM2 **** NEW DEFAULT: COULOMB BIPOLAR BUFFER SET TO 32 Mb
 INFORMATION **** READM2 **** NEW DEFAULT: EXCHANGE BIPOLAR BUFFER SET TO 32 Mb

 *******************************************************************************
 NEW DEFAULT: DFT INTEGRATION GRID INCREASED TO XLGRID
 NEW DEFAULT: DIIS ACCELERATOR ACTIVE
 USE KEYWORD NODIIS TO TURN IT OFF
 *******************************************************************************

 INFORMATION **** DFTD3_INPUT **** PERFORM LATEST DISPERSION CORRECTION DFT-D3(BJ) WITH AUTOMATIC PARAMETER SETUP
 PLEASE CITE:
 (1) DFT-D3 Reference
  S. Grimme, J. Antony, S. Ehrlich, and H. Krieg, J. Chem. Phys. 132 (2010), 154104
 (2) BJ-Damping Reference
  S. Grimme, S. Ehrlich, and L. Goerigk, J. Comput. Chem. 32 (2011), 1456-1465
 (3) General DFT-D Review
  S. Grimme, A. Hansen, J. G. Brandenburg, and C. Bannwarth,
  Chem. Rev. 116 (2016), 5105-5154

 INFORMATION **** TOLINTEG **** COULOMB AND EXCHANGE SERIES TOLERANCES MODIFIED
 INFORMATION **** TOLDEE **** SCF TOL ON TOTAL ENERGY SET TO           9
 INFORMATION **** READM2 **** FULL DIRECT SCF (MONO AND BIEL INT) SELECTED
 INFORMATION **** BIPOSIZE **** COULOMB BIPOLAR BUFFER SET TO   110000000
 INFORMATION **** EXCHSIZE **** EXCHANGE BIPOLAR BUFFER SIZE SET TO   110000000
 INFORMATION **** MAXCYCLE **** MAX NUMBER OF SCF CYCLES SET TO         800
 INFORMATION **** DIIS **** DIIS FOR SCF ACTIVE
 INFORMATION **** DIIS **** LEVEL SHIFTER DISABLED
 INFORMATION **** PPAN ****  MULLIKEN POPULATION ANALYSIS AT THE END OF SCF
 *******************************************************************************
 N. OF ATOMS PER CELL        40  COULOMB OVERLAP TOL         (T1) 10**   -8
 NUMBER OF SHELLS           320  COULOMB PENETRATION TOL     (T2) 10**   -8
 NUMBER OF AO               720  EXCHANGE OVERLAP TOL        (T3) 10**   -8
 N. OF ELECTRONS PER CELL   240  EXCHANGE PSEUDO OVP (F(G))  (T4) 10**   -9
 CORE ELECTRONS PER CELL     80  EXCHANGE PSEUDO OVP (P(G))  (T5) 10**  -24
 N. OF SYMMETRY OPERATORS     2  POLE ORDER IN MONO ZONE                  4
 *******************************************************************************
 TYPE OF CALCULATION :  UNRESTRICTED OPEN SHELL
 KOHN-SHAM HAMILTONIAN

 (EXCHANGE)[CORRELATION] FUNCTIONAL:(BECKE 88)[LEE-YANG-PARR]

 NON-LOCAL WEIGHTING FACTOR (EXCHANGE) =           0.9000
 NON-LOCAL WEIGHTING FACTOR [CORRELATION] =        0.8100

 HYBRID EXCHANGE - PERCENTAGE OF FOCK EXCHANGE    20.0000

 SPIN POLARIZED DFT SELECTED

 CAPPA:IS1 15;IS2 15;IS3 15; K PTS MONK NET 904; SYMMOPS:K SPACE   4;G SPACE   2

 *******************************************************************************
 MAX NUMBER OF SCF CYCLES     800  CONVERGENCE ON DELTAP        10**-19
 WEIGHT OF F(I) IN F(I+1)      30% CONVERGENCE ON ENERGY        10**- 9
 SHRINK. FACT.(MONKH.)   15 15 15  NUMBER OF K POINTS IN THE IBZ    904
 SHRINKING FACTOR(GILAT NET)   30  NUMBER OF K POINTS(GILAT NET)   6992
 *******************************************************************************
 *** K POINTS COORDINATES (OBLIQUE COORDINATES IN UNITS OF IS = 15)
   1-R(  0  0  0)   2-C(  1  0  0)   3-C(  2  0  0)   4-C(  3  0  0)
   5-C(  4  0  0)   6-C(  5  0  0)   7-C(  6  0  0)   8-C(  7  0  0)
   9-C(  1  1  0)  10-C(  2  1  0)  11-C(  3  1  0)  12-C(  4  1  0)
  13-C(  5  1  0)  14-C(  6  1  0)  15-C(  7  1  0)  16-C(  8  1  0)
  17-C(  9  1  0)  18-C( 10  1  0)  19-C( 11  1  0)  20-C( 12  1  0)
  21-C( 13  1  0)  22-C( 14  1  0)  23-C(  2  2  0)  24-C(  3  2  0)
  25-C(  4  2  0)  26-C(  5  2  0)  27-C(  6  2  0)  28-C(  7  2  0)
  29-C(  8  2  0)  30-C(  9  2  0)  31-C( 10  2  0)  32-C( 11  2  0)
  33-C( 12  2  0)  34-C( 13  2  0)  35-C(  3  3  0)  36-C(  4  3  0)
  37-C(  5  3  0)  38-C(  6  3  0)  39-C(  7  3  0)  40-C(  8  3  0)
  41-C(  9  3  0)  42-C( 10  3  0)  43-C( 11  3  0)  44-C( 12  3  0)
  45-C(  4  4  0)  46-C(  5  4  0)  47-C(  6  4  0)  48-C(  7  4  0)
  49-C(  8  4  0)  50-C(  9  4  0)  51-C( 10  4  0)  52-C( 11  4  0)
  53-C(  5  5  0)  54-C(  6  5  0)  55-C(  7  5  0)  56-C(  8  5  0)
  57-C(  9  5  0)  58-C( 10  5  0)  59-C(  6  6  0)  60-C(  7  6  0)
  61-C(  8  6  0)  62-C(  9  6  0)  63-C(  7  7  0)  64-C(  8  7  0)
  65-C(  0  0  1)  66-C(  1  0  1)  67-C(  2  0  1)  68-C(  3  0  1)
  69-C(  4  0  1)  70-C(  5  0  1)  71-C(  6  0  1)  72-C(  7  0  1)
  73-C(  8  0  1)  74-C(  9  0  1)  75-C( 10  0  1)  76-C( 11  0  1)
  77-C( 12  0  1)  78-C( 13  0  1)  79-C( 14  0  1)  80-C(  1  1  1)
  81-C(  2  1  1)  82-C(  3  1  1)  83-C(  4  1  1)  84-C(  5  1  1)
  85-C(  6  1  1)  86-C(  7  1  1)  87-C(  8  1  1)  88-C(  9  1  1)
  89-C( 10  1  1)  90-C( 11  1  1)  91-C( 12  1  1)  92-C( 13  1  1)
  93-C( 14  1  1)  94-C(  1  2  1)  95-C(  2  2  1)  96-C(  3  2  1)
  97-C(  4  2  1)  98-C(  5  2  1)  99-C(  6  2  1) 100-C(  7  2  1)
 101-C(  8  2  1) 102-C(  9  2  1) 103-C( 10  2  1) 104-C( 11  2  1)
 105-C( 12  2  1) 106-C( 13  2  1) 107-C(  1  3  1) 108-C(  2  3  1)
 109-C(  3  3  1) 110-C(  4  3  1) 111-C(  5  3  1) 112-C(  6  3  1)
 113-C(  7  3  1) 114-C(  8  3  1) 115-C(  9  3  1) 116-C( 10  3  1)
 117-C( 11  3  1) 118-C( 12  3  1) 119-C(  1  4  1) 120-C(  2  4  1)
 121-C(  3  4  1) 122-C(  4  4  1) 123-C(  5  4  1) 124-C(  6  4  1)
 125-C(  7  4  1) 126-C(  8  4  1) 127-C(  9  4  1) 128-C( 10  4  1)
 129-C( 11  4  1) 130-C(  1  5  1) 131-C(  2  5  1) 132-C(  3  5  1)
 133-C(  4  5  1) 134-C(  5  5  1) 135-C(  6  5  1) 136-C(  7  5  1)
 137-C(  8  5  1) 138-C(  9  5  1) 139-C( 10  5  1) 140-C(  1  6  1)
 141-C(  2  6  1) 142-C(  3  6  1) 143-C(  4  6  1) 144-C(  5  6  1)
 145-C(  6  6  1) 146-C(  7  6  1) 147-C(  8  6  1) 148-C(  9  6  1)
 149-C(  1  7  1) 150-C(  2  7  1) 151-C(  3  7  1) 152-C(  4  7  1)
 153-C(  5  7  1) 154-C(  6  7  1) 155-C(  7  7  1) 156-C(  8  7  1)
 157-C(  1  8  1) 158-C(  2  8  1) 159-C(  3  8  1) 160-C(  4  8  1)
 161-C(  5  8  1) 162-C(  6  8  1) 163-C(  7  8  1) 164-C(  1  9  1)
 165-C(  2  9  1) 166-C(  3  9  1) 167-C(  4  9  1) 168-C(  5  9  1)
 169-C(  6  9  1) 170-C(  1 10  1) 171-C(  2 10  1) 172-C(  3 10  1)
 173-C(  4 10  1) 174-C(  5 10  1) 175-C(  1 11  1) 176-C(  2 11  1)
 177-C(  3 11  1) 178-C(  4 11  1) 179-C(  1 12  1) 180-C(  2 12  1)
 181-C(  3 12  1) 182-C(  1 13  1) 183-C(  2 13  1) 184-C(  1 14  1)
 185-C(  0  0  2) 186-C(  1  0  2) 187-C(  2  0  2) 188-C(  3  0  2)
 189-C(  4  0  2) 190-C(  5  0  2) 191-C(  6  0  2) 192-C(  7  0  2)
 193-C(  8  0  2) 194-C(  9  0  2) 195-C( 10  0  2) 196-C( 11  0  2)
 197-C( 12  0  2) 198-C( 13  0  2) 199-C( 14  0  2) 200-C(  1  1  2)
 201-C(  2  1  2) 202-C(  3  1  2) 203-C(  4  1  2) 204-C(  5  1  2)
 205-C(  6  1  2) 206-C(  7  1  2) 207-C(  8  1  2) 208-C(  9  1  2)
 209-C( 10  1  2) 210-C( 11  1  2) 211-C( 12  1  2) 212-C( 13  1  2)
 213-C( 14  1  2) 214-C(  1  2  2) 215-C(  2  2  2) 216-C(  3  2  2)
 217-C(  4  2  2) 218-C(  5  2  2) 219-C(  6  2  2) 220-C(  7  2  2)
 221-C(  8  2  2) 222-C(  9  2  2) 223-C( 10  2  2) 224-C( 11  2  2)
 225-C( 12  2  2) 226-C( 13  2  2) 227-C(  1  3  2) 228-C(  2  3  2)
 229-C(  3  3  2) 230-C(  4  3  2) 231-C(  5  3  2) 232-C(  6  3  2)
 233-C(  7  3  2) 234-C(  8  3  2) 235-C(  9  3  2) 236-C( 10  3  2)
 237-C( 11  3  2) 238-C( 12  3  2) 239-C(  1  4  2) 240-C(  2  4  2)
 241-C(  3  4  2) 242-C(  4  4  2) 243-C(  5  4  2) 244-C(  6  4  2)
 245-C(  7  4  2) 246-C(  8  4  2) 247-C(  9  4  2) 248-C( 10  4  2)
 249-C( 11  4  2) 250-C(  1  5  2) 251-C(  2  5  2) 252-C(  3  5  2)
 253-C(  4  5  2) 254-C(  5  5  2) 255-C(  6  5  2) 256-C(  7  5  2)
 257-C(  8  5  2) 258-C(  9  5  2) 259-C( 10  5  2) 260-C(  1  6  2)
 261-C(  2  6  2) 262-C(  3  6  2) 263-C(  4  6  2) 264-C(  5  6  2)
 265-C(  6  6  2) 266-C(  7  6  2) 267-C(  8  6  2) 268-C(  9  6  2)
 269-C(  1  7  2) 270-C(  2  7  2) 271-C(  3  7  2) 272-C(  4  7  2)
 273-C(  5  7  2) 274-C(  6  7  2) 275-C(  7  7  2) 276-C(  8  7  2)
 277-C(  1  8  2) 278-C(  2  8  2) 279-C(  3  8  2) 280-C(  4  8  2)
 281-C(  5  8  2) 282-C(  6  8  2) 283-C(  7  8  2) 284-C(  1  9  2)
 285-C(  2  9  2) 286-C(  3  9  2) 287-C(  4  9  2) 288-C(  5  9  2)
 289-C(  6  9  2) 290-C(  1 10  2) 291-C(  2 10  2) 292-C(  3 10  2)
 293-C(  4 10  2) 294-C(  5 10  2) 295-C(  1 11  2) 296-C(  2 11  2)
 297-C(  3 11  2) 298-C(  4 11  2) 299-C(  1 12  2) 300-C(  2 12  2)
 301-C(  3 12  2) 302-C(  1 13  2) 303-C(  2 13  2) 304-C(  1 14  2)
 305-C(  0  0  3) 306-C(  1  0  3) 307-C(  2  0  3) 308-C(  3  0  3)
 309-C(  4  0  3) 310-C(  5  0  3) 311-C(  6  0  3) 312-C(  7  0  3)
 313-C(  8  0  3) 314-C(  9  0  3) 315-C( 10  0  3) 316-C( 11  0  3)
 317-C( 12  0  3) 318-C( 13  0  3) 319-C( 14  0  3) 320-C(  1  1  3)
 321-C(  2  1  3) 322-C(  3  1  3) 323-C(  4  1  3) 324-C(  5  1  3)
 325-C(  6  1  3) 326-C(  7  1  3) 327-C(  8  1  3) 328-C(  9  1  3)
 329-C( 10  1  3) 330-C( 11  1  3) 331-C( 12  1  3) 332-C( 13  1  3)
 333-C( 14  1  3) 334-C(  1  2  3) 335-C(  2  2  3) 336-C(  3  2  3)
 337-C(  4  2  3) 338-C(  5  2  3) 339-C(  6  2  3) 340-C(  7  2  3)
 341-C(  8  2  3) 342-C(  9  2  3) 343-C( 10  2  3) 344-C( 11  2  3)
 345-C( 12  2  3) 346-C( 13  2  3) 347-C(  1  3  3) 348-C(  2  3  3)
 349-C(  3  3  3) 350-C(  4  3  3) 351-C(  5  3  3) 352-C(  6  3  3)
 353-C(  7  3  3) 354-C(  8  3  3) 355-C(  9  3  3) 356-C( 10  3  3)
 357-C( 11  3  3) 358-C( 12  3  3) 359-C(  1  4  3) 360-C(  2  4  3)
 361-C(  3  4  3) 362-C(  4  4  3) 363-C(  5  4  3) 364-C(  6  4  3)
 365-C(  7  4  3) 366-C(  8  4  3) 367-C(  9  4  3) 368-C( 10  4  3)
 369-C( 11  4  3) 370-C(  1  5  3) 371-C(  2  5  3) 372-C(  3  5  3)
 373-C(  4  5  3) 374-C(  5  5  3) 375-C(  6  5  3) 376-C(  7  5  3)
 377-C(  8  5  3) 378-C(  9  5  3) 379-C( 10  5  3) 380-C(  1  6  3)
 381-C(  2  6  3) 382-C(  3  6  3) 383-C(  4  6  3) 384-C(  5  6  3)
 385-C(  6  6  3) 386-C(  7  6  3) 387-C(  8  6  3) 388-C(  9  6  3)
 389-C(  1  7  3) 390-C(  2  7  3) 391-C(  3  7  3) 392-C(  4  7  3)
 393-C(  5  7  3) 394-C(  6  7  3) 395-C(  7  7  3) 396-C(  8  7  3)
 397-C(  1  8  3) 398-C(  2  8  3) 399-C(  3  8  3) 400-C(  4  8  3)
 401-C(  5  8  3) 402-C(  6  8  3) 403-C(  7  8  3) 404-C(  1  9  3)
 405-C(  2  9  3) 406-C(  3  9  3) 407-C(  4  9  3) 408-C(  5  9  3)
 409-C(  6  9  3) 410-C(  1 10  3) 411-C(  2 10  3) 412-C(  3 10  3)
 413-C(  4 10  3) 414-C(  5 10  3) 415-C(  1 11  3) 416-C(  2 11  3)
 417-C(  3 11  3) 418-C(  4 11  3) 419-C(  1 12  3) 420-C(  2 12  3)
 421-C(  3 12  3) 422-C(  1 13  3) 423-C(  2 13  3) 424-C(  1 14  3)
 425-C(  0  0  4) 426-C(  1  0  4) 427-C(  2  0  4) 428-C(  3  0  4)
 429-C(  4  0  4) 430-C(  5  0  4) 431-C(  6  0  4) 432-C(  7  0  4)
 433-C(  8  0  4) 434-C(  9  0  4) 435-C( 10  0  4) 436-C( 11  0  4)
 437-C( 12  0  4) 438-C( 13  0  4) 439-C( 14  0  4) 440-C(  1  1  4)
 441-C(  2  1  4) 442-C(  3  1  4) 443-C(  4  1  4) 444-C(  5  1  4)
 445-C(  6  1  4) 446-C(  7  1  4) 447-C(  8  1  4) 448-C(  9  1  4)
 449-C( 10  1  4) 450-C( 11  1  4) 451-C( 12  1  4) 452-C( 13  1  4)
 453-C( 14  1  4) 454-C(  1  2  4) 455-C(  2  2  4) 456-C(  3  2  4)
 457-C(  4  2  4) 458-C(  5  2  4) 459-C(  6  2  4) 460-C(  7  2  4)
 461-C(  8  2  4) 462-C(  9  2  4) 463-C( 10  2  4) 464-C( 11  2  4)
 465-C( 12  2  4) 466-C( 13  2  4) 467-C(  1  3  4) 468-C(  2  3  4)
 469-C(  3  3  4) 470-C(  4  3  4) 471-C(  5  3  4) 472-C(  6  3  4)
 473-C(  7  3  4) 474-C(  8  3  4) 475-C(  9  3  4) 476-C( 10  3  4)
 477-C( 11  3  4) 478-C( 12  3  4) 479-C(  1  4  4) 480-C(  2  4  4)
 481-C(  3  4  4) 482-C(  4  4  4) 483-C(  5  4  4) 484-C(  6  4  4)
 485-C(  7  4  4) 486-C(  8  4  4) 487-C(  9  4  4) 488-C( 10  4  4)
 489-C( 11  4  4) 490-C(  1  5  4) 491-C(  2  5  4) 492-C(  3  5  4)
 493-C(  4  5  4) 494-C(  5  5  4) 495-C(  6  5  4) 496-C(  7  5  4)
 497-C(  8  5  4) 498-C(  9  5  4) 499-C( 10  5  4) 500-C(  1  6  4)
 501-C(  2  6  4) 502-C(  3  6  4) 503-C(  4  6  4) 504-C(  5  6  4)
 505-C(  6  6  4) 506-C(  7  6  4) 507-C(  8  6  4) 508-C(  9  6  4)
 509-C(  1  7  4) 510-C(  2  7  4) 511-C(  3  7  4) 512-C(  4  7  4)
 513-C(  5  7  4) 514-C(  6  7  4) 515-C(  7  7  4) 516-C(  8  7  4)
 517-C(  1  8  4) 518-C(  2  8  4) 519-C(  3  8  4) 520-C(  4  8  4)
 521-C(  5  8  4) 522-C(  6  8  4) 523-C(  7  8  4) 524-C(  1  9  4)
 525-C(  2  9  4) 526-C(  3  9  4) 527-C(  4  9  4) 528-C(  5  9  4)
 529-C(  6  9  4) 530-C(  1 10  4) 531-C(  2 10  4) 532-C(  3 10  4)
 533-C(  4 10  4) 534-C(  5 10  4) 535-C(  1 11  4) 536-C(  2 11  4)
 537-C(  3 11  4) 538-C(  4 11  4) 539-C(  1 12  4) 540-C(  2 12  4)
 541-C(  3 12  4) 542-C(  1 13  4) 543-C(  2 13  4) 544-C(  1 14  4)
 545-C(  0  0  5) 546-C(  1  0  5) 547-C(  2  0  5) 548-C(  3  0  5)
 549-C(  4  0  5) 550-C(  5  0  5) 551-C(  6  0  5) 552-C(  7  0  5)
 553-C(  8  0  5) 554-C(  9  0  5) 555-C( 10  0  5) 556-C( 11  0  5)
 557-C( 12  0  5) 558-C( 13  0  5) 559-C( 14  0  5) 560-C(  1  1  5)
 561-C(  2  1  5) 562-C(  3  1  5) 563-C(  4  1  5) 564-C(  5  1  5)
 565-C(  6  1  5) 566-C(  7  1  5) 567-C(  8  1  5) 568-C(  9  1  5)
 569-C( 10  1  5) 570-C( 11  1  5) 571-C( 12  1  5) 572-C( 13  1  5)
 573-C( 14  1  5) 574-C(  1  2  5) 575-C(  2  2  5) 576-C(  3  2  5)
 577-C(  4  2  5) 578-C(  5  2  5) 579-C(  6  2  5) 580-C(  7  2  5)
 581-C(  8  2  5) 582-C(  9  2  5) 583-C( 10  2  5) 584-C( 11  2  5)
 585-C( 12  2  5) 586-C( 13  2  5) 587-C(  1  3  5) 588-C(  2  3  5)
 589-C(  3  3  5) 590-C(  4  3  5) 591-C(  5  3  5) 592-C(  6  3  5)
 593-C(  7  3  5) 594-C(  8  3  5) 595-C(  9  3  5) 596-C( 10  3  5)
 597-C( 11  3  5) 598-C( 12  3  5) 599-C(  1  4  5) 600-C(  2  4  5)
 601-C(  3  4  5) 602-C(  4  4  5) 603-C(  5  4  5) 604-C(  6  4  5)
 605-C(  7  4  5) 606-C(  8  4  5) 607-C(  9  4  5) 608-C( 10  4  5)
 609-C( 11  4  5) 610-C(  1  5  5) 611-C(  2  5  5) 612-C(  3  5  5)
 613-C(  4  5  5) 614-C(  5  5  5) 615-C(  6  5  5) 616-C(  7  5  5)
 617-C(  8  5  5) 618-C(  9  5  5) 619-C( 10  5  5) 620-C(  1  6  5)
 621-C(  2  6  5) 622-C(  3  6  5) 623-C(  4  6  5) 624-C(  5  6  5)
 625-C(  6  6  5) 626-C(  7  6  5) 627-C(  8  6  5) 628-C(  9  6  5)
 629-C(  1  7  5) 630-C(  2  7  5) 631-C(  3  7  5) 632-C(  4  7  5)
 633-C(  5  7  5) 634-C(  6  7  5) 635-C(  7  7  5) 636-C(  8  7  5)
 637-C(  1  8  5) 638-C(  2  8  5) 639-C(  3  8  5) 640-C(  4  8  5)
 641-C(  5  8  5) 642-C(  6  8  5) 643-C(  7  8  5) 644-C(  1  9  5)
 645-C(  2  9  5) 646-C(  3  9  5) 647-C(  4  9  5) 648-C(  5  9  5)
 649-C(  6  9  5) 650-C(  1 10  5) 651-C(  2 10  5) 652-C(  3 10  5)
 653-C(  4 10  5) 654-C(  5 10  5) 655-C(  1 11  5) 656-C(  2 11  5)
 657-C(  3 11  5) 658-C(  4 11  5) 659-C(  1 12  5) 660-C(  2 12  5)
 661-C(  3 12  5) 662-C(  1 13  5) 663-C(  2 13  5) 664-C(  1 14  5)
 665-C(  0  0  6) 666-C(  1  0  6) 667-C(  2  0  6) 668-C(  3  0  6)
 669-C(  4  0  6) 670-C(  5  0  6) 671-C(  6  0  6) 672-C(  7  0  6)
 673-C(  8  0  6) 674-C(  9  0  6) 675-C( 10  0  6) 676-C( 11  0  6)
 677-C( 12  0  6) 678-C( 13  0  6) 679-C( 14  0  6) 680-C(  1  1  6)
 681-C(  2  1  6) 682-C(  3  1  6) 683-C(  4  1  6) 684-C(  5  1  6)
 685-C(  6  1  6) 686-C(  7  1  6) 687-C(  8  1  6) 688-C(  9  1  6)
 689-C( 10  1  6) 690-C( 11  1  6) 691-C( 12  1  6) 692-C( 13  1  6)
 693-C( 14  1  6) 694-C(  1  2  6) 695-C(  2  2  6) 696-C(  3  2  6)
 697-C(  4  2  6) 698-C(  5  2  6) 699-C(  6  2  6) 700-C(  7  2  6)
 701-C(  8  2  6) 702-C(  9  2  6) 703-C( 10  2  6) 704-C( 11  2  6)
 705-C( 12  2  6) 706-C( 13  2  6) 707-C(  1  3  6) 708-C(  2  3  6)
 709-C(  3  3  6) 710-C(  4  3  6) 711-C(  5  3  6) 712-C(  6  3  6)
 713-C(  7  3  6) 714-C(  8  3  6) 715-C(  9  3  6) 716-C( 10  3  6)
 717-C( 11  3  6) 718-C( 12  3  6) 719-C(  1  4  6) 720-C(  2  4  6)
 721-C(  3  4  6) 722-C(  4  4  6) 723-C(  5  4  6) 724-C(  6  4  6)
 725-C(  7  4  6) 726-C(  8  4  6) 727-C(  9  4  6) 728-C( 10  4  6)
 729-C( 11  4  6) 730-C(  1  5  6) 731-C(  2  5  6) 732-C(  3  5  6)
 733-C(  4  5  6) 734-C(  5  5  6) 735-C(  6  5  6) 736-C(  7  5  6)
 737-C(  8  5  6) 738-C(  9  5  6) 739-C( 10  5  6) 740-C(  1  6  6)
 741-C(  2  6  6) 742-C(  3  6  6) 743-C(  4  6  6) 744-C(  5  6  6)
 745-C(  6  6  6) 746-C(  7  6  6) 747-C(  8  6  6) 748-C(  9  6  6)
 749-C(  1  7  6) 750-C(  2  7  6) 751-C(  3  7  6) 752-C(  4  7  6)
 753-C(  5  7  6) 754-C(  6  7  6) 755-C(  7  7  6) 756-C(  8  7  6)
 757-C(  1  8  6) 758-C(  2  8  6) 759-C(  3  8  6) 760-C(  4  8  6)
 761-C(  5  8  6) 762-C(  6  8  6) 763-C(  7  8  6) 764-C(  1  9  6)
 765-C(  2  9  6) 766-C(  3  9  6) 767-C(  4  9  6) 768-C(  5  9  6)
 769-C(  6  9  6) 770-C(  1 10  6) 771-C(  2 10  6) 772-C(  3 10  6)
 773-C(  4 10  6) 774-C(  5 10  6) 775-C(  1 11  6) 776-C(  2 11  6)
 777-C(  3 11  6) 778-C(  4 11  6) 779-C(  1 12  6) 780-C(  2 12  6)
 781-C(  3 12  6) 782-C(  1 13  6) 783-C(  2 13  6) 784-C(  1 14  6)
 785-C(  0  0  7) 786-C(  1  0  7) 787-C(  2  0  7) 788-C(  3  0  7)
 789-C(  4  0  7) 790-C(  5  0  7) 791-C(  6  0  7) 792-C(  7  0  7)
 793-C(  8  0  7) 794-C(  9  0  7) 795-C( 10  0  7) 796-C( 11  0  7)
 797-C( 12  0  7) 798-C( 13  0  7) 799-C( 14  0  7) 800-C(  1  1  7)
 801-C(  2  1  7) 802-C(  3  1  7) 803-C(  4  1  7) 804-C(  5  1  7)
 805-C(  6  1  7) 806-C(  7  1  7) 807-C(  8  1  7) 808-C(  9  1  7)
 809-C( 10  1  7) 810-C( 11  1  7) 811-C( 12  1  7) 812-C( 13  1  7)
 813-C( 14  1  7) 814-C(  1  2  7) 815-C(  2  2  7) 816-C(  3  2  7)
 817-C(  4  2  7) 818-C(  5  2  7) 819-C(  6  2  7) 820-C(  7  2  7)
 821-C(  8  2  7) 822-C(  9  2  7) 823-C( 10  2  7) 824-C( 11  2  7)
 825-C( 12  2  7) 826-C( 13  2  7) 827-C(  1  3  7) 828-C(  2  3  7)
 829-C(  3  3  7) 830-C(  4  3  7) 831-C(  5  3  7) 832-C(  6  3  7)
 833-C(  7  3  7) 834-C(  8  3  7) 835-C(  9  3  7) 836-C( 10  3  7)
 837-C( 11  3  7) 838-C( 12  3  7) 839-C(  1  4  7) 840-C(  2  4  7)
 841-C(  3  4  7) 842-C(  4  4  7) 843-C(  5  4  7) 844-C(  6  4  7)
 845-C(  7  4  7) 846-C(  8  4  7) 847-C(  9  4  7) 848-C( 10  4  7)
 849-C( 11  4  7) 850-C(  1  5  7) 851-C(  2  5  7) 852-C(  3  5  7)
 853-C(  4  5  7) 854-C(  5  5  7) 855-C(  6  5  7) 856-C(  7  5  7)
 857-C(  8  5  7) 858-C(  9  5  7) 859-C( 10  5  7) 860-C(  1  6  7)
 861-C(  2  6  7) 862-C(  3  6  7) 863-C(  4  6  7) 864-C(  5  6  7)
 865-C(  6  6  7) 866-C(  7  6  7) 867-C(  8  6  7) 868-C(  9  6  7)
 869-C(  1  7  7) 870-C(  2  7  7) 871-C(  3  7  7) 872-C(  4  7  7)
 873-C(  5  7  7) 874-C(  6  7  7) 875-C(  7  7  7) 876-C(  8  7  7)
 877-C(  1  8  7) 878-C(  2  8  7) 879-C(  3  8  7) 880-C(  4  8  7)
 881-C(  5  8  7) 882-C(  6  8  7) 883-C(  7  8  7) 884-C(  1  9  7)
 885-C(  2  9  7) 886-C(  3  9  7) 887-C(  4  9  7) 888-C(  5  9  7)
 889-C(  6  9  7) 890-C(  1 10  7) 891-C(  2 10  7) 892-C(  3 10  7)
 893-C(  4 10  7) 894-C(  5 10  7) 895-C(  1 11  7) 896-C(  2 11  7)
 897-C(  3 11  7) 898-C(  4 11  7) 899-C(  1 12  7) 900-C(  2 12  7)
 901-C(  3 12  7) 902-C(  1 13  7) 903-C(  2 13  7) 904-C(  1 14  7)

 DIRECT LATTICE VECTORS COMPON. (A.U.)     RECIP. LATTICE VECTORS COMPON. (A.U.) 
        X            Y            Z              X            Y            Z
   14.0901278   13.9805794    0.0000000      0.2229641    0.2247112    0.0446098
  -14.0901278   13.9805794    0.0000000     -0.2229641    0.2247112   -0.0446098
   -1.2019722    0.0000000    6.0075786      0.0000000    0.0000000    1.0458765

 DISK SPACE FOR EIGENVECTORS (FTN 10)   936748800 REALS

 SYMMETRY ADAPTION OF THE BLOCH FUNCTIONS ENABLED
 TTTTTTTTTTTTTTTTTTTTTTTTTTTTTT gordsh1     TELAPSE        2.41 TCPU        0.91

 MATRIX SIZE: P(G) 3088040, F(G)  353373, P(G) IRR  778221, F(G) IRR  178736
 MAX G-VECTOR INDEX FOR 1- AND 2-ELECTRON INTEGRALS 207

 TTTTTTTTTTTTTTTTTTTTTTTTTTTTTT INPUT       TELAPSE        2.50 TCPU        0.99

 NEIGHBORS OF THE NON-EQUIVALENT ATOMS

 N = NUMBER OF NEIGHBORS AT DISTANCE R
    ATOM  N     R/ANG      R/AU   NEIGHBORS (ATOM LABELS AND CELL INDICES)
   1 C    1     1.3489     2.5491   22 C    0 0 0
   1 C    1     1.5111     2.8556    9 C    0 1-1
   1 C    1     1.5415     2.9131   20 C    0 1 0
   1 C    1     2.4046     4.5441   32 C    0 1-1
   1 C    1     2.4282     4.5886   32 C    0 1 0
   1 C    1     2.5228     4.7675    7 C    0 1 0

   3 C    1     1.3260     2.5057   24 C    0 1-1
   3 C    1     1.4528     2.7454   11 C    0 0 0
   3 C    1     1.4658     2.7700   18 C    0 0 0
   3 C    1     2.0828     3.9359   30 C    0 0 0
   3 C    1     2.5279     4.7771    5 C    0 0 0
   3 C    1     2.5431     4.8058   26 C    0 1-1

   5 C    1     1.3403     2.5328   18 C    0 0 0
   5 C    1     1.4411     2.7233   13 C    0 0 0
   5 C    1     1.5292     2.8897   22 C    0 0 0
   5 C    1     2.0885     3.9466   28 C    0 0 0
   5 C    1     2.5279     4.7771    3 C    0 0 0
   5 C    1     2.6485     5.0050   33 C    0 0 0

   7 C    1     1.3698     2.5886   20 C    0 0 0
   7 C    1     1.4553     2.7501   15 C    0 0 0
   7 C    1     1.5143     2.8617   24 C    0 0-1
   7 C    1     2.1276     4.0205   26 C    0 0-1
   7 C    1     2.5228     4.7675    1 C    0-1 0
   7 C    1     2.6022     4.9174   35 C    0 0-1

   9 C    1     1.3460     2.5435   39 C    0 0 0
   9 C    1     1.5111     2.8556    1 C    0-1 1
   9 C    1     1.5291     2.8896   32 C    0 0 0
   9 C    1     2.3602     4.4602   31 C    0 0 0
   9 C    1     2.4035     4.5419   20 C    0 0 0
   9 C    1     2.4106     4.5554   40 C    0 0 0

  11 C    1     1.3661     2.5815   37 C    0 1-1
  11 C    1     1.4528     2.7454    3 C    0 0 0
  11 C    1     1.4619     2.7626   30 C    0 0 0
  11 C    1     2.0809     3.9323   18 C    0 0 0
  11 C    1     2.3874     4.5115   38 C    1 0 0
  11 C    1     2.4136     4.5611   29 C    0 0-1

  13 C    1     1.3544     2.5595   33 C    0 0 0
  13 C    1     1.4411     2.7233    5 C    0 0 0
  13 C    1     1.4613     2.7614   28 C    0 0 0
  13 C    1     2.0968     3.9624   22 C    0 0 0
  13 C    1     2.3450     4.4314   36 C    0 0 0
  13 C    1     2.4028     4.5407   25 C    0 0 0

  15 C    1     1.3443     2.5403   35 C    0 0-1
  15 C    1     1.4409     2.7229   26 C    0 0-1
  15 C    1     1.4553     2.7501    7 C    0 0 0
  15 C    1     2.0284     3.8331   24 C    0 0-1
  15 C    1     2.3929     4.5219   27 C    0 0-1
  15 C    1     2.4179     4.5691   34 C    0 0-1

  17 C    1     1.3403     2.5328    6 C    0 0 0
  17 C    1     1.4658     2.7700    4 C    0 0 0
  17 C    1     1.5142     2.8613   29 C    0 0 0
  17 C    1     2.0809     3.9323   12 C    0 0 0
  17 C    1     2.4975     4.7196   14 C    0 0 0
  17 C    1     2.5704     4.8573   23 C    1 0 1

  19 C    1     1.3698     2.5886    8 C    0 0 0
  19 C    1     1.4917     2.8189   31 C    0 0 0
  19 C    1     1.5415     2.9131    2 C   -1 0 0
  19 C    1     2.4035     4.5419   10 C    0 0 0
  19 C    1     2.4903     4.7060   10 C    0 0 1
  19 C    1     2.6067     4.9260   21 C   -1 0 0

  21 C    1     1.3489     2.5491    2 C    0 0 0
  21 C    1     1.5060     2.8459   27 C    0 0 0
  21 C    1     1.5292     2.8897    6 C    0 0 0
  21 C    1     2.0968     3.9624   14 C    0 0 0
  21 C    1     2.4907     4.7068   10 C    1 0 1
  21 C    1     2.6049     4.9225   17 C    0 0 0

  23 C    1     1.3260     2.5057    4 C   -1 0-1
  23 C    1     1.4711     2.7800   25 C    0 0 0
  23 C    1     1.5143     2.8617    8 C    0 0-1
  23 C    1     2.0284     3.8331   16 C    0 0-1
  23 C    1     2.5584     4.8346   12 C   -1 0-1
  23 C    1     2.5704     4.8573   17 C   -1 0-1

  25 C    1     1.3698     2.5885   28 C    0 0 0
  25 C    1     1.4409     2.7229   16 C    0 0-1
  25 C    1     1.4711     2.7800   23 C    0 0 0
  25 C    1     2.1276     4.0205    8 C    0 0-1
  25 C    1     2.4028     4.5407   13 C    0 0 0
  25 C    1     2.4527     4.6349   36 C    0 0 0

  27 C    1     1.3698     2.5885   26 C    0 0 0
  27 C    1     1.4613     2.7614   14 C    0 0 0
  27 C    1     1.5060     2.8459   21 C    0 0 0
  27 C    1     2.0885     3.9466    6 C    0 0 0
  27 C    1     2.3929     4.5219   15 C    0 0 1
  27 C    1     2.4997     4.7237   34 C    0 0 0

  29 C    1     1.3745     2.5975   30 C    0 0 1
  29 C    1     1.4619     2.7626   12 C    0 0 0
  29 C    1     1.5142     2.8613   17 C    0 0 0
  29 C    1     2.0828     3.9359    4 C    0 0 0
  29 C    1     2.4136     4.5611   11 C    0 0 1
  29 C    1     2.5173     4.7571   38 C    1 0 1

  31 C    1     1.4503     2.7407   32 C    0 0 0
  31 C    1     1.4917     2.8189   19 C    0 0 0
  31 C    1     1.5291     2.8896   10 C    0 0 0
  31 C    1     2.3602     4.4602    9 C    0 0 0
  31 C    1     2.4046     4.5441    2 C   -1 0-1
  31 C    1     2.4282     4.5886    2 C   -1 0 0

  33 C    1     1.3544     2.5595   13 C    0 0 0
  33 C    1     1.4566     2.7526   36 C    0 0 0
  33 C    1     1.4902     2.8161   34 C    0 0 0
  33 C    1     2.3226     4.3890   35 C    0 0-1
  33 C    1     2.4085     4.5514   35 C    0 0 0
  33 C    1     2.4179     4.5691   16 C    0 0-1

  35 C    1     1.3443     2.5403   15 C    0 0 1
  35 C    1     1.4521     2.7441   36 C    0 0 1
  35 C    1     1.4566     2.7526   34 C    0 0 0
  35 C    1     2.3226     4.3890   33 C    0 0 1
  35 C    1     2.3450     4.4314   14 C    0 0 0
  35 C    1     2.4085     4.5514   33 C    0 0 0

  37 C    1     1.3661     2.5815   11 C    0-1 1
  37 C    1     1.4370     2.7156   38 C    1-1 1
  37 C    1     1.4888     2.8134   40 C    1 0 1
  37 C    1     2.3665     4.4721   39 C    1 0 0
  37 C    1     2.3874     4.5115   12 C    0-1 0
  37 C    1     2.3999     4.5352   39 C    1 0 1

  39 C    1     1.3460     2.5435    9 C    0 0 0
  39 C    1     1.4888     2.8134   38 C    0-1 1
  39 C    1     1.4968     2.8285   40 C    0 0 0
  39 C    1     2.3665     4.4721   37 C   -1 0 0
  39 C    1     2.3999     4.5352   37 C   -1 0-1
  39 C    1     2.4106     4.5554   10 C    0 0 0


 SYMMETRY ALLOWED INTERNAL DEGREE(S) OF FREEDOM:  59
 TTTTTTTTTTTTTTTTTTTTTTTTTTTTTT SYMM        TELAPSE        2.57 TCPU        1.05
 TTTTTTTTTTTTTTTTTTTTTTTTTTTTTT INT_SCREEN  TELAPSE        2.59 TCPU        1.06

 DFT PARAMETERS

     ATOM       ELECTRONS   NET CHARGE   R(ANGSTROM)
   1   6  C       6.0000      0.0000     0.77000000

 SIZE OF GRID=     611591
 TTTTTTTTTTTTTTTTTTTTTTTTTTTTTT MAKE_GRID2  TELAPSE        4.67 TCPU        3.14
 BECKE WEIGHT FUNCTION
 RADSAFE =     2.00
 TOLERANCES - DENSITY:10**- 6; POTENTIAL:10**- 9; GRID WGT:10**-14

 RADIAL INTEGRATION  - INTERVALS (POINTS,UPPER LIMIT):            1( 75,  4.0*R)

 ANGULAR INTEGRATION - INTERVALS (ACCURACY LEVEL [N. POINTS] UPPER LIMIT):
  1(  4[  86]   0.2)  2(  8[ 194]   0.5)  3( 12[ 350]   0.9)  4( 16[ 974]   3.5)
  5( 12[ 350]9999.0)
 TTTTTTTTTTTTTTTTTTTTTTTTTTTTTT INT_CALC    TELAPSE        4.70 TCPU        3.16
 EEEEEEEEEE INT_CALC TERMINATION  DATE 24 01 2026 TIME 22:22:27.9

 *******************************************************************************
 ./3^5T15-CA_rev1_sp_B3LYP-D3-D3_optimized                                       
 CRYSTAL - SCF - TYPE OF CALCULATION :  UNRESTRICTED OPEN SHELL
 *******************************************************************************

 CAPPA:IS1 15;IS2 15;IS3 15; K PTS MONK NET 904; SYMMOPS:K SPACE   4;G SPACE   2

 TTTTTTTTTTTTTTTTTTTTTTTTTTTTTT SDIK        TELAPSE       19.08 TCPU       17.50

 AAAAAAAAAAAAAAAAAAAAAAAAAAAAAAAAAAAAAAAAAAAAAAAAAAAAAAAAAAAAAAAAAAAAAAAAAAAAAAA
         ATOMIC WAVEFUNCTION(S)


 NUCLEAR CHARGE  6.0  SYMMETRY SPECIES            S    P
 N. ELECTRONS    6.0  NUMBER OF PRIMITIVE GTOS   10    6
                      NUMBER OF CONTRACTED GTOS   4    3
                      NUMBER OF CLOSED SHELLS     2    0
                      OPEN SHELL OCCUPATION       0    2

  ZNUC  SCFIT    TOTAL HF ENERGY   KINETIC ENERGY   VIRIAL THEOREM ACCURACY
   6.0    10    -3.766702350E+01  3.783137943E+01 -1.995655566E+00  1.6E-06

 AAAAAAAAAAAAAAAAAAAAAAAAAAAAAAAAAAAAAAAAAAAAAAAAAAAAAAAAAAAAAAAAAAAAAAAAAAAAAAA

 CHARGE NORMALIZATION FACTOR   1.00000000
 TOTAL ATOMIC CHARGES:
   6.0000000   6.0000000   6.0000000   6.0000000   6.0000000   6.0000000
   6.0000000   6.0000000   6.0000000   6.0000000   6.0000000   6.0000000
   6.0000000   6.0000000   6.0000000   6.0000000   6.0000000   6.0000000
   6.0000000   6.0000000   6.0000000   6.0000000   6.0000000   6.0000000
   6.0000000   6.0000000   6.0000000   6.0000000   6.0000000   6.0000000
   6.0000000   6.0000000   6.0000000   6.0000000   6.0000000   6.0000000
   6.0000000   6.0000000   6.0000000   6.0000000
 SUMMED SPIN DENSITY           0.00000000
 TOTAL ATOMIC SPINS  :
   0.0000000   0.0000000   0.0000000   0.0000000   0.0000000   0.0000000
   0.0000000   0.0000000   0.0000000   0.0000000   0.0000000   0.0000000
   0.0000000   0.0000000   0.0000000   0.0000000   0.0000000   0.0000000
   0.0000000   0.0000000   0.0000000   0.0000000   0.0000000   0.0000000
   0.0000000   0.0000000   0.0000000   0.0000000   0.0000000   0.0000000
   0.0000000   0.0000000   0.0000000   0.0000000   0.0000000   0.0000000
   0.0000000   0.0000000   0.0000000   0.0000000
 TTTTTTTTTTTTTTTTTTTTTTTTTTTTTT MOQGAD      TELAPSE       19.10 TCPU       17.52
 TTTTTTTTTTTTTTTTTTTTTTTTTTTTTT SHELLXN     TELAPSE       99.63 TCPU       98.02
 TTTTTTTTTTTTTTTTTTTTTTTTTTTTTT MONMO3      TELAPSE       99.94 TCPU       98.33
 NUMERICALLY INTEGRATED DENSITY    119.9999896181    119.9999896181
 TTTTTTTTTTTTTTTTTTTTTTTTTTTTTT NUMDFT      TELAPSE      101.42 TCPU       99.81
 CYC   0 ETOT(AU) -1.535000215170E+03 DETOT -1.54E+03 tst  0.00E+00 PX  1.00E+00
 TTTTTTTTTTTTTTTTTTTTTTTTTTTTTT DIIS        TELAPSE      103.55 TCPU      101.31
 TTTTTTTTTTTTTTTTTTTTTTTTTTTTTT FDIK        TELAPSE      453.80 TCPU      448.15

    ALPHA      ELECTRONS
 INSULATING STATE
 TOP OF VALENCE BANDS -    BAND    120; K  325; EIG -1.8043286E-01 AU
 TOP OF VALENCE BANDS -    BAND    120; K    1; EIG -1.8169701E-01 AU
 BOTTOM OF VIRTUAL BANDS - BAND    121; K  830; EIG -1.7081551E-01 AU
 INDIRECT ENERGY BAND GAP:   0.2617 eV
 BOTTOM OF VIRTUAL BANDS - BAND    121; K    1; EIG -1.6947325E-01 AU

    BETA       ELECTRONS
 INSULATING STATE
 TOP OF VALENCE BANDS -    BAND    120; K  325; EIG -1.8043286E-01 AU
 TOP OF VALENCE BANDS -    BAND    120; K    1; EIG -1.8169701E-01 AU
 BOTTOM OF VIRTUAL BANDS - BAND    121; K  830; EIG -1.7081551E-01 AU
 INDIRECT ENERGY BAND GAP:   0.2617 eV
 BOTTOM OF VIRTUAL BANDS - BAND    121; K    1; EIG -1.6947325E-01 AU
 TTTTTTTTTTTTTTTTTTTTTTTTTTTTTT PDIG        TELAPSE      461.95 TCPU      455.69
 CHARGE NORMALIZATION FACTOR   1.00000000
 TOTAL ATOMIC CHARGES:
   5.9924504   5.9924504   6.0507370   6.0507370   6.0426883   6.0426883
   5.9279045   5.9279045   6.0322912   6.0322912   6.0165584   6.0165584
   6.0415290   6.0415290   6.0494083   6.0494083   5.9480781   5.9480781
   5.9949382   5.9949382   5.9588112   5.9588112   6.0067617   6.0067617
   6.0148832   6.0148832   5.9990994   5.9990994   5.9774899   5.9774899
   5.8987068   5.8987068   5.9479537   5.9479537   6.0196823   6.0196823
   6.0054793   6.0054793   6.0745492   6.0745492
 SUMMED SPIN DENSITY          -0.00000000
 TOTAL ATOMIC SPINS  :
  -0.0000000  -0.0000000   0.0000000   0.0000000   0.0000000   0.0000000
  -0.0000000  -0.0000000   0.0000000   0.0000000   0.0000000   0.0000000
  -0.0000000  -0.0000000   0.0000000   0.0000000  -0.0000000  -0.0000000
   0.0000000   0.0000000  -0.0000000  -0.0000000  -0.0000000  -0.0000000
   0.0000000   0.0000000   0.0000000   0.0000000  -0.0000000  -0.0000000
  -0.0000000  -0.0000000   0.0000000   0.0000000  -0.0000000  -0.0000000
  -0.0000000  -0.0000000  -0.0000000  -0.0000000
 TTTTTTTTTTTTTTTTTTTTTTTTTTTTTT MOQGAD      TELAPSE      461.96 TCPU      455.71
 TTTTTTTTTTTTTTTTTTTTTTTTTTTTTT SHELLXN     TELAPSE      546.35 TCPU      540.05
 TTTTTTTTTTTTTTTTTTTTTTTTTTTTTT MONMO3      TELAPSE      546.65 TCPU      540.36
 NUMERICALLY INTEGRATED DENSITY    119.9999903204    119.9999903204
 TTTTTTTTTTTTTTTTTTTTTTTTTTTTTT NUMDFT      TELAPSE      548.19 TCPU      541.89
 CYC   1 ETOT(AU) -1.522703660148E+03 DETOT  1.23E+01 tst  0.00E+00 PX  1.00E+00
 TTTTTTTTTTTTTTTTTTTTTTTTTTTTTT DIIS        TELAPSE      550.15 TCPU      543.33
 DIIS TEST: 0.11400E+01 AT SCF   CYCLE   1 - MIX   30 %
 TTTTTTTTTTTTTTTTTTTTTTTTTTTTTT FDIK        TELAPSE      642.48 TCPU      634.01

    ALPHA      ELECTRONS
 INSULATING STATE
 TOP OF VALENCE BANDS -    BAND    120; K  748; EIG -1.4185462E-01 AU
 TOP OF VALENCE BANDS -    BAND    120; K    1; EIG -1.4489988E-01 AU
 BOTTOM OF VIRTUAL BANDS - BAND    121; K  184; EIG -1.3458983E-01 AU
 INDIRECT ENERGY BAND GAP:   0.1977 eV
 BOTTOM OF VIRTUAL BANDS - BAND    121; K    1; EIG -1.3411584E-01 AU

    BETA       ELECTRONS
 INSULATING STATE
 TOP OF VALENCE BANDS -    BAND    120; K  748; EIG -1.4185462E-01 AU
 TOP OF VALENCE BANDS -    BAND    120; K    1; EIG -1.4489988E-01 AU
 BOTTOM OF VIRTUAL BANDS - BAND    121; K  184; EIG -1.3458983E-01 AU
 INDIRECT ENERGY BAND GAP:   0.1977 eV
 BOTTOM OF VIRTUAL BANDS - BAND    121; K    1; EIG -1.3411584E-01 AU
 TTTTTTTTTTTTTTTTTTTTTTTTTTTTTT PDIG        TELAPSE      650.11 TCPU      641.35
 CHARGE NORMALIZATION FACTOR   1.00000000
 TOTAL ATOMIC CHARGES:
   6.0736513   6.0736513   5.8953981   5.8953981   6.0129036   6.0129036
   5.9818335   5.9818335   6.0812200   6.0812200   5.9004257   5.9004257
   5.9204221   5.9204221   5.9524627   5.9524627   5.9396574   5.9396574
   6.1615719   6.1615719   5.9540774   5.9540774   5.9984855   5.9984855
   5.9257189   5.9257189   6.0049645   6.0049645   6.0236492   6.0236492
   6.2966189   6.2966189   6.0687440   6.0687440   6.0362320   6.0362320
   5.9226518   5.9226518   5.8493116   5.8493116
 SUMMED SPIN DENSITY          -0.00000000
 TOTAL ATOMIC SPINS  :
   0.0000000   0.0000000   0.0000000   0.0000000   0.0000000   0.0000000
  -0.0000000  -0.0000000  -0.0000000  -0.0000000  -0.0000000  -0.0000000
  -0.0000000  -0.0000000   0.0000000   0.0000000  -0.0000000  -0.0000000
  -0.0000000  -0.0000000  -0.0000000  -0.0000000  -0.0000000  -0.0000000
  -0.0000000  -0.0000000   0.0000000   0.0000000  -0.0000000  -0.0000000
   0.0000000   0.0000000   0.0000000   0.0000000  -0.0000000  -0.0000000
   0.0000000   0.0000000  -0.0000000  -0.0000000
 TTTTTTTTTTTTTTTTTTTTTTTTTTTTTT MOQGAD      TELAPSE      650.12 TCPU      641.37
 TTTTTTTTTTTTTTTTTTTTTTTTTTTTTT SHELLXN     TELAPSE      734.60 TCPU      725.73
 TTTTTTTTTTTTTTTTTTTTTTTTTTTTTT MONMO3      TELAPSE      734.90 TCPU      726.04
 NUMERICALLY INTEGRATED DENSITY    119.9999875418    119.9999875418
 TTTTTTTTTTTTTTTTTTTTTTTTTTTTTT NUMDFT      TELAPSE      736.46 TCPU      727.59
 CYC   2 ETOT(AU) -1.522605510457E+03 DETOT  9.81E-02 tst  5.67E-03 PX  1.25E-01
 TTTTTTTTTTTTTTTTTTTTTTTTTTTTTT DIIS        TELAPSE      738.42 TCPU      728.73
 DIIS TEST: 0.45267E+01 AT SCF   CYCLE   2 - DIIS ACTIVE - HISTORY:     2 CYCLES
 TTTTTTTTTTTTTTTTTTTTTTTTTTTTTT FDIK        TELAPSE      821.69 TCPU      810.86

    ALPHA      ELECTRONS
 INSULATING STATE
 TOP OF VALENCE BANDS -    BAND    120; K  636; EIG -1.1211657E-01 AU
 TOP OF VALENCE BANDS -    BAND    120; K    1; EIG -1.1241135E-01 AU
 BOTTOM OF VIRTUAL BANDS - BAND    121; K  816; EIG -8.6935054E-02 AU
 INDIRECT ENERGY BAND GAP:   0.6852 eV
 BOTTOM OF VIRTUAL BANDS - BAND    121; K    1; EIG -8.3551628E-02 AU

    BETA       ELECTRONS
 INSULATING STATE
 TOP OF VALENCE BANDS -    BAND    120; K  636; EIG -1.1211657E-01 AU
 TOP OF VALENCE BANDS -    BAND    120; K    1; EIG -1.1241135E-01 AU
 BOTTOM OF VIRTUAL BANDS - BAND    121; K  816; EIG -8.6935054E-02 AU
 INDIRECT ENERGY BAND GAP:   0.6852 eV
 BOTTOM OF VIRTUAL BANDS - BAND    121; K    1; EIG -8.3551628E-02 AU
 TTTTTTTTTTTTTTTTTTTTTTTTTTTTTT PDIG        TELAPSE      829.35 TCPU      818.37
 CHARGE NORMALIZATION FACTOR   1.00000000
 TOTAL ATOMIC CHARGES:
   5.9502574   5.9502574   6.0100915   6.0100915   6.0045530   6.0045530
   5.9947850   5.9947850   5.9135419   5.9135419   6.0346963   6.0346963
   5.9976395   5.9976395   5.9200920   5.9200920   6.0246902   6.0246902
   5.9539921   5.9539921   6.0211068   6.0211068   6.0021973   6.0021973
   6.0256754   6.0256754   6.0416049   6.0416049   6.0719262   6.0719262
   5.9312595   5.9312595   6.0302895   6.0302895   5.9728775   5.9728775
   6.0649498   6.0649498   6.0337743   6.0337743
 SUMMED SPIN DENSITY          -0.00000000
 TOTAL ATOMIC SPINS  :
  -0.0000000  -0.0000000   0.0000000   0.0000000   0.0000000   0.0000000
   0.0000000   0.0000000   0.0000000   0.0000000  -0.0000000  -0.0000000
  -0.0000000  -0.0000000   0.0000000   0.0000000  -0.0000000  -0.0000000
  -0.0000000  -0.0000000   0.0000000   0.0000000  -0.0000000  -0.0000000
  -0.0000000  -0.0000000   0.0000000   0.0000000  -0.0000000  -0.0000000
  -0.0000000  -0.0000000   0.0000000   0.0000000  -0.0000000  -0.0000000
   0.0000000   0.0000000  -0.0000000  -0.0000000
 TTTTTTTTTTTTTTTTTTTTTTTTTTTTTT MOQGAD      TELAPSE      829.37 TCPU      818.39
 TTTTTTTTTTTTTTTTTTTTTTTTTTTTTT SHELLXN     TELAPSE      913.88 TCPU      902.79
 TTTTTTTTTTTTTTTTTTTTTTTTTTTTTT MONMO3      TELAPSE      914.19 TCPU      903.09
 NUMERICALLY INTEGRATED DENSITY    119.9999877599    119.9999877599
 TTTTTTTTTTTTTTTTTTTTTTTTTTTTTT NUMDFT      TELAPSE      915.74 TCPU      904.64
 CYC   3 ETOT(AU) -1.522745517019E+03 DETOT -1.40E-01 tst  6.49E-03 PX  7.37E-02
 TTTTTTTTTTTTTTTTTTTTTTTTTTTTTT DIIS        TELAPSE      917.76 TCPU      905.98
 DIIS TEST: 0.16559E+01 AT SCF   CYCLE   3 - DIIS ACTIVE - HISTORY:     3 CYCLES
 TTTTTTTTTTTTTTTTTTTTTTTTTTTTTT FDIK        TELAPSE     1010.23 TCPU      986.27

    ALPHA      ELECTRONS
 INSULATING STATE
 TOP OF VALENCE BANDS -    BAND    120; K  756; EIG -1.2905659E-01 AU
 TOP OF VALENCE BANDS -    BAND    120; K    1; EIG -1.3279013E-01 AU
 BOTTOM OF VIRTUAL BANDS - BAND    121; K  830; EIG -1.0132581E-01 AU
 INDIRECT ENERGY BAND GAP:   0.7546 eV
 BOTTOM OF VIRTUAL BANDS - BAND    121; K    1; EIG -9.8919565E-02 AU

    BETA       ELECTRONS
 INSULATING STATE
 TOP OF VALENCE BANDS -    BAND    120; K  756; EIG -1.2905659E-01 AU
 TOP OF VALENCE BANDS -    BAND    120; K    1; EIG -1.3279013E-01 AU
 BOTTOM OF VIRTUAL BANDS - BAND    121; K  830; EIG -1.0132581E-01 AU
 INDIRECT ENERGY BAND GAP:   0.7546 eV
 BOTTOM OF VIRTUAL BANDS - BAND    121; K    1; EIG -9.8919565E-02 AU
 TTTTTTTTTTTTTTTTTTTTTTTTTTTTTT PDIG        TELAPSE     1017.82 TCPU      993.67
 CHARGE NORMALIZATION FACTOR   1.00000000
 TOTAL ATOMIC CHARGES:
   6.0232474   6.0232474   5.9737713   5.9737713   6.0253657   6.0253657
   5.9601604   5.9601604   6.0280511   6.0280511   5.9764513   5.9764513
   5.9884733   5.9884733   6.0396000   6.0396000   5.9071791   5.9071791
   6.0114839   6.0114839   5.9452032   5.9452032   6.0274087   6.0274087
   6.0226323   6.0226323   6.0148708   6.0148708   5.9383020   5.9383020
   5.9923408   5.9923408   5.9830384   5.9830384   6.0399642   6.0399642
   6.0419094   6.0419094   6.0605468   6.0605468
 SUMMED SPIN DENSITY          -0.00000000
 TOTAL ATOMIC SPINS  :
  -0.0000000  -0.0000000   0.0000000   0.0000000   0.0000000   0.0000000
   0.0000000   0.0000000   0.0000000   0.0000000  -0.0000000  -0.0000000
  -0.0000000  -0.0000000   0.0000000   0.0000000  -0.0000000  -0.0000000
  -0.0000000  -0.0000000  -0.0000000  -0.0000000  -0.0000000  -0.0000000
  -0.0000000  -0.0000000   0.0000000   0.0000000  -0.0000000  -0.0000000
  -0.0000000  -0.0000000   0.0000000   0.0000000  -0.0000000  -0.0000000
   0.0000000   0.0000000  -0.0000000  -0.0000000
 TTTTTTTTTTTTTTTTTTTTTTTTTTTTTT MOQGAD      TELAPSE     1017.83 TCPU      993.68
 TTTTTTTTTTTTTTTTTTTTTTTTTTTTTT SHELLXN     TELAPSE     1102.26 TCPU     1077.99
 TTTTTTTTTTTTTTTTTTTTTTTTTTTTTT MONMO3      TELAPSE     1102.56 TCPU     1078.30
 NUMERICALLY INTEGRATED DENSITY    119.9999873402    119.9999873402
 TTTTTTTTTTTTTTTTTTTTTTTTTTTTTT NUMDFT      TELAPSE     1104.10 TCPU     1079.84
 CYC   4 ETOT(AU) -1.522806743778E+03 DETOT -6.12E-02 tst  1.02E-03 PX  4.13E-02
 TTTTTTTTTTTTTTTTTTTTTTTTTTTTTT DIIS        TELAPSE     1106.40 TCPU     1081.05
 DIIS TEST: 0.42182E+00 AT SCF   CYCLE   4 - DIIS ACTIVE - HISTORY:     4 CYCLES
 TTTTTTTTTTTTTTTTTTTTTTTTTTTTTT FDIK        TELAPSE     1184.72 TCPU     1157.56

    ALPHA      ELECTRONS
 INSULATING STATE
 TOP OF VALENCE BANDS -    BAND    120; K  756; EIG -1.3125383E-01 AU
 TOP OF VALENCE BANDS -    BAND    120; K    1; EIG -1.3404252E-01 AU
 BOTTOM OF VIRTUAL BANDS - BAND    121; K  816; EIG -1.0415115E-01 AU
 INDIRECT ENERGY BAND GAP:   0.7375 eV
 BOTTOM OF VIRTUAL BANDS - BAND    121; K    1; EIG -1.0173068E-01 AU

    BETA       ELECTRONS
 INSULATING STATE
 TOP OF VALENCE BANDS -    BAND    120; K  756; EIG -1.3125383E-01 AU
 TOP OF VALENCE BANDS -    BAND    120; K    1; EIG -1.3404252E-01 AU
 BOTTOM OF VIRTUAL BANDS - BAND    121; K  816; EIG -1.0415115E-01 AU
 INDIRECT ENERGY BAND GAP:   0.7375 eV
 BOTTOM OF VIRTUAL BANDS - BAND    121; K    1; EIG -1.0173068E-01 AU
 TTTTTTTTTTTTTTTTTTTTTTTTTTTTTT PDIG        TELAPSE     1192.28 TCPU     1165.04
 CHARGE NORMALIZATION FACTOR   1.00000000
 TOTAL ATOMIC CHARGES:
   6.0050445   6.0050445   6.0124679   6.0124679   6.0358351   6.0358351
   5.9491900   5.9491900   6.0315136   6.0315136   5.9977754   5.9977754
   6.0163455   6.0163455   6.0031227   6.0031227   5.9717559   5.9717559
   6.0329888   6.0329888   5.9615502   5.9615502   5.9915173   5.9915173
   5.9848580   5.9848580   6.0021158   6.0021158   6.0254582   6.0254582
   6.0084814   6.0084814   5.9968714   5.9968714   6.0192327   6.0192327
   5.9668937   5.9668937   5.9869819   5.9869819
 SUMMED SPIN DENSITY          -0.00000000
 TOTAL ATOMIC SPINS  :
   0.0000000   0.0000000   0.0000000   0.0000000   0.0000000   0.0000000
   0.0000000   0.0000000   0.0000000   0.0000000  -0.0000000  -0.0000000
  -0.0000000  -0.0000000   0.0000000   0.0000000  -0.0000000  -0.0000000
  -0.0000000  -0.0000000  -0.0000000  -0.0000000   0.0000000   0.0000000
  -0.0000000  -0.0000000   0.0000000   0.0000000   0.0000000   0.0000000
  -0.0000000  -0.0000000   0.0000000   0.0000000  -0.0000000  -0.0000000
   0.0000000   0.0000000  -0.0000000  -0.0000000
 TTTTTTTTTTTTTTTTTTTTTTTTTTTTTT MOQGAD      TELAPSE     1192.30 TCPU     1165.06
 TTTTTTTTTTTTTTTTTTTTTTTTTTTTTT SHELLXN     TELAPSE     1276.79 TCPU     1249.44
 TTTTTTTTTTTTTTTTTTTTTTTTTTTTTT MONMO3      TELAPSE     1277.09 TCPU     1249.75
 NUMERICALLY INTEGRATED DENSITY    119.9999878779    119.9999878779
 TTTTTTTTTTTTTTTTTTTTTTTTTTTTTT NUMDFT      TELAPSE     1278.64 TCPU     1251.29
 CYC   5 ETOT(AU) -1.522822717776E+03 DETOT -1.60E-02 tst  1.93E-04 PX  1.91E-02
 TTTTTTTTTTTTTTTTTTTTTTTTTTTTTT DIIS        TELAPSE     1280.25 TCPU     1252.67
 DIIS TEST: 0.85323E-01 AT SCF   CYCLE   5 - DIIS ACTIVE - HISTORY:     5 CYCLES
 TTTTTTTTTTTTTTTTTTTTTTTTTTTTTT FDIK        TELAPSE     1364.98 TCPU     1335.60

    ALPHA      ELECTRONS
 INSULATING STATE
 TOP OF VALENCE BANDS -    BAND    120; K  756; EIG -1.3489820E-01 AU
 TOP OF VALENCE BANDS -    BAND    120; K    1; EIG -1.3850898E-01 AU
 BOTTOM OF VIRTUAL BANDS - BAND    121; K  816; EIG -1.0554679E-01 AU
 INDIRECT ENERGY BAND GAP:   0.7987 eV
 BOTTOM OF VIRTUAL BANDS - BAND    121; K    1; EIG -1.0430207E-01 AU

    BETA       ELECTRONS
 INSULATING STATE
 TOP OF VALENCE BANDS -    BAND    120; K  756; EIG -1.3489820E-01 AU
 TOP OF VALENCE BANDS -    BAND    120; K    1; EIG -1.3850898E-01 AU
 BOTTOM OF VIRTUAL BANDS - BAND    121; K  816; EIG -1.0554679E-01 AU
 INDIRECT ENERGY BAND GAP:   0.7987 eV
 BOTTOM OF VIRTUAL BANDS - BAND    121; K    1; EIG -1.0430207E-01 AU
 TTTTTTTTTTTTTTTTTTTTTTTTTTTTTT PDIG        TELAPSE     1372.62 TCPU     1342.94
 CHARGE NORMALIZATION FACTOR   1.00000000
 TOTAL ATOMIC CHARGES:
   6.0129830   6.0129830   5.9876604   5.9876604   6.0113222   6.0113222
   5.9599392   5.9599392   6.0021069   6.0021069   5.9914668   5.9914668
   5.9830704   5.9830704   5.9821191   5.9821191   5.9590963   5.9590963
   6.0365686   6.0365686   5.9673954   5.9673954   6.0011066   6.0011066
   5.9985799   5.9985799   6.0178854   6.0178854   6.0075774   6.0075774
   6.0304135   6.0304135   6.0055515   6.0055515   6.0019066   6.0019066
   6.0281534   6.0281534   6.0150975   6.0150975
 SUMMED SPIN DENSITY          -0.00000000
 TOTAL ATOMIC SPINS  :
   0.0000000   0.0000000  -0.0000000  -0.0000000   0.0000000   0.0000000
   0.0000000   0.0000000   0.0000000   0.0000000  -0.0000000  -0.0000000
  -0.0000000  -0.0000000   0.0000000   0.0000000  -0.0000000  -0.0000000
  -0.0000000  -0.0000000   0.0000000   0.0000000   0.0000000   0.0000000
  -0.0000000  -0.0000000  -0.0000000  -0.0000000   0.0000000   0.0000000
   0.0000000   0.0000000   0.0000000   0.0000000  -0.0000000  -0.0000000
   0.0000000   0.0000000  -0.0000000  -0.0000000
 TTTTTTTTTTTTTTTTTTTTTTTTTTTTTT MOQGAD      TELAPSE     1372.64 TCPU     1342.96
 TTTTTTTTTTTTTTTTTTTTTTTTTTTTTT SHELLXN     TELAPSE     1457.07 TCPU     1427.27
 TTTTTTTTTTTTTTTTTTTTTTTTTTTTTT MONMO3      TELAPSE     1457.37 TCPU     1427.57
 NUMERICALLY INTEGRATED DENSITY    119.9999878117    119.9999878117
 TTTTTTTTTTTTTTTTTTTTTTTTTTTTTT NUMDFT      TELAPSE     1458.91 TCPU     1429.12
 CYC   6 ETOT(AU) -1.522824957219E+03 DETOT -2.24E-03 tst  6.44E-05 PX  1.13E-02
 TTTTTTTTTTTTTTTTTTTTTTTTTTTTTT DIIS        TELAPSE     1460.90 TCPU     1430.33
 DIIS TEST: 0.34357E-01 AT SCF   CYCLE   6 - DIIS ACTIVE - HISTORY:     6 CYCLES
 TTTTTTTTTTTTTTTTTTTTTTTTTTTTTT FDIK        TELAPSE     1535.49 TCPU     1502.48

    ALPHA      ELECTRONS
 INSULATING STATE
 TOP OF VALENCE BANDS -    BAND    120; K  756; EIG -1.3360309E-01 AU
 TOP OF VALENCE BANDS -    BAND    120; K    1; EIG -1.3643334E-01 AU
 BOTTOM OF VIRTUAL BANDS - BAND    121; K  816; EIG -1.0460060E-01 AU
 INDIRECT ENERGY BAND GAP:   0.7892 eV
 BOTTOM OF VIRTUAL BANDS - BAND    121; K    1; EIG -1.0160727E-01 AU

    BETA       ELECTRONS
 INSULATING STATE
 TOP OF VALENCE BANDS -    BAND    120; K  756; EIG -1.3360309E-01 AU
 TOP OF VALENCE BANDS -    BAND    120; K    1; EIG -1.3643334E-01 AU
 BOTTOM OF VIRTUAL BANDS - BAND    121; K  816; EIG -1.0460060E-01 AU
 INDIRECT ENERGY BAND GAP:   0.7892 eV
 BOTTOM OF VIRTUAL BANDS - BAND    121; K    1; EIG -1.0160727E-01 AU
 TTTTTTTTTTTTTTTTTTTTTTTTTTTTTT PDIG        TELAPSE     1543.13 TCPU     1510.02
 CHARGE NORMALIZATION FACTOR   1.00000000
 TOTAL ATOMIC CHARGES:
   5.9977263   5.9977263   5.9785564   5.9785564   6.0270510   6.0270510
   5.9747389   5.9747389   6.0023596   6.0023596   5.9823857   5.9823857
   5.9933366   5.9933366   5.9941483   5.9941483   5.9535652   5.9535652
   6.0165823   6.0165823   5.9727448   5.9727448   6.0108426   6.0108426
   6.0021819   6.0021819   6.0168373   6.0168373   6.0063724   6.0063724
   6.0120684   6.0120684   6.0198779   6.0198779   6.0273298   6.0273298
   6.0083690   6.0083690   6.0029256   6.0029256
 SUMMED SPIN DENSITY          -0.00000000
 TOTAL ATOMIC SPINS  :
   0.0000000   0.0000000  -0.0000000  -0.0000000  -0.0000000  -0.0000000
  -0.0000000  -0.0000000   0.0000000   0.0000000  -0.0000000  -0.0000000
  -0.0000000  -0.0000000   0.0000000   0.0000000  -0.0000000  -0.0000000
  -0.0000000  -0.0000000   0.0000000   0.0000000   0.0000000   0.0000000
  -0.0000000  -0.0000000   0.0000000   0.0000000   0.0000000   0.0000000
   0.0000000   0.0000000   0.0000000   0.0000000  -0.0000000  -0.0000000
   0.0000000   0.0000000  -0.0000000  -0.0000000
 TTTTTTTTTTTTTTTTTTTTTTTTTTTTTT MOQGAD      TELAPSE     1543.14 TCPU     1510.04
 TTTTTTTTTTTTTTTTTTTTTTTTTTTTTT SHELLXN     TELAPSE     1627.65 TCPU     1594.47
 TTTTTTTTTTTTTTTTTTTTTTTTTTTTTT MONMO3      TELAPSE     1627.96 TCPU     1594.78
 NUMERICALLY INTEGRATED DENSITY    119.9999877254    119.9999877254
 TTTTTTTTTTTTTTTTTTTTTTTTTTTTTT NUMDFT      TELAPSE     1629.50 TCPU     1596.33
 CYC   7 ETOT(AU) -1.522825414643E+03 DETOT -4.57E-04 tst  6.97E-05 PX  6.62E-03
 TTTTTTTTTTTTTTTTTTTTTTTTTTTTTT DIIS        TELAPSE     1631.35 TCPU     1597.73
 DIIS TEST: 0.26990E-01 AT SCF   CYCLE   7 - DIIS ACTIVE - HISTORY:     7 CYCLES
 TTTTTTTTTTTTTTTTTTTTTTTTTTTTTT FDIK        TELAPSE     1709.90 TCPU     1669.63

    ALPHA      ELECTRONS
 INSULATING STATE
 TOP OF VALENCE BANDS -    BAND    120; K  756; EIG -1.3366261E-01 AU
 TOP OF VALENCE BANDS -    BAND    120; K    1; EIG -1.3698739E-01 AU
 BOTTOM OF VIRTUAL BANDS - BAND    121; K  816; EIG -1.0395184E-01 AU
 INDIRECT ENERGY BAND GAP:   0.8085 eV
 BOTTOM OF VIRTUAL BANDS - BAND    121; K    1; EIG -1.0164345E-01 AU

    BETA       ELECTRONS
 INSULATING STATE
 TOP OF VALENCE BANDS -    BAND    120; K  756; EIG -1.3366261E-01 AU
 TOP OF VALENCE BANDS -    BAND    120; K    1; EIG -1.3698739E-01 AU
 BOTTOM OF VIRTUAL BANDS - BAND    121; K  816; EIG -1.0395184E-01 AU
 INDIRECT ENERGY BAND GAP:   0.8085 eV
 BOTTOM OF VIRTUAL BANDS - BAND    121; K    1; EIG -1.0164345E-01 AU
 TTTTTTTTTTTTTTTTTTTTTTTTTTTTTT PDIG        TELAPSE     1717.42 TCPU     1677.12
 CHARGE NORMALIZATION FACTOR   1.00000000
 TOTAL ATOMIC CHARGES:
   6.0102965   6.0102965   5.9929032   5.9929032   6.0243236   6.0243236
   5.9611934   5.9611934   6.0131143   6.0131143   5.9890005   5.9890005
   5.9942517   5.9942517   5.9925444   5.9925444   5.9596288   5.9596288
   6.0251049   6.0251049   5.9656194   5.9656194   6.0051058   6.0051058
   6.0007657   6.0007657   6.0152875   6.0152875   6.0065909   6.0065909
   6.0122965   6.0122965   6.0003788   6.0003788   6.0147103   6.0147103
   6.0077357   6.0077357   6.0091482   6.0091482
 SUMMED SPIN DENSITY          -0.00000000
 TOTAL ATOMIC SPINS  :
   0.0000000   0.0000000  -0.0000000  -0.0000000  -0.0000000  -0.0000000
  -0.0000000  -0.0000000   0.0000000   0.0000000  -0.0000000  -0.0000000
  -0.0000000  -0.0000000   0.0000000   0.0000000   0.0000000   0.0000000
  -0.0000000  -0.0000000   0.0000000   0.0000000   0.0000000   0.0000000
  -0.0000000  -0.0000000   0.0000000   0.0000000   0.0000000   0.0000000
   0.0000000   0.0000000   0.0000000   0.0000000  -0.0000000  -0.0000000
   0.0000000   0.0000000  -0.0000000  -0.0000000
 TTTTTTTTTTTTTTTTTTTTTTTTTTTTTT MOQGAD      TELAPSE     1717.44 TCPU     1677.14
 TTTTTTTTTTTTTTTTTTTTTTTTTTTTTT SHELLXN     TELAPSE     1801.87 TCPU     1761.44
 TTTTTTTTTTTTTTTTTTTTTTTTTTTTTT MONMO3      TELAPSE     1802.18 TCPU     1761.74
 NUMERICALLY INTEGRATED DENSITY    119.9999877520    119.9999877520
 TTTTTTTTTTTTTTTTTTTTTTTTTTTTTT NUMDFT      TELAPSE     1803.78 TCPU     1763.34
 CYC   8 ETOT(AU) -1.522826784824E+03 DETOT -1.37E-03 tst  1.62E-05 PX  4.37E-03
 TTTTTTTTTTTTTTTTTTTTTTTTTTTTTT DIIS        TELAPSE     1805.76 TCPU     1764.20
 DIIS TEST: 0.12045E-02 AT SCF   CYCLE   8 - DIIS ACTIVE - HISTORY:     8 CYCLES
 TTTTTTTTTTTTTTTTTTTTTTTTTTTTTT FDIK        TELAPSE     1889.50 TCPU     1846.35

    ALPHA      ELECTRONS
 INSULATING STATE
 TOP OF VALENCE BANDS -    BAND    120; K  756; EIG -1.3389829E-01 AU
 TOP OF VALENCE BANDS -    BAND    120; K    1; EIG -1.3716566E-01 AU
 BOTTOM OF VIRTUAL BANDS - BAND    121; K  816; EIG -1.0388888E-01 AU
 INDIRECT ENERGY BAND GAP:   0.8166 eV
 BOTTOM OF VIRTUAL BANDS - BAND    121; K    1; EIG -1.0146241E-01 AU

    BETA       ELECTRONS
 INSULATING STATE
 TOP OF VALENCE BANDS -    BAND    120; K  756; EIG -1.3389829E-01 AU
 TOP OF VALENCE BANDS -    BAND    120; K    1; EIG -1.3716566E-01 AU
 BOTTOM OF VIRTUAL BANDS - BAND    121; K  816; EIG -1.0388888E-01 AU
 INDIRECT ENERGY BAND GAP:   0.8166 eV
 BOTTOM OF VIRTUAL BANDS - BAND    121; K    1; EIG -1.0146241E-01 AU
 TTTTTTTTTTTTTTTTTTTTTTTTTTTTTT PDIG        TELAPSE     1897.84 TCPU     1854.09
 CHARGE NORMALIZATION FACTOR   1.00000000
 TOTAL ATOMIC CHARGES:
   6.0063326   6.0063326   5.9915739   5.9915739   6.0221587   6.0221587
   5.9597345   5.9597345   6.0094061   6.0094061   5.9911451   5.9911451
   5.9953491   5.9953491   5.9943755   5.9943755   5.9578470   5.9578470
   6.0261520   6.0261520   5.9642494   5.9642494   6.0011761   6.0011761
   5.9978554   5.9978554   6.0127485   6.0127485   6.0079762   6.0079762
   6.0143721   6.0143721   6.0069485   6.0069485   6.0184948   6.0184948
   6.0107392   6.0107392   6.0113653   6.0113653
 SUMMED SPIN DENSITY          -0.00000000
 TOTAL ATOMIC SPINS  :
  -0.0000000  -0.0000000   0.0000000   0.0000000   0.0000000   0.0000000
  -0.0000000  -0.0000000  -0.0000000  -0.0000000  -0.0000000  -0.0000000
  -0.0000000  -0.0000000   0.0000000   0.0000000   0.0000000   0.0000000
  -0.0000000  -0.0000000   0.0000000   0.0000000  -0.0000000  -0.0000000
  -0.0000000  -0.0000000   0.0000000   0.0000000   0.0000000   0.0000000
   0.0000000   0.0000000   0.0000000   0.0000000  -0.0000000  -0.0000000
   0.0000000   0.0000000  -0.0000000  -0.0000000
 TTTTTTTTTTTTTTTTTTTTTTTTTTTTTT MOQGAD      TELAPSE     1897.86 TCPU     1854.10
 TTTTTTTTTTTTTTTTTTTTTTTTTTTTTT SHELLXN     TELAPSE     1982.36 TCPU     1938.51
 TTTTTTTTTTTTTTTTTTTTTTTTTTTTTT MONMO3      TELAPSE     1982.67 TCPU     1938.82
 NUMERICALLY INTEGRATED DENSITY    119.9999877648    119.9999877648
 TTTTTTTTTTTTTTTTTTTTTTTTTTTTTT NUMDFT      TELAPSE     1984.21 TCPU     1940.36
 CYC   9 ETOT(AU) -1.522826805719E+03 DETOT -2.09E-05 tst  8.82E-07 PX  1.38E-03
 TTTTTTTTTTTTTTTTTTTTTTTTTTTTTT DIIS        TELAPSE     1985.84 TCPU     1941.66
 DIIS TEST: 0.84863E-03 AT SCF   CYCLE   9 - DIIS ACTIVE - HISTORY:     9 CYCLES
 TTTTTTTTTTTTTTTTTTTTTTTTTTTTTT FDIK        TELAPSE     2059.50 TCPU     2014.01

    ALPHA      ELECTRONS
 INSULATING STATE
 TOP OF VALENCE BANDS -    BAND    120; K  756; EIG -1.3387117E-01 AU
 TOP OF VALENCE BANDS -    BAND    120; K    1; EIG -1.3707643E-01 AU
 BOTTOM OF VIRTUAL BANDS - BAND    121; K  816; EIG -1.0395348E-01 AU
 INDIRECT ENERGY BAND GAP:   0.8141 eV
 BOTTOM OF VIRTUAL BANDS - BAND    121; K    1; EIG -1.0154249E-01 AU

    BETA       ELECTRONS
 INSULATING STATE
 TOP OF VALENCE BANDS -    BAND    120; K  756; EIG -1.3387117E-01 AU
 TOP OF VALENCE BANDS -    BAND    120; K    1; EIG -1.3707643E-01 AU
 BOTTOM OF VIRTUAL BANDS - BAND    121; K  816; EIG -1.0395348E-01 AU
 INDIRECT ENERGY BAND GAP:   0.8141 eV
 BOTTOM OF VIRTUAL BANDS - BAND    121; K    1; EIG -1.0154249E-01 AU
 TTTTTTTTTTTTTTTTTTTTTTTTTTTTTT PDIG        TELAPSE     2067.00 TCPU     2021.49
 CHARGE NORMALIZATION FACTOR   1.00000000
 TOTAL ATOMIC CHARGES:
   6.0064104   6.0064104   5.9905846   5.9905846   6.0237688   6.0237688
   5.9625682   5.9625682   6.0099922   6.0099922   5.9897045   5.9897045
   5.9952021   5.9952021   5.9943791   5.9943791   5.9573468   5.9573468
   6.0261231   6.0261231   5.9673457   5.9673457   6.0046709   6.0046709
   6.0000555   6.0000555   6.0152487   6.0152487   6.0070989   6.0070989
   6.0133080   6.0133080   6.0041633   6.0041633   6.0142055   6.0142055
   6.0091514   6.0091514   6.0086722   6.0086722
 SUMMED SPIN DENSITY          -0.00000000
 TOTAL ATOMIC SPINS  :
   0.0000000   0.0000000   0.0000000   0.0000000  -0.0000000  -0.0000000
   0.0000000   0.0000000  -0.0000000  -0.0000000  -0.0000000  -0.0000000
  -0.0000000  -0.0000000   0.0000000   0.0000000  -0.0000000  -0.0000000
  -0.0000000  -0.0000000   0.0000000   0.0000000  -0.0000000  -0.0000000
   0.0000000   0.0000000  -0.0000000  -0.0000000   0.0000000   0.0000000
   0.0000000   0.0000000   0.0000000   0.0000000  -0.0000000  -0.0000000
  -0.0000000  -0.0000000   0.0000000   0.0000000
 TTTTTTTTTTTTTTTTTTTTTTTTTTTTTT MOQGAD      TELAPSE     2067.02 TCPU     2021.50
 TTTTTTTTTTTTTTTTTTTTTTTTTTTTTT SHELLXN     TELAPSE     2151.46 TCPU     2105.81
 TTTTTTTTTTTTTTTTTTTTTTTTTTTTTT MONMO3      TELAPSE     2151.77 TCPU     2106.11
 NUMERICALLY INTEGRATED DENSITY    119.9999877536    119.9999877536
 TTTTTTTTTTTTTTTTTTTTTTTTTTTTTT NUMDFT      TELAPSE     2153.32 TCPU     2107.66
 CYC  10 ETOT(AU) -1.522826839995E+03 DETOT -3.43E-05 tst  4.71E-07 PX  1.04E-03
 TTTTTTTTTTTTTTTTTTTTTTTTTTTTTT DIIS        TELAPSE     2155.12 TCPU     2108.95
 DIIS TEST: 0.14657E-03 AT SCF   CYCLE  10 - DIIS ACTIVE - HISTORY:    10 CYCLES
 TTTTTTTTTTTTTTTTTTTTTTTTTTTTTT FDIK        TELAPSE     2238.86 TCPU     2191.13

    ALPHA      ELECTRONS
 INSULATING STATE
 TOP OF VALENCE BANDS -    BAND    120; K  756; EIG -1.3386799E-01 AU
 TOP OF VALENCE BANDS -    BAND    120; K    1; EIG -1.3713357E-01 AU
 BOTTOM OF VIRTUAL BANDS - BAND    121; K  816; EIG -1.0390100E-01 AU
 INDIRECT ENERGY BAND GAP:   0.8154 eV
 BOTTOM OF VIRTUAL BANDS - BAND    121; K    1; EIG -1.0148006E-01 AU

    BETA       ELECTRONS
 INSULATING STATE
 TOP OF VALENCE BANDS -    BAND    120; K  756; EIG -1.3386799E-01 AU
 TOP OF VALENCE BANDS -    BAND    120; K    1; EIG -1.3713357E-01 AU
 BOTTOM OF VIRTUAL BANDS - BAND    121; K  816; EIG -1.0390100E-01 AU
 INDIRECT ENERGY BAND GAP:   0.8154 eV
 BOTTOM OF VIRTUAL BANDS - BAND    121; K    1; EIG -1.0148006E-01 AU
 TTTTTTTTTTTTTTTTTTTTTTTTTTTTTT PDIG        TELAPSE     2246.45 TCPU     2198.54
 CHARGE NORMALIZATION FACTOR   1.00000000
 TOTAL ATOMIC CHARGES:
   6.0076696   6.0076696   5.9909532   5.9909532   6.0231674   6.0231674
   5.9621241   5.9621241   6.0102822   6.0102822   5.9892044   5.9892044
   5.9939697   5.9939697   5.9928697   5.9928697   5.9585525   5.9585525
   6.0248505   6.0248505   5.9660972   5.9660972   6.0043528   6.0043528
   5.9997892   5.9997892   6.0145914   6.0145914   6.0073928   6.0073928
   6.0131423   6.0131423   6.0051808   6.0051808   6.0169107   6.0169107
   6.0095209   6.0095209   6.0093786   6.0093786
 SUMMED SPIN DENSITY          -0.00000000
 TOTAL ATOMIC SPINS  :
   0.0000000   0.0000000   0.0000000   0.0000000  -0.0000000  -0.0000000
   0.0000000   0.0000000  -0.0000000  -0.0000000  -0.0000000  -0.0000000
  -0.0000000  -0.0000000  -0.0000000  -0.0000000  -0.0000000  -0.0000000
  -0.0000000  -0.0000000   0.0000000   0.0000000  -0.0000000  -0.0000000
   0.0000000   0.0000000  -0.0000000  -0.0000000   0.0000000   0.0000000
   0.0000000   0.0000000   0.0000000   0.0000000   0.0000000   0.0000000
  -0.0000000  -0.0000000  -0.0000000  -0.0000000
 TTTTTTTTTTTTTTTTTTTTTTTTTTTTTT MOQGAD      TELAPSE     2246.46 TCPU     2198.55
 TTTTTTTTTTTTTTTTTTTTTTTTTTTTTT SHELLXN     TELAPSE     2331.32 TCPU     2283.09
 TTTTTTTTTTTTTTTTTTTTTTTTTTTTTT MONMO3      TELAPSE     2331.62 TCPU     2283.39
 NUMERICALLY INTEGRATED DENSITY    119.9999877561    119.9999877561
 TTTTTTTTTTTTTTTTTTTTTTTTTTTTTT NUMDFT      TELAPSE     2333.16 TCPU     2284.94
 CYC  11 ETOT(AU) -1.522826847515E+03 DETOT -7.52E-06 tst  8.38E-08 PX  4.89E-04
 TTTTTTTTTTTTTTTTTTTTTTTTTTTTTT DIIS        TELAPSE     2335.27 TCPU     2285.99
 DIIS TEST: 0.20019E-04 AT SCF   CYCLE  11 - DIIS ACTIVE - HISTORY:    11 CYCLES
 TTTTTTTTTTTTTTTTTTTTTTTTTTTTTT FDIK        TELAPSE     2415.12 TCPU     2364.43

    ALPHA      ELECTRONS
 INSULATING STATE
 TOP OF VALENCE BANDS -    BAND    120; K  756; EIG -1.3388461E-01 AU
 TOP OF VALENCE BANDS -    BAND    120; K    1; EIG -1.3714325E-01 AU
 BOTTOM OF VIRTUAL BANDS - BAND    121; K  816; EIG -1.0389192E-01 AU
 INDIRECT ENERGY BAND GAP:   0.8161 eV
 BOTTOM OF VIRTUAL BANDS - BAND    121; K    1; EIG -1.0148400E-01 AU

    BETA       ELECTRONS
 INSULATING STATE
 TOP OF VALENCE BANDS -    BAND    120; K  756; EIG -1.3388461E-01 AU
 TOP OF VALENCE BANDS -    BAND    120; K    1; EIG -1.3714325E-01 AU
 BOTTOM OF VIRTUAL BANDS - BAND    121; K  816; EIG -1.0389192E-01 AU
 INDIRECT ENERGY BAND GAP:   0.8161 eV
 BOTTOM OF VIRTUAL BANDS - BAND    121; K    1; EIG -1.0148400E-01 AU
 TTTTTTTTTTTTTTTTTTTTTTTTTTTTTT PDIG        TELAPSE     2422.79 TCPU     2372.00
 CHARGE NORMALIZATION FACTOR   1.00000000
 TOTAL ATOMIC CHARGES:
   6.0070728   6.0070728   5.9907620   5.9907620   6.0235372   6.0235372
   5.9618835   5.9618835   6.0100497   6.0100497   5.9895569   5.9895569
   5.9947459   5.9947459   5.9934548   5.9934548   5.9579761   5.9579761
   6.0253388   6.0253388   5.9662099   5.9662099   6.0039240   6.0039240
   5.9997094   5.9997094   6.0148398   6.0148398   6.0073179   6.0073179
   6.0135331   6.0135331   6.0048529   6.0048529   6.0162040   6.0162040
   6.0095993   6.0095993   6.0094319   6.0094319
 SUMMED SPIN DENSITY          -0.00000000
 TOTAL ATOMIC SPINS  :
   0.0000000   0.0000000   0.0000000   0.0000000  -0.0000000  -0.0000000
   0.0000000   0.0000000  -0.0000000  -0.0000000   0.0000000   0.0000000
   0.0000000   0.0000000  -0.0000000  -0.0000000   0.0000000   0.0000000
  -0.0000000  -0.0000000   0.0000000   0.0000000  -0.0000000  -0.0000000
   0.0000000   0.0000000  -0.0000000  -0.0000000  -0.0000000  -0.0000000
   0.0000000   0.0000000  -0.0000000  -0.0000000   0.0000000   0.0000000
  -0.0000000  -0.0000000  -0.0000000  -0.0000000
 TTTTTTTTTTTTTTTTTTTTTTTTTTTTTT MOQGAD      TELAPSE     2422.81 TCPU     2372.02
 TTTTTTTTTTTTTTTTTTTTTTTTTTTTTT SHELLXN     TELAPSE     2507.25 TCPU     2456.36
 TTTTTTTTTTTTTTTTTTTTTTTTTTTTTT MONMO3      TELAPSE     2507.56 TCPU     2456.67
 NUMERICALLY INTEGRATED DENSITY    119.9999877560    119.9999877560
 TTTTTTTTTTTTTTTTTTTTTTTTTTTTTT NUMDFT      TELAPSE     2509.10 TCPU     2458.22
 CYC  12 ETOT(AU) -1.522826848369E+03 DETOT -8.54E-07 tst  8.81E-09 PX  1.26E-04
 TTTTTTTTTTTTTTTTTTTTTTTTTTTTTT DIIS        TELAPSE     2511.04 TCPU     2459.52
 DIIS TEST: 0.21835E-05 AT SCF   CYCLE  12 - DIIS ACTIVE - HISTORY:    12 CYCLES
 TTTTTTTTTTTTTTTTTTTTTTTTTTTTTT FDIK        TELAPSE     2595.40 TCPU     2541.85

    ALPHA      ELECTRONS
 INSULATING STATE
 TOP OF VALENCE BANDS -    BAND    120; K  756; EIG -1.3389164E-01 AU
 TOP OF VALENCE BANDS -    BAND    120; K    1; EIG -1.3713423E-01 AU
 BOTTOM OF VIRTUAL BANDS - BAND    121; K  816; EIG -1.0389447E-01 AU
 INDIRECT ENERGY BAND GAP:   0.8163 eV
 BOTTOM OF VIRTUAL BANDS - BAND    121; K    1; EIG -1.0147150E-01 AU

    BETA       ELECTRONS
 INSULATING STATE
 TOP OF VALENCE BANDS -    BAND    120; K  756; EIG -1.3389164E-01 AU
 TOP OF VALENCE BANDS -    BAND    120; K    1; EIG -1.3713423E-01 AU
 BOTTOM OF VIRTUAL BANDS - BAND    121; K  816; EIG -1.0389447E-01 AU
 INDIRECT ENERGY BAND GAP:   0.8163 eV
 BOTTOM OF VIRTUAL BANDS - BAND    121; K    1; EIG -1.0147150E-01 AU
 TTTTTTTTTTTTTTTTTTTTTTTTTTTTTT PDIG        TELAPSE     2603.06 TCPU     2549.26
 CHARGE NORMALIZATION FACTOR   1.00000000
 TOTAL ATOMIC CHARGES:
   6.0070917   6.0070917   5.9909023   5.9909023   6.0232336   6.0232336
   5.9620719   5.9620719   6.0100340   6.0100340   5.9896835   5.9896835
   5.9945306   5.9945306   5.9936151   5.9936151   5.9580687   5.9580687
   6.0254075   6.0254075   5.9661915   5.9661915   6.0040938   6.0040938
   5.9997306   5.9997306   6.0145689   6.0145689   6.0073770   6.0073770
   6.0133730   6.0133730   6.0049443   6.0049443   6.0161882   6.0161882
   6.0095212   6.0095212   6.0093727   6.0093727
 SUMMED SPIN DENSITY          -0.00000000
 TOTAL ATOMIC SPINS  :
  -0.0000000  -0.0000000   0.0000000   0.0000000  -0.0000000  -0.0000000
   0.0000000   0.0000000   0.0000000   0.0000000   0.0000000   0.0000000
   0.0000000   0.0000000  -0.0000000  -0.0000000  -0.0000000  -0.0000000
  -0.0000000  -0.0000000   0.0000000   0.0000000  -0.0000000  -0.0000000
   0.0000000   0.0000000  -0.0000000  -0.0000000   0.0000000   0.0000000
  -0.0000000  -0.0000000  -0.0000000  -0.0000000   0.0000000   0.0000000
  -0.0000000  -0.0000000  -0.0000000  -0.0000000
 TTTTTTTTTTTTTTTTTTTTTTTTTTTTTT MOQGAD      TELAPSE     2603.08 TCPU     2549.27
 TTTTTTTTTTTTTTTTTTTTTTTTTTTTTT SHELLXN     TELAPSE     2687.70 TCPU     2633.76
 TTTTTTTTTTTTTTTTTTTTTTTTTTTTTT MONMO3      TELAPSE     2688.01 TCPU     2634.06
 NUMERICALLY INTEGRATED DENSITY    119.9999877557    119.9999877557
 TTTTTTTTTTTTTTTTTTTTTTTTTTTTTT NUMDFT      TELAPSE     2689.56 TCPU     2635.62
 CYC  13 ETOT(AU) -1.522826848366E+03 DETOT  2.34E-09 tst  1.88E-09 PX  8.56E-05
 TTTTTTTTTTTTTTTTTTTTTTTTTTTTTT DIIS        TELAPSE     2691.52 TCPU     2636.60
 DIIS TEST: 0.14073E-05 AT SCF   CYCLE  13 - DIIS ACTIVE - HISTORY:    13 CYCLES
 TTTTTTTTTTTTTTTTTTTTTTTTTTTTTT FDIK        TELAPSE     2768.83 TCPU     2711.78

    ALPHA      ELECTRONS
 INSULATING STATE
 TOP OF VALENCE BANDS -    BAND    120; K  756; EIG -1.3388685E-01 AU
 TOP OF VALENCE BANDS -    BAND    120; K    1; EIG -1.3714038E-01 AU
 BOTTOM OF VIRTUAL BANDS - BAND    121; K  816; EIG -1.0388524E-01 AU
 INDIRECT ENERGY BAND GAP:   0.8164 eV
 BOTTOM OF VIRTUAL BANDS - BAND    121; K    1; EIG -1.0146960E-01 AU

    BETA       ELECTRONS
 INSULATING STATE
 TOP OF VALENCE BANDS -    BAND    120; K  756; EIG -1.3388685E-01 AU
 TOP OF VALENCE BANDS -    BAND    120; K    1; EIG -1.3714038E-01 AU
 BOTTOM OF VIRTUAL BANDS - BAND    121; K  816; EIG -1.0388524E-01 AU
 INDIRECT ENERGY BAND GAP:   0.8164 eV
 BOTTOM OF VIRTUAL BANDS - BAND    121; K    1; EIG -1.0146960E-01 AU
 TTTTTTTTTTTTTTTTTTTTTTTTTTTTTT PDIG        TELAPSE     2776.62 TCPU     2719.12
 CHARGE NORMALIZATION FACTOR   1.00000000
 TOTAL ATOMIC CHARGES:
   6.0071048   6.0071048   5.9908612   5.9908612   6.0233398   6.0233398
   5.9619428   5.9619428   6.0100961   6.0100961   5.9895760   5.9895760
   5.9945934   5.9945934   5.9935083   5.9935083   5.9580308   5.9580308
   6.0254056   6.0254056   5.9662907   5.9662907   6.0040433   6.0040433
   5.9996630   5.9996630   6.0146878   6.0146878   6.0073432   6.0073432
   6.0133545   6.0133545   6.0050099   6.0050099   6.0161775   6.0161775
   6.0095609   6.0095609   6.0094104   6.0094104
 SUMMED SPIN DENSITY          -0.00000000
 TOTAL ATOMIC SPINS  :
   0.0000000   0.0000000  -0.0000000  -0.0000000   0.0000000   0.0000000
  -0.0000000  -0.0000000  -0.0000000  -0.0000000   0.0000000   0.0000000
  -0.0000000  -0.0000000  -0.0000000  -0.0000000   0.0000000   0.0000000
   0.0000000   0.0000000  -0.0000000  -0.0000000   0.0000000   0.0000000
  -0.0000000  -0.0000000   0.0000000   0.0000000   0.0000000   0.0000000
  -0.0000000  -0.0000000   0.0000000   0.0000000  -0.0000000  -0.0000000
  -0.0000000  -0.0000000   0.0000000   0.0000000
 TTTTTTTTTTTTTTTTTTTTTTTTTTTTTT MOQGAD      TELAPSE     2776.64 TCPU     2719.13
 TTTTTTTTTTTTTTTTTTTTTTTTTTTTTT SHELLXN     TELAPSE     2861.15 TCPU     2803.52
 TTTTTTTTTTTTTTTTTTTTTTTTTTTTTT MONMO3      TELAPSE     2861.45 TCPU     2803.83
 NUMERICALLY INTEGRATED DENSITY    119.9999877559    119.9999877559
 TTTTTTTTTTTTTTTTTTTTTTTTTTTTTT NUMDFT      TELAPSE     2863.00 TCPU     2805.37
 CYC  14 ETOT(AU) -1.522826848469E+03 DETOT -1.02E-07 tst  9.29E-10 PX  4.18E-05
 TTTTTTTTTTTTTTTTTTTTTTTTTTTTTT DIIS        TELAPSE     2865.25 TCPU     2806.45
 DIIS TEST: 0.13250E-06 AT SCF   CYCLE  14 - DIIS ACTIVE - HISTORY:    14 CYCLES
 TTTTTTTTTTTTTTTTTTTTTTTTTTTTTT FDIK        TELAPSE     2946.17 TCPU     2886.54

    ALPHA      ELECTRONS
 INSULATING STATE
 TOP OF VALENCE BANDS -    BAND    120; K  756; EIG -1.3388940E-01 AU
 TOP OF VALENCE BANDS -    BAND    120; K    1; EIG -1.3714126E-01 AU
 BOTTOM OF VIRTUAL BANDS - BAND    121; K  816; EIG -1.0388573E-01 AU
 INDIRECT ENERGY BAND GAP:   0.8164 eV
 BOTTOM OF VIRTUAL BANDS - BAND    121; K    1; EIG -1.0146973E-01 AU

    BETA       ELECTRONS
 INSULATING STATE
 TOP OF VALENCE BANDS -    BAND    120; K  756; EIG -1.3388940E-01 AU
 TOP OF VALENCE BANDS -    BAND    120; K    1; EIG -1.3714126E-01 AU
 BOTTOM OF VIRTUAL BANDS - BAND    121; K  816; EIG -1.0388573E-01 AU
 INDIRECT ENERGY BAND GAP:   0.8164 eV
 BOTTOM OF VIRTUAL BANDS - BAND    121; K    1; EIG -1.0146973E-01 AU
 TTTTTTTTTTTTTTTTTTTTTTTTTTTTTT PDIG        TELAPSE     2953.70 TCPU     2893.87
 CHARGE NORMALIZATION FACTOR   1.00000000
 TOTAL ATOMIC CHARGES:
   6.0070943   6.0070943   5.9908559   5.9908559   6.0233472   6.0233472
   5.9619736   5.9619736   6.0100686   6.0100686   5.9895935   5.9895935
   5.9945956   5.9945956   5.9935081   5.9935081   5.9580578   5.9580578
   6.0253543   6.0253543   5.9662360   5.9662360   6.0040392   6.0040392
   5.9997147   5.9997147   6.0146920   6.0146920   6.0073601   6.0073601
   6.0134039   6.0134039   6.0049332   6.0049332   6.0162110   6.0162110
   6.0095598   6.0095598   6.0094011   6.0094011
 SUMMED SPIN DENSITY          -0.00000000
 TOTAL ATOMIC SPINS  :
  -0.0000000  -0.0000000  -0.0000000  -0.0000000   0.0000000   0.0000000
   0.0000000   0.0000000  -0.0000000  -0.0000000   0.0000000   0.0000000
  -0.0000000  -0.0000000   0.0000000   0.0000000   0.0000000   0.0000000
  -0.0000000  -0.0000000  -0.0000000  -0.0000000   0.0000000   0.0000000
  -0.0000000  -0.0000000   0.0000000   0.0000000  -0.0000000  -0.0000000
   0.0000000   0.0000000   0.0000000   0.0000000  -0.0000000  -0.0000000
   0.0000000   0.0000000   0.0000000   0.0000000
 TTTTTTTTTTTTTTTTTTTTTTTTTTTTTT MOQGAD      TELAPSE     2953.71 TCPU     2893.88
 TTTTTTTTTTTTTTTTTTTTTTTTTTTTTT SHELLXN     TELAPSE     3038.26 TCPU     2978.30
 TTTTTTTTTTTTTTTTTTTTTTTTTTTTTT MONMO3      TELAPSE     3038.56 TCPU     2978.60
 NUMERICALLY INTEGRATED DENSITY    119.9999877559    119.9999877559
 TTTTTTTTTTTTTTTTTTTTTTTTTTTTTT NUMDFT      TELAPSE     3040.11 TCPU     2980.15
 CYC  15 ETOT(AU) -1.522826848470E+03 DETOT -1.74E-09 tst  1.43E-10 PX  1.07E-05
 TTTTTTTTTTTTTTTTTTTTTTTTTTTTTT DIIS        TELAPSE     3042.95 TCPU     2981.86
 DIIS TEST: 0.10975E-07 AT SCF   CYCLE  15 - DIIS ACTIVE - HISTORY:    15 CYCLES
 TTTTTTTTTTTTTTTTTTTTTTTTTTTTTT FDIK        TELAPSE     3130.04 TCPU     3067.52

    ALPHA      ELECTRONS
 INSULATING STATE
 TOP OF VALENCE BANDS -    BAND    120; K  756; EIG -1.3388951E-01 AU
 TOP OF VALENCE BANDS -    BAND    120; K    1; EIG -1.3714159E-01 AU
 BOTTOM OF VIRTUAL BANDS - BAND    121; K  816; EIG -1.0388435E-01 AU
 INDIRECT ENERGY BAND GAP:   0.8165 eV
 BOTTOM OF VIRTUAL BANDS - BAND    121; K    1; EIG -1.0146800E-01 AU

    BETA       ELECTRONS
 INSULATING STATE
 TOP OF VALENCE BANDS -    BAND    120; K  756; EIG -1.3388951E-01 AU
 TOP OF VALENCE BANDS -    BAND    120; K    1; EIG -1.3714159E-01 AU
 BOTTOM OF VIRTUAL BANDS - BAND    121; K  816; EIG -1.0388435E-01 AU
 INDIRECT ENERGY BAND GAP:   0.8165 eV
 BOTTOM OF VIRTUAL BANDS - BAND    121; K    1; EIG -1.0146800E-01 AU
 TTTTTTTTTTTTTTTTTTTTTTTTTTTTTT PDIG        TELAPSE     3137.67 TCPU     3075.02
 CHARGE NORMALIZATION FACTOR   1.00000000
 TOTAL ATOMIC CHARGES:
   6.0071145   6.0071145   5.9908544   5.9908544   6.0233534   6.0233534
   5.9619752   5.9619752   6.0100703   6.0100703   5.9895980   5.9895980
   5.9945948   5.9945948   5.9935056   5.9935056   5.9580478   5.9580478
   6.0253696   6.0253696   5.9662349   5.9662349   6.0040408   6.0040408
   5.9997015   5.9997015   6.0146882   6.0146882   6.0073519   6.0073519
   6.0133846   6.0133846   6.0049522   6.0049522   6.0162030   6.0162030
   6.0095597   6.0095597   6.0093994   6.0093994
 SUMMED SPIN DENSITY          -0.00000000
 TOTAL ATOMIC SPINS  :
   0.0000000   0.0000000   0.0000000   0.0000000   0.0000000   0.0000000
  -0.0000000  -0.0000000  -0.0000000  -0.0000000  -0.0000000  -0.0000000
  -0.0000000  -0.0000000   0.0000000   0.0000000  -0.0000000  -0.0000000
  -0.0000000  -0.0000000  -0.0000000  -0.0000000   0.0000000   0.0000000
  -0.0000000  -0.0000000   0.0000000   0.0000000   0.0000000   0.0000000
   0.0000000   0.0000000  -0.0000000  -0.0000000  -0.0000000  -0.0000000
   0.0000000   0.0000000   0.0000000   0.0000000
 TTTTTTTTTTTTTTTTTTTTTTTTTTTTTT MOQGAD      TELAPSE     3137.69 TCPU     3075.03
 TTTTTTTTTTTTTTTTTTTTTTTTTTTTTT SHELLXN     TELAPSE     3222.22 TCPU     3159.38
 TTTTTTTTTTTTTTTTTTTTTTTTTTTTTT MONMO3      TELAPSE     3222.52 TCPU     3159.69
 NUMERICALLY INTEGRATED DENSITY    119.9999877559    119.9999877559
 TTTTTTTTTTTTTTTTTTTTTTTTTTTTTT NUMDFT      TELAPSE     3224.07 TCPU     3161.23
 CYC  16 ETOT(AU) -1.522826848474E+03 DETOT -3.55E-09 tst  1.74E-11 PX  4.30E-06
 TTTTTTTTTTTTTTTTTTTTTTTTTTTTTT DIIS        TELAPSE     3225.77 TCPU     3162.23
 DIIS TEST: 0.19431E-08 AT SCF   CYCLE  16 - DIIS ACTIVE - HISTORY:    16 CYCLES
 TTTTTTTTTTTTTTTTTTTTTTTTTTTTTT FDIK        TELAPSE     3296.13 TCPU     3230.84

    ALPHA      ELECTRONS
 INSULATING STATE
 TOP OF VALENCE BANDS -    BAND    120; K  756; EIG -1.3388967E-01 AU
 TOP OF VALENCE BANDS -    BAND    120; K    1; EIG -1.3714192E-01 AU
 BOTTOM OF VIRTUAL BANDS - BAND    121; K  816; EIG -1.0388408E-01 AU
 INDIRECT ENERGY BAND GAP:   0.8165 eV
 BOTTOM OF VIRTUAL BANDS - BAND    121; K    1; EIG -1.0146802E-01 AU

    BETA       ELECTRONS
 INSULATING STATE
 TOP OF VALENCE BANDS -    BAND    120; K  756; EIG -1.3388967E-01 AU
 TOP OF VALENCE BANDS -    BAND    120; K    1; EIG -1.3714192E-01 AU
 BOTTOM OF VIRTUAL BANDS - BAND    121; K  816; EIG -1.0388408E-01 AU
 INDIRECT ENERGY BAND GAP:   0.8165 eV
 BOTTOM OF VIRTUAL BANDS - BAND    121; K    1; EIG -1.0146802E-01 AU
 TTTTTTTTTTTTTTTTTTTTTTTTTTTTTT PDIG        TELAPSE     3307.25 TCPU     3238.81
 CHARGE NORMALIZATION FACTOR   1.00000000
 TOTAL ATOMIC CHARGES:
   6.0071003   6.0071003   5.9908575   5.9908575   6.0233449   6.0233449
   5.9619701   5.9619701   6.0100735   6.0100735   5.9895934   5.9895934
   5.9945924   5.9945924   5.9935092   5.9935092   5.9580515   5.9580515
   6.0253661   6.0253661   5.9662448   5.9662448   6.0040425   6.0040425
   5.9997046   5.9997046   6.0146901   6.0146901   6.0073567   6.0073567
   6.0133905   6.0133905   6.0049511   6.0049511   6.0162022   6.0162022
   6.0095571   6.0095571   6.0094014   6.0094014
 SUMMED SPIN DENSITY          -0.00000000
 TOTAL ATOMIC SPINS  :
   0.0000000   0.0000000   0.0000000   0.0000000  -0.0000000  -0.0000000
  -0.0000000  -0.0000000  -0.0000000  -0.0000000  -0.0000000  -0.0000000
  -0.0000000  -0.0000000  -0.0000000  -0.0000000  -0.0000000  -0.0000000
  -0.0000000  -0.0000000  -0.0000000  -0.0000000   0.0000000   0.0000000
  -0.0000000  -0.0000000   0.0000000   0.0000000   0.0000000   0.0000000
   0.0000000   0.0000000   0.0000000   0.0000000   0.0000000   0.0000000
  -0.0000000  -0.0000000  -0.0000000  -0.0000000
 TTTTTTTTTTTTTTTTTTTTTTTTTTTTTT MOQGAD      TELAPSE     3307.27 TCPU     3238.82
 TTTTTTTTTTTTTTTTTTTTTTTTTTTTTT SHELLXN     TELAPSE     3391.96 TCPU     3323.23
 TTTTTTTTTTTTTTTTTTTTTTTTTTTTTT MONMO3      TELAPSE     3392.27 TCPU     3323.53
 NUMERICALLY INTEGRATED DENSITY    119.9999877559    119.9999877559
 TTTTTTTTTTTTTTTTTTTTTTTTTTTTTT NUMDFT      TELAPSE     3393.81 TCPU     3325.07
 CYC  17 ETOT(AU) -1.522826848473E+03 DETOT  9.55E-10 tst  3.93E-12 PX  2.06E-06
 TTTTTTTTTTTTTTTTTTTTTTTTTTTTTT DIIS        TELAPSE     3395.60 TCPU     3326.26
 DIIS TEST: 0.35932E-09 AT SCF   CYCLE  17 - DIIS ACTIVE - HISTORY:    17 CYCLES
 TTTTTTTTTTTTTTTTTTTTTTTTTTTTTT FDIK        TELAPSE     3451.20 TCPU     3380.54

    ALPHA      ELECTRONS
 INSULATING STATE
 TOP OF VALENCE BANDS -    BAND    120; K  756; EIG -1.3388981E-01 AU
 TOP OF VALENCE BANDS -    BAND    120; K    1; EIG -1.3714199E-01 AU
 BOTTOM OF VIRTUAL BANDS - BAND    121; K  816; EIG -1.0388389E-01 AU
 INDIRECT ENERGY BAND GAP:   0.8165 eV
 BOTTOM OF VIRTUAL BANDS - BAND    121; K    1; EIG -1.0146775E-01 AU

    BETA       ELECTRONS
 INSULATING STATE
 TOP OF VALENCE BANDS -    BAND    120; K  756; EIG -1.3388981E-01 AU
 TOP OF VALENCE BANDS -    BAND    120; K    1; EIG -1.3714199E-01 AU
 BOTTOM OF VIRTUAL BANDS - BAND    121; K  816; EIG -1.0388389E-01 AU
 INDIRECT ENERGY BAND GAP:   0.8165 eV
 BOTTOM OF VIRTUAL BANDS - BAND    121; K    1; EIG -1.0146775E-01 AU
 TTTTTTTTTTTTTTTTTTTTTTTTTTTTTT PDIG        TELAPSE     3458.64 TCPU     3387.95
 CHARGE NORMALIZATION FACTOR   1.00000000
 TOTAL ATOMIC CHARGES:
   6.0071038   6.0071038   5.9908565   5.9908565   6.0233481   6.0233481
   5.9619727   5.9619727   6.0100722   6.0100722   5.9895942   5.9895942
   5.9945941   5.9945941   5.9935080   5.9935080   5.9580511   5.9580511
   6.0253669   6.0253669   5.9662416   5.9662416   6.0040415   6.0040415
   5.9997040   5.9997040   6.0146890   6.0146890   6.0073555   6.0073555
   6.0133885   6.0133885   6.0049495   6.0049495   6.0162032   6.0162032
   6.0095594   6.0095594   6.0094002   6.0094002
 SUMMED SPIN DENSITY          -0.00000000
 TOTAL ATOMIC SPINS  :
   0.0000000   0.0000000   0.0000000   0.0000000  -0.0000000  -0.0000000
  -0.0000000  -0.0000000  -0.0000000  -0.0000000  -0.0000000  -0.0000000
  -0.0000000  -0.0000000   0.0000000   0.0000000   0.0000000   0.0000000
  -0.0000000  -0.0000000   0.0000000   0.0000000   0.0000000   0.0000000
  -0.0000000  -0.0000000  -0.0000000  -0.0000000   0.0000000   0.0000000
   0.0000000   0.0000000   0.0000000   0.0000000   0.0000000   0.0000000
   0.0000000   0.0000000  -0.0000000  -0.0000000
 TTTTTTTTTTTTTTTTTTTTTTTTTTTTTT MOQGAD      TELAPSE     3458.65 TCPU     3387.97
 TTTTTTTTTTTTTTTTTTTTTTTTTTTTTT SHELLXN     TELAPSE     3542.91 TCPU     3472.20
 +++ ENERGIES IN A.U. +++
 ::: EXT EL-POLE                                  -5.1214251141412E+03
 ::: EXT EL-SPHEROPOLE                             4.7159085803519E+01
 ::: BIELET ZONE E-E                               5.4641239014764E+03
 ::: TOTAL E-E                                     3.8985787313875E+02
 ::: TOTAL E-N + N-E                              -2.8715943816989E+03
 ::: TOTAL N-N                                    -3.8420561025118E+02
 ::: KINETIC ENERGY                                1.5185229336815E+03
 ::: PSEUDO TOTAL   ENERGY                        -1.3474191851298E+03
 ::: VIRIAL COEFFICIENT                            1.0597024438940E+00
 TTTTTTTTTTTTTTTTTTTTTTTTTTTTTT MONMO3      TELAPSE     3543.22 TCPU     3472.50
 NUMERICALLY INTEGRATED DENSITY    119.9999877559    119.9999877559
 EXCHANGE ENERGY: -0.165422504409E+03  CORRELATION ENERGY: -0.998515893521E+01
 TTTTTTTTTTTTTTTTTTTTTTTTTTTTTT NUMDFT      TELAPSE     3544.76 TCPU     3474.04
 CYC  18 ETOT(AU) -1.522826848474E+03 DETOT -6.98E-10 tst  6.23E-13 PX  2.06E-06

 == SCF ENDED - CONVERGENCE ON ENERGY      E(AU) -1.5228268484737E+03 CYCLES  18


 ENERGY EXPRESSION=HARTREE+FOCK EXCH*0.20000+(BECKE      EXCH)*0.80000+LYP        CORR


 TOTAL ENERGY(DFT)(AU)( 18) -1.5228268484737E+03 DE-7.0E-10 tester 6.2E-13
 TTTTTTTTTTTTTTTTTTTTTTTTTTTTTT EDFT        TELAPSE     3544.79 TCPU     3474.07
 
 INFORMATION **** DFTD3 ENERGY **** CALCULATE DFTD3 ENERGY

           DFT-D V3(BJ)
 DF                                         b3-lyp    
 parameters
 s6       :    1.0000
 s8       :    1.9889
 a1       :    0.3981
 a2       :    4.4211
 k1 k3    :   16.0000   -4.0000
 Cutoff   :   50.2022
 CN-Cutoff:   21.1671
 ABC-Cutoff:   21.1671
 
 Edisp /kcal,au:  -220.0142 -0.35061491

 E6    /kcal :  -106.1704
 E8    /kcal :  -113.8438
 
 INFORMATION **** DFTD3 ENERGY **** NORMAL TERMINATION OF DFTD3 MODULE

 *******************************************************************************

 DFT-D3 DISPERSION ENERGY CORRECTION

 D3 DISPERSION ENERGY (AU)       -3.5061491234593E-01
 TOTAL ENERGY + DISP (AU)        -1.5231774633860E+03

 *******************************************************************************


 NEIGHBORS OF THE NON-EQUIVALENT ATOMS

 N = NUMBER OF NEIGHBORS AT DISTANCE R
    ATOM  N     R/ANG      R/AU   NEIGHBORS (ATOM LABELS AND CELL INDICES)
   1 C    1     1.3489     2.5491   22 C    0 0 0
   1 C    1     1.5111     2.8556    9 C    0 1-1
   1 C    1     1.5415     2.9131   20 C    0 1 0
   1 C    1     2.4046     4.5441   32 C    0 1-1
   1 C    1     2.4282     4.5886   32 C    0 1 0
   1 C    1     2.5228     4.7675    7 C    0 1 0

   3 C    1     1.3260     2.5057   24 C    0 1-1
   3 C    1     1.4528     2.7454   11 C    0 0 0
   3 C    1     1.4658     2.7700   18 C    0 0 0
   3 C    1     2.0828     3.9359   30 C    0 0 0
   3 C    1     2.5279     4.7771    5 C    0 0 0
   3 C    1     2.5431     4.8058   26 C    0 1-1

   5 C    1     1.3403     2.5328   18 C    0 0 0
   5 C    1     1.4411     2.7233   13 C    0 0 0
   5 C    1     1.5292     2.8897   22 C    0 0 0
   5 C    1     2.0885     3.9466   28 C    0 0 0
   5 C    1     2.5279     4.7771    3 C    0 0 0
   5 C    1     2.6485     5.0050   33 C    0 0 0

   7 C    1     1.3698     2.5886   20 C    0 0 0
   7 C    1     1.4553     2.7501   15 C    0 0 0
   7 C    1     1.5143     2.8617   24 C    0 0-1
   7 C    1     2.1276     4.0205   26 C    0 0-1
   7 C    1     2.5228     4.7675    1 C    0-1 0
   7 C    1     2.6022     4.9174   35 C    0 0-1

   9 C    1     1.3460     2.5435   39 C    0 0 0
   9 C    1     1.5111     2.8556    1 C    0-1 1
   9 C    1     1.5291     2.8896   32 C    0 0 0
   9 C    1     2.3602     4.4602   31 C    0 0 0
   9 C    1     2.4035     4.5419   20 C    0 0 0
   9 C    1     2.4106     4.5554   40 C    0 0 0

  11 C    1     1.3661     2.5815   37 C    0 1-1
  11 C    1     1.4528     2.7454    3 C    0 0 0
  11 C    1     1.4619     2.7626   30 C    0 0 0
  11 C    1     2.0809     3.9323   18 C    0 0 0
  11 C    1     2.3874     4.5115   38 C    1 0 0
  11 C    1     2.4136     4.5611   29 C    0 0-1

  13 C    1     1.3544     2.5595   33 C    0 0 0
  13 C    1     1.4411     2.7233    5 C    0 0 0
  13 C    1     1.4613     2.7614   28 C    0 0 0
  13 C    1     2.0968     3.9624   22 C    0 0 0
  13 C    1     2.3450     4.4314   36 C    0 0 0
  13 C    1     2.4028     4.5407   25 C    0 0 0

  15 C    1     1.3443     2.5403   35 C    0 0-1
  15 C    1     1.4409     2.7229   26 C    0 0-1
  15 C    1     1.4553     2.7501    7 C    0 0 0
  15 C    1     2.0284     3.8331   24 C    0 0-1
  15 C    1     2.3929     4.5219   27 C    0 0-1
  15 C    1     2.4179     4.5691   34 C    0 0-1

  17 C    1     1.3403     2.5328    6 C    0 0 0
  17 C    1     1.4658     2.7700    4 C    0 0 0
  17 C    1     1.5142     2.8613   29 C    0 0 0
  17 C    1     2.0809     3.9323   12 C    0 0 0
  17 C    1     2.4975     4.7196   14 C    0 0 0
  17 C    1     2.5704     4.8573   23 C    1 0 1

  19 C    1     1.3698     2.5886    8 C    0 0 0
  19 C    1     1.4917     2.8189   31 C    0 0 0
  19 C    1     1.5415     2.9131    2 C   -1 0 0
  19 C    1     2.4035     4.5419   10 C    0 0 0
  19 C    1     2.4903     4.7060   10 C    0 0 1
  19 C    1     2.6067     4.9260   21 C   -1 0 0

  21 C    1     1.3489     2.5491    2 C    0 0 0
  21 C    1     1.5060     2.8459   27 C    0 0 0
  21 C    1     1.5292     2.8897    6 C    0 0 0
  21 C    1     2.0968     3.9624   14 C    0 0 0
  21 C    1     2.4907     4.7068   10 C    1 0 1
  21 C    1     2.6049     4.9225   17 C    0 0 0

  23 C    1     1.3260     2.5057    4 C   -1 0-1
  23 C    1     1.4711     2.7800   25 C    0 0 0
  23 C    1     1.5143     2.8617    8 C    0 0-1
  23 C    1     2.0284     3.8331   16 C    0 0-1
  23 C    1     2.5584     4.8346   12 C   -1 0-1
  23 C    1     2.5704     4.8573   17 C   -1 0-1

  25 C    1     1.3698     2.5885   28 C    0 0 0
  25 C    1     1.4409     2.7229   16 C    0 0-1
  25 C    1     1.4711     2.7800   23 C    0 0 0
  25 C    1     2.1276     4.0205    8 C    0 0-1
  25 C    1     2.4028     4.5407   13 C    0 0 0
  25 C    1     2.4527     4.6349   36 C    0 0 0

  27 C    1     1.3698     2.5885   26 C    0 0 0
  27 C    1     1.4613     2.7614   14 C    0 0 0
  27 C    1     1.5060     2.8459   21 C    0 0 0
  27 C    1     2.0885     3.9466    6 C    0 0 0
  27 C    1     2.3929     4.5219   15 C    0 0 1
  27 C    1     2.4997     4.7237   34 C    0 0 0

  29 C    1     1.3745     2.5975   30 C    0 0 1
  29 C    1     1.4619     2.7626   12 C    0 0 0
  29 C    1     1.5142     2.8613   17 C    0 0 0
  29 C    1     2.0828     3.9359    4 C    0 0 0
  29 C    1     2.4136     4.5611   11 C    0 0 1
  29 C    1     2.5173     4.7571   38 C    1 0 1

  31 C    1     1.4503     2.7407   32 C    0 0 0
  31 C    1     1.4917     2.8189   19 C    0 0 0
  31 C    1     1.5291     2.8896   10 C    0 0 0
  31 C    1     2.3602     4.4602    9 C    0 0 0
  31 C    1     2.4046     4.5441    2 C   -1 0-1
  31 C    1     2.4282     4.5886    2 C   -1 0 0

  33 C    1     1.3544     2.5595   13 C    0 0 0
  33 C    1     1.4566     2.7526   36 C    0 0 0
  33 C    1     1.4902     2.8161   34 C    0 0 0
  33 C    1     2.3226     4.3890   35 C    0 0-1
  33 C    1     2.4085     4.5514   35 C    0 0 0
  33 C    1     2.4179     4.5691   16 C    0 0-1

  35 C    1     1.3443     2.5403   15 C    0 0 1
  35 C    1     1.4521     2.7441   36 C    0 0 1
  35 C    1     1.4566     2.7526   34 C    0 0 0
  35 C    1     2.3226     4.3890   33 C    0 0 1
  35 C    1     2.3450     4.4314   14 C    0 0 0
  35 C    1     2.4085     4.5514   33 C    0 0 0

  37 C    1     1.3661     2.5815   11 C    0-1 1
  37 C    1     1.4370     2.7156   38 C    1-1 1
  37 C    1     1.4888     2.8134   40 C    1 0 1
  37 C    1     2.3665     4.4721   39 C    1 0 0
  37 C    1     2.3874     4.5115   12 C    0-1 0
  37 C    1     2.3999     4.5352   39 C    1 0 1

  39 C    1     1.3460     2.5435    9 C    0 0 0
  39 C    1     1.4888     2.8134   38 C    0-1 1
  39 C    1     1.4968     2.8285   40 C    0 0 0
  39 C    1     2.3665     4.4721   37 C   -1 0 0
  39 C    1     2.3999     4.5352   37 C   -1 0-1
  39 C    1     2.4106     4.5554   10 C    0 0 0

 TTTTTTTTTTTTTTTTTTTTTTTTTTTTTT AFTER FIRST TELAPSE     3545.06 TCPU     3474.21
 MMMMMMMMMMMMMMMMMMMMMMMMMMMMMMMMMMMMMMMMMMMMMMMMMMMMMMMMMMMMMMMMMMMMMMMMMMMMMMM
     ALPHA+BETA ELECTRONS
 MULLIKEN POPULATION ANALYSIS - NO. OF ELECTRONS  240.000000

  ATOM    Z CHARGE  A.O. POPULATION

   1 C    6  6.007  0.854  1.121  0.765  0.429  0.488  0.433  0.402 -0.003
                   -0.015 -0.019  0.469  0.523  0.522  0.006  0.010  0.006
                    0.008  0.009
   2 C    6  6.007  0.854  1.121  0.765  0.429  0.488  0.433  0.402 -0.003
                   -0.015 -0.019  0.469  0.523  0.522  0.006  0.010  0.006
                    0.008  0.009
   3 C    6  5.991  0.854  1.120  0.773  0.403  0.514  0.466  0.389  0.016
                    0.011 -0.057  0.381  0.443  0.634  0.004  0.008  0.004
                    0.013  0.014
   4 C    6  5.991  0.854  1.120  0.773  0.403  0.514  0.466  0.389  0.016
                    0.011 -0.057  0.381  0.443  0.634  0.004  0.008  0.004
                    0.013  0.014
   5 C    6  6.023  0.854  1.121  0.766  0.450  0.445  0.504  0.399  0.009
                    0.016 -0.057  0.458  0.386  0.630  0.004  0.005  0.008
                    0.012  0.014
   6 C    6  6.023  0.854  1.121  0.766  0.450  0.445  0.504  0.399  0.009
                    0.016 -0.057  0.458  0.386  0.630  0.004  0.005  0.008
                    0.012  0.014
   7 C    6  5.962  0.854  1.121  0.777  0.438  0.449  0.496  0.375  0.007
                    0.022 -0.057  0.462  0.365  0.611  0.004  0.004  0.008
                    0.013  0.013
   8 C    6  5.962  0.854  1.121  0.777  0.438  0.449  0.496  0.375  0.007
                    0.022 -0.057  0.462  0.365  0.611  0.004  0.004  0.008
                    0.013  0.013
   9 C    6  6.010  0.854  1.121  0.770  0.434  0.427  0.479  0.420 -0.034
                    0.002 -0.015  0.579  0.421  0.513  0.007  0.005  0.011
                    0.007  0.009
  10 C    6  6.010  0.854  1.121  0.770  0.434  0.427  0.479  0.420 -0.034
                    0.002 -0.015  0.579  0.421  0.513  0.007  0.005  0.011
                    0.007  0.009
  11 C    6  5.990  0.854  1.120  0.771  0.428  0.471  0.500  0.384 -0.000
                    0.022 -0.056  0.468  0.352  0.633  0.004  0.004  0.007
                    0.012  0.015
  12 C    6  5.990  0.854  1.120  0.771  0.428  0.471  0.500  0.384 -0.000
                    0.022 -0.056  0.468  0.352  0.633  0.004  0.004  0.007
                    0.012  0.015
  13 C    6  5.995  0.854  1.120  0.771  0.416  0.478  0.484  0.404  0.004
                   -0.001 -0.047  0.412  0.459  0.598  0.005  0.008  0.006
                    0.012  0.013
  14 C    6  5.995  0.854  1.120  0.771  0.416  0.478  0.484  0.404  0.004
                   -0.001 -0.047  0.412  0.459  0.598  0.005  0.008  0.006
                    0.012  0.013
  15 C    6  5.994  0.854  1.120  0.776  0.416  0.507  0.461  0.401  0.012
                    0.001 -0.045  0.389  0.471  0.584  0.005  0.008  0.005
                    0.013  0.013
  16 C    6  5.994  0.854  1.120  0.776  0.416  0.507  0.461  0.401  0.012
                    0.001 -0.045  0.389  0.471  0.584  0.005  0.008  0.005
                    0.013  0.013
  17 C    6  5.958  0.854  1.121  0.770  0.424  0.438  0.506  0.394  0.006
                    0.023 -0.052  0.459  0.354  0.621  0.004  0.004  0.007
                    0.012  0.014
  18 C    6  5.958  0.854  1.121  0.770  0.424  0.438  0.506  0.394  0.006
                    0.023 -0.052  0.459  0.354  0.621  0.004  0.004  0.007
                    0.012  0.014
  19 C    6  6.025  0.853  1.121  0.759  0.437  0.437  0.477  0.407 -0.002
                    0.008 -0.045  0.480  0.444  0.608  0.004  0.005  0.008
                    0.010  0.012
  20 C    6  6.025  0.853  1.121  0.759  0.437  0.437  0.477  0.407 -0.002
                    0.008 -0.045  0.480  0.444  0.608  0.004  0.005  0.008
                    0.010  0.012
  21 C    6  5.966  0.854  1.121  0.768  0.437  0.489  0.431  0.396  0.022
                   -0.007 -0.054  0.360  0.489  0.621  0.004  0.008  0.003
                    0.011  0.013
  22 C    6  5.966  0.854  1.121  0.768  0.437  0.489  0.431  0.396  0.022
                   -0.007 -0.054  0.360  0.489  0.621  0.004  0.008  0.003
                    0.011  0.013
  23 C    6  6.004  0.854  1.121  0.766  0.420  0.500  0.438  0.409  0.020
                    0.007 -0.062  0.385  0.443  0.660  0.004  0.008  0.004
                    0.014  0.014
  24 C    6  6.004  0.854  1.121  0.766  0.420  0.500  0.438  0.409  0.020
                    0.007 -0.062  0.385  0.443  0.660  0.004  0.008  0.004
                    0.014  0.014
  25 C    6  6.000  0.854  1.121  0.767  0.429  0.475  0.487  0.393  0.003
                    0.017 -0.054  0.460  0.393  0.612  0.004  0.004  0.008
                    0.014  0.012
  26 C    6  6.000  0.854  1.121  0.767  0.429  0.475  0.487  0.393  0.003
                    0.017 -0.054  0.460  0.393  0.612  0.004  0.004  0.008
                    0.014  0.012
  27 C    6  6.015  0.854  1.121  0.765  0.434  0.450  0.478  0.407 -0.001
                    0.006 -0.040  0.471  0.446  0.583  0.004  0.006  0.007
                    0.012  0.012
  28 C    6  6.015  0.854  1.121  0.765  0.434  0.450  0.478  0.407 -0.001
                    0.006 -0.040  0.471  0.446  0.583  0.004  0.006  0.007
                    0.012  0.012
  29 C    6  6.007  0.854  1.121  0.768  0.439  0.475  0.453  0.397  0.014
                    0.005 -0.041  0.425  0.458  0.598  0.005  0.007  0.004
                    0.013  0.013
  30 C    6  6.007  0.854  1.121  0.768  0.439  0.475  0.453  0.397  0.014
                    0.005 -0.041  0.425  0.458  0.598  0.005  0.007  0.004
                    0.013  0.013
  31 C    6  6.013  0.854  1.121  0.763  0.476  0.455  0.452  0.379  0.015
                   -0.016 -0.048  0.404  0.529  0.590  0.004  0.009  0.005
                    0.011  0.009
  32 C    6  6.013  0.854  1.121  0.763  0.476  0.455  0.452  0.379  0.015
                   -0.016 -0.048  0.404  0.529  0.590  0.004  0.009  0.005
                    0.011  0.009
  33 C    6  6.005  0.854  1.121  0.764  0.419  0.466  0.458  0.430 -0.004
                   -0.008 -0.013  0.480  0.480  0.515  0.007  0.009  0.008
                    0.009  0.007
  34 C    6  6.005  0.854  1.121  0.764  0.419  0.466  0.458  0.430 -0.004
                   -0.008 -0.013  0.480  0.480  0.515  0.007  0.009  0.008
                    0.009  0.007
  35 C    6  6.016  0.854  1.121  0.767  0.440  0.496  0.442  0.431  0.014
                   -0.021 -0.022  0.405  0.514  0.532  0.006  0.011  0.006
                    0.012  0.008
  36 C    6  6.016  0.854  1.121  0.767  0.440  0.496  0.442  0.431  0.014
                   -0.021 -0.022  0.405  0.514  0.532  0.006  0.011  0.006
                    0.012  0.008
  37 C    6  6.010  0.854  1.121  0.766  0.432  0.467  0.483  0.402 -0.005
                    0.013 -0.033  0.468  0.432  0.568  0.005  0.006  0.009
                    0.013  0.009
  38 C    6  6.010  0.854  1.121  0.766  0.432  0.467  0.483  0.402 -0.005
                    0.013 -0.033  0.468  0.432  0.568  0.005  0.006  0.009
                    0.013  0.009
  39 C    6  6.009  0.854  1.121  0.757  0.425  0.442  0.482  0.431 -0.035
                    0.008 -0.016  0.568  0.411  0.522  0.006  0.007  0.010
                    0.010  0.008
  40 C    6  6.009  0.854  1.121  0.757  0.425  0.442  0.482  0.431 -0.035
                    0.008 -0.016  0.568  0.411  0.522  0.006  0.007  0.010
                    0.010  0.008

  ATOM    Z CHARGE  SHELL POPULATION

   1 C    6  6.007  0.854  1.121  0.765  0.429  1.323 -0.037  1.513  0.038
   2 C    6  6.007  0.854  1.121  0.765  0.429  1.323 -0.037  1.513  0.038
   3 C    6  5.991  0.854  1.120  0.773  0.403  1.369 -0.029  1.458  0.043
   4 C    6  5.991  0.854  1.120  0.773  0.403  1.369 -0.029  1.458  0.043
   5 C    6  6.023  0.854  1.121  0.766  0.450  1.348 -0.031  1.474  0.042
   6 C    6  6.023  0.854  1.121  0.766  0.450  1.348 -0.031  1.474  0.042
   7 C    6  5.962  0.854  1.121  0.777  0.438  1.321 -0.028  1.438  0.041
   8 C    6  5.962  0.854  1.121  0.777  0.438  1.321 -0.028  1.438  0.041
   9 C    6  6.010  0.854  1.121  0.770  0.434  1.326 -0.046  1.512  0.039
  10 C    6  6.010  0.854  1.121  0.770  0.434  1.326 -0.046  1.512  0.039
  11 C    6  5.990  0.854  1.120  0.771  0.428  1.355 -0.035  1.453  0.042
  12 C    6  5.990  0.854  1.120  0.771  0.428  1.355 -0.035  1.453  0.042
  13 C    6  5.995  0.854  1.120  0.771  0.416  1.366 -0.045  1.469  0.043
  14 C    6  5.995  0.854  1.120  0.771  0.416  1.366 -0.045  1.469  0.043
  15 C    6  5.994  0.854  1.120  0.776  0.416  1.369 -0.031  1.444  0.045
  16 C    6  5.994  0.854  1.120  0.776  0.416  1.369 -0.031  1.444  0.045
  17 C    6  5.958  0.854  1.121  0.770  0.424  1.337 -0.023  1.433  0.042
  18 C    6  5.958  0.854  1.121  0.770  0.424  1.337 -0.023  1.433  0.042
  19 C    6  6.025  0.853  1.121  0.759  0.437  1.321 -0.038  1.533  0.039
  20 C    6  6.025  0.853  1.121  0.759  0.437  1.321 -0.038  1.533  0.039
  21 C    6  5.966  0.854  1.121  0.768  0.437  1.316 -0.040  1.470  0.040
  22 C    6  5.966  0.854  1.121  0.768  0.437  1.316 -0.040  1.470  0.040
  23 C    6  6.004  0.854  1.121  0.766  0.420  1.347 -0.035  1.488  0.043
  24 C    6  6.004  0.854  1.121  0.766  0.420  1.347 -0.035  1.488  0.043
  25 C    6  6.000  0.854  1.121  0.767  0.429  1.355 -0.033  1.466  0.042
  26 C    6  6.000  0.854  1.121  0.767  0.429  1.355 -0.033  1.466  0.042
  27 C    6  6.015  0.854  1.121  0.765  0.434  1.335 -0.034  1.500  0.041
  28 C    6  6.015  0.854  1.121  0.765  0.434  1.335 -0.034  1.500  0.041
  29 C    6  6.007  0.854  1.121  0.768  0.439  1.326 -0.022  1.481  0.041
  30 C    6  6.007  0.854  1.121  0.768  0.439  1.326 -0.022  1.481  0.041
  31 C    6  6.013  0.854  1.121  0.763  0.476  1.286 -0.049  1.524  0.039
  32 C    6  6.013  0.854  1.121  0.763  0.476  1.286 -0.049  1.524  0.039
  33 C    6  6.005  0.854  1.121  0.764  0.419  1.355 -0.024  1.476  0.041
  34 C    6  6.005  0.854  1.121  0.764  0.419  1.355 -0.024  1.476  0.041
  35 C    6  6.016  0.854  1.121  0.767  0.440  1.369 -0.029  1.451  0.043
  36 C    6  6.016  0.854  1.121  0.767  0.440  1.369 -0.029  1.451  0.043
  37 C    6  6.010  0.854  1.121  0.766  0.432  1.352 -0.025  1.468  0.042
  38 C    6  6.010  0.854  1.121  0.766  0.432  1.352 -0.025  1.468  0.042
  39 C    6  6.009  0.854  1.121  0.757  0.425  1.355 -0.043  1.500  0.040
  40 C    6  6.009  0.854  1.121  0.757  0.425  1.355 -0.043  1.500  0.040

 OVERLAP POPULATION CONDENSED TO ATOMS FOR FIRST   6 NEIGHBORS

 ATOM A   1 C    ATOM B     CELL      R(AB)/AU R(AB)/ANG    OVPOP(AB)
                 22 C    (  0  0  0)     2.549     1.349     0.514
                  9 C    (  0  1 -1)     2.856     1.511     0.326
                 20 C    (  0  1  0)     2.913     1.542     0.308
                 32 C    (  0  1 -1)     4.544     2.405    -0.035
                 32 C    (  0  1  0)     4.589     2.428    -0.042
                  7 C    (  0  1  0)     4.767     2.523    -0.011

 ATOM A   3 C    ATOM B     CELL      R(AB)/AU R(AB)/ANG    OVPOP(AB)
                 24 C    (  0  1 -1)     2.506     1.326     0.522
                 11 C    (  0  0  0)     2.745     1.453     0.352
                 18 C    (  0  0  0)     2.770     1.466     0.350
                 30 C    (  0  0  0)     3.936     2.083    -0.086
                  5 C    (  0  0  0)     4.777     2.528    -0.031
                 26 C    (  0  1 -1)     4.806     2.543    -0.027

 ATOM A   5 C    ATOM B     CELL      R(AB)/AU R(AB)/ANG    OVPOP(AB)
                 18 C    (  0  0  0)     2.533     1.340     0.489
                 13 C    (  0  0  0)     2.723     1.441     0.334
                 22 C    (  0  0  0)     2.890     1.529     0.324
                 28 C    (  0  0  0)     3.947     2.088    -0.084
                  3 C    (  0  0  0)     4.777     2.528    -0.031
                 33 C    (  0  0  0)     5.005     2.649    -0.022

 ATOM A   7 C    ATOM B     CELL      R(AB)/AU R(AB)/ANG    OVPOP(AB)
                 20 C    (  0  0  0)     2.589     1.370     0.472
                 15 C    (  0  0  0)     2.750     1.455     0.368
                 24 C    (  0  0 -1)     2.862     1.514     0.351
                 26 C    (  0  0 -1)     4.021     2.128    -0.093
                  1 C    (  0 -1  0)     4.767     2.523    -0.011
                 35 C    (  0  0 -1)     4.917     2.602    -0.018

 ATOM A   9 C    ATOM B     CELL      R(AB)/AU R(AB)/ANG    OVPOP(AB)
                 39 C    (  0  0  0)     2.543     1.346     0.501
                  1 C    (  0 -1  1)     2.856     1.511     0.326
                 32 C    (  0  0  0)     2.890     1.529     0.299
                 31 C    (  0  0  0)     4.460     2.360    -0.008
                 20 C    (  0  0  0)     4.542     2.403    -0.050
                 40 C    (  0  0  0)     4.555     2.411    -0.019

 ATOM A  11 C    ATOM B     CELL      R(AB)/AU R(AB)/ANG    OVPOP(AB)
                 37 C    (  0  1 -1)     2.582     1.366     0.464
                  3 C    (  0  0  0)     2.745     1.453     0.352
                 30 C    (  0  0  0)     2.763     1.462     0.375
                 18 C    (  0  0  0)     3.932     2.081    -0.097
                 38 C    (  1  0  0)     4.512     2.387    -0.014
                 29 C    (  0  0 -1)     4.561     2.414    -0.026

 ATOM A  13 C    ATOM B     CELL      R(AB)/AU R(AB)/ANG    OVPOP(AB)
                 33 C    (  0  0  0)     2.559     1.354     0.478
                  5 C    (  0  0  0)     2.723     1.441     0.334
                 28 C    (  0  0  0)     2.761     1.461     0.378
                 22 C    (  0  0  0)     3.962     2.097    -0.095
                 36 C    (  0  0  0)     4.431     2.345    -0.010
                 25 C    (  0  0  0)     4.541     2.403    -0.035

 ATOM A  15 C    ATOM B     CELL      R(AB)/AU R(AB)/ANG    OVPOP(AB)
                 35 C    (  0  0 -1)     2.540     1.344     0.438
                 26 C    (  0  0 -1)     2.723     1.441     0.385
                  7 C    (  0  0  0)     2.750     1.455     0.368
                 24 C    (  0  0 -1)     3.833     2.028    -0.113
                 27 C    (  0  0 -1)     4.522     2.393    -0.028
                 34 C    (  0  0 -1)     4.569     2.418    -0.021

 ATOM A  17 C    ATOM B     CELL      R(AB)/AU R(AB)/ANG    OVPOP(AB)
                  6 C    (  0  0  0)     2.533     1.340     0.489
                  4 C    (  0  0  0)     2.770     1.466     0.350
                 29 C    (  0  0  0)     2.861     1.514     0.346
                 12 C    (  0  0  0)     3.932     2.081    -0.097
                 14 C    (  0  0  0)     4.720     2.498    -0.015
                 23 C    (  1  0  1)     4.857     2.570    -0.025

 ATOM A  19 C    ATOM B     CELL      R(AB)/AU R(AB)/ANG    OVPOP(AB)
                  8 C    (  0  0  0)     2.589     1.370     0.472
                 31 C    (  0  0  0)     2.819     1.492     0.348
                  2 C    ( -1  0  0)     2.913     1.542     0.308
                 10 C    (  0  0  0)     4.542     2.403    -0.050
                 10 C    (  0  0  1)     4.706     2.490    -0.035
                 21 C    ( -1  0  0)     4.926     2.607    -0.012

 ATOM A  21 C    ATOM B     CELL      R(AB)/AU R(AB)/ANG    OVPOP(AB)
                  2 C    (  0  0  0)     2.549     1.349     0.514
                 27 C    (  0  0  0)     2.846     1.506     0.344
                  6 C    (  0  0  0)     2.890     1.529     0.324
                 14 C    (  0  0  0)     3.962     2.097    -0.095
                 10 C    (  1  0  1)     4.707     2.491    -0.011
                 17 C    (  0  0  0)     4.923     2.605    -0.007

 ATOM A  23 C    ATOM B     CELL      R(AB)/AU R(AB)/ANG    OVPOP(AB)
                  4 C    ( -1  0 -1)     2.506     1.326     0.522
                 25 C    (  0  0  0)     2.780     1.471     0.349
                  8 C    (  0  0 -1)     2.862     1.514     0.351
                 16 C    (  0  0 -1)     3.833     2.028    -0.113
                 12 C    ( -1  0 -1)     4.835     2.558    -0.025
                 17 C    ( -1  0 -1)     4.857     2.570    -0.025

 ATOM A  25 C    ATOM B     CELL      R(AB)/AU R(AB)/ANG    OVPOP(AB)
                 28 C    (  0  0  0)     2.588     1.370     0.497
                 16 C    (  0  0 -1)     2.723     1.441     0.385
                 23 C    (  0  0  0)     2.780     1.471     0.349
                  8 C    (  0  0 -1)     4.021     2.128    -0.093
                 13 C    (  0  0  0)     4.541     2.403    -0.035
                 36 C    (  0  0  0)     4.635     2.453    -0.032

 ATOM A  27 C    ATOM B     CELL      R(AB)/AU R(AB)/ANG    OVPOP(AB)
                 26 C    (  0  0  0)     2.588     1.370     0.497
                 14 C    (  0  0  0)     2.761     1.461     0.378
                 21 C    (  0  0  0)     2.846     1.506     0.344
                  6 C    (  0  0  0)     3.947     2.088    -0.084
                 15 C    (  0  0  1)     4.522     2.393    -0.028
                 34 C    (  0  0  0)     4.724     2.500    -0.023

 ATOM A  29 C    ATOM B     CELL      R(AB)/AU R(AB)/ANG    OVPOP(AB)
                 30 C    (  0  0  1)     2.597     1.375     0.488
                 12 C    (  0  0  0)     2.763     1.462     0.375
                 17 C    (  0  0  0)     2.861     1.514     0.346
                  4 C    (  0  0  0)     3.936     2.083    -0.086
                 11 C    (  0  0  1)     4.561     2.414    -0.026
                 38 C    (  1  0  1)     4.757     2.517    -0.023

 ATOM A  31 C    ATOM B     CELL      R(AB)/AU R(AB)/ANG    OVPOP(AB)
                 32 C    (  0  0  0)     2.741     1.450     0.376
                 19 C    (  0  0  0)     2.819     1.492     0.348
                 10 C    (  0  0  0)     2.890     1.529     0.299
                  9 C    (  0  0  0)     4.460     2.360    -0.008
                  2 C    ( -1  0 -1)     4.544     2.405    -0.035
                  2 C    ( -1  0  0)     4.589     2.428    -0.042

 ATOM A  33 C    ATOM B     CELL      R(AB)/AU R(AB)/ANG    OVPOP(AB)
                 13 C    (  0  0  0)     2.559     1.354     0.478
                 36 C    (  0  0  0)     2.753     1.457     0.338
                 34 C    (  0  0  0)     2.816     1.490     0.340
                 35 C    (  0  0 -1)     4.389     2.323    -0.031
                 35 C    (  0  0  0)     4.551     2.408    -0.046
                 16 C    (  0  0 -1)     4.569     2.418    -0.021

 ATOM A  35 C    ATOM B     CELL      R(AB)/AU R(AB)/ANG    OVPOP(AB)
                 15 C    (  0  0  1)     2.540     1.344     0.438
                 36 C    (  0  0  1)     2.744     1.452     0.293
                 34 C    (  0  0  0)     2.753     1.457     0.338
                 33 C    (  0  0  1)     4.389     2.323    -0.031
                 14 C    (  0  0  0)     4.431     2.345    -0.010
                 33 C    (  0  0  0)     4.551     2.408    -0.046

 ATOM A  37 C    ATOM B     CELL      R(AB)/AU R(AB)/ANG    OVPOP(AB)
                 11 C    (  0 -1  1)     2.582     1.366     0.464
                 38 C    (  1 -1  1)     2.716     1.437     0.350
                 40 C    (  1  0  1)     2.813     1.489     0.321
                 39 C    (  1  0  0)     4.472     2.367    -0.045
                 12 C    (  0 -1  0)     4.512     2.387    -0.014
                 39 C    (  1  0  1)     4.535     2.400    -0.041

 ATOM A  39 C    ATOM B     CELL      R(AB)/AU R(AB)/ANG    OVPOP(AB)
                  9 C    (  0  0  0)     2.543     1.346     0.501
                 38 C    (  0 -1  1)     2.813     1.489     0.321
                 40 C    (  0  0  0)     2.828     1.497     0.346
                 37 C    ( -1  0  0)     4.472     2.367    -0.045
                 37 C    ( -1  0 -1)     4.535     2.400    -0.041
                 10 C    (  0  0  0)     4.555     2.411    -0.019
 TTTTTTTTTTTTTTTTTTTTTTTTTTTTTT AFTER FIRST TELAPSE     3545.83 TCPU     3474.27
 MMMMMMMMMMMMMMMMMMMMMMMMMMMMMMMMMMMMMMMMMMMMMMMMMMMMMMMMMMMMMMMMMMMMMMMMMMMMMMM
     ALPHA-BETA ELECTRONS
 MULLIKEN POPULATION ANALYSIS - NO. OF ELECTRONS   -0.000000

  ATOM    Z CHARGE  A.O. POPULATION

   1 C    6  0.000  0.000  0.000 -0.000  0.000  0.000  0.000  0.000 -0.000
                   -0.000  0.000  0.000 -0.000 -0.000 -0.000  0.000  0.000
                    0.000  0.000
   2 C    6  0.000  0.000  0.000 -0.000  0.000  0.000  0.000  0.000 -0.000
                   -0.000  0.000  0.000 -0.000 -0.000 -0.000  0.000  0.000
                    0.000  0.000
   3 C    6  0.000  0.000  0.000 -0.000  0.000 -0.000  0.000 -0.000 -0.000
                   -0.000  0.000  0.000  0.000 -0.000  0.000  0.000  0.000
                   -0.000  0.000
   4 C    6  0.000  0.000  0.000 -0.000  0.000 -0.000  0.000 -0.000 -0.000
                   -0.000  0.000  0.000  0.000 -0.000  0.000  0.000  0.000
                   -0.000  0.000
   5 C    6 -0.000 -0.000  0.000 -0.000 -0.000 -0.000  0.000  0.000  0.000
                   -0.000 -0.000 -0.000 -0.000  0.000  0.000  0.000 -0.000
                    0.000  0.000
   6 C    6 -0.000 -0.000  0.000 -0.000 -0.000 -0.000  0.000  0.000  0.000
                   -0.000 -0.000 -0.000 -0.000  0.000  0.000  0.000 -0.000
                    0.000  0.000
   7 C    6 -0.000  0.000  0.000  0.000 -0.000  0.000  0.000 -0.000  0.000
                    0.000  0.000 -0.000 -0.000 -0.000 -0.000  0.000 -0.000
                   -0.000  0.000
   8 C    6 -0.000  0.000  0.000  0.000 -0.000  0.000  0.000 -0.000  0.000
                    0.000  0.000 -0.000 -0.000 -0.000 -0.000  0.000 -0.000
                   -0.000  0.000
   9 C    6 -0.000  0.000 -0.000  0.000 -0.000 -0.000  0.000  0.000  0.000
                   -0.000  0.000 -0.000  0.000 -0.000 -0.000  0.000 -0.000
                    0.000  0.000
  10 C    6 -0.000  0.000 -0.000  0.000 -0.000 -0.000  0.000  0.000  0.000
                   -0.000  0.000 -0.000  0.000 -0.000 -0.000  0.000 -0.000
                    0.000  0.000
  11 C    6 -0.000  0.000  0.000  0.000 -0.000  0.000  0.000 -0.000 -0.000
                   -0.000 -0.000  0.000 -0.000  0.000 -0.000 -0.000 -0.000
                   -0.000  0.000
  12 C    6 -0.000  0.000  0.000  0.000 -0.000  0.000  0.000 -0.000 -0.000
                   -0.000 -0.000  0.000 -0.000  0.000 -0.000 -0.000 -0.000
                   -0.000  0.000
  13 C    6 -0.000  0.000 -0.000  0.000 -0.000 -0.000  0.000  0.000  0.000
                   -0.000 -0.000  0.000  0.000  0.000  0.000  0.000  0.000
                   -0.000  0.000
  14 C    6 -0.000  0.000 -0.000  0.000 -0.000 -0.000  0.000  0.000  0.000
                   -0.000 -0.000  0.000  0.000  0.000  0.000  0.000  0.000
                   -0.000  0.000
  15 C    6  0.000  0.000 -0.000  0.000 -0.000 -0.000 -0.000  0.000 -0.000
                   -0.000  0.000  0.000  0.000 -0.000  0.000  0.000  0.000
                    0.000  0.000
  16 C    6  0.000  0.000 -0.000  0.000 -0.000 -0.000 -0.000  0.000 -0.000
                   -0.000  0.000  0.000  0.000 -0.000  0.000  0.000  0.000
                    0.000  0.000
  17 C    6  0.000 -0.000 -0.000  0.000 -0.000  0.000 -0.000 -0.000 -0.000
                    0.000  0.000  0.000  0.000  0.000 -0.000  0.000  0.000
                   -0.000  0.000
  18 C    6  0.000 -0.000 -0.000  0.000 -0.000  0.000 -0.000 -0.000 -0.000
                    0.000  0.000  0.000  0.000  0.000 -0.000  0.000  0.000
                   -0.000  0.000
  19 C    6 -0.000  0.000  0.000 -0.000 -0.000 -0.000  0.000  0.000 -0.000
                   -0.000  0.000  0.000  0.000 -0.000 -0.000 -0.000  0.000
                   -0.000 -0.000
  20 C    6 -0.000  0.000  0.000 -0.000 -0.000 -0.000  0.000  0.000 -0.000
                   -0.000  0.000  0.000  0.000 -0.000 -0.000 -0.000  0.000
                   -0.000 -0.000
  21 C    6  0.000  0.000  0.000  0.000 -0.000  0.000 -0.000  0.000 -0.000
                    0.000 -0.000  0.000  0.000  0.000 -0.000 -0.000 -0.000
                   -0.000  0.000
  22 C    6  0.000  0.000  0.000  0.000 -0.000  0.000 -0.000  0.000 -0.000
                    0.000 -0.000  0.000  0.000  0.000 -0.000 -0.000 -0.000
                   -0.000  0.000
  23 C    6  0.000 -0.000 -0.000  0.000  0.000  0.000 -0.000  0.000  0.000
                    0.000  0.000 -0.000  0.000 -0.000  0.000 -0.000 -0.000
                    0.000 -0.000
  24 C    6  0.000 -0.000 -0.000  0.000  0.000  0.000 -0.000  0.000  0.000
                    0.000  0.000 -0.000  0.000 -0.000  0.000 -0.000 -0.000
                    0.000 -0.000
  25 C    6 -0.000  0.000  0.000 -0.000  0.000  0.000  0.000  0.000  0.000
                    0.000  0.000 -0.000 -0.000  0.000  0.000  0.000  0.000
                    0.000  0.000
  26 C    6 -0.000  0.000  0.000 -0.000  0.000  0.000  0.000  0.000  0.000
                    0.000  0.000 -0.000 -0.000  0.000  0.000  0.000  0.000
                    0.000  0.000
  27 C    6 -0.000  0.000  0.000  0.000  0.000 -0.000  0.000 -0.000  0.000
                    0.000 -0.000  0.000 -0.000 -0.000 -0.000 -0.000  0.000
                    0.000  0.000
  28 C    6 -0.000  0.000  0.000  0.000  0.000 -0.000  0.000 -0.000  0.000
                    0.000 -0.000  0.000 -0.000 -0.000 -0.000 -0.000  0.000
                    0.000  0.000
  29 C    6  0.000  0.000 -0.000 -0.000  0.000 -0.000  0.000  0.000  0.000
                    0.000  0.000 -0.000 -0.000 -0.000 -0.000 -0.000  0.000
                   -0.000 -0.000
  30 C    6  0.000  0.000 -0.000 -0.000  0.000 -0.000  0.000  0.000  0.000
                    0.000  0.000 -0.000 -0.000 -0.000 -0.000 -0.000  0.000
                   -0.000 -0.000
  31 C    6  0.000 -0.000 -0.000 -0.000  0.000 -0.000  0.000  0.000  0.000
                   -0.000 -0.000  0.000  0.000  0.000  0.000 -0.000 -0.000
                   -0.000 -0.000
  32 C    6  0.000 -0.000 -0.000 -0.000  0.000 -0.000  0.000  0.000  0.000
                   -0.000 -0.000  0.000  0.000  0.000  0.000 -0.000 -0.000
                   -0.000 -0.000
  33 C    6  0.000  0.000 -0.000  0.000  0.000 -0.000  0.000 -0.000  0.000
                    0.000  0.000  0.000 -0.000 -0.000  0.000  0.000  0.000
                    0.000 -0.000
  34 C    6  0.000  0.000 -0.000  0.000  0.000 -0.000  0.000 -0.000  0.000
                    0.000  0.000  0.000 -0.000 -0.000  0.000  0.000  0.000
                    0.000 -0.000
  35 C    6  0.000 -0.000  0.000 -0.000  0.000  0.000  0.000 -0.000 -0.000
                   -0.000  0.000 -0.000  0.000  0.000 -0.000 -0.000  0.000
                    0.000 -0.000
  36 C    6  0.000 -0.000  0.000 -0.000  0.000  0.000  0.000 -0.000 -0.000
                   -0.000  0.000 -0.000  0.000  0.000 -0.000 -0.000  0.000
                    0.000 -0.000
  37 C    6  0.000 -0.000  0.000 -0.000  0.000 -0.000  0.000 -0.000 -0.000
                   -0.000  0.000  0.000 -0.000 -0.000  0.000 -0.000  0.000
                    0.000  0.000
  38 C    6  0.000 -0.000  0.000 -0.000  0.000 -0.000  0.000 -0.000 -0.000
                   -0.000  0.000  0.000 -0.000 -0.000  0.000 -0.000  0.000
                    0.000  0.000
  39 C    6 -0.000 -0.000  0.000 -0.000 -0.000 -0.000 -0.000 -0.000 -0.000
                    0.000  0.000 -0.000 -0.000  0.000  0.000  0.000 -0.000
                   -0.000  0.000
  40 C    6 -0.000 -0.000  0.000 -0.000 -0.000 -0.000 -0.000 -0.000 -0.000
                    0.000  0.000 -0.000 -0.000  0.000  0.000  0.000 -0.000
                   -0.000  0.000

  ATOM    Z CHARGE  SHELL POPULATION

   1 C    6  0.000  0.000  0.000 -0.000  0.000  0.000  0.000  0.000  0.000
   2 C    6  0.000  0.000  0.000 -0.000  0.000  0.000  0.000  0.000  0.000
   3 C    6  0.000  0.000  0.000 -0.000  0.000 -0.000 -0.000  0.000  0.000
   4 C    6  0.000  0.000  0.000 -0.000  0.000 -0.000 -0.000  0.000  0.000
   5 C    6 -0.000 -0.000  0.000 -0.000 -0.000 -0.000 -0.000 -0.000  0.000
   6 C    6 -0.000 -0.000  0.000 -0.000 -0.000 -0.000 -0.000 -0.000  0.000
   7 C    6 -0.000  0.000  0.000  0.000 -0.000  0.000  0.000 -0.000 -0.000
   8 C    6 -0.000  0.000  0.000  0.000 -0.000  0.000  0.000 -0.000 -0.000
   9 C    6 -0.000  0.000 -0.000  0.000 -0.000  0.000 -0.000  0.000  0.000
  10 C    6 -0.000  0.000 -0.000  0.000 -0.000  0.000 -0.000  0.000  0.000
  11 C    6 -0.000  0.000  0.000  0.000 -0.000  0.000 -0.000 -0.000 -0.000
  12 C    6 -0.000  0.000  0.000  0.000 -0.000  0.000 -0.000 -0.000 -0.000
  13 C    6 -0.000  0.000 -0.000  0.000 -0.000  0.000 -0.000  0.000  0.000
  14 C    6 -0.000  0.000 -0.000  0.000 -0.000  0.000 -0.000  0.000  0.000
  15 C    6  0.000  0.000 -0.000  0.000 -0.000 -0.000 -0.000  0.000  0.000
  16 C    6  0.000  0.000 -0.000  0.000 -0.000 -0.000 -0.000  0.000  0.000
  17 C    6  0.000 -0.000 -0.000  0.000 -0.000  0.000 -0.000  0.000  0.000
  18 C    6  0.000 -0.000 -0.000  0.000 -0.000  0.000 -0.000  0.000  0.000
  19 C    6 -0.000  0.000  0.000 -0.000 -0.000  0.000 -0.000 -0.000 -0.000
  20 C    6 -0.000  0.000  0.000 -0.000 -0.000  0.000 -0.000 -0.000 -0.000
  21 C    6  0.000  0.000  0.000  0.000 -0.000 -0.000 -0.000  0.000 -0.000
  22 C    6  0.000  0.000  0.000  0.000 -0.000 -0.000 -0.000  0.000 -0.000
  23 C    6  0.000 -0.000 -0.000  0.000  0.000 -0.000  0.000  0.000 -0.000
  24 C    6  0.000 -0.000 -0.000  0.000  0.000 -0.000  0.000  0.000 -0.000
  25 C    6 -0.000  0.000  0.000 -0.000  0.000  0.000  0.000 -0.000  0.000
  26 C    6 -0.000  0.000  0.000 -0.000  0.000  0.000  0.000 -0.000  0.000
  27 C    6 -0.000  0.000  0.000  0.000  0.000 -0.000  0.000 -0.000  0.000
  28 C    6 -0.000  0.000  0.000  0.000  0.000 -0.000  0.000 -0.000  0.000
  29 C    6  0.000  0.000 -0.000 -0.000  0.000 -0.000  0.000 -0.000 -0.000
  30 C    6  0.000  0.000 -0.000 -0.000  0.000 -0.000  0.000 -0.000 -0.000
  31 C    6  0.000 -0.000 -0.000 -0.000  0.000  0.000  0.000  0.000 -0.000
  32 C    6  0.000 -0.000 -0.000 -0.000  0.000  0.000  0.000  0.000 -0.000
  33 C    6  0.000  0.000 -0.000  0.000  0.000 -0.000  0.000 -0.000  0.000
  34 C    6  0.000  0.000 -0.000  0.000  0.000 -0.000  0.000 -0.000  0.000
  35 C    6  0.000 -0.000  0.000 -0.000  0.000 -0.000 -0.000  0.000 -0.000
  36 C    6  0.000 -0.000  0.000 -0.000  0.000 -0.000 -0.000  0.000 -0.000
  37 C    6  0.000 -0.000  0.000 -0.000  0.000 -0.000  0.000 -0.000  0.000
  38 C    6  0.000 -0.000  0.000 -0.000  0.000 -0.000  0.000 -0.000  0.000
  39 C    6 -0.000 -0.000  0.000 -0.000 -0.000 -0.000  0.000 -0.000 -0.000
  40 C    6 -0.000 -0.000  0.000 -0.000 -0.000 -0.000  0.000 -0.000 -0.000

 OVERLAP POPULATION CONDENSED TO ATOMS FOR FIRST   6 NEIGHBORS

 ATOM A   1 C    ATOM B     CELL      R(AB)/AU R(AB)/ANG    OVPOP(AB)
                 22 C    (  0  0  0)     2.549     1.349     0.000
                  9 C    (  0  1 -1)     2.856     1.511     0.000
                 20 C    (  0  1  0)     2.913     1.542    -0.000
                 32 C    (  0  1 -1)     4.544     2.405    -0.000
                 32 C    (  0  1  0)     4.589     2.428     0.000
                  7 C    (  0  1  0)     4.767     2.523     0.000

 ATOM A   3 C    ATOM B     CELL      R(AB)/AU R(AB)/ANG    OVPOP(AB)
                 24 C    (  0  1 -1)     2.506     1.326     0.000
                 11 C    (  0  0  0)     2.745     1.453     0.000
                 18 C    (  0  0  0)     2.770     1.466     0.000
                 30 C    (  0  0  0)     3.936     2.083    -0.000
                  5 C    (  0  0  0)     4.777     2.528    -0.000
                 26 C    (  0  1 -1)     4.806     2.543     0.000

 ATOM A   5 C    ATOM B     CELL      R(AB)/AU R(AB)/ANG    OVPOP(AB)
                 18 C    (  0  0  0)     2.533     1.340    -0.000
                 13 C    (  0  0  0)     2.723     1.441    -0.000
                 22 C    (  0  0  0)     2.890     1.529    -0.000
                 28 C    (  0  0  0)     3.947     2.088     0.000
                  3 C    (  0  0  0)     4.777     2.528    -0.000
                 33 C    (  0  0  0)     5.005     2.649     0.000

 ATOM A   7 C    ATOM B     CELL      R(AB)/AU R(AB)/ANG    OVPOP(AB)
                 20 C    (  0  0  0)     2.589     1.370     0.000
                 15 C    (  0  0  0)     2.750     1.455     0.000
                 24 C    (  0  0 -1)     2.862     1.514    -0.000
                 26 C    (  0  0 -1)     4.021     2.128    -0.000
                  1 C    (  0 -1  0)     4.767     2.523     0.000
                 35 C    (  0  0 -1)     4.917     2.602     0.000

 ATOM A   9 C    ATOM B     CELL      R(AB)/AU R(AB)/ANG    OVPOP(AB)
                 39 C    (  0  0  0)     2.543     1.346     0.000
                  1 C    (  0 -1  1)     2.856     1.511     0.000
                 32 C    (  0  0  0)     2.890     1.529     0.000
                 31 C    (  0  0  0)     4.460     2.360     0.000
                 20 C    (  0  0  0)     4.542     2.403    -0.000
                 40 C    (  0  0  0)     4.555     2.411    -0.000

 ATOM A  11 C    ATOM B     CELL      R(AB)/AU R(AB)/ANG    OVPOP(AB)
                 37 C    (  0  1 -1)     2.582     1.366    -0.000
                  3 C    (  0  0  0)     2.745     1.453     0.000
                 30 C    (  0  0  0)     2.763     1.462     0.000
                 18 C    (  0  0  0)     3.932     2.081    -0.000
                 38 C    (  1  0  0)     4.512     2.387    -0.000
                 29 C    (  0  0 -1)     4.561     2.414    -0.000

 ATOM A  13 C    ATOM B     CELL      R(AB)/AU R(AB)/ANG    OVPOP(AB)
                 33 C    (  0  0  0)     2.559     1.354     0.000
                  5 C    (  0  0  0)     2.723     1.441    -0.000
                 28 C    (  0  0  0)     2.761     1.461    -0.000
                 22 C    (  0  0  0)     3.962     2.097     0.000
                 36 C    (  0  0  0)     4.431     2.345    -0.000
                 25 C    (  0  0  0)     4.541     2.403    -0.000

 ATOM A  15 C    ATOM B     CELL      R(AB)/AU R(AB)/ANG    OVPOP(AB)
                 35 C    (  0  0 -1)     2.540     1.344    -0.000
                 26 C    (  0  0 -1)     2.723     1.441    -0.000
                  7 C    (  0  0  0)     2.750     1.455     0.000
                 24 C    (  0  0 -1)     3.833     2.028     0.000
                 27 C    (  0  0 -1)     4.522     2.393    -0.000
                 34 C    (  0  0 -1)     4.569     2.418    -0.000

 ATOM A  17 C    ATOM B     CELL      R(AB)/AU R(AB)/ANG    OVPOP(AB)
                  6 C    (  0  0  0)     2.533     1.340    -0.000
                  4 C    (  0  0  0)     2.770     1.466     0.000
                 29 C    (  0  0  0)     2.861     1.514     0.000
                 12 C    (  0  0  0)     3.932     2.081    -0.000
                 14 C    (  0  0  0)     4.720     2.498     0.000
                 23 C    (  1  0  1)     4.857     2.570     0.000

 ATOM A  19 C    ATOM B     CELL      R(AB)/AU R(AB)/ANG    OVPOP(AB)
                  8 C    (  0  0  0)     2.589     1.370     0.000
                 31 C    (  0  0  0)     2.819     1.492    -0.000
                  2 C    ( -1  0  0)     2.913     1.542    -0.000
                 10 C    (  0  0  0)     4.542     2.403    -0.000
                 10 C    (  0  0  1)     4.706     2.490    -0.000
                 21 C    ( -1  0  0)     4.926     2.607     0.000

 ATOM A  21 C    ATOM B     CELL      R(AB)/AU R(AB)/ANG    OVPOP(AB)
                  2 C    (  0  0  0)     2.549     1.349     0.000
                 27 C    (  0  0  0)     2.846     1.506    -0.000
                  6 C    (  0  0  0)     2.890     1.529    -0.000
                 14 C    (  0  0  0)     3.962     2.097     0.000
                 10 C    (  1  0  1)     4.707     2.491    -0.000
                 17 C    (  0  0  0)     4.923     2.605     0.000

 ATOM A  23 C    ATOM B     CELL      R(AB)/AU R(AB)/ANG    OVPOP(AB)
                  4 C    ( -1  0 -1)     2.506     1.326     0.000
                 25 C    (  0  0  0)     2.780     1.471    -0.000
                  8 C    (  0  0 -1)     2.862     1.514    -0.000
                 16 C    (  0  0 -1)     3.833     2.028     0.000
                 12 C    ( -1  0 -1)     4.835     2.558     0.000
                 17 C    ( -1  0 -1)     4.857     2.570     0.000

 ATOM A  25 C    ATOM B     CELL      R(AB)/AU R(AB)/ANG    OVPOP(AB)
                 28 C    (  0  0  0)     2.588     1.370    -0.000
                 16 C    (  0  0 -1)     2.723     1.441    -0.000
                 23 C    (  0  0  0)     2.780     1.471    -0.000
                  8 C    (  0  0 -1)     4.021     2.128    -0.000
                 13 C    (  0  0  0)     4.541     2.403    -0.000
                 36 C    (  0  0  0)     4.635     2.453     0.000

 ATOM A  27 C    ATOM B     CELL      R(AB)/AU R(AB)/ANG    OVPOP(AB)
                 26 C    (  0  0  0)     2.588     1.370    -0.000
                 14 C    (  0  0  0)     2.761     1.461    -0.000
                 21 C    (  0  0  0)     2.846     1.506    -0.000
                  6 C    (  0  0  0)     3.947     2.088     0.000
                 15 C    (  0  0  1)     4.522     2.393    -0.000
                 34 C    (  0  0  0)     4.724     2.500     0.000

 ATOM A  29 C    ATOM B     CELL      R(AB)/AU R(AB)/ANG    OVPOP(AB)
                 30 C    (  0  0  1)     2.597     1.375     0.000
                 12 C    (  0  0  0)     2.763     1.462     0.000
                 17 C    (  0  0  0)     2.861     1.514     0.000
                  4 C    (  0  0  0)     3.936     2.083    -0.000
                 11 C    (  0  0  1)     4.561     2.414    -0.000
                 38 C    (  1  0  1)     4.757     2.517     0.000

 ATOM A  31 C    ATOM B     CELL      R(AB)/AU R(AB)/ANG    OVPOP(AB)
                 32 C    (  0  0  0)     2.741     1.450     0.000
                 19 C    (  0  0  0)     2.819     1.492    -0.000
                 10 C    (  0  0  0)     2.890     1.529     0.000
                  9 C    (  0  0  0)     4.460     2.360     0.000
                  2 C    ( -1  0 -1)     4.544     2.405    -0.000
                  2 C    ( -1  0  0)     4.589     2.428     0.000

 ATOM A  33 C    ATOM B     CELL      R(AB)/AU R(AB)/ANG    OVPOP(AB)
                 13 C    (  0  0  0)     2.559     1.354     0.000
                 36 C    (  0  0  0)     2.753     1.457     0.000
                 34 C    (  0  0  0)     2.816     1.490    -0.000
                 35 C    (  0  0 -1)     4.389     2.323    -0.000
                 35 C    (  0  0  0)     4.551     2.408     0.000
                 16 C    (  0  0 -1)     4.569     2.418    -0.000

 ATOM A  35 C    ATOM B     CELL      R(AB)/AU R(AB)/ANG    OVPOP(AB)
                 15 C    (  0  0  1)     2.540     1.344    -0.000
                 36 C    (  0  0  1)     2.744     1.452     0.000
                 34 C    (  0  0  0)     2.753     1.457     0.000
                 33 C    (  0  0  1)     4.389     2.323    -0.000
                 14 C    (  0  0  0)     4.431     2.345    -0.000
                 33 C    (  0  0  0)     4.551     2.408     0.000

 ATOM A  37 C    ATOM B     CELL      R(AB)/AU R(AB)/ANG    OVPOP(AB)
                 11 C    (  0 -1  1)     2.582     1.366    -0.000
                 38 C    (  1 -1  1)     2.716     1.437    -0.000
                 40 C    (  1  0  1)     2.813     1.489     0.000
                 39 C    (  1  0  0)     4.472     2.367     0.000
                 12 C    (  0 -1  0)     4.512     2.387    -0.000
                 39 C    (  1  0  1)     4.535     2.400    -0.000

 ATOM A  39 C    ATOM B     CELL      R(AB)/AU R(AB)/ANG    OVPOP(AB)
                  9 C    (  0  0  0)     2.543     1.346     0.000
                 38 C    (  0 -1  1)     2.813     1.489     0.000
                 40 C    (  0  0  0)     2.828     1.497     0.000
                 37 C    ( -1  0  0)     4.472     2.367     0.000
                 37 C    ( -1  0 -1)     4.535     2.400    -0.000
                 10 C    (  0  0  0)     4.555     2.411    -0.000
 EIGENVECTORS IN FORTRAN UNIT  8
 TTTTTTTTTTTTTTTTTTTTTTTTTTTTTT END         TELAPSE     3550.27 TCPU     3478.43
 EEEEEEEEEE TERMINATION  DATE 24 01 2026 TIME 23:21:33.4
NODE    0 CPU TIME =      3478.430
NODE    1 CPU TIME =      3479.746
NODE    2 CPU TIME =      3479.380
NODE    3 CPU TIME =      3478.571
NODE    4 CPU TIME =      3481.835
NODE    5 CPU TIME =      3477.430
NODE    6 CPU TIME =      3478.088
NODE    7 CPU TIME =      3483.764
NODE    8 CPU TIME =      3477.584
NODE    9 CPU TIME =      3468.831
NODE   10 CPU TIME =      3476.841
NODE   11 CPU TIME =      3478.236
NODE   12 CPU TIME =      3480.828
NODE   13 CPU TIME =      3478.727
NODE   14 CPU TIME =      3479.840
NODE   15 CPU TIME =      3479.216
NODE   16 CPU TIME =      3478.403
NODE   17 CPU TIME =      3476.695
NODE   18 CPU TIME =      3478.900
NODE   19 CPU TIME =      3483.609
NODE   20 CPU TIME =      3478.462
NODE   21 CPU TIME =      3481.106
NODE   22 CPU TIME =      3481.873
NODE   23 CPU TIME =      3481.860
NODE   24 CPU TIME =      3475.946
NODE   25 CPU TIME =      3477.570
NODE   26 CPU TIME =      3475.511
NODE   27 CPU TIME =      3477.657
NODE   28 CPU TIME =      3470.691
NODE   29 CPU TIME =      3479.225
NODE   30 CPU TIME =      3472.989
NODE   31 CPU TIME =      3472.900
    TOTAL CPU TIME =    111300.744
