MPI startup(): Warning: I_MPI_PMI_LIBRARY will be ignored since the hydra process manager was found
MPI startup(): Warning: I_MPI_PMI_LIBRARY will be ignored since the hydra process manager was found
MPI startup(): Warning: I_MPI_PMI_LIBRARY will be ignored since the hydra process manager was found
MPI startup(): Warning: I_MPI_PMI_LIBRARY will be ignored since the hydra process manager was found
MPI startup(): Warning: I_MPI_PMI_LIBRARY will be ignored since the hydra process manager was found
MPI startup(): Warning: I_MPI_PMI_LIBRARY will be ignored since the hydra process manager was found
MPI startup(): Warning: I_MPI_PMI_LIBRARY will be ignored since the hydra process manager was found
MPI startup(): Warning: I_MPI_PMI_LIBRARY will be ignored since the hydra process manager was found
MPI startup(): Warning: I_MPI_PMI_LIBRARY will be ignored since the hydra process manager was found
MPI startup(): Warning: I_MPI_PMI_LIBRARY will be ignored since the hydra process manager was found
MPI startup(): Warning: I_MPI_PMI_LIBRARY will be ignored since the hydra process manager was found
MPI startup(): Warning: I_MPI_PMI_LIBRARY will be ignored since the hydra process manager was found
MPI startup(): Warning: I_MPI_PMI_LIBRARY will be ignored since the hydra process manager was found
MPI startup(): Warning: I_MPI_PMI_LIBRARY will be ignored since the hydra process manager was found
MPI startup(): Warning: I_MPI_PMI_LIBRARY will be ignored since the hydra process manager was found
MPI startup(): Warning: I_MPI_PMI_LIBRARY will be ignored since the hydra process manager was found
MPI startup(): Warning: I_MPI_PMI_LIBRARY will be ignored since the hydra process manager was found
MPI startup(): Warning: I_MPI_PMI_LIBRARY will be ignored since the hydra process manager was found
MPI startup(): Warning: I_MPI_PMI_LIBRARY will be ignored since the hydra process manager was found
MPI startup(): Warning: I_MPI_PMI_LIBRARY will be ignored since the hydra process manager was found
MPI startup(): Warning: I_MPI_PMI_LIBRARY will be ignored since the hydra process manager was found
MPI startup(): Warning: I_MPI_PMI_LIBRARY will be ignored since the hydra process manager was found
MPI startup(): Warning: I_MPI_PMI_LIBRARY will be ignored since the hydra process manager was found
MPI startup(): Warning: I_MPI_PMI_LIBRARY will be ignored since the hydra process manager was found
MPI startup(): Warning: I_MPI_PMI_LIBRARY will be ignored since the hydra process manager was found
MPI startup(): Warning: I_MPI_PMI_LIBRARY will be ignored since the hydra process manager was found
MPI startup(): Warning: I_MPI_PMI_LIBRARY will be ignored since the hydra process manager was found
MPI startup(): Warning: I_MPI_PMI_LIBRARY will be ignored since the hydra process manager was found
MPI startup(): Warning: I_MPI_PMI_LIBRARY will be ignored since the hydra process manager was found
MPI startup(): Warning: I_MPI_PMI_LIBRARY will be ignored since the hydra process manager was found
MPI startup(): Warning: I_MPI_PMI_LIBRARY will be ignored since the hydra process manager was found
MPI startup(): Warning: I_MPI_PMI_LIBRARY will be ignored since the hydra process manager was found
 PROCESS            8  OF           32  WORKING
 PROCESS           15  OF           32  WORKING
 PROCESS            5  OF           32  WORKING
 PROCESS           28  OF           32  WORKING
 PROCESS            3  OF           32  WORKING
 PROCESS           17  OF           32  WORKING
 PROCESS            6  OF           32  WORKING
 PROCESS            7  OF           32  WORKING
 PROCESS           18  OF           32  WORKING
 PROCESS           21  OF           32  WORKING
 PROCESS           29  OF           32  WORKING
 PROCESS            1  OF           32  WORKING
 PROCESS           19  OF           32  WORKING
 PROCESS           22  OF           32  WORKING
 PROCESS            2  OF           32  WORKING
 PROCESS           23  OF           32  WORKING
 PROCESS            4  OF           32  WORKING
 PROCESS           24  OF           32  WORKING
 PROCESS           26  OF           32  WORKING
 PROCESS           27  OF           32  WORKING
 PROCESS           14  OF           32  WORKING
 PROCESS           20  OF           32  WORKING
 PROCESS           12  OF           32  WORKING
 PROCESS           25  OF           32  WORKING
 PROCESS            0  OF           32  WORKING
 PROCESS           30  OF           32  WORKING
 PROCESS           13  OF           32  WORKING
 PROCESS           31  OF           32  WORKING
 PROCESS           11  OF           32  WORKING
 PROCESS           16  OF           32  WORKING
 PROCESS           10  OF           32  WORKING

         
 *******************************************************************************
 *                                                                             *
 *                               CRYSTAL23                                     *
 *                      public : 1.0.1 - October 2022                          *
 *                       HTTP://WWW.CRYSTAL.UNITO.IT                           *
 *                                                                             *
 *                              MAIN AUTHORS                                   *
 *                                                                             *
 *  R. DOVESI(1,11), V.R. SAUNDERS(2), C. ROETTI(1,11), R. ORLANDO(1,11),      *
 *  C.M. ZICOVICH-WILSON(1,3), F. PASCALE(4), B. CIVALLERI(1,11),              *
 *  K. DOLL(5), N.M. HARRISON(6), I.J. BUSH(7), Ph. D'ARCO(8),                 *
 *  M. LLUNELL(9), M. CAUSA'(10), Y. NOEL(8), L. MASCHIO(1,11), A. ERBA(1,11)  *
 *  M. RE'RAT(14), S. CASASSA(1,11), B.G. SEARLE(2), J.K. DESMARAIS(1)         *
 *                                                                             *
 *        CONTRIBUTIONS TO THE CODE HAVE ALSO BEEN GIVEN BY                    *
 *                                                                             *
 *  M. FERRABONE(1,11), M. DE LA PIERRE(1,11), M. FERRERO(1,11),               *
 *  J. BAIMA(1,11), E. ALBANESE(1,11), M.F. PEINTINGER(12), R. BAST(13),       *
 *  B. KIRTMAN(15), V. LACIVITA(1,11), R. DEMICHELIS(1,16)                     *
 *  G. BRANDEBURG(17), S. SALUSTRO(1,11), G. SANSONE(1,11)                     *
 *  M.T. RUGGIERO(18), L.E. DAGA(1), L. DONA'(1), A. COSSARD(1)                *
 *                                                                             *
 * (1) THEORETICAL CHEMISTRY GROUP - UNIVERSITA' DI TORINO - TORINO (ITALY)    *
 * (2) SCIENTIFIC COMPUTING DEPARTMENT - STFC DARESBURY (UK)                   *
 * (3) UNIVERSIDAD AUTONOMA DEL ESTADO DE MORELOS - CUERNAVACA (MEXICO)        *
 * (4) UNIVERSITE' DE LORRAINE - NANCY (FRANCE)                                *
 * (5) UNIVERSITAET STUTTGART- STUTTGART (GERMANY)                             *
 * (6) IMPERIAL COLLEGE - LONDON (UK)                                          *
 * (7) SCIENTIFIC COMPUTING DEPARTMENT - STFC RAL (UK)                         *
 * (8) UPMC - SORBONNE UNIVERSITES - PARIS (FRANCE)                            *
 * (9) UNIVERSIDAD DE BARCELONA - BARCELONA (SPAIN)                            *
 *(10) UNIVERSITA' DI NAPOLI "FEDERICO II" - NAPOLI (ITALY)                    *
 *(11) NIS - NANOSTRUCTURED INTERFACES AND SURFACES - TORINO (ITALY)           *
 *(12) MPI FUER CHEMISCHE ENERGIEKONVERSION - MUELHEIM AN DER RUHR (GERMANY)   *
 *(13) UNIVERSITY OF TROMSO - TROMSO (NORWAY)                                  *
 *(14) UNIVERSITE' DE PAU ET DES PAYS DE L'ADOUR - PAU (FRANCE)                *
 *(15) UNIVERSITY OF CALIFORNIA SANTA BARBARA - SANTA BARBARA (USA)            *
 *(16) CURTIN UNIVERSITY - PERTH (AUSTRALIA)                                   *
 *(17) UNIVERSITY COLLEGE LONDON - LONDON (UK)                                 *
 *(18) UNIVERSITY OF VERMONT - BURLINGTON (USA)                                *
 *                                                                             *
 *******************************************************************************
 EEEEEEEEEE STARTING  DATE 31 01 2026 TIME 00:04:28.3
 ./3^5T37-CA_rev1_sp_B3LYP-D3-D3_optimized                                       
 PROCESS            9  OF           32  WORKING

 CRYSTAL CALCULATION
 (INPUT ACCORDING TO THE INTERNATIONAL TABLES FOR X-RAY CRYSTALLOGRAPHY)
 CRYSTAL FAMILY                       :  CUBIC       
 CRYSTAL CLASS  (GROTH - 1921)        :  CUBIC DYAKISDODECAHEDRAL             

 SPACE GROUP (CENTROSYMMETRIC)        :  P N 3           

 LATTICE PARAMETERS  (ANGSTROMS AND DEGREES) - CONVENTIONAL CELL
        A           B           C        ALPHA        BETA       GAMMA
    10.95335    10.95335    10.95335    90.00000    90.00000    90.00000


 NUMBER OF IRREDUCIBLE ATOMS IN THE CONVENTIONAL CELL:    5

 INPUT COORDINATES

 ATOM AT. N.              COORDINATES
   1   6     9.772578936760E-02 -4.456928639645E-02  3.089444876497E-01
   2   6     4.884625743327E-01  1.908110680984E-01  4.317719724722E-01
   3   6    -1.907398679144E-01 -2.698189331401E-01  5.972894066902E-02
   4   6    -4.245124566526E-01  9.858048432489E-02  2.547584893319E-02
   5   6     3.262289517561E-01 -6.988919793869E-03  3.882707042500E-01

 *******************************************************************************

 << INFORMATION >>: FROM NOW ON, ALL COORDINATES REFER TO THE PRIMITIVE CELL

 *******************************************************************************

 LATTICE PARAMETERS  (ANGSTROMS AND DEGREES) - PRIMITIVE CELL
       A          B          C        ALPHA      BETA     GAMMA        VOLUME
   10.95335   10.95335   10.95335    90.00000  90.00000  90.00000   1314.137753

 COORDINATES OF THE EQUIVALENT ATOMS (FRACTIONAL UNITS)

 N. ATOM EQUIV AT. N.          X                  Y                  Z

   1   1   1    6 C     9.77257893676E-02 -4.45692863964E-02  3.08944487650E-01
   2   1   2    6 C     4.02274210632E-01 -4.55430713604E-01  3.08944487650E-01
   3   1   3    6 C     9.77257893676E-02 -4.55430713604E-01  1.91055512350E-01
   4   1   4    6 C     4.02274210632E-01 -4.45692863964E-02  1.91055512350E-01
   5   1   5    6 C     3.08944487650E-01  9.77257893676E-02 -4.45692863964E-02
   6   1   6    6 C    -4.45692863964E-02  3.08944487650E-01  9.77257893676E-02
   7   1   7    6 C     1.91055512350E-01  4.02274210632E-01 -4.45692863964E-02
   8   1   8    6 C    -4.55430713604E-01  3.08944487650E-01  4.02274210632E-01
   9   1   9    6 C     3.08944487650E-01  4.02274210632E-01 -4.55430713604E-01
  10   1  10    6 C    -4.55430713604E-01  1.91055512350E-01  9.77257893676E-02
  11   1  11    6 C     1.91055512350E-01  9.77257893676E-02 -4.55430713604E-01
  12   1  12    6 C    -4.45692863964E-02  1.91055512350E-01  4.02274210632E-01
  13   1  13    6 C    -9.77257893676E-02  4.45692863964E-02 -3.08944487650E-01
  14   1  14    6 C    -4.02274210632E-01  4.55430713604E-01 -3.08944487650E-01
  15   1  15    6 C    -9.77257893676E-02  4.55430713604E-01 -1.91055512350E-01
  16   1  16    6 C    -4.02274210632E-01  4.45692863964E-02 -1.91055512350E-01
  17   1  17    6 C    -3.08944487650E-01 -9.77257893676E-02  4.45692863964E-02
  18   1  18    6 C     4.45692863964E-02 -3.08944487650E-01 -9.77257893676E-02
  19   1  19    6 C    -1.91055512350E-01 -4.02274210632E-01  4.45692863964E-02
  20   1  20    6 C     4.55430713604E-01 -3.08944487650E-01 -4.02274210632E-01
  21   1  21    6 C    -3.08944487650E-01 -4.02274210632E-01  4.55430713604E-01
  22   1  22    6 C     4.55430713604E-01 -1.91055512350E-01 -9.77257893676E-02
  23   1  23    6 C    -1.91055512350E-01 -9.77257893676E-02  4.55430713604E-01
  24   1  24    6 C     4.45692863964E-02 -1.91055512350E-01 -4.02274210632E-01

  25   2   1    6 C     4.88462574333E-01  1.90811068098E-01  4.31771972472E-01
  26   2   2    6 C     1.15374256673E-02  3.09188931902E-01  4.31771972472E-01
  27   2   3    6 C     4.88462574333E-01  3.09188931902E-01  6.82280275278E-02
  28   2   4    6 C     1.15374256673E-02  1.90811068098E-01  6.82280275278E-02
  29   2   5    6 C     4.31771972472E-01  4.88462574333E-01  1.90811068098E-01
  30   2   6    6 C     1.90811068098E-01  4.31771972472E-01  4.88462574333E-01
  31   2   7    6 C     6.82280275278E-02  1.15374256673E-02  1.90811068098E-01
  32   2   8    6 C     3.09188931902E-01  4.31771972472E-01  1.15374256673E-02
  33   2   9    6 C     4.31771972472E-01  1.15374256673E-02  3.09188931902E-01
  34   2  10    6 C     3.09188931902E-01  6.82280275278E-02  4.88462574333E-01
  35   2  11    6 C     6.82280275278E-02  4.88462574333E-01  3.09188931902E-01
  36   2  12    6 C     1.90811068098E-01  6.82280275278E-02  1.15374256673E-02
  37   2  13    6 C    -4.88462574333E-01 -1.90811068098E-01 -4.31771972472E-01
  38   2  14    6 C    -1.15374256673E-02 -3.09188931902E-01 -4.31771972472E-01
  39   2  15    6 C    -4.88462574333E-01 -3.09188931902E-01 -6.82280275278E-02
  40   2  16    6 C    -1.15374256673E-02 -1.90811068098E-01 -6.82280275278E-02
  41   2  17    6 C    -4.31771972472E-01 -4.88462574333E-01 -1.90811068098E-01
  42   2  18    6 C    -1.90811068098E-01 -4.31771972472E-01 -4.88462574333E-01
  43   2  19    6 C    -6.82280275278E-02 -1.15374256673E-02 -1.90811068098E-01
  44   2  20    6 C    -3.09188931902E-01 -4.31771972472E-01 -1.15374256673E-02
  45   2  21    6 C    -4.31771972472E-01 -1.15374256673E-02 -3.09188931902E-01
  46   2  22    6 C    -3.09188931902E-01 -6.82280275278E-02 -4.88462574333E-01
  47   2  23    6 C    -6.82280275278E-02 -4.88462574333E-01 -3.09188931902E-01
  48   2  24    6 C    -1.90811068098E-01 -6.82280275278E-02 -1.15374256673E-02

  49   3   1    6 C    -1.90739867914E-01 -2.69818933140E-01  5.97289406690E-02
  50   3   2    6 C    -3.09260132086E-01 -2.30181066860E-01  5.97289406690E-02
  51   3   3    6 C    -1.90739867914E-01 -2.30181066860E-01  4.40271059331E-01
  52   3   4    6 C    -3.09260132086E-01 -2.69818933140E-01  4.40271059331E-01
  53   3   5    6 C     5.97289406690E-02 -1.90739867914E-01 -2.69818933140E-01
  54   3   6    6 C    -2.69818933140E-01  5.97289406690E-02 -1.90739867914E-01
  55   3   7    6 C     4.40271059331E-01 -3.09260132086E-01 -2.69818933140E-01
  56   3   8    6 C    -2.30181066860E-01  5.97289406690E-02 -3.09260132086E-01
  57   3   9    6 C     5.97289406690E-02 -3.09260132086E-01 -2.30181066860E-01
  58   3  10    6 C    -2.30181066860E-01  4.40271059331E-01 -1.90739867914E-01
  59   3  11    6 C     4.40271059331E-01 -1.90739867914E-01 -2.30181066860E-01
  60   3  12    6 C    -2.69818933140E-01  4.40271059331E-01 -3.09260132086E-01
  61   3  13    6 C     1.90739867914E-01  2.69818933140E-01 -5.97289406690E-02
  62   3  14    6 C     3.09260132086E-01  2.30181066860E-01 -5.97289406690E-02
  63   3  15    6 C     1.90739867914E-01  2.30181066860E-01 -4.40271059331E-01
  64   3  16    6 C     3.09260132086E-01  2.69818933140E-01 -4.40271059331E-01
  65   3  17    6 C    -5.97289406690E-02  1.90739867914E-01  2.69818933140E-01
  66   3  18    6 C     2.69818933140E-01 -5.97289406690E-02  1.90739867914E-01
  67   3  19    6 C    -4.40271059331E-01  3.09260132086E-01  2.69818933140E-01
  68   3  20    6 C     2.30181066860E-01 -5.97289406690E-02  3.09260132086E-01
  69   3  21    6 C    -5.97289406690E-02  3.09260132086E-01  2.30181066860E-01
  70   3  22    6 C     2.30181066860E-01 -4.40271059331E-01  1.90739867914E-01
  71   3  23    6 C    -4.40271059331E-01  1.90739867914E-01  2.30181066860E-01
  72   3  24    6 C     2.69818933140E-01 -4.40271059331E-01  3.09260132086E-01

  73   4   1    6 C    -4.24512456653E-01  9.85804843249E-02  2.54758489332E-02
  74   4   2    6 C    -7.54875433474E-02  4.01419515675E-01  2.54758489332E-02
  75   4   3    6 C    -4.24512456653E-01  4.01419515675E-01  4.74524151067E-01
  76   4   4    6 C    -7.54875433474E-02  9.85804843249E-02  4.74524151067E-01
  77   4   5    6 C     2.54758489332E-02 -4.24512456653E-01  9.85804843249E-02
  78   4   6    6 C     9.85804843249E-02  2.54758489332E-02 -4.24512456653E-01
  79   4   7    6 C     4.74524151067E-01 -7.54875433474E-02  9.85804843249E-02
  80   4   8    6 C     4.01419515675E-01  2.54758489332E-02 -7.54875433474E-02
  81   4   9    6 C     2.54758489332E-02 -7.54875433474E-02  4.01419515675E-01
  82   4  10    6 C     4.01419515675E-01  4.74524151067E-01 -4.24512456653E-01
  83   4  11    6 C     4.74524151067E-01 -4.24512456653E-01  4.01419515675E-01
  84   4  12    6 C     9.85804843249E-02  4.74524151067E-01 -7.54875433474E-02
  85   4  13    6 C     4.24512456653E-01 -9.85804843249E-02 -2.54758489332E-02
  86   4  14    6 C     7.54875433474E-02 -4.01419515675E-01 -2.54758489332E-02
  87   4  15    6 C     4.24512456653E-01 -4.01419515675E-01 -4.74524151067E-01
  88   4  16    6 C     7.54875433474E-02 -9.85804843249E-02 -4.74524151067E-01
  89   4  17    6 C    -2.54758489332E-02  4.24512456653E-01 -9.85804843249E-02
  90   4  18    6 C    -9.85804843249E-02 -2.54758489332E-02  4.24512456653E-01
  91   4  19    6 C    -4.74524151067E-01  7.54875433474E-02 -9.85804843249E-02
  92   4  20    6 C    -4.01419515675E-01 -2.54758489332E-02  7.54875433474E-02
  93   4  21    6 C    -2.54758489332E-02  7.54875433474E-02 -4.01419515675E-01
  94   4  22    6 C    -4.01419515675E-01 -4.74524151067E-01  4.24512456653E-01
  95   4  23    6 C    -4.74524151067E-01  4.24512456653E-01 -4.01419515675E-01
  96   4  24    6 C    -9.85804843249E-02 -4.74524151067E-01  7.54875433474E-02

  97   5   1    6 C     3.26228951756E-01 -6.98891979387E-03  3.88270704250E-01
  98   5   2    6 C     1.73771048244E-01 -4.93011080206E-01  3.88270704250E-01
  99   5   3    6 C     3.26228951756E-01 -4.93011080206E-01  1.11729295750E-01
 100   5   4    6 C     1.73771048244E-01 -6.98891979387E-03  1.11729295750E-01
 101   5   5    6 C     3.88270704250E-01  3.26228951756E-01 -6.98891979387E-03
 102   5   6    6 C    -6.98891979387E-03  3.88270704250E-01  3.26228951756E-01
 103   5   7    6 C     1.11729295750E-01  1.73771048244E-01 -6.98891979387E-03
 104   5   8    6 C    -4.93011080206E-01  3.88270704250E-01  1.73771048244E-01
 105   5   9    6 C     3.88270704250E-01  1.73771048244E-01 -4.93011080206E-01
 106   5  10    6 C    -4.93011080206E-01  1.11729295750E-01  3.26228951756E-01
 107   5  11    6 C     1.11729295750E-01  3.26228951756E-01 -4.93011080206E-01
 108   5  12    6 C    -6.98891979387E-03  1.11729295750E-01  1.73771048244E-01
 109   5  13    6 C    -3.26228951756E-01  6.98891979387E-03 -3.88270704250E-01
 110   5  14    6 C    -1.73771048244E-01  4.93011080206E-01 -3.88270704250E-01
 111   5  15    6 C    -3.26228951756E-01  4.93011080206E-01 -1.11729295750E-01
 112   5  16    6 C    -1.73771048244E-01  6.98891979387E-03 -1.11729295750E-01
 113   5  17    6 C    -3.88270704250E-01 -3.26228951756E-01  6.98891979387E-03
 114   5  18    6 C     6.98891979387E-03 -3.88270704250E-01 -3.26228951756E-01
 115   5  19    6 C    -1.11729295750E-01 -1.73771048244E-01  6.98891979387E-03
 116   5  20    6 C     4.93011080206E-01 -3.88270704250E-01 -1.73771048244E-01
 117   5  21    6 C    -3.88270704250E-01 -1.73771048244E-01  4.93011080206E-01
 118   5  22    6 C     4.93011080206E-01 -1.11729295750E-01 -3.26228951756E-01
 119   5  23    6 C    -1.11729295750E-01 -3.26228951756E-01  4.93011080206E-01
 120   5  24    6 C     6.98891979387E-03 -1.11729295750E-01 -1.73771048244E-01

 NUMBER OF SYMMETRY OPERATORS         :   24
 *******************************************************************************
 * GEOMETRY EDITING - INPUT COORDINATES ARE GIVEN IN ANGSTROM         
 *******************************************************************************

 GEOMETRY NOW FULLY CONSISTENT WITH THE GROUP

 GCALCO - MAX INDICES DIRECT LATTICE VECTOR    14    14    14
 NO.OF VECTORS CREATED 6999 STARS  120 RMAX   245.78501 BOHR

 GEOMETRY FOR WAVE FUNCTION - DIMENSIONALITY OF THE SYSTEM    3
 (NON PERIODIC DIRECTION: LATTICE PARAMETER FORMALLY SET TO 500)
 *******************************************************************************
 LATTICE PARAMETERS (ANGSTROMS AND DEGREES) - BOHR = 0.5291772083 ANGSTROM
 PRIMITIVE CELL - CENTRING CODE 1/0 VOLUME=  1314.137753 - DENSITY  1.820 g/cm^3
         A              B              C           ALPHA      BETA       GAMMA 
    10.95334997    10.95334997    10.95334997    90.000000  90.000000  90.000000
 *******************************************************************************
 ATOMS IN THE ASYMMETRIC UNIT    5 - ATOMS IN THE UNIT CELL:  120
     ATOM                 X/A                 Y/B                 Z/C    
 *******************************************************************************
      1 T   6 C     9.772578936760E-02 -4.456928639645E-02  3.089444876497E-01
      2 F   6 C     4.022742106324E-01 -4.554307136035E-01  3.089444876497E-01
      3 F   6 C     9.772578936760E-02 -4.554307136035E-01  1.910555123503E-01
      4 F   6 C     4.022742106324E-01 -4.456928639645E-02  1.910555123503E-01
      5 F   6 C     3.089444876497E-01  9.772578936760E-02 -4.456928639645E-02
      6 F   6 C    -4.456928639645E-02  3.089444876497E-01  9.772578936760E-02
      7 F   6 C     1.910555123503E-01  4.022742106324E-01 -4.456928639645E-02
      8 F   6 C    -4.554307136036E-01  3.089444876497E-01  4.022742106324E-01
      9 F   6 C     3.089444876497E-01  4.022742106324E-01 -4.554307136035E-01
     10 F   6 C    -4.554307136036E-01  1.910555123503E-01  9.772578936760E-02
     11 F   6 C     1.910555123503E-01  9.772578936760E-02 -4.554307136035E-01
     12 F   6 C    -4.456928639645E-02  1.910555123503E-01  4.022742106324E-01
     13 F   6 C    -9.772578936760E-02  4.456928639645E-02 -3.089444876497E-01
     14 F   6 C    -4.022742106324E-01  4.554307136035E-01 -3.089444876497E-01
     15 F   6 C    -9.772578936760E-02  4.554307136035E-01 -1.910555123503E-01
     16 F   6 C    -4.022742106324E-01  4.456928639645E-02 -1.910555123503E-01
     17 F   6 C    -3.089444876497E-01 -9.772578936760E-02  4.456928639645E-02
     18 F   6 C     4.456928639645E-02 -3.089444876497E-01 -9.772578936760E-02
     19 F   6 C    -1.910555123503E-01 -4.022742106324E-01  4.456928639645E-02
     20 F   6 C     4.554307136035E-01 -3.089444876497E-01 -4.022742106324E-01
     21 F   6 C    -3.089444876497E-01 -4.022742106324E-01  4.554307136035E-01
     22 F   6 C     4.554307136035E-01 -1.910555123503E-01 -9.772578936760E-02
     23 F   6 C    -1.910555123503E-01 -9.772578936760E-02  4.554307136035E-01
     24 F   6 C     4.456928639645E-02 -1.910555123503E-01 -4.022742106324E-01
     25 T   6 C     4.884625743327E-01  1.908110680984E-01  4.317719724722E-01
     26 F   6 C     1.153742566730E-02  3.091889319016E-01  4.317719724722E-01
     27 F   6 C     4.884625743327E-01  3.091889319016E-01  6.822802752780E-02
     28 F   6 C     1.153742566730E-02  1.908110680984E-01  6.822802752780E-02
     29 F   6 C     4.317719724722E-01  4.884625743327E-01  1.908110680984E-01
     30 F   6 C     1.908110680984E-01  4.317719724722E-01  4.884625743327E-01
     31 F   6 C     6.822802752780E-02  1.153742566730E-02  1.908110680984E-01
     32 F   6 C     3.091889319016E-01  4.317719724722E-01  1.153742566730E-02
     33 F   6 C     4.317719724722E-01  1.153742566730E-02  3.091889319016E-01
     34 F   6 C     3.091889319016E-01  6.822802752780E-02  4.884625743327E-01
     35 F   6 C     6.822802752780E-02  4.884625743327E-01  3.091889319016E-01
     36 F   6 C     1.908110680984E-01  6.822802752780E-02  1.153742566730E-02
     37 F   6 C    -4.884625743327E-01 -1.908110680984E-01 -4.317719724722E-01
     38 F   6 C    -1.153742566730E-02 -3.091889319016E-01 -4.317719724722E-01
     39 F   6 C    -4.884625743327E-01 -3.091889319016E-01 -6.822802752780E-02
     40 F   6 C    -1.153742566730E-02 -1.908110680984E-01 -6.822802752780E-02
     41 F   6 C    -4.317719724722E-01 -4.884625743327E-01 -1.908110680984E-01
     42 F   6 C    -1.908110680984E-01 -4.317719724722E-01 -4.884625743327E-01
     43 F   6 C    -6.822802752780E-02 -1.153742566730E-02 -1.908110680984E-01
     44 F   6 C    -3.091889319016E-01 -4.317719724722E-01 -1.153742566730E-02
     45 F   6 C    -4.317719724722E-01 -1.153742566730E-02 -3.091889319016E-01
     46 F   6 C    -3.091889319016E-01 -6.822802752780E-02 -4.884625743327E-01
     47 F   6 C    -6.822802752780E-02 -4.884625743327E-01 -3.091889319016E-01
     48 F   6 C    -1.908110680984E-01 -6.822802752780E-02 -1.153742566730E-02
     49 T   6 C    -1.907398679144E-01 -2.698189331401E-01  5.972894066902E-02
     50 F   6 C    -3.092601320856E-01 -2.301810668599E-01  5.972894066902E-02
     51 F   6 C    -1.907398679144E-01 -2.301810668599E-01  4.402710593310E-01
     52 F   6 C    -3.092601320856E-01 -2.698189331401E-01  4.402710593310E-01
     53 F   6 C     5.972894066902E-02 -1.907398679144E-01 -2.698189331401E-01
     54 F   6 C    -2.698189331401E-01  5.972894066902E-02 -1.907398679144E-01
     55 F   6 C     4.402710593310E-01 -3.092601320856E-01 -2.698189331401E-01
     56 F   6 C    -2.301810668599E-01  5.972894066902E-02 -3.092601320856E-01
     57 F   6 C     5.972894066902E-02 -3.092601320856E-01 -2.301810668599E-01
     58 F   6 C    -2.301810668599E-01  4.402710593310E-01 -1.907398679144E-01
     59 F   6 C     4.402710593310E-01 -1.907398679144E-01 -2.301810668599E-01
     60 F   6 C    -2.698189331401E-01  4.402710593310E-01 -3.092601320856E-01
     61 F   6 C     1.907398679144E-01  2.698189331401E-01 -5.972894066902E-02
     62 F   6 C     3.092601320856E-01  2.301810668599E-01 -5.972894066902E-02
     63 F   6 C     1.907398679144E-01  2.301810668599E-01 -4.402710593310E-01
     64 F   6 C     3.092601320856E-01  2.698189331401E-01 -4.402710593310E-01
     65 F   6 C    -5.972894066902E-02  1.907398679144E-01  2.698189331401E-01
     66 F   6 C     2.698189331401E-01 -5.972894066902E-02  1.907398679144E-01
     67 F   6 C    -4.402710593310E-01  3.092601320856E-01  2.698189331401E-01
     68 F   6 C     2.301810668599E-01 -5.972894066902E-02  3.092601320856E-01
     69 F   6 C    -5.972894066902E-02  3.092601320856E-01  2.301810668599E-01
     70 F   6 C     2.301810668599E-01 -4.402710593310E-01  1.907398679144E-01
     71 F   6 C    -4.402710593310E-01  1.907398679144E-01  2.301810668599E-01
     72 F   6 C     2.698189331401E-01 -4.402710593310E-01  3.092601320856E-01
     73 T   6 C    -4.245124566526E-01  9.858048432489E-02  2.547584893319E-02
     74 F   6 C    -7.548754334740E-02  4.014195156751E-01  2.547584893319E-02
     75 F   6 C    -4.245124566526E-01  4.014195156751E-01  4.745241510668E-01
     76 F   6 C    -7.548754334740E-02  9.858048432489E-02  4.745241510668E-01
     77 F   6 C     2.547584893319E-02 -4.245124566526E-01  9.858048432489E-02
     78 F   6 C     9.858048432489E-02  2.547584893319E-02 -4.245124566526E-01
     79 F   6 C     4.745241510668E-01 -7.548754334740E-02  9.858048432489E-02
     80 F   6 C     4.014195156751E-01  2.547584893319E-02 -7.548754334740E-02
     81 F   6 C     2.547584893319E-02 -7.548754334740E-02  4.014195156751E-01
     82 F   6 C     4.014195156751E-01  4.745241510668E-01 -4.245124566526E-01
     83 F   6 C     4.745241510668E-01 -4.245124566526E-01  4.014195156751E-01
     84 F   6 C     9.858048432489E-02  4.745241510668E-01 -7.548754334740E-02
     85 F   6 C     4.245124566526E-01 -9.858048432489E-02 -2.547584893319E-02
     86 F   6 C     7.548754334740E-02 -4.014195156751E-01 -2.547584893319E-02
     87 F   6 C     4.245124566526E-01 -4.014195156751E-01 -4.745241510668E-01
     88 F   6 C     7.548754334740E-02 -9.858048432489E-02 -4.745241510668E-01
     89 F   6 C    -2.547584893319E-02  4.245124566526E-01 -9.858048432489E-02
     90 F   6 C    -9.858048432489E-02 -2.547584893319E-02  4.245124566526E-01
     91 F   6 C    -4.745241510668E-01  7.548754334740E-02 -9.858048432489E-02
     92 F   6 C    -4.014195156751E-01 -2.547584893319E-02  7.548754334740E-02
     93 F   6 C    -2.547584893319E-02  7.548754334740E-02 -4.014195156751E-01
     94 F   6 C    -4.014195156751E-01 -4.745241510668E-01  4.245124566526E-01
     95 F   6 C    -4.745241510668E-01  4.245124566526E-01 -4.014195156751E-01
     96 F   6 C    -9.858048432489E-02 -4.745241510668E-01  7.548754334740E-02
     97 T   6 C     3.262289517561E-01 -6.988919793869E-03  3.882707042500E-01
     98 F   6 C     1.737710482439E-01 -4.930110802061E-01  3.882707042500E-01
     99 F   6 C     3.262289517561E-01 -4.930110802061E-01  1.117292957500E-01
    100 F   6 C     1.737710482439E-01 -6.988919793869E-03  1.117292957500E-01
    101 F   6 C     3.882707042500E-01  3.262289517561E-01 -6.988919793869E-03
    102 F   6 C    -6.988919793869E-03  3.882707042500E-01  3.262289517561E-01
    103 F   6 C     1.117292957500E-01  1.737710482439E-01 -6.988919793869E-03
    104 F   6 C    -4.930110802061E-01  3.882707042500E-01  1.737710482439E-01
    105 F   6 C     3.882707042500E-01  1.737710482439E-01 -4.930110802061E-01
    106 F   6 C    -4.930110802061E-01  1.117292957500E-01  3.262289517561E-01
    107 F   6 C     1.117292957500E-01  3.262289517561E-01 -4.930110802061E-01
    108 F   6 C    -6.988919793869E-03  1.117292957500E-01  1.737710482439E-01
    109 F   6 C    -3.262289517561E-01  6.988919793869E-03 -3.882707042500E-01
    110 F   6 C    -1.737710482439E-01  4.930110802061E-01 -3.882707042500E-01
    111 F   6 C    -3.262289517561E-01  4.930110802061E-01 -1.117292957500E-01
    112 F   6 C    -1.737710482439E-01  6.988919793869E-03 -1.117292957500E-01
    113 F   6 C    -3.882707042500E-01 -3.262289517561E-01  6.988919793869E-03
    114 F   6 C     6.988919793869E-03 -3.882707042500E-01 -3.262289517561E-01
    115 F   6 C    -1.117292957500E-01 -1.737710482439E-01  6.988919793869E-03
    116 F   6 C     4.930110802061E-01 -3.882707042500E-01 -1.737710482439E-01
    117 F   6 C    -3.882707042500E-01 -1.737710482439E-01  4.930110802061E-01
    118 F   6 C     4.930110802061E-01 -1.117292957500E-01 -3.262289517561E-01
    119 F   6 C    -1.117292957500E-01 -3.262289517561E-01  4.930110802061E-01
    120 F   6 C     6.988919793869E-03 -1.117292957500E-01 -1.737710482439E-01

 T = ATOM BELONGING TO THE ASYMMETRIC UNIT

 ****   24 SYMMOPS - TRANSLATORS IN FRACTIONAL UNITS
 **** MATRICES AND TRANSLATORS IN THE CRYSTALLOGRAPHIC REFERENCE FRAME
   V INV                    ROTATION MATRICES                   TRANSLATORS
   1   1  1.00  0.00  0.00  0.00  1.00  0.00  0.00  0.00  1.00  0.00  0.00  0.00
   2   2 -1.00  0.00  0.00  0.00 -1.00  0.00  0.00  0.00  1.00  0.50  0.50  0.00
   3   3  1.00  0.00  0.00  0.00 -1.00  0.00  0.00  0.00 -1.00  0.00  0.50  0.50
   4   4 -1.00  0.00  0.00  0.00  1.00  0.00  0.00  0.00 -1.00  0.50  0.00  0.50
   5   6  0.00  0.00  1.00  1.00  0.00  0.00  0.00  1.00  0.00  0.00  0.00  0.00
   6   5  0.00  1.00  0.00  0.00  0.00  1.00  1.00  0.00  0.00  0.00  0.00  0.00
   7   8  0.00  0.00 -1.00 -1.00  0.00  0.00  0.00  1.00  0.00  0.50  0.50  0.00
   8   7  0.00 -1.00  0.00  0.00  0.00  1.00 -1.00  0.00  0.00  0.50  0.00  0.50
   9  10  0.00  0.00  1.00 -1.00  0.00  0.00  0.00 -1.00  0.00  0.00  0.50  0.50
  10   9  0.00 -1.00  0.00  0.00  0.00 -1.00  1.00  0.00  0.00  0.50  0.50  0.00
  11  12  0.00  0.00 -1.00  1.00  0.00  0.00  0.00 -1.00  0.00  0.50  0.00  0.50
  12  11  0.00  1.00  0.00  0.00  0.00 -1.00 -1.00  0.00  0.00  0.00  0.50  0.50
  13  13 -1.00  0.00  0.00  0.00 -1.00  0.00  0.00  0.00 -1.00  0.00  0.00  0.00
  14  14  1.00  0.00  0.00  0.00  1.00  0.00  0.00  0.00 -1.00  0.50  0.50  0.00
  15  15 -1.00  0.00  0.00  0.00  1.00  0.00  0.00  0.00  1.00  0.00  0.50  0.50
  16  16  1.00  0.00  0.00  0.00 -1.00  0.00  0.00  0.00  1.00  0.50  0.00  0.50
  17  18  0.00  0.00 -1.00 -1.00  0.00  0.00  0.00 -1.00  0.00  0.00  0.00  0.00
  18  17  0.00 -1.00  0.00  0.00  0.00 -1.00 -1.00  0.00  0.00  0.00  0.00  0.00
  19  20  0.00  0.00  1.00  1.00  0.00  0.00  0.00 -1.00  0.00  0.50  0.50  0.00
  20  19  0.00  1.00  0.00  0.00  0.00 -1.00  1.00  0.00  0.00  0.50  0.00  0.50
  21  22  0.00  0.00 -1.00  1.00  0.00  0.00  0.00  1.00  0.00  0.00  0.50  0.50
  22  21  0.00  1.00  0.00  0.00  0.00  1.00 -1.00  0.00  0.00  0.50  0.50  0.00
  23  24  0.00  0.00  1.00 -1.00  0.00  0.00  0.00  1.00  0.00  0.50  0.00  0.50
  24  23  0.00 -1.00  0.00  0.00  0.00  1.00  1.00  0.00  0.00  0.00  0.50  0.50

 DIRECT LATTICE VECTORS CARTESIAN COMPONENTS (ANGSTROM)
          X                    Y                    Z
   0.109533499700E+02   0.000000000000E+00   0.000000000000E+00
   0.000000000000E+00   0.109533499700E+02   0.000000000000E+00
   0.000000000000E+00   0.000000000000E+00   0.109533499700E+02


 CARTESIAN COORDINATES - PRIMITIVE CELL
 *******************************************************************************
 *      ATOM          X(ANGSTROM)         Y(ANGSTROM)         Z(ANGSTROM)
 *******************************************************************************
    1     6 C     1.070424772038E+00 -4.881829918135E-01  3.383977094530E+00
    2     6 C     4.406250212962E+00 -4.988491993187E+00  3.383977094530E+00
    3     6 C     1.070424772038E+00 -4.988491993187E+00  2.092697890470E+00
    4     6 C     4.406250212962E+00 -4.881829918135E-01  2.092697890470E+00
    5     6 C     3.383977094530E+00  1.070424772038E+00 -4.881829918135E-01
    6     6 C    -4.881829918135E-01  3.383977094530E+00  1.070424772038E+00
    7     6 C     2.092697890470E+00  4.406250212962E+00 -4.881829918135E-01
    8     6 C    -4.988491993187E+00  3.383977094530E+00  4.406250212962E+00
    9     6 C     3.383977094530E+00  4.406250212962E+00 -4.988491993187E+00
   10     6 C    -4.988491993187E+00  2.092697890470E+00  1.070424772038E+00
   11     6 C     2.092697890470E+00  1.070424772038E+00 -4.988491993187E+00
   12     6 C    -4.881829918135E-01  2.092697890470E+00  4.406250212962E+00
   13     6 C    -1.070424772038E+00  4.881829918135E-01 -3.383977094530E+00
   14     6 C    -4.406250212962E+00  4.988491993187E+00 -3.383977094530E+00
   15     6 C    -1.070424772038E+00  4.988491993187E+00 -2.092697890470E+00
   16     6 C    -4.406250212962E+00  4.881829918135E-01 -2.092697890470E+00
   17     6 C    -3.383977094530E+00 -1.070424772038E+00  4.881829918135E-01
   18     6 C     4.881829918135E-01 -3.383977094530E+00 -1.070424772038E+00
   19     6 C    -2.092697890470E+00 -4.406250212962E+00  4.881829918135E-01
   20     6 C     4.988491993187E+00 -3.383977094530E+00 -4.406250212962E+00
   21     6 C    -3.383977094530E+00 -4.406250212962E+00  4.988491993187E+00
   22     6 C     4.988491993187E+00 -2.092697890470E+00 -1.070424772038E+00
   23     6 C    -2.092697890470E+00 -1.070424772038E+00  4.988491993187E+00
   24     6 C     4.881829918135E-01 -2.092697890470E+00 -4.406250212962E+00
   25     6 C     5.350301523913E+00  2.090020407031E+00  4.729349521725E+00
   26     6 C     1.263734610868E-01  3.386654577969E+00  4.729349521725E+00
   27     6 C     5.350301523913E+00  3.386654577969E+00  7.473254632748E-01
   28     6 C     1.263734610868E-01  2.090020407031E+00  7.473254632748E-01
   29     6 C     4.729349521725E+00  5.350301523913E+00  2.090020407031E+00
   30     6 C     2.090020407031E+00  4.729349521725E+00  5.350301523913E+00
   31     6 C     7.473254632748E-01  1.263734610868E-01  2.090020407031E+00
   32     6 C     3.386654577969E+00  4.729349521725E+00  1.263734610868E-01
   33     6 C     4.729349521725E+00  1.263734610868E-01  3.386654577969E+00
   34     6 C     3.386654577969E+00  7.473254632748E-01  5.350301523913E+00
   35     6 C     7.473254632748E-01  5.350301523913E+00  3.386654577969E+00
   36     6 C     2.090020407031E+00  7.473254632748E-01  1.263734610868E-01
   37     6 C    -5.350301523913E+00 -2.090020407031E+00 -4.729349521725E+00
   38     6 C    -1.263734610868E-01 -3.386654577969E+00 -4.729349521725E+00
   39     6 C    -5.350301523913E+00 -3.386654577969E+00 -7.473254632748E-01
   40     6 C    -1.263734610868E-01 -2.090020407031E+00 -7.473254632748E-01
   41     6 C    -4.729349521725E+00 -5.350301523913E+00 -2.090020407031E+00
   42     6 C    -2.090020407031E+00 -4.729349521725E+00 -5.350301523913E+00
   43     6 C    -7.473254632748E-01 -1.263734610868E-01 -2.090020407031E+00
   44     6 C    -3.386654577969E+00 -4.729349521725E+00 -1.263734610868E-01
   45     6 C    -4.729349521725E+00 -1.263734610868E-01 -3.386654577969E+00
   46     6 C    -3.386654577969E+00 -7.473254632748E-01 -5.350301523913E+00
   47     6 C    -7.473254632748E-01 -5.350301523913E+00 -3.386654577969E+00
   48     6 C    -2.090020407031E+00 -7.473254632748E-01 -1.263734610868E-01
   49     6 C    -2.089240526498E+00 -2.955421203216E+00  6.542319904851E-01
   50     6 C    -3.387434458502E+00 -2.521253781784E+00  6.542319904851E-01
   51     6 C    -2.089240526498E+00 -2.521253781784E+00  4.822442994515E+00
   52     6 C    -3.387434458502E+00 -2.955421203216E+00  4.822442994515E+00
   53     6 C     6.542319904851E-01 -2.089240526498E+00 -2.955421203216E+00
   54     6 C    -2.955421203216E+00  6.542319904851E-01 -2.089240526498E+00
   55     6 C     4.822442994515E+00 -3.387434458502E+00 -2.955421203216E+00
   56     6 C    -2.521253781784E+00  6.542319904851E-01 -3.387434458502E+00
   57     6 C     6.542319904851E-01 -3.387434458502E+00 -2.521253781784E+00
   58     6 C    -2.521253781784E+00  4.822442994515E+00 -2.089240526498E+00
   59     6 C     4.822442994515E+00 -2.089240526498E+00 -2.521253781784E+00
   60     6 C    -2.955421203216E+00  4.822442994515E+00 -3.387434458502E+00
   61     6 C     2.089240526498E+00  2.955421203216E+00 -6.542319904851E-01
   62     6 C     3.387434458502E+00  2.521253781784E+00 -6.542319904851E-01
   63     6 C     2.089240526498E+00  2.521253781784E+00 -4.822442994515E+00
   64     6 C     3.387434458502E+00  2.955421203216E+00 -4.822442994515E+00
   65     6 C    -6.542319904851E-01  2.089240526498E+00  2.955421203216E+00
   66     6 C     2.955421203216E+00 -6.542319904851E-01  2.089240526498E+00
   67     6 C    -4.822442994515E+00  3.387434458502E+00  2.955421203216E+00
   68     6 C     2.521253781784E+00 -6.542319904851E-01  3.387434458502E+00
   69     6 C    -6.542319904851E-01  3.387434458502E+00  2.521253781784E+00
   70     6 C     2.521253781784E+00 -4.822442994515E+00  2.089240526498E+00
   71     6 C    -4.822442994515E+00  2.089240526498E+00  2.521253781784E+00
   72     6 C     2.955421203216E+00 -4.822442994515E+00  3.387434458502E+00
   73     6 C    -4.649833504340E+00  1.079786545023E+00  2.790458891481E-01
   74     6 C    -8.268414806596E-01  4.396888439977E+00  2.790458891481E-01
   75     6 C    -4.649833504340E+00  4.396888439977E+00  5.197629095852E+00
   76     6 C    -8.268414806596E-01  1.079786545023E+00  5.197629095852E+00
   77     6 C     2.790458891481E-01 -4.649833504340E+00  1.079786545023E+00
   78     6 C     1.079786545023E+00  2.790458891481E-01 -4.649833504340E+00
   79     6 C     5.197629095852E+00 -8.268414806596E-01  1.079786545023E+00
   80     6 C     4.396888439977E+00  2.790458891481E-01 -8.268414806596E-01
   81     6 C     2.790458891481E-01 -8.268414806596E-01  4.396888439977E+00
   82     6 C     4.396888439977E+00  5.197629095852E+00 -4.649833504340E+00
   83     6 C     5.197629095852E+00 -4.649833504340E+00  4.396888439977E+00
   84     6 C     1.079786545023E+00  5.197629095852E+00 -8.268414806596E-01
   85     6 C     4.649833504340E+00 -1.079786545023E+00 -2.790458891481E-01
   86     6 C     8.268414806596E-01 -4.396888439977E+00 -2.790458891481E-01
   87     6 C     4.649833504340E+00 -4.396888439977E+00 -5.197629095852E+00
   88     6 C     8.268414806596E-01 -1.079786545023E+00 -5.197629095852E+00
   89     6 C    -2.790458891481E-01  4.649833504340E+00 -1.079786545023E+00
   90     6 C    -1.079786545023E+00 -2.790458891481E-01  4.649833504340E+00
   91     6 C    -5.197629095852E+00  8.268414806596E-01 -1.079786545023E+00
   92     6 C    -4.396888439977E+00 -2.790458891481E-01  8.268414806596E-01
   93     6 C    -2.790458891481E-01  8.268414806596E-01 -4.396888439977E+00
   94     6 C    -4.396888439977E+00 -5.197629095852E+00  4.649833504340E+00
   95     6 C    -5.197629095852E+00  4.649833504340E+00 -4.396888439977E+00
   96     6 C    -1.079786545023E+00 -5.197629095852E+00  8.268414806596E-01
   97     6 C     3.573299878931E+00 -7.655208441451E-02  4.252864906749E+00
   98     6 C     1.903375106069E+00 -5.400122900585E+00  4.252864906749E+00
   99     6 C     3.573299878931E+00 -5.400122900585E+00  1.223810078251E+00
  100     6 C     1.903375106069E+00 -7.655208441451E-02  1.223810078251E+00
  101     6 C     4.252864906749E+00  3.573299878931E+00 -7.655208441451E-02
  102     6 C    -7.655208441451E-02  4.252864906749E+00  3.573299878931E+00
  103     6 C     1.223810078251E+00  1.903375106069E+00 -7.655208441451E-02
  104     6 C    -5.400122900585E+00  4.252864906749E+00  1.903375106069E+00
  105     6 C     4.252864906749E+00  1.903375106069E+00 -5.400122900585E+00
  106     6 C    -5.400122900585E+00  1.223810078251E+00  3.573299878931E+00
  107     6 C     1.223810078251E+00  3.573299878931E+00 -5.400122900585E+00
  108     6 C    -7.655208441451E-02  1.223810078251E+00  1.903375106069E+00
  109     6 C    -3.573299878931E+00  7.655208441451E-02 -4.252864906749E+00
  110     6 C    -1.903375106069E+00  5.400122900585E+00 -4.252864906749E+00
  111     6 C    -3.573299878931E+00  5.400122900585E+00 -1.223810078251E+00
  112     6 C    -1.903375106069E+00  7.655208441451E-02 -1.223810078251E+00
  113     6 C    -4.252864906749E+00 -3.573299878931E+00  7.655208441451E-02
  114     6 C     7.655208441451E-02 -4.252864906749E+00 -3.573299878931E+00
  115     6 C    -1.223810078251E+00 -1.903375106069E+00  7.655208441451E-02
  116     6 C     5.400122900585E+00 -4.252864906749E+00 -1.903375106069E+00
  117     6 C    -4.252864906749E+00 -1.903375106069E+00  5.400122900585E+00
  118     6 C     5.400122900585E+00 -1.223810078251E+00 -3.573299878931E+00
  119     6 C    -1.223810078251E+00 -3.573299878931E+00  5.400122900585E+00
  120     6 C     7.655208441451E-02 -1.223810078251E+00 -1.903375106069E+00

 *******************************************************************************
 LOCAL ATOMIC FUNCTIONS BASIS SET
 *******************************************************************************
   ATOM   X(AU)   Y(AU)   Z(AU)  N. TYPE  EXPONENT  S COEF   P COEF   D/F/G COEF
 *******************************************************************************
   1 C    2.023  -0.923   6.395
                                  1 S  
                                         1.358E+04 2.225E-04 0.000E+00 0.000E+00
                                         2.035E+03 1.723E-03 0.000E+00 0.000E+00
                                         4.632E+02 8.926E-03 0.000E+00 0.000E+00
                                         1.312E+02 3.573E-02 0.000E+00 0.000E+00
                                         4.285E+01 1.108E-01 0.000E+00 0.000E+00
                                         1.558E+01 2.430E-01 0.000E+00 0.000E+00
                                  2 S  
                                         6.207E+00 4.144E-01 0.000E+00 0.000E+00
                                         2.576E+00 2.374E-01 0.000E+00 0.000E+00
                                  3 S  
                                         4.941E-01 1.000E+00 0.000E+00 0.000E+00
                                  4 S  
                                         1.644E-01 1.000E+00 0.000E+00 0.000E+00
                           5-     7 P  
                                         3.470E+01 0.000E+00 5.333E-03 0.000E+00
                                         7.958E+00 0.000E+00 3.586E-02 0.000E+00
                                         2.378E+00 0.000E+00 1.422E-01 0.000E+00
                                         8.143E-01 0.000E+00 3.427E-01 0.000E+00
                           8-    10 P  
                                         5.662E-01 0.000E+00 1.000E+00 0.000E+00
                          11-    13 P  
                                         2.674E-01 0.000E+00 1.000E+00 0.000E+00
                          14-    18 D  
                                         8.792E-01 0.000E+00 0.000E+00 1.000E+00
   2 C    8.327  -9.427   6.395
   3 C    2.023  -9.427   3.955
   4 C    8.327  -0.923   3.955
   5 C    6.395   2.023  -0.923
   6 C   -0.923   6.395   2.023
   7 C    3.955   8.327  -0.923
   8 C   -9.427   6.395   8.327
   9 C    6.395   8.327  -9.427
  10 C   -9.427   3.955   2.023
  11 C    3.955   2.023  -9.427
  12 C   -0.923   3.955   8.327
  13 C   -2.023   0.923  -6.395
  14 C   -8.327   9.427  -6.395
  15 C   -2.023   9.427  -3.955
  16 C   -8.327   0.923  -3.955
  17 C   -6.395  -2.023   0.923
  18 C    0.923  -6.395  -2.023
  19 C   -3.955  -8.327   0.923
  20 C    9.427  -6.395  -8.327
  21 C   -6.395  -8.327   9.427
  22 C    9.427  -3.955  -2.023
  23 C   -3.955  -2.023   9.427
  24 C    0.923  -3.955  -8.327
  25 C   10.111   3.950   8.937
  26 C    0.239   6.400   8.937
  27 C   10.111   6.400   1.412
  28 C    0.239   3.950   1.412
  29 C    8.937  10.111   3.950
  30 C    3.950   8.937  10.111
  31 C    1.412   0.239   3.950
  32 C    6.400   8.937   0.239
  33 C    8.937   0.239   6.400
  34 C    6.400   1.412  10.111
  35 C    1.412  10.111   6.400
  36 C    3.950   1.412   0.239
  37 C  -10.111  -3.950  -8.937
  38 C   -0.239  -6.400  -8.937
  39 C  -10.111  -6.400  -1.412
  40 C   -0.239  -3.950  -1.412
  41 C   -8.937 -10.111  -3.950
  42 C   -3.950  -8.937 -10.111
  43 C   -1.412  -0.239  -3.950
  44 C   -6.400  -8.937  -0.239
  45 C   -8.937  -0.239  -6.400
  46 C   -6.400  -1.412 -10.111
  47 C   -1.412 -10.111  -6.400
  48 C   -3.950  -1.412  -0.239
  49 C   -3.948  -5.585   1.236
  50 C   -6.401  -4.764   1.236
  51 C   -3.948  -4.764   9.113
  52 C   -6.401  -5.585   9.113
  53 C    1.236  -3.948  -5.585
  54 C   -5.585   1.236  -3.948
  55 C    9.113  -6.401  -5.585
  56 C   -4.764   1.236  -6.401
  57 C    1.236  -6.401  -4.764
  58 C   -4.764   9.113  -3.948
  59 C    9.113  -3.948  -4.764
  60 C   -5.585   9.113  -6.401
  61 C    3.948   5.585  -1.236
  62 C    6.401   4.764  -1.236
  63 C    3.948   4.764  -9.113
  64 C    6.401   5.585  -9.113
  65 C   -1.236   3.948   5.585
  66 C    5.585  -1.236   3.948
  67 C   -9.113   6.401   5.585
  68 C    4.764  -1.236   6.401
  69 C   -1.236   6.401   4.764
  70 C    4.764  -9.113   3.948
  71 C   -9.113   3.948   4.764
  72 C    5.585  -9.113   6.401
  73 C   -8.787   2.041   0.527
  74 C   -1.563   8.309   0.527
  75 C   -8.787   8.309   9.822
  76 C   -1.563   2.041   9.822
  77 C    0.527  -8.787   2.041
  78 C    2.041   0.527  -8.787
  79 C    9.822  -1.563   2.041
  80 C    8.309   0.527  -1.563
  81 C    0.527  -1.563   8.309
  82 C    8.309   9.822  -8.787
  83 C    9.822  -8.787   8.309
  84 C    2.041   9.822  -1.563
  85 C    8.787  -2.041  -0.527
  86 C    1.563  -8.309  -0.527
  87 C    8.787  -8.309  -9.822
  88 C    1.563  -2.041  -9.822
  89 C   -0.527   8.787  -2.041
  90 C   -2.041  -0.527   8.787
  91 C   -9.822   1.563  -2.041
  92 C   -8.309  -0.527   1.563
  93 C   -0.527   1.563  -8.309
  94 C   -8.309  -9.822   8.787
  95 C   -9.822   8.787  -8.309
  96 C   -2.041  -9.822   1.563
  97 C    6.753  -0.145   8.037
  98 C    3.597 -10.205   8.037
  99 C    6.753 -10.205   2.313
 100 C    3.597  -0.145   2.313
 101 C    8.037   6.753  -0.145
 102 C   -0.145   8.037   6.753
 103 C    2.313   3.597  -0.145
 104 C  -10.205   8.037   3.597
 105 C    8.037   3.597 -10.205
 106 C  -10.205   2.313   6.753
 107 C    2.313   6.753 -10.205
 108 C   -0.145   2.313   3.597
 109 C   -6.753   0.145  -8.037
 110 C   -3.597  10.205  -8.037
 111 C   -6.753  10.205  -2.313
 112 C   -3.597   0.145  -2.313
 113 C   -8.037  -6.753   0.145
 114 C    0.145  -8.037  -6.753
 115 C   -2.313  -3.597   0.145
 116 C   10.205  -8.037  -3.597
 117 C   -8.037  -3.597  10.205
 118 C   10.205  -2.313  -6.753
 119 C   -2.313  -6.753  10.205
 120 C    0.145  -2.313  -3.597
 INFORMATION **** SET_MPP **** PCRYSTAL CALCULATION
 INFORMATION **** READM2 **** NEW DEFAULT: FOCK/KS MATRIX MIXING SET TO 30 %
 INFORMATION **** READM2 **** NEW DEFAULT: FULL DIRECT SCF MODE
 INFORMATION **** READM2 **** NEW DEFAULT: COULOMB BIPOLAR BUFFER SET TO 32 Mb
 INFORMATION **** READM2 **** NEW DEFAULT: EXCHANGE BIPOLAR BUFFER SET TO 32 Mb

 *******************************************************************************
 NEW DEFAULT: DFT INTEGRATION GRID INCREASED TO XLGRID
 NEW DEFAULT: DIIS ACCELERATOR ACTIVE
 USE KEYWORD NODIIS TO TURN IT OFF
 *******************************************************************************

 INFORMATION **** DFTD3_INPUT **** PERFORM LATEST DISPERSION CORRECTION DFT-D3(BJ) WITH AUTOMATIC PARAMETER SETUP
 PLEASE CITE:
 (1) DFT-D3 Reference
  S. Grimme, J. Antony, S. Ehrlich, and H. Krieg, J. Chem. Phys. 132 (2010), 154104
 (2) BJ-Damping Reference
  S. Grimme, S. Ehrlich, and L. Goerigk, J. Comput. Chem. 32 (2011), 1456-1465
 (3) General DFT-D Review
  S. Grimme, A. Hansen, J. G. Brandenburg, and C. Bannwarth,
  Chem. Rev. 116 (2016), 5105-5154

 INFORMATION **** TOLINTEG **** COULOMB AND EXCHANGE SERIES TOLERANCES MODIFIED
 INFORMATION **** TOLDEE **** SCF TOL ON TOTAL ENERGY SET TO           9
 INFORMATION **** READM2 **** FULL DIRECT SCF (MONO AND BIEL INT) SELECTED
 INFORMATION **** MAXCYCLE **** MAX NUMBER OF SCF CYCLES SET TO         800
 INFORMATION **** DIIS **** DIIS FOR SCF ACTIVE
 INFORMATION **** DIIS **** LEVEL SHIFTER DISABLED
 INFORMATION **** PPAN ****  MULLIKEN POPULATION ANALYSIS AT THE END OF SCF
 *******************************************************************************
 N. OF ATOMS PER CELL       120  COULOMB OVERLAP TOL         (T1) 10**   -8
 NUMBER OF SHELLS           960  COULOMB PENETRATION TOL     (T2) 10**   -8
 NUMBER OF AO              2160  EXCHANGE OVERLAP TOL        (T3) 10**   -8
 N. OF ELECTRONS PER CELL   720  EXCHANGE PSEUDO OVP (F(G))  (T4) 10**   -9
 CORE ELECTRONS PER CELL    240  EXCHANGE PSEUDO OVP (P(G))  (T5) 10**  -24
 N. OF SYMMETRY OPERATORS    24  POLE ORDER IN MONO ZONE                  4
 *******************************************************************************
 TYPE OF CALCULATION :  UNRESTRICTED OPEN SHELL
 KOHN-SHAM HAMILTONIAN

 (EXCHANGE)[CORRELATION] FUNCTIONAL:(BECKE 88)[LEE-YANG-PARR]

 NON-LOCAL WEIGHTING FACTOR (EXCHANGE) =           0.9000
 NON-LOCAL WEIGHTING FACTOR [CORRELATION] =        0.8100

 HYBRID EXCHANGE - PERCENTAGE OF FOCK EXCHANGE    20.0000

 SPIN POLARIZED DFT SELECTED

 CAPPA:IS1  4;IS2  4;IS3  4; K PTS MONK NET  11; SYMMOPS:K SPACE  24;G SPACE  24

 *******************************************************************************
 MAX NUMBER OF SCF CYCLES     800  CONVERGENCE ON DELTAP        10**-19
 WEIGHT OF F(I) IN F(I+1)      30% CONVERGENCE ON ENERGY        10**- 9
 SHRINK. FACT.(MONKH.)    4  4  4  NUMBER OF K POINTS IN THE IBZ     11
 SHRINKING FACTOR(GILAT NET)    8  NUMBER OF K POINTS(GILAT NET)     45
 *******************************************************************************
 *** K POINTS COORDINATES (OBLIQUE COORDINATES IN UNITS OF IS =  4)
   1-R(  0  0  0)   2-C(  1  0  0)   3-R(  2  0  0)   4-C(  1  1  0)
   5-C(  2  1  0)   6-C(  1  2  0)   7-R(  2  2  0)   8-C(  1  1  1)
   9-C(  2  1  1)  10-C(  2  2  1)  11-R(  2  2  2)

 DIRECT LATTICE VECTORS COMPON. (A.U.)     RECIP. LATTICE VECTORS COMPON. (A.U.) 
        X            Y            Z              X            Y            Z
   20.6988317    0.0000000    0.0000000      0.3035527    0.0000000    0.0000000
    0.0000000   20.6988317    0.0000000      0.0000000    0.3035527    0.0000000
    0.0000000    0.0000000   20.6988317      0.0000000    0.0000000    0.3035527

 DISK SPACE FOR EIGENVECTORS (FTN 10)    83980800 REALS

 SYMMETRY ADAPTION OF THE BLOCH FUNCTIONS ENABLED
 TTTTTTTTTTTTTTTTTTTTTTTTTTTTTT gordsh1     TELAPSE        2.36 TCPU        0.99

 MATRIX SIZE: P(G) 7437600, F(G)  830508, P(G) IRR  156407, F(G) IRR   34952
 MAX G-VECTOR INDEX FOR 1- AND 2-ELECTRON INTEGRALS  81

 TTTTTTTTTTTTTTTTTTTTTTTTTTTTTT INPUT       TELAPSE        2.45 TCPU        1.08

 NEIGHBORS OF THE NON-EQUIVALENT ATOMS

 N = NUMBER OF NEIGHBORS AT DISTANCE R
    ATOM  N     R/ANG      R/AU   NEIGHBORS (ATOM LABELS AND CELL INDICES)
   1 C    1     1.3293     2.5120   81 C    0 0 0
   1 C    1     1.4603     2.7596   68 C    0 0 0
   1 C    1     1.4685     2.7750   31 C    0 0 0
   1 C    1     2.2928     4.3328   66 C    0 0 0
   1 C    1     2.3515     4.4437  100 C    0 0 0
   1 C    1     2.4565     4.6422   88 C    0 0 1

  25 C    1     1.3849     2.6171  105 C    0 0 1
  25 C    1     1.4587     2.7566  106 C    1 0 0
  25 C    1     1.4685     2.7750    8 C    1 0 0
  25 C    1     2.3323     4.4073   67 C    1 0 0
  25 C    1     2.3420     4.4258   71 C    1 0 0
  25 C    2     2.4585     4.6459   33 C    0 0 0   34 C    0 0 0

  49 C    1     1.3689     2.5868   50 C    0 0 0
  49 C    1     1.4603     2.7596   19 C    0 0 0
  49 C    1     1.4797     2.7962  115 C    0 0 0
  49 C    1     2.2928     4.3328   17 C    0 0 0
  49 C    1     2.3231     4.3900  113 C    0 0 0
  49 C    1     2.3323     4.4073   44 C    0 0 0

  73 C    1     1.3293     2.5120   10 C    0 0 0
  73 C    2     1.4868     2.8096   91 C    0 0 0   92 C    0 0 0
  73 C    2     2.3451     4.4316   79 C   -1 0 0   80 C   -1 0 0
  73 C    1     2.4565     4.6422   16 C    0 0 0
  73 C    1     2.4650     4.6582   71 C    0 0 0
  73 C    1     2.5039     4.7317   17 C    0 0 0

  97 C    1     1.3849     2.6171   34 C    0 0 0
  97 C    1     1.4587     2.7566   33 C    0 0 0
  97 C    1     1.4797     2.7962   68 C    0 0 0
  97 C    1     2.3231     4.3900   66 C    0 0 0
  97 C    1     2.3515     4.4437    4 C    0 0 0
  97 C    2     2.4643     4.6569  105 C    0 0 1  106 C    1 0 0


 SYMMETRY ALLOWED INTERNAL DEGREE(S) OF FREEDOM:  15
 TTTTTTTTTTTTTTTTTTTTTTTTTTTTTT SYMM        TELAPSE        2.52 TCPU        1.15
 TTTTTTTTTTTTTTTTTTTTTTTTTTTTTT INT_SCREEN  TELAPSE        2.57 TCPU        1.20
 WARNING **** EXCBUF **** EXCH. BIPO BUFFER TOO SMALL - TO AVOID I/O SET EXCHSIZE =    10892313

 DFT PARAMETERS

     ATOM       ELECTRONS   NET CHARGE   R(ANGSTROM)
   1   6  C       6.0000      0.0000     0.77000000

 SIZE OF GRID=     159320
 TTTTTTTTTTTTTTTTTTTTTTTTTTTTTT MAKE_GRID2  TELAPSE        3.29 TCPU        1.81
 BECKE WEIGHT FUNCTION
 RADSAFE =     2.00
 TOLERANCES - DENSITY:10**- 6; POTENTIAL:10**- 9; GRID WGT:10**-14

 RADIAL INTEGRATION  - INTERVALS (POINTS,UPPER LIMIT):            1( 75,  4.0*R)

 ANGULAR INTEGRATION - INTERVALS (ACCURACY LEVEL [N. POINTS] UPPER LIMIT):
  1(  4[  86]   0.2)  2(  8[ 194]   0.5)  3( 12[ 350]   0.9)  4( 16[ 974]   3.5)
  5( 12[ 350]9999.0)
 TTTTTTTTTTTTTTTTTTTTTTTTTTTTTT INT_CALC    TELAPSE        3.32 TCPU        1.84
 EEEEEEEEEE INT_CALC TERMINATION  DATE 31 01 2026 TIME 00:04:30.1

 *******************************************************************************
 ./3^5T37-CA_rev1_sp_B3LYP-D3-D3_optimized                                       
 CRYSTAL - SCF - TYPE OF CALCULATION :  UNRESTRICTED OPEN SHELL
 *******************************************************************************

 CAPPA:IS1  4;IS2  4;IS3  4; K PTS MONK NET  11; SYMMOPS:K SPACE  24;G SPACE  24

 TTTTTTTTTTTTTTTTTTTTTTTTTTTTTT SDIK        TELAPSE        5.39 TCPU        3.90

 AAAAAAAAAAAAAAAAAAAAAAAAAAAAAAAAAAAAAAAAAAAAAAAAAAAAAAAAAAAAAAAAAAAAAAAAAAAAAAA
         ATOMIC WAVEFUNCTION(S)


 NUCLEAR CHARGE  6.0  SYMMETRY SPECIES            S    P
 N. ELECTRONS    6.0  NUMBER OF PRIMITIVE GTOS   10    6
                      NUMBER OF CONTRACTED GTOS   4    3
                      NUMBER OF CLOSED SHELLS     2    0
                      OPEN SHELL OCCUPATION       0    2

  ZNUC  SCFIT    TOTAL HF ENERGY   KINETIC ENERGY   VIRIAL THEOREM ACCURACY
   6.0    10    -3.766702350E+01  3.783137943E+01 -1.995655566E+00  1.6E-06

 AAAAAAAAAAAAAAAAAAAAAAAAAAAAAAAAAAAAAAAAAAAAAAAAAAAAAAAAAAAAAAAAAAAAAAAAAAAAAAA

 CHARGE NORMALIZATION FACTOR   1.00000000
 TOTAL ATOMIC CHARGES:
   6.0000000   6.0000000   6.0000000   6.0000000   6.0000000   6.0000000
   6.0000000   6.0000000   6.0000000   6.0000000   6.0000000   6.0000000
   6.0000000   6.0000000   6.0000000   6.0000000   6.0000000   6.0000000
   6.0000000   6.0000000   6.0000000   6.0000000   6.0000000   6.0000000
   6.0000000   6.0000000   6.0000000   6.0000000   6.0000000   6.0000000
   6.0000000   6.0000000   6.0000000   6.0000000   6.0000000   6.0000000
   6.0000000   6.0000000   6.0000000   6.0000000   6.0000000   6.0000000
   6.0000000   6.0000000   6.0000000   6.0000000   6.0000000   6.0000000
   6.0000000   6.0000000   6.0000000   6.0000000   6.0000000   6.0000000
   6.0000000   6.0000000   6.0000000   6.0000000   6.0000000   6.0000000
   6.0000000   6.0000000   6.0000000   6.0000000   6.0000000   6.0000000
   6.0000000   6.0000000   6.0000000   6.0000000   6.0000000   6.0000000
   6.0000000   6.0000000   6.0000000   6.0000000   6.0000000   6.0000000
   6.0000000   6.0000000   6.0000000   6.0000000   6.0000000   6.0000000
   6.0000000   6.0000000   6.0000000   6.0000000   6.0000000   6.0000000
   6.0000000   6.0000000   6.0000000   6.0000000   6.0000000   6.0000000
   6.0000000   6.0000000   6.0000000   6.0000000   6.0000000   6.0000000
   6.0000000   6.0000000   6.0000000   6.0000000   6.0000000   6.0000000
   6.0000000   6.0000000   6.0000000   6.0000000   6.0000000   6.0000000
   6.0000000   6.0000000   6.0000000   6.0000000   6.0000000   6.0000000
 SUMMED SPIN DENSITY           0.00000000
 TOTAL ATOMIC SPINS  :
   0.0000000   0.0000000   0.0000000   0.0000000   0.0000000   0.0000000
   0.0000000   0.0000000   0.0000000   0.0000000   0.0000000   0.0000000
   0.0000000   0.0000000   0.0000000   0.0000000   0.0000000   0.0000000
   0.0000000   0.0000000   0.0000000   0.0000000   0.0000000   0.0000000
   0.0000000   0.0000000   0.0000000   0.0000000   0.0000000   0.0000000
   0.0000000   0.0000000   0.0000000   0.0000000   0.0000000   0.0000000
   0.0000000   0.0000000   0.0000000   0.0000000   0.0000000   0.0000000
   0.0000000   0.0000000   0.0000000   0.0000000   0.0000000   0.0000000
   0.0000000   0.0000000   0.0000000   0.0000000   0.0000000   0.0000000
   0.0000000   0.0000000   0.0000000   0.0000000   0.0000000   0.0000000
   0.0000000   0.0000000   0.0000000   0.0000000   0.0000000   0.0000000
   0.0000000   0.0000000   0.0000000   0.0000000   0.0000000   0.0000000
   0.0000000   0.0000000   0.0000000   0.0000000   0.0000000   0.0000000
   0.0000000   0.0000000   0.0000000   0.0000000   0.0000000   0.0000000
   0.0000000   0.0000000   0.0000000   0.0000000   0.0000000   0.0000000
   0.0000000   0.0000000   0.0000000   0.0000000   0.0000000   0.0000000
   0.0000000   0.0000000   0.0000000   0.0000000   0.0000000   0.0000000
   0.0000000   0.0000000   0.0000000   0.0000000   0.0000000   0.0000000
   0.0000000   0.0000000   0.0000000   0.0000000   0.0000000   0.0000000
   0.0000000   0.0000000   0.0000000   0.0000000   0.0000000   0.0000000
 TTTTTTTTTTTTTTTTTTTTTTTTTTTTTT MOQGAD      TELAPSE        5.43 TCPU        3.94
 TTTTTTTTTTTTTTTTTTTTTTTTTTTTTT SHELLXN     TELAPSE       28.71 TCPU       27.18
 TTTTTTTTTTTTTTTTTTTTTTTTTTTTTT MONMO3      TELAPSE       28.94 TCPU       27.40
 NUMERICALLY INTEGRATED DENSITY    360.0001063528    360.0001063528
 TTTTTTTTTTTTTTTTTTTTTTTTTTTTTT NUMDFT      TELAPSE       30.25 TCPU       28.71
 CYC   0 ETOT(AU) -4.606393028613E+03 DETOT -4.61E+03 tst  0.00E+00 PX  1.00E+00
 TTTTTTTTTTTTTTTTTTTTTTTTTTTTTT DIIS        TELAPSE       30.42 TCPU       28.88
 TTTTTTTTTTTTTTTTTTTTTTTTTTTTTT FDIK        TELAPSE       66.24 TCPU       64.69

    ALPHA      ELECTRONS
 INSULATING STATE
 TOP OF VALENCE BANDS -    BAND    360; K    1; EIG -1.8740425E-01 AU
 BOTTOM OF VIRTUAL BANDS - BAND    361; K    7; EIG -1.5586904E-01 AU
 INDIRECT ENERGY BAND GAP:   0.8581 eV
 BOTTOM OF VIRTUAL BANDS - BAND    361; K    1; EIG -1.5265263E-01 AU

    BETA       ELECTRONS
 INSULATING STATE
 TOP OF VALENCE BANDS -    BAND    360; K    1; EIG -1.8740425E-01 AU
 BOTTOM OF VIRTUAL BANDS - BAND    361; K    7; EIG -1.5586904E-01 AU
 INDIRECT ENERGY BAND GAP:   0.8581 eV
 BOTTOM OF VIRTUAL BANDS - BAND    361; K    1; EIG -1.5265263E-01 AU
 TTTTTTTTTTTTTTTTTTTTTTTTTTTTTT PDIG        TELAPSE       67.40 TCPU       65.85
 CHARGE NORMALIZATION FACTOR   1.00000000
 TOTAL ATOMIC CHARGES:
   6.0161748   6.0161748   6.0161748   6.0161748   6.0161748   6.0161748
   6.0161748   6.0161748   6.0161748   6.0161748   6.0161748   6.0161748
   6.0161748   6.0161748   6.0161748   6.0161748   6.0161748   6.0161748
   6.0161748   6.0161748   6.0161748   6.0161748   6.0161748   6.0161748
   6.0375186   6.0375186   6.0375186   6.0375186   6.0375186   6.0375186
   6.0375186   6.0375186   6.0375186   6.0375186   6.0375186   6.0375186
   6.0375186   6.0375186   6.0375186   6.0375186   6.0375186   6.0375186
   6.0375186   6.0375186   6.0375186   6.0375186   6.0375186   6.0375186
   6.0245284   6.0245284   6.0245284   6.0245284   6.0245284   6.0245284
   6.0245284   6.0245284   6.0245284   6.0245284   6.0245284   6.0245284
   6.0245284   6.0245284   6.0245284   6.0245284   6.0245284   6.0245284
   6.0245284   6.0245284   6.0245284   6.0245284   6.0245284   6.0245284
   5.9907442   5.9907442   5.9907442   5.9907442   5.9907442   5.9907442
   5.9907442   5.9907442   5.9907442   5.9907442   5.9907442   5.9907442
   5.9907442   5.9907442   5.9907442   5.9907442   5.9907442   5.9907442
   5.9907442   5.9907442   5.9907442   5.9907442   5.9907442   5.9907442
   5.9310339   5.9310339   5.9310339   5.9310339   5.9310339   5.9310339
   5.9310339   5.9310339   5.9310339   5.9310339   5.9310339   5.9310339
   5.9310339   5.9310339   5.9310339   5.9310339   5.9310339   5.9310339
   5.9310339   5.9310339   5.9310339   5.9310339   5.9310339   5.9310339
 SUMMED SPIN DENSITY          -0.00000000
 TOTAL ATOMIC SPINS  :
   0.0000000   0.0000000   0.0000000   0.0000000   0.0000000   0.0000000
   0.0000000   0.0000000   0.0000000   0.0000000   0.0000000   0.0000000
   0.0000000   0.0000000   0.0000000   0.0000000   0.0000000   0.0000000
   0.0000000   0.0000000   0.0000000   0.0000000   0.0000000   0.0000000
  -0.0000000  -0.0000000  -0.0000000  -0.0000000  -0.0000000  -0.0000000
  -0.0000000  -0.0000000  -0.0000000  -0.0000000  -0.0000000  -0.0000000
  -0.0000000  -0.0000000  -0.0000000  -0.0000000  -0.0000000  -0.0000000
  -0.0000000  -0.0000000  -0.0000000  -0.0000000  -0.0000000  -0.0000000
  -0.0000000  -0.0000000  -0.0000000  -0.0000000  -0.0000000  -0.0000000
  -0.0000000  -0.0000000  -0.0000000  -0.0000000  -0.0000000  -0.0000000
  -0.0000000  -0.0000000  -0.0000000  -0.0000000  -0.0000000  -0.0000000
  -0.0000000  -0.0000000  -0.0000000  -0.0000000  -0.0000000  -0.0000000
  -0.0000000  -0.0000000  -0.0000000  -0.0000000  -0.0000000  -0.0000000
  -0.0000000  -0.0000000  -0.0000000  -0.0000000  -0.0000000  -0.0000000
  -0.0000000  -0.0000000  -0.0000000  -0.0000000  -0.0000000  -0.0000000
  -0.0000000  -0.0000000  -0.0000000  -0.0000000  -0.0000000  -0.0000000
   0.0000000   0.0000000   0.0000000   0.0000000   0.0000000   0.0000000
   0.0000000   0.0000000   0.0000000   0.0000000   0.0000000   0.0000000
   0.0000000   0.0000000   0.0000000   0.0000000   0.0000000   0.0000000
   0.0000000   0.0000000   0.0000000   0.0000000   0.0000000   0.0000000
 TTTTTTTTTTTTTTTTTTTTTTTTTTTTTT MOQGAD      TELAPSE       67.43 TCPU       65.88
 TTTTTTTTTTTTTTTTTTTTTTTTTTTTTT SHELLXN     TELAPSE       92.15 TCPU       90.55
 TTTTTTTTTTTTTTTTTTTTTTTTTTTTTT MONMO3      TELAPSE       92.38 TCPU       90.78
 NUMERICALLY INTEGRATED DENSITY    360.0000930237    360.0000930237
 TTTTTTTTTTTTTTTTTTTTTTTTTTTTTT NUMDFT      TELAPSE       93.58 TCPU       91.97
 CYC   1 ETOT(AU) -4.569105418122E+03 DETOT  3.73E+01 tst  0.00E+00 PX  1.00E+00
 TTTTTTTTTTTTTTTTTTTTTTTTTTTTTT DIIS        TELAPSE       93.75 TCPU       92.14
 DIIS TEST: 0.69686E+01 AT SCF   CYCLE   1 - MIX   30 %
 TTTTTTTTTTTTTTTTTTTTTTTTTTTTTT FDIK        TELAPSE      105.85 TCPU      104.21

    ALPHA      ELECTRONS
 INSULATING STATE
 TOP OF VALENCE BANDS -    BAND    360; K    1; EIG -1.3208222E-01 AU
 BOTTOM OF VIRTUAL BANDS - BAND    361; K    7; EIG -8.7711906E-02 AU
 INDIRECT ENERGY BAND GAP:   1.2074 eV
 BOTTOM OF VIRTUAL BANDS - BAND    361; K    1; EIG -8.5364428E-02 AU

    BETA       ELECTRONS
 INSULATING STATE
 TOP OF VALENCE BANDS -    BAND    360; K    1; EIG -1.3208222E-01 AU
 BOTTOM OF VIRTUAL BANDS - BAND    361; K    7; EIG -8.7711906E-02 AU
 INDIRECT ENERGY BAND GAP:   1.2074 eV
 BOTTOM OF VIRTUAL BANDS - BAND    361; K    1; EIG -8.5364428E-02 AU
 TTTTTTTTTTTTTTTTTTTTTTTTTTTTTT PDIG        TELAPSE      107.01 TCPU      105.37
 CHARGE NORMALIZATION FACTOR   1.00000000
 TOTAL ATOMIC CHARGES:
   5.9376039   5.9376039   5.9376039   5.9376039   5.9376039   5.9376039
   5.9376039   5.9376039   5.9376039   5.9376039   5.9376039   5.9376039
   5.9376039   5.9376039   5.9376039   5.9376039   5.9376039   5.9376039
   5.9376039   5.9376039   5.9376039   5.9376039   5.9376039   5.9376039
   6.0007529   6.0007529   6.0007529   6.0007529   6.0007529   6.0007529
   6.0007529   6.0007529   6.0007529   6.0007529   6.0007529   6.0007529
   6.0007529   6.0007529   6.0007529   6.0007529   6.0007529   6.0007529
   6.0007529   6.0007529   6.0007529   6.0007529   6.0007529   6.0007529
   6.0028836   6.0028836   6.0028836   6.0028836   6.0028836   6.0028836
   6.0028836   6.0028836   6.0028836   6.0028836   6.0028836   6.0028836
   6.0028836   6.0028836   6.0028836   6.0028836   6.0028836   6.0028836
   6.0028836   6.0028836   6.0028836   6.0028836   6.0028836   6.0028836
   6.0546188   6.0546188   6.0546188   6.0546188   6.0546188   6.0546188
   6.0546188   6.0546188   6.0546188   6.0546188   6.0546188   6.0546188
   6.0546188   6.0546188   6.0546188   6.0546188   6.0546188   6.0546188
   6.0546188   6.0546188   6.0546188   6.0546188   6.0546188   6.0546188
   6.0041408   6.0041408   6.0041408   6.0041408   6.0041408   6.0041408
   6.0041408   6.0041408   6.0041408   6.0041408   6.0041408   6.0041408
   6.0041408   6.0041408   6.0041408   6.0041408   6.0041408   6.0041408
   6.0041408   6.0041408   6.0041408   6.0041408   6.0041408   6.0041408
 SUMMED SPIN DENSITY          -0.00000000
 TOTAL ATOMIC SPINS  :
  -0.0000000  -0.0000000  -0.0000000  -0.0000000  -0.0000000  -0.0000000
  -0.0000000  -0.0000000  -0.0000000  -0.0000000  -0.0000000  -0.0000000
  -0.0000000  -0.0000000  -0.0000000  -0.0000000  -0.0000000  -0.0000000
  -0.0000000  -0.0000000  -0.0000000  -0.0000000  -0.0000000  -0.0000000
  -0.0000000  -0.0000000  -0.0000000  -0.0000000  -0.0000000  -0.0000000
  -0.0000000  -0.0000000  -0.0000000  -0.0000000  -0.0000000  -0.0000000
  -0.0000000  -0.0000000  -0.0000000  -0.0000000  -0.0000000  -0.0000000
  -0.0000000  -0.0000000  -0.0000000  -0.0000000  -0.0000000  -0.0000000
  -0.0000000  -0.0000000  -0.0000000  -0.0000000  -0.0000000  -0.0000000
  -0.0000000  -0.0000000  -0.0000000  -0.0000000  -0.0000000  -0.0000000
  -0.0000000  -0.0000000  -0.0000000  -0.0000000  -0.0000000  -0.0000000
  -0.0000000  -0.0000000  -0.0000000  -0.0000000  -0.0000000  -0.0000000
   0.0000000   0.0000000   0.0000000   0.0000000   0.0000000   0.0000000
   0.0000000   0.0000000   0.0000000   0.0000000   0.0000000   0.0000000
   0.0000000   0.0000000   0.0000000   0.0000000   0.0000000   0.0000000
   0.0000000   0.0000000   0.0000000   0.0000000   0.0000000   0.0000000
   0.0000000   0.0000000   0.0000000   0.0000000   0.0000000   0.0000000
   0.0000000   0.0000000   0.0000000   0.0000000   0.0000000   0.0000000
   0.0000000   0.0000000   0.0000000   0.0000000   0.0000000   0.0000000
   0.0000000   0.0000000   0.0000000   0.0000000   0.0000000   0.0000000
 TTTTTTTTTTTTTTTTTTTTTTTTTTTTTT MOQGAD      TELAPSE      107.04 TCPU      105.40
 TTTTTTTTTTTTTTTTTTTTTTTTTTTTTT SHELLXN     TELAPSE      131.64 TCPU      129.93
 TTTTTTTTTTTTTTTTTTTTTTTTTTTTTT MONMO3      TELAPSE      131.87 TCPU      130.16
 NUMERICALLY INTEGRATED DENSITY    360.0000942773    360.0000942773
 TTTTTTTTTTTTTTTTTTTTTTTTTTTTTT NUMDFT      TELAPSE      133.07 TCPU      131.36
 CYC   2 ETOT(AU) -4.569407625912E+03 DETOT -3.02E-01 tst  2.73E-04 PX  7.86E-02
 TTTTTTTTTTTTTTTTTTTTTTTTTTTTTT DIIS        TELAPSE      133.25 TCPU      131.53
 DIIS TEST: 0.18197E+01 AT SCF   CYCLE   2 - DIIS ACTIVE - HISTORY:     2 CYCLES
 TTTTTTTTTTTTTTTTTTTTTTTTTTTTTT FDIK        TELAPSE      143.71 TCPU      141.98

    ALPHA      ELECTRONS
 INSULATING STATE
 TOP OF VALENCE BANDS -    BAND    360; K    1; EIG -1.2512003E-01 AU
 BOTTOM OF VIRTUAL BANDS - BAND    361; K    7; EIG -7.2147938E-02 AU
 INDIRECT ENERGY BAND GAP:   1.4414 eV
 BOTTOM OF VIRTUAL BANDS - BAND    361; K    1; EIG -7.0873892E-02 AU

    BETA       ELECTRONS
 INSULATING STATE
 TOP OF VALENCE BANDS -    BAND    360; K    1; EIG -1.2512003E-01 AU
 BOTTOM OF VIRTUAL BANDS - BAND    361; K    7; EIG -7.2147938E-02 AU
 INDIRECT ENERGY BAND GAP:   1.4414 eV
 BOTTOM OF VIRTUAL BANDS - BAND    361; K    1; EIG -7.0873892E-02 AU
 TTTTTTTTTTTTTTTTTTTTTTTTTTTTTT PDIG        TELAPSE      144.87 TCPU      143.14
 CHARGE NORMALIZATION FACTOR   1.00000000
 TOTAL ATOMIC CHARGES:
   6.0274540   6.0274540   6.0274540   6.0274540   6.0274540   6.0274540
   6.0274540   6.0274540   6.0274540   6.0274540   6.0274540   6.0274540
   6.0274540   6.0274540   6.0274540   6.0274540   6.0274540   6.0274540
   6.0274540   6.0274540   6.0274540   6.0274540   6.0274540   6.0274540
   6.0331572   6.0331572   6.0331572   6.0331572   6.0331572   6.0331572
   6.0331572   6.0331572   6.0331572   6.0331572   6.0331572   6.0331572
   6.0331572   6.0331572   6.0331572   6.0331572   6.0331572   6.0331572
   6.0331572   6.0331572   6.0331572   6.0331572   6.0331572   6.0331572
   6.0444843   6.0444843   6.0444843   6.0444843   6.0444843   6.0444843
   6.0444843   6.0444843   6.0444843   6.0444843   6.0444843   6.0444843
   6.0444843   6.0444843   6.0444843   6.0444843   6.0444843   6.0444843
   6.0444843   6.0444843   6.0444843   6.0444843   6.0444843   6.0444843
   5.9316588   5.9316588   5.9316588   5.9316588   5.9316588   5.9316588
   5.9316588   5.9316588   5.9316588   5.9316588   5.9316588   5.9316588
   5.9316588   5.9316588   5.9316588   5.9316588   5.9316588   5.9316588
   5.9316588   5.9316588   5.9316588   5.9316588   5.9316588   5.9316588
   5.9632457   5.9632457   5.9632457   5.9632457   5.9632457   5.9632457
   5.9632457   5.9632457   5.9632457   5.9632457   5.9632457   5.9632457
   5.9632457   5.9632457   5.9632457   5.9632457   5.9632457   5.9632457
   5.9632457   5.9632457   5.9632457   5.9632457   5.9632457   5.9632457
 SUMMED SPIN DENSITY          -0.00000000
 TOTAL ATOMIC SPINS  :
   0.0000000   0.0000000   0.0000000   0.0000000   0.0000000   0.0000000
   0.0000000   0.0000000   0.0000000   0.0000000   0.0000000   0.0000000
   0.0000000   0.0000000   0.0000000   0.0000000   0.0000000   0.0000000
   0.0000000   0.0000000   0.0000000   0.0000000   0.0000000   0.0000000
  -0.0000000  -0.0000000  -0.0000000  -0.0000000  -0.0000000  -0.0000000
  -0.0000000  -0.0000000  -0.0000000  -0.0000000  -0.0000000  -0.0000000
  -0.0000000  -0.0000000  -0.0000000  -0.0000000  -0.0000000  -0.0000000
  -0.0000000  -0.0000000  -0.0000000  -0.0000000  -0.0000000  -0.0000000
  -0.0000000  -0.0000000  -0.0000000  -0.0000000  -0.0000000  -0.0000000
  -0.0000000  -0.0000000  -0.0000000  -0.0000000  -0.0000000  -0.0000000
  -0.0000000  -0.0000000  -0.0000000  -0.0000000  -0.0000000  -0.0000000
  -0.0000000  -0.0000000  -0.0000000  -0.0000000  -0.0000000  -0.0000000
   0.0000000   0.0000000   0.0000000   0.0000000   0.0000000   0.0000000
   0.0000000   0.0000000   0.0000000   0.0000000   0.0000000   0.0000000
   0.0000000   0.0000000   0.0000000   0.0000000   0.0000000   0.0000000
   0.0000000   0.0000000   0.0000000   0.0000000   0.0000000   0.0000000
   0.0000000   0.0000000   0.0000000   0.0000000   0.0000000   0.0000000
   0.0000000   0.0000000   0.0000000   0.0000000   0.0000000   0.0000000
   0.0000000   0.0000000   0.0000000   0.0000000   0.0000000   0.0000000
   0.0000000   0.0000000   0.0000000   0.0000000   0.0000000   0.0000000
 TTTTTTTTTTTTTTTTTTTTTTTTTTTTTT MOQGAD      TELAPSE      144.90 TCPU      143.17
 TTTTTTTTTTTTTTTTTTTTTTTTTTTTTT SHELLXN     TELAPSE      169.58 TCPU      167.75
 TTTTTTTTTTTTTTTTTTTTTTTTTTTTTT MONMO3      TELAPSE      169.81 TCPU      167.98
 NUMERICALLY INTEGRATED DENSITY    360.0000945475    360.0000945475
 TTTTTTTTTTTTTTTTTTTTTTTTTTTTTT NUMDFT      TELAPSE      171.01 TCPU      169.18
 CYC   3 ETOT(AU) -4.569375581603E+03 DETOT  3.20E-02 tst  4.34E-04 PX  2.83E-02
 TTTTTTTTTTTTTTTTTTTTTTTTTTTTTT DIIS        TELAPSE      171.18 TCPU      169.35
 DIIS TEST: 0.35676E+01 AT SCF   CYCLE   3 - DIIS ACTIVE - HISTORY:     3 CYCLES
 TTTTTTTTTTTTTTTTTTTTTTTTTTTTTT FDIK        TELAPSE      181.11 TCPU      179.27

    ALPHA      ELECTRONS
 INSULATING STATE
 TOP OF VALENCE BANDS -    BAND    360; K    1; EIG -1.3132806E-01 AU
 BOTTOM OF VIRTUAL BANDS - BAND    361; K    7; EIG -7.8480623E-02 AU
 INDIRECT ENERGY BAND GAP:   1.4381 eV
 BOTTOM OF VIRTUAL BANDS - BAND    361; K    1; EIG -7.6522669E-02 AU

    BETA       ELECTRONS
 INSULATING STATE
 TOP OF VALENCE BANDS -    BAND    360; K    1; EIG -1.3132806E-01 AU
 BOTTOM OF VIRTUAL BANDS - BAND    361; K    7; EIG -7.8480623E-02 AU
 INDIRECT ENERGY BAND GAP:   1.4381 eV
 BOTTOM OF VIRTUAL BANDS - BAND    361; K    1; EIG -7.6522669E-02 AU
 TTTTTTTTTTTTTTTTTTTTTTTTTTTTTT PDIG        TELAPSE      182.26 TCPU      180.42
 CHARGE NORMALIZATION FACTOR   1.00000000
 TOTAL ATOMIC CHARGES:
   5.9792676   5.9792676   5.9792676   5.9792676   5.9792676   5.9792676
   5.9792676   5.9792676   5.9792676   5.9792676   5.9792676   5.9792676
   5.9792676   5.9792676   5.9792676   5.9792676   5.9792676   5.9792676
   5.9792676   5.9792676   5.9792676   5.9792676   5.9792676   5.9792676
   6.0206289   6.0206289   6.0206289   6.0206289   6.0206289   6.0206289
   6.0206289   6.0206289   6.0206289   6.0206289   6.0206289   6.0206289
   6.0206289   6.0206289   6.0206289   6.0206289   6.0206289   6.0206289
   6.0206289   6.0206289   6.0206289   6.0206289   6.0206289   6.0206289
   6.0156447   6.0156447   6.0156447   6.0156447   6.0156447   6.0156447
   6.0156447   6.0156447   6.0156447   6.0156447   6.0156447   6.0156447
   6.0156447   6.0156447   6.0156447   6.0156447   6.0156447   6.0156447
   6.0156447   6.0156447   6.0156447   6.0156447   6.0156447   6.0156447
   6.0366769   6.0366769   6.0366769   6.0366769   6.0366769   6.0366769
   6.0366769   6.0366769   6.0366769   6.0366769   6.0366769   6.0366769
   6.0366769   6.0366769   6.0366769   6.0366769   6.0366769   6.0366769
   6.0366769   6.0366769   6.0366769   6.0366769   6.0366769   6.0366769
   5.9477820   5.9477820   5.9477820   5.9477820   5.9477820   5.9477820
   5.9477820   5.9477820   5.9477820   5.9477820   5.9477820   5.9477820
   5.9477820   5.9477820   5.9477820   5.9477820   5.9477820   5.9477820
   5.9477820   5.9477820   5.9477820   5.9477820   5.9477820   5.9477820
 SUMMED SPIN DENSITY          -0.00000000
 TOTAL ATOMIC SPINS  :
   0.0000000   0.0000000   0.0000000   0.0000000   0.0000000   0.0000000
   0.0000000   0.0000000   0.0000000   0.0000000   0.0000000   0.0000000
   0.0000000   0.0000000   0.0000000   0.0000000   0.0000000   0.0000000
   0.0000000   0.0000000   0.0000000   0.0000000   0.0000000   0.0000000
  -0.0000000  -0.0000000  -0.0000000  -0.0000000  -0.0000000  -0.0000000
  -0.0000000  -0.0000000  -0.0000000  -0.0000000  -0.0000000  -0.0000000
  -0.0000000  -0.0000000  -0.0000000  -0.0000000  -0.0000000  -0.0000000
  -0.0000000  -0.0000000  -0.0000000  -0.0000000  -0.0000000  -0.0000000
  -0.0000000  -0.0000000  -0.0000000  -0.0000000  -0.0000000  -0.0000000
  -0.0000000  -0.0000000  -0.0000000  -0.0000000  -0.0000000  -0.0000000
  -0.0000000  -0.0000000  -0.0000000  -0.0000000  -0.0000000  -0.0000000
  -0.0000000  -0.0000000  -0.0000000  -0.0000000  -0.0000000  -0.0000000
  -0.0000000  -0.0000000  -0.0000000  -0.0000000  -0.0000000  -0.0000000
  -0.0000000  -0.0000000  -0.0000000  -0.0000000  -0.0000000  -0.0000000
  -0.0000000  -0.0000000  -0.0000000  -0.0000000  -0.0000000  -0.0000000
  -0.0000000  -0.0000000  -0.0000000  -0.0000000  -0.0000000  -0.0000000
   0.0000000   0.0000000   0.0000000   0.0000000   0.0000000   0.0000000
   0.0000000   0.0000000   0.0000000   0.0000000   0.0000000   0.0000000
   0.0000000   0.0000000   0.0000000   0.0000000   0.0000000   0.0000000
   0.0000000   0.0000000   0.0000000   0.0000000   0.0000000   0.0000000
 TTTTTTTTTTTTTTTTTTTTTTTTTTTTTT MOQGAD      TELAPSE      182.29 TCPU      180.45
 TTTTTTTTTTTTTTTTTTTTTTTTTTTTTT SHELLXN     TELAPSE      206.89 TCPU      204.96
 TTTTTTTTTTTTTTTTTTTTTTTTTTTTTT MONMO3      TELAPSE      207.11 TCPU      205.18
 NUMERICALLY INTEGRATED DENSITY    360.0000945130    360.0000945130
 TTTTTTTTTTTTTTTTTTTTTTTTTTTTTT NUMDFT      TELAPSE      208.32 TCPU      206.38
 CYC   4 ETOT(AU) -4.569438385232E+03 DETOT -6.28E-02 tst  2.86E-04 PX  2.52E-02
 TTTTTTTTTTTTTTTTTTTTTTTTTTTTTT DIIS        TELAPSE      208.49 TCPU      206.55
 DIIS TEST: 0.48544E+00 AT SCF   CYCLE   4 - DIIS ACTIVE - HISTORY:     4 CYCLES
 TTTTTTTTTTTTTTTTTTTTTTTTTTTTTT FDIK        TELAPSE      219.09 TCPU      217.12

    ALPHA      ELECTRONS
 INSULATING STATE
 TOP OF VALENCE BANDS -    BAND    360; K    1; EIG -1.3180428E-01 AU
 BOTTOM OF VIRTUAL BANDS - BAND    361; K    7; EIG -7.7990629E-02 AU
 INDIRECT ENERGY BAND GAP:   1.4643 eV
 BOTTOM OF VIRTUAL BANDS - BAND    361; K    1; EIG -7.6162306E-02 AU

    BETA       ELECTRONS
 INSULATING STATE
 TOP OF VALENCE BANDS -    BAND    360; K    1; EIG -1.3180428E-01 AU
 BOTTOM OF VIRTUAL BANDS - BAND    361; K    7; EIG -7.7990629E-02 AU
 INDIRECT ENERGY BAND GAP:   1.4643 eV
 BOTTOM OF VIRTUAL BANDS - BAND    361; K    1; EIG -7.6162306E-02 AU
 TTTTTTTTTTTTTTTTTTTTTTTTTTTTTT PDIG        TELAPSE      220.24 TCPU      218.27
 CHARGE NORMALIZATION FACTOR   1.00000000
 TOTAL ATOMIC CHARGES:
   5.9762113   5.9762113   5.9762113   5.9762113   5.9762113   5.9762113
   5.9762113   5.9762113   5.9762113   5.9762113   5.9762113   5.9762113
   5.9762113   5.9762113   5.9762113   5.9762113   5.9762113   5.9762113
   5.9762113   5.9762113   5.9762113   5.9762113   5.9762113   5.9762113
   6.0194942   6.0194942   6.0194942   6.0194942   6.0194942   6.0194942
   6.0194942   6.0194942   6.0194942   6.0194942   6.0194942   6.0194942
   6.0194942   6.0194942   6.0194942   6.0194942   6.0194942   6.0194942
   6.0194942   6.0194942   6.0194942   6.0194942   6.0194942   6.0194942
   6.0174525   6.0174525   6.0174525   6.0174525   6.0174525   6.0174525
   6.0174525   6.0174525   6.0174525   6.0174525   6.0174525   6.0174525
   6.0174525   6.0174525   6.0174525   6.0174525   6.0174525   6.0174525
   6.0174525   6.0174525   6.0174525   6.0174525   6.0174525   6.0174525
   6.0118396   6.0118396   6.0118396   6.0118396   6.0118396   6.0118396
   6.0118396   6.0118396   6.0118396   6.0118396   6.0118396   6.0118396
   6.0118396   6.0118396   6.0118396   6.0118396   6.0118396   6.0118396
   6.0118396   6.0118396   6.0118396   6.0118396   6.0118396   6.0118396
   5.9750024   5.9750024   5.9750024   5.9750024   5.9750024   5.9750024
   5.9750024   5.9750024   5.9750024   5.9750024   5.9750024   5.9750024
   5.9750024   5.9750024   5.9750024   5.9750024   5.9750024   5.9750024
   5.9750024   5.9750024   5.9750024   5.9750024   5.9750024   5.9750024
 SUMMED SPIN DENSITY          -0.00000000
 TOTAL ATOMIC SPINS  :
   0.0000000   0.0000000   0.0000000   0.0000000   0.0000000   0.0000000
   0.0000000   0.0000000   0.0000000   0.0000000   0.0000000   0.0000000
   0.0000000   0.0000000   0.0000000   0.0000000   0.0000000   0.0000000
   0.0000000   0.0000000   0.0000000   0.0000000   0.0000000   0.0000000
   0.0000000   0.0000000   0.0000000   0.0000000   0.0000000   0.0000000
   0.0000000   0.0000000   0.0000000   0.0000000   0.0000000   0.0000000
   0.0000000   0.0000000   0.0000000   0.0000000   0.0000000   0.0000000
   0.0000000   0.0000000   0.0000000   0.0000000   0.0000000   0.0000000
  -0.0000000  -0.0000000  -0.0000000  -0.0000000  -0.0000000  -0.0000000
  -0.0000000  -0.0000000  -0.0000000  -0.0000000  -0.0000000  -0.0000000
  -0.0000000  -0.0000000  -0.0000000  -0.0000000  -0.0000000  -0.0000000
  -0.0000000  -0.0000000  -0.0000000  -0.0000000  -0.0000000  -0.0000000
  -0.0000000  -0.0000000  -0.0000000  -0.0000000  -0.0000000  -0.0000000
  -0.0000000  -0.0000000  -0.0000000  -0.0000000  -0.0000000  -0.0000000
  -0.0000000  -0.0000000  -0.0000000  -0.0000000  -0.0000000  -0.0000000
  -0.0000000  -0.0000000  -0.0000000  -0.0000000  -0.0000000  -0.0000000
  -0.0000000  -0.0000000  -0.0000000  -0.0000000  -0.0000000  -0.0000000
  -0.0000000  -0.0000000  -0.0000000  -0.0000000  -0.0000000  -0.0000000
  -0.0000000  -0.0000000  -0.0000000  -0.0000000  -0.0000000  -0.0000000
  -0.0000000  -0.0000000  -0.0000000  -0.0000000  -0.0000000  -0.0000000
 TTTTTTTTTTTTTTTTTTTTTTTTTTTTTT MOQGAD      TELAPSE      220.27 TCPU      218.30
 TTTTTTTTTTTTTTTTTTTTTTTTTTTTTT SHELLXN     TELAPSE      245.54 TCPU      243.32
 TTTTTTTTTTTTTTTTTTTTTTTTTTTTTT MONMO3      TELAPSE      245.78 TCPU      243.56
 NUMERICALLY INTEGRATED DENSITY    360.0000943306    360.0000943306
 TTTTTTTTTTTTTTTTTTTTTTTTTTTTTT NUMDFT      TELAPSE      247.01 TCPU      244.78
 CYC   5 ETOT(AU) -4.569448967961E+03 DETOT -1.06E-02 tst  4.42E-05 PX  7.59E-03
 TTTTTTTTTTTTTTTTTTTTTTTTTTTTTT DIIS        TELAPSE      247.22 TCPU      244.98
 DIIS TEST: 0.18586E-01 AT SCF   CYCLE   5 - DIIS ACTIVE - HISTORY:     5 CYCLES
 TTTTTTTTTTTTTTTTTTTTTTTTTTTTTT FDIK        TELAPSE      257.67 TCPU      255.32

    ALPHA      ELECTRONS
 INSULATING STATE
 TOP OF VALENCE BANDS -    BAND    360; K    1; EIG -1.3181588E-01 AU
 BOTTOM OF VIRTUAL BANDS - BAND    361; K    7; EIG -7.7882377E-02 AU
 INDIRECT ENERGY BAND GAP:   1.4676 eV
 BOTTOM OF VIRTUAL BANDS - BAND    361; K    1; EIG -7.6100162E-02 AU

    BETA       ELECTRONS
 INSULATING STATE
 TOP OF VALENCE BANDS -    BAND    360; K    1; EIG -1.3181588E-01 AU
 BOTTOM OF VIRTUAL BANDS - BAND    361; K    7; EIG -7.7882377E-02 AU
 INDIRECT ENERGY BAND GAP:   1.4676 eV
 BOTTOM OF VIRTUAL BANDS - BAND    361; K    1; EIG -7.6100162E-02 AU
 TTTTTTTTTTTTTTTTTTTTTTTTTTTTTT PDIG        TELAPSE      258.82 TCPU      256.46
 CHARGE NORMALIZATION FACTOR   1.00000000
 TOTAL ATOMIC CHARGES:
   5.9806791   5.9806791   5.9806791   5.9806791   5.9806791   5.9806791
   5.9806791   5.9806791   5.9806791   5.9806791   5.9806791   5.9806791
   5.9806791   5.9806791   5.9806791   5.9806791   5.9806791   5.9806791
   5.9806791   5.9806791   5.9806791   5.9806791   5.9806791   5.9806791
   6.0164043   6.0164043   6.0164043   6.0164043   6.0164043   6.0164043
   6.0164043   6.0164043   6.0164043   6.0164043   6.0164043   6.0164043
   6.0164043   6.0164043   6.0164043   6.0164043   6.0164043   6.0164043
   6.0164043   6.0164043   6.0164043   6.0164043   6.0164043   6.0164043
   6.0216766   6.0216766   6.0216766   6.0216766   6.0216766   6.0216766
   6.0216766   6.0216766   6.0216766   6.0216766   6.0216766   6.0216766
   6.0216766   6.0216766   6.0216766   6.0216766   6.0216766   6.0216766
   6.0216766   6.0216766   6.0216766   6.0216766   6.0216766   6.0216766
   6.0124400   6.0124400   6.0124400   6.0124400   6.0124400   6.0124400
   6.0124400   6.0124400   6.0124400   6.0124400   6.0124400   6.0124400
   6.0124400   6.0124400   6.0124400   6.0124400   6.0124400   6.0124400
   6.0124400   6.0124400   6.0124400   6.0124400   6.0124400   6.0124400
   5.9687999   5.9687999   5.9687999   5.9687999   5.9687999   5.9687999
   5.9687999   5.9687999   5.9687999   5.9687999   5.9687999   5.9687999
   5.9687999   5.9687999   5.9687999   5.9687999   5.9687999   5.9687999
   5.9687999   5.9687999   5.9687999   5.9687999   5.9687999   5.9687999
 SUMMED SPIN DENSITY          -0.00000000
 TOTAL ATOMIC SPINS  :
   0.0000000   0.0000000   0.0000000   0.0000000   0.0000000   0.0000000
   0.0000000   0.0000000   0.0000000   0.0000000   0.0000000   0.0000000
   0.0000000   0.0000000   0.0000000   0.0000000   0.0000000   0.0000000
   0.0000000   0.0000000   0.0000000   0.0000000   0.0000000   0.0000000
  -0.0000000  -0.0000000  -0.0000000  -0.0000000  -0.0000000  -0.0000000
  -0.0000000  -0.0000000  -0.0000000  -0.0000000  -0.0000000  -0.0000000
  -0.0000000  -0.0000000  -0.0000000  -0.0000000  -0.0000000  -0.0000000
  -0.0000000  -0.0000000  -0.0000000  -0.0000000  -0.0000000  -0.0000000
  -0.0000000  -0.0000000  -0.0000000  -0.0000000  -0.0000000  -0.0000000
  -0.0000000  -0.0000000  -0.0000000  -0.0000000  -0.0000000  -0.0000000
  -0.0000000  -0.0000000  -0.0000000  -0.0000000  -0.0000000  -0.0000000
  -0.0000000  -0.0000000  -0.0000000  -0.0000000  -0.0000000  -0.0000000
  -0.0000000  -0.0000000  -0.0000000  -0.0000000  -0.0000000  -0.0000000
  -0.0000000  -0.0000000  -0.0000000  -0.0000000  -0.0000000  -0.0000000
  -0.0000000  -0.0000000  -0.0000000  -0.0000000  -0.0000000  -0.0000000
  -0.0000000  -0.0000000  -0.0000000  -0.0000000  -0.0000000  -0.0000000
   0.0000000   0.0000000   0.0000000   0.0000000   0.0000000   0.0000000
   0.0000000   0.0000000   0.0000000   0.0000000   0.0000000   0.0000000
   0.0000000   0.0000000   0.0000000   0.0000000   0.0000000   0.0000000
   0.0000000   0.0000000   0.0000000   0.0000000   0.0000000   0.0000000
 TTTTTTTTTTTTTTTTTTTTTTTTTTTTTT MOQGAD      TELAPSE      258.85 TCPU      256.49
 TTTTTTTTTTTTTTTTTTTTTTTTTTTTTT SHELLXN     TELAPSE      283.46 TCPU      281.00
 TTTTTTTTTTTTTTTTTTTTTTTTTTTTTT MONMO3      TELAPSE      283.69 TCPU      281.22
 NUMERICALLY INTEGRATED DENSITY    360.0000940847    360.0000940847
 TTTTTTTTTTTTTTTTTTTTTTTTTTTTTT NUMDFT      TELAPSE      284.89 TCPU      282.42
 CYC   6 ETOT(AU) -4.569449271711E+03 DETOT -3.04E-04 tst  8.88E-07 PX  1.46E-03
 TTTTTTTTTTTTTTTTTTTTTTTTTTTTTT DIIS        TELAPSE      285.06 TCPU      282.59
 DIIS TEST: 0.72337E-02 AT SCF   CYCLE   6 - DIIS ACTIVE - HISTORY:     6 CYCLES
 TTTTTTTTTTTTTTTTTTTTTTTTTTTTTT FDIK        TELAPSE      294.14 TCPU      291.64

    ALPHA      ELECTRONS
 INSULATING STATE
 TOP OF VALENCE BANDS -    BAND    360; K    1; EIG -1.3201465E-01 AU
 BOTTOM OF VIRTUAL BANDS - BAND    361; K    7; EIG -7.7859125E-02 AU
 INDIRECT ENERGY BAND GAP:   1.4736 eV
 BOTTOM OF VIRTUAL BANDS - BAND    361; K    1; EIG -7.6072099E-02 AU

    BETA       ELECTRONS
 INSULATING STATE
 TOP OF VALENCE BANDS -    BAND    360; K    1; EIG -1.3201465E-01 AU
 BOTTOM OF VIRTUAL BANDS - BAND    361; K    7; EIG -7.7859125E-02 AU
 INDIRECT ENERGY BAND GAP:   1.4736 eV
 BOTTOM OF VIRTUAL BANDS - BAND    361; K    1; EIG -7.6072099E-02 AU
 TTTTTTTTTTTTTTTTTTTTTTTTTTTTTT PDIG        TELAPSE      295.29 TCPU      292.79
 CHARGE NORMALIZATION FACTOR   1.00000000
 TOTAL ATOMIC CHARGES:
   5.9786751   5.9786751   5.9786751   5.9786751   5.9786751   5.9786751
   5.9786751   5.9786751   5.9786751   5.9786751   5.9786751   5.9786751
   5.9786751   5.9786751   5.9786751   5.9786751   5.9786751   5.9786751
   5.9786751   5.9786751   5.9786751   5.9786751   5.9786751   5.9786751
   6.0196543   6.0196543   6.0196543   6.0196543   6.0196543   6.0196543
   6.0196543   6.0196543   6.0196543   6.0196543   6.0196543   6.0196543
   6.0196543   6.0196543   6.0196543   6.0196543   6.0196543   6.0196543
   6.0196543   6.0196543   6.0196543   6.0196543   6.0196543   6.0196543
   6.0183805   6.0183805   6.0183805   6.0183805   6.0183805   6.0183805
   6.0183805   6.0183805   6.0183805   6.0183805   6.0183805   6.0183805
   6.0183805   6.0183805   6.0183805   6.0183805   6.0183805   6.0183805
   6.0183805   6.0183805   6.0183805   6.0183805   6.0183805   6.0183805
   6.0131240   6.0131240   6.0131240   6.0131240   6.0131240   6.0131240
   6.0131240   6.0131240   6.0131240   6.0131240   6.0131240   6.0131240
   6.0131240   6.0131240   6.0131240   6.0131240   6.0131240   6.0131240
   6.0131240   6.0131240   6.0131240   6.0131240   6.0131240   6.0131240
   5.9701661   5.9701661   5.9701661   5.9701661   5.9701661   5.9701661
   5.9701661   5.9701661   5.9701661   5.9701661   5.9701661   5.9701661
   5.9701661   5.9701661   5.9701661   5.9701661   5.9701661   5.9701661
   5.9701661   5.9701661   5.9701661   5.9701661   5.9701661   5.9701661
 SUMMED SPIN DENSITY          -0.00000000
 TOTAL ATOMIC SPINS  :
   0.0000000   0.0000000   0.0000000   0.0000000   0.0000000   0.0000000
   0.0000000   0.0000000   0.0000000   0.0000000   0.0000000   0.0000000
   0.0000000   0.0000000   0.0000000   0.0000000   0.0000000   0.0000000
   0.0000000   0.0000000   0.0000000   0.0000000   0.0000000   0.0000000
  -0.0000000  -0.0000000  -0.0000000  -0.0000000  -0.0000000  -0.0000000
  -0.0000000  -0.0000000  -0.0000000  -0.0000000  -0.0000000  -0.0000000
  -0.0000000  -0.0000000  -0.0000000  -0.0000000  -0.0000000  -0.0000000
  -0.0000000  -0.0000000  -0.0000000  -0.0000000  -0.0000000  -0.0000000
  -0.0000000  -0.0000000  -0.0000000  -0.0000000  -0.0000000  -0.0000000
  -0.0000000  -0.0000000  -0.0000000  -0.0000000  -0.0000000  -0.0000000
  -0.0000000  -0.0000000  -0.0000000  -0.0000000  -0.0000000  -0.0000000
  -0.0000000  -0.0000000  -0.0000000  -0.0000000  -0.0000000  -0.0000000
  -0.0000000  -0.0000000  -0.0000000  -0.0000000  -0.0000000  -0.0000000
  -0.0000000  -0.0000000  -0.0000000  -0.0000000  -0.0000000  -0.0000000
  -0.0000000  -0.0000000  -0.0000000  -0.0000000  -0.0000000  -0.0000000
  -0.0000000  -0.0000000  -0.0000000  -0.0000000  -0.0000000  -0.0000000
   0.0000000   0.0000000   0.0000000   0.0000000   0.0000000   0.0000000
   0.0000000   0.0000000   0.0000000   0.0000000   0.0000000   0.0000000
   0.0000000   0.0000000   0.0000000   0.0000000   0.0000000   0.0000000
   0.0000000   0.0000000   0.0000000   0.0000000   0.0000000   0.0000000
 TTTTTTTTTTTTTTTTTTTTTTTTTTTTTT MOQGAD      TELAPSE      295.33 TCPU      292.82
 TTTTTTTTTTTTTTTTTTTTTTTTTTTTTT SHELLXN     TELAPSE      319.90 TCPU      317.33
 TTTTTTTTTTTTTTTTTTTTTTTTTTTTTT MONMO3      TELAPSE      320.13 TCPU      317.55
 NUMERICALLY INTEGRATED DENSITY    360.0000941334    360.0000941334
 TTTTTTTTTTTTTTTTTTTTTTTTTTTTTT NUMDFT      TELAPSE      321.33 TCPU      318.75
 CYC   7 ETOT(AU) -4.569449397739E+03 DETOT -1.26E-04 tst  1.68E-07 PX  9.72E-04
 TTTTTTTTTTTTTTTTTTTTTTTTTTTTTT DIIS        TELAPSE      321.50 TCPU      318.92
 DIIS TEST: 0.59175E-03 AT SCF   CYCLE   7 - DIIS ACTIVE - HISTORY:     7 CYCLES
 TTTTTTTTTTTTTTTTTTTTTTTTTTTTTT FDIK        TELAPSE      332.07 TCPU      329.46

    ALPHA      ELECTRONS
 INSULATING STATE
 TOP OF VALENCE BANDS -    BAND    360; K    1; EIG -1.3200050E-01 AU
 BOTTOM OF VIRTUAL BANDS - BAND    361; K    7; EIG -7.7864955E-02 AU
 INDIRECT ENERGY BAND GAP:   1.4731 eV
 BOTTOM OF VIRTUAL BANDS - BAND    361; K    1; EIG -7.6078694E-02 AU

    BETA       ELECTRONS
 INSULATING STATE
 TOP OF VALENCE BANDS -    BAND    360; K    1; EIG -1.3200050E-01 AU
 BOTTOM OF VIRTUAL BANDS - BAND    361; K    7; EIG -7.7864955E-02 AU
 INDIRECT ENERGY BAND GAP:   1.4731 eV
 BOTTOM OF VIRTUAL BANDS - BAND    361; K    1; EIG -7.6078694E-02 AU
 TTTTTTTTTTTTTTTTTTTTTTTTTTTTTT PDIG        TELAPSE      333.23 TCPU      330.61
 CHARGE NORMALIZATION FACTOR   1.00000000
 TOTAL ATOMIC CHARGES:
   5.9785218   5.9785218   5.9785218   5.9785218   5.9785218   5.9785218
   5.9785218   5.9785218   5.9785218   5.9785218   5.9785218   5.9785218
   5.9785218   5.9785218   5.9785218   5.9785218   5.9785218   5.9785218
   5.9785218   5.9785218   5.9785218   5.9785218   5.9785218   5.9785218
   6.0183272   6.0183272   6.0183272   6.0183272   6.0183272   6.0183272
   6.0183272   6.0183272   6.0183272   6.0183272   6.0183272   6.0183272
   6.0183272   6.0183272   6.0183272   6.0183272   6.0183272   6.0183272
   6.0183272   6.0183272   6.0183272   6.0183272   6.0183272   6.0183272
   6.0194687   6.0194687   6.0194687   6.0194687   6.0194687   6.0194687
   6.0194687   6.0194687   6.0194687   6.0194687   6.0194687   6.0194687
   6.0194687   6.0194687   6.0194687   6.0194687   6.0194687   6.0194687
   6.0194687   6.0194687   6.0194687   6.0194687   6.0194687   6.0194687
   6.0134264   6.0134264   6.0134264   6.0134264   6.0134264   6.0134264
   6.0134264   6.0134264   6.0134264   6.0134264   6.0134264   6.0134264
   6.0134264   6.0134264   6.0134264   6.0134264   6.0134264   6.0134264
   6.0134264   6.0134264   6.0134264   6.0134264   6.0134264   6.0134264
   5.9702560   5.9702560   5.9702560   5.9702560   5.9702560   5.9702560
   5.9702560   5.9702560   5.9702560   5.9702560   5.9702560   5.9702560
   5.9702560   5.9702560   5.9702560   5.9702560   5.9702560   5.9702560
   5.9702560   5.9702560   5.9702560   5.9702560   5.9702560   5.9702560
 SUMMED SPIN DENSITY          -0.00000000
 TOTAL ATOMIC SPINS  :
   0.0000000   0.0000000   0.0000000   0.0000000   0.0000000   0.0000000
   0.0000000   0.0000000   0.0000000   0.0000000   0.0000000   0.0000000
   0.0000000   0.0000000   0.0000000   0.0000000   0.0000000   0.0000000
   0.0000000   0.0000000   0.0000000   0.0000000   0.0000000   0.0000000
  -0.0000000  -0.0000000  -0.0000000  -0.0000000  -0.0000000  -0.0000000
  -0.0000000  -0.0000000  -0.0000000  -0.0000000  -0.0000000  -0.0000000
  -0.0000000  -0.0000000  -0.0000000  -0.0000000  -0.0000000  -0.0000000
  -0.0000000  -0.0000000  -0.0000000  -0.0000000  -0.0000000  -0.0000000
  -0.0000000  -0.0000000  -0.0000000  -0.0000000  -0.0000000  -0.0000000
  -0.0000000  -0.0000000  -0.0000000  -0.0000000  -0.0000000  -0.0000000
  -0.0000000  -0.0000000  -0.0000000  -0.0000000  -0.0000000  -0.0000000
  -0.0000000  -0.0000000  -0.0000000  -0.0000000  -0.0000000  -0.0000000
  -0.0000000  -0.0000000  -0.0000000  -0.0000000  -0.0000000  -0.0000000
  -0.0000000  -0.0000000  -0.0000000  -0.0000000  -0.0000000  -0.0000000
  -0.0000000  -0.0000000  -0.0000000  -0.0000000  -0.0000000  -0.0000000
  -0.0000000  -0.0000000  -0.0000000  -0.0000000  -0.0000000  -0.0000000
   0.0000000   0.0000000   0.0000000   0.0000000   0.0000000   0.0000000
   0.0000000   0.0000000   0.0000000   0.0000000   0.0000000   0.0000000
   0.0000000   0.0000000   0.0000000   0.0000000   0.0000000   0.0000000
   0.0000000   0.0000000   0.0000000   0.0000000   0.0000000   0.0000000
 TTTTTTTTTTTTTTTTTTTTTTTTTTTTTT MOQGAD      TELAPSE      333.26 TCPU      330.64
 TTTTTTTTTTTTTTTTTTTTTTTTTTTTTT SHELLXN     TELAPSE      357.81 TCPU      355.14
 TTTTTTTTTTTTTTTTTTTTTTTTTTTTTT MONMO3      TELAPSE      358.04 TCPU      355.37
 NUMERICALLY INTEGRATED DENSITY    360.0000941488    360.0000941488
 TTTTTTTTTTTTTTTTTTTTTTTTTTTTTT NUMDFT      TELAPSE      359.25 TCPU      356.56
 CYC   8 ETOT(AU) -4.569449411230E+03 DETOT -1.35E-05 tst  2.42E-08 PX  2.12E-04
 TTTTTTTTTTTTTTTTTTTTTTTTTTTTTT DIIS        TELAPSE      359.42 TCPU      356.73
 DIIS TEST: 0.68067E-04 AT SCF   CYCLE   8 - DIIS ACTIVE - HISTORY:     8 CYCLES
 TTTTTTTTTTTTTTTTTTTTTTTTTTTTTT FDIK        TELAPSE      379.10 TCPU      376.37

    ALPHA      ELECTRONS
 INSULATING STATE
 TOP OF VALENCE BANDS -    BAND    360; K    1; EIG -1.3200180E-01 AU
 BOTTOM OF VIRTUAL BANDS - BAND    361; K    7; EIG -7.7846330E-02 AU
 INDIRECT ENERGY BAND GAP:   1.4736 eV
 BOTTOM OF VIRTUAL BANDS - BAND    361; K    1; EIG -7.6058368E-02 AU

    BETA       ELECTRONS
 INSULATING STATE
 TOP OF VALENCE BANDS -    BAND    360; K    1; EIG -1.3200180E-01 AU
 BOTTOM OF VIRTUAL BANDS - BAND    361; K    7; EIG -7.7846330E-02 AU
 INDIRECT ENERGY BAND GAP:   1.4736 eV
 BOTTOM OF VIRTUAL BANDS - BAND    361; K    1; EIG -7.6058368E-02 AU
 TTTTTTTTTTTTTTTTTTTTTTTTTTTTTT PDIG        TELAPSE      380.26 TCPU      377.52
 CHARGE NORMALIZATION FACTOR   1.00000000
 TOTAL ATOMIC CHARGES:
   5.9788232   5.9788232   5.9788232   5.9788232   5.9788232   5.9788232
   5.9788232   5.9788232   5.9788232   5.9788232   5.9788232   5.9788232
   5.9788232   5.9788232   5.9788232   5.9788232   5.9788232   5.9788232
   5.9788232   5.9788232   5.9788232   5.9788232   5.9788232   5.9788232
   6.0187770   6.0187770   6.0187770   6.0187770   6.0187770   6.0187770
   6.0187770   6.0187770   6.0187770   6.0187770   6.0187770   6.0187770
   6.0187770   6.0187770   6.0187770   6.0187770   6.0187770   6.0187770
   6.0187770   6.0187770   6.0187770   6.0187770   6.0187770   6.0187770
   6.0191232   6.0191232   6.0191232   6.0191232   6.0191232   6.0191232
   6.0191232   6.0191232   6.0191232   6.0191232   6.0191232   6.0191232
   6.0191232   6.0191232   6.0191232   6.0191232   6.0191232   6.0191232
   6.0191232   6.0191232   6.0191232   6.0191232   6.0191232   6.0191232
   6.0133298   6.0133298   6.0133298   6.0133298   6.0133298   6.0133298
   6.0133298   6.0133298   6.0133298   6.0133298   6.0133298   6.0133298
   6.0133298   6.0133298   6.0133298   6.0133298   6.0133298   6.0133298
   6.0133298   6.0133298   6.0133298   6.0133298   6.0133298   6.0133298
   5.9699467   5.9699467   5.9699467   5.9699467   5.9699467   5.9699467
   5.9699467   5.9699467   5.9699467   5.9699467   5.9699467   5.9699467
   5.9699467   5.9699467   5.9699467   5.9699467   5.9699467   5.9699467
   5.9699467   5.9699467   5.9699467   5.9699467   5.9699467   5.9699467
 SUMMED SPIN DENSITY          -0.00000000
 TOTAL ATOMIC SPINS  :
   0.0000000   0.0000000   0.0000000   0.0000000   0.0000000   0.0000000
   0.0000000   0.0000000   0.0000000   0.0000000   0.0000000   0.0000000
   0.0000000   0.0000000   0.0000000   0.0000000   0.0000000   0.0000000
   0.0000000   0.0000000   0.0000000   0.0000000   0.0000000   0.0000000
  -0.0000000  -0.0000000  -0.0000000  -0.0000000  -0.0000000  -0.0000000
  -0.0000000  -0.0000000  -0.0000000  -0.0000000  -0.0000000  -0.0000000
  -0.0000000  -0.0000000  -0.0000000  -0.0000000  -0.0000000  -0.0000000
  -0.0000000  -0.0000000  -0.0000000  -0.0000000  -0.0000000  -0.0000000
  -0.0000000  -0.0000000  -0.0000000  -0.0000000  -0.0000000  -0.0000000
  -0.0000000  -0.0000000  -0.0000000  -0.0000000  -0.0000000  -0.0000000
  -0.0000000  -0.0000000  -0.0000000  -0.0000000  -0.0000000  -0.0000000
  -0.0000000  -0.0000000  -0.0000000  -0.0000000  -0.0000000  -0.0000000
  -0.0000000  -0.0000000  -0.0000000  -0.0000000  -0.0000000  -0.0000000
  -0.0000000  -0.0000000  -0.0000000  -0.0000000  -0.0000000  -0.0000000
  -0.0000000  -0.0000000  -0.0000000  -0.0000000  -0.0000000  -0.0000000
  -0.0000000  -0.0000000  -0.0000000  -0.0000000  -0.0000000  -0.0000000
   0.0000000   0.0000000   0.0000000   0.0000000   0.0000000   0.0000000
   0.0000000   0.0000000   0.0000000   0.0000000   0.0000000   0.0000000
   0.0000000   0.0000000   0.0000000   0.0000000   0.0000000   0.0000000
   0.0000000   0.0000000   0.0000000   0.0000000   0.0000000   0.0000000
 TTTTTTTTTTTTTTTTTTTTTTTTTTTTTT MOQGAD      TELAPSE      380.29 TCPU      377.55
 TTTTTTTTTTTTTTTTTTTTTTTTTTTTTT SHELLXN     TELAPSE      404.87 TCPU      402.06
 TTTTTTTTTTTTTTTTTTTTTTTTTTTTTT MONMO3      TELAPSE      405.10 TCPU      402.29
 NUMERICALLY INTEGRATED DENSITY    360.0000941379    360.0000941379
 TTTTTTTTTTTTTTTTTTTTTTTTTTTTTT NUMDFT      TELAPSE      406.31 TCPU      403.50
 CYC   9 ETOT(AU) -4.569449413589E+03 DETOT -2.36E-06 tst  4.57E-09 PX  7.03E-05
 TTTTTTTTTTTTTTTTTTTTTTTTTTTTTT DIIS        TELAPSE      406.48 TCPU      403.67
 DIIS TEST: 0.81276E-05 AT SCF   CYCLE   9 - DIIS ACTIVE - HISTORY:     9 CYCLES
 TTTTTTTTTTTTTTTTTTTTTTTTTTTTTT FDIK        TELAPSE      416.73 TCPU      413.88

    ALPHA      ELECTRONS
 INSULATING STATE
 TOP OF VALENCE BANDS -    BAND    360; K    1; EIG -1.3200863E-01 AU
 BOTTOM OF VIRTUAL BANDS - BAND    361; K    7; EIG -7.7851394E-02 AU
 INDIRECT ENERGY BAND GAP:   1.4737 eV
 BOTTOM OF VIRTUAL BANDS - BAND    361; K    1; EIG -7.6064765E-02 AU

    BETA       ELECTRONS
 INSULATING STATE
 TOP OF VALENCE BANDS -    BAND    360; K    1; EIG -1.3200863E-01 AU
 BOTTOM OF VIRTUAL BANDS - BAND    361; K    7; EIG -7.7851394E-02 AU
 INDIRECT ENERGY BAND GAP:   1.4737 eV
 BOTTOM OF VIRTUAL BANDS - BAND    361; K    1; EIG -7.6064765E-02 AU
 TTTTTTTTTTTTTTTTTTTTTTTTTTTTTT PDIG        TELAPSE      417.88 TCPU      415.03
 CHARGE NORMALIZATION FACTOR   1.00000000
 TOTAL ATOMIC CHARGES:
   5.9787685   5.9787685   5.9787685   5.9787685   5.9787685   5.9787685
   5.9787685   5.9787685   5.9787685   5.9787685   5.9787685   5.9787685
   5.9787685   5.9787685   5.9787685   5.9787685   5.9787685   5.9787685
   5.9787685   5.9787685   5.9787685   5.9787685   5.9787685   5.9787685
   6.0186554   6.0186554   6.0186554   6.0186554   6.0186554   6.0186554
   6.0186554   6.0186554   6.0186554   6.0186554   6.0186554   6.0186554
   6.0186554   6.0186554   6.0186554   6.0186554   6.0186554   6.0186554
   6.0186554   6.0186554   6.0186554   6.0186554   6.0186554   6.0186554
   6.0192060   6.0192060   6.0192060   6.0192060   6.0192060   6.0192060
   6.0192060   6.0192060   6.0192060   6.0192060   6.0192060   6.0192060
   6.0192060   6.0192060   6.0192060   6.0192060   6.0192060   6.0192060
   6.0192060   6.0192060   6.0192060   6.0192060   6.0192060   6.0192060
   6.0133152   6.0133152   6.0133152   6.0133152   6.0133152   6.0133152
   6.0133152   6.0133152   6.0133152   6.0133152   6.0133152   6.0133152
   6.0133152   6.0133152   6.0133152   6.0133152   6.0133152   6.0133152
   6.0133152   6.0133152   6.0133152   6.0133152   6.0133152   6.0133152
   5.9700549   5.9700549   5.9700549   5.9700549   5.9700549   5.9700549
   5.9700549   5.9700549   5.9700549   5.9700549   5.9700549   5.9700549
   5.9700549   5.9700549   5.9700549   5.9700549   5.9700549   5.9700549
   5.9700549   5.9700549   5.9700549   5.9700549   5.9700549   5.9700549
 SUMMED SPIN DENSITY          -0.00000000
 TOTAL ATOMIC SPINS  :
   0.0000000   0.0000000   0.0000000   0.0000000   0.0000000   0.0000000
   0.0000000   0.0000000   0.0000000   0.0000000   0.0000000   0.0000000
   0.0000000   0.0000000   0.0000000   0.0000000   0.0000000   0.0000000
   0.0000000   0.0000000   0.0000000   0.0000000   0.0000000   0.0000000
  -0.0000000  -0.0000000  -0.0000000  -0.0000000  -0.0000000  -0.0000000
  -0.0000000  -0.0000000  -0.0000000  -0.0000000  -0.0000000  -0.0000000
  -0.0000000  -0.0000000  -0.0000000  -0.0000000  -0.0000000  -0.0000000
  -0.0000000  -0.0000000  -0.0000000  -0.0000000  -0.0000000  -0.0000000
  -0.0000000  -0.0000000  -0.0000000  -0.0000000  -0.0000000  -0.0000000
  -0.0000000  -0.0000000  -0.0000000  -0.0000000  -0.0000000  -0.0000000
  -0.0000000  -0.0000000  -0.0000000  -0.0000000  -0.0000000  -0.0000000
  -0.0000000  -0.0000000  -0.0000000  -0.0000000  -0.0000000  -0.0000000
  -0.0000000  -0.0000000  -0.0000000  -0.0000000  -0.0000000  -0.0000000
  -0.0000000  -0.0000000  -0.0000000  -0.0000000  -0.0000000  -0.0000000
  -0.0000000  -0.0000000  -0.0000000  -0.0000000  -0.0000000  -0.0000000
  -0.0000000  -0.0000000  -0.0000000  -0.0000000  -0.0000000  -0.0000000
   0.0000000   0.0000000   0.0000000   0.0000000   0.0000000   0.0000000
   0.0000000   0.0000000   0.0000000   0.0000000   0.0000000   0.0000000
   0.0000000   0.0000000   0.0000000   0.0000000   0.0000000   0.0000000
   0.0000000   0.0000000   0.0000000   0.0000000   0.0000000   0.0000000
 TTTTTTTTTTTTTTTTTTTTTTTTTTTTTT MOQGAD      TELAPSE      417.91 TCPU      415.06
 TTTTTTTTTTTTTTTTTTTTTTTTTTTTTT SHELLXN     TELAPSE      442.48 TCPU      439.57
 TTTTTTTTTTTTTTTTTTTTTTTTTTTTTT MONMO3      TELAPSE      442.71 TCPU      439.79
 NUMERICALLY INTEGRATED DENSITY    360.0000941344    360.0000941344
 TTTTTTTTTTTTTTTTTTTTTTTTTTTTTT NUMDFT      TELAPSE      443.92 TCPU      441.00
 CYC  10 ETOT(AU) -4.569449413687E+03 DETOT -9.80E-08 tst  6.18E-10 PX  3.44E-05
 TTTTTTTTTTTTTTTTTTTTTTTTTTTTTT DIIS        TELAPSE      444.09 TCPU      441.17
 DIIS TEST: 0.24493E-06 AT SCF   CYCLE  10 - DIIS ACTIVE - HISTORY:    10 CYCLES
 TTTTTTTTTTTTTTTTTTTTTTTTTTTTTT FDIK        TELAPSE      454.59 TCPU      451.63

    ALPHA      ELECTRONS
 INSULATING STATE
 TOP OF VALENCE BANDS -    BAND    360; K    1; EIG -1.3200927E-01 AU
 BOTTOM OF VIRTUAL BANDS - BAND    361; K    7; EIG -7.7849463E-02 AU
 INDIRECT ENERGY BAND GAP:   1.4738 eV
 BOTTOM OF VIRTUAL BANDS - BAND    361; K    1; EIG -7.6063312E-02 AU

    BETA       ELECTRONS
 INSULATING STATE
 TOP OF VALENCE BANDS -    BAND    360; K    1; EIG -1.3200927E-01 AU
 BOTTOM OF VIRTUAL BANDS - BAND    361; K    7; EIG -7.7849463E-02 AU
 INDIRECT ENERGY BAND GAP:   1.4738 eV
 BOTTOM OF VIRTUAL BANDS - BAND    361; K    1; EIG -7.6063312E-02 AU
 TTTTTTTTTTTTTTTTTTTTTTTTTTTTTT PDIG        TELAPSE      455.76 TCPU      452.79
 CHARGE NORMALIZATION FACTOR   1.00000000
 TOTAL ATOMIC CHARGES:
   5.9787539   5.9787539   5.9787539   5.9787539   5.9787539   5.9787539
   5.9787539   5.9787539   5.9787539   5.9787539   5.9787539   5.9787539
   5.9787539   5.9787539   5.9787539   5.9787539   5.9787539   5.9787539
   5.9787539   5.9787539   5.9787539   5.9787539   5.9787539   5.9787539
   6.0186816   6.0186816   6.0186816   6.0186816   6.0186816   6.0186816
   6.0186816   6.0186816   6.0186816   6.0186816   6.0186816   6.0186816
   6.0186816   6.0186816   6.0186816   6.0186816   6.0186816   6.0186816
   6.0186816   6.0186816   6.0186816   6.0186816   6.0186816   6.0186816
   6.0192111   6.0192111   6.0192111   6.0192111   6.0192111   6.0192111
   6.0192111   6.0192111   6.0192111   6.0192111   6.0192111   6.0192111
   6.0192111   6.0192111   6.0192111   6.0192111   6.0192111   6.0192111
   6.0192111   6.0192111   6.0192111   6.0192111   6.0192111   6.0192111
   6.0133253   6.0133253   6.0133253   6.0133253   6.0133253   6.0133253
   6.0133253   6.0133253   6.0133253   6.0133253   6.0133253   6.0133253
   6.0133253   6.0133253   6.0133253   6.0133253   6.0133253   6.0133253
   6.0133253   6.0133253   6.0133253   6.0133253   6.0133253   6.0133253
   5.9700281   5.9700281   5.9700281   5.9700281   5.9700281   5.9700281
   5.9700281   5.9700281   5.9700281   5.9700281   5.9700281   5.9700281
   5.9700281   5.9700281   5.9700281   5.9700281   5.9700281   5.9700281
   5.9700281   5.9700281   5.9700281   5.9700281   5.9700281   5.9700281
 SUMMED SPIN DENSITY          -0.00000000
 TOTAL ATOMIC SPINS  :
   0.0000000   0.0000000   0.0000000   0.0000000   0.0000000   0.0000000
   0.0000000   0.0000000   0.0000000   0.0000000   0.0000000   0.0000000
   0.0000000   0.0000000   0.0000000   0.0000000   0.0000000   0.0000000
   0.0000000   0.0000000   0.0000000   0.0000000   0.0000000   0.0000000
  -0.0000000  -0.0000000  -0.0000000  -0.0000000  -0.0000000  -0.0000000
  -0.0000000  -0.0000000  -0.0000000  -0.0000000  -0.0000000  -0.0000000
  -0.0000000  -0.0000000  -0.0000000  -0.0000000  -0.0000000  -0.0000000
  -0.0000000  -0.0000000  -0.0000000  -0.0000000  -0.0000000  -0.0000000
  -0.0000000  -0.0000000  -0.0000000  -0.0000000  -0.0000000  -0.0000000
  -0.0000000  -0.0000000  -0.0000000  -0.0000000  -0.0000000  -0.0000000
  -0.0000000  -0.0000000  -0.0000000  -0.0000000  -0.0000000  -0.0000000
  -0.0000000  -0.0000000  -0.0000000  -0.0000000  -0.0000000  -0.0000000
  -0.0000000  -0.0000000  -0.0000000  -0.0000000  -0.0000000  -0.0000000
  -0.0000000  -0.0000000  -0.0000000  -0.0000000  -0.0000000  -0.0000000
  -0.0000000  -0.0000000  -0.0000000  -0.0000000  -0.0000000  -0.0000000
  -0.0000000  -0.0000000  -0.0000000  -0.0000000  -0.0000000  -0.0000000
   0.0000000   0.0000000   0.0000000   0.0000000   0.0000000   0.0000000
   0.0000000   0.0000000   0.0000000   0.0000000   0.0000000   0.0000000
   0.0000000   0.0000000   0.0000000   0.0000000   0.0000000   0.0000000
   0.0000000   0.0000000   0.0000000   0.0000000   0.0000000   0.0000000
 TTTTTTTTTTTTTTTTTTTTTTTTTTTTTT MOQGAD      TELAPSE      455.79 TCPU      452.82
 TTTTTTTTTTTTTTTTTTTTTTTTTTTTTT SHELLXN     TELAPSE      480.34 TCPU      477.31
 TTTTTTTTTTTTTTTTTTTTTTTTTTTTTT MONMO3      TELAPSE      480.57 TCPU      477.53
 NUMERICALLY INTEGRATED DENSITY    360.0000941344    360.0000941344
 TTTTTTTTTTTTTTTTTTTTTTTTTTTTTT NUMDFT      TELAPSE      481.78 TCPU      478.74
 CYC  11 ETOT(AU) -4.569449413718E+03 DETOT -3.05E-08 tst  2.37E-11 PX  5.43E-06
 TTTTTTTTTTTTTTTTTTTTTTTTTTTTTT DIIS        TELAPSE      481.95 TCPU      478.91
 DIIS TEST: 0.33955E-07 AT SCF   CYCLE  11 - DIIS ACTIVE - HISTORY:    11 CYCLES
 TTTTTTTTTTTTTTTTTTTTTTTTTTTTTT FDIK        TELAPSE      491.72 TCPU      488.62

    ALPHA      ELECTRONS
 INSULATING STATE
 TOP OF VALENCE BANDS -    BAND    360; K    1; EIG -1.3200913E-01 AU
 BOTTOM OF VIRTUAL BANDS - BAND    361; K    7; EIG -7.7849265E-02 AU
 INDIRECT ENERGY BAND GAP:   1.4738 eV
 BOTTOM OF VIRTUAL BANDS - BAND    361; K    1; EIG -7.6062832E-02 AU

    BETA       ELECTRONS
 INSULATING STATE
 TOP OF VALENCE BANDS -    BAND    360; K    1; EIG -1.3200913E-01 AU
 BOTTOM OF VIRTUAL BANDS - BAND    361; K    7; EIG -7.7849265E-02 AU
 INDIRECT ENERGY BAND GAP:   1.4738 eV
 BOTTOM OF VIRTUAL BANDS - BAND    361; K    1; EIG -7.6062832E-02 AU
 TTTTTTTTTTTTTTTTTTTTTTTTTTTTTT PDIG        TELAPSE      492.90 TCPU      489.79
 CHARGE NORMALIZATION FACTOR   1.00000000
 TOTAL ATOMIC CHARGES:
   5.9787656   5.9787656   5.9787656   5.9787656   5.9787656   5.9787656
   5.9787656   5.9787656   5.9787656   5.9787656   5.9787656   5.9787656
   5.9787656   5.9787656   5.9787656   5.9787656   5.9787656   5.9787656
   5.9787656   5.9787656   5.9787656   5.9787656   5.9787656   5.9787656
   6.0186698   6.0186698   6.0186698   6.0186698   6.0186698   6.0186698
   6.0186698   6.0186698   6.0186698   6.0186698   6.0186698   6.0186698
   6.0186698   6.0186698   6.0186698   6.0186698   6.0186698   6.0186698
   6.0186698   6.0186698   6.0186698   6.0186698   6.0186698   6.0186698
   6.0192024   6.0192024   6.0192024   6.0192024   6.0192024   6.0192024
   6.0192024   6.0192024   6.0192024   6.0192024   6.0192024   6.0192024
   6.0192024   6.0192024   6.0192024   6.0192024   6.0192024   6.0192024
   6.0192024   6.0192024   6.0192024   6.0192024   6.0192024   6.0192024
   6.0133242   6.0133242   6.0133242   6.0133242   6.0133242   6.0133242
   6.0133242   6.0133242   6.0133242   6.0133242   6.0133242   6.0133242
   6.0133242   6.0133242   6.0133242   6.0133242   6.0133242   6.0133242
   6.0133242   6.0133242   6.0133242   6.0133242   6.0133242   6.0133242
   5.9700381   5.9700381   5.9700381   5.9700381   5.9700381   5.9700381
   5.9700381   5.9700381   5.9700381   5.9700381   5.9700381   5.9700381
   5.9700381   5.9700381   5.9700381   5.9700381   5.9700381   5.9700381
   5.9700381   5.9700381   5.9700381   5.9700381   5.9700381   5.9700381
 SUMMED SPIN DENSITY          -0.00000000
 TOTAL ATOMIC SPINS  :
   0.0000000   0.0000000   0.0000000   0.0000000   0.0000000   0.0000000
   0.0000000   0.0000000   0.0000000   0.0000000   0.0000000   0.0000000
   0.0000000   0.0000000   0.0000000   0.0000000   0.0000000   0.0000000
   0.0000000   0.0000000   0.0000000   0.0000000   0.0000000   0.0000000
  -0.0000000  -0.0000000  -0.0000000  -0.0000000  -0.0000000  -0.0000000
  -0.0000000  -0.0000000  -0.0000000  -0.0000000  -0.0000000  -0.0000000
  -0.0000000  -0.0000000  -0.0000000  -0.0000000  -0.0000000  -0.0000000
  -0.0000000  -0.0000000  -0.0000000  -0.0000000  -0.0000000  -0.0000000
  -0.0000000  -0.0000000  -0.0000000  -0.0000000  -0.0000000  -0.0000000
  -0.0000000  -0.0000000  -0.0000000  -0.0000000  -0.0000000  -0.0000000
  -0.0000000  -0.0000000  -0.0000000  -0.0000000  -0.0000000  -0.0000000
  -0.0000000  -0.0000000  -0.0000000  -0.0000000  -0.0000000  -0.0000000
  -0.0000000  -0.0000000  -0.0000000  -0.0000000  -0.0000000  -0.0000000
  -0.0000000  -0.0000000  -0.0000000  -0.0000000  -0.0000000  -0.0000000
  -0.0000000  -0.0000000  -0.0000000  -0.0000000  -0.0000000  -0.0000000
  -0.0000000  -0.0000000  -0.0000000  -0.0000000  -0.0000000  -0.0000000
   0.0000000   0.0000000   0.0000000   0.0000000   0.0000000   0.0000000
   0.0000000   0.0000000   0.0000000   0.0000000   0.0000000   0.0000000
   0.0000000   0.0000000   0.0000000   0.0000000   0.0000000   0.0000000
   0.0000000   0.0000000   0.0000000   0.0000000   0.0000000   0.0000000
 TTTTTTTTTTTTTTTTTTTTTTTTTTTTTT MOQGAD      TELAPSE      492.93 TCPU      489.82
 TTTTTTTTTTTTTTTTTTTTTTTTTTTTTT SHELLXN     TELAPSE      518.20 TCPU      514.86
 TTTTTTTTTTTTTTTTTTTTTTTTTTTTTT MONMO3      TELAPSE      518.42 TCPU      515.09
 NUMERICALLY INTEGRATED DENSITY    360.0000941343    360.0000941343
 TTTTTTTTTTTTTTTTTTTTTTTTTTTTTT NUMDFT      TELAPSE      519.63 TCPU      516.29
 CYC  12 ETOT(AU) -4.569449413712E+03 DETOT  6.04E-09 tst  1.86E-12 PX  2.02E-06
 TTTTTTTTTTTTTTTTTTTTTTTTTTTTTT DIIS        TELAPSE      519.88 TCPU      516.49
 DIIS TEST: 0.32705E-08 AT SCF   CYCLE  12 - DIIS ACTIVE - HISTORY:    12 CYCLES
 TTTTTTTTTTTTTTTTTTTTTTTTTTTTTT FDIK        TELAPSE      527.61 TCPU      524.18

    ALPHA      ELECTRONS
 INSULATING STATE
 TOP OF VALENCE BANDS -    BAND    360; K    1; EIG -1.3200928E-01 AU
 BOTTOM OF VIRTUAL BANDS - BAND    361; K    7; EIG -7.7849071E-02 AU
 INDIRECT ENERGY BAND GAP:   1.4738 eV
 BOTTOM OF VIRTUAL BANDS - BAND    361; K    1; EIG -7.6062723E-02 AU

    BETA       ELECTRONS
 INSULATING STATE
 TOP OF VALENCE BANDS -    BAND    360; K    1; EIG -1.3200928E-01 AU
 BOTTOM OF VIRTUAL BANDS - BAND    361; K    7; EIG -7.7849071E-02 AU
 INDIRECT ENERGY BAND GAP:   1.4738 eV
 BOTTOM OF VIRTUAL BANDS - BAND    361; K    1; EIG -7.6062723E-02 AU
 TTTTTTTTTTTTTTTTTTTTTTTTTTTTTT PDIG        TELAPSE      528.77 TCPU      525.33
 CHARGE NORMALIZATION FACTOR   1.00000000
 TOTAL ATOMIC CHARGES:
   5.9787632   5.9787632   5.9787632   5.9787632   5.9787632   5.9787632
   5.9787632   5.9787632   5.9787632   5.9787632   5.9787632   5.9787632
   5.9787632   5.9787632   5.9787632   5.9787632   5.9787632   5.9787632
   5.9787632   5.9787632   5.9787632   5.9787632   5.9787632   5.9787632
   6.0186727   6.0186727   6.0186727   6.0186727   6.0186727   6.0186727
   6.0186727   6.0186727   6.0186727   6.0186727   6.0186727   6.0186727
   6.0186727   6.0186727   6.0186727   6.0186727   6.0186727   6.0186727
   6.0186727   6.0186727   6.0186727   6.0186727   6.0186727   6.0186727
   6.0192045   6.0192045   6.0192045   6.0192045   6.0192045   6.0192045
   6.0192045   6.0192045   6.0192045   6.0192045   6.0192045   6.0192045
   6.0192045   6.0192045   6.0192045   6.0192045   6.0192045   6.0192045
   6.0192045   6.0192045   6.0192045   6.0192045   6.0192045   6.0192045
   6.0133244   6.0133244   6.0133244   6.0133244   6.0133244   6.0133244
   6.0133244   6.0133244   6.0133244   6.0133244   6.0133244   6.0133244
   6.0133244   6.0133244   6.0133244   6.0133244   6.0133244   6.0133244
   6.0133244   6.0133244   6.0133244   6.0133244   6.0133244   6.0133244
   5.9700352   5.9700352   5.9700352   5.9700352   5.9700352   5.9700352
   5.9700352   5.9700352   5.9700352   5.9700352   5.9700352   5.9700352
   5.9700352   5.9700352   5.9700352   5.9700352   5.9700352   5.9700352
   5.9700352   5.9700352   5.9700352   5.9700352   5.9700352   5.9700352
 SUMMED SPIN DENSITY          -0.00000000
 TOTAL ATOMIC SPINS  :
  -0.0000000  -0.0000000  -0.0000000  -0.0000000  -0.0000000  -0.0000000
  -0.0000000  -0.0000000  -0.0000000  -0.0000000  -0.0000000  -0.0000000
  -0.0000000  -0.0000000  -0.0000000  -0.0000000  -0.0000000  -0.0000000
  -0.0000000  -0.0000000  -0.0000000  -0.0000000  -0.0000000  -0.0000000
  -0.0000000  -0.0000000  -0.0000000  -0.0000000  -0.0000000  -0.0000000
  -0.0000000  -0.0000000  -0.0000000  -0.0000000  -0.0000000  -0.0000000
  -0.0000000  -0.0000000  -0.0000000  -0.0000000  -0.0000000  -0.0000000
  -0.0000000  -0.0000000  -0.0000000  -0.0000000  -0.0000000  -0.0000000
   0.0000000   0.0000000   0.0000000   0.0000000   0.0000000   0.0000000
   0.0000000   0.0000000   0.0000000   0.0000000   0.0000000   0.0000000
   0.0000000   0.0000000   0.0000000   0.0000000   0.0000000   0.0000000
   0.0000000   0.0000000   0.0000000   0.0000000   0.0000000   0.0000000
   0.0000000   0.0000000   0.0000000   0.0000000   0.0000000   0.0000000
   0.0000000   0.0000000   0.0000000   0.0000000   0.0000000   0.0000000
   0.0000000   0.0000000   0.0000000   0.0000000   0.0000000   0.0000000
   0.0000000   0.0000000   0.0000000   0.0000000   0.0000000   0.0000000
   0.0000000   0.0000000   0.0000000   0.0000000   0.0000000   0.0000000
   0.0000000   0.0000000   0.0000000   0.0000000   0.0000000   0.0000000
   0.0000000   0.0000000   0.0000000   0.0000000   0.0000000   0.0000000
   0.0000000   0.0000000   0.0000000   0.0000000   0.0000000   0.0000000
 TTTTTTTTTTTTTTTTTTTTTTTTTTTTTT MOQGAD      TELAPSE      528.80 TCPU      525.36
 TTTTTTTTTTTTTTTTTTTTTTTTTTTTTT SHELLXN     TELAPSE      553.35 TCPU      549.82
 TTTTTTTTTTTTTTTTTTTTTTTTTTTTTT MONMO3      TELAPSE      553.58 TCPU      550.05
 NUMERICALLY INTEGRATED DENSITY    360.0000941342    360.0000941342
 TTTTTTTTTTTTTTTTTTTTTTTTTTTTTT NUMDFT      TELAPSE      554.80 TCPU      551.26
 CYC  13 ETOT(AU) -4.569449413716E+03 DETOT -4.47E-09 tst  6.44E-13 PX  4.64E-07
 TTTTTTTTTTTTTTTTTTTTTTTTTTTTTT DIIS        TELAPSE      554.97 TCPU      551.42
 DIIS TEST: 0.16437E-09 AT SCF   CYCLE  13 - DIIS ACTIVE - HISTORY:    13 CYCLES
 TTTTTTTTTTTTTTTTTTTTTTTTTTTTTT FDIK        TELAPSE      562.30 TCPU      558.73

    ALPHA      ELECTRONS
 INSULATING STATE
 TOP OF VALENCE BANDS -    BAND    360; K    1; EIG -1.3200932E-01 AU
 BOTTOM OF VIRTUAL BANDS - BAND    361; K    7; EIG -7.7849044E-02 AU
 INDIRECT ENERGY BAND GAP:   1.4738 eV
 BOTTOM OF VIRTUAL BANDS - BAND    361; K    1; EIG -7.6062705E-02 AU

    BETA       ELECTRONS
 INSULATING STATE
 TOP OF VALENCE BANDS -    BAND    360; K    1; EIG -1.3200932E-01 AU
 BOTTOM OF VIRTUAL BANDS - BAND    361; K    7; EIG -7.7849044E-02 AU
 INDIRECT ENERGY BAND GAP:   1.4738 eV
 BOTTOM OF VIRTUAL BANDS - BAND    361; K    1; EIG -7.6062705E-02 AU
 TTTTTTTTTTTTTTTTTTTTTTTTTTTTTT PDIG        TELAPSE      563.46 TCPU      559.88
 CHARGE NORMALIZATION FACTOR   1.00000000
 TOTAL ATOMIC CHARGES:
   5.9787634   5.9787634   5.9787634   5.9787634   5.9787634   5.9787634
   5.9787634   5.9787634   5.9787634   5.9787634   5.9787634   5.9787634
   5.9787634   5.9787634   5.9787634   5.9787634   5.9787634   5.9787634
   5.9787634   5.9787634   5.9787634   5.9787634   5.9787634   5.9787634
   6.0186725   6.0186725   6.0186725   6.0186725   6.0186725   6.0186725
   6.0186725   6.0186725   6.0186725   6.0186725   6.0186725   6.0186725
   6.0186725   6.0186725   6.0186725   6.0186725   6.0186725   6.0186725
   6.0186725   6.0186725   6.0186725   6.0186725   6.0186725   6.0186725
   6.0192043   6.0192043   6.0192043   6.0192043   6.0192043   6.0192043
   6.0192043   6.0192043   6.0192043   6.0192043   6.0192043   6.0192043
   6.0192043   6.0192043   6.0192043   6.0192043   6.0192043   6.0192043
   6.0192043   6.0192043   6.0192043   6.0192043   6.0192043   6.0192043
   6.0133245   6.0133245   6.0133245   6.0133245   6.0133245   6.0133245
   6.0133245   6.0133245   6.0133245   6.0133245   6.0133245   6.0133245
   6.0133245   6.0133245   6.0133245   6.0133245   6.0133245   6.0133245
   6.0133245   6.0133245   6.0133245   6.0133245   6.0133245   6.0133245
   5.9700353   5.9700353   5.9700353   5.9700353   5.9700353   5.9700353
   5.9700353   5.9700353   5.9700353   5.9700353   5.9700353   5.9700353
   5.9700353   5.9700353   5.9700353   5.9700353   5.9700353   5.9700353
   5.9700353   5.9700353   5.9700353   5.9700353   5.9700353   5.9700353
 SUMMED SPIN DENSITY          -0.00000000
 TOTAL ATOMIC SPINS  :
   0.0000000   0.0000000   0.0000000   0.0000000   0.0000000   0.0000000
   0.0000000   0.0000000   0.0000000   0.0000000   0.0000000   0.0000000
   0.0000000   0.0000000   0.0000000   0.0000000   0.0000000   0.0000000
   0.0000000   0.0000000   0.0000000   0.0000000   0.0000000   0.0000000
  -0.0000000  -0.0000000  -0.0000000  -0.0000000  -0.0000000  -0.0000000
  -0.0000000  -0.0000000  -0.0000000  -0.0000000  -0.0000000  -0.0000000
  -0.0000000  -0.0000000  -0.0000000  -0.0000000  -0.0000000  -0.0000000
  -0.0000000  -0.0000000  -0.0000000  -0.0000000  -0.0000000  -0.0000000
  -0.0000000  -0.0000000  -0.0000000  -0.0000000  -0.0000000  -0.0000000
  -0.0000000  -0.0000000  -0.0000000  -0.0000000  -0.0000000  -0.0000000
  -0.0000000  -0.0000000  -0.0000000  -0.0000000  -0.0000000  -0.0000000
  -0.0000000  -0.0000000  -0.0000000  -0.0000000  -0.0000000  -0.0000000
  -0.0000000  -0.0000000  -0.0000000  -0.0000000  -0.0000000  -0.0000000
  -0.0000000  -0.0000000  -0.0000000  -0.0000000  -0.0000000  -0.0000000
  -0.0000000  -0.0000000  -0.0000000  -0.0000000  -0.0000000  -0.0000000
  -0.0000000  -0.0000000  -0.0000000  -0.0000000  -0.0000000  -0.0000000
  -0.0000000  -0.0000000  -0.0000000  -0.0000000  -0.0000000  -0.0000000
  -0.0000000  -0.0000000  -0.0000000  -0.0000000  -0.0000000  -0.0000000
  -0.0000000  -0.0000000  -0.0000000  -0.0000000  -0.0000000  -0.0000000
  -0.0000000  -0.0000000  -0.0000000  -0.0000000  -0.0000000  -0.0000000
 TTTTTTTTTTTTTTTTTTTTTTTTTTTTTT MOQGAD      TELAPSE      563.49 TCPU      559.91
 TTTTTTTTTTTTTTTTTTTTTTTTTTTTTT SHELLXN     TELAPSE      588.07 TCPU      584.36
 TTTTTTTTTTTTTTTTTTTTTTTTTTTTTT MONMO3      TELAPSE      588.30 TCPU      584.58
 NUMERICALLY INTEGRATED DENSITY    360.0000941341    360.0000941341
 TTTTTTTTTTTTTTTTTTTTTTTTTTTTTT NUMDFT      TELAPSE      589.51 TCPU      585.79
 CYC  14 ETOT(AU) -4.569449413718E+03 DETOT -1.45E-09 tst  2.66E-14 PX  1.16E-07
 TTTTTTTTTTTTTTTTTTTTTTTTTTTTTT DIIS        TELAPSE      589.68 TCPU      585.96
 DIIS TEST: 0.13208E-09 AT SCF   CYCLE  14 - DIIS ACTIVE - HISTORY:    14 CYCLES
 TTTTTTTTTTTTTTTTTTTTTTTTTTTTTT FDIK        TELAPSE      594.87 TCPU      591.11

    ALPHA      ELECTRONS
 INSULATING STATE
 TOP OF VALENCE BANDS -    BAND    360; K    1; EIG -1.3200933E-01 AU
 BOTTOM OF VIRTUAL BANDS - BAND    361; K    7; EIG -7.7849042E-02 AU
 INDIRECT ENERGY BAND GAP:   1.4738 eV
 BOTTOM OF VIRTUAL BANDS - BAND    361; K    1; EIG -7.6062702E-02 AU

    BETA       ELECTRONS
 INSULATING STATE
 TOP OF VALENCE BANDS -    BAND    360; K    1; EIG -1.3200933E-01 AU
 BOTTOM OF VIRTUAL BANDS - BAND    361; K    7; EIG -7.7849042E-02 AU
 INDIRECT ENERGY BAND GAP:   1.4738 eV
 BOTTOM OF VIRTUAL BANDS - BAND    361; K    1; EIG -7.6062702E-02 AU
 TTTTTTTTTTTTTTTTTTTTTTTTTTTTTT PDIG        TELAPSE      596.01 TCPU      592.25
 CHARGE NORMALIZATION FACTOR   1.00000000
 TOTAL ATOMIC CHARGES:
   5.9787634   5.9787634   5.9787634   5.9787634   5.9787634   5.9787634
   5.9787634   5.9787634   5.9787634   5.9787634   5.9787634   5.9787634
   5.9787634   5.9787634   5.9787634   5.9787634   5.9787634   5.9787634
   5.9787634   5.9787634   5.9787634   5.9787634   5.9787634   5.9787634
   6.0186725   6.0186725   6.0186725   6.0186725   6.0186725   6.0186725
   6.0186725   6.0186725   6.0186725   6.0186725   6.0186725   6.0186725
   6.0186725   6.0186725   6.0186725   6.0186725   6.0186725   6.0186725
   6.0186725   6.0186725   6.0186725   6.0186725   6.0186725   6.0186725
   6.0192043   6.0192043   6.0192043   6.0192043   6.0192043   6.0192043
   6.0192043   6.0192043   6.0192043   6.0192043   6.0192043   6.0192043
   6.0192043   6.0192043   6.0192043   6.0192043   6.0192043   6.0192043
   6.0192043   6.0192043   6.0192043   6.0192043   6.0192043   6.0192043
   6.0133245   6.0133245   6.0133245   6.0133245   6.0133245   6.0133245
   6.0133245   6.0133245   6.0133245   6.0133245   6.0133245   6.0133245
   6.0133245   6.0133245   6.0133245   6.0133245   6.0133245   6.0133245
   6.0133245   6.0133245   6.0133245   6.0133245   6.0133245   6.0133245
   5.9700353   5.9700353   5.9700353   5.9700353   5.9700353   5.9700353
   5.9700353   5.9700353   5.9700353   5.9700353   5.9700353   5.9700353
   5.9700353   5.9700353   5.9700353   5.9700353   5.9700353   5.9700353
   5.9700353   5.9700353   5.9700353   5.9700353   5.9700353   5.9700353
 SUMMED SPIN DENSITY          -0.00000000
 TOTAL ATOMIC SPINS  :
   0.0000000   0.0000000   0.0000000   0.0000000   0.0000000   0.0000000
   0.0000000   0.0000000   0.0000000   0.0000000   0.0000000   0.0000000
   0.0000000   0.0000000   0.0000000   0.0000000   0.0000000   0.0000000
   0.0000000   0.0000000   0.0000000   0.0000000   0.0000000   0.0000000
  -0.0000000  -0.0000000  -0.0000000  -0.0000000  -0.0000000  -0.0000000
  -0.0000000  -0.0000000  -0.0000000  -0.0000000  -0.0000000  -0.0000000
  -0.0000000  -0.0000000  -0.0000000  -0.0000000  -0.0000000  -0.0000000
  -0.0000000  -0.0000000  -0.0000000  -0.0000000  -0.0000000  -0.0000000
  -0.0000000  -0.0000000  -0.0000000  -0.0000000  -0.0000000  -0.0000000
  -0.0000000  -0.0000000  -0.0000000  -0.0000000  -0.0000000  -0.0000000
  -0.0000000  -0.0000000  -0.0000000  -0.0000000  -0.0000000  -0.0000000
  -0.0000000  -0.0000000  -0.0000000  -0.0000000  -0.0000000  -0.0000000
  -0.0000000  -0.0000000  -0.0000000  -0.0000000  -0.0000000  -0.0000000
  -0.0000000  -0.0000000  -0.0000000  -0.0000000  -0.0000000  -0.0000000
  -0.0000000  -0.0000000  -0.0000000  -0.0000000  -0.0000000  -0.0000000
  -0.0000000  -0.0000000  -0.0000000  -0.0000000  -0.0000000  -0.0000000
  -0.0000000  -0.0000000  -0.0000000  -0.0000000  -0.0000000  -0.0000000
  -0.0000000  -0.0000000  -0.0000000  -0.0000000  -0.0000000  -0.0000000
  -0.0000000  -0.0000000  -0.0000000  -0.0000000  -0.0000000  -0.0000000
  -0.0000000  -0.0000000  -0.0000000  -0.0000000  -0.0000000  -0.0000000
 TTTTTTTTTTTTTTTTTTTTTTTTTTTTTT MOQGAD      TELAPSE      596.04 TCPU      592.28
 TTTTTTTTTTTTTTTTTTTTTTTTTTTTTT SHELLXN     TELAPSE      620.57 TCPU      616.74
 TTTTTTTTTTTTTTTTTTTTTTTTTTTTTT MONMO3      TELAPSE      620.80 TCPU      616.97
 NUMERICALLY INTEGRATED DENSITY    360.0000941341    360.0000941341
 TTTTTTTTTTTTTTTTTTTTTTTTTTTTTT NUMDFT      TELAPSE      622.01 TCPU      618.17
 CYC  15 ETOT(AU) -4.569449413718E+03 DETOT  1.00E-11 tst  5.44E-16 PX  4.72E-10
 TTTTTTTTTTTTTTTTTTTTTTTTTTTTTT DIIS        TELAPSE      622.18 TCPU      618.34
 DIIS TEST: 0.99992E-10 AT SCF   CYCLE  15 - DIIS ACTIVE - HISTORY:    15 CYCLES
 TTTTTTTTTTTTTTTTTTTTTTTTTTTTTT FDIK        TELAPSE      631.59 TCPU      627.70

    ALPHA      ELECTRONS
 INSULATING STATE
 TOP OF VALENCE BANDS -    BAND    360; K    1; EIG -1.3200933E-01 AU
 BOTTOM OF VIRTUAL BANDS - BAND    361; K    7; EIG -7.7849040E-02 AU
 INDIRECT ENERGY BAND GAP:   1.4738 eV
 BOTTOM OF VIRTUAL BANDS - BAND    361; K    1; EIG -7.6062700E-02 AU

    BETA       ELECTRONS
 INSULATING STATE
 TOP OF VALENCE BANDS -    BAND    360; K    1; EIG -1.3200933E-01 AU
 BOTTOM OF VIRTUAL BANDS - BAND    361; K    7; EIG -7.7849040E-02 AU
 INDIRECT ENERGY BAND GAP:   1.4738 eV
 BOTTOM OF VIRTUAL BANDS - BAND    361; K    1; EIG -7.6062700E-02 AU
 TTTTTTTTTTTTTTTTTTTTTTTTTTTTTT PDIG        TELAPSE      632.74 TCPU      628.84
 CHARGE NORMALIZATION FACTOR   1.00000000
 TOTAL ATOMIC CHARGES:
   5.9787634   5.9787634   5.9787634   5.9787634   5.9787634   5.9787634
   5.9787634   5.9787634   5.9787634   5.9787634   5.9787634   5.9787634
   5.9787634   5.9787634   5.9787634   5.9787634   5.9787634   5.9787634
   5.9787634   5.9787634   5.9787634   5.9787634   5.9787634   5.9787634
   6.0186725   6.0186725   6.0186725   6.0186725   6.0186725   6.0186725
   6.0186725   6.0186725   6.0186725   6.0186725   6.0186725   6.0186725
   6.0186725   6.0186725   6.0186725   6.0186725   6.0186725   6.0186725
   6.0186725   6.0186725   6.0186725   6.0186725   6.0186725   6.0186725
   6.0192043   6.0192043   6.0192043   6.0192043   6.0192043   6.0192043
   6.0192043   6.0192043   6.0192043   6.0192043   6.0192043   6.0192043
   6.0192043   6.0192043   6.0192043   6.0192043   6.0192043   6.0192043
   6.0192043   6.0192043   6.0192043   6.0192043   6.0192043   6.0192043
   6.0133245   6.0133245   6.0133245   6.0133245   6.0133245   6.0133245
   6.0133245   6.0133245   6.0133245   6.0133245   6.0133245   6.0133245
   6.0133245   6.0133245   6.0133245   6.0133245   6.0133245   6.0133245
   6.0133245   6.0133245   6.0133245   6.0133245   6.0133245   6.0133245
   5.9700353   5.9700353   5.9700353   5.9700353   5.9700353   5.9700353
   5.9700353   5.9700353   5.9700353   5.9700353   5.9700353   5.9700353
   5.9700353   5.9700353   5.9700353   5.9700353   5.9700353   5.9700353
   5.9700353   5.9700353   5.9700353   5.9700353   5.9700353   5.9700353
 SUMMED SPIN DENSITY          -0.00000000
 TOTAL ATOMIC SPINS  :
   0.0000000   0.0000000   0.0000000   0.0000000   0.0000000   0.0000000
   0.0000000   0.0000000   0.0000000   0.0000000   0.0000000   0.0000000
   0.0000000   0.0000000   0.0000000   0.0000000   0.0000000   0.0000000
   0.0000000   0.0000000   0.0000000   0.0000000   0.0000000   0.0000000
  -0.0000000  -0.0000000  -0.0000000  -0.0000000  -0.0000000  -0.0000000
  -0.0000000  -0.0000000  -0.0000000  -0.0000000  -0.0000000  -0.0000000
  -0.0000000  -0.0000000  -0.0000000  -0.0000000  -0.0000000  -0.0000000
  -0.0000000  -0.0000000  -0.0000000  -0.0000000  -0.0000000  -0.0000000
  -0.0000000  -0.0000000  -0.0000000  -0.0000000  -0.0000000  -0.0000000
  -0.0000000  -0.0000000  -0.0000000  -0.0000000  -0.0000000  -0.0000000
  -0.0000000  -0.0000000  -0.0000000  -0.0000000  -0.0000000  -0.0000000
  -0.0000000  -0.0000000  -0.0000000  -0.0000000  -0.0000000  -0.0000000
  -0.0000000  -0.0000000  -0.0000000  -0.0000000  -0.0000000  -0.0000000
  -0.0000000  -0.0000000  -0.0000000  -0.0000000  -0.0000000  -0.0000000
  -0.0000000  -0.0000000  -0.0000000  -0.0000000  -0.0000000  -0.0000000
  -0.0000000  -0.0000000  -0.0000000  -0.0000000  -0.0000000  -0.0000000
  -0.0000000  -0.0000000  -0.0000000  -0.0000000  -0.0000000  -0.0000000
  -0.0000000  -0.0000000  -0.0000000  -0.0000000  -0.0000000  -0.0000000
  -0.0000000  -0.0000000  -0.0000000  -0.0000000  -0.0000000  -0.0000000
  -0.0000000  -0.0000000  -0.0000000  -0.0000000  -0.0000000  -0.0000000
 TTTTTTTTTTTTTTTTTTTTTTTTTTTTTT MOQGAD      TELAPSE      632.77 TCPU      628.87
 TTTTTTTTTTTTTTTTTTTTTTTTTTTTTT SHELLXN     TELAPSE      657.28 TCPU      653.31
 +++ ENERGIES IN A.U. +++
 ::: EXT EL-POLE                                  -1.2281709207150E+04
 ::: EXT EL-SPHEROPOLE                             1.1166754176150E+02
 ::: BIELET ZONE E-E                               1.3772276565269E+04
 ::: TOTAL E-E                                     1.6022348998803E+03
 ::: TOTAL E-N + N-E                              -9.5400274337923E+03
 ::: TOTAL N-N                                    -6.6293554316901E+02
 ::: KINETIC ENERGY                                4.5582477124443E+03
 ::: PSEUDO TOTAL   ENERGY                        -4.0424803646368E+03
 ::: VIRIAL COEFFICIENT                            1.0599678705320E+00
 TTTTTTTTTTTTTTTTTTTTTTTTTTTTTT MONMO3      TELAPSE      657.51 TCPU      653.54
 NUMERICALLY INTEGRATED DENSITY    360.0000941341    360.0000941341
 EXCHANGE ENERGY: -0.497066168844E+03  CORRELATION ENERGY: -0.299028802368E+02
 TTTTTTTTTTTTTTTTTTTTTTTTTTTTTT NUMDFT      TELAPSE      658.72 TCPU      654.74
 CYC  16 ETOT(AU) -4.569449413718E+03 DETOT -8.91E-11 tst  5.45E-16 PX  4.72E-10

 == SCF ENDED - CONVERGENCE ON ENERGY      E(AU) -4.5694494137176E+03 CYCLES  16


 ENERGY EXPRESSION=HARTREE+FOCK EXCH*0.20000+(BECKE      EXCH)*0.80000+LYP        CORR


 TOTAL ENERGY(DFT)(AU)( 16) -4.5694494137176E+03 DE-8.9E-11 tester 5.5E-16
 TTTTTTTTTTTTTTTTTTTTTTTTTTTTTT EDFT        TELAPSE      658.73 TCPU      654.75
 
 INFORMATION **** DFTD3 ENERGY **** CALCULATE DFTD3 ENERGY

           DFT-D V3(BJ)
 DF                                         b3-lyp    
 parameters
 s6       :    1.0000
 s8       :    1.9889
 a1       :    0.3981
 a2       :    4.4211
 k1 k3    :   16.0000   -4.0000
 Cutoff   :   50.2022
 CN-Cutoff:   21.1671
 ABC-Cutoff:   21.1671
 
 Edisp /kcal,au:  -547.4217 -0.87237199

 E6    /kcal :  -264.4220
 E8    /kcal :  -282.9997
 
 INFORMATION **** DFTD3 ENERGY **** NORMAL TERMINATION OF DFTD3 MODULE

 *******************************************************************************

 DFT-D3 DISPERSION ENERGY CORRECTION

 D3 DISPERSION ENERGY (AU)       -8.7237198764851E-01
 TOTAL ENERGY + DISP (AU)        -4.5703217857053E+03

 *******************************************************************************


 NEIGHBORS OF THE NON-EQUIVALENT ATOMS

 N = NUMBER OF NEIGHBORS AT DISTANCE R
    ATOM  N     R/ANG      R/AU   NEIGHBORS (ATOM LABELS AND CELL INDICES)
   1 C    1     1.3293     2.5120   81 C    0 0 0
   1 C    1     1.4603     2.7596   68 C    0 0 0
   1 C    1     1.4685     2.7750   31 C    0 0 0
   1 C    1     2.2928     4.3328   66 C    0 0 0
   1 C    1     2.3515     4.4437  100 C    0 0 0
   1 C    1     2.4565     4.6422   88 C    0 0 1

  25 C    1     1.3849     2.6171  105 C    0 0 1
  25 C    1     1.4587     2.7566  106 C    1 0 0
  25 C    1     1.4685     2.7750    8 C    1 0 0
  25 C    1     2.3323     4.4073   67 C    1 0 0
  25 C    1     2.3420     4.4258   71 C    1 0 0
  25 C    2     2.4585     4.6459   33 C    0 0 0   34 C    0 0 0

  49 C    1     1.3689     2.5868   50 C    0 0 0
  49 C    1     1.4603     2.7596   19 C    0 0 0
  49 C    1     1.4797     2.7962  115 C    0 0 0
  49 C    1     2.2928     4.3328   17 C    0 0 0
  49 C    1     2.3231     4.3900  113 C    0 0 0
  49 C    1     2.3323     4.4073   44 C    0 0 0

  73 C    1     1.3293     2.5120   10 C    0 0 0
  73 C    2     1.4868     2.8096   91 C    0 0 0   92 C    0 0 0
  73 C    2     2.3451     4.4316   79 C   -1 0 0   80 C   -1 0 0
  73 C    1     2.4565     4.6422   16 C    0 0 0
  73 C    1     2.4650     4.6582   71 C    0 0 0
  73 C    1     2.5039     4.7317   17 C    0 0 0

  97 C    1     1.3849     2.6171   34 C    0 0 0
  97 C    1     1.4587     2.7566   33 C    0 0 0
  97 C    1     1.4797     2.7962   68 C    0 0 0
  97 C    1     2.3231     4.3900   66 C    0 0 0
  97 C    1     2.3515     4.4437    4 C    0 0 0
  97 C    2     2.4643     4.6569  105 C    0 0 1  106 C    1 0 0

 TTTTTTTTTTTTTTTTTTTTTTTTTTTTTT AFTER FIRST TELAPSE      659.21 TCPU      655.22
 MMMMMMMMMMMMMMMMMMMMMMMMMMMMMMMMMMMMMMMMMMMMMMMMMMMMMMMMMMMMMMMMMMMMMMMMMMMMMMM
     ALPHA+BETA ELECTRONS
 MULLIKEN POPULATION ANALYSIS - NO. OF ELECTRONS  720.000000

  ATOM    Z CHARGE  A.O. POPULATION

   1 C    6  5.979  0.854  1.121  0.764  0.390  0.478  0.402  0.494  0.012
                   -0.054 -0.008  0.414  0.599  0.471  0.011  0.010  0.007
                    0.007  0.006
   2 C    6  5.979  0.854  1.121  0.764  0.390  0.478  0.402  0.494  0.012
                   -0.054 -0.008  0.414  0.599  0.471  0.011  0.010  0.007
                    0.007  0.006
   3 C    6  5.979  0.854  1.121  0.764  0.390  0.478  0.402  0.494  0.012
                   -0.054 -0.008  0.414  0.599  0.471  0.011  0.010  0.007
                    0.007  0.006
   4 C    6  5.979  0.854  1.121  0.764  0.390  0.478  0.402  0.494  0.012
                   -0.054 -0.008  0.414  0.599  0.471  0.011  0.010  0.007
                    0.007  0.006
   5 C    6  5.979  0.854  1.121  0.764  0.390  0.494  0.478  0.402 -0.008
                    0.012 -0.054  0.471  0.414  0.599  0.005  0.007  0.006
                    0.014  0.010
   6 C    6  5.979  0.854  1.121  0.764  0.390  0.402  0.494  0.478 -0.054
                   -0.008  0.012  0.599  0.471  0.414  0.012  0.006  0.010
                    0.006  0.007
   7 C    6  5.979  0.854  1.121  0.764  0.390  0.494  0.478  0.402 -0.008
                    0.012 -0.054  0.471  0.414  0.599  0.005  0.007  0.006
                    0.014  0.010
   8 C    6  5.979  0.854  1.121  0.764  0.390  0.402  0.494  0.478 -0.054
                   -0.008  0.012  0.599  0.471  0.414  0.012  0.006  0.010
                    0.006  0.007
   9 C    6  5.979  0.854  1.121  0.764  0.390  0.494  0.478  0.402 -0.008
                    0.012 -0.054  0.471  0.414  0.599  0.005  0.007  0.006
                    0.014  0.010
  10 C    6  5.979  0.854  1.121  0.764  0.390  0.402  0.494  0.478 -0.054
                   -0.008  0.012  0.599  0.471  0.414  0.012  0.006  0.010
                    0.006  0.007
  11 C    6  5.979  0.854  1.121  0.764  0.390  0.494  0.478  0.402 -0.008
                    0.012 -0.054  0.471  0.414  0.599  0.005  0.007  0.006
                    0.014  0.010
  12 C    6  5.979  0.854  1.121  0.764  0.390  0.402  0.494  0.478 -0.054
                   -0.008  0.012  0.599  0.471  0.414  0.012  0.006  0.010
                    0.006  0.007
  13 C    6  5.979  0.854  1.121  0.764  0.390  0.478  0.402  0.494  0.012
                   -0.054 -0.008  0.414  0.599  0.471  0.011  0.010  0.007
                    0.007  0.006
  14 C    6  5.979  0.854  1.121  0.764  0.390  0.478  0.402  0.494  0.012
                   -0.054 -0.008  0.414  0.599  0.471  0.011  0.010  0.007
                    0.007  0.006
  15 C    6  5.979  0.854  1.121  0.764  0.390  0.478  0.402  0.494  0.012
                   -0.054 -0.008  0.414  0.599  0.471  0.011  0.010  0.007
                    0.007  0.006
  16 C    6  5.979  0.854  1.121  0.764  0.390  0.478  0.402  0.494  0.012
                   -0.054 -0.008  0.414  0.599  0.471  0.011  0.010  0.007
                    0.007  0.006
  17 C    6  5.979  0.854  1.121  0.764  0.390  0.494  0.478  0.402 -0.008
                    0.012 -0.054  0.471  0.414  0.599  0.005  0.007  0.006
                    0.014  0.010
  18 C    6  5.979  0.854  1.121  0.764  0.390  0.402  0.494  0.478 -0.054
                   -0.008  0.012  0.599  0.471  0.414  0.012  0.006  0.010
                    0.006  0.007
  19 C    6  5.979  0.854  1.121  0.764  0.390  0.494  0.478  0.402 -0.008
                    0.012 -0.054  0.471  0.414  0.599  0.005  0.007  0.006
                    0.014  0.010
  20 C    6  5.979  0.854  1.121  0.764  0.390  0.402  0.494  0.478 -0.054
                   -0.008  0.012  0.599  0.471  0.414  0.012  0.006  0.010
                    0.006  0.007
  21 C    6  5.979  0.854  1.121  0.764  0.390  0.494  0.478  0.402 -0.008
                    0.012 -0.054  0.471  0.414  0.599  0.005  0.007  0.006
                    0.014  0.010
  22 C    6  5.979  0.854  1.121  0.764  0.390  0.402  0.494  0.478 -0.054
                   -0.008  0.012  0.599  0.471  0.414  0.012  0.006  0.010
                    0.006  0.007
  23 C    6  5.979  0.854  1.121  0.764  0.390  0.494  0.478  0.402 -0.008
                    0.012 -0.054  0.471  0.414  0.599  0.005  0.007  0.006
                    0.014  0.010
  24 C    6  5.979  0.854  1.121  0.764  0.390  0.402  0.494  0.478 -0.054
                   -0.008  0.012  0.599  0.471  0.414  0.012  0.006  0.010
                    0.006  0.007
  25 C    6  6.019  0.854  1.122  0.757  0.429  0.456  0.451  0.455 -0.036
                    0.001 -0.021  0.539  0.469  0.504  0.008  0.007  0.009
                    0.008  0.007
  26 C    6  6.019  0.854  1.122  0.757  0.429  0.456  0.451  0.455 -0.036
                    0.001 -0.021  0.539  0.469  0.504  0.008  0.007  0.009
                    0.008  0.007
  27 C    6  6.019  0.854  1.122  0.757  0.429  0.456  0.451  0.455 -0.036
                    0.001 -0.021  0.539  0.469  0.504  0.008  0.007  0.009
                    0.008  0.007
  28 C    6  6.019  0.854  1.122  0.757  0.429  0.456  0.451  0.455 -0.036
                    0.001 -0.021  0.539  0.469  0.504  0.008  0.007  0.009
                    0.008  0.007
  29 C    6  6.019  0.854  1.122  0.757  0.429  0.455  0.456  0.451 -0.021
                   -0.036  0.001  0.504  0.539  0.469  0.008  0.009  0.007
                    0.007  0.007
  30 C    6  6.019  0.854  1.122  0.757  0.429  0.451  0.455  0.456  0.001
                   -0.021 -0.036  0.469  0.504  0.539  0.008  0.007  0.007
                    0.008  0.009
  31 C    6  6.019  0.854  1.122  0.757  0.429  0.455  0.456  0.451 -0.021
                   -0.036  0.001  0.504  0.539  0.469  0.008  0.009  0.007
                    0.007  0.007
  32 C    6  6.019  0.854  1.122  0.757  0.429  0.451  0.455  0.456  0.001
                   -0.021 -0.036  0.469  0.504  0.539  0.008  0.007  0.007
                    0.008  0.009
  33 C    6  6.019  0.854  1.122  0.757  0.429  0.455  0.456  0.451 -0.021
                   -0.036  0.001  0.504  0.539  0.469  0.008  0.009  0.007
                    0.007  0.007
  34 C    6  6.019  0.854  1.122  0.757  0.429  0.451  0.455  0.456  0.001
                   -0.021 -0.036  0.469  0.504  0.539  0.008  0.007  0.007
                    0.008  0.009
  35 C    6  6.019  0.854  1.122  0.757  0.429  0.455  0.456  0.451 -0.021
                   -0.036  0.001  0.504  0.539  0.469  0.008  0.009  0.007
                    0.007  0.007
  36 C    6  6.019  0.854  1.122  0.757  0.429  0.451  0.455  0.456  0.001
                   -0.021 -0.036  0.469  0.504  0.539  0.008  0.007  0.007
                    0.008  0.009
  37 C    6  6.019  0.854  1.122  0.757  0.429  0.456  0.451  0.455 -0.036
                    0.001 -0.021  0.539  0.469  0.504  0.008  0.007  0.009
                    0.008  0.007
  38 C    6  6.019  0.854  1.122  0.757  0.429  0.456  0.451  0.455 -0.036
                    0.001 -0.021  0.539  0.469  0.504  0.008  0.007  0.009
                    0.008  0.007
  39 C    6  6.019  0.854  1.122  0.757  0.429  0.456  0.451  0.455 -0.036
                    0.001 -0.021  0.539  0.469  0.504  0.008  0.007  0.009
                    0.008  0.007
  40 C    6  6.019  0.854  1.122  0.757  0.429  0.456  0.451  0.455 -0.036
                    0.001 -0.021  0.539  0.469  0.504  0.008  0.007  0.009
                    0.008  0.007
  41 C    6  6.019  0.854  1.122  0.757  0.429  0.455  0.456  0.451 -0.021
                   -0.036  0.001  0.504  0.539  0.469  0.008  0.009  0.007
                    0.007  0.007
  42 C    6  6.019  0.854  1.122  0.757  0.429  0.451  0.455  0.456  0.001
                   -0.021 -0.036  0.469  0.504  0.539  0.008  0.007  0.007
                    0.008  0.009
  43 C    6  6.019  0.854  1.122  0.757  0.429  0.455  0.456  0.451 -0.021
                   -0.036  0.001  0.504  0.539  0.469  0.008  0.009  0.007
                    0.007  0.007
  44 C    6  6.019  0.854  1.122  0.757  0.429  0.451  0.455  0.456  0.001
                   -0.021 -0.036  0.469  0.504  0.539  0.008  0.007  0.007
                    0.008  0.009
  45 C    6  6.019  0.854  1.122  0.757  0.429  0.455  0.456  0.451 -0.021
                   -0.036  0.001  0.504  0.539  0.469  0.008  0.009  0.007
                    0.007  0.007
  46 C    6  6.019  0.854  1.122  0.757  0.429  0.451  0.455  0.456  0.001
                   -0.021 -0.036  0.469  0.504  0.539  0.008  0.007  0.007
                    0.008  0.009
  47 C    6  6.019  0.854  1.122  0.757  0.429  0.455  0.456  0.451 -0.021
                   -0.036  0.001  0.504  0.539  0.469  0.008  0.009  0.007
                    0.007  0.007
  48 C    6  6.019  0.854  1.122  0.757  0.429  0.451  0.455  0.456  0.001
                   -0.021 -0.036  0.469  0.504  0.539  0.008  0.007  0.007
                    0.008  0.009
  49 C    6  6.019  0.854  1.121  0.759  0.452  0.492  0.472  0.401  0.000
                    0.017 -0.073  0.427  0.411  0.648  0.004  0.006  0.006
                    0.013  0.011
  50 C    6  6.019  0.854  1.121  0.759  0.452  0.492  0.472  0.401  0.000
                    0.017 -0.073  0.427  0.411  0.648  0.004  0.006  0.006
                    0.013  0.011
  51 C    6  6.019  0.854  1.121  0.759  0.452  0.492  0.472  0.401  0.000
                    0.017 -0.073  0.427  0.411  0.648  0.004  0.006  0.006
                    0.013  0.011
  52 C    6  6.019  0.854  1.121  0.759  0.452  0.492  0.472  0.401  0.000
                    0.017 -0.073  0.427  0.411  0.648  0.004  0.006  0.006
                    0.013  0.011
  53 C    6  6.019  0.854  1.121  0.759  0.452  0.401  0.492  0.472 -0.073
                    0.000  0.017  0.648  0.427  0.411  0.011  0.006  0.011
                    0.006  0.006
  54 C    6  6.019  0.854  1.121  0.759  0.452  0.472  0.401  0.492  0.017
                   -0.073  0.000  0.411  0.648  0.427  0.010  0.011  0.006
                    0.006  0.006
  55 C    6  6.019  0.854  1.121  0.759  0.452  0.401  0.492  0.472 -0.073
                    0.000  0.017  0.648  0.427  0.411  0.011  0.006  0.011
                    0.006  0.006
  56 C    6  6.019  0.854  1.121  0.759  0.452  0.472  0.401  0.492  0.017
                   -0.073  0.000  0.411  0.648  0.427  0.010  0.011  0.006
                    0.006  0.006
  57 C    6  6.019  0.854  1.121  0.759  0.452  0.401  0.492  0.472 -0.073
                    0.000  0.017  0.648  0.427  0.411  0.011  0.006  0.011
                    0.006  0.006
  58 C    6  6.019  0.854  1.121  0.759  0.452  0.472  0.401  0.492  0.017
                   -0.073  0.000  0.411  0.648  0.427  0.010  0.011  0.006
                    0.006  0.006
  59 C    6  6.019  0.854  1.121  0.759  0.452  0.401  0.492  0.472 -0.073
                    0.000  0.017  0.648  0.427  0.411  0.011  0.006  0.011
                    0.006  0.006
  60 C    6  6.019  0.854  1.121  0.759  0.452  0.472  0.401  0.492  0.017
                   -0.073  0.000  0.411  0.648  0.427  0.010  0.011  0.006
                    0.006  0.006
  61 C    6  6.019  0.854  1.121  0.759  0.452  0.492  0.472  0.401  0.000
                    0.017 -0.073  0.427  0.411  0.648  0.004  0.006  0.006
                    0.013  0.011
  62 C    6  6.019  0.854  1.121  0.759  0.452  0.492  0.472  0.401  0.000
                    0.017 -0.073  0.427  0.411  0.648  0.004  0.006  0.006
                    0.013  0.011
  63 C    6  6.019  0.854  1.121  0.759  0.452  0.492  0.472  0.401  0.000
                    0.017 -0.073  0.427  0.411  0.648  0.004  0.006  0.006
                    0.013  0.011
  64 C    6  6.019  0.854  1.121  0.759  0.452  0.492  0.472  0.401  0.000
                    0.017 -0.073  0.427  0.411  0.648  0.004  0.006  0.006
                    0.013  0.011
  65 C    6  6.019  0.854  1.121  0.759  0.452  0.401  0.492  0.472 -0.073
                    0.000  0.017  0.648  0.427  0.411  0.011  0.006  0.011
                    0.006  0.006
  66 C    6  6.019  0.854  1.121  0.759  0.452  0.472  0.401  0.492  0.017
                   -0.073  0.000  0.411  0.648  0.427  0.010  0.011  0.006
                    0.006  0.006
  67 C    6  6.019  0.854  1.121  0.759  0.452  0.401  0.492  0.472 -0.073
                    0.000  0.017  0.648  0.427  0.411  0.011  0.006  0.011
                    0.006  0.006
  68 C    6  6.019  0.854  1.121  0.759  0.452  0.472  0.401  0.492  0.017
                   -0.073  0.000  0.411  0.648  0.427  0.010  0.011  0.006
                    0.006  0.006
  69 C    6  6.019  0.854  1.121  0.759  0.452  0.401  0.492  0.472 -0.073
                    0.000  0.017  0.648  0.427  0.411  0.011  0.006  0.011
                    0.006  0.006
  70 C    6  6.019  0.854  1.121  0.759  0.452  0.472  0.401  0.492  0.017
                   -0.073  0.000  0.411  0.648  0.427  0.010  0.011  0.006
                    0.006  0.006
  71 C    6  6.019  0.854  1.121  0.759  0.452  0.401  0.492  0.472 -0.073
                    0.000  0.017  0.648  0.427  0.411  0.011  0.006  0.011
                    0.006  0.006
  72 C    6  6.019  0.854  1.121  0.759  0.452  0.472  0.401  0.492  0.017
                   -0.073  0.000  0.411  0.648  0.427  0.010  0.011  0.006
                    0.006  0.006
  73 C    6  6.013  0.854  1.121  0.764  0.461  0.411  0.479  0.469 -0.047
                   -0.001  0.008  0.581  0.447  0.427  0.009  0.007  0.013
                    0.007  0.006
  74 C    6  6.013  0.854  1.121  0.764  0.461  0.411  0.479  0.469 -0.047
                   -0.001  0.008  0.581  0.447  0.427  0.009  0.007  0.013
                    0.007  0.006
  75 C    6  6.013  0.854  1.121  0.764  0.461  0.411  0.479  0.469 -0.047
                   -0.001  0.008  0.581  0.447  0.427  0.009  0.007  0.013
                    0.007  0.006
  76 C    6  6.013  0.854  1.121  0.764  0.461  0.411  0.479  0.469 -0.047
                   -0.001  0.008  0.581  0.447  0.427  0.009  0.007  0.013
                    0.007  0.006
  77 C    6  6.013  0.854  1.121  0.764  0.461  0.469  0.411  0.479  0.008
                   -0.047 -0.001  0.427  0.581  0.447  0.011  0.013  0.006
                    0.005  0.007
  78 C    6  6.013  0.854  1.121  0.764  0.461  0.479  0.469  0.411 -0.001
                    0.008 -0.047  0.447  0.427  0.581  0.004  0.006  0.007
                    0.012  0.013
  79 C    6  6.013  0.854  1.121  0.764  0.461  0.469  0.411  0.479  0.008
                   -0.047 -0.001  0.427  0.581  0.447  0.011  0.013  0.006
                    0.005  0.007
  80 C    6  6.013  0.854  1.121  0.764  0.461  0.479  0.469  0.411 -0.001
                    0.008 -0.047  0.447  0.427  0.581  0.004  0.006  0.007
                    0.012  0.013
  81 C    6  6.013  0.854  1.121  0.764  0.461  0.469  0.411  0.479  0.008
                   -0.047 -0.001  0.427  0.581  0.447  0.011  0.013  0.006
                    0.005  0.007
  82 C    6  6.013  0.854  1.121  0.764  0.461  0.479  0.469  0.411 -0.001
                    0.008 -0.047  0.447  0.427  0.581  0.004  0.006  0.007
                    0.012  0.013
  83 C    6  6.013  0.854  1.121  0.764  0.461  0.469  0.411  0.479  0.008
                   -0.047 -0.001  0.427  0.581  0.447  0.011  0.013  0.006
                    0.005  0.007
  84 C    6  6.013  0.854  1.121  0.764  0.461  0.479  0.469  0.411 -0.001
                    0.008 -0.047  0.447  0.427  0.581  0.004  0.006  0.007
                    0.012  0.013
  85 C    6  6.013  0.854  1.121  0.764  0.461  0.411  0.479  0.469 -0.047
                   -0.001  0.008  0.581  0.447  0.427  0.009  0.007  0.013
                    0.007  0.006
  86 C    6  6.013  0.854  1.121  0.764  0.461  0.411  0.479  0.469 -0.047
                   -0.001  0.008  0.581  0.447  0.427  0.009  0.007  0.013
                    0.007  0.006
  87 C    6  6.013  0.854  1.121  0.764  0.461  0.411  0.479  0.469 -0.047
                   -0.001  0.008  0.581  0.447  0.427  0.009  0.007  0.013
                    0.007  0.006
  88 C    6  6.013  0.854  1.121  0.764  0.461  0.411  0.479  0.469 -0.047
                   -0.001  0.008  0.581  0.447  0.427  0.009  0.007  0.013
                    0.007  0.006
  89 C    6  6.013  0.854  1.121  0.764  0.461  0.469  0.411  0.479  0.008
                   -0.047 -0.001  0.427  0.581  0.447  0.011  0.013  0.006
                    0.005  0.007
  90 C    6  6.013  0.854  1.121  0.764  0.461  0.479  0.469  0.411 -0.001
                    0.008 -0.047  0.447  0.427  0.581  0.004  0.006  0.007
                    0.012  0.013
  91 C    6  6.013  0.854  1.121  0.764  0.461  0.469  0.411  0.479  0.008
                   -0.047 -0.001  0.427  0.581  0.447  0.011  0.013  0.006
                    0.005  0.007
  92 C    6  6.013  0.854  1.121  0.764  0.461  0.479  0.469  0.411 -0.001
                    0.008 -0.047  0.447  0.427  0.581  0.004  0.006  0.007
                    0.012  0.013
  93 C    6  6.013  0.854  1.121  0.764  0.461  0.469  0.411  0.479  0.008
                   -0.047 -0.001  0.427  0.581  0.447  0.011  0.013  0.006
                    0.005  0.007
  94 C    6  6.013  0.854  1.121  0.764  0.461  0.479  0.469  0.411 -0.001
                    0.008 -0.047  0.447  0.427  0.581  0.004  0.006  0.007
                    0.012  0.013
  95 C    6  6.013  0.854  1.121  0.764  0.461  0.469  0.411  0.479  0.008
                   -0.047 -0.001  0.427  0.581  0.447  0.011  0.013  0.006
                    0.005  0.007
  96 C    6  6.013  0.854  1.121  0.764  0.461  0.479  0.469  0.411 -0.001
                    0.008 -0.047  0.447  0.427  0.581  0.004  0.006  0.007
                    0.012  0.013
  97 C    6  5.970  0.854  1.121  0.765  0.425  0.448  0.423  0.466  0.005
                   -0.045 -0.003  0.453  0.568  0.451  0.008  0.012  0.007
                    0.006  0.006
  98 C    6  5.970  0.854  1.121  0.765  0.425  0.448  0.423  0.466  0.005
                   -0.045 -0.003  0.453  0.568  0.451  0.008  0.012  0.007
                    0.006  0.006
  99 C    6  5.970  0.854  1.121  0.765  0.425  0.448  0.423  0.466  0.005
                   -0.045 -0.003  0.453  0.568  0.451  0.008  0.012  0.007
                    0.006  0.006
 100 C    6  5.970  0.854  1.121  0.765  0.425  0.448  0.423  0.466  0.005
                   -0.045 -0.003  0.453  0.568  0.451  0.008  0.012  0.007
                    0.006  0.006
 101 C    6  5.970  0.854  1.121  0.765  0.425  0.466  0.448  0.423 -0.003
                    0.005 -0.045  0.451  0.453  0.568  0.006  0.007  0.006
                    0.008  0.012
 102 C    6  5.970  0.854  1.121  0.765  0.425  0.423  0.466  0.448 -0.045
                   -0.003  0.005  0.568  0.451  0.453  0.007  0.006  0.012
                    0.007  0.007
 103 C    6  5.970  0.854  1.121  0.765  0.425  0.466  0.448  0.423 -0.003
                    0.005 -0.045  0.451  0.453  0.568  0.006  0.007  0.006
                    0.008  0.012
 104 C    6  5.970  0.854  1.121  0.765  0.425  0.423  0.466  0.448 -0.045
                   -0.003  0.005  0.568  0.451  0.453  0.007  0.006  0.012
                    0.007  0.007
 105 C    6  5.970  0.854  1.121  0.765  0.425  0.466  0.448  0.423 -0.003
                    0.005 -0.045  0.451  0.453  0.568  0.006  0.007  0.006
                    0.008  0.012
 106 C    6  5.970  0.854  1.121  0.765  0.425  0.423  0.466  0.448 -0.045
                   -0.003  0.005  0.568  0.451  0.453  0.007  0.006  0.012
                    0.007  0.007
 107 C    6  5.970  0.854  1.121  0.765  0.425  0.466  0.448  0.423 -0.003
                    0.005 -0.045  0.451  0.453  0.568  0.006  0.007  0.006
                    0.008  0.012
 108 C    6  5.970  0.854  1.121  0.765  0.425  0.423  0.466  0.448 -0.045
                   -0.003  0.005  0.568  0.451  0.453  0.007  0.006  0.012
                    0.007  0.007
 109 C    6  5.970  0.854  1.121  0.765  0.425  0.448  0.423  0.466  0.005
                   -0.045 -0.003  0.453  0.568  0.451  0.008  0.012  0.007
                    0.006  0.006
 110 C    6  5.970  0.854  1.121  0.765  0.425  0.448  0.423  0.466  0.005
                   -0.045 -0.003  0.453  0.568  0.451  0.008  0.012  0.007
                    0.006  0.006
 111 C    6  5.970  0.854  1.121  0.765  0.425  0.448  0.423  0.466  0.005
                   -0.045 -0.003  0.453  0.568  0.451  0.008  0.012  0.007
                    0.006  0.006
 112 C    6  5.970  0.854  1.121  0.765  0.425  0.448  0.423  0.466  0.005
                   -0.045 -0.003  0.453  0.568  0.451  0.008  0.012  0.007
                    0.006  0.006
 113 C    6  5.970  0.854  1.121  0.765  0.425  0.466  0.448  0.423 -0.003
                    0.005 -0.045  0.451  0.453  0.568  0.006  0.007  0.006
                    0.008  0.012
 114 C    6  5.970  0.854  1.121  0.765  0.425  0.423  0.466  0.448 -0.045
                   -0.003  0.005  0.568  0.451  0.453  0.007  0.006  0.012
                    0.007  0.007
 115 C    6  5.970  0.854  1.121  0.765  0.425  0.466  0.448  0.423 -0.003
                    0.005 -0.045  0.451  0.453  0.568  0.006  0.007  0.006
                    0.008  0.012
 116 C    6  5.970  0.854  1.121  0.765  0.425  0.423  0.466  0.448 -0.045
                   -0.003  0.005  0.568  0.451  0.453  0.007  0.006  0.012
                    0.007  0.007
 117 C    6  5.970  0.854  1.121  0.765  0.425  0.466  0.448  0.423 -0.003
                    0.005 -0.045  0.451  0.453  0.568  0.006  0.007  0.006
                    0.008  0.012
 118 C    6  5.970  0.854  1.121  0.765  0.425  0.423  0.466  0.448 -0.045
                   -0.003  0.005  0.568  0.451  0.453  0.007  0.006  0.012
                    0.007  0.007
 119 C    6  5.970  0.854  1.121  0.765  0.425  0.466  0.448  0.423 -0.003
                    0.005 -0.045  0.451  0.453  0.568  0.006  0.007  0.006
                    0.008  0.012
 120 C    6  5.970  0.854  1.121  0.765  0.425  0.423  0.466  0.448 -0.045
                   -0.003  0.005  0.568  0.451  0.453  0.007  0.006  0.012
                    0.007  0.007

  ATOM    Z CHARGE  SHELL POPULATION

   1 C    6  5.979  0.854  1.121  0.764  0.390  1.374 -0.049  1.483  0.041
   2 C    6  5.979  0.854  1.121  0.764  0.390  1.374 -0.049  1.483  0.041
   3 C    6  5.979  0.854  1.121  0.764  0.390  1.374 -0.049  1.483  0.041
   4 C    6  5.979  0.854  1.121  0.764  0.390  1.374 -0.049  1.483  0.041
   5 C    6  5.979  0.854  1.121  0.764  0.390  1.374 -0.049  1.483  0.041
   6 C    6  5.979  0.854  1.121  0.764  0.390  1.374 -0.049  1.483  0.041
   7 C    6  5.979  0.854  1.121  0.764  0.390  1.374 -0.049  1.483  0.041
   8 C    6  5.979  0.854  1.121  0.764  0.390  1.374 -0.049  1.483  0.041
   9 C    6  5.979  0.854  1.121  0.764  0.390  1.374 -0.049  1.483  0.041
  10 C    6  5.979  0.854  1.121  0.764  0.390  1.374 -0.049  1.483  0.041
  11 C    6  5.979  0.854  1.121  0.764  0.390  1.374 -0.049  1.483  0.041
  12 C    6  5.979  0.854  1.121  0.764  0.390  1.374 -0.049  1.483  0.041
  13 C    6  5.979  0.854  1.121  0.764  0.390  1.374 -0.049  1.483  0.041
  14 C    6  5.979  0.854  1.121  0.764  0.390  1.374 -0.049  1.483  0.041
  15 C    6  5.979  0.854  1.121  0.764  0.390  1.374 -0.049  1.483  0.041
  16 C    6  5.979  0.854  1.121  0.764  0.390  1.374 -0.049  1.483  0.041
  17 C    6  5.979  0.854  1.121  0.764  0.390  1.374 -0.049  1.483  0.041
  18 C    6  5.979  0.854  1.121  0.764  0.390  1.374 -0.049  1.483  0.041
  19 C    6  5.979  0.854  1.121  0.764  0.390  1.374 -0.049  1.483  0.041
  20 C    6  5.979  0.854  1.121  0.764  0.390  1.374 -0.049  1.483  0.041
  21 C    6  5.979  0.854  1.121  0.764  0.390  1.374 -0.049  1.483  0.041
  22 C    6  5.979  0.854  1.121  0.764  0.390  1.374 -0.049  1.483  0.041
  23 C    6  5.979  0.854  1.121  0.764  0.390  1.374 -0.049  1.483  0.041
  24 C    6  5.979  0.854  1.121  0.764  0.390  1.374 -0.049  1.483  0.041
  25 C    6  6.019  0.854  1.122  0.757  0.429  1.363 -0.056  1.512  0.038
  26 C    6  6.019  0.854  1.122  0.757  0.429  1.363 -0.056  1.512  0.038
  27 C    6  6.019  0.854  1.122  0.757  0.429  1.363 -0.056  1.512  0.038
  28 C    6  6.019  0.854  1.122  0.757  0.429  1.363 -0.056  1.512  0.038
  29 C    6  6.019  0.854  1.122  0.757  0.429  1.363 -0.056  1.512  0.038
  30 C    6  6.019  0.854  1.122  0.757  0.429  1.363 -0.056  1.512  0.038
  31 C    6  6.019  0.854  1.122  0.757  0.429  1.363 -0.056  1.512  0.038
  32 C    6  6.019  0.854  1.122  0.757  0.429  1.363 -0.056  1.512  0.038
  33 C    6  6.019  0.854  1.122  0.757  0.429  1.363 -0.056  1.512  0.038
  34 C    6  6.019  0.854  1.122  0.757  0.429  1.363 -0.056  1.512  0.038
  35 C    6  6.019  0.854  1.122  0.757  0.429  1.363 -0.056  1.512  0.038
  36 C    6  6.019  0.854  1.122  0.757  0.429  1.363 -0.056  1.512  0.038
  37 C    6  6.019  0.854  1.122  0.757  0.429  1.363 -0.056  1.512  0.038
  38 C    6  6.019  0.854  1.122  0.757  0.429  1.363 -0.056  1.512  0.038
  39 C    6  6.019  0.854  1.122  0.757  0.429  1.363 -0.056  1.512  0.038
  40 C    6  6.019  0.854  1.122  0.757  0.429  1.363 -0.056  1.512  0.038
  41 C    6  6.019  0.854  1.122  0.757  0.429  1.363 -0.056  1.512  0.038
  42 C    6  6.019  0.854  1.122  0.757  0.429  1.363 -0.056  1.512  0.038
  43 C    6  6.019  0.854  1.122  0.757  0.429  1.363 -0.056  1.512  0.038
  44 C    6  6.019  0.854  1.122  0.757  0.429  1.363 -0.056  1.512  0.038
  45 C    6  6.019  0.854  1.122  0.757  0.429  1.363 -0.056  1.512  0.038
  46 C    6  6.019  0.854  1.122  0.757  0.429  1.363 -0.056  1.512  0.038
  47 C    6  6.019  0.854  1.122  0.757  0.429  1.363 -0.056  1.512  0.038
  48 C    6  6.019  0.854  1.122  0.757  0.429  1.363 -0.056  1.512  0.038
  49 C    6  6.019  0.854  1.121  0.759  0.452  1.364 -0.056  1.486  0.040
  50 C    6  6.019  0.854  1.121  0.759  0.452  1.364 -0.056  1.486  0.040
  51 C    6  6.019  0.854  1.121  0.759  0.452  1.364 -0.056  1.486  0.040
  52 C    6  6.019  0.854  1.121  0.759  0.452  1.364 -0.056  1.486  0.040
  53 C    6  6.019  0.854  1.121  0.759  0.452  1.364 -0.056  1.486  0.040
  54 C    6  6.019  0.854  1.121  0.759  0.452  1.364 -0.056  1.486  0.040
  55 C    6  6.019  0.854  1.121  0.759  0.452  1.364 -0.056  1.486  0.040
  56 C    6  6.019  0.854  1.121  0.759  0.452  1.364 -0.056  1.486  0.040
  57 C    6  6.019  0.854  1.121  0.759  0.452  1.364 -0.056  1.486  0.040
  58 C    6  6.019  0.854  1.121  0.759  0.452  1.364 -0.056  1.486  0.040
  59 C    6  6.019  0.854  1.121  0.759  0.452  1.364 -0.056  1.486  0.040
  60 C    6  6.019  0.854  1.121  0.759  0.452  1.364 -0.056  1.486  0.040
  61 C    6  6.019  0.854  1.121  0.759  0.452  1.364 -0.056  1.486  0.040
  62 C    6  6.019  0.854  1.121  0.759  0.452  1.364 -0.056  1.486  0.040
  63 C    6  6.019  0.854  1.121  0.759  0.452  1.364 -0.056  1.486  0.040
  64 C    6  6.019  0.854  1.121  0.759  0.452  1.364 -0.056  1.486  0.040
  65 C    6  6.019  0.854  1.121  0.759  0.452  1.364 -0.056  1.486  0.040
  66 C    6  6.019  0.854  1.121  0.759  0.452  1.364 -0.056  1.486  0.040
  67 C    6  6.019  0.854  1.121  0.759  0.452  1.364 -0.056  1.486  0.040
  68 C    6  6.019  0.854  1.121  0.759  0.452  1.364 -0.056  1.486  0.040
  69 C    6  6.019  0.854  1.121  0.759  0.452  1.364 -0.056  1.486  0.040
  70 C    6  6.019  0.854  1.121  0.759  0.452  1.364 -0.056  1.486  0.040
  71 C    6  6.019  0.854  1.121  0.759  0.452  1.364 -0.056  1.486  0.040
  72 C    6  6.019  0.854  1.121  0.759  0.452  1.364 -0.056  1.486  0.040
  73 C    6  6.013  0.854  1.121  0.764  0.461  1.358 -0.040  1.455  0.041
  74 C    6  6.013  0.854  1.121  0.764  0.461  1.358 -0.040  1.455  0.041
  75 C    6  6.013  0.854  1.121  0.764  0.461  1.358 -0.040  1.455  0.041
  76 C    6  6.013  0.854  1.121  0.764  0.461  1.358 -0.040  1.455  0.041
  77 C    6  6.013  0.854  1.121  0.764  0.461  1.358 -0.040  1.455  0.041
  78 C    6  6.013  0.854  1.121  0.764  0.461  1.358 -0.040  1.455  0.041
  79 C    6  6.013  0.854  1.121  0.764  0.461  1.358 -0.040  1.455  0.041
  80 C    6  6.013  0.854  1.121  0.764  0.461  1.358 -0.040  1.455  0.041
  81 C    6  6.013  0.854  1.121  0.764  0.461  1.358 -0.040  1.455  0.041
  82 C    6  6.013  0.854  1.121  0.764  0.461  1.358 -0.040  1.455  0.041
  83 C    6  6.013  0.854  1.121  0.764  0.461  1.358 -0.040  1.455  0.041
  84 C    6  6.013  0.854  1.121  0.764  0.461  1.358 -0.040  1.455  0.041
  85 C    6  6.013  0.854  1.121  0.764  0.461  1.358 -0.040  1.455  0.041
  86 C    6  6.013  0.854  1.121  0.764  0.461  1.358 -0.040  1.455  0.041
  87 C    6  6.013  0.854  1.121  0.764  0.461  1.358 -0.040  1.455  0.041
  88 C    6  6.013  0.854  1.121  0.764  0.461  1.358 -0.040  1.455  0.041
  89 C    6  6.013  0.854  1.121  0.764  0.461  1.358 -0.040  1.455  0.041
  90 C    6  6.013  0.854  1.121  0.764  0.461  1.358 -0.040  1.455  0.041
  91 C    6  6.013  0.854  1.121  0.764  0.461  1.358 -0.040  1.455  0.041
  92 C    6  6.013  0.854  1.121  0.764  0.461  1.358 -0.040  1.455  0.041
  93 C    6  6.013  0.854  1.121  0.764  0.461  1.358 -0.040  1.455  0.041
  94 C    6  6.013  0.854  1.121  0.764  0.461  1.358 -0.040  1.455  0.041
  95 C    6  6.013  0.854  1.121  0.764  0.461  1.358 -0.040  1.455  0.041
  96 C    6  6.013  0.854  1.121  0.764  0.461  1.358 -0.040  1.455  0.041
  97 C    6  5.970  0.854  1.121  0.765  0.425  1.337 -0.044  1.472  0.040
  98 C    6  5.970  0.854  1.121  0.765  0.425  1.337 -0.044  1.472  0.040
  99 C    6  5.970  0.854  1.121  0.765  0.425  1.337 -0.044  1.472  0.040
 100 C    6  5.970  0.854  1.121  0.765  0.425  1.337 -0.044  1.472  0.040
 101 C    6  5.970  0.854  1.121  0.765  0.425  1.337 -0.044  1.472  0.040
 102 C    6  5.970  0.854  1.121  0.765  0.425  1.337 -0.044  1.472  0.040
 103 C    6  5.970  0.854  1.121  0.765  0.425  1.337 -0.044  1.472  0.040
 104 C    6  5.970  0.854  1.121  0.765  0.425  1.337 -0.044  1.472  0.040
 105 C    6  5.970  0.854  1.121  0.765  0.425  1.337 -0.044  1.472  0.040
 106 C    6  5.970  0.854  1.121  0.765  0.425  1.337 -0.044  1.472  0.040
 107 C    6  5.970  0.854  1.121  0.765  0.425  1.337 -0.044  1.472  0.040
 108 C    6  5.970  0.854  1.121  0.765  0.425  1.337 -0.044  1.472  0.040
 109 C    6  5.970  0.854  1.121  0.765  0.425  1.337 -0.044  1.472  0.040
 110 C    6  5.970  0.854  1.121  0.765  0.425  1.337 -0.044  1.472  0.040
 111 C    6  5.970  0.854  1.121  0.765  0.425  1.337 -0.044  1.472  0.040
 112 C    6  5.970  0.854  1.121  0.765  0.425  1.337 -0.044  1.472  0.040
 113 C    6  5.970  0.854  1.121  0.765  0.425  1.337 -0.044  1.472  0.040
 114 C    6  5.970  0.854  1.121  0.765  0.425  1.337 -0.044  1.472  0.040
 115 C    6  5.970  0.854  1.121  0.765  0.425  1.337 -0.044  1.472  0.040
 116 C    6  5.970  0.854  1.121  0.765  0.425  1.337 -0.044  1.472  0.040
 117 C    6  5.970  0.854  1.121  0.765  0.425  1.337 -0.044  1.472  0.040
 118 C    6  5.970  0.854  1.121  0.765  0.425  1.337 -0.044  1.472  0.040
 119 C    6  5.970  0.854  1.121  0.765  0.425  1.337 -0.044  1.472  0.040
 120 C    6  5.970  0.854  1.121  0.765  0.425  1.337 -0.044  1.472  0.040

 OVERLAP POPULATION CONDENSED TO ATOMS FOR FIRST   6 NEIGHBORS

 ATOM A   1 C    ATOM B     CELL      R(AB)/AU R(AB)/ANG    OVPOP(AB)
                 81 C    (  0  0  0)     2.512     1.329     0.497
                 68 C    (  0  0  0)     2.760     1.460     0.357
                 31 C    (  0  0  0)     2.775     1.468     0.367
                 66 C    (  0  0  0)     4.333     2.293    -0.042
                100 C    (  0  0  0)     4.444     2.352    -0.044
                 88 C    (  0  0  1)     4.642     2.457    -0.040

 ATOM A  25 C    ATOM B     CELL      R(AB)/AU R(AB)/ANG    OVPOP(AB)
                105 C    (  0  0  1)     2.617     1.385     0.481
                106 C    (  1  0  0)     2.757     1.459     0.418
                  8 C    (  1  0  0)     2.775     1.468     0.367
                 67 C    (  1  0  0)     4.407     2.332    -0.028
                 71 C    (  1  0  0)     4.426     2.342    -0.049
                 33 C    (  0  0  0)     4.646     2.459    -0.024

 ATOM A  49 C    ATOM B     CELL      R(AB)/AU R(AB)/ANG    OVPOP(AB)
                 50 C    (  0  0  0)     2.587     1.369     0.471
                 19 C    (  0  0  0)     2.760     1.460     0.357
                115 C    (  0  0  0)     2.796     1.480     0.402
                 17 C    (  0  0  0)     4.333     2.293    -0.042
                113 C    (  0  0  0)     4.390     2.323    -0.039
                 44 C    (  0  0  0)     4.407     2.332    -0.028

 ATOM A  73 C    ATOM B     CELL      R(AB)/AU R(AB)/ANG    OVPOP(AB)
                 10 C    (  0  0  0)     2.512     1.329     0.497
                 91 C    (  0  0  0)     2.810     1.487     0.350
                 79 C    ( -1  0  0)     4.432     2.345    -0.019
                 16 C    (  0  0  0)     4.642     2.457    -0.040
                 71 C    (  0  0  0)     4.658     2.465    -0.027
                 17 C    (  0  0  0)     4.732     2.504    -0.033

 ATOM A  97 C    ATOM B     CELL      R(AB)/AU R(AB)/ANG    OVPOP(AB)
                 34 C    (  0  0  0)     2.617     1.385     0.481
                 33 C    (  0  0  0)     2.757     1.459     0.418
                 68 C    (  0  0  0)     2.796     1.480     0.402
                 66 C    (  0  0  0)     4.390     2.323    -0.039
                  4 C    (  0  0  0)     4.444     2.352    -0.044
                105 C    (  0  0  1)     4.657     2.464    -0.017
 TTTTTTTTTTTTTTTTTTTTTTTTTTTTTT AFTER FIRST TELAPSE      659.71 TCPU      655.29
 MMMMMMMMMMMMMMMMMMMMMMMMMMMMMMMMMMMMMMMMMMMMMMMMMMMMMMMMMMMMMMMMMMMMMMMMMMMMMMM
     ALPHA-BETA ELECTRONS
 MULLIKEN POPULATION ANALYSIS - NO. OF ELECTRONS   -0.000000

  ATOM    Z CHARGE  A.O. POPULATION

   1 C    6  0.000  0.000  0.000 -0.000  0.000  0.000  0.000  0.000 -0.000
                   -0.000 -0.000  0.000  0.000  0.000  0.000  0.000  0.000
                    0.000 -0.000
   2 C    6  0.000  0.000  0.000 -0.000  0.000  0.000  0.000  0.000 -0.000
                   -0.000 -0.000  0.000  0.000  0.000  0.000  0.000  0.000
                    0.000 -0.000
   3 C    6  0.000  0.000  0.000 -0.000  0.000  0.000  0.000  0.000 -0.000
                   -0.000 -0.000  0.000  0.000  0.000  0.000  0.000  0.000
                    0.000 -0.000
   4 C    6  0.000  0.000  0.000 -0.000  0.000  0.000  0.000  0.000 -0.000
                   -0.000 -0.000  0.000  0.000  0.000  0.000  0.000  0.000
                    0.000 -0.000
   5 C    6  0.000  0.000  0.000 -0.000  0.000  0.000  0.000  0.000 -0.000
                   -0.000 -0.000  0.000  0.000  0.000  0.000  0.000 -0.000
                    0.000  0.000
   6 C    6  0.000  0.000  0.000 -0.000  0.000  0.000  0.000  0.000 -0.000
                   -0.000 -0.000  0.000  0.000  0.000  0.000 -0.000  0.000
                    0.000  0.000
   7 C    6  0.000  0.000  0.000 -0.000  0.000  0.000  0.000  0.000 -0.000
                   -0.000 -0.000  0.000  0.000  0.000  0.000  0.000 -0.000
                    0.000  0.000
   8 C    6  0.000  0.000  0.000 -0.000  0.000  0.000  0.000  0.000 -0.000
                   -0.000 -0.000  0.000  0.000  0.000  0.000 -0.000  0.000
                    0.000  0.000
   9 C    6  0.000  0.000  0.000 -0.000  0.000  0.000  0.000  0.000 -0.000
                   -0.000 -0.000  0.000  0.000  0.000  0.000  0.000 -0.000
                    0.000  0.000
  10 C    6  0.000  0.000  0.000 -0.000  0.000  0.000  0.000  0.000 -0.000
                   -0.000 -0.000  0.000  0.000  0.000  0.000 -0.000  0.000
                    0.000  0.000
  11 C    6  0.000  0.000  0.000 -0.000  0.000  0.000  0.000  0.000 -0.000
                   -0.000 -0.000  0.000  0.000  0.000  0.000  0.000 -0.000
                    0.000  0.000
  12 C    6  0.000  0.000  0.000 -0.000  0.000  0.000  0.000  0.000 -0.000
                   -0.000 -0.000  0.000  0.000  0.000  0.000 -0.000  0.000
                    0.000  0.000
  13 C    6  0.000  0.000  0.000 -0.000  0.000  0.000  0.000  0.000 -0.000
                   -0.000 -0.000  0.000  0.000  0.000  0.000  0.000  0.000
                    0.000 -0.000
  14 C    6  0.000  0.000  0.000 -0.000  0.000  0.000  0.000  0.000 -0.000
                   -0.000 -0.000  0.000  0.000  0.000  0.000  0.000  0.000
                    0.000 -0.000
  15 C    6  0.000  0.000  0.000 -0.000  0.000  0.000  0.000  0.000 -0.000
                   -0.000 -0.000  0.000  0.000  0.000  0.000  0.000  0.000
                    0.000 -0.000
  16 C    6  0.000  0.000  0.000 -0.000  0.000  0.000  0.000  0.000 -0.000
                   -0.000 -0.000  0.000  0.000  0.000  0.000  0.000  0.000
                    0.000 -0.000
  17 C    6  0.000  0.000  0.000 -0.000  0.000  0.000  0.000  0.000 -0.000
                   -0.000 -0.000  0.000  0.000  0.000  0.000  0.000 -0.000
                    0.000  0.000
  18 C    6  0.000  0.000  0.000 -0.000  0.000  0.000  0.000  0.000 -0.000
                   -0.000 -0.000  0.000  0.000  0.000  0.000 -0.000  0.000
                    0.000  0.000
  19 C    6  0.000  0.000  0.000 -0.000  0.000  0.000  0.000  0.000 -0.000
                   -0.000 -0.000  0.000  0.000  0.000  0.000  0.000 -0.000
                    0.000  0.000
  20 C    6  0.000  0.000  0.000 -0.000  0.000  0.000  0.000  0.000 -0.000
                   -0.000 -0.000  0.000  0.000  0.000  0.000 -0.000  0.000
                    0.000  0.000
  21 C    6  0.000  0.000  0.000 -0.000  0.000  0.000  0.000  0.000 -0.000
                   -0.000 -0.000  0.000  0.000  0.000  0.000  0.000 -0.000
                    0.000  0.000
  22 C    6  0.000  0.000  0.000 -0.000  0.000  0.000  0.000  0.000 -0.000
                   -0.000 -0.000  0.000  0.000  0.000  0.000 -0.000  0.000
                    0.000  0.000
  23 C    6  0.000  0.000  0.000 -0.000  0.000  0.000  0.000  0.000 -0.000
                   -0.000 -0.000  0.000  0.000  0.000  0.000  0.000 -0.000
                    0.000  0.000
  24 C    6  0.000  0.000  0.000 -0.000  0.000  0.000  0.000  0.000 -0.000
                   -0.000 -0.000  0.000  0.000  0.000  0.000 -0.000  0.000
                    0.000  0.000
  25 C    6 -0.000  0.000  0.000 -0.000 -0.000  0.000  0.000 -0.000 -0.000
                    0.000  0.000  0.000 -0.000  0.000  0.000 -0.000 -0.000
                   -0.000  0.000
  26 C    6 -0.000  0.000  0.000 -0.000 -0.000  0.000  0.000 -0.000 -0.000
                    0.000  0.000  0.000 -0.000  0.000  0.000 -0.000 -0.000
                   -0.000  0.000
  27 C    6 -0.000  0.000  0.000 -0.000 -0.000  0.000  0.000 -0.000 -0.000
                    0.000  0.000  0.000 -0.000  0.000  0.000 -0.000 -0.000
                   -0.000  0.000
  28 C    6 -0.000  0.000  0.000 -0.000 -0.000  0.000  0.000 -0.000 -0.000
                    0.000  0.000  0.000 -0.000  0.000  0.000 -0.000 -0.000
                   -0.000  0.000
  29 C    6 -0.000  0.000  0.000 -0.000 -0.000 -0.000  0.000  0.000  0.000
                   -0.000  0.000  0.000  0.000 -0.000 -0.000 -0.000  0.000
                    0.000 -0.000
  30 C    6 -0.000  0.000  0.000 -0.000 -0.000  0.000 -0.000  0.000  0.000
                    0.000 -0.000 -0.000  0.000  0.000 -0.000  0.000 -0.000
                    0.000 -0.000
  31 C    6 -0.000  0.000  0.000 -0.000 -0.000 -0.000  0.000  0.000  0.000
                   -0.000  0.000  0.000  0.000 -0.000 -0.000 -0.000  0.000
                    0.000 -0.000
  32 C    6 -0.000  0.000  0.000 -0.000 -0.000  0.000 -0.000  0.000  0.000
                    0.000 -0.000 -0.000  0.000  0.000 -0.000  0.000 -0.000
                    0.000 -0.000
  33 C    6 -0.000  0.000  0.000 -0.000 -0.000 -0.000  0.000  0.000  0.000
                   -0.000  0.000  0.000  0.000 -0.000 -0.000 -0.000  0.000
                    0.000 -0.000
  34 C    6 -0.000  0.000  0.000 -0.000 -0.000  0.000 -0.000  0.000  0.000
                    0.000 -0.000 -0.000  0.000  0.000 -0.000  0.000 -0.000
                    0.000 -0.000
  35 C    6 -0.000  0.000  0.000 -0.000 -0.000 -0.000  0.000  0.000  0.000
                   -0.000  0.000  0.000  0.000 -0.000 -0.000 -0.000  0.000
                    0.000 -0.000
  36 C    6 -0.000  0.000  0.000 -0.000 -0.000  0.000 -0.000  0.000  0.000
                    0.000 -0.000 -0.000  0.000  0.000 -0.000  0.000 -0.000
                    0.000 -0.000
  37 C    6 -0.000  0.000  0.000 -0.000 -0.000  0.000  0.000 -0.000 -0.000
                    0.000  0.000  0.000 -0.000  0.000  0.000 -0.000 -0.000
                   -0.000  0.000
  38 C    6 -0.000  0.000  0.000 -0.000 -0.000  0.000  0.000 -0.000 -0.000
                    0.000  0.000  0.000 -0.000  0.000  0.000 -0.000 -0.000
                   -0.000  0.000
  39 C    6 -0.000  0.000  0.000 -0.000 -0.000  0.000  0.000 -0.000 -0.000
                    0.000  0.000  0.000 -0.000  0.000  0.000 -0.000 -0.000
                   -0.000  0.000
  40 C    6 -0.000  0.000  0.000 -0.000 -0.000  0.000  0.000 -0.000 -0.000
                    0.000  0.000  0.000 -0.000  0.000  0.000 -0.000 -0.000
                   -0.000  0.000
  41 C    6 -0.000  0.000  0.000 -0.000 -0.000 -0.000  0.000  0.000  0.000
                   -0.000  0.000  0.000  0.000 -0.000 -0.000 -0.000  0.000
                    0.000 -0.000
  42 C    6 -0.000  0.000  0.000 -0.000 -0.000  0.000 -0.000  0.000  0.000
                    0.000 -0.000 -0.000  0.000  0.000 -0.000  0.000 -0.000
                    0.000 -0.000
  43 C    6 -0.000  0.000  0.000 -0.000 -0.000 -0.000  0.000  0.000  0.000
                   -0.000  0.000  0.000  0.000 -0.000 -0.000 -0.000  0.000
                    0.000 -0.000
  44 C    6 -0.000  0.000  0.000 -0.000 -0.000  0.000 -0.000  0.000  0.000
                    0.000 -0.000 -0.000  0.000  0.000 -0.000  0.000 -0.000
                    0.000 -0.000
  45 C    6 -0.000  0.000  0.000 -0.000 -0.000 -0.000  0.000  0.000  0.000
                   -0.000  0.000  0.000  0.000 -0.000 -0.000 -0.000  0.000
                    0.000 -0.000
  46 C    6 -0.000  0.000  0.000 -0.000 -0.000  0.000 -0.000  0.000  0.000
                    0.000 -0.000 -0.000  0.000  0.000 -0.000  0.000 -0.000
                    0.000 -0.000
  47 C    6 -0.000  0.000  0.000 -0.000 -0.000 -0.000  0.000  0.000  0.000
                   -0.000  0.000  0.000  0.000 -0.000 -0.000 -0.000  0.000
                    0.000 -0.000
  48 C    6 -0.000  0.000  0.000 -0.000 -0.000  0.000 -0.000  0.000  0.000
                    0.000 -0.000 -0.000  0.000  0.000 -0.000  0.000 -0.000
                    0.000 -0.000
  49 C    6 -0.000 -0.000  0.000 -0.000 -0.000  0.000 -0.000  0.000 -0.000
                    0.000 -0.000 -0.000 -0.000 -0.000  0.000  0.000 -0.000
                   -0.000 -0.000
  50 C    6 -0.000 -0.000  0.000 -0.000 -0.000  0.000 -0.000  0.000 -0.000
                    0.000 -0.000 -0.000 -0.000 -0.000  0.000  0.000 -0.000
                   -0.000 -0.000
  51 C    6 -0.000 -0.000  0.000 -0.000 -0.000  0.000 -0.000  0.000 -0.000
                    0.000 -0.000 -0.000 -0.000 -0.000  0.000  0.000 -0.000
                   -0.000 -0.000
  52 C    6 -0.000 -0.000  0.000 -0.000 -0.000  0.000 -0.000  0.000 -0.000
                    0.000 -0.000 -0.000 -0.000 -0.000  0.000  0.000 -0.000
                   -0.000 -0.000
  53 C    6 -0.000 -0.000  0.000 -0.000 -0.000  0.000  0.000 -0.000 -0.000
                   -0.000  0.000 -0.000 -0.000 -0.000 -0.000 -0.000 -0.000
                    0.000  0.000
  54 C    6 -0.000 -0.000  0.000 -0.000 -0.000 -0.000  0.000  0.000  0.000
                   -0.000 -0.000 -0.000 -0.000 -0.000 -0.000 -0.000  0.000
                    0.000 -0.000
  55 C    6 -0.000 -0.000  0.000 -0.000 -0.000  0.000  0.000 -0.000 -0.000
                   -0.000  0.000 -0.000 -0.000 -0.000 -0.000 -0.000 -0.000
                    0.000  0.000
  56 C    6 -0.000 -0.000  0.000 -0.000 -0.000 -0.000  0.000  0.000  0.000
                   -0.000 -0.000 -0.000 -0.000 -0.000 -0.000 -0.000  0.000
                    0.000 -0.000
  57 C    6 -0.000 -0.000  0.000 -0.000 -0.000  0.000  0.000 -0.000 -0.000
                   -0.000  0.000 -0.000 -0.000 -0.000 -0.000 -0.000 -0.000
                    0.000  0.000
  58 C    6 -0.000 -0.000  0.000 -0.000 -0.000 -0.000  0.000  0.000  0.000
                   -0.000 -0.000 -0.000 -0.000 -0.000 -0.000 -0.000  0.000
                    0.000 -0.000
  59 C    6 -0.000 -0.000  0.000 -0.000 -0.000  0.000  0.000 -0.000 -0.000
                   -0.000  0.000 -0.000 -0.000 -0.000 -0.000 -0.000 -0.000
                    0.000  0.000
  60 C    6 -0.000 -0.000  0.000 -0.000 -0.000 -0.000  0.000  0.000  0.000
                   -0.000 -0.000 -0.000 -0.000 -0.000 -0.000 -0.000  0.000
                    0.000 -0.000
  61 C    6 -0.000 -0.000  0.000 -0.000 -0.000  0.000 -0.000  0.000 -0.000
                    0.000 -0.000 -0.000 -0.000 -0.000  0.000  0.000 -0.000
                   -0.000 -0.000
  62 C    6 -0.000 -0.000  0.000 -0.000 -0.000  0.000 -0.000  0.000 -0.000
                    0.000 -0.000 -0.000 -0.000 -0.000  0.000  0.000 -0.000
                   -0.000 -0.000
  63 C    6 -0.000 -0.000  0.000 -0.000 -0.000  0.000 -0.000  0.000 -0.000
                    0.000 -0.000 -0.000 -0.000 -0.000  0.000  0.000 -0.000
                   -0.000 -0.000
  64 C    6 -0.000 -0.000  0.000 -0.000 -0.000  0.000 -0.000  0.000 -0.000
                    0.000 -0.000 -0.000 -0.000 -0.000  0.000  0.000 -0.000
                   -0.000 -0.000
  65 C    6 -0.000 -0.000  0.000 -0.000 -0.000  0.000  0.000 -0.000 -0.000
                   -0.000  0.000 -0.000 -0.000 -0.000 -0.000 -0.000 -0.000
                    0.000  0.000
  66 C    6 -0.000 -0.000  0.000 -0.000 -0.000 -0.000  0.000  0.000  0.000
                   -0.000 -0.000 -0.000 -0.000 -0.000 -0.000 -0.000  0.000
                    0.000 -0.000
  67 C    6 -0.000 -0.000  0.000 -0.000 -0.000  0.000  0.000 -0.000 -0.000
                   -0.000  0.000 -0.000 -0.000 -0.000 -0.000 -0.000 -0.000
                    0.000  0.000
  68 C    6 -0.000 -0.000  0.000 -0.000 -0.000 -0.000  0.000  0.000  0.000
                   -0.000 -0.000 -0.000 -0.000 -0.000 -0.000 -0.000  0.000
                    0.000 -0.000
  69 C    6 -0.000 -0.000  0.000 -0.000 -0.000  0.000  0.000 -0.000 -0.000
                   -0.000  0.000 -0.000 -0.000 -0.000 -0.000 -0.000 -0.000
                    0.000  0.000
  70 C    6 -0.000 -0.000  0.000 -0.000 -0.000 -0.000  0.000  0.000  0.000
                   -0.000 -0.000 -0.000 -0.000 -0.000 -0.000 -0.000  0.000
                    0.000 -0.000
  71 C    6 -0.000 -0.000  0.000 -0.000 -0.000  0.000  0.000 -0.000 -0.000
                   -0.000  0.000 -0.000 -0.000 -0.000 -0.000 -0.000 -0.000
                    0.000  0.000
  72 C    6 -0.000 -0.000  0.000 -0.000 -0.000 -0.000  0.000  0.000  0.000
                   -0.000 -0.000 -0.000 -0.000 -0.000 -0.000 -0.000  0.000
                    0.000 -0.000
  73 C    6 -0.000 -0.000  0.000 -0.000  0.000  0.000  0.000  0.000 -0.000
                    0.000  0.000  0.000 -0.000 -0.000 -0.000  0.000  0.000
                   -0.000 -0.000
  74 C    6 -0.000 -0.000  0.000 -0.000  0.000  0.000  0.000  0.000 -0.000
                    0.000  0.000  0.000 -0.000 -0.000 -0.000  0.000  0.000
                   -0.000 -0.000
  75 C    6 -0.000 -0.000  0.000 -0.000  0.000  0.000  0.000  0.000 -0.000
                    0.000  0.000  0.000 -0.000 -0.000 -0.000  0.000  0.000
                   -0.000 -0.000
  76 C    6 -0.000 -0.000  0.000 -0.000  0.000  0.000  0.000  0.000 -0.000
                    0.000  0.000  0.000 -0.000 -0.000 -0.000  0.000  0.000
                   -0.000 -0.000
  77 C    6 -0.000 -0.000  0.000 -0.000  0.000  0.000  0.000  0.000  0.000
                   -0.000  0.000 -0.000  0.000 -0.000 -0.000  0.000 -0.000
                   -0.000  0.000
  78 C    6 -0.000 -0.000  0.000 -0.000  0.000  0.000  0.000  0.000  0.000
                    0.000 -0.000 -0.000 -0.000  0.000 -0.000 -0.000  0.000
                   -0.000  0.000
  79 C    6 -0.000 -0.000  0.000 -0.000  0.000  0.000  0.000  0.000  0.000
                   -0.000  0.000 -0.000  0.000 -0.000 -0.000  0.000 -0.000
                   -0.000  0.000
  80 C    6 -0.000 -0.000  0.000 -0.000  0.000  0.000  0.000  0.000  0.000
                    0.000 -0.000 -0.000 -0.000  0.000 -0.000 -0.000  0.000
                   -0.000  0.000
  81 C    6 -0.000 -0.000  0.000 -0.000  0.000  0.000  0.000  0.000  0.000
                   -0.000  0.000 -0.000  0.000 -0.000 -0.000  0.000 -0.000
                   -0.000  0.000
  82 C    6 -0.000 -0.000  0.000 -0.000  0.000  0.000  0.000  0.000  0.000
                    0.000 -0.000 -0.000 -0.000  0.000 -0.000 -0.000  0.000
                   -0.000  0.000
  83 C    6 -0.000 -0.000  0.000 -0.000  0.000  0.000  0.000  0.000  0.000
                   -0.000  0.000 -0.000  0.000 -0.000 -0.000  0.000 -0.000
                   -0.000  0.000
  84 C    6 -0.000 -0.000  0.000 -0.000  0.000  0.000  0.000  0.000  0.000
                    0.000 -0.000 -0.000 -0.000  0.000 -0.000 -0.000  0.000
                   -0.000  0.000
  85 C    6 -0.000 -0.000  0.000 -0.000  0.000  0.000  0.000  0.000 -0.000
                    0.000  0.000  0.000 -0.000 -0.000 -0.000  0.000  0.000
                   -0.000 -0.000
  86 C    6 -0.000 -0.000  0.000 -0.000  0.000  0.000  0.000  0.000 -0.000
                    0.000  0.000  0.000 -0.000 -0.000 -0.000  0.000  0.000
                   -0.000 -0.000
  87 C    6 -0.000 -0.000  0.000 -0.000  0.000  0.000  0.000  0.000 -0.000
                    0.000  0.000  0.000 -0.000 -0.000 -0.000  0.000  0.000
                   -0.000 -0.000
  88 C    6 -0.000 -0.000  0.000 -0.000  0.000  0.000  0.000  0.000 -0.000
                    0.000  0.000  0.000 -0.000 -0.000 -0.000  0.000  0.000
                   -0.000 -0.000
  89 C    6 -0.000 -0.000  0.000 -0.000  0.000  0.000  0.000  0.000  0.000
                   -0.000  0.000 -0.000  0.000 -0.000 -0.000  0.000 -0.000
                   -0.000  0.000
  90 C    6 -0.000 -0.000  0.000 -0.000  0.000  0.000  0.000  0.000  0.000
                    0.000 -0.000 -0.000 -0.000  0.000 -0.000 -0.000  0.000
                   -0.000  0.000
  91 C    6 -0.000 -0.000  0.000 -0.000  0.000  0.000  0.000  0.000  0.000
                   -0.000  0.000 -0.000  0.000 -0.000 -0.000  0.000 -0.000
                   -0.000  0.000
  92 C    6 -0.000 -0.000  0.000 -0.000  0.000  0.000  0.000  0.000  0.000
                    0.000 -0.000 -0.000 -0.000  0.000 -0.000 -0.000  0.000
                   -0.000  0.000
  93 C    6 -0.000 -0.000  0.000 -0.000  0.000  0.000  0.000  0.000  0.000
                   -0.000  0.000 -0.000  0.000 -0.000 -0.000  0.000 -0.000
                   -0.000  0.000
  94 C    6 -0.000 -0.000  0.000 -0.000  0.000  0.000  0.000  0.000  0.000
                    0.000 -0.000 -0.000 -0.000  0.000 -0.000 -0.000  0.000
                   -0.000  0.000
  95 C    6 -0.000 -0.000  0.000 -0.000  0.000  0.000  0.000  0.000  0.000
                   -0.000  0.000 -0.000  0.000 -0.000 -0.000  0.000 -0.000
                   -0.000  0.000
  96 C    6 -0.000 -0.000  0.000 -0.000  0.000  0.000  0.000  0.000  0.000
                    0.000 -0.000 -0.000 -0.000  0.000 -0.000 -0.000  0.000
                   -0.000  0.000
  97 C    6 -0.000 -0.000  0.000 -0.000 -0.000  0.000  0.000 -0.000 -0.000
                   -0.000 -0.000  0.000 -0.000  0.000  0.000 -0.000 -0.000
                    0.000  0.000
  98 C    6 -0.000 -0.000  0.000 -0.000 -0.000  0.000  0.000 -0.000 -0.000
                   -0.000 -0.000  0.000 -0.000  0.000  0.000 -0.000 -0.000
                    0.000  0.000
  99 C    6 -0.000 -0.000  0.000 -0.000 -0.000  0.000  0.000 -0.000 -0.000
                   -0.000 -0.000  0.000 -0.000  0.000  0.000 -0.000 -0.000
                    0.000  0.000
 100 C    6 -0.000 -0.000  0.000 -0.000 -0.000  0.000  0.000 -0.000 -0.000
                   -0.000 -0.000  0.000 -0.000  0.000  0.000 -0.000 -0.000
                    0.000  0.000
 101 C    6 -0.000 -0.000  0.000 -0.000 -0.000 -0.000  0.000  0.000 -0.000
                   -0.000 -0.000  0.000  0.000 -0.000  0.000 -0.000  0.000
                    0.000 -0.000
 102 C    6 -0.000 -0.000  0.000 -0.000 -0.000  0.000 -0.000  0.000 -0.000
                   -0.000 -0.000 -0.000  0.000  0.000  0.000  0.000 -0.000
                    0.000 -0.000
 103 C    6 -0.000 -0.000  0.000 -0.000 -0.000 -0.000  0.000  0.000 -0.000
                   -0.000 -0.000  0.000  0.000 -0.000  0.000 -0.000  0.000
                    0.000 -0.000
 104 C    6 -0.000 -0.000  0.000 -0.000 -0.000  0.000 -0.000  0.000 -0.000
                   -0.000 -0.000 -0.000  0.000  0.000  0.000  0.000 -0.000
                    0.000 -0.000
 105 C    6 -0.000 -0.000  0.000 -0.000 -0.000 -0.000  0.000  0.000 -0.000
                   -0.000 -0.000  0.000  0.000 -0.000  0.000 -0.000  0.000
                    0.000 -0.000
 106 C    6 -0.000 -0.000  0.000 -0.000 -0.000  0.000 -0.000  0.000 -0.000
                   -0.000 -0.000 -0.000  0.000  0.000  0.000  0.000 -0.000
                    0.000 -0.000
 107 C    6 -0.000 -0.000  0.000 -0.000 -0.000 -0.000  0.000  0.000 -0.000
                   -0.000 -0.000  0.000  0.000 -0.000  0.000 -0.000  0.000
                    0.000 -0.000
 108 C    6 -0.000 -0.000  0.000 -0.000 -0.000  0.000 -0.000  0.000 -0.000
                   -0.000 -0.000 -0.000  0.000  0.000  0.000  0.000 -0.000
                    0.000 -0.000
 109 C    6 -0.000 -0.000  0.000 -0.000 -0.000  0.000  0.000 -0.000 -0.000
                   -0.000 -0.000  0.000 -0.000  0.000  0.000 -0.000 -0.000
                    0.000  0.000
 110 C    6 -0.000 -0.000  0.000 -0.000 -0.000  0.000  0.000 -0.000 -0.000
                   -0.000 -0.000  0.000 -0.000  0.000  0.000 -0.000 -0.000
                    0.000  0.000
 111 C    6 -0.000 -0.000  0.000 -0.000 -0.000  0.000  0.000 -0.000 -0.000
                   -0.000 -0.000  0.000 -0.000  0.000  0.000 -0.000 -0.000
                    0.000  0.000
 112 C    6 -0.000 -0.000  0.000 -0.000 -0.000  0.000  0.000 -0.000 -0.000
                   -0.000 -0.000  0.000 -0.000  0.000  0.000 -0.000 -0.000
                    0.000  0.000
 113 C    6 -0.000 -0.000  0.000 -0.000 -0.000 -0.000  0.000  0.000 -0.000
                   -0.000 -0.000  0.000  0.000 -0.000  0.000 -0.000  0.000
                    0.000 -0.000
 114 C    6 -0.000 -0.000  0.000 -0.000 -0.000  0.000 -0.000  0.000 -0.000
                   -0.000 -0.000 -0.000  0.000  0.000  0.000  0.000 -0.000
                    0.000 -0.000
 115 C    6 -0.000 -0.000  0.000 -0.000 -0.000 -0.000  0.000  0.000 -0.000
                   -0.000 -0.000  0.000  0.000 -0.000  0.000 -0.000  0.000
                    0.000 -0.000
 116 C    6 -0.000 -0.000  0.000 -0.000 -0.000  0.000 -0.000  0.000 -0.000
                   -0.000 -0.000 -0.000  0.000  0.000  0.000  0.000 -0.000
                    0.000 -0.000
 117 C    6 -0.000 -0.000  0.000 -0.000 -0.000 -0.000  0.000  0.000 -0.000
                   -0.000 -0.000  0.000  0.000 -0.000  0.000 -0.000  0.000
                    0.000 -0.000
 118 C    6 -0.000 -0.000  0.000 -0.000 -0.000  0.000 -0.000  0.000 -0.000
                   -0.000 -0.000 -0.000  0.000  0.000  0.000  0.000 -0.000
                    0.000 -0.000
 119 C    6 -0.000 -0.000  0.000 -0.000 -0.000 -0.000  0.000  0.000 -0.000
                   -0.000 -0.000  0.000  0.000 -0.000  0.000 -0.000  0.000
                    0.000 -0.000
 120 C    6 -0.000 -0.000  0.000 -0.000 -0.000  0.000 -0.000  0.000 -0.000
                   -0.000 -0.000 -0.000  0.000  0.000  0.000  0.000 -0.000
                    0.000 -0.000

  ATOM    Z CHARGE  SHELL POPULATION

   1 C    6  0.000  0.000  0.000 -0.000  0.000  0.000 -0.000  0.000  0.000
   2 C    6  0.000  0.000  0.000 -0.000  0.000  0.000 -0.000  0.000  0.000
   3 C    6  0.000  0.000  0.000 -0.000  0.000  0.000 -0.000  0.000  0.000
   4 C    6  0.000  0.000  0.000 -0.000  0.000  0.000 -0.000  0.000  0.000
   5 C    6  0.000  0.000  0.000 -0.000  0.000  0.000 -0.000  0.000  0.000
   6 C    6  0.000  0.000  0.000 -0.000  0.000  0.000 -0.000  0.000  0.000
   7 C    6  0.000  0.000  0.000 -0.000  0.000  0.000 -0.000  0.000  0.000
   8 C    6  0.000  0.000  0.000 -0.000  0.000  0.000 -0.000  0.000  0.000
   9 C    6  0.000  0.000  0.000 -0.000  0.000  0.000 -0.000  0.000  0.000
  10 C    6  0.000  0.000  0.000 -0.000  0.000  0.000 -0.000  0.000  0.000
  11 C    6  0.000  0.000  0.000 -0.000  0.000  0.000 -0.000  0.000  0.000
  12 C    6  0.000  0.000  0.000 -0.000  0.000  0.000 -0.000  0.000  0.000
  13 C    6  0.000  0.000  0.000 -0.000  0.000  0.000 -0.000  0.000  0.000
  14 C    6  0.000  0.000  0.000 -0.000  0.000  0.000 -0.000  0.000  0.000
  15 C    6  0.000  0.000  0.000 -0.000  0.000  0.000 -0.000  0.000  0.000
  16 C    6  0.000  0.000  0.000 -0.000  0.000  0.000 -0.000  0.000  0.000
  17 C    6  0.000  0.000  0.000 -0.000  0.000  0.000 -0.000  0.000  0.000
  18 C    6  0.000  0.000  0.000 -0.000  0.000  0.000 -0.000  0.000  0.000
  19 C    6  0.000  0.000  0.000 -0.000  0.000  0.000 -0.000  0.000  0.000
  20 C    6  0.000  0.000  0.000 -0.000  0.000  0.000 -0.000  0.000  0.000
  21 C    6  0.000  0.000  0.000 -0.000  0.000  0.000 -0.000  0.000  0.000
  22 C    6  0.000  0.000  0.000 -0.000  0.000  0.000 -0.000  0.000  0.000
  23 C    6  0.000  0.000  0.000 -0.000  0.000  0.000 -0.000  0.000  0.000
  24 C    6  0.000  0.000  0.000 -0.000  0.000  0.000 -0.000  0.000  0.000
  25 C    6 -0.000  0.000  0.000 -0.000 -0.000  0.000  0.000  0.000 -0.000
  26 C    6 -0.000  0.000  0.000 -0.000 -0.000  0.000  0.000  0.000 -0.000
  27 C    6 -0.000  0.000  0.000 -0.000 -0.000  0.000  0.000  0.000 -0.000
  28 C    6 -0.000  0.000  0.000 -0.000 -0.000  0.000  0.000  0.000 -0.000
  29 C    6 -0.000  0.000  0.000 -0.000 -0.000  0.000  0.000  0.000 -0.000
  30 C    6 -0.000  0.000  0.000 -0.000 -0.000  0.000  0.000  0.000 -0.000
  31 C    6 -0.000  0.000  0.000 -0.000 -0.000  0.000  0.000  0.000 -0.000
  32 C    6 -0.000  0.000  0.000 -0.000 -0.000  0.000  0.000  0.000 -0.000
  33 C    6 -0.000  0.000  0.000 -0.000 -0.000  0.000  0.000  0.000 -0.000
  34 C    6 -0.000  0.000  0.000 -0.000 -0.000  0.000  0.000  0.000 -0.000
  35 C    6 -0.000  0.000  0.000 -0.000 -0.000  0.000  0.000  0.000 -0.000
  36 C    6 -0.000  0.000  0.000 -0.000 -0.000  0.000  0.000  0.000 -0.000
  37 C    6 -0.000  0.000  0.000 -0.000 -0.000  0.000  0.000  0.000 -0.000
  38 C    6 -0.000  0.000  0.000 -0.000 -0.000  0.000  0.000  0.000 -0.000
  39 C    6 -0.000  0.000  0.000 -0.000 -0.000  0.000  0.000  0.000 -0.000
  40 C    6 -0.000  0.000  0.000 -0.000 -0.000  0.000  0.000  0.000 -0.000
  41 C    6 -0.000  0.000  0.000 -0.000 -0.000  0.000  0.000  0.000 -0.000
  42 C    6 -0.000  0.000  0.000 -0.000 -0.000  0.000  0.000  0.000 -0.000
  43 C    6 -0.000  0.000  0.000 -0.000 -0.000  0.000  0.000  0.000 -0.000
  44 C    6 -0.000  0.000  0.000 -0.000 -0.000  0.000  0.000  0.000 -0.000
  45 C    6 -0.000  0.000  0.000 -0.000 -0.000  0.000  0.000  0.000 -0.000
  46 C    6 -0.000  0.000  0.000 -0.000 -0.000  0.000  0.000  0.000 -0.000
  47 C    6 -0.000  0.000  0.000 -0.000 -0.000  0.000  0.000  0.000 -0.000
  48 C    6 -0.000  0.000  0.000 -0.000 -0.000  0.000  0.000  0.000 -0.000
  49 C    6 -0.000 -0.000  0.000 -0.000 -0.000  0.000  0.000 -0.000 -0.000
  50 C    6 -0.000 -0.000  0.000 -0.000 -0.000  0.000  0.000 -0.000 -0.000
  51 C    6 -0.000 -0.000  0.000 -0.000 -0.000  0.000  0.000 -0.000 -0.000
  52 C    6 -0.000 -0.000  0.000 -0.000 -0.000  0.000  0.000 -0.000 -0.000
  53 C    6 -0.000 -0.000  0.000 -0.000 -0.000  0.000  0.000 -0.000 -0.000
  54 C    6 -0.000 -0.000  0.000 -0.000 -0.000  0.000  0.000 -0.000 -0.000
  55 C    6 -0.000 -0.000  0.000 -0.000 -0.000  0.000  0.000 -0.000 -0.000
  56 C    6 -0.000 -0.000  0.000 -0.000 -0.000  0.000  0.000 -0.000 -0.000
  57 C    6 -0.000 -0.000  0.000 -0.000 -0.000  0.000  0.000 -0.000 -0.000
  58 C    6 -0.000 -0.000  0.000 -0.000 -0.000  0.000  0.000 -0.000 -0.000
  59 C    6 -0.000 -0.000  0.000 -0.000 -0.000  0.000  0.000 -0.000 -0.000
  60 C    6 -0.000 -0.000  0.000 -0.000 -0.000  0.000  0.000 -0.000 -0.000
  61 C    6 -0.000 -0.000  0.000 -0.000 -0.000  0.000  0.000 -0.000 -0.000
  62 C    6 -0.000 -0.000  0.000 -0.000 -0.000  0.000  0.000 -0.000 -0.000
  63 C    6 -0.000 -0.000  0.000 -0.000 -0.000  0.000  0.000 -0.000 -0.000
  64 C    6 -0.000 -0.000  0.000 -0.000 -0.000  0.000  0.000 -0.000 -0.000
  65 C    6 -0.000 -0.000  0.000 -0.000 -0.000  0.000  0.000 -0.000 -0.000
  66 C    6 -0.000 -0.000  0.000 -0.000 -0.000  0.000  0.000 -0.000 -0.000
  67 C    6 -0.000 -0.000  0.000 -0.000 -0.000  0.000  0.000 -0.000 -0.000
  68 C    6 -0.000 -0.000  0.000 -0.000 -0.000  0.000  0.000 -0.000 -0.000
  69 C    6 -0.000 -0.000  0.000 -0.000 -0.000  0.000  0.000 -0.000 -0.000
  70 C    6 -0.000 -0.000  0.000 -0.000 -0.000  0.000  0.000 -0.000 -0.000
  71 C    6 -0.000 -0.000  0.000 -0.000 -0.000  0.000  0.000 -0.000 -0.000
  72 C    6 -0.000 -0.000  0.000 -0.000 -0.000  0.000  0.000 -0.000 -0.000
  73 C    6 -0.000 -0.000  0.000 -0.000  0.000  0.000  0.000 -0.000 -0.000
  74 C    6 -0.000 -0.000  0.000 -0.000  0.000  0.000  0.000 -0.000 -0.000
  75 C    6 -0.000 -0.000  0.000 -0.000  0.000  0.000  0.000 -0.000 -0.000
  76 C    6 -0.000 -0.000  0.000 -0.000  0.000  0.000  0.000 -0.000 -0.000
  77 C    6 -0.000 -0.000  0.000 -0.000  0.000  0.000  0.000 -0.000 -0.000
  78 C    6 -0.000 -0.000  0.000 -0.000  0.000  0.000  0.000 -0.000 -0.000
  79 C    6 -0.000 -0.000  0.000 -0.000  0.000  0.000  0.000 -0.000 -0.000
  80 C    6 -0.000 -0.000  0.000 -0.000  0.000  0.000  0.000 -0.000 -0.000
  81 C    6 -0.000 -0.000  0.000 -0.000  0.000  0.000  0.000 -0.000 -0.000
  82 C    6 -0.000 -0.000  0.000 -0.000  0.000  0.000  0.000 -0.000 -0.000
  83 C    6 -0.000 -0.000  0.000 -0.000  0.000  0.000  0.000 -0.000 -0.000
  84 C    6 -0.000 -0.000  0.000 -0.000  0.000  0.000  0.000 -0.000 -0.000
  85 C    6 -0.000 -0.000  0.000 -0.000  0.000  0.000  0.000 -0.000 -0.000
  86 C    6 -0.000 -0.000  0.000 -0.000  0.000  0.000  0.000 -0.000 -0.000
  87 C    6 -0.000 -0.000  0.000 -0.000  0.000  0.000  0.000 -0.000 -0.000
  88 C    6 -0.000 -0.000  0.000 -0.000  0.000  0.000  0.000 -0.000 -0.000
  89 C    6 -0.000 -0.000  0.000 -0.000  0.000  0.000  0.000 -0.000 -0.000
  90 C    6 -0.000 -0.000  0.000 -0.000  0.000  0.000  0.000 -0.000 -0.000
  91 C    6 -0.000 -0.000  0.000 -0.000  0.000  0.000  0.000 -0.000 -0.000
  92 C    6 -0.000 -0.000  0.000 -0.000  0.000  0.000  0.000 -0.000 -0.000
  93 C    6 -0.000 -0.000  0.000 -0.000  0.000  0.000  0.000 -0.000 -0.000
  94 C    6 -0.000 -0.000  0.000 -0.000  0.000  0.000  0.000 -0.000 -0.000
  95 C    6 -0.000 -0.000  0.000 -0.000  0.000  0.000  0.000 -0.000 -0.000
  96 C    6 -0.000 -0.000  0.000 -0.000  0.000  0.000  0.000 -0.000 -0.000
  97 C    6 -0.000 -0.000  0.000 -0.000 -0.000  0.000 -0.000  0.000  0.000
  98 C    6 -0.000 -0.000  0.000 -0.000 -0.000  0.000 -0.000  0.000  0.000
  99 C    6 -0.000 -0.000  0.000 -0.000 -0.000  0.000 -0.000  0.000  0.000
 100 C    6 -0.000 -0.000  0.000 -0.000 -0.000  0.000 -0.000  0.000  0.000
 101 C    6 -0.000 -0.000  0.000 -0.000 -0.000  0.000 -0.000  0.000  0.000
 102 C    6 -0.000 -0.000  0.000 -0.000 -0.000  0.000 -0.000  0.000  0.000
 103 C    6 -0.000 -0.000  0.000 -0.000 -0.000  0.000 -0.000  0.000  0.000
 104 C    6 -0.000 -0.000  0.000 -0.000 -0.000  0.000 -0.000  0.000  0.000
 105 C    6 -0.000 -0.000  0.000 -0.000 -0.000  0.000 -0.000  0.000  0.000
 106 C    6 -0.000 -0.000  0.000 -0.000 -0.000  0.000 -0.000  0.000  0.000
 107 C    6 -0.000 -0.000  0.000 -0.000 -0.000  0.000 -0.000  0.000  0.000
 108 C    6 -0.000 -0.000  0.000 -0.000 -0.000  0.000 -0.000  0.000  0.000
 109 C    6 -0.000 -0.000  0.000 -0.000 -0.000  0.000 -0.000  0.000  0.000
 110 C    6 -0.000 -0.000  0.000 -0.000 -0.000  0.000 -0.000  0.000  0.000
 111 C    6 -0.000 -0.000  0.000 -0.000 -0.000  0.000 -0.000  0.000  0.000
 112 C    6 -0.000 -0.000  0.000 -0.000 -0.000  0.000 -0.000  0.000  0.000
 113 C    6 -0.000 -0.000  0.000 -0.000 -0.000  0.000 -0.000  0.000  0.000
 114 C    6 -0.000 -0.000  0.000 -0.000 -0.000  0.000 -0.000  0.000  0.000
 115 C    6 -0.000 -0.000  0.000 -0.000 -0.000  0.000 -0.000  0.000  0.000
 116 C    6 -0.000 -0.000  0.000 -0.000 -0.000  0.000 -0.000  0.000  0.000
 117 C    6 -0.000 -0.000  0.000 -0.000 -0.000  0.000 -0.000  0.000  0.000
 118 C    6 -0.000 -0.000  0.000 -0.000 -0.000  0.000 -0.000  0.000  0.000
 119 C    6 -0.000 -0.000  0.000 -0.000 -0.000  0.000 -0.000  0.000  0.000
 120 C    6 -0.000 -0.000  0.000 -0.000 -0.000  0.000 -0.000  0.000  0.000

 OVERLAP POPULATION CONDENSED TO ATOMS FOR FIRST   6 NEIGHBORS

 ATOM A   1 C    ATOM B     CELL      R(AB)/AU R(AB)/ANG    OVPOP(AB)
                 81 C    (  0  0  0)     2.512     1.329     0.000
                 68 C    (  0  0  0)     2.760     1.460    -0.000
                 31 C    (  0  0  0)     2.775     1.468    -0.000
                 66 C    (  0  0  0)     4.333     2.293     0.000
                100 C    (  0  0  0)     4.444     2.352    -0.000
                 88 C    (  0  0  1)     4.642     2.457    -0.000

 ATOM A  25 C    ATOM B     CELL      R(AB)/AU R(AB)/ANG    OVPOP(AB)
                105 C    (  0  0  1)     2.617     1.385     0.000
                106 C    (  1  0  0)     2.757     1.459    -0.000
                  8 C    (  1  0  0)     2.775     1.468    -0.000
                 67 C    (  1  0  0)     4.407     2.332    -0.000
                 71 C    (  1  0  0)     4.426     2.342     0.000
                 33 C    (  0  0  0)     4.646     2.459     0.000

 ATOM A  49 C    ATOM B     CELL      R(AB)/AU R(AB)/ANG    OVPOP(AB)
                 50 C    (  0  0  0)     2.587     1.369     0.000
                 19 C    (  0  0  0)     2.760     1.460    -0.000
                115 C    (  0  0  0)     2.796     1.480    -0.000
                 17 C    (  0  0  0)     4.333     2.293     0.000
                113 C    (  0  0  0)     4.390     2.323     0.000
                 44 C    (  0  0  0)     4.407     2.332    -0.000

 ATOM A  73 C    ATOM B     CELL      R(AB)/AU R(AB)/ANG    OVPOP(AB)
                 10 C    (  0  0  0)     2.512     1.329     0.000
                 91 C    (  0  0  0)     2.810     1.487    -0.000
                 79 C    ( -1  0  0)     4.432     2.345    -0.000
                 16 C    (  0  0  0)     4.642     2.457    -0.000
                 71 C    (  0  0  0)     4.658     2.465     0.000
                 17 C    (  0  0  0)     4.732     2.504    -0.000

 ATOM A  97 C    ATOM B     CELL      R(AB)/AU R(AB)/ANG    OVPOP(AB)
                 34 C    (  0  0  0)     2.617     1.385     0.000
                 33 C    (  0  0  0)     2.757     1.459    -0.000
                 68 C    (  0  0  0)     2.796     1.480    -0.000
                 66 C    (  0  0  0)     4.390     2.323     0.000
                  4 C    (  0  0  0)     4.444     2.352    -0.000
                105 C    (  0  0  1)     4.657     2.464    -0.000
 EIGENVECTORS IN FORTRAN UNIT  8
 TTTTTTTTTTTTTTTTTTTTTTTTTTTTTT END         TELAPSE      662.88 TCPU      658.07
 EEEEEEEEEE TERMINATION  DATE 31 01 2026 TIME 00:15:29.6
NODE    0 CPU TIME =       658.071
NODE    1 CPU TIME =       660.681
NODE    2 CPU TIME =       659.653
NODE    3 CPU TIME =       659.658
NODE    4 CPU TIME =       660.068
NODE    5 CPU TIME =       659.895
NODE    6 CPU TIME =       659.832
NODE    7 CPU TIME =       659.820
NODE    8 CPU TIME =       659.954
NODE    9 CPU TIME =       659.675
NODE   10 CPU TIME =       655.176
NODE   11 CPU TIME =       647.227
NODE   12 CPU TIME =       659.662
NODE   13 CPU TIME =       659.604
NODE   14 CPU TIME =       659.913
NODE   15 CPU TIME =       659.968
NODE   16 CPU TIME =       643.725
NODE   17 CPU TIME =       653.706
NODE   18 CPU TIME =       656.329
NODE   19 CPU TIME =       646.646
NODE   20 CPU TIME =       659.740
NODE   21 CPU TIME =       659.783
NODE   22 CPU TIME =       660.020
NODE   23 CPU TIME =       659.954
NODE   24 CPU TIME =       659.933
NODE   25 CPU TIME =       659.704
NODE   26 CPU TIME =       659.792
NODE   27 CPU TIME =       659.430
NODE   28 CPU TIME =       659.772
NODE   29 CPU TIME =       659.555
NODE   30 CPU TIME =       659.709
NODE   31 CPU TIME =       659.558
    TOTAL CPU TIME =     21056.212
