MPI startup(): Warning: I_MPI_PMI_LIBRARY will be ignored since the hydra process manager was found
MPI startup(): Warning: I_MPI_PMI_LIBRARY will be ignored since the hydra process manager was found
MPI startup(): Warning: I_MPI_PMI_LIBRARY will be ignored since the hydra process manager was found
MPI startup(): Warning: I_MPI_PMI_LIBRARY will be ignored since the hydra process manager was found
MPI startup(): Warning: I_MPI_PMI_LIBRARY will be ignored since the hydra process manager was found
MPI startup(): Warning: I_MPI_PMI_LIBRARY will be ignored since the hydra process manager was found
MPI startup(): Warning: I_MPI_PMI_LIBRARY will be ignored since the hydra process manager was found
MPI startup(): Warning: I_MPI_PMI_LIBRARY will be ignored since the hydra process manager was found
MPI startup(): Warning: I_MPI_PMI_LIBRARY will be ignored since the hydra process manager was found
MPI startup(): Warning: I_MPI_PMI_LIBRARY will be ignored since the hydra process manager was found
MPI startup(): Warning: I_MPI_PMI_LIBRARY will be ignored since the hydra process manager was found
MPI startup(): Warning: I_MPI_PMI_LIBRARY will be ignored since the hydra process manager was found
MPI startup(): Warning: I_MPI_PMI_LIBRARY will be ignored since the hydra process manager was found
MPI startup(): Warning: I_MPI_PMI_LIBRARY will be ignored since the hydra process manager was found
MPI startup(): Warning: I_MPI_PMI_LIBRARY will be ignored since the hydra process manager was found
MPI startup(): Warning: I_MPI_PMI_LIBRARY will be ignored since the hydra process manager was found
MPI startup(): Warning: I_MPI_PMI_LIBRARY will be ignored since the hydra process manager was found
MPI startup(): Warning: I_MPI_PMI_LIBRARY will be ignored since the hydra process manager was found
MPI startup(): Warning: I_MPI_PMI_LIBRARY will be ignored since the hydra process manager was found
MPI startup(): Warning: I_MPI_PMI_LIBRARY will be ignored since the hydra process manager was found
MPI startup(): Warning: I_MPI_PMI_LIBRARY will be ignored since the hydra process manager was found
MPI startup(): Warning: I_MPI_PMI_LIBRARY will be ignored since the hydra process manager was found
MPI startup(): Warning: I_MPI_PMI_LIBRARY will be ignored since the hydra process manager was found
MPI startup(): Warning: I_MPI_PMI_LIBRARY will be ignored since the hydra process manager was found
MPI startup(): Warning: I_MPI_PMI_LIBRARY will be ignored since the hydra process manager was found
MPI startup(): Warning: I_MPI_PMI_LIBRARY will be ignored since the hydra process manager was found
MPI startup(): Warning: I_MPI_PMI_LIBRARY will be ignored since the hydra process manager was found
MPI startup(): Warning: I_MPI_PMI_LIBRARY will be ignored since the hydra process manager was found
MPI startup(): Warning: I_MPI_PMI_LIBRARY will be ignored since the hydra process manager was found
MPI startup(): Warning: I_MPI_PMI_LIBRARY will be ignored since the hydra process manager was found
MPI startup(): Warning: I_MPI_PMI_LIBRARY will be ignored since the hydra process manager was found
MPI startup(): Warning: I_MPI_PMI_LIBRARY will be ignored since the hydra process manager was found
 PROCESS            3  OF           32  WORKING
 PROCESS            5  OF           32  WORKING
 PROCESS           19  OF           32  WORKING
 PROCESS           23  OF           32  WORKING
 PROCESS            8  OF           32  WORKING
 PROCESS           13  OF           32  WORKING
 PROCESS            4  OF           32  WORKING
 PROCESS           10  OF           32  WORKING
 PROCESS           20  OF           32  WORKING
 PROCESS           30  OF           32  WORKING
 PROCESS           11  OF           32  WORKING
 PROCESS           14  OF           32  WORKING
 PROCESS           29  OF           32  WORKING
 PROCESS            1  OF           32  WORKING
 PROCESS           21  OF           32  WORKING
 PROCESS           15  OF           32  WORKING
 PROCESS           22  OF           32  WORKING
 PROCESS           26  OF           32  WORKING
 PROCESS           12  OF           32  WORKING
 PROCESS           24  OF           32  WORKING
 PROCESS            7  OF           32  WORKING
 PROCESS            6  OF           32  WORKING
 PROCESS            2  OF           32  WORKING
 PROCESS           17  OF           32  WORKING
 PROCESS           18  OF           32  WORKING
 PROCESS           28  OF           32  WORKING
 PROCESS           31  OF           32  WORKING
 PROCESS           16  OF           32  WORKING
 PROCESS           25  OF           32  WORKING
 PROCESS           27  OF           32  WORKING
 PROCESS            0  OF           32  WORKING

         
 *******************************************************************************
 *                                                                             *
 *                               CRYSTAL23                                     *
 *                      public : 1.0.1 - October 2022                          *
 *                       HTTP://WWW.CRYSTAL.UNITO.IT                           *
 *                                                                             *
 *                              MAIN AUTHORS                                   *
 *                                                                             *
 *  R. DOVESI(1,11), V.R. SAUNDERS(2), C. ROETTI(1,11), R. ORLANDO(1,11),      *
 *  C.M. ZICOVICH-WILSON(1,3), F. PASCALE(4), B. CIVALLERI(1,11),              *
 *  K. DOLL(5), N.M. HARRISON(6), I.J. BUSH(7), Ph. D'ARCO(8),                 *
 *  M. LLUNELL(9), M. CAUSA'(10), Y. NOEL(8), L. MASCHIO(1,11), A. ERBA(1,11)  *
 *  M. RE'RAT(14), S. CASASSA(1,11), B.G. SEARLE(2), J.K. DESMARAIS(1)         *
 *                                                                             *
 *        CONTRIBUTIONS TO THE CODE HAVE ALSO BEEN GIVEN BY                    *
 *                                                                             *
 *  M. FERRABONE(1,11), M. DE LA PIERRE(1,11), M. FERRERO(1,11),               *
 *  J. BAIMA(1,11), E. ALBANESE(1,11), M.F. PEINTINGER(12), R. BAST(13),       *
 *  B. KIRTMAN(15), V. LACIVITA(1,11), R. DEMICHELIS(1,16)                     *
 *  G. BRANDEBURG(17), S. SALUSTRO(1,11), G. SANSONE(1,11)                     *
 *  M.T. RUGGIERO(18), L.E. DAGA(1), L. DONA'(1), A. COSSARD(1)                *
 *                                                                             *
 * (1) THEORETICAL CHEMISTRY GROUP - UNIVERSITA' DI TORINO - TORINO (ITALY)    *
 * (2) SCIENTIFIC COMPUTING DEPARTMENT - STFC DARESBURY (UK)                   *
 * (3) UNIVERSIDAD AUTONOMA DEL ESTADO DE MORELOS - CUERNAVACA (MEXICO)        *
 * (4) UNIVERSITE' DE LORRAINE - NANCY (FRANCE)                                *
 * (5) UNIVERSITAET STUTTGART- STUTTGART (GERMANY)                             *
 * (6) IMPERIAL COLLEGE - LONDON (UK)                                          *
 * (7) SCIENTIFIC COMPUTING DEPARTMENT - STFC RAL (UK)                         *
 * (8) UPMC - SORBONNE UNIVERSITES - PARIS (FRANCE)                            *
 * (9) UNIVERSIDAD DE BARCELONA - BARCELONA (SPAIN)                            *
 *(10) UNIVERSITA' DI NAPOLI "FEDERICO II" - NAPOLI (ITALY)                    *
 *(11) NIS - NANOSTRUCTURED INTERFACES AND SURFACES - TORINO (ITALY)           *
 *(12) MPI FUER CHEMISCHE ENERGIEKONVERSION - MUELHEIM AN DER RUHR (GERMANY)   *
 *(13) UNIVERSITY OF TROMSO - TROMSO (NORWAY)                                  *
 *(14) UNIVERSITE' DE PAU ET DES PAYS DE L'ADOUR - PAU (FRANCE)                *
 *(15) UNIVERSITY OF CALIFORNIA SANTA BARBARA - SANTA BARBARA (USA)            *
 *(16) CURTIN UNIVERSITY - PERTH (AUSTRALIA)                                   *
 *(17) UNIVERSITY COLLEGE LONDON - LONDON (UK)                                 *
 *(18) UNIVERSITY OF VERMONT - BURLINGTON (USA)                                *
 *                                                                             *
 *******************************************************************************
 EEEEEEEEEE STARTING  DATE 30 01 2026 TIME 17:51:10.1
 ./3^6,4T12_rev1_sp_B3LYP-D3-D3_optimized                                        
 PROCESS            9  OF           32  WORKING

 CRYSTAL CALCULATION
 (INPUT ACCORDING TO THE INTERNATIONAL TABLES FOR X-RAY CRYSTALLOGRAPHY)
 CRYSTAL FAMILY                       :  HEXAGONAL   
 CRYSTAL CLASS  (GROTH - 1921)        :  DIHEXAGONAL DIPYRAMIDAL              

 SPACE GROUP (CENTROSYMMETRIC)        :  P 63/M M C      

 LATTICE PARAMETERS  (ANGSTROMS AND DEGREES) - CONVENTIONAL CELL
        A           B           C        ALPHA        BETA       GAMMA
    11.15721    11.15721    18.33323    90.00000    90.00000   120.00000


 NUMBER OF IRREDUCIBLE ATOMS IN THE CONVENTIONAL CELL:    8

 INPUT COORDINATES

 ATOM AT. N.              COORDINATES
   1   6    -4.504102004857E-01 -1.156577386074E-01  6.155703522806E-02
   2   6     1.443413074678E-01 -4.958484671335E-01  1.325354515629E-01
   3   6     2.618900529558E-01 -4.762198940884E-01  1.704482854805E-01
   4   6     4.064221329061E-01 -1.871557341878E-01 -4.527262244347E-02
   5   6     4.631028934992E-01 -7.379421300156E-02  1.372992840558E-02
   6   6     3.333333333333E-01 -3.333333333333E-01  2.079930610433E-01
   7   6     2.161454861072E-01 -2.161454861072E-01  2.542127797700E-02
   8   6     2.615128505780E-01 -2.615128505780E-01 -4.215851927447E-02

 *******************************************************************************

 << INFORMATION >>: FROM NOW ON, ALL COORDINATES REFER TO THE PRIMITIVE CELL

 *******************************************************************************

 LATTICE PARAMETERS  (ANGSTROMS AND DEGREES) - PRIMITIVE CELL
       A          B          C        ALPHA      BETA     GAMMA        VOLUME
   11.15721   11.15721   18.33323    90.00000  90.00000 120.00000   1976.428984

 COORDINATES OF THE EQUIVALENT ATOMS (FRACTIONAL UNITS)

 N. ATOM EQUIV AT. N.          X                  Y                  Z

   1   1   1    6 C    -4.50410200486E-01 -1.15657738607E-01  6.15570352281E-02
   2   1   2    6 C     4.50410200486E-01  1.15657738607E-01 -4.38442964772E-01
   3   1   3    6 C     1.15657738607E-01 -3.34752461878E-01  6.15570352281E-02
   4   1   4    6 C     3.34752461878E-01  4.50410200486E-01  6.15570352281E-02
   5   1   5    6 C    -3.34752461878E-01 -4.50410200486E-01 -4.38442964772E-01
   6   1   6    6 C    -1.15657738607E-01  3.34752461878E-01 -4.38442964772E-01
   7   1   7    6 C    -3.34752461878E-01  1.15657738607E-01 -6.15570352281E-02
   8   1   8    6 C     4.50410200486E-01  3.34752461878E-01 -6.15570352281E-02
   9   1   9    6 C    -1.15657738607E-01 -4.50410200486E-01 -6.15570352281E-02
  10   1  10    6 C     1.15657738607E-01  4.50410200486E-01  4.38442964772E-01
  11   1  11    6 C    -4.50410200486E-01 -3.34752461878E-01  4.38442964772E-01
  12   1  12    6 C     3.34752461878E-01 -1.15657738607E-01  4.38442964772E-01
  13   1  13    6 C     4.50410200486E-01  1.15657738607E-01 -6.15570352281E-02
  14   1  14    6 C    -4.50410200486E-01 -1.15657738607E-01  4.38442964772E-01
  15   1  15    6 C    -1.15657738607E-01  3.34752461878E-01 -6.15570352281E-02
  16   1  16    6 C    -3.34752461878E-01 -4.50410200486E-01 -6.15570352281E-02
  17   1  17    6 C     3.34752461878E-01  4.50410200486E-01  4.38442964772E-01
  18   1  18    6 C     1.15657738607E-01 -3.34752461878E-01  4.38442964772E-01
  19   1  19    6 C     3.34752461878E-01 -1.15657738607E-01  6.15570352281E-02
  20   1  20    6 C    -4.50410200486E-01 -3.34752461878E-01  6.15570352281E-02
  21   1  21    6 C     1.15657738607E-01  4.50410200486E-01  6.15570352281E-02
  22   1  22    6 C    -1.15657738607E-01 -4.50410200486E-01 -4.38442964772E-01
  23   1  23    6 C     4.50410200486E-01  3.34752461878E-01 -4.38442964772E-01
  24   1  24    6 C    -3.34752461878E-01  1.15657738607E-01 -4.38442964772E-01

  25   2   1    6 C     1.44341307468E-01 -4.95848467134E-01  1.32535451563E-01
  26   2   2    6 C    -1.44341307468E-01  4.95848467134E-01 -3.67464548437E-01
  27   2   3    6 C     4.95848467134E-01 -3.59810225399E-01  1.32535451563E-01
  28   2   4    6 C     3.59810225399E-01 -1.44341307468E-01  1.32535451563E-01
  29   2   5    6 C    -3.59810225399E-01  1.44341307468E-01 -3.67464548437E-01
  30   2   6    6 C    -4.95848467134E-01  3.59810225399E-01 -3.67464548437E-01
  31   2   7    6 C    -3.59810225399E-01  4.95848467134E-01 -1.32535451563E-01
  32   2   8    6 C    -1.44341307468E-01  3.59810225399E-01 -1.32535451563E-01
  33   2   9    6 C    -4.95848467134E-01  1.44341307468E-01 -1.32535451563E-01
  34   2  10    6 C     4.95848467134E-01 -1.44341307468E-01  3.67464548437E-01
  35   2  11    6 C     1.44341307468E-01 -3.59810225399E-01  3.67464548437E-01
  36   2  12    6 C     3.59810225399E-01 -4.95848467134E-01  3.67464548437E-01
  37   2  13    6 C    -1.44341307468E-01  4.95848467134E-01 -1.32535451563E-01
  38   2  14    6 C     1.44341307468E-01 -4.95848467134E-01  3.67464548437E-01
  39   2  15    6 C    -4.95848467134E-01  3.59810225399E-01 -1.32535451563E-01
  40   2  16    6 C    -3.59810225399E-01  1.44341307468E-01 -1.32535451563E-01
  41   2  17    6 C     3.59810225399E-01 -1.44341307468E-01  3.67464548437E-01
  42   2  18    6 C     4.95848467134E-01 -3.59810225399E-01  3.67464548437E-01
  43   2  19    6 C     3.59810225399E-01 -4.95848467134E-01  1.32535451563E-01
  44   2  20    6 C     1.44341307468E-01 -3.59810225399E-01  1.32535451563E-01
  45   2  21    6 C     4.95848467134E-01 -1.44341307468E-01  1.32535451563E-01
  46   2  22    6 C    -4.95848467134E-01  1.44341307468E-01 -3.67464548437E-01
  47   2  23    6 C    -1.44341307468E-01  3.59810225399E-01 -3.67464548437E-01
  48   2  24    6 C    -3.59810225399E-01  4.95848467134E-01 -3.67464548437E-01

  49   3   1    6 C     2.61890052956E-01 -4.76219894088E-01  1.70448285481E-01
  50   3   2    6 C    -2.61890052956E-01  4.76219894088E-01 -3.29551714519E-01
  51   3   3    6 C     4.76219894088E-01 -2.61890052956E-01  1.70448285481E-01
  52   3   4    6 C     2.61890052956E-01 -2.61890052956E-01  1.70448285481E-01
  53   3   5    6 C    -2.61890052956E-01  2.61890052956E-01 -3.29551714519E-01
  54   3   6    6 C    -4.76219894088E-01  2.61890052956E-01 -3.29551714519E-01
  55   3   7    6 C    -2.61890052956E-01  4.76219894088E-01 -1.70448285481E-01
  56   3   8    6 C    -2.61890052956E-01  2.61890052956E-01 -1.70448285481E-01
  57   3   9    6 C    -4.76219894088E-01  2.61890052956E-01 -1.70448285481E-01
  58   3  10    6 C     4.76219894088E-01 -2.61890052956E-01  3.29551714519E-01
  59   3  11    6 C     2.61890052956E-01 -2.61890052956E-01  3.29551714519E-01
  60   3  12    6 C     2.61890052956E-01 -4.76219894088E-01  3.29551714519E-01

  61   4   1    6 C     4.06422132906E-01 -1.87155734188E-01 -4.52726224435E-02
  62   4   2    6 C    -4.06422132906E-01  1.87155734188E-01  4.54727377557E-01
  63   4   3    6 C     1.87155734188E-01 -4.06422132906E-01 -4.52726224435E-02
  64   4   4    6 C     4.06422132906E-01 -4.06422132906E-01 -4.52726224435E-02
  65   4   5    6 C    -4.06422132906E-01  4.06422132906E-01  4.54727377557E-01
  66   4   6    6 C    -1.87155734188E-01  4.06422132906E-01  4.54727377557E-01
  67   4   7    6 C    -4.06422132906E-01  1.87155734188E-01  4.52726224435E-02
  68   4   8    6 C    -4.06422132906E-01  4.06422132906E-01  4.52726224435E-02
  69   4   9    6 C    -1.87155734188E-01  4.06422132906E-01  4.52726224435E-02
  70   4  10    6 C     1.87155734188E-01 -4.06422132906E-01 -4.54727377557E-01
  71   4  11    6 C     4.06422132906E-01 -4.06422132906E-01 -4.54727377557E-01
  72   4  12    6 C     4.06422132906E-01 -1.87155734188E-01 -4.54727377557E-01

  73   5   1    6 C     4.63102893499E-01 -7.37942130016E-02  1.37299284056E-02
  74   5   2    6 C    -4.63102893499E-01  7.37942130016E-02 -4.86270071594E-01
  75   5   3    6 C     7.37942130016E-02 -4.63102893499E-01  1.37299284056E-02
  76   5   4    6 C     4.63102893499E-01 -4.63102893499E-01  1.37299284056E-02
  77   5   5    6 C    -4.63102893499E-01  4.63102893499E-01 -4.86270071594E-01
  78   5   6    6 C    -7.37942130016E-02  4.63102893499E-01 -4.86270071594E-01
  79   5   7    6 C    -4.63102893499E-01  7.37942130016E-02 -1.37299284056E-02
  80   5   8    6 C    -4.63102893499E-01  4.63102893499E-01 -1.37299284056E-02
  81   5   9    6 C    -7.37942130016E-02  4.63102893499E-01 -1.37299284056E-02
  82   5  10    6 C     7.37942130016E-02 -4.63102893499E-01  4.86270071594E-01
  83   5  11    6 C     4.63102893499E-01 -4.63102893499E-01  4.86270071594E-01
  84   5  12    6 C     4.63102893499E-01 -7.37942130016E-02  4.86270071594E-01

  85   6   1    6 C     3.33333333333E-01 -3.33333333333E-01  2.07993061043E-01
  86   6   2    6 C    -3.33333333333E-01  3.33333333333E-01 -2.92006938957E-01
  87   6   3    6 C    -3.33333333333E-01  3.33333333333E-01 -2.07993061043E-01
  88   6   4    6 C     3.33333333333E-01 -3.33333333333E-01  2.92006938957E-01

  89   7   1    6 C     2.16145486107E-01 -2.16145486107E-01  2.54212779770E-02
  90   7   2    6 C    -2.16145486107E-01  2.16145486107E-01 -4.74578722023E-01
  91   7   3    6 C     2.16145486107E-01  4.32290972214E-01  2.54212779770E-02
  92   7   4    6 C    -4.32290972214E-01 -2.16145486107E-01  2.54212779770E-02
  93   7   5    6 C     4.32290972214E-01  2.16145486107E-01 -4.74578722023E-01
  94   7   6    6 C    -2.16145486107E-01 -4.32290972214E-01 -4.74578722023E-01
  95   7   7    6 C     4.32290972214E-01  2.16145486107E-01 -2.54212779770E-02
  96   7   8    6 C    -2.16145486107E-01 -4.32290972214E-01 -2.54212779770E-02
  97   7   9    6 C    -2.16145486107E-01  2.16145486107E-01 -2.54212779770E-02
  98   7  10    6 C     2.16145486107E-01 -2.16145486107E-01  4.74578722023E-01
  99   7  11    6 C     2.16145486107E-01  4.32290972214E-01  4.74578722023E-01
 100   7  12    6 C    -4.32290972214E-01 -2.16145486107E-01  4.74578722023E-01

 101   8   1    6 C     2.61512850578E-01 -2.61512850578E-01 -4.21585192745E-02
 102   8   2    6 C    -2.61512850578E-01  2.61512850578E-01  4.57841480726E-01
 103   8   3    6 C     2.61512850578E-01 -4.76974298844E-01 -4.21585192745E-02
 104   8   4    6 C     4.76974298844E-01 -2.61512850578E-01 -4.21585192745E-02
 105   8   5    6 C    -4.76974298844E-01  2.61512850578E-01  4.57841480726E-01
 106   8   6    6 C    -2.61512850578E-01  4.76974298844E-01  4.57841480726E-01
 107   8   7    6 C    -4.76974298844E-01  2.61512850578E-01  4.21585192745E-02
 108   8   8    6 C    -2.61512850578E-01  4.76974298844E-01  4.21585192745E-02
 109   8   9    6 C    -2.61512850578E-01  2.61512850578E-01  4.21585192745E-02
 110   8  10    6 C     2.61512850578E-01 -2.61512850578E-01 -4.57841480726E-01
 111   8  11    6 C     2.61512850578E-01 -4.76974298844E-01 -4.57841480726E-01
 112   8  12    6 C     4.76974298844E-01 -2.61512850578E-01 -4.57841480726E-01

 NUMBER OF SYMMETRY OPERATORS         :   24
 *******************************************************************************
 * GEOMETRY EDITING - INPUT COORDINATES ARE GIVEN IN ANGSTROM         
 *******************************************************************************

 GEOMETRY NOW FULLY CONSISTENT WITH THE GROUP

 GCALCO - MAX INDICES DIRECT LATTICE VECTOR    18    18     9
 NO.OF VECTORS CREATED 6999 STARS  371 RMAX   281.05958 BOHR

 GEOMETRY FOR WAVE FUNCTION - DIMENSIONALITY OF THE SYSTEM    3
 (NON PERIODIC DIRECTION: LATTICE PARAMETER FORMALLY SET TO 500)
 *******************************************************************************
 LATTICE PARAMETERS (ANGSTROMS AND DEGREES) - BOHR = 0.5291772083 ANGSTROM
 PRIMITIVE CELL - CENTRING CODE 1/0 VOLUME=  1976.428984 - DENSITY  1.129 g/cm^3
         A              B              C           ALPHA      BETA       GAMMA 
    11.15721451    11.15721451    18.33323125    90.000000  90.000000 120.000000
 *******************************************************************************
 ATOMS IN THE ASYMMETRIC UNIT    8 - ATOMS IN THE UNIT CELL:  112
     ATOM                 X/A                 Y/B                 Z/C    
 *******************************************************************************
      1 T   6 C    -4.504102004857E-01 -1.156577386074E-01  6.155703522806E-02
      2 F   6 C     4.504102004857E-01  1.156577386074E-01 -4.384429647719E-01
      3 F   6 C     1.156577386074E-01 -3.347524618783E-01  6.155703522806E-02
      4 F   6 C     3.347524618783E-01  4.504102004857E-01  6.155703522806E-02
      5 F   6 C    -3.347524618783E-01 -4.504102004857E-01 -4.384429647719E-01
      6 F   6 C    -1.156577386074E-01  3.347524618783E-01 -4.384429647719E-01
      7 F   6 C    -3.347524618783E-01  1.156577386074E-01 -6.155703522806E-02
      8 F   6 C     4.504102004857E-01  3.347524618783E-01 -6.155703522806E-02
      9 F   6 C    -1.156577386074E-01 -4.504102004857E-01 -6.155703522806E-02
     10 F   6 C     1.156577386074E-01  4.504102004857E-01  4.384429647719E-01
     11 F   6 C    -4.504102004857E-01 -3.347524618783E-01  4.384429647719E-01
     12 F   6 C     3.347524618783E-01 -1.156577386074E-01  4.384429647719E-01
     13 F   6 C     4.504102004857E-01  1.156577386074E-01 -6.155703522806E-02
     14 F   6 C    -4.504102004857E-01 -1.156577386074E-01  4.384429647719E-01
     15 F   6 C    -1.156577386074E-01  3.347524618783E-01 -6.155703522806E-02
     16 F   6 C    -3.347524618783E-01 -4.504102004857E-01 -6.155703522806E-02
     17 F   6 C     3.347524618783E-01  4.504102004857E-01  4.384429647719E-01
     18 F   6 C     1.156577386074E-01 -3.347524618783E-01  4.384429647719E-01
     19 F   6 C     3.347524618783E-01 -1.156577386074E-01  6.155703522806E-02
     20 F   6 C    -4.504102004857E-01 -3.347524618783E-01  6.155703522806E-02
     21 F   6 C     1.156577386074E-01  4.504102004857E-01  6.155703522806E-02
     22 F   6 C    -1.156577386074E-01 -4.504102004857E-01 -4.384429647719E-01
     23 F   6 C     4.504102004857E-01  3.347524618783E-01 -4.384429647719E-01
     24 F   6 C    -3.347524618783E-01  1.156577386074E-01 -4.384429647719E-01
     25 T   6 C     1.443413074678E-01 -4.958484671335E-01  1.325354515629E-01
     26 F   6 C    -1.443413074678E-01  4.958484671335E-01 -3.674645484371E-01
     27 F   6 C     4.958484671335E-01 -3.598102253987E-01  1.325354515629E-01
     28 F   6 C     3.598102253987E-01 -1.443413074678E-01  1.325354515629E-01
     29 F   6 C    -3.598102253987E-01  1.443413074678E-01 -3.674645484371E-01
     30 F   6 C    -4.958484671335E-01  3.598102253987E-01 -3.674645484371E-01
     31 F   6 C    -3.598102253987E-01  4.958484671335E-01 -1.325354515629E-01
     32 F   6 C    -1.443413074678E-01  3.598102253987E-01 -1.325354515629E-01
     33 F   6 C    -4.958484671335E-01  1.443413074678E-01 -1.325354515629E-01
     34 F   6 C     4.958484671335E-01 -1.443413074678E-01  3.674645484371E-01
     35 F   6 C     1.443413074678E-01 -3.598102253987E-01  3.674645484371E-01
     36 F   6 C     3.598102253987E-01 -4.958484671335E-01  3.674645484371E-01
     37 F   6 C    -1.443413074678E-01  4.958484671335E-01 -1.325354515629E-01
     38 F   6 C     1.443413074678E-01 -4.958484671335E-01  3.674645484371E-01
     39 F   6 C    -4.958484671335E-01  3.598102253987E-01 -1.325354515629E-01
     40 F   6 C    -3.598102253987E-01  1.443413074678E-01 -1.325354515629E-01
     41 F   6 C     3.598102253987E-01 -1.443413074678E-01  3.674645484371E-01
     42 F   6 C     4.958484671335E-01 -3.598102253987E-01  3.674645484371E-01
     43 F   6 C     3.598102253987E-01 -4.958484671335E-01  1.325354515629E-01
     44 F   6 C     1.443413074678E-01 -3.598102253987E-01  1.325354515629E-01
     45 F   6 C     4.958484671335E-01 -1.443413074678E-01  1.325354515629E-01
     46 F   6 C    -4.958484671335E-01  1.443413074678E-01 -3.674645484371E-01
     47 F   6 C    -1.443413074678E-01  3.598102253987E-01 -3.674645484371E-01
     48 F   6 C    -3.598102253987E-01  4.958484671335E-01 -3.674645484371E-01
     49 T   6 C     2.618900529558E-01 -4.762198940884E-01  1.704482854805E-01
     50 F   6 C    -2.618900529558E-01  4.762198940884E-01 -3.295517145195E-01
     51 F   6 C     4.762198940884E-01 -2.618900529558E-01  1.704482854805E-01
     52 F   6 C     2.618900529558E-01 -2.618900529558E-01  1.704482854805E-01
     53 F   6 C    -2.618900529558E-01  2.618900529558E-01 -3.295517145195E-01
     54 F   6 C    -4.762198940884E-01  2.618900529558E-01 -3.295517145195E-01
     55 F   6 C    -2.618900529558E-01  4.762198940884E-01 -1.704482854805E-01
     56 F   6 C    -2.618900529558E-01  2.618900529558E-01 -1.704482854805E-01
     57 F   6 C    -4.762198940884E-01  2.618900529558E-01 -1.704482854805E-01
     58 F   6 C     4.762198940884E-01 -2.618900529558E-01  3.295517145195E-01
     59 F   6 C     2.618900529558E-01 -2.618900529558E-01  3.295517145195E-01
     60 F   6 C     2.618900529558E-01 -4.762198940884E-01  3.295517145195E-01
     61 T   6 C     4.064221329061E-01 -1.871557341878E-01 -4.527262244347E-02
     62 F   6 C    -4.064221329061E-01  1.871557341878E-01  4.547273775565E-01
     63 F   6 C     1.871557341878E-01 -4.064221329061E-01 -4.527262244347E-02
     64 F   6 C     4.064221329061E-01 -4.064221329061E-01 -4.527262244347E-02
     65 F   6 C    -4.064221329061E-01  4.064221329061E-01  4.547273775565E-01
     66 F   6 C    -1.871557341878E-01  4.064221329061E-01  4.547273775565E-01
     67 F   6 C    -4.064221329061E-01  1.871557341878E-01  4.527262244347E-02
     68 F   6 C    -4.064221329061E-01  4.064221329061E-01  4.527262244347E-02
     69 F   6 C    -1.871557341878E-01  4.064221329061E-01  4.527262244347E-02
     70 F   6 C     1.871557341878E-01 -4.064221329061E-01 -4.547273775565E-01
     71 F   6 C     4.064221329061E-01 -4.064221329061E-01 -4.547273775565E-01
     72 F   6 C     4.064221329061E-01 -1.871557341878E-01 -4.547273775565E-01
     73 T   6 C     4.631028934992E-01 -7.379421300156E-02  1.372992840558E-02
     74 F   6 C    -4.631028934992E-01  7.379421300156E-02 -4.862700715944E-01
     75 F   6 C     7.379421300156E-02 -4.631028934992E-01  1.372992840558E-02
     76 F   6 C     4.631028934992E-01 -4.631028934992E-01  1.372992840558E-02
     77 F   6 C    -4.631028934992E-01  4.631028934992E-01 -4.862700715944E-01
     78 F   6 C    -7.379421300156E-02  4.631028934992E-01 -4.862700715944E-01
     79 F   6 C    -4.631028934992E-01  7.379421300156E-02 -1.372992840558E-02
     80 F   6 C    -4.631028934992E-01  4.631028934992E-01 -1.372992840558E-02
     81 F   6 C    -7.379421300156E-02  4.631028934992E-01 -1.372992840558E-02
     82 F   6 C     7.379421300156E-02 -4.631028934992E-01  4.862700715944E-01
     83 F   6 C     4.631028934992E-01 -4.631028934992E-01  4.862700715944E-01
     84 F   6 C     4.631028934992E-01 -7.379421300156E-02  4.862700715944E-01
     85 T   6 C     3.333333333333E-01 -3.333333333333E-01  2.079930610433E-01
     86 F   6 C    -3.333333333333E-01  3.333333333333E-01 -2.920069389567E-01
     87 F   6 C    -3.333333333333E-01  3.333333333333E-01 -2.079930610433E-01
     88 F   6 C     3.333333333333E-01 -3.333333333333E-01  2.920069389567E-01
     89 T   6 C     2.161454861072E-01 -2.161454861072E-01  2.542127797700E-02
     90 F   6 C    -2.161454861072E-01  2.161454861072E-01 -4.745787220230E-01
     91 F   6 C     2.161454861072E-01  4.322909722144E-01  2.542127797700E-02
     92 F   6 C    -4.322909722144E-01 -2.161454861072E-01  2.542127797700E-02
     93 F   6 C     4.322909722144E-01  2.161454861072E-01 -4.745787220230E-01
     94 F   6 C    -2.161454861072E-01 -4.322909722144E-01 -4.745787220230E-01
     95 F   6 C     4.322909722144E-01  2.161454861072E-01 -2.542127797700E-02
     96 F   6 C    -2.161454861072E-01 -4.322909722144E-01 -2.542127797700E-02
     97 F   6 C    -2.161454861072E-01  2.161454861072E-01 -2.542127797700E-02
     98 F   6 C     2.161454861072E-01 -2.161454861072E-01  4.745787220230E-01
     99 F   6 C     2.161454861072E-01  4.322909722144E-01  4.745787220230E-01
    100 F   6 C    -4.322909722144E-01 -2.161454861072E-01  4.745787220230E-01
    101 T   6 C     2.615128505780E-01 -2.615128505780E-01 -4.215851927447E-02
    102 F   6 C    -2.615128505780E-01  2.615128505780E-01  4.578414807255E-01
    103 F   6 C     2.615128505780E-01 -4.769742988440E-01 -4.215851927447E-02
    104 F   6 C     4.769742988440E-01 -2.615128505780E-01 -4.215851927447E-02
    105 F   6 C    -4.769742988440E-01  2.615128505780E-01  4.578414807255E-01
    106 F   6 C    -2.615128505780E-01  4.769742988440E-01  4.578414807255E-01
    107 F   6 C    -4.769742988440E-01  2.615128505780E-01  4.215851927447E-02
    108 F   6 C    -2.615128505780E-01  4.769742988440E-01  4.215851927447E-02
    109 F   6 C    -2.615128505780E-01  2.615128505780E-01  4.215851927447E-02
    110 F   6 C     2.615128505780E-01 -2.615128505780E-01 -4.578414807255E-01
    111 F   6 C     2.615128505780E-01 -4.769742988440E-01 -4.578414807255E-01
    112 F   6 C     4.769742988440E-01 -2.615128505780E-01 -4.578414807255E-01

 T = ATOM BELONGING TO THE ASYMMETRIC UNIT

 ****   24 SYMMOPS - TRANSLATORS IN FRACTIONAL UNITS
 **** MATRICES AND TRANSLATORS IN THE CRYSTALLOGRAPHIC REFERENCE FRAME
   V INV                    ROTATION MATRICES                   TRANSLATORS
   1   1  1.00  0.00  0.00  0.00  1.00  0.00  0.00  0.00  1.00  0.00  0.00  0.00
   2   2 -1.00  0.00  0.00 -0.00 -1.00  0.00  0.00  0.00  1.00  0.00  0.00  0.50
   3   4 -0.00 -1.00  0.00  1.00 -1.00  0.00  0.00  0.00  1.00  0.00  0.00  0.00
   4   3 -1.00  1.00  0.00 -1.00  0.00  0.00  0.00  0.00  1.00  0.00  0.00  0.00
   5   6  1.00 -1.00  0.00  1.00 -0.00  0.00  0.00  0.00  1.00  0.00  0.00  0.50
   6   5  0.00  1.00  0.00 -1.00  1.00  0.00  0.00  0.00  1.00  0.00  0.00  0.50
   7   7  1.00 -1.00  0.00  0.00 -1.00  0.00  0.00  0.00 -1.00  0.00  0.00  0.00
   8   8 -1.00  0.00  0.00 -1.00  1.00  0.00  0.00  0.00 -1.00  0.00  0.00  0.00
   9   9  0.00  1.00  0.00  1.00  0.00  0.00  0.00  0.00 -1.00  0.00  0.00  0.00
  10  10 -0.00 -1.00  0.00 -1.00 -0.00  0.00  0.00  0.00 -1.00  0.00  0.00  0.50
  11  11  1.00  0.00  0.00  1.00 -1.00  0.00  0.00  0.00 -1.00  0.00  0.00  0.50
  12  12 -1.00  1.00  0.00 -0.00  1.00  0.00  0.00  0.00 -1.00  0.00  0.00  0.50
  13  13 -1.00  0.00  0.00 -0.00 -1.00  0.00  0.00  0.00 -1.00  0.00  0.00  0.00
  14  14  1.00  0.00  0.00  0.00  1.00  0.00  0.00  0.00 -1.00  0.00  0.00  0.50
  15  16  0.00  1.00  0.00 -1.00  1.00  0.00  0.00  0.00 -1.00  0.00  0.00  0.00
  16  15  1.00 -1.00  0.00  1.00 -0.00  0.00  0.00  0.00 -1.00  0.00  0.00  0.00
  17  18 -1.00  1.00  0.00 -1.00  0.00  0.00  0.00  0.00 -1.00  0.00  0.00  0.50
  18  17 -0.00 -1.00  0.00  1.00 -1.00  0.00  0.00  0.00 -1.00  0.00  0.00  0.50
  19  19 -1.00  1.00  0.00 -0.00  1.00  0.00  0.00  0.00  1.00  0.00  0.00  0.00
  20  20  1.00  0.00  0.00  1.00 -1.00  0.00  0.00  0.00  1.00  0.00  0.00  0.00
  21  21 -0.00 -1.00  0.00 -1.00 -0.00  0.00  0.00  0.00  1.00  0.00  0.00  0.00
  22  22  0.00  1.00  0.00  1.00  0.00  0.00  0.00  0.00  1.00  0.00  0.00  0.50
  23  23 -1.00  0.00  0.00 -1.00  1.00  0.00  0.00  0.00  1.00  0.00  0.00  0.50
  24  24  1.00 -1.00  0.00  0.00 -1.00  0.00  0.00  0.00  1.00  0.00  0.00  0.50

 DIRECT LATTICE VECTORS CARTESIAN COMPONENTS (ANGSTROM)
          X                    Y                    Z
   0.966243120113E+01  -0.557860725500E+01   0.000000000000E+00
   0.000000000000E+00   0.111572145100E+02   0.000000000000E+00
   0.000000000000E+00   0.000000000000E+00   0.183332312500E+02


 CARTESIAN COORDINATES - PRIMITIVE CELL
 *******************************************************************************
 *      ATOM          X(ANGSTROM)         Y(ANGSTROM)         Z(ANGSTROM)
 *******************************************************************************
    1     6 C    -4.352057574481E+00  1.222243412771E+00  1.128539361900E+00
    2     6 C     4.352057574481E+00 -1.222243412771E+00 -8.038076263100E+00
    3     6 C     1.117534942173E+00 -4.380114124619E+00  1.128539361900E+00
    4     6 C     3.234522632309E+00  3.157870711848E+00  1.128539361900E+00
    5     6 C    -3.234522632309E+00 -3.157870711848E+00 -8.038076263100E+00
    6     6 C    -1.117534942173E+00  4.380114124619E+00 -8.038076263100E+00
    7     6 C    -3.234522632309E+00  3.157870711848E+00 -1.128539361900E+00
    8     6 C     4.352057574481E+00  1.222243412771E+00 -1.128539361900E+00
    9     6 C    -1.117534942173E+00 -4.380114124619E+00 -1.128539361900E+00
   10     6 C     1.117534942173E+00  4.380114124619E+00  8.038076263100E+00
   11     6 C    -4.352057574481E+00 -1.222243412771E+00  8.038076263100E+00
   12     6 C     3.234522632309E+00 -3.157870711848E+00  8.038076263100E+00
   13     6 C     4.352057574481E+00 -1.222243412771E+00 -1.128539361900E+00
   14     6 C    -4.352057574481E+00  1.222243412771E+00  8.038076263100E+00
   15     6 C    -1.117534942173E+00  4.380114124619E+00 -1.128539361900E+00
   16     6 C    -3.234522632309E+00 -3.157870711848E+00 -1.128539361900E+00
   17     6 C     3.234522632309E+00  3.157870711848E+00  8.038076263100E+00
   18     6 C     1.117534942173E+00 -4.380114124619E+00  8.038076263100E+00
   19     6 C     3.234522632309E+00 -3.157870711848E+00  1.128539361900E+00
   20     6 C    -4.352057574481E+00 -1.222243412771E+00  1.128539361900E+00
   21     6 C     1.117534942173E+00  4.380114124619E+00  1.128539361900E+00
   22     6 C    -1.117534942173E+00 -4.380114124619E+00 -8.038076263100E+00
   23     6 C     4.352057574481E+00  1.222243412771E+00 -8.038076263100E+00
   24     6 C    -3.234522632309E+00  3.157870711848E+00 -8.038076263100E+00
   25     6 C     1.394687952889E+00  4.819703332701E+00  2.429803082326E+00
   26     6 C    -1.394687952889E+00 -4.819703332701E+00 -6.736812542674E+00
   27     6 C    -4.871329501268E+00 -1.202016468796E+00  2.429803082326E+00
   28     6 C     3.476641548379E+00 -3.617686863904E+00  2.429803082326E+00
   29     6 C    -3.476641548379E+00  3.617686863904E+00 -6.736812542674E+00
   30     6 C     4.871329501268E+00  1.202016468796E+00 -6.736812542674E+00
   31     6 C    -3.476641548379E+00 -3.617686863904E+00 -2.429803082326E+00
   32     6 C    -1.394687952889E+00  4.819703332701E+00 -2.429803082326E+00
   33     6 C     4.871329501268E+00 -1.202016468796E+00 -2.429803082326E+00
   34     6 C    -4.871329501268E+00  1.202016468796E+00  6.736812542674E+00
   35     6 C     1.394687952889E+00 -4.819703332701E+00  6.736812542674E+00
   36     6 C     3.476641548379E+00  3.617686863904E+00  6.736812542674E+00
   37     6 C    -1.394687952889E+00 -4.819703332701E+00 -2.429803082326E+00
   38     6 C     1.394687952889E+00  4.819703332701E+00  6.736812542674E+00
   39     6 C     4.871329501268E+00  1.202016468796E+00 -2.429803082326E+00
   40     6 C    -3.476641548379E+00  3.617686863904E+00 -2.429803082326E+00
   41     6 C     3.476641548379E+00 -3.617686863904E+00  6.736812542674E+00
   42     6 C    -4.871329501268E+00 -1.202016468796E+00  6.736812542674E+00
   43     6 C     3.476641548379E+00  3.617686863904E+00  2.429803082326E+00
   44     6 C     1.394687952889E+00 -4.819703332701E+00  2.429803082326E+00
   45     6 C    -4.871329501268E+00  1.202016468796E+00  2.429803082326E+00
   46     6 C     4.871329501268E+00 -1.202016468796E+00 -6.736812542674E+00
   47     6 C    -1.394687952889E+00  4.819703332701E+00 -6.736812542674E+00
   48     6 C    -3.476641548379E+00 -3.617686863904E+00 -6.736812542674E+00
   49     6 C     2.530494618946E+00  4.382945248295E+00  3.124867833880E+00
   50     6 C    -2.530494618946E+00 -4.382945248295E+00 -6.041747791120E+00
   51     6 C    -5.060989237893E+00 -4.347885394876E-16  3.124867833880E+00
   52     6 C     2.530494618946E+00 -4.382945248295E+00  3.124867833880E+00
   53     6 C    -2.530494618946E+00  4.382945248295E+00 -6.041747791120E+00
   54     6 C     5.060989237893E+00  4.347885394876E-16 -6.041747791120E+00
   55     6 C    -2.530494618946E+00 -4.382945248295E+00 -3.124867833880E+00
   56     6 C    -2.530494618946E+00  4.382945248295E+00 -3.124867833880E+00
   57     6 C     5.060989237893E+00 -1.845612824966E-16 -3.124867833880E+00
   58     6 C    -5.060989237893E+00  1.845612824966E-16  6.041747791120E+00
   59     6 C     2.530494618946E+00 -4.382945248295E+00  6.041747791120E+00
   60     6 C     2.530494618946E+00  4.382945248295E+00  6.041747791120E+00
   61     6 C    -5.735405303310E+00  1.223201122668E+00 -8.299934565501E-01
   62     6 C    -3.927025897823E+00  4.355406132332E+00  8.336622168450E+00
   63     6 C     1.808379405487E+00 -5.578607255000E+00 -8.299934565501E-01
   64     6 C    -5.735405303310E+00 -1.223201122668E+00 -8.299934565501E-01
   65     6 C    -3.927025897823E+00 -4.355406132332E+00  8.336622168450E+00
   66     6 C    -1.808379405487E+00 -5.578607255000E+00  8.336622168450E+00
   67     6 C    -3.927025897823E+00  4.355406132332E+00  8.299934565501E-01
   68     6 C    -3.927025897823E+00 -4.355406132332E+00  8.299934565501E-01
   69     6 C    -1.808379405487E+00 -5.578607255000E+00  8.299934565501E-01
   70     6 C     1.808379405487E+00 -5.578607255000E+00 -8.336622168450E+00
   71     6 C    -5.735405303310E+00 -1.223201122668E+00 -8.336622168450E+00
   72     6 C    -5.735405303310E+00  1.223201122668E+00 -8.336622168450E+00
   73     6 C    -5.187731353651E+00  2.171800229459E+00  2.517139525054E-01
   74     6 C    -4.474699847482E+00  3.406807025541E+00 -8.914901672495E+00
   75     6 C     7.130315061693E-01 -5.578607255000E+00  2.517139525054E-01
   76     6 C    -5.187731353651E+00 -2.171800229459E+00  2.517139525054E-01
   77     6 C    -4.474699847482E+00 -3.406807025541E+00 -8.914901672495E+00
   78     6 C    -7.130315061693E-01 -5.578607255000E+00 -8.914901672495E+00
   79     6 C    -4.474699847482E+00  3.406807025541E+00 -2.517139525054E-01
   80     6 C    -4.474699847482E+00 -3.406807025541E+00 -2.517139525054E-01
   81     6 C    -7.130315061693E-01 -5.578607255000E+00 -2.517139525054E-01
   82     6 C     7.130315061693E-01 -5.578607255000E+00  8.914901672495E+00
   83     6 C    -5.187731353651E+00 -2.171800229459E+00  8.914901672495E+00
   84     6 C    -5.187731353651E+00  2.171800229459E+00  8.914901672495E+00
   85     6 C    -6.441620800755E+00 -7.482013728799E-16  3.813184886502E+00
   86     6 C    -3.220810400377E+00 -5.578607255000E+00 -5.353430738498E+00
   87     6 C    -3.220810400377E+00 -5.578607255000E+00 -3.813184886502E+00
   88     6 C    -6.441620800755E+00 -1.288515508957E-16  5.353430738498E+00
   89     6 C     2.088490888946E+00 -3.617372330799E+00  4.660541678229E-01
   90     6 C    -2.088490888946E+00  3.617372330799E+00 -8.700561457177E+00
   91     6 C     2.088490888946E+00  3.617372330799E+00  4.660541678229E-01
   92     6 C    -4.176981777892E+00 -2.613141843104E-16  4.660541678229E-01
   93     6 C     4.176981777892E+00  2.613141843104E-16 -8.700561457177E+00
   94     6 C    -2.088490888946E+00 -3.617372330799E+00 -8.700561457177E+00
   95     6 C     4.176981777892E+00  5.709890953025E-16 -4.660541678229E-01
   96     6 C    -2.088490888946E+00 -3.617372330799E+00 -4.660541678229E-01
   97     6 C    -2.088490888946E+00  3.617372330799E+00 -4.660541678229E-01
   98     6 C     2.088490888946E+00 -3.617372330799E+00  8.700561457177E+00
   99     6 C     2.088490888946E+00  3.617372330799E+00  8.700561457177E+00
  100     6 C    -4.176981777892E+00 -5.709890953025E-16  8.700561457177E+00
  101     6 C     2.526849926922E+00 -4.376632456530E+00 -7.729018830164E-01
  102     6 C    -2.526849926922E+00  4.376632456530E+00  8.393713741984E+00
  103     6 C     2.526849926922E+00  4.376632456530E+00 -7.729018830164E-01
  104     6 C    -5.053699853844E+00  3.866914383395E-18 -7.729018830164E-01
  105     6 C     5.053699853844E+00 -3.866914383395E-18  8.393713741984E+00
  106     6 C    -2.526849926922E+00 -4.376632456530E+00  8.393713741984E+00
  107     6 C     5.053699853844E+00  6.154829076008E-16  7.729018830164E-01
  108     6 C    -2.526849926922E+00 -4.376632456530E+00  7.729018830164E-01
  109     6 C    -2.526849926922E+00  4.376632456530E+00  7.729018830164E-01
  110     6 C     2.526849926922E+00 -4.376632456530E+00 -8.393713741984E+00
  111     6 C     2.526849926922E+00  4.376632456530E+00 -8.393713741984E+00
  112     6 C    -5.053699853844E+00 -6.154829076008E-16 -8.393713741984E+00

 *******************************************************************************
 LOCAL ATOMIC FUNCTIONS BASIS SET
 *******************************************************************************
   ATOM   X(AU)   Y(AU)   Z(AU)  N. TYPE  EXPONENT  S COEF   P COEF   D/F/G COEF
 *******************************************************************************
   1 C   -8.224   2.310   2.133
                                  1 S  
                                         1.358E+04 2.225E-04 0.000E+00 0.000E+00
                                         2.035E+03 1.723E-03 0.000E+00 0.000E+00
                                         4.632E+02 8.926E-03 0.000E+00 0.000E+00
                                         1.312E+02 3.573E-02 0.000E+00 0.000E+00
                                         4.285E+01 1.108E-01 0.000E+00 0.000E+00
                                         1.558E+01 2.430E-01 0.000E+00 0.000E+00
                                  2 S  
                                         6.207E+00 4.144E-01 0.000E+00 0.000E+00
                                         2.576E+00 2.374E-01 0.000E+00 0.000E+00
                                  3 S  
                                         4.941E-01 1.000E+00 0.000E+00 0.000E+00
                                  4 S  
                                         1.644E-01 1.000E+00 0.000E+00 0.000E+00
                           5-     7 P  
                                         3.470E+01 0.000E+00 5.333E-03 0.000E+00
                                         7.958E+00 0.000E+00 3.586E-02 0.000E+00
                                         2.378E+00 0.000E+00 1.422E-01 0.000E+00
                                         8.143E-01 0.000E+00 3.427E-01 0.000E+00
                           8-    10 P  
                                         5.662E-01 0.000E+00 1.000E+00 0.000E+00
                          11-    13 P  
                                         2.674E-01 0.000E+00 1.000E+00 0.000E+00
                          14-    18 D  
                                         8.792E-01 0.000E+00 0.000E+00 1.000E+00
   2 C    8.224  -2.310 -15.190
   3 C    2.112  -8.277   2.133
   4 C    6.112   5.968   2.133
   5 C   -6.112  -5.968 -15.190
   6 C   -2.112   8.277 -15.190
   7 C   -6.112   5.968  -2.133
   8 C    8.224   2.310  -2.133
   9 C   -2.112  -8.277  -2.133
  10 C    2.112   8.277  15.190
  11 C   -8.224  -2.310  15.190
  12 C    6.112  -5.968  15.190
  13 C    8.224  -2.310  -2.133
  14 C   -8.224   2.310  15.190
  15 C   -2.112   8.277  -2.133
  16 C   -6.112  -5.968  -2.133
  17 C    6.112   5.968  15.190
  18 C    2.112  -8.277  15.190
  19 C    6.112  -5.968   2.133
  20 C   -8.224  -2.310   2.133
  21 C    2.112   8.277   2.133
  22 C   -2.112  -8.277 -15.190
  23 C    8.224   2.310 -15.190
  24 C   -6.112   5.968 -15.190
  25 C    2.636   9.108   4.592
  26 C   -2.636  -9.108 -12.731
  27 C   -9.205  -2.271   4.592
  28 C    6.570  -6.836   4.592
  29 C   -6.570   6.836 -12.731
  30 C    9.205   2.271 -12.731
  31 C   -6.570  -6.836  -4.592
  32 C   -2.636   9.108  -4.592
  33 C    9.205  -2.271  -4.592
  34 C   -9.205   2.271  12.731
  35 C    2.636  -9.108  12.731
  36 C    6.570   6.836  12.731
  37 C   -2.636  -9.108  -4.592
  38 C    2.636   9.108  12.731
  39 C    9.205   2.271  -4.592
  40 C   -6.570   6.836  -4.592
  41 C    6.570  -6.836  12.731
  42 C   -9.205  -2.271  12.731
  43 C    6.570   6.836   4.592
  44 C    2.636  -9.108   4.592
  45 C   -9.205   2.271   4.592
  46 C    9.205  -2.271 -12.731
  47 C   -2.636   9.108 -12.731
  48 C   -6.570  -6.836 -12.731
  49 C    4.782   8.283   5.905
  50 C   -4.782  -8.283 -11.417
  51 C   -9.564  -0.000   5.905
  52 C    4.782  -8.283   5.905
  53 C   -4.782   8.283 -11.417
  54 C    9.564   0.000 -11.417
  55 C   -4.782  -8.283  -5.905
  56 C   -4.782   8.283  -5.905
  57 C    9.564  -0.000  -5.905
  58 C   -9.564   0.000  11.417
  59 C    4.782  -8.283  11.417
  60 C    4.782   8.283  11.417
  61 C  -10.838   2.312  -1.568
  62 C   -7.421   8.231  15.754
  63 C    3.417 -10.542  -1.568
  64 C  -10.838  -2.312  -1.568
  65 C   -7.421  -8.231  15.754
  66 C   -3.417 -10.542  15.754
  67 C   -7.421   8.231   1.568
  68 C   -7.421  -8.231   1.568
  69 C   -3.417 -10.542   1.568
  70 C    3.417 -10.542 -15.754
  71 C  -10.838  -2.312 -15.754
  72 C  -10.838   2.312 -15.754
  73 C   -9.803   4.104   0.476
  74 C   -8.456   6.438 -16.847
  75 C    1.347 -10.542   0.476
  76 C   -9.803  -4.104   0.476
  77 C   -8.456  -6.438 -16.847
  78 C   -1.347 -10.542 -16.847
  79 C   -8.456   6.438  -0.476
  80 C   -8.456  -6.438  -0.476
  81 C   -1.347 -10.542  -0.476
  82 C    1.347 -10.542  16.847
  83 C   -9.803  -4.104  16.847
  84 C   -9.803   4.104  16.847
  85 C  -12.173  -0.000   7.206
  86 C   -6.086 -10.542 -10.117
  87 C   -6.086 -10.542  -7.206
  88 C  -12.173  -0.000  10.117
  89 C    3.947  -6.836   0.881
  90 C   -3.947   6.836 -16.442
  91 C    3.947   6.836   0.881
  92 C   -7.893  -0.000   0.881
  93 C    7.893   0.000 -16.442
  94 C   -3.947  -6.836 -16.442
  95 C    7.893   0.000  -0.881
  96 C   -3.947  -6.836  -0.881
  97 C   -3.947   6.836  -0.881
  98 C    3.947  -6.836  16.442
  99 C    3.947   6.836  16.442
 100 C   -7.893  -0.000  16.442
 101 C    4.775  -8.271  -1.461
 102 C   -4.775   8.271  15.862
 103 C    4.775   8.271  -1.461
 104 C   -9.550   0.000  -1.461
 105 C    9.550  -0.000  15.862
 106 C   -4.775  -8.271  15.862
 107 C    9.550   0.000   1.461
 108 C   -4.775  -8.271   1.461
 109 C   -4.775   8.271   1.461
 110 C    4.775  -8.271 -15.862
 111 C    4.775   8.271 -15.862
 112 C   -9.550  -0.000 -15.862
 INFORMATION **** SET_MPP **** PCRYSTAL CALCULATION
 INFORMATION **** READM2 **** NEW DEFAULT: FOCK/KS MATRIX MIXING SET TO 30 %
 INFORMATION **** READM2 **** NEW DEFAULT: FULL DIRECT SCF MODE
 INFORMATION **** READM2 **** NEW DEFAULT: COULOMB BIPOLAR BUFFER SET TO 32 Mb
 INFORMATION **** READM2 **** NEW DEFAULT: EXCHANGE BIPOLAR BUFFER SET TO 32 Mb

 *******************************************************************************
 NEW DEFAULT: DFT INTEGRATION GRID INCREASED TO XLGRID
 NEW DEFAULT: DIIS ACCELERATOR ACTIVE
 USE KEYWORD NODIIS TO TURN IT OFF
 *******************************************************************************

 INFORMATION **** DFTD3_INPUT **** PERFORM LATEST DISPERSION CORRECTION DFT-D3(BJ) WITH AUTOMATIC PARAMETER SETUP
 PLEASE CITE:
 (1) DFT-D3 Reference
  S. Grimme, J. Antony, S. Ehrlich, and H. Krieg, J. Chem. Phys. 132 (2010), 154104
 (2) BJ-Damping Reference
  S. Grimme, S. Ehrlich, and L. Goerigk, J. Comput. Chem. 32 (2011), 1456-1465
 (3) General DFT-D Review
  S. Grimme, A. Hansen, J. G. Brandenburg, and C. Bannwarth,
  Chem. Rev. 116 (2016), 5105-5154

 INFORMATION **** TOLINTEG **** COULOMB AND EXCHANGE SERIES TOLERANCES MODIFIED
 INFORMATION **** TOLDEE **** SCF TOL ON TOTAL ENERGY SET TO           9
 INFORMATION **** READM2 **** FULL DIRECT SCF (MONO AND BIEL INT) SELECTED
 INFORMATION **** BIPOSIZE **** COULOMB BIPOLAR BUFFER SET TO   110000000
 INFORMATION **** EXCHSIZE **** EXCHANGE BIPOLAR BUFFER SIZE SET TO   110000000
 INFORMATION **** MAXCYCLE **** MAX NUMBER OF SCF CYCLES SET TO         800
 INFORMATION **** DIIS **** DIIS FOR SCF ACTIVE
 INFORMATION **** DIIS **** LEVEL SHIFTER DISABLED
 INFORMATION **** PPAN ****  MULLIKEN POPULATION ANALYSIS AT THE END OF SCF
 *******************************************************************************
 N. OF ATOMS PER CELL       112  COULOMB OVERLAP TOL         (T1) 10**   -8
 NUMBER OF SHELLS           896  COULOMB PENETRATION TOL     (T2) 10**   -8
 NUMBER OF AO              2016  EXCHANGE OVERLAP TOL        (T3) 10**   -8
 N. OF ELECTRONS PER CELL   672  EXCHANGE PSEUDO OVP (F(G))  (T4) 10**   -9
 CORE ELECTRONS PER CELL    224  EXCHANGE PSEUDO OVP (P(G))  (T5) 10**  -24
 N. OF SYMMETRY OPERATORS    24  POLE ORDER IN MONO ZONE                  4
 *******************************************************************************
 TYPE OF CALCULATION :  UNRESTRICTED OPEN SHELL
 KOHN-SHAM HAMILTONIAN

 (EXCHANGE)[CORRELATION] FUNCTIONAL:(BECKE 88)[LEE-YANG-PARR]

 NON-LOCAL WEIGHTING FACTOR (EXCHANGE) =           0.9000
 NON-LOCAL WEIGHTING FACTOR [CORRELATION] =        0.8100

 HYBRID EXCHANGE - PERCENTAGE OF FOCK EXCHANGE    20.0000

 SPIN POLARIZED DFT SELECTED

 CAPPA:IS1  4;IS2  4;IS3  4; K PTS MONK NET  12; SYMMOPS:K SPACE  24;G SPACE  24

 *******************************************************************************
 MAX NUMBER OF SCF CYCLES     800  CONVERGENCE ON DELTAP        10**-19
 WEIGHT OF F(I) IN F(I+1)      30% CONVERGENCE ON ENERGY        10**- 9
 SHRINK. FACT.(MONKH.)    4  4  4  NUMBER OF K POINTS IN THE IBZ     12
 SHRINKING FACTOR(GILAT NET)    8  NUMBER OF K POINTS(GILAT NET)     50
 *******************************************************************************
 *** K POINTS COORDINATES (OBLIQUE COORDINATES IN UNITS OF IS =  4)
   1-R(  0  0  0)   2-C(  1  0  0)   3-R(  2  0  0)   4-C(  1  1  0)
   5-C(  0  0  1)   6-C(  1  0  1)   7-C(  2  0  1)   8-C(  1  1  1)
   9-R(  0  0  2)  10-C(  1  0  2)  11-R(  2  0  2)  12-C(  1  1  2)

 DIRECT LATTICE VECTORS COMPON. (A.U.)     RECIP. LATTICE VECTORS COMPON. (A.U.) 
        X            Y            Z              X            Y            Z
   18.2593488  -10.5420399    0.0000000      0.3441079    0.0000000    0.0000000
    0.0000000   21.0840798    0.0000000      0.1720539    0.2980061    0.0000000
    0.0000000    0.0000000   34.6447862      0.0000000    0.0000000    0.1813602

 DISK SPACE FOR EIGENVECTORS (FTN 10)    81285120 REALS

 SYMMETRY ADAPTION OF THE BLOCH FUNCTIONS ENABLED
 TTTTTTTTTTTTTTTTTTTTTTTTTTTTTT gordsh1     TELAPSE        1.83 TCPU        0.73

 MATRIX SIZE: P(G) 4136480, F(G)  612298, P(G) IRR   94718, F(G) IRR   29220
 MAX G-VECTOR INDEX FOR 1- AND 2-ELECTRON INTEGRALS  57

 TTTTTTTTTTTTTTTTTTTTTTTTTTTTTT INPUT       TELAPSE        1.89 TCPU        0.79

 NEIGHBORS OF THE NON-EQUIVALENT ATOMS

 N = NUMBER OF NEIGHBORS AT DISTANCE R
    ATOM  N     R/ANG      R/AU   NEIGHBORS (ATOM LABELS AND CELL INDICES)
   1 C    1     1.4012     2.6479   45 C    0 0 0
   1 C    1     1.4012     2.6479   92 C    0 0 0
   1 C    1     1.5391     2.9085   73 C    0 0 0
   1 C    1     2.3667     4.4725   28 C   -1 0 0
   1 C    1     2.3668     4.4726  104 C    0 0 0
   1 C    1     2.3970     4.5296   19 C   -1 0 0

  25 C    1     1.4012     2.6479   21 C    0 0 0
  25 C    1     1.4014     2.6483   49 C    0 0 0
  25 C    1     1.5178     2.8682   44 C    0 1 0
  25 C    1     2.3651     4.4693   52 C    0 1 0
  25 C    1     2.3667     4.4725    3 C    0 1 0
  25 C    1     2.4040     4.5430   43 C    0 0 0

  49 C    2     1.4014     2.6483   25 C    0 0 0   43 C    0 0 0
  49 C    1     1.5427     2.9153   85 C    1 1 0
  49 C    2     2.3651     4.4693   27 C    1 1 0   44 C    0 1 0
  49 C    2     2.3913     4.5189   51 C    1 1 0   52 C    0 1 0
  49 C    2     2.4458     4.6218    4 C    0 0 0   21 C    0 0 0
  49 C    1     2.6216     4.9541   88 C    1 1 0

  61 C    2     1.4015     2.6485  101 C   -1 0 0  104 C    0 0 0
  61 C    1     1.5394     2.9091   73 C    0 0 0
  61 C    2     2.3674     4.4738   89 C   -1 0 0   92 C    0 0 0
  61 C    2     2.3978     4.5312    1 C    0 0 0   19 C   -1 0 0
  61 C    2     2.4464     4.6230   63 C   -1 0 0   64 C    0 0 0
  61 C    1     2.5869     4.8885   79 C    0 0 0

  73 C    1     1.5123     2.8579   79 C    0 0 0
  73 C    2     1.5391     2.9085    1 C    0 0 0   19 C   -1 0 0
  73 C    1     1.5394     2.9091   61 C    0 0 0
  73 C    2     2.4051     4.5449   89 C   -1 0 0   92 C    0 0 0
  73 C    2     2.4051     4.5450  101 C   -1 0 0  104 C    0 0 0
  73 C    2     2.4051     4.5450   28 C   -1 0 0   45 C    0 0 0

  85 C    1     1.5402     2.9106   88 C    0 0 0
  85 C    3     1.5427     2.9153   49 C   -1-1 0   51 C    0 0 0   52 C   -1 0 0
  85 C    6     2.4134     4.5606   25 C   -1-1 0   27 C    0 0 0   28 C   -1 0 0
                                    43 C   -1-1 0   44 C   -1 0 0   45 C    0 0 0
  85 C    3     2.6216     4.9541   58 C    0 0 0   59 C   -1 0 0   60 C   -1-1 0
  85 C    6     3.5296     6.6700   34 C    0 0 0   35 C   -1 0 0   36 C   -1-1 0
                                    38 C   -1-1 0   41 C   -1 0 0   42 C    0 0 0
  85 C    6     3.6149     6.8312    1 C    0 0 0    3 C   -1 0 0    4 C   -1-1 0
                                    19 C   -1 0 0   20 C    0 0 0   21 C   -1-1 0

  89 C    2     1.4012     2.6479    3 C    0 0 0   19 C    0 0 0
  89 C    1     1.5178     2.8682  101 C    0 0 0
  89 C    2     2.3674     4.4738   61 C    1 0 0   63 C    0 0 0
  89 C    2     2.4048     4.5445   28 C    0 0 0   44 C    0 0 0
  89 C    2     2.4051     4.5449   73 C    1 0 0   75 C    0 0 0
  89 C    1     2.8019     5.2949   52 C    0 0 0

 101 C    2     1.4015     2.6485   61 C    1 0 0   63 C    0 0 0
 101 C    1     1.5178     2.8682   89 C    0 0 0
 101 C    2     2.3668     4.4726    3 C    0 0 0   19 C    0 0 0
 101 C    2     2.4039     4.5428  103 C    0-1 0  104 C    1 0 0
 101 C    2     2.4051     4.5450   73 C    1 0 0   75 C    0 0 0
 101 C    1     2.8009     5.2930   64 C    1 0 0


 SYMMETRY ALLOWED INTERNAL DEGREE(S) OF FREEDOM:  17
 TTTTTTTTTTTTTTTTTTTTTTTTTTTTTT SYMM        TELAPSE        1.97 TCPU        0.85
 TTTTTTTTTTTTTTTTTTTTTTTTTTTTTT INT_SCREEN  TELAPSE        2.01 TCPU        0.90

 DFT PARAMETERS

     ATOM       ELECTRONS   NET CHARGE   R(ANGSTROM)
   1   6  C       6.0000      0.0000     0.77000000

 SIZE OF GRID=     153695
 TTTTTTTTTTTTTTTTTTTTTTTTTTTTTT MAKE_GRID2  TELAPSE        2.39 TCPU        1.27
 BECKE WEIGHT FUNCTION
 RADSAFE =     2.00
 TOLERANCES - DENSITY:10**- 6; POTENTIAL:10**- 9; GRID WGT:10**-14

 RADIAL INTEGRATION  - INTERVALS (POINTS,UPPER LIMIT):            1( 75,  4.0*R)

 ANGULAR INTEGRATION - INTERVALS (ACCURACY LEVEL [N. POINTS] UPPER LIMIT):
  1(  4[  86]   0.2)  2(  8[ 194]   0.5)  3( 12[ 350]   0.9)  4( 16[ 974]   3.5)
  5( 12[ 350]9999.0)
 TTTTTTTTTTTTTTTTTTTTTTTTTTTTTT INT_CALC    TELAPSE        2.42 TCPU        1.30
 EEEEEEEEEE INT_CALC TERMINATION  DATE 30 01 2026 TIME 17:51:11.2

 *******************************************************************************
 ./3^6,4T12_rev1_sp_B3LYP-D3-D3_optimized                                        
 CRYSTAL - SCF - TYPE OF CALCULATION :  UNRESTRICTED OPEN SHELL
 *******************************************************************************

 CAPPA:IS1  4;IS2  4;IS3  4; K PTS MONK NET  12; SYMMOPS:K SPACE  24;G SPACE  24

 TTTTTTTTTTTTTTTTTTTTTTTTTTTTTT SDIK        TELAPSE        3.99 TCPU        2.88

 AAAAAAAAAAAAAAAAAAAAAAAAAAAAAAAAAAAAAAAAAAAAAAAAAAAAAAAAAAAAAAAAAAAAAAAAAAAAAAA
         ATOMIC WAVEFUNCTION(S)


 NUCLEAR CHARGE  6.0  SYMMETRY SPECIES            S    P
 N. ELECTRONS    6.0  NUMBER OF PRIMITIVE GTOS   10    6
                      NUMBER OF CONTRACTED GTOS   4    3
                      NUMBER OF CLOSED SHELLS     2    0
                      OPEN SHELL OCCUPATION       0    2

  ZNUC  SCFIT    TOTAL HF ENERGY   KINETIC ENERGY   VIRIAL THEOREM ACCURACY
   6.0    10    -3.766702350E+01  3.783137943E+01 -1.995655566E+00  1.6E-06

 AAAAAAAAAAAAAAAAAAAAAAAAAAAAAAAAAAAAAAAAAAAAAAAAAAAAAAAAAAAAAAAAAAAAAAAAAAAAAAA

 CHARGE NORMALIZATION FACTOR   1.00000000
 TOTAL ATOMIC CHARGES:
   6.0000000   6.0000000   6.0000000   6.0000000   6.0000000   6.0000000
   6.0000000   6.0000000   6.0000000   6.0000000   6.0000000   6.0000000
   6.0000000   6.0000000   6.0000000   6.0000000   6.0000000   6.0000000
   6.0000000   6.0000000   6.0000000   6.0000000   6.0000000   6.0000000
   6.0000000   6.0000000   6.0000000   6.0000000   6.0000000   6.0000000
   6.0000000   6.0000000   6.0000000   6.0000000   6.0000000   6.0000000
   6.0000000   6.0000000   6.0000000   6.0000000   6.0000000   6.0000000
   6.0000000   6.0000000   6.0000000   6.0000000   6.0000000   6.0000000
   6.0000000   6.0000000   6.0000000   6.0000000   6.0000000   6.0000000
   6.0000000   6.0000000   6.0000000   6.0000000   6.0000000   6.0000000
   6.0000000   6.0000000   6.0000000   6.0000000   6.0000000   6.0000000
   6.0000000   6.0000000   6.0000000   6.0000000   6.0000000   6.0000000
   6.0000000   6.0000000   6.0000000   6.0000000   6.0000000   6.0000000
   6.0000000   6.0000000   6.0000000   6.0000000   6.0000000   6.0000000
   6.0000000   6.0000000   6.0000000   6.0000000   6.0000000   6.0000000
   6.0000000   6.0000000   6.0000000   6.0000000   6.0000000   6.0000000
   6.0000000   6.0000000   6.0000000   6.0000000   6.0000000   6.0000000
   6.0000000   6.0000000   6.0000000   6.0000000   6.0000000   6.0000000
   6.0000000   6.0000000   6.0000000   6.0000000
 SUMMED SPIN DENSITY           0.00000000
 TOTAL ATOMIC SPINS  :
   0.0000000   0.0000000   0.0000000   0.0000000   0.0000000   0.0000000
   0.0000000   0.0000000   0.0000000   0.0000000   0.0000000   0.0000000
   0.0000000   0.0000000   0.0000000   0.0000000   0.0000000   0.0000000
   0.0000000   0.0000000   0.0000000   0.0000000   0.0000000   0.0000000
   0.0000000   0.0000000   0.0000000   0.0000000   0.0000000   0.0000000
   0.0000000   0.0000000   0.0000000   0.0000000   0.0000000   0.0000000
   0.0000000   0.0000000   0.0000000   0.0000000   0.0000000   0.0000000
   0.0000000   0.0000000   0.0000000   0.0000000   0.0000000   0.0000000
   0.0000000   0.0000000   0.0000000   0.0000000   0.0000000   0.0000000
   0.0000000   0.0000000   0.0000000   0.0000000   0.0000000   0.0000000
   0.0000000   0.0000000   0.0000000   0.0000000   0.0000000   0.0000000
   0.0000000   0.0000000   0.0000000   0.0000000   0.0000000   0.0000000
   0.0000000   0.0000000   0.0000000   0.0000000   0.0000000   0.0000000
   0.0000000   0.0000000   0.0000000   0.0000000   0.0000000   0.0000000
   0.0000000   0.0000000   0.0000000   0.0000000   0.0000000   0.0000000
   0.0000000   0.0000000   0.0000000   0.0000000   0.0000000   0.0000000
   0.0000000   0.0000000   0.0000000   0.0000000   0.0000000   0.0000000
   0.0000000   0.0000000   0.0000000   0.0000000   0.0000000   0.0000000
   0.0000000   0.0000000   0.0000000   0.0000000
 TTTTTTTTTTTTTTTTTTTTTTTTTTTTTT MOQGAD      TELAPSE        4.03 TCPU        2.91
 TTTTTTTTTTTTTTTTTTTTTTTTTTTTTT SHELLXN     TELAPSE       16.35 TCPU       15.22
 TTTTTTTTTTTTTTTTTTTTTTTTTTTTTT MONMO3      TELAPSE       16.57 TCPU       15.44
 NUMERICALLY INTEGRATED DENSITY    336.0002331009    336.0002331009
 TTTTTTTTTTTTTTTTTTTTTTTTTTTTTT NUMDFT      TELAPSE       17.54 TCPU       16.40
 CYC   0 ETOT(AU) -4.298881044363E+03 DETOT -4.30E+03 tst  0.00E+00 PX  1.00E+00
 TTTTTTTTTTTTTTTTTTTTTTTTTTTTTT DIIS        TELAPSE       17.74 TCPU       16.61
 TTTTTTTTTTTTTTTTTTTTTTTTTTTTTT FDIK        TELAPSE       38.69 TCPU       37.55

    ALPHA      ELECTRONS
 INSULATING STATE
 TOP OF VALENCE BANDS -    BAND    336; K    1; EIG -2.1232891E-01 AU
 BOTTOM OF VIRTUAL BANDS - BAND    337; K    1; EIG -1.3789429E-01 AU
 DIRECT ENERGY BAND GAP:   2.0255 eV

    BETA       ELECTRONS
 INSULATING STATE
 TOP OF VALENCE BANDS -    BAND    336; K    1; EIG -2.1232891E-01 AU
 BOTTOM OF VIRTUAL BANDS - BAND    337; K    1; EIG -1.3789429E-01 AU
 DIRECT ENERGY BAND GAP:   2.0255 eV
 TTTTTTTTTTTTTTTTTTTTTTTTTTTTTT PDIG        TELAPSE       39.77 TCPU       38.62
 CHARGE NORMALIZATION FACTOR   1.00000000
 TOTAL ATOMIC CHARGES:
   6.0471496   6.0471496   6.0471496   6.0471496   6.0471496   6.0471496
   6.0471496   6.0471496   6.0471496   6.0471496   6.0471496   6.0471496
   6.0471496   6.0471496   6.0471496   6.0471496   6.0471496   6.0471496
   6.0471496   6.0471496   6.0471496   6.0471496   6.0471496   6.0471496
   5.9571872   5.9571872   5.9571872   5.9571872   5.9571872   5.9571872
   5.9571872   5.9571872   5.9571872   5.9571872   5.9571872   5.9571872
   5.9571872   5.9571872   5.9571872   5.9571872   5.9571872   5.9571872
   5.9571872   5.9571872   5.9571872   5.9571872   5.9571872   5.9571872
   6.0376325   6.0376325   6.0376325   6.0376325   6.0376325   6.0376325
   6.0376325   6.0376325   6.0376325   6.0376325   6.0376325   6.0376325
   6.0486220   6.0486220   6.0486220   6.0486220   6.0486220   6.0486220
   6.0486220   6.0486220   6.0486220   6.0486220   6.0486220   6.0486220
   5.9988983   5.9988983   5.9988983   5.9988983   5.9988983   5.9988983
   5.9988983   5.9988983   5.9988983   5.9988983   5.9988983   5.9988983
   5.9962983   5.9962983   5.9962983   5.9962983   5.9549041   5.9549041
   5.9549041   5.9549041   5.9549041   5.9549041   5.9549041   5.9549041
   5.9549041   5.9549041   5.9549041   5.9549041   5.9525034   5.9525034
   5.9525034   5.9525034   5.9525034   5.9525034   5.9525034   5.9525034
   5.9525034   5.9525034   5.9525034   5.9525034
 SUMMED SPIN DENSITY          -0.00000000
 TOTAL ATOMIC SPINS  :
   0.0000000   0.0000000   0.0000000   0.0000000   0.0000000   0.0000000
   0.0000000   0.0000000   0.0000000   0.0000000   0.0000000   0.0000000
   0.0000000   0.0000000   0.0000000   0.0000000   0.0000000   0.0000000
   0.0000000   0.0000000   0.0000000   0.0000000   0.0000000   0.0000000
  -0.0000000  -0.0000000  -0.0000000  -0.0000000  -0.0000000  -0.0000000
  -0.0000000  -0.0000000  -0.0000000  -0.0000000  -0.0000000  -0.0000000
  -0.0000000  -0.0000000  -0.0000000  -0.0000000  -0.0000000  -0.0000000
  -0.0000000  -0.0000000  -0.0000000  -0.0000000  -0.0000000  -0.0000000
   0.0000000   0.0000000   0.0000000   0.0000000   0.0000000   0.0000000
   0.0000000   0.0000000   0.0000000   0.0000000   0.0000000   0.0000000
  -0.0000000  -0.0000000  -0.0000000  -0.0000000  -0.0000000  -0.0000000
  -0.0000000  -0.0000000  -0.0000000  -0.0000000  -0.0000000  -0.0000000
  -0.0000000  -0.0000000  -0.0000000  -0.0000000  -0.0000000  -0.0000000
  -0.0000000  -0.0000000  -0.0000000  -0.0000000  -0.0000000  -0.0000000
  -0.0000000  -0.0000000  -0.0000000  -0.0000000  -0.0000000  -0.0000000
  -0.0000000  -0.0000000  -0.0000000  -0.0000000  -0.0000000  -0.0000000
  -0.0000000  -0.0000000  -0.0000000  -0.0000000   0.0000000   0.0000000
   0.0000000   0.0000000   0.0000000   0.0000000   0.0000000   0.0000000
   0.0000000   0.0000000   0.0000000   0.0000000
 TTTTTTTTTTTTTTTTTTTTTTTTTTTTTT MOQGAD      TELAPSE       39.80 TCPU       38.65
 TTTTTTTTTTTTTTTTTTTTTTTTTTTTTT SHELLXN     TELAPSE       52.78 TCPU       51.62
 TTTTTTTTTTTTTTTTTTTTTTTTTTTTTT MONMO3      TELAPSE       53.00 TCPU       51.84
 NUMERICALLY INTEGRATED DENSITY    336.0001100297    336.0001100297
 TTTTTTTTTTTTTTTTTTTTTTTTTTTTTT NUMDFT      TELAPSE       53.95 TCPU       52.79
 CYC   1 ETOT(AU) -4.263667306670E+03 DETOT  3.52E+01 tst  0.00E+00 PX  1.00E+00
 TTTTTTTTTTTTTTTTTTTTTTTTTTTTTT DIIS        TELAPSE       54.15 TCPU       52.99
 DIIS TEST: 0.67745E+01 AT SCF   CYCLE   1 - MIX   30 %
 TTTTTTTTTTTTTTTTTTTTTTTTTTTTTT FDIK        TELAPSE       60.85 TCPU       59.67

    ALPHA      ELECTRONS
 INSULATING STATE
 TOP OF VALENCE BANDS -    BAND    336; K    1; EIG -1.5346503E-01 AU
 BOTTOM OF VIRTUAL BANDS - BAND    337; K    1; EIG -6.6200883E-02 AU
 DIRECT ENERGY BAND GAP:   2.3746 eV

    BETA       ELECTRONS
 INSULATING STATE
 TOP OF VALENCE BANDS -    BAND    336; K    1; EIG -1.5346503E-01 AU
 BOTTOM OF VIRTUAL BANDS - BAND    337; K    1; EIG -6.6200883E-02 AU
 DIRECT ENERGY BAND GAP:   2.3746 eV
 TTTTTTTTTTTTTTTTTTTTTTTTTTTTTT PDIG        TELAPSE       61.78 TCPU       60.59
 CHARGE NORMALIZATION FACTOR   1.00000000
 TOTAL ATOMIC CHARGES:
   5.9686096   5.9686096   5.9686096   5.9686096   5.9686096   5.9686096
   5.9686096   5.9686096   5.9686096   5.9686096   5.9686096   5.9686096
   5.9686096   5.9686096   5.9686096   5.9686096   5.9686096   5.9686096
   5.9686096   5.9686096   5.9686096   5.9686096   5.9686096   5.9686096
   5.9978450   5.9978450   5.9978450   5.9978450   5.9978450   5.9978450
   5.9978450   5.9978450   5.9978450   5.9978450   5.9978450   5.9978450
   5.9978450   5.9978450   5.9978450   5.9978450   5.9978450   5.9978450
   5.9978450   5.9978450   5.9978450   5.9978450   5.9978450   5.9978450
   5.9584647   5.9584647   5.9584647   5.9584647   5.9584647   5.9584647
   5.9584647   5.9584647   5.9584647   5.9584647   5.9584647   5.9584647
   5.9704526   5.9704526   5.9704526   5.9704526   5.9704526   5.9704526
   5.9704526   5.9704526   5.9704526   5.9704526   5.9704526   5.9704526
   6.0995003   6.0995003   6.0995003   6.0995003   6.0995003   6.0995003
   6.0995003   6.0995003   6.0995003   6.0995003   6.0995003   6.0995003
   6.1395381   6.1395381   6.1395381   6.1395381   5.9954309   5.9954309
   5.9954309   5.9954309   5.9954309   5.9954309   5.9954309   5.9954309
   5.9954309   5.9954309   5.9954309   5.9954309   5.9967298   5.9967298
   5.9967298   5.9967298   5.9967298   5.9967298   5.9967298   5.9967298
   5.9967298   5.9967298   5.9967298   5.9967298
 SUMMED SPIN DENSITY          -0.00000000
 TOTAL ATOMIC SPINS  :
   0.0000000   0.0000000   0.0000000   0.0000000   0.0000000   0.0000000
   0.0000000   0.0000000   0.0000000   0.0000000   0.0000000   0.0000000
   0.0000000   0.0000000   0.0000000   0.0000000   0.0000000   0.0000000
   0.0000000   0.0000000   0.0000000   0.0000000   0.0000000   0.0000000
  -0.0000000  -0.0000000  -0.0000000  -0.0000000  -0.0000000  -0.0000000
  -0.0000000  -0.0000000  -0.0000000  -0.0000000  -0.0000000  -0.0000000
  -0.0000000  -0.0000000  -0.0000000  -0.0000000  -0.0000000  -0.0000000
  -0.0000000  -0.0000000  -0.0000000  -0.0000000  -0.0000000  -0.0000000
  -0.0000000  -0.0000000  -0.0000000  -0.0000000  -0.0000000  -0.0000000
  -0.0000000  -0.0000000  -0.0000000  -0.0000000  -0.0000000  -0.0000000
   0.0000000   0.0000000   0.0000000   0.0000000   0.0000000   0.0000000
   0.0000000   0.0000000   0.0000000   0.0000000   0.0000000   0.0000000
  -0.0000000  -0.0000000  -0.0000000  -0.0000000  -0.0000000  -0.0000000
  -0.0000000  -0.0000000  -0.0000000  -0.0000000  -0.0000000  -0.0000000
   0.0000000   0.0000000   0.0000000   0.0000000  -0.0000000  -0.0000000
  -0.0000000  -0.0000000  -0.0000000  -0.0000000  -0.0000000  -0.0000000
  -0.0000000  -0.0000000  -0.0000000  -0.0000000  -0.0000000  -0.0000000
  -0.0000000  -0.0000000  -0.0000000  -0.0000000  -0.0000000  -0.0000000
  -0.0000000  -0.0000000  -0.0000000  -0.0000000
 TTTTTTTTTTTTTTTTTTTTTTTTTTTTTT MOQGAD      TELAPSE       61.81 TCPU       60.62
 TTTTTTTTTTTTTTTTTTTTTTTTTTTTTT SHELLXN     TELAPSE       74.86 TCPU       73.65
 TTTTTTTTTTTTTTTTTTTTTTTTTTTTTT MONMO3      TELAPSE       75.07 TCPU       73.87
 NUMERICALLY INTEGRATED DENSITY    336.0000810298    336.0000810298
 TTTTTTTTTTTTTTTTTTTTTTTTTTTTTT NUMDFT      TELAPSE       75.98 TCPU       74.77
 CYC   2 ETOT(AU) -4.263943748565E+03 DETOT -2.76E-01 tst  5.92E-04 PX  7.99E-02
 TTTTTTTTTTTTTTTTTTTTTTTTTTTTTT DIIS        TELAPSE       76.18 TCPU       74.98
 DIIS TEST: 0.25347E+01 AT SCF   CYCLE   2 - DIIS ACTIVE - HISTORY:     2 CYCLES
 TTTTTTTTTTTTTTTTTTTTTTTTTTTTTT FDIK        TELAPSE       82.54 TCPU       81.33

    ALPHA      ELECTRONS
 INSULATING STATE
 TOP OF VALENCE BANDS -    BAND    336; K    1; EIG -1.6308470E-01 AU
 BOTTOM OF VIRTUAL BANDS - BAND    337; K    1; EIG -5.6627882E-02 AU
 DIRECT ENERGY BAND GAP:   2.8968 eV

    BETA       ELECTRONS
 INSULATING STATE
 TOP OF VALENCE BANDS -    BAND    336; K    1; EIG -1.6308470E-01 AU
 BOTTOM OF VIRTUAL BANDS - BAND    337; K    1; EIG -5.6627882E-02 AU
 DIRECT ENERGY BAND GAP:   2.8968 eV
 TTTTTTTTTTTTTTTTTTTTTTTTTTTTTT PDIG        TELAPSE       83.47 TCPU       82.25
 CHARGE NORMALIZATION FACTOR   1.00000000
 TOTAL ATOMIC CHARGES:
   6.0255870   6.0255870   6.0255870   6.0255870   6.0255870   6.0255870
   6.0255870   6.0255870   6.0255870   6.0255870   6.0255870   6.0255870
   6.0255870   6.0255870   6.0255870   6.0255870   6.0255870   6.0255870
   6.0255870   6.0255870   6.0255870   6.0255870   6.0255870   6.0255870
   5.9760857   5.9760857   5.9760857   5.9760857   5.9760857   5.9760857
   5.9760857   5.9760857   5.9760857   5.9760857   5.9760857   5.9760857
   5.9760857   5.9760857   5.9760857   5.9760857   5.9760857   5.9760857
   5.9760857   5.9760857   5.9760857   5.9760857   5.9760857   5.9760857
   5.9993252   5.9993252   5.9993252   5.9993252   5.9993252   5.9993252
   5.9993252   5.9993252   5.9993252   5.9993252   5.9993252   5.9993252
   6.0221794   6.0221794   6.0221794   6.0221794   6.0221794   6.0221794
   6.0221794   6.0221794   6.0221794   6.0221794   6.0221794   6.0221794
   6.0126052   6.0126052   6.0126052   6.0126052   6.0126052   6.0126052
   6.0126052   6.0126052   6.0126052   6.0126052   6.0126052   6.0126052
   6.0228288   6.0228288   6.0228288   6.0228288   5.9799228   5.9799228
   5.9799228   5.9799228   5.9799228   5.9799228   5.9799228   5.9799228
   5.9799228   5.9799228   5.9799228   5.9799228   5.9750123   5.9750123
   5.9750123   5.9750123   5.9750123   5.9750123   5.9750123   5.9750123
   5.9750123   5.9750123   5.9750123   5.9750123
 SUMMED SPIN DENSITY          -0.00000000
 TOTAL ATOMIC SPINS  :
   0.0000000   0.0000000   0.0000000   0.0000000   0.0000000   0.0000000
   0.0000000   0.0000000   0.0000000   0.0000000   0.0000000   0.0000000
   0.0000000   0.0000000   0.0000000   0.0000000   0.0000000   0.0000000
   0.0000000   0.0000000   0.0000000   0.0000000   0.0000000   0.0000000
  -0.0000000  -0.0000000  -0.0000000  -0.0000000  -0.0000000  -0.0000000
  -0.0000000  -0.0000000  -0.0000000  -0.0000000  -0.0000000  -0.0000000
  -0.0000000  -0.0000000  -0.0000000  -0.0000000  -0.0000000  -0.0000000
  -0.0000000  -0.0000000  -0.0000000  -0.0000000  -0.0000000  -0.0000000
  -0.0000000  -0.0000000  -0.0000000  -0.0000000  -0.0000000  -0.0000000
  -0.0000000  -0.0000000  -0.0000000  -0.0000000  -0.0000000  -0.0000000
  -0.0000000  -0.0000000  -0.0000000  -0.0000000  -0.0000000  -0.0000000
  -0.0000000  -0.0000000  -0.0000000  -0.0000000  -0.0000000  -0.0000000
  -0.0000000  -0.0000000  -0.0000000  -0.0000000  -0.0000000  -0.0000000
  -0.0000000  -0.0000000  -0.0000000  -0.0000000  -0.0000000  -0.0000000
   0.0000000   0.0000000   0.0000000   0.0000000  -0.0000000  -0.0000000
  -0.0000000  -0.0000000  -0.0000000  -0.0000000  -0.0000000  -0.0000000
  -0.0000000  -0.0000000  -0.0000000  -0.0000000   0.0000000   0.0000000
   0.0000000   0.0000000   0.0000000   0.0000000   0.0000000   0.0000000
   0.0000000   0.0000000   0.0000000   0.0000000
 TTTTTTTTTTTTTTTTTTTTTTTTTTTTTT MOQGAD      TELAPSE       83.50 TCPU       82.28
 TTTTTTTTTTTTTTTTTTTTTTTTTTTTTT SHELLXN     TELAPSE       96.53 TCPU       95.28
 TTTTTTTTTTTTTTTTTTTTTTTTTTTTTT MONMO3      TELAPSE       96.75 TCPU       95.49
 NUMERICALLY INTEGRATED DENSITY    336.0001044565    336.0001044565
 TTTTTTTTTTTTTTTTTTTTTTTTTTTTTT NUMDFT      TELAPSE       97.66 TCPU       96.40
 CYC   3 ETOT(AU) -4.264015551885E+03 DETOT -7.18E-02 tst  1.22E-04 PX  7.20E-02
 TTTTTTTTTTTTTTTTTTTTTTTTTTTTTT DIIS        TELAPSE      102.59 TCPU      101.32
 DIIS TEST: 0.16714E+00 AT SCF   CYCLE   3 - DIIS ACTIVE - HISTORY:     3 CYCLES
 TTTTTTTTTTTTTTTTTTTTTTTTTTTTTT FDIK        TELAPSE      108.87 TCPU      107.57

    ALPHA      ELECTRONS
 INSULATING STATE
 TOP OF VALENCE BANDS -    BAND    336; K    1; EIG -1.6792382E-01 AU
 BOTTOM OF VIRTUAL BANDS - BAND    337; K    1; EIG -6.3418165E-02 AU
 DIRECT ENERGY BAND GAP:   2.8437 eV

    BETA       ELECTRONS
 INSULATING STATE
 TOP OF VALENCE BANDS -    BAND    336; K    1; EIG -1.6792382E-01 AU
 BOTTOM OF VIRTUAL BANDS - BAND    337; K    1; EIG -6.3418165E-02 AU
 DIRECT ENERGY BAND GAP:   2.8437 eV
 TTTTTTTTTTTTTTTTTTTTTTTTTTTTTT PDIG        TELAPSE      109.79 TCPU      108.49
 CHARGE NORMALIZATION FACTOR   1.00000000
 TOTAL ATOMIC CHARGES:
   6.0062937   6.0062937   6.0062937   6.0062937   6.0062937   6.0062937
   6.0062937   6.0062937   6.0062937   6.0062937   6.0062937   6.0062937
   6.0062937   6.0062937   6.0062937   6.0062937   6.0062937   6.0062937
   6.0062937   6.0062937   6.0062937   6.0062937   6.0062937   6.0062937
   5.9772504   5.9772504   5.9772504   5.9772504   5.9772504   5.9772504
   5.9772504   5.9772504   5.9772504   5.9772504   5.9772504   5.9772504
   5.9772504   5.9772504   5.9772504   5.9772504   5.9772504   5.9772504
   5.9772504   5.9772504   5.9772504   5.9772504   5.9772504   5.9772504
   6.0178982   6.0178982   6.0178982   6.0178982   6.0178982   6.0178982
   6.0178982   6.0178982   6.0178982   6.0178982   6.0178982   6.0178982
   6.0143239   6.0143239   6.0143239   6.0143239   6.0143239   6.0143239
   6.0143239   6.0143239   6.0143239   6.0143239   6.0143239   6.0143239
   6.0386655   6.0386655   6.0386655   6.0386655   6.0386655   6.0386655
   6.0386655   6.0386655   6.0386655   6.0386655   6.0386655   6.0386655
   6.0805473   6.0805473   6.0805473   6.0805473   5.9638110   5.9638110
   5.9638110   5.9638110   5.9638110   5.9638110   5.9638110   5.9638110
   5.9638110   5.9638110   5.9638110   5.9638110   5.9713642   5.9713642
   5.9713642   5.9713642   5.9713642   5.9713642   5.9713642   5.9713642
   5.9713642   5.9713642   5.9713642   5.9713642
 SUMMED SPIN DENSITY          -0.00000000
 TOTAL ATOMIC SPINS  :
   0.0000000   0.0000000   0.0000000   0.0000000   0.0000000   0.0000000
   0.0000000   0.0000000   0.0000000   0.0000000   0.0000000   0.0000000
   0.0000000   0.0000000   0.0000000   0.0000000   0.0000000   0.0000000
   0.0000000   0.0000000   0.0000000   0.0000000   0.0000000   0.0000000
  -0.0000000  -0.0000000  -0.0000000  -0.0000000  -0.0000000  -0.0000000
  -0.0000000  -0.0000000  -0.0000000  -0.0000000  -0.0000000  -0.0000000
  -0.0000000  -0.0000000  -0.0000000  -0.0000000  -0.0000000  -0.0000000
  -0.0000000  -0.0000000  -0.0000000  -0.0000000  -0.0000000  -0.0000000
  -0.0000000  -0.0000000  -0.0000000  -0.0000000  -0.0000000  -0.0000000
  -0.0000000  -0.0000000  -0.0000000  -0.0000000  -0.0000000  -0.0000000
   0.0000000   0.0000000   0.0000000   0.0000000   0.0000000   0.0000000
   0.0000000   0.0000000   0.0000000   0.0000000   0.0000000   0.0000000
  -0.0000000  -0.0000000  -0.0000000  -0.0000000  -0.0000000  -0.0000000
  -0.0000000  -0.0000000  -0.0000000  -0.0000000  -0.0000000  -0.0000000
   0.0000000   0.0000000   0.0000000   0.0000000  -0.0000000  -0.0000000
  -0.0000000  -0.0000000  -0.0000000  -0.0000000  -0.0000000  -0.0000000
  -0.0000000  -0.0000000  -0.0000000  -0.0000000  -0.0000000  -0.0000000
  -0.0000000  -0.0000000  -0.0000000  -0.0000000  -0.0000000  -0.0000000
  -0.0000000  -0.0000000  -0.0000000  -0.0000000
 TTTTTTTTTTTTTTTTTTTTTTTTTTTTTT MOQGAD      TELAPSE      109.82 TCPU      108.52
 TTTTTTTTTTTTTTTTTTTTTTTTTTTTTT SHELLXN     TELAPSE      122.89 TCPU      121.54
 TTTTTTTTTTTTTTTTTTTTTTTTTTTTTT MONMO3      TELAPSE      123.11 TCPU      121.76
 NUMERICALLY INTEGRATED DENSITY    336.0001020372    336.0001020372
 TTTTTTTTTTTTTTTTTTTTTTTTTTTTTT NUMDFT      TELAPSE      124.01 TCPU      122.66
 CYC   4 ETOT(AU) -4.264017309518E+03 DETOT -1.76E-03 tst  7.01E-05 PX  1.50E-02
 TTTTTTTTTTTTTTTTTTTTTTTTTTTTTT DIIS        TELAPSE      124.24 TCPU      122.89
 DIIS TEST: 0.14714E+00 AT SCF   CYCLE   4 - DIIS ACTIVE - HISTORY:     4 CYCLES
 TTTTTTTTTTTTTTTTTTTTTTTTTTTTTT FDIK        TELAPSE      130.37 TCPU      128.94

    ALPHA      ELECTRONS
 INSULATING STATE
 TOP OF VALENCE BANDS -    BAND    336; K    1; EIG -1.6730964E-01 AU
 BOTTOM OF VIRTUAL BANDS - BAND    337; K    1; EIG -6.1458472E-02 AU
 DIRECT ENERGY BAND GAP:   2.8804 eV

    BETA       ELECTRONS
 INSULATING STATE
 TOP OF VALENCE BANDS -    BAND    336; K    1; EIG -1.6730964E-01 AU
 BOTTOM OF VIRTUAL BANDS - BAND    337; K    1; EIG -6.1458472E-02 AU
 DIRECT ENERGY BAND GAP:   2.8804 eV
 TTTTTTTTTTTTTTTTTTTTTTTTTTTTTT PDIG        TELAPSE      131.29 TCPU      129.84
 CHARGE NORMALIZATION FACTOR   1.00000000
 TOTAL ATOMIC CHARGES:
   6.0178496   6.0178496   6.0178496   6.0178496   6.0178496   6.0178496
   6.0178496   6.0178496   6.0178496   6.0178496   6.0178496   6.0178496
   6.0178496   6.0178496   6.0178496   6.0178496   6.0178496   6.0178496
   6.0178496   6.0178496   6.0178496   6.0178496   6.0178496   6.0178496
   5.9750621   5.9750621   5.9750621   5.9750621   5.9750621   5.9750621
   5.9750621   5.9750621   5.9750621   5.9750621   5.9750621   5.9750621
   5.9750621   5.9750621   5.9750621   5.9750621   5.9750621   5.9750621
   5.9750621   5.9750621   5.9750621   5.9750621   5.9750621   5.9750621
   5.9874434   5.9874434   5.9874434   5.9874434   5.9874434   5.9874434
   5.9874434   5.9874434   5.9874434   5.9874434   5.9874434   5.9874434
   6.0138064   6.0138064   6.0138064   6.0138064   6.0138064   6.0138064
   6.0138064   6.0138064   6.0138064   6.0138064   6.0138064   6.0138064
   6.0388451   6.0388451   6.0388451   6.0388451   6.0388451   6.0388451
   6.0388451   6.0388451   6.0388451   6.0388451   6.0388451   6.0388451
   6.0548644   6.0548644   6.0548644   6.0548644   5.9806026   5.9806026
   5.9806026   5.9806026   5.9806026   5.9806026   5.9806026   5.9806026
   5.9806026   5.9806026   5.9806026   5.9806026   5.9751910   5.9751910
   5.9751910   5.9751910   5.9751910   5.9751910   5.9751910   5.9751910
   5.9751910   5.9751910   5.9751910   5.9751910
 SUMMED SPIN DENSITY          -0.00000000
 TOTAL ATOMIC SPINS  :
   0.0000000   0.0000000   0.0000000   0.0000000   0.0000000   0.0000000
   0.0000000   0.0000000   0.0000000   0.0000000   0.0000000   0.0000000
   0.0000000   0.0000000   0.0000000   0.0000000   0.0000000   0.0000000
   0.0000000   0.0000000   0.0000000   0.0000000   0.0000000   0.0000000
  -0.0000000  -0.0000000  -0.0000000  -0.0000000  -0.0000000  -0.0000000
  -0.0000000  -0.0000000  -0.0000000  -0.0000000  -0.0000000  -0.0000000
  -0.0000000  -0.0000000  -0.0000000  -0.0000000  -0.0000000  -0.0000000
  -0.0000000  -0.0000000  -0.0000000  -0.0000000  -0.0000000  -0.0000000
   0.0000000   0.0000000   0.0000000   0.0000000   0.0000000   0.0000000
   0.0000000   0.0000000   0.0000000   0.0000000   0.0000000   0.0000000
   0.0000000   0.0000000   0.0000000   0.0000000   0.0000000   0.0000000
   0.0000000   0.0000000   0.0000000   0.0000000   0.0000000   0.0000000
  -0.0000000  -0.0000000  -0.0000000  -0.0000000  -0.0000000  -0.0000000
  -0.0000000  -0.0000000  -0.0000000  -0.0000000  -0.0000000  -0.0000000
  -0.0000000  -0.0000000  -0.0000000  -0.0000000  -0.0000000  -0.0000000
  -0.0000000  -0.0000000  -0.0000000  -0.0000000  -0.0000000  -0.0000000
  -0.0000000  -0.0000000  -0.0000000  -0.0000000   0.0000000   0.0000000
   0.0000000   0.0000000   0.0000000   0.0000000   0.0000000   0.0000000
   0.0000000   0.0000000   0.0000000   0.0000000
 TTTTTTTTTTTTTTTTTTTTTTTTTTTTTT MOQGAD      TELAPSE      131.32 TCPU      129.87
 TTTTTTTTTTTTTTTTTTTTTTTTTTTTTT SHELLXN     TELAPSE      144.37 TCPU      142.88
 TTTTTTTTTTTTTTTTTTTTTTTTTTTTTT MONMO3      TELAPSE      144.59 TCPU      143.10
 NUMERICALLY INTEGRATED DENSITY    336.0001016982    336.0001016982
 TTTTTTTTTTTTTTTTTTTTTTTTTTTTTT NUMDFT      TELAPSE      145.49 TCPU      143.99
 CYC   5 ETOT(AU) -4.264020951828E+03 DETOT -3.64E-03 tst  5.15E-05 PX  1.40E-02
 TTTTTTTTTTTTTTTTTTTTTTTTTTTTTT DIIS        TELAPSE      145.69 TCPU      144.19
 DIIS TEST: 0.39294E-01 AT SCF   CYCLE   5 - DIIS ACTIVE - HISTORY:     5 CYCLES
 TTTTTTTTTTTTTTTTTTTTTTTTTTTTTT FDIK        TELAPSE      151.79 TCPU      150.26

    ALPHA      ELECTRONS
 INSULATING STATE
 TOP OF VALENCE BANDS -    BAND    336; K    1; EIG -1.6705330E-01 AU
 BOTTOM OF VIRTUAL BANDS - BAND    337; K    1; EIG -6.1719581E-02 AU
 DIRECT ENERGY BAND GAP:   2.8663 eV

    BETA       ELECTRONS
 INSULATING STATE
 TOP OF VALENCE BANDS -    BAND    336; K    1; EIG -1.6705330E-01 AU
 BOTTOM OF VIRTUAL BANDS - BAND    337; K    1; EIG -6.1719581E-02 AU
 DIRECT ENERGY BAND GAP:   2.8663 eV
 TTTTTTTTTTTTTTTTTTTTTTTTTTTTTT PDIG        TELAPSE      152.71 TCPU      151.18
 CHARGE NORMALIZATION FACTOR   1.00000000
 TOTAL ATOMIC CHARGES:
   6.0125859   6.0125859   6.0125859   6.0125859   6.0125859   6.0125859
   6.0125859   6.0125859   6.0125859   6.0125859   6.0125859   6.0125859
   6.0125859   6.0125859   6.0125859   6.0125859   6.0125859   6.0125859
   6.0125859   6.0125859   6.0125859   6.0125859   6.0125859   6.0125859
   5.9799944   5.9799944   5.9799944   5.9799944   5.9799944   5.9799944
   5.9799944   5.9799944   5.9799944   5.9799944   5.9799944   5.9799944
   5.9799944   5.9799944   5.9799944   5.9799944   5.9799944   5.9799944
   5.9799944   5.9799944   5.9799944   5.9799944   5.9799944   5.9799944
   5.9999740   5.9999740   5.9999740   5.9999740   5.9999740   5.9999740
   5.9999740   5.9999740   5.9999740   5.9999740   5.9999740   5.9999740
   6.0133450   6.0133450   6.0133450   6.0133450   6.0133450   6.0133450
   6.0133450   6.0133450   6.0133450   6.0133450   6.0133450   6.0133450
   6.0297119   6.0297119   6.0297119   6.0297119   6.0297119   6.0297119
   6.0297119   6.0297119   6.0297119   6.0297119   6.0297119   6.0297119
   6.0537282   6.0537282   6.0537282   6.0537282   5.9768883   5.9768883
   5.9768883   5.9768883   5.9768883   5.9768883   5.9768883   5.9768883
   5.9768883   5.9768883   5.9768883   5.9768883   5.9770109   5.9770109
   5.9770109   5.9770109   5.9770109   5.9770109   5.9770109   5.9770109
   5.9770109   5.9770109   5.9770109   5.9770109
 SUMMED SPIN DENSITY          -0.00000000
 TOTAL ATOMIC SPINS  :
   0.0000000   0.0000000   0.0000000   0.0000000   0.0000000   0.0000000
   0.0000000   0.0000000   0.0000000   0.0000000   0.0000000   0.0000000
   0.0000000   0.0000000   0.0000000   0.0000000   0.0000000   0.0000000
   0.0000000   0.0000000   0.0000000   0.0000000   0.0000000   0.0000000
  -0.0000000  -0.0000000  -0.0000000  -0.0000000  -0.0000000  -0.0000000
  -0.0000000  -0.0000000  -0.0000000  -0.0000000  -0.0000000  -0.0000000
  -0.0000000  -0.0000000  -0.0000000  -0.0000000  -0.0000000  -0.0000000
  -0.0000000  -0.0000000  -0.0000000  -0.0000000  -0.0000000  -0.0000000
   0.0000000   0.0000000   0.0000000   0.0000000   0.0000000   0.0000000
   0.0000000   0.0000000   0.0000000   0.0000000   0.0000000   0.0000000
   0.0000000   0.0000000   0.0000000   0.0000000   0.0000000   0.0000000
   0.0000000   0.0000000   0.0000000   0.0000000   0.0000000   0.0000000
  -0.0000000  -0.0000000  -0.0000000  -0.0000000  -0.0000000  -0.0000000
  -0.0000000  -0.0000000  -0.0000000  -0.0000000  -0.0000000  -0.0000000
  -0.0000000  -0.0000000  -0.0000000  -0.0000000  -0.0000000  -0.0000000
  -0.0000000  -0.0000000  -0.0000000  -0.0000000  -0.0000000  -0.0000000
  -0.0000000  -0.0000000  -0.0000000  -0.0000000  -0.0000000  -0.0000000
  -0.0000000  -0.0000000  -0.0000000  -0.0000000  -0.0000000  -0.0000000
  -0.0000000  -0.0000000  -0.0000000  -0.0000000
 TTTTTTTTTTTTTTTTTTTTTTTTTTTTTT MOQGAD      TELAPSE      152.73 TCPU      151.20
 TTTTTTTTTTTTTTTTTTTTTTTTTTTTTT SHELLXN     TELAPSE      165.75 TCPU      164.18
 TTTTTTTTTTTTTTTTTTTTTTTTTTTTTT MONMO3      TELAPSE      165.97 TCPU      164.40
 NUMERICALLY INTEGRATED DENSITY    336.0001011504    336.0001011504
 TTTTTTTTTTTTTTTTTTTTTTTTTTTTTT NUMDFT      TELAPSE      166.87 TCPU      165.30
 CYC   6 ETOT(AU) -4.264022125055E+03 DETOT -1.17E-03 tst  4.44E-06 PX  2.54E-03
 TTTTTTTTTTTTTTTTTTTTTTTTTTTTTT DIIS        TELAPSE      167.07 TCPU      165.50
 DIIS TEST: 0.51794E-02 AT SCF   CYCLE   6 - DIIS ACTIVE - HISTORY:     6 CYCLES
 TTTTTTTTTTTTTTTTTTTTTTTTTTTTTT FDIK        TELAPSE      172.65 TCPU      171.05

    ALPHA      ELECTRONS
 INSULATING STATE
 TOP OF VALENCE BANDS -    BAND    336; K    1; EIG -1.6711490E-01 AU
 BOTTOM OF VIRTUAL BANDS - BAND    337; K    1; EIG -6.1638891E-02 AU
 DIRECT ENERGY BAND GAP:   2.8701 eV

    BETA       ELECTRONS
 INSULATING STATE
 TOP OF VALENCE BANDS -    BAND    336; K    1; EIG -1.6711490E-01 AU
 BOTTOM OF VIRTUAL BANDS - BAND    337; K    1; EIG -6.1638891E-02 AU
 DIRECT ENERGY BAND GAP:   2.8701 eV
 TTTTTTTTTTTTTTTTTTTTTTTTTTTTTT PDIG        TELAPSE      173.57 TCPU      171.97
 CHARGE NORMALIZATION FACTOR   1.00000000
 TOTAL ATOMIC CHARGES:
   6.0143325   6.0143325   6.0143325   6.0143325   6.0143325   6.0143325
   6.0143325   6.0143325   6.0143325   6.0143325   6.0143325   6.0143325
   6.0143325   6.0143325   6.0143325   6.0143325   6.0143325   6.0143325
   6.0143325   6.0143325   6.0143325   6.0143325   6.0143325   6.0143325
   5.9767802   5.9767802   5.9767802   5.9767802   5.9767802   5.9767802
   5.9767802   5.9767802   5.9767802   5.9767802   5.9767802   5.9767802
   5.9767802   5.9767802   5.9767802   5.9767802   5.9767802   5.9767802
   5.9767802   5.9767802   5.9767802   5.9767802   5.9767802   5.9767802
   5.9991086   5.9991086   5.9991086   5.9991086   5.9991086   5.9991086
   5.9991086   5.9991086   5.9991086   5.9991086   5.9991086   5.9991086
   6.0143997   6.0143997   6.0143997   6.0143997   6.0143997   6.0143997
   6.0143997   6.0143997   6.0143997   6.0143997   6.0143997   6.0143997
   6.0344481   6.0344481   6.0344481   6.0344481   6.0344481   6.0344481
   6.0344481   6.0344481   6.0344481   6.0344481   6.0344481   6.0344481
   6.0584286   6.0584286   6.0584286   6.0584286   5.9755782   5.9755782
   5.9755782   5.9755782   5.9755782   5.9755782   5.9755782   5.9755782
   5.9755782   5.9755782   5.9755782   5.9755782   5.9747638   5.9747638
   5.9747638   5.9747638   5.9747638   5.9747638   5.9747638   5.9747638
   5.9747638   5.9747638   5.9747638   5.9747638
 SUMMED SPIN DENSITY          -0.00000000
 TOTAL ATOMIC SPINS  :
   0.0000000   0.0000000   0.0000000   0.0000000   0.0000000   0.0000000
   0.0000000   0.0000000   0.0000000   0.0000000   0.0000000   0.0000000
   0.0000000   0.0000000   0.0000000   0.0000000   0.0000000   0.0000000
   0.0000000   0.0000000   0.0000000   0.0000000   0.0000000   0.0000000
  -0.0000000  -0.0000000  -0.0000000  -0.0000000  -0.0000000  -0.0000000
  -0.0000000  -0.0000000  -0.0000000  -0.0000000  -0.0000000  -0.0000000
  -0.0000000  -0.0000000  -0.0000000  -0.0000000  -0.0000000  -0.0000000
  -0.0000000  -0.0000000  -0.0000000  -0.0000000  -0.0000000  -0.0000000
   0.0000000   0.0000000   0.0000000   0.0000000   0.0000000   0.0000000
   0.0000000   0.0000000   0.0000000   0.0000000   0.0000000   0.0000000
   0.0000000   0.0000000   0.0000000   0.0000000   0.0000000   0.0000000
   0.0000000   0.0000000   0.0000000   0.0000000   0.0000000   0.0000000
  -0.0000000  -0.0000000  -0.0000000  -0.0000000  -0.0000000  -0.0000000
  -0.0000000  -0.0000000  -0.0000000  -0.0000000  -0.0000000  -0.0000000
  -0.0000000  -0.0000000  -0.0000000  -0.0000000  -0.0000000  -0.0000000
  -0.0000000  -0.0000000  -0.0000000  -0.0000000  -0.0000000  -0.0000000
  -0.0000000  -0.0000000  -0.0000000  -0.0000000   0.0000000   0.0000000
   0.0000000   0.0000000   0.0000000   0.0000000   0.0000000   0.0000000
   0.0000000   0.0000000   0.0000000   0.0000000
 TTTTTTTTTTTTTTTTTTTTTTTTTTTTTT MOQGAD      TELAPSE      173.60 TCPU      171.99
 TTTTTTTTTTTTTTTTTTTTTTTTTTTTTT SHELLXN     TELAPSE      186.63 TCPU      184.99
 TTTTTTTTTTTTTTTTTTTTTTTTTTTTTT MONMO3      TELAPSE      186.85 TCPU      185.21
 NUMERICALLY INTEGRATED DENSITY    336.0001014011    336.0001014011
 TTTTTTTTTTTTTTTTTTTTTTTTTTTTTT NUMDFT      TELAPSE      187.75 TCPU      186.11
 CYC   7 ETOT(AU) -4.264022290259E+03 DETOT -1.65E-04 tst  4.77E-07 PX  1.67E-03
 TTTTTTTTTTTTTTTTTTTTTTTTTTTTTT DIIS        TELAPSE      187.96 TCPU      186.31
 DIIS TEST: 0.15422E-03 AT SCF   CYCLE   7 - DIIS ACTIVE - HISTORY:     7 CYCLES
 TTTTTTTTTTTTTTTTTTTTTTTTTTTTTT FDIK        TELAPSE      194.80 TCPU      193.13

    ALPHA      ELECTRONS
 INSULATING STATE
 TOP OF VALENCE BANDS -    BAND    336; K    1; EIG -1.6711094E-01 AU
 BOTTOM OF VIRTUAL BANDS - BAND    337; K    1; EIG -6.1656445E-02 AU
 DIRECT ENERGY BAND GAP:   2.8696 eV

    BETA       ELECTRONS
 INSULATING STATE
 TOP OF VALENCE BANDS -    BAND    336; K    1; EIG -1.6711094E-01 AU
 BOTTOM OF VIRTUAL BANDS - BAND    337; K    1; EIG -6.1656445E-02 AU
 DIRECT ENERGY BAND GAP:   2.8696 eV
 TTTTTTTTTTTTTTTTTTTTTTTTTTTTTT PDIG        TELAPSE      195.72 TCPU      194.05
 CHARGE NORMALIZATION FACTOR   1.00000000
 TOTAL ATOMIC CHARGES:
   6.0134140   6.0134140   6.0134140   6.0134140   6.0134140   6.0134140
   6.0134140   6.0134140   6.0134140   6.0134140   6.0134140   6.0134140
   6.0134140   6.0134140   6.0134140   6.0134140   6.0134140   6.0134140
   6.0134140   6.0134140   6.0134140   6.0134140   6.0134140   6.0134140
   5.9778814   5.9778814   5.9778814   5.9778814   5.9778814   5.9778814
   5.9778814   5.9778814   5.9778814   5.9778814   5.9778814   5.9778814
   5.9778814   5.9778814   5.9778814   5.9778814   5.9778814   5.9778814
   5.9778814   5.9778814   5.9778814   5.9778814   5.9778814   5.9778814
   5.9980729   5.9980729   5.9980729   5.9980729   5.9980729   5.9980729
   5.9980729   5.9980729   5.9980729   5.9980729   5.9980729   5.9980729
   6.0135982   6.0135982   6.0135982   6.0135982   6.0135982   6.0135982
   6.0135982   6.0135982   6.0135982   6.0135982   6.0135982   6.0135982
   6.0343321   6.0343321   6.0343321   6.0343321   6.0343321   6.0343321
   6.0343321   6.0343321   6.0343321   6.0343321   6.0343321   6.0343321
   6.0585213   6.0585213   6.0585213   6.0585213   5.9763112   5.9763112
   5.9763112   5.9763112   5.9763112   5.9763112   5.9763112   5.9763112
   5.9763112   5.9763112   5.9763112   5.9763112   5.9755878   5.9755878
   5.9755878   5.9755878   5.9755878   5.9755878   5.9755878   5.9755878
   5.9755878   5.9755878   5.9755878   5.9755878
 SUMMED SPIN DENSITY          -0.00000000
 TOTAL ATOMIC SPINS  :
   0.0000000   0.0000000   0.0000000   0.0000000   0.0000000   0.0000000
   0.0000000   0.0000000   0.0000000   0.0000000   0.0000000   0.0000000
   0.0000000   0.0000000   0.0000000   0.0000000   0.0000000   0.0000000
   0.0000000   0.0000000   0.0000000   0.0000000   0.0000000   0.0000000
  -0.0000000  -0.0000000  -0.0000000  -0.0000000  -0.0000000  -0.0000000
  -0.0000000  -0.0000000  -0.0000000  -0.0000000  -0.0000000  -0.0000000
  -0.0000000  -0.0000000  -0.0000000  -0.0000000  -0.0000000  -0.0000000
  -0.0000000  -0.0000000  -0.0000000  -0.0000000  -0.0000000  -0.0000000
   0.0000000   0.0000000   0.0000000   0.0000000   0.0000000   0.0000000
   0.0000000   0.0000000   0.0000000   0.0000000   0.0000000   0.0000000
   0.0000000   0.0000000   0.0000000   0.0000000   0.0000000   0.0000000
   0.0000000   0.0000000   0.0000000   0.0000000   0.0000000   0.0000000
  -0.0000000  -0.0000000  -0.0000000  -0.0000000  -0.0000000  -0.0000000
  -0.0000000  -0.0000000  -0.0000000  -0.0000000  -0.0000000  -0.0000000
  -0.0000000  -0.0000000  -0.0000000  -0.0000000  -0.0000000  -0.0000000
  -0.0000000  -0.0000000  -0.0000000  -0.0000000  -0.0000000  -0.0000000
  -0.0000000  -0.0000000  -0.0000000  -0.0000000  -0.0000000  -0.0000000
  -0.0000000  -0.0000000  -0.0000000  -0.0000000  -0.0000000  -0.0000000
  -0.0000000  -0.0000000  -0.0000000  -0.0000000
 TTTTTTTTTTTTTTTTTTTTTTTTTTTTTT MOQGAD      TELAPSE      195.74 TCPU      194.07
 TTTTTTTTTTTTTTTTTTTTTTTTTTTTTT SHELLXN     TELAPSE      208.78 TCPU      207.09
 TTTTTTTTTTTTTTTTTTTTTTTTTTTTTT MONMO3      TELAPSE      209.00 TCPU      207.31
 NUMERICALLY INTEGRATED DENSITY    336.0001014697    336.0001014697
 TTTTTTTTTTTTTTTTTTTTTTTTTTTTTT NUMDFT      TELAPSE      209.90 TCPU      208.21
 CYC   8 ETOT(AU) -4.264022297907E+03 DETOT -7.65E-06 tst  2.98E-08 PX  2.44E-04
 TTTTTTTTTTTTTTTTTTTTTTTTTTTTTT DIIS        TELAPSE      210.10 TCPU      208.41
 DIIS TEST: 0.52464E-04 AT SCF   CYCLE   8 - DIIS ACTIVE - HISTORY:     8 CYCLES
 TTTTTTTTTTTTTTTTTTTTTTTTTTTTTT FDIK        TELAPSE      216.16 TCPU      214.46

    ALPHA      ELECTRONS
 INSULATING STATE
 TOP OF VALENCE BANDS -    BAND    336; K    1; EIG -1.6711185E-01 AU
 BOTTOM OF VIRTUAL BANDS - BAND    337; K    1; EIG -6.1645840E-02 AU
 DIRECT ENERGY BAND GAP:   2.8699 eV

    BETA       ELECTRONS
 INSULATING STATE
 TOP OF VALENCE BANDS -    BAND    336; K    1; EIG -1.6711185E-01 AU
 BOTTOM OF VIRTUAL BANDS - BAND    337; K    1; EIG -6.1645840E-02 AU
 DIRECT ENERGY BAND GAP:   2.8699 eV
 TTTTTTTTTTTTTTTTTTTTTTTTTTTTTT PDIG        TELAPSE      217.08 TCPU      215.38
 CHARGE NORMALIZATION FACTOR   1.00000000
 TOTAL ATOMIC CHARGES:
   6.0138395   6.0138395   6.0138395   6.0138395   6.0138395   6.0138395
   6.0138395   6.0138395   6.0138395   6.0138395   6.0138395   6.0138395
   6.0138395   6.0138395   6.0138395   6.0138395   6.0138395   6.0138395
   6.0138395   6.0138395   6.0138395   6.0138395   6.0138395   6.0138395
   5.9774296   5.9774296   5.9774296   5.9774296   5.9774296   5.9774296
   5.9774296   5.9774296   5.9774296   5.9774296   5.9774296   5.9774296
   5.9774296   5.9774296   5.9774296   5.9774296   5.9774296   5.9774296
   5.9774296   5.9774296   5.9774296   5.9774296   5.9774296   5.9774296
   5.9986427   5.9986427   5.9986427   5.9986427   5.9986427   5.9986427
   5.9986427   5.9986427   5.9986427   5.9986427   5.9986427   5.9986427
   6.0139556   6.0139556   6.0139556   6.0139556   6.0139556   6.0139556
   6.0139556   6.0139556   6.0139556   6.0139556   6.0139556   6.0139556
   6.0341773   6.0341773   6.0341773   6.0341773   6.0341773   6.0341773
   6.0341773   6.0341773   6.0341773   6.0341773   6.0341773   6.0341773
   6.0582254   6.0582254   6.0582254   6.0582254   5.9760156   5.9760156
   5.9760156   5.9760156   5.9760156   5.9760156   5.9760156   5.9760156
   5.9760156   5.9760156   5.9760156   5.9760156   5.9752621   5.9752621
   5.9752621   5.9752621   5.9752621   5.9752621   5.9752621   5.9752621
   5.9752621   5.9752621   5.9752621   5.9752621
 SUMMED SPIN DENSITY          -0.00000000
 TOTAL ATOMIC SPINS  :
   0.0000000   0.0000000   0.0000000   0.0000000   0.0000000   0.0000000
   0.0000000   0.0000000   0.0000000   0.0000000   0.0000000   0.0000000
   0.0000000   0.0000000   0.0000000   0.0000000   0.0000000   0.0000000
   0.0000000   0.0000000   0.0000000   0.0000000   0.0000000   0.0000000
  -0.0000000  -0.0000000  -0.0000000  -0.0000000  -0.0000000  -0.0000000
  -0.0000000  -0.0000000  -0.0000000  -0.0000000  -0.0000000  -0.0000000
  -0.0000000  -0.0000000  -0.0000000  -0.0000000  -0.0000000  -0.0000000
  -0.0000000  -0.0000000  -0.0000000  -0.0000000  -0.0000000  -0.0000000
   0.0000000   0.0000000   0.0000000   0.0000000   0.0000000   0.0000000
   0.0000000   0.0000000   0.0000000   0.0000000   0.0000000   0.0000000
   0.0000000   0.0000000   0.0000000   0.0000000   0.0000000   0.0000000
   0.0000000   0.0000000   0.0000000   0.0000000   0.0000000   0.0000000
   0.0000000   0.0000000   0.0000000   0.0000000   0.0000000   0.0000000
   0.0000000   0.0000000   0.0000000   0.0000000   0.0000000   0.0000000
  -0.0000000  -0.0000000  -0.0000000  -0.0000000  -0.0000000  -0.0000000
  -0.0000000  -0.0000000  -0.0000000  -0.0000000  -0.0000000  -0.0000000
  -0.0000000  -0.0000000  -0.0000000  -0.0000000  -0.0000000  -0.0000000
  -0.0000000  -0.0000000  -0.0000000  -0.0000000  -0.0000000  -0.0000000
  -0.0000000  -0.0000000  -0.0000000  -0.0000000
 TTTTTTTTTTTTTTTTTTTTTTTTTTTTTT MOQGAD      TELAPSE      217.11 TCPU      215.41
 TTTTTTTTTTTTTTTTTTTTTTTTTTTTTT SHELLXN     TELAPSE      230.12 TCPU      228.40
 TTTTTTTTTTTTTTTTTTTTTTTTTTTTTT MONMO3      TELAPSE      230.34 TCPU      228.62
 NUMERICALLY INTEGRATED DENSITY    336.0001014408    336.0001014408
 TTTTTTTTTTTTTTTTTTTTTTTTTTTTTT NUMDFT      TELAPSE      231.24 TCPU      229.52
 CYC   9 ETOT(AU) -4.264022298765E+03 DETOT -8.59E-07 tst  4.07E-09 PX  1.32E-04
 TTTTTTTTTTTTTTTTTTTTTTTTTTTTTT DIIS        TELAPSE      231.45 TCPU      229.72
 DIIS TEST: 0.98957E-06 AT SCF   CYCLE   9 - DIIS ACTIVE - HISTORY:     9 CYCLES
 TTTTTTTTTTTTTTTTTTTTTTTTTTTTTT FDIK        TELAPSE      237.97 TCPU      236.23

    ALPHA      ELECTRONS
 INSULATING STATE
 TOP OF VALENCE BANDS -    BAND    336; K    1; EIG -1.6711676E-01 AU
 BOTTOM OF VIRTUAL BANDS - BAND    337; K    1; EIG -6.1649260E-02 AU
 DIRECT ENERGY BAND GAP:   2.8699 eV

    BETA       ELECTRONS
 INSULATING STATE
 TOP OF VALENCE BANDS -    BAND    336; K    1; EIG -1.6711676E-01 AU
 BOTTOM OF VIRTUAL BANDS - BAND    337; K    1; EIG -6.1649260E-02 AU
 DIRECT ENERGY BAND GAP:   2.8699 eV
 TTTTTTTTTTTTTTTTTTTTTTTTTTTTTT PDIG        TELAPSE      238.89 TCPU      237.15
 CHARGE NORMALIZATION FACTOR   1.00000000
 TOTAL ATOMIC CHARGES:
   6.0137991   6.0137991   6.0137991   6.0137991   6.0137991   6.0137991
   6.0137991   6.0137991   6.0137991   6.0137991   6.0137991   6.0137991
   6.0137991   6.0137991   6.0137991   6.0137991   6.0137991   6.0137991
   6.0137991   6.0137991   6.0137991   6.0137991   6.0137991   6.0137991
   5.9774920   5.9774920   5.9774920   5.9774920   5.9774920   5.9774920
   5.9774920   5.9774920   5.9774920   5.9774920   5.9774920   5.9774920
   5.9774920   5.9774920   5.9774920   5.9774920   5.9774920   5.9774920
   5.9774920   5.9774920   5.9774920   5.9774920   5.9774920   5.9774920
   5.9985632   5.9985632   5.9985632   5.9985632   5.9985632   5.9985632
   5.9985632   5.9985632   5.9985632   5.9985632   5.9985632   5.9985632
   6.0139655   6.0139655   6.0139655   6.0139655   6.0139655   6.0139655
   6.0139655   6.0139655   6.0139655   6.0139655   6.0139655   6.0139655
   6.0341830   6.0341830   6.0341830   6.0341830   6.0341830   6.0341830
   6.0341830   6.0341830   6.0341830   6.0341830   6.0341830   6.0341830
   6.0582482   6.0582482   6.0582482   6.0582482   5.9760151   5.9760151
   5.9760151   5.9760151   5.9760151   5.9760151   5.9760151   5.9760151
   5.9760151   5.9760151   5.9760151   5.9760151   5.9752752   5.9752752
   5.9752752   5.9752752   5.9752752   5.9752752   5.9752752   5.9752752
   5.9752752   5.9752752   5.9752752   5.9752752
 SUMMED SPIN DENSITY          -0.00000000
 TOTAL ATOMIC SPINS  :
  -0.0000000  -0.0000000  -0.0000000  -0.0000000  -0.0000000  -0.0000000
  -0.0000000  -0.0000000  -0.0000000  -0.0000000  -0.0000000  -0.0000000
  -0.0000000  -0.0000000  -0.0000000  -0.0000000  -0.0000000  -0.0000000
  -0.0000000  -0.0000000  -0.0000000  -0.0000000  -0.0000000  -0.0000000
   0.0000000   0.0000000   0.0000000   0.0000000   0.0000000   0.0000000
   0.0000000   0.0000000   0.0000000   0.0000000   0.0000000   0.0000000
   0.0000000   0.0000000   0.0000000   0.0000000   0.0000000   0.0000000
   0.0000000   0.0000000   0.0000000   0.0000000   0.0000000   0.0000000
  -0.0000000  -0.0000000  -0.0000000  -0.0000000  -0.0000000  -0.0000000
  -0.0000000  -0.0000000  -0.0000000  -0.0000000  -0.0000000  -0.0000000
   0.0000000   0.0000000   0.0000000   0.0000000   0.0000000   0.0000000
   0.0000000   0.0000000   0.0000000   0.0000000   0.0000000   0.0000000
   0.0000000   0.0000000   0.0000000   0.0000000   0.0000000   0.0000000
   0.0000000   0.0000000   0.0000000   0.0000000   0.0000000   0.0000000
   0.0000000   0.0000000   0.0000000   0.0000000   0.0000000   0.0000000
   0.0000000   0.0000000   0.0000000   0.0000000   0.0000000   0.0000000
   0.0000000   0.0000000   0.0000000   0.0000000  -0.0000000  -0.0000000
  -0.0000000  -0.0000000  -0.0000000  -0.0000000  -0.0000000  -0.0000000
  -0.0000000  -0.0000000  -0.0000000  -0.0000000
 TTTTTTTTTTTTTTTTTTTTTTTTTTTTTT MOQGAD      TELAPSE      238.91 TCPU      237.17
 TTTTTTTTTTTTTTTTTTTTTTTTTTTTTT SHELLXN     TELAPSE      251.91 TCPU      250.15
 TTTTTTTTTTTTTTTTTTTTTTTTTTTTTT MONMO3      TELAPSE      252.13 TCPU      250.37
 NUMERICALLY INTEGRATED DENSITY    336.0001014418    336.0001014418
 TTTTTTTTTTTTTTTTTTTTTTTTTTTTTT NUMDFT      TELAPSE      253.03 TCPU      251.27
 CYC  10 ETOT(AU) -4.264022299070E+03 DETOT -3.04E-07 tst  9.25E-11 PX  1.64E-05
 TTTTTTTTTTTTTTTTTTTTTTTTTTTTTT DIIS        TELAPSE      253.23 TCPU      251.47
 DIIS TEST: 0.10635E-06 AT SCF   CYCLE  10 - DIIS ACTIVE - HISTORY:    10 CYCLES
 TTTTTTTTTTTTTTTTTTTTTTTTTTTTTT FDIK        TELAPSE      259.79 TCPU      258.02

    ALPHA      ELECTRONS
 INSULATING STATE
 TOP OF VALENCE BANDS -    BAND    336; K    1; EIG -1.6711577E-01 AU
 BOTTOM OF VIRTUAL BANDS - BAND    337; K    1; EIG -6.1650482E-02 AU
 DIRECT ENERGY BAND GAP:   2.8699 eV

    BETA       ELECTRONS
 INSULATING STATE
 TOP OF VALENCE BANDS -    BAND    336; K    1; EIG -1.6711577E-01 AU
 BOTTOM OF VIRTUAL BANDS - BAND    337; K    1; EIG -6.1650482E-02 AU
 DIRECT ENERGY BAND GAP:   2.8699 eV
 TTTTTTTTTTTTTTTTTTTTTTTTTTTTTT PDIG        TELAPSE      260.71 TCPU      258.93
 CHARGE NORMALIZATION FACTOR   1.00000000
 TOTAL ATOMIC CHARGES:
   6.0137998   6.0137998   6.0137998   6.0137998   6.0137998   6.0137998
   6.0137998   6.0137998   6.0137998   6.0137998   6.0137998   6.0137998
   6.0137998   6.0137998   6.0137998   6.0137998   6.0137998   6.0137998
   6.0137998   6.0137998   6.0137998   6.0137998   6.0137998   6.0137998
   5.9774732   5.9774732   5.9774732   5.9774732   5.9774732   5.9774732
   5.9774732   5.9774732   5.9774732   5.9774732   5.9774732   5.9774732
   5.9774732   5.9774732   5.9774732   5.9774732   5.9774732   5.9774732
   5.9774732   5.9774732   5.9774732   5.9774732   5.9774732   5.9774732
   5.9985875   5.9985875   5.9985875   5.9985875   5.9985875   5.9985875
   5.9985875   5.9985875   5.9985875   5.9985875   5.9985875   5.9985875
   6.0139218   6.0139218   6.0139218   6.0139218   6.0139218   6.0139218
   6.0139218   6.0139218   6.0139218   6.0139218   6.0139218   6.0139218
   6.0341836   6.0341836   6.0341836   6.0341836   6.0341836   6.0341836
   6.0341836   6.0341836   6.0341836   6.0341836   6.0341836   6.0341836
   6.0582535   6.0582535   6.0582535   6.0582535   5.9760457   5.9760457
   5.9760457   5.9760457   5.9760457   5.9760457   5.9760457   5.9760457
   5.9760457   5.9760457   5.9760457   5.9760457   5.9752975   5.9752975
   5.9752975   5.9752975   5.9752975   5.9752975   5.9752975   5.9752975
   5.9752975   5.9752975   5.9752975   5.9752975
 SUMMED SPIN DENSITY          -0.00000000
 TOTAL ATOMIC SPINS  :
  -0.0000000  -0.0000000  -0.0000000  -0.0000000  -0.0000000  -0.0000000
  -0.0000000  -0.0000000  -0.0000000  -0.0000000  -0.0000000  -0.0000000
  -0.0000000  -0.0000000  -0.0000000  -0.0000000  -0.0000000  -0.0000000
  -0.0000000  -0.0000000  -0.0000000  -0.0000000  -0.0000000  -0.0000000
   0.0000000   0.0000000   0.0000000   0.0000000   0.0000000   0.0000000
   0.0000000   0.0000000   0.0000000   0.0000000   0.0000000   0.0000000
   0.0000000   0.0000000   0.0000000   0.0000000   0.0000000   0.0000000
   0.0000000   0.0000000   0.0000000   0.0000000   0.0000000   0.0000000
  -0.0000000  -0.0000000  -0.0000000  -0.0000000  -0.0000000  -0.0000000
  -0.0000000  -0.0000000  -0.0000000  -0.0000000  -0.0000000  -0.0000000
  -0.0000000  -0.0000000  -0.0000000  -0.0000000  -0.0000000  -0.0000000
  -0.0000000  -0.0000000  -0.0000000  -0.0000000  -0.0000000  -0.0000000
   0.0000000   0.0000000   0.0000000   0.0000000   0.0000000   0.0000000
   0.0000000   0.0000000   0.0000000   0.0000000   0.0000000   0.0000000
   0.0000000   0.0000000   0.0000000   0.0000000   0.0000000   0.0000000
   0.0000000   0.0000000   0.0000000   0.0000000   0.0000000   0.0000000
   0.0000000   0.0000000   0.0000000   0.0000000  -0.0000000  -0.0000000
  -0.0000000  -0.0000000  -0.0000000  -0.0000000  -0.0000000  -0.0000000
  -0.0000000  -0.0000000  -0.0000000  -0.0000000
 TTTTTTTTTTTTTTTTTTTTTTTTTTTTTT MOQGAD      TELAPSE      260.73 TCPU      258.96
 TTTTTTTTTTTTTTTTTTTTTTTTTTTTTT SHELLXN     TELAPSE      273.73 TCPU      271.94
 TTTTTTTTTTTTTTTTTTTTTTTTTTTTTT MONMO3      TELAPSE      273.95 TCPU      272.15
 NUMERICALLY INTEGRATED DENSITY    336.0001014425    336.0001014425
 TTTTTTTTTTTTTTTTTTTTTTTTTTTTTT NUMDFT      TELAPSE      274.86 TCPU      273.06
 CYC  11 ETOT(AU) -4.264022299042E+03 DETOT  2.81E-08 tst  1.44E-11 PX  7.37E-06
 TTTTTTTTTTTTTTTTTTTTTTTTTTTTTT DIIS        TELAPSE      275.06 TCPU      273.26
 DIIS TEST: 0.48294E-07 AT SCF   CYCLE  11 - DIIS ACTIVE - HISTORY:    11 CYCLES
 TTTTTTTTTTTTTTTTTTTTTTTTTTTTTT FDIK        TELAPSE      281.47 TCPU      279.67

    ALPHA      ELECTRONS
 INSULATING STATE
 TOP OF VALENCE BANDS -    BAND    336; K    1; EIG -1.6711535E-01 AU
 BOTTOM OF VIRTUAL BANDS - BAND    337; K    1; EIG -6.1649239E-02 AU
 DIRECT ENERGY BAND GAP:   2.8699 eV

    BETA       ELECTRONS
 INSULATING STATE
 TOP OF VALENCE BANDS -    BAND    336; K    1; EIG -1.6711535E-01 AU
 BOTTOM OF VIRTUAL BANDS - BAND    337; K    1; EIG -6.1649239E-02 AU
 DIRECT ENERGY BAND GAP:   2.8699 eV
 TTTTTTTTTTTTTTTTTTTTTTTTTTTTTT PDIG        TELAPSE      282.39 TCPU      280.58
 CHARGE NORMALIZATION FACTOR   1.00000000
 TOTAL ATOMIC CHARGES:
   6.0137991   6.0137991   6.0137991   6.0137991   6.0137991   6.0137991
   6.0137991   6.0137991   6.0137991   6.0137991   6.0137991   6.0137991
   6.0137991   6.0137991   6.0137991   6.0137991   6.0137991   6.0137991
   6.0137991   6.0137991   6.0137991   6.0137991   6.0137991   6.0137991
   5.9774820   5.9774820   5.9774820   5.9774820   5.9774820   5.9774820
   5.9774820   5.9774820   5.9774820   5.9774820   5.9774820   5.9774820
   5.9774820   5.9774820   5.9774820   5.9774820   5.9774820   5.9774820
   5.9774820   5.9774820   5.9774820   5.9774820   5.9774820   5.9774820
   5.9985782   5.9985782   5.9985782   5.9985782   5.9985782   5.9985782
   5.9985782   5.9985782   5.9985782   5.9985782   5.9985782   5.9985782
   6.0139393   6.0139393   6.0139393   6.0139393   6.0139393   6.0139393
   6.0139393   6.0139393   6.0139393   6.0139393   6.0139393   6.0139393
   6.0341861   6.0341861   6.0341861   6.0341861   6.0341861   6.0341861
   6.0341861   6.0341861   6.0341861   6.0341861   6.0341861   6.0341861
   6.0582497   6.0582497   6.0582497   6.0582497   5.9760316   5.9760316
   5.9760316   5.9760316   5.9760316   5.9760316   5.9760316   5.9760316
   5.9760316   5.9760316   5.9760316   5.9760316   5.9752860   5.9752860
   5.9752860   5.9752860   5.9752860   5.9752860   5.9752860   5.9752860
   5.9752860   5.9752860   5.9752860   5.9752860
 SUMMED SPIN DENSITY          -0.00000000
 TOTAL ATOMIC SPINS  :
   0.0000000   0.0000000   0.0000000   0.0000000   0.0000000   0.0000000
   0.0000000   0.0000000   0.0000000   0.0000000   0.0000000   0.0000000
   0.0000000   0.0000000   0.0000000   0.0000000   0.0000000   0.0000000
   0.0000000   0.0000000   0.0000000   0.0000000   0.0000000   0.0000000
   0.0000000   0.0000000   0.0000000   0.0000000   0.0000000   0.0000000
   0.0000000   0.0000000   0.0000000   0.0000000   0.0000000   0.0000000
   0.0000000   0.0000000   0.0000000   0.0000000   0.0000000   0.0000000
   0.0000000   0.0000000   0.0000000   0.0000000   0.0000000   0.0000000
  -0.0000000  -0.0000000  -0.0000000  -0.0000000  -0.0000000  -0.0000000
  -0.0000000  -0.0000000  -0.0000000  -0.0000000  -0.0000000  -0.0000000
   0.0000000   0.0000000   0.0000000   0.0000000   0.0000000   0.0000000
   0.0000000   0.0000000   0.0000000   0.0000000   0.0000000   0.0000000
   0.0000000   0.0000000   0.0000000   0.0000000   0.0000000   0.0000000
   0.0000000   0.0000000   0.0000000   0.0000000   0.0000000   0.0000000
   0.0000000   0.0000000   0.0000000   0.0000000  -0.0000000  -0.0000000
  -0.0000000  -0.0000000  -0.0000000  -0.0000000  -0.0000000  -0.0000000
  -0.0000000  -0.0000000  -0.0000000  -0.0000000  -0.0000000  -0.0000000
  -0.0000000  -0.0000000  -0.0000000  -0.0000000  -0.0000000  -0.0000000
  -0.0000000  -0.0000000  -0.0000000  -0.0000000
 TTTTTTTTTTTTTTTTTTTTTTTTTTTTTT MOQGAD      TELAPSE      282.42 TCPU      280.61
 TTTTTTTTTTTTTTTTTTTTTTTTTTTTTT SHELLXN     TELAPSE      295.43 TCPU      293.61
 TTTTTTTTTTTTTTTTTTTTTTTTTTTTTT MONMO3      TELAPSE      295.65 TCPU      293.82
 NUMERICALLY INTEGRATED DENSITY    336.0001014422    336.0001014422
 TTTTTTTTTTTTTTTTTTTTTTTTTTTTTT NUMDFT      TELAPSE      296.55 TCPU      294.73
 CYC  12 ETOT(AU) -4.264022299027E+03 DETOT  1.46E-08 tst  2.73E-12 PX  2.86E-06
 TTTTTTTTTTTTTTTTTTTTTTTTTTTTTT DIIS        TELAPSE      296.75 TCPU      294.92
 DIIS TEST: 0.80213E-09 AT SCF   CYCLE  12 - DIIS ACTIVE - HISTORY:    12 CYCLES
 TTTTTTTTTTTTTTTTTTTTTTTTTTTTTT FDIK        TELAPSE      301.79 TCPU      299.95

    ALPHA      ELECTRONS
 INSULATING STATE
 TOP OF VALENCE BANDS -    BAND    336; K    1; EIG -1.6711553E-01 AU
 BOTTOM OF VIRTUAL BANDS - BAND    337; K    1; EIG -6.1649284E-02 AU
 DIRECT ENERGY BAND GAP:   2.8699 eV

    BETA       ELECTRONS
 INSULATING STATE
 TOP OF VALENCE BANDS -    BAND    336; K    1; EIG -1.6711553E-01 AU
 BOTTOM OF VIRTUAL BANDS - BAND    337; K    1; EIG -6.1649284E-02 AU
 DIRECT ENERGY BAND GAP:   2.8699 eV
 TTTTTTTTTTTTTTTTTTTTTTTTTTTTTT PDIG        TELAPSE      302.71 TCPU      300.87
 CHARGE NORMALIZATION FACTOR   1.00000000
 TOTAL ATOMIC CHARGES:
   6.0137994   6.0137994   6.0137994   6.0137994   6.0137994   6.0137994
   6.0137994   6.0137994   6.0137994   6.0137994   6.0137994   6.0137994
   6.0137994   6.0137994   6.0137994   6.0137994   6.0137994   6.0137994
   6.0137994   6.0137994   6.0137994   6.0137994   6.0137994   6.0137994
   5.9774805   5.9774805   5.9774805   5.9774805   5.9774805   5.9774805
   5.9774805   5.9774805   5.9774805   5.9774805   5.9774805   5.9774805
   5.9774805   5.9774805   5.9774805   5.9774805   5.9774805   5.9774805
   5.9774805   5.9774805   5.9774805   5.9774805   5.9774805   5.9774805
   5.9985781   5.9985781   5.9985781   5.9985781   5.9985781   5.9985781
   5.9985781   5.9985781   5.9985781   5.9985781   5.9985781   5.9985781
   6.0139402   6.0139402   6.0139402   6.0139402   6.0139402   6.0139402
   6.0139402   6.0139402   6.0139402   6.0139402   6.0139402   6.0139402
   6.0341843   6.0341843   6.0341843   6.0341843   6.0341843   6.0341843
   6.0341843   6.0341843   6.0341843   6.0341843   6.0341843   6.0341843
   6.0582519   6.0582519   6.0582519   6.0582519   5.9760326   5.9760326
   5.9760326   5.9760326   5.9760326   5.9760326   5.9760326   5.9760326
   5.9760326   5.9760326   5.9760326   5.9760326   5.9752876   5.9752876
   5.9752876   5.9752876   5.9752876   5.9752876   5.9752876   5.9752876
   5.9752876   5.9752876   5.9752876   5.9752876
 SUMMED SPIN DENSITY          -0.00000000
 TOTAL ATOMIC SPINS  :
  -0.0000000  -0.0000000  -0.0000000  -0.0000000  -0.0000000  -0.0000000
  -0.0000000  -0.0000000  -0.0000000  -0.0000000  -0.0000000  -0.0000000
  -0.0000000  -0.0000000  -0.0000000  -0.0000000  -0.0000000  -0.0000000
  -0.0000000  -0.0000000  -0.0000000  -0.0000000  -0.0000000  -0.0000000
  -0.0000000  -0.0000000  -0.0000000  -0.0000000  -0.0000000  -0.0000000
  -0.0000000  -0.0000000  -0.0000000  -0.0000000  -0.0000000  -0.0000000
  -0.0000000  -0.0000000  -0.0000000  -0.0000000  -0.0000000  -0.0000000
  -0.0000000  -0.0000000  -0.0000000  -0.0000000  -0.0000000  -0.0000000
   0.0000000   0.0000000   0.0000000   0.0000000   0.0000000   0.0000000
   0.0000000   0.0000000   0.0000000   0.0000000   0.0000000   0.0000000
  -0.0000000  -0.0000000  -0.0000000  -0.0000000  -0.0000000  -0.0000000
  -0.0000000  -0.0000000  -0.0000000  -0.0000000  -0.0000000  -0.0000000
   0.0000000   0.0000000   0.0000000   0.0000000   0.0000000   0.0000000
   0.0000000   0.0000000   0.0000000   0.0000000   0.0000000   0.0000000
   0.0000000   0.0000000   0.0000000   0.0000000  -0.0000000  -0.0000000
  -0.0000000  -0.0000000  -0.0000000  -0.0000000  -0.0000000  -0.0000000
  -0.0000000  -0.0000000  -0.0000000  -0.0000000   0.0000000   0.0000000
   0.0000000   0.0000000   0.0000000   0.0000000   0.0000000   0.0000000
   0.0000000   0.0000000   0.0000000   0.0000000
 TTTTTTTTTTTTTTTTTTTTTTTTTTTTTT MOQGAD      TELAPSE      302.74 TCPU      300.90
 TTTTTTTTTTTTTTTTTTTTTTTTTTTTTT SHELLXN     TELAPSE      315.81 TCPU      313.96
 TTTTTTTTTTTTTTTTTTTTTTTTTTTTTT MONMO3      TELAPSE      316.03 TCPU      314.18
 NUMERICALLY INTEGRATED DENSITY    336.0001014423    336.0001014423
 TTTTTTTTTTTTTTTTTTTTTTTTTTTTTT NUMDFT      TELAPSE      316.93 TCPU      315.08
 CYC  13 ETOT(AU) -4.264022299034E+03 DETOT -7.12E-09 tst  7.14E-14 PX  6.13E-07
 TTTTTTTTTTTTTTTTTTTTTTTTTTTTTT DIIS        TELAPSE      317.13 TCPU      315.27
 DIIS TEST: 0.26765E-09 AT SCF   CYCLE  13 - DIIS ACTIVE - HISTORY:    13 CYCLES
 TTTTTTTTTTTTTTTTTTTTTTTTTTTTTT FDIK        TELAPSE      321.15 TCPU      319.29

    ALPHA      ELECTRONS
 INSULATING STATE
 TOP OF VALENCE BANDS -    BAND    336; K    1; EIG -1.6711552E-01 AU
 BOTTOM OF VIRTUAL BANDS - BAND    337; K    1; EIG -6.1649341E-02 AU
 DIRECT ENERGY BAND GAP:   2.8699 eV

    BETA       ELECTRONS
 INSULATING STATE
 TOP OF VALENCE BANDS -    BAND    336; K    1; EIG -1.6711552E-01 AU
 BOTTOM OF VIRTUAL BANDS - BAND    337; K    1; EIG -6.1649341E-02 AU
 DIRECT ENERGY BAND GAP:   2.8699 eV
 TTTTTTTTTTTTTTTTTTTTTTTTTTTTTT PDIG        TELAPSE      322.07 TCPU      320.21
 CHARGE NORMALIZATION FACTOR   1.00000000
 TOTAL ATOMIC CHARGES:
   6.0137996   6.0137996   6.0137996   6.0137996   6.0137996   6.0137996
   6.0137996   6.0137996   6.0137996   6.0137996   6.0137996   6.0137996
   6.0137996   6.0137996   6.0137996   6.0137996   6.0137996   6.0137996
   6.0137996   6.0137996   6.0137996   6.0137996   6.0137996   6.0137996
   5.9774808   5.9774808   5.9774808   5.9774808   5.9774808   5.9774808
   5.9774808   5.9774808   5.9774808   5.9774808   5.9774808   5.9774808
   5.9774808   5.9774808   5.9774808   5.9774808   5.9774808   5.9774808
   5.9774808   5.9774808   5.9774808   5.9774808   5.9774808   5.9774808
   5.9985785   5.9985785   5.9985785   5.9985785   5.9985785   5.9985785
   5.9985785   5.9985785   5.9985785   5.9985785   5.9985785   5.9985785
   6.0139395   6.0139395   6.0139395   6.0139395   6.0139395   6.0139395
   6.0139395   6.0139395   6.0139395   6.0139395   6.0139395   6.0139395
   6.0341849   6.0341849   6.0341849   6.0341849   6.0341849   6.0341849
   6.0341849   6.0341849   6.0341849   6.0341849   6.0341849   6.0341849
   6.0582506   6.0582506   6.0582506   6.0582506   5.9760323   5.9760323
   5.9760323   5.9760323   5.9760323   5.9760323   5.9760323   5.9760323
   5.9760323   5.9760323   5.9760323   5.9760323   5.9752871   5.9752871
   5.9752871   5.9752871   5.9752871   5.9752871   5.9752871   5.9752871
   5.9752871   5.9752871   5.9752871   5.9752871
 SUMMED SPIN DENSITY          -0.00000000
 TOTAL ATOMIC SPINS  :
  -0.0000000  -0.0000000  -0.0000000  -0.0000000  -0.0000000  -0.0000000
  -0.0000000  -0.0000000  -0.0000000  -0.0000000  -0.0000000  -0.0000000
  -0.0000000  -0.0000000  -0.0000000  -0.0000000  -0.0000000  -0.0000000
  -0.0000000  -0.0000000  -0.0000000  -0.0000000  -0.0000000  -0.0000000
  -0.0000000  -0.0000000  -0.0000000  -0.0000000  -0.0000000  -0.0000000
  -0.0000000  -0.0000000  -0.0000000  -0.0000000  -0.0000000  -0.0000000
  -0.0000000  -0.0000000  -0.0000000  -0.0000000  -0.0000000  -0.0000000
  -0.0000000  -0.0000000  -0.0000000  -0.0000000  -0.0000000  -0.0000000
   0.0000000   0.0000000   0.0000000   0.0000000   0.0000000   0.0000000
   0.0000000   0.0000000   0.0000000   0.0000000   0.0000000   0.0000000
  -0.0000000  -0.0000000  -0.0000000  -0.0000000  -0.0000000  -0.0000000
  -0.0000000  -0.0000000  -0.0000000  -0.0000000  -0.0000000  -0.0000000
   0.0000000   0.0000000   0.0000000   0.0000000   0.0000000   0.0000000
   0.0000000   0.0000000   0.0000000   0.0000000   0.0000000   0.0000000
   0.0000000   0.0000000   0.0000000   0.0000000  -0.0000000  -0.0000000
  -0.0000000  -0.0000000  -0.0000000  -0.0000000  -0.0000000  -0.0000000
  -0.0000000  -0.0000000  -0.0000000  -0.0000000   0.0000000   0.0000000
   0.0000000   0.0000000   0.0000000   0.0000000   0.0000000   0.0000000
   0.0000000   0.0000000   0.0000000   0.0000000
 TTTTTTTTTTTTTTTTTTTTTTTTTTTTTT MOQGAD      TELAPSE      322.10 TCPU      320.23
 TTTTTTTTTTTTTTTTTTTTTTTTTTTTTT SHELLXN     TELAPSE      335.16 TCPU      333.28
 TTTTTTTTTTTTTTTTTTTTTTTTTTTTTT MONMO3      TELAPSE      335.38 TCPU      333.49
 NUMERICALLY INTEGRATED DENSITY    336.0001014423    336.0001014423
 TTTTTTTTTTTTTTTTTTTTTTTTTTTTTT NUMDFT      TELAPSE      336.30 TCPU      334.41
 CYC  14 ETOT(AU) -4.264022299034E+03 DETOT -2.91E-11 tst  1.55E-14 PX  3.12E-07
 TTTTTTTTTTTTTTTTTTTTTTTTTTTTTT DIIS        TELAPSE      336.50 TCPU      334.61
 DIIS TEST: 0.51877E-10 AT SCF   CYCLE  14 - DIIS ACTIVE - HISTORY:    14 CYCLES
 TTTTTTTTTTTTTTTTTTTTTTTTTTTTTT FDIK        TELAPSE      350.72 TCPU      348.83

    ALPHA      ELECTRONS
 INSULATING STATE
 TOP OF VALENCE BANDS -    BAND    336; K    1; EIG -1.6711552E-01 AU
 BOTTOM OF VIRTUAL BANDS - BAND    337; K    1; EIG -6.1649336E-02 AU
 DIRECT ENERGY BAND GAP:   2.8699 eV

    BETA       ELECTRONS
 INSULATING STATE
 TOP OF VALENCE BANDS -    BAND    336; K    1; EIG -1.6711552E-01 AU
 BOTTOM OF VIRTUAL BANDS - BAND    337; K    1; EIG -6.1649336E-02 AU
 DIRECT ENERGY BAND GAP:   2.8699 eV
 TTTTTTTTTTTTTTTTTTTTTTTTTTTTTT PDIG        TELAPSE      351.66 TCPU      349.76
 CHARGE NORMALIZATION FACTOR   1.00000000
 TOTAL ATOMIC CHARGES:
   6.0137996   6.0137996   6.0137996   6.0137996   6.0137996   6.0137996
   6.0137996   6.0137996   6.0137996   6.0137996   6.0137996   6.0137996
   6.0137996   6.0137996   6.0137996   6.0137996   6.0137996   6.0137996
   6.0137996   6.0137996   6.0137996   6.0137996   6.0137996   6.0137996
   5.9774808   5.9774808   5.9774808   5.9774808   5.9774808   5.9774808
   5.9774808   5.9774808   5.9774808   5.9774808   5.9774808   5.9774808
   5.9774808   5.9774808   5.9774808   5.9774808   5.9774808   5.9774808
   5.9774808   5.9774808   5.9774808   5.9774808   5.9774808   5.9774808
   5.9985785   5.9985785   5.9985785   5.9985785   5.9985785   5.9985785
   5.9985785   5.9985785   5.9985785   5.9985785   5.9985785   5.9985785
   6.0139395   6.0139395   6.0139395   6.0139395   6.0139395   6.0139395
   6.0139395   6.0139395   6.0139395   6.0139395   6.0139395   6.0139395
   6.0341849   6.0341849   6.0341849   6.0341849   6.0341849   6.0341849
   6.0341849   6.0341849   6.0341849   6.0341849   6.0341849   6.0341849
   6.0582506   6.0582506   6.0582506   6.0582506   5.9760323   5.9760323
   5.9760323   5.9760323   5.9760323   5.9760323   5.9760323   5.9760323
   5.9760323   5.9760323   5.9760323   5.9760323   5.9752871   5.9752871
   5.9752871   5.9752871   5.9752871   5.9752871   5.9752871   5.9752871
   5.9752871   5.9752871   5.9752871   5.9752871
 SUMMED SPIN DENSITY          -0.00000000
 TOTAL ATOMIC SPINS  :
  -0.0000000  -0.0000000  -0.0000000  -0.0000000  -0.0000000  -0.0000000
  -0.0000000  -0.0000000  -0.0000000  -0.0000000  -0.0000000  -0.0000000
  -0.0000000  -0.0000000  -0.0000000  -0.0000000  -0.0000000  -0.0000000
  -0.0000000  -0.0000000  -0.0000000  -0.0000000  -0.0000000  -0.0000000
  -0.0000000  -0.0000000  -0.0000000  -0.0000000  -0.0000000  -0.0000000
  -0.0000000  -0.0000000  -0.0000000  -0.0000000  -0.0000000  -0.0000000
  -0.0000000  -0.0000000  -0.0000000  -0.0000000  -0.0000000  -0.0000000
  -0.0000000  -0.0000000  -0.0000000  -0.0000000  -0.0000000  -0.0000000
   0.0000000   0.0000000   0.0000000   0.0000000   0.0000000   0.0000000
   0.0000000   0.0000000   0.0000000   0.0000000   0.0000000   0.0000000
  -0.0000000  -0.0000000  -0.0000000  -0.0000000  -0.0000000  -0.0000000
  -0.0000000  -0.0000000  -0.0000000  -0.0000000  -0.0000000  -0.0000000
   0.0000000   0.0000000   0.0000000   0.0000000   0.0000000   0.0000000
   0.0000000   0.0000000   0.0000000   0.0000000   0.0000000   0.0000000
   0.0000000   0.0000000   0.0000000   0.0000000  -0.0000000  -0.0000000
  -0.0000000  -0.0000000  -0.0000000  -0.0000000  -0.0000000  -0.0000000
  -0.0000000  -0.0000000  -0.0000000  -0.0000000   0.0000000   0.0000000
   0.0000000   0.0000000   0.0000000   0.0000000   0.0000000   0.0000000
   0.0000000   0.0000000   0.0000000   0.0000000
 TTTTTTTTTTTTTTTTTTTTTTTTTTTTTT MOQGAD      TELAPSE      351.68 TCPU      349.78
 TTTTTTTTTTTTTTTTTTTTTTTTTTTTTT SHELLXN     TELAPSE      364.70 TCPU      362.79
 +++ ENERGIES IN A.U. +++
 ::: EXT EL-POLE                                  -8.5391676464833E+03
 ::: EXT EL-SPHEROPOLE                             6.3386837301508E+01
 ::: BIELET ZONE E-E                               1.1736199680948E+04
 ::: TOTAL E-E                                     3.2604188717666E+03
 ::: TOTAL E-N + N-E                              -1.2514867031479E+04
 ::: TOTAL N-N                                     1.2292273292872E+03
 ::: KINETIC ENERGY                                4.2527959421502E+03
 ::: PSEUDO TOTAL   ENERGY                        -3.7724248882751E+03
 ::: VIRIAL COEFFICIENT                            1.0598576742031E+00
 TTTTTTTTTTTTTTTTTTTTTTTTTTTTTT MONMO3      TELAPSE      364.92 TCPU      363.01
 NUMERICALLY INTEGRATED DENSITY    336.0001014423    336.0001014423
 EXCHANGE ENERGY: -0.463679834402E+03  CORRELATION ENERGY: -0.279175763568E+02
 TTTTTTTTTTTTTTTTTTTTTTTTTTTTTT NUMDFT      TELAPSE      365.83 TCPU      363.92
 CYC  15 ETOT(AU) -4.264022299034E+03 DETOT  6.64E-11 tst  5.14E-16 PX  3.12E-07

 == SCF ENDED - CONVERGENCE ON ENERGY      E(AU) -4.2640222990340E+03 CYCLES  15


 ENERGY EXPRESSION=HARTREE+FOCK EXCH*0.20000+(BECKE      EXCH)*0.80000+LYP        CORR


 TOTAL ENERGY(DFT)(AU)( 15) -4.2640222990340E+03 DE 6.6E-11 tester 5.1E-16
 TTTTTTTTTTTTTTTTTTTTTTTTTTTTTT EDFT        TELAPSE      365.85 TCPU      363.94
 
 INFORMATION **** DFTD3 ENERGY **** CALCULATE DFTD3 ENERGY

           DFT-D V3(BJ)
 DF                                         b3-lyp    
 parameters
 s6       :    1.0000
 s8       :    1.9889
 a1       :    0.3981
 a2       :    4.4211
 k1 k3    :   16.0000   -4.0000
 Cutoff   :   50.2022
 CN-Cutoff:   21.1671
 ABC-Cutoff:   21.1671
 
 Edisp /kcal,au:  -445.0273 -0.70919610

 E6    /kcal :  -204.3145
 E8    /kcal :  -240.7128
 
 INFORMATION **** DFTD3 ENERGY **** NORMAL TERMINATION OF DFTD3 MODULE

 *******************************************************************************

 DFT-D3 DISPERSION ENERGY CORRECTION

 D3 DISPERSION ENERGY (AU)       -7.0919609511214E-01
 TOTAL ENERGY + DISP (AU)        -4.2647314951292E+03

 *******************************************************************************


 NEIGHBORS OF THE NON-EQUIVALENT ATOMS

 N = NUMBER OF NEIGHBORS AT DISTANCE R
    ATOM  N     R/ANG      R/AU   NEIGHBORS (ATOM LABELS AND CELL INDICES)
   1 C    1     1.4012     2.6479   45 C    0 0 0
   1 C    1     1.4012     2.6479   92 C    0 0 0
   1 C    1     1.5391     2.9085   73 C    0 0 0
   1 C    1     2.3667     4.4725   28 C   -1 0 0
   1 C    1     2.3668     4.4726  104 C    0 0 0
   1 C    1     2.3970     4.5296   19 C   -1 0 0

  25 C    1     1.4012     2.6479   21 C    0 0 0
  25 C    1     1.4014     2.6483   49 C    0 0 0
  25 C    1     1.5178     2.8682   44 C    0 1 0
  25 C    1     2.3651     4.4693   52 C    0 1 0
  25 C    1     2.3667     4.4725    3 C    0 1 0
  25 C    1     2.4040     4.5430   43 C    0 0 0

  49 C    2     1.4014     2.6483   25 C    0 0 0   43 C    0 0 0
  49 C    1     1.5427     2.9153   85 C    1 1 0
  49 C    2     2.3651     4.4693   27 C    1 1 0   44 C    0 1 0
  49 C    2     2.3913     4.5189   51 C    1 1 0   52 C    0 1 0
  49 C    2     2.4458     4.6218    4 C    0 0 0   21 C    0 0 0
  49 C    1     2.6216     4.9541   88 C    1 1 0

  61 C    2     1.4015     2.6485  101 C   -1 0 0  104 C    0 0 0
  61 C    1     1.5394     2.9091   73 C    0 0 0
  61 C    2     2.3674     4.4738   89 C   -1 0 0   92 C    0 0 0
  61 C    2     2.3978     4.5312    1 C    0 0 0   19 C   -1 0 0
  61 C    2     2.4464     4.6230   63 C   -1 0 0   64 C    0 0 0
  61 C    1     2.5869     4.8885   79 C    0 0 0

  73 C    1     1.5123     2.8579   79 C    0 0 0
  73 C    2     1.5391     2.9085    1 C    0 0 0   19 C   -1 0 0
  73 C    1     1.5394     2.9091   61 C    0 0 0
  73 C    2     2.4051     4.5449   89 C   -1 0 0   92 C    0 0 0
  73 C    2     2.4051     4.5450  101 C   -1 0 0  104 C    0 0 0
  73 C    2     2.4051     4.5450   28 C   -1 0 0   45 C    0 0 0

  85 C    1     1.5402     2.9106   88 C    0 0 0
  85 C    3     1.5427     2.9153   49 C   -1-1 0   51 C    0 0 0   52 C   -1 0 0
  85 C    6     2.4134     4.5606   25 C   -1-1 0   27 C    0 0 0   28 C   -1 0 0
                                    43 C   -1-1 0   44 C   -1 0 0   45 C    0 0 0
  85 C    3     2.6216     4.9541   58 C    0 0 0   59 C   -1 0 0   60 C   -1-1 0
  85 C    6     3.5296     6.6700   34 C    0 0 0   35 C   -1 0 0   36 C   -1-1 0
                                    38 C   -1-1 0   41 C   -1 0 0   42 C    0 0 0
  85 C    6     3.6149     6.8312    1 C    0 0 0    3 C   -1 0 0    4 C   -1-1 0
                                    19 C   -1 0 0   20 C    0 0 0   21 C   -1-1 0

  89 C    2     1.4012     2.6479    3 C    0 0 0   19 C    0 0 0
  89 C    1     1.5178     2.8682  101 C    0 0 0
  89 C    2     2.3674     4.4738   61 C    1 0 0   63 C    0 0 0
  89 C    2     2.4048     4.5445   28 C    0 0 0   44 C    0 0 0
  89 C    2     2.4051     4.5449   73 C    1 0 0   75 C    0 0 0
  89 C    1     2.8019     5.2949   52 C    0 0 0

 101 C    2     1.4015     2.6485   61 C    1 0 0   63 C    0 0 0
 101 C    1     1.5178     2.8682   89 C    0 0 0
 101 C    2     2.3668     4.4726    3 C    0 0 0   19 C    0 0 0
 101 C    2     2.4039     4.5428  103 C    0-1 0  104 C    1 0 0
 101 C    2     2.4051     4.5450   73 C    1 0 0   75 C    0 0 0
 101 C    1     2.8009     5.2930   64 C    1 0 0

 TTTTTTTTTTTTTTTTTTTTTTTTTTTTTT AFTER FIRST TELAPSE      366.97 TCPU      365.04
 MMMMMMMMMMMMMMMMMMMMMMMMMMMMMMMMMMMMMMMMMMMMMMMMMMMMMMMMMMMMMMMMMMMMMMMMMMMMMMM
     ALPHA+BETA ELECTRONS
 MULLIKEN POPULATION ANALYSIS - NO. OF ELECTRONS  672.000000

  ATOM    Z CHARGE  A.O. POPULATION

   1 C    6  6.014  0.854  1.121  0.746  0.471  0.424  0.468  0.474 -0.059
                   -0.011  0.004  0.604  0.468  0.412  0.009  0.008  0.011
                    0.006  0.006
   2 C    6  6.014  0.854  1.121  0.746  0.471  0.424  0.468  0.474 -0.059
                   -0.011  0.004  0.604  0.468  0.412  0.009  0.008  0.011
                    0.006  0.006
   3 C    6  6.014  0.854  1.121  0.746  0.471  0.453  0.440  0.474 -0.049
                   -0.021  0.004  0.577  0.494  0.412  0.009  0.008  0.011
                    0.006  0.005
   4 C    6  6.014  0.854  1.121  0.746  0.471  0.462  0.431  0.474  0.003
                   -0.073  0.004  0.426  0.646  0.412  0.009  0.012  0.007
                    0.005  0.006
   5 C    6  6.014  0.854  1.121  0.746  0.471  0.462  0.431  0.474  0.003
                   -0.073  0.004  0.426  0.646  0.412  0.009  0.012  0.007
                    0.005  0.006
   6 C    6  6.014  0.854  1.121  0.746  0.471  0.453  0.440  0.474 -0.049
                   -0.021  0.004  0.577  0.494  0.412  0.009  0.008  0.011
                    0.006  0.005
   7 C    6  6.014  0.854  1.121  0.746  0.471  0.462  0.431  0.474  0.003
                   -0.073  0.004  0.426  0.646  0.412  0.009  0.012  0.007
                    0.005  0.006
   8 C    6  6.014  0.854  1.121  0.746  0.471  0.424  0.468  0.474 -0.059
                   -0.011  0.004  0.604  0.468  0.412  0.009  0.008  0.011
                    0.006  0.006
   9 C    6  6.014  0.854  1.121  0.746  0.471  0.453  0.440  0.474 -0.049
                   -0.021  0.004  0.577  0.494  0.412  0.009  0.008  0.011
                    0.006  0.005
  10 C    6  6.014  0.854  1.121  0.746  0.471  0.453  0.440  0.474 -0.049
                   -0.021  0.004  0.577  0.494  0.412  0.009  0.008  0.011
                    0.006  0.005
  11 C    6  6.014  0.854  1.121  0.746  0.471  0.424  0.468  0.474 -0.059
                   -0.011  0.004  0.604  0.468  0.412  0.009  0.008  0.011
                    0.006  0.006
  12 C    6  6.014  0.854  1.121  0.746  0.471  0.462  0.431  0.474  0.003
                   -0.073  0.004  0.426  0.646  0.412  0.009  0.012  0.007
                    0.005  0.006
  13 C    6  6.014  0.854  1.121  0.746  0.471  0.424  0.468  0.474 -0.059
                   -0.011  0.004  0.604  0.468  0.412  0.009  0.008  0.011
                    0.006  0.006
  14 C    6  6.014  0.854  1.121  0.746  0.471  0.424  0.468  0.474 -0.059
                   -0.011  0.004  0.604  0.468  0.412  0.009  0.008  0.011
                    0.006  0.006
  15 C    6  6.014  0.854  1.121  0.746  0.471  0.453  0.440  0.474 -0.049
                   -0.021  0.004  0.577  0.494  0.412  0.009  0.008  0.011
                    0.006  0.005
  16 C    6  6.014  0.854  1.121  0.746  0.471  0.462  0.431  0.474  0.003
                   -0.073  0.004  0.426  0.646  0.412  0.009  0.012  0.007
                    0.005  0.006
  17 C    6  6.014  0.854  1.121  0.746  0.471  0.462  0.431  0.474  0.003
                   -0.073  0.004  0.426  0.646  0.412  0.009  0.012  0.007
                    0.005  0.006
  18 C    6  6.014  0.854  1.121  0.746  0.471  0.453  0.440  0.474 -0.049
                   -0.021  0.004  0.577  0.494  0.412  0.009  0.008  0.011
                    0.006  0.005
  19 C    6  6.014  0.854  1.121  0.746  0.471  0.462  0.431  0.474  0.003
                   -0.073  0.004  0.426  0.646  0.412  0.009  0.012  0.007
                    0.005  0.006
  20 C    6  6.014  0.854  1.121  0.746  0.471  0.424  0.468  0.474 -0.059
                   -0.011  0.004  0.604  0.468  0.412  0.009  0.008  0.011
                    0.006  0.006
  21 C    6  6.014  0.854  1.121  0.746  0.471  0.453  0.440  0.474 -0.049
                   -0.021  0.004  0.577  0.494  0.412  0.009  0.008  0.011
                    0.006  0.005
  22 C    6  6.014  0.854  1.121  0.746  0.471  0.453  0.440  0.474 -0.049
                   -0.021  0.004  0.577  0.494  0.412  0.009  0.008  0.011
                    0.006  0.005
  23 C    6  6.014  0.854  1.121  0.746  0.471  0.424  0.468  0.474 -0.059
                   -0.011  0.004  0.604  0.468  0.412  0.009  0.008  0.011
                    0.006  0.006
  24 C    6  6.014  0.854  1.121  0.746  0.471  0.462  0.431  0.474  0.003
                   -0.073  0.004  0.426  0.646  0.412  0.009  0.012  0.007
                    0.005  0.006
  25 C    6  5.977  0.854  1.121  0.760  0.485  0.439  0.433  0.469 -0.033
                    0.000 -0.015  0.515  0.443  0.464  0.011  0.008  0.008
                    0.010  0.006
  26 C    6  5.977  0.854  1.121  0.760  0.485  0.439  0.433  0.469 -0.033
                    0.000 -0.015  0.515  0.443  0.464  0.011  0.008  0.008
                    0.010  0.006
  27 C    6  5.977  0.854  1.121  0.760  0.485  0.412  0.460  0.469 -0.019
                   -0.014 -0.015  0.487  0.471  0.464  0.011  0.007  0.008
                    0.008  0.008
  28 C    6  5.977  0.854  1.121  0.760  0.485  0.457  0.415  0.469  0.003
                   -0.036 -0.015  0.436  0.522  0.464  0.011  0.008  0.007
                    0.006  0.010
  29 C    6  5.977  0.854  1.121  0.760  0.485  0.457  0.415  0.469  0.003
                   -0.036 -0.015  0.436  0.522  0.464  0.011  0.008  0.007
                    0.006  0.010
  30 C    6  5.977  0.854  1.121  0.760  0.485  0.412  0.460  0.469 -0.019
                   -0.014 -0.015  0.487  0.471  0.464  0.011  0.007  0.008
                    0.008  0.008
  31 C    6  5.977  0.854  1.121  0.760  0.485  0.457  0.415  0.469  0.003
                   -0.036 -0.015  0.436  0.522  0.464  0.011  0.008  0.007
                    0.006  0.010
  32 C    6  5.977  0.854  1.121  0.760  0.485  0.439  0.433  0.469 -0.033
                    0.000 -0.015  0.515  0.443  0.464  0.011  0.008  0.008
                    0.010  0.006
  33 C    6  5.977  0.854  1.121  0.760  0.485  0.412  0.460  0.469 -0.019
                   -0.014 -0.015  0.487  0.471  0.464  0.011  0.007  0.008
                    0.008  0.008
  34 C    6  5.977  0.854  1.121  0.760  0.485  0.412  0.460  0.469 -0.019
                   -0.014 -0.015  0.487  0.471  0.464  0.011  0.007  0.008
                    0.008  0.008
  35 C    6  5.977  0.854  1.121  0.760  0.485  0.439  0.433  0.469 -0.033
                    0.000 -0.015  0.515  0.443  0.464  0.011  0.008  0.008
                    0.010  0.006
  36 C    6  5.977  0.854  1.121  0.760  0.485  0.457  0.415  0.469  0.003
                   -0.036 -0.015  0.436  0.522  0.464  0.011  0.008  0.007
                    0.006  0.010
  37 C    6  5.977  0.854  1.121  0.760  0.485  0.439  0.433  0.469 -0.033
                    0.000 -0.015  0.515  0.443  0.464  0.011  0.008  0.008
                    0.010  0.006
  38 C    6  5.977  0.854  1.121  0.760  0.485  0.439  0.433  0.469 -0.033
                    0.000 -0.015  0.515  0.443  0.464  0.011  0.008  0.008
                    0.010  0.006
  39 C    6  5.977  0.854  1.121  0.760  0.485  0.412  0.460  0.469 -0.019
                   -0.014 -0.015  0.487  0.471  0.464  0.011  0.007  0.008
                    0.008  0.008
  40 C    6  5.977  0.854  1.121  0.760  0.485  0.457  0.415  0.469  0.003
                   -0.036 -0.015  0.436  0.522  0.464  0.011  0.008  0.007
                    0.006  0.010
  41 C    6  5.977  0.854  1.121  0.760  0.485  0.457  0.415  0.469  0.003
                   -0.036 -0.015  0.436  0.522  0.464  0.011  0.008  0.007
                    0.006  0.010
  42 C    6  5.977  0.854  1.121  0.760  0.485  0.412  0.460  0.469 -0.019
                   -0.014 -0.015  0.487  0.471  0.464  0.011  0.007  0.008
                    0.008  0.008
  43 C    6  5.977  0.854  1.121  0.760  0.485  0.457  0.415  0.469  0.003
                   -0.036 -0.015  0.436  0.522  0.464  0.011  0.008  0.007
                    0.006  0.010
  44 C    6  5.977  0.854  1.121  0.760  0.485  0.439  0.433  0.469 -0.033
                    0.000 -0.015  0.515  0.443  0.464  0.011  0.008  0.008
                    0.010  0.006
  45 C    6  5.977  0.854  1.121  0.760  0.485  0.412  0.460  0.469 -0.019
                   -0.014 -0.015  0.487  0.471  0.464  0.011  0.007  0.008
                    0.008  0.008
  46 C    6  5.977  0.854  1.121  0.760  0.485  0.412  0.460  0.469 -0.019
                   -0.014 -0.015  0.487  0.471  0.464  0.011  0.007  0.008
                    0.008  0.008
  47 C    6  5.977  0.854  1.121  0.760  0.485  0.439  0.433  0.469 -0.033
                    0.000 -0.015  0.515  0.443  0.464  0.011  0.008  0.008
                    0.010  0.006
  48 C    6  5.977  0.854  1.121  0.760  0.485  0.457  0.415  0.469  0.003
                   -0.036 -0.015  0.436  0.522  0.464  0.011  0.008  0.007
                    0.006  0.010
  49 C    6  5.999  0.854  1.121  0.750  0.437  0.471  0.439  0.453 -0.006
                   -0.024 -0.034  0.437  0.509  0.553  0.005  0.009  0.006
                    0.008  0.010
  50 C    6  5.999  0.854  1.121  0.750  0.437  0.471  0.439  0.453 -0.006
                   -0.024 -0.034  0.437  0.509  0.553  0.005  0.009  0.006
                    0.008  0.010
  51 C    6  5.999  0.854  1.121  0.750  0.437  0.423  0.487  0.453 -0.033
                    0.003 -0.034  0.546  0.401  0.553  0.005  0.005  0.011
                    0.011  0.007
  52 C    6  5.999  0.854  1.121  0.750  0.437  0.471  0.439  0.453 -0.006
                   -0.024 -0.034  0.437  0.509  0.553  0.005  0.009  0.006
                    0.008  0.010
  53 C    6  5.999  0.854  1.121  0.750  0.437  0.471  0.439  0.453 -0.006
                   -0.024 -0.034  0.437  0.509  0.553  0.005  0.009  0.006
                    0.008  0.010
  54 C    6  5.999  0.854  1.121  0.750  0.437  0.423  0.487  0.453 -0.033
                    0.003 -0.034  0.546  0.401  0.553  0.005  0.005  0.011
                    0.011  0.007
  55 C    6  5.999  0.854  1.121  0.750  0.437  0.471  0.439  0.453 -0.006
                   -0.024 -0.034  0.437  0.509  0.553  0.005  0.009  0.006
                    0.008  0.010
  56 C    6  5.999  0.854  1.121  0.750  0.437  0.471  0.439  0.453 -0.006
                   -0.024 -0.034  0.437  0.509  0.553  0.005  0.009  0.006
                    0.008  0.010
  57 C    6  5.999  0.854  1.121  0.750  0.437  0.423  0.487  0.453 -0.033
                    0.003 -0.034  0.546  0.401  0.553  0.005  0.005  0.011
                    0.011  0.007
  58 C    6  5.999  0.854  1.121  0.750  0.437  0.423  0.487  0.453 -0.033
                    0.003 -0.034  0.546  0.401  0.553  0.005  0.005  0.011
                    0.011  0.007
  59 C    6  5.999  0.854  1.121  0.750  0.437  0.471  0.439  0.453 -0.006
                   -0.024 -0.034  0.437  0.509  0.553  0.005  0.009  0.006
                    0.008  0.010
  60 C    6  5.999  0.854  1.121  0.750  0.437  0.471  0.439  0.453 -0.006
                   -0.024 -0.034  0.437  0.509  0.553  0.005  0.009  0.006
                    0.008  0.010
  61 C    6  6.014  0.854  1.121  0.745  0.471  0.480  0.468  0.419 -0.000
                   -0.011 -0.055  0.421  0.468  0.595  0.005  0.006  0.006
                    0.011  0.010
  62 C    6  6.014  0.854  1.121  0.745  0.471  0.480  0.468  0.419 -0.000
                   -0.011 -0.055  0.421  0.468  0.595  0.005  0.006  0.006
                    0.011  0.010
  63 C    6  6.014  0.854  1.121  0.745  0.471  0.462  0.486  0.419 -0.016
                    0.005 -0.055  0.491  0.397  0.595  0.005  0.007  0.006
                    0.009  0.012
  64 C    6  6.014  0.854  1.121  0.745  0.471  0.480  0.468  0.419 -0.000
                   -0.011 -0.055  0.421  0.468  0.595  0.005  0.006  0.006
                    0.011  0.010
  65 C    6  6.014  0.854  1.121  0.745  0.471  0.480  0.468  0.419 -0.000
                   -0.011 -0.055  0.421  0.468  0.595  0.005  0.006  0.006
                    0.011  0.010
  66 C    6  6.014  0.854  1.121  0.745  0.471  0.462  0.486  0.419 -0.016
                    0.005 -0.055  0.491  0.397  0.595  0.005  0.007  0.006
                    0.009  0.012
  67 C    6  6.014  0.854  1.121  0.745  0.471  0.480  0.468  0.419 -0.000
                   -0.011 -0.055  0.421  0.468  0.595  0.005  0.006  0.006
                    0.011  0.010
  68 C    6  6.014  0.854  1.121  0.745  0.471  0.480  0.468  0.419 -0.000
                   -0.011 -0.055  0.421  0.468  0.595  0.005  0.006  0.006
                    0.011  0.010
  69 C    6  6.014  0.854  1.121  0.745  0.471  0.462  0.486  0.419 -0.016
                    0.005 -0.055  0.491  0.397  0.595  0.005  0.007  0.006
                    0.009  0.012
  70 C    6  6.014  0.854  1.121  0.745  0.471  0.462  0.486  0.419 -0.016
                    0.005 -0.055  0.491  0.397  0.595  0.005  0.007  0.006
                    0.009  0.012
  71 C    6  6.014  0.854  1.121  0.745  0.471  0.480  0.468  0.419 -0.000
                   -0.011 -0.055  0.421  0.468  0.595  0.005  0.006  0.006
                    0.011  0.010
  72 C    6  6.014  0.854  1.121  0.745  0.471  0.480  0.468  0.419 -0.000
                   -0.011 -0.055  0.421  0.468  0.595  0.005  0.006  0.006
                    0.011  0.010
  73 C    6  6.034  0.853  1.121  0.748  0.491  0.438  0.451  0.435 -0.001
                   -0.005 -0.001  0.482  0.498  0.478  0.006  0.011  0.011
                    0.008  0.010
  74 C    6  6.034  0.853  1.121  0.748  0.491  0.438  0.451  0.435 -0.001
                   -0.005 -0.001  0.482  0.498  0.478  0.006  0.011  0.011
                    0.008  0.010
  75 C    6  6.034  0.853  1.121  0.748  0.491  0.458  0.431  0.435 -0.007
                    0.000 -0.001  0.506  0.474  0.478  0.006  0.012  0.010
                    0.011  0.007
  76 C    6  6.034  0.853  1.121  0.748  0.491  0.438  0.451  0.435 -0.001
                   -0.005 -0.001  0.482  0.498  0.478  0.006  0.011  0.011
                    0.008  0.010
  77 C    6  6.034  0.853  1.121  0.748  0.491  0.438  0.451  0.435 -0.001
                   -0.005 -0.001  0.482  0.498  0.478  0.006  0.011  0.011
                    0.008  0.010
  78 C    6  6.034  0.853  1.121  0.748  0.491  0.458  0.431  0.435 -0.007
                    0.000 -0.001  0.506  0.474  0.478  0.006  0.012  0.010
                    0.011  0.007
  79 C    6  6.034  0.853  1.121  0.748  0.491  0.438  0.451  0.435 -0.001
                   -0.005 -0.001  0.482  0.498  0.478  0.006  0.011  0.011
                    0.008  0.010
  80 C    6  6.034  0.853  1.121  0.748  0.491  0.438  0.451  0.435 -0.001
                   -0.005 -0.001  0.482  0.498  0.478  0.006  0.011  0.011
                    0.008  0.010
  81 C    6  6.034  0.853  1.121  0.748  0.491  0.458  0.431  0.435 -0.007
                    0.000 -0.001  0.506  0.474  0.478  0.006  0.012  0.010
                    0.011  0.007
  82 C    6  6.034  0.853  1.121  0.748  0.491  0.458  0.431  0.435 -0.007
                    0.000 -0.001  0.506  0.474  0.478  0.006  0.012  0.010
                    0.011  0.007
  83 C    6  6.034  0.853  1.121  0.748  0.491  0.438  0.451  0.435 -0.001
                   -0.005 -0.001  0.482  0.498  0.478  0.006  0.011  0.011
                    0.008  0.010
  84 C    6  6.034  0.853  1.121  0.748  0.491  0.438  0.451  0.435 -0.001
                   -0.005 -0.001  0.482  0.498  0.478  0.006  0.011  0.011
                    0.008  0.010
  85 C    6  6.058  0.853  1.121  0.748  0.503  0.433  0.433  0.450 -0.004
                   -0.004 -0.005  0.492  0.492  0.500  0.011  0.009  0.009
                    0.007  0.007
  86 C    6  6.058  0.853  1.121  0.748  0.503  0.433  0.433  0.450 -0.004
                   -0.004 -0.005  0.492  0.492  0.500  0.011  0.009  0.009
                    0.007  0.007
  87 C    6  6.058  0.853  1.121  0.748  0.503  0.433  0.433  0.450 -0.004
                   -0.004 -0.005  0.492  0.492  0.500  0.011  0.009  0.009
                    0.007  0.007
  88 C    6  6.058  0.853  1.121  0.748  0.503  0.433  0.433  0.450 -0.004
                   -0.004 -0.005  0.492  0.492  0.500  0.011  0.009  0.009
                    0.007  0.007
  89 C    6  5.976  0.854  1.121  0.761  0.477  0.470  0.415  0.456 -0.008
                   -0.038 -0.003  0.444  0.531  0.454  0.007  0.010  0.008
                    0.008  0.008
  90 C    6  5.976  0.854  1.121  0.761  0.477  0.470  0.415  0.456 -0.008
                   -0.038 -0.003  0.444  0.531  0.454  0.007  0.010  0.008
                    0.008  0.008
  91 C    6  5.976  0.854  1.121  0.761  0.477  0.470  0.415  0.456 -0.008
                   -0.038 -0.003  0.444  0.531  0.454  0.007  0.010  0.008
                    0.008  0.008
  92 C    6  5.976  0.854  1.121  0.761  0.477  0.388  0.497  0.456 -0.053
                    0.007 -0.003  0.574  0.401  0.454  0.007  0.007  0.011
                    0.009  0.008
  93 C    6  5.976  0.854  1.121  0.761  0.477  0.388  0.497  0.456 -0.053
                    0.007 -0.003  0.574  0.401  0.454  0.007  0.007  0.011
                    0.009  0.008
  94 C    6  5.976  0.854  1.121  0.761  0.477  0.470  0.415  0.456 -0.008
                   -0.038 -0.003  0.444  0.531  0.454  0.007  0.010  0.008
                    0.008  0.008
  95 C    6  5.976  0.854  1.121  0.761  0.477  0.388  0.497  0.456 -0.053
                    0.007 -0.003  0.574  0.401  0.454  0.007  0.007  0.011
                    0.009  0.008
  96 C    6  5.976  0.854  1.121  0.761  0.477  0.470  0.415  0.456 -0.008
                   -0.038 -0.003  0.444  0.531  0.454  0.007  0.010  0.008
                    0.008  0.008
  97 C    6  5.976  0.854  1.121  0.761  0.477  0.470  0.415  0.456 -0.008
                   -0.038 -0.003  0.444  0.531  0.454  0.007  0.010  0.008
                    0.008  0.008
  98 C    6  5.976  0.854  1.121  0.761  0.477  0.470  0.415  0.456 -0.008
                   -0.038 -0.003  0.444  0.531  0.454  0.007  0.010  0.008
                    0.008  0.008
  99 C    6  5.976  0.854  1.121  0.761  0.477  0.470  0.415  0.456 -0.008
                   -0.038 -0.003  0.444  0.531  0.454  0.007  0.010  0.008
                    0.008  0.008
 100 C    6  5.976  0.854  1.121  0.761  0.477  0.388  0.497  0.456 -0.053
                    0.007 -0.003  0.574  0.401  0.454  0.007  0.007  0.011
                    0.009  0.008
 101 C    6  5.975  0.854  1.121  0.761  0.477  0.485  0.460  0.396 -0.001
                   -0.015 -0.034  0.426  0.476  0.527  0.008  0.007  0.007
                    0.011  0.010
 102 C    6  5.975  0.854  1.121  0.761  0.477  0.485  0.460  0.396 -0.001
                   -0.015 -0.034  0.426  0.476  0.527  0.008  0.007  0.007
                    0.011  0.010
 103 C    6  5.975  0.854  1.121  0.761  0.477  0.485  0.460  0.396 -0.001
                   -0.015 -0.034  0.426  0.476  0.527  0.008  0.007  0.007
                    0.011  0.010
 104 C    6  5.975  0.854  1.121  0.761  0.477  0.448  0.497  0.396 -0.023
                    0.007 -0.034  0.501  0.401  0.527  0.008  0.006  0.008
                    0.009  0.011
 105 C    6  5.975  0.854  1.121  0.761  0.477  0.448  0.497  0.396 -0.023
                    0.007 -0.034  0.501  0.401  0.527  0.008  0.006  0.008
                    0.009  0.011
 106 C    6  5.975  0.854  1.121  0.761  0.477  0.485  0.460  0.396 -0.001
                   -0.015 -0.034  0.426  0.476  0.527  0.008  0.007  0.007
                    0.011  0.010
 107 C    6  5.975  0.854  1.121  0.761  0.477  0.448  0.497  0.396 -0.023
                    0.007 -0.034  0.501  0.401  0.527  0.008  0.006  0.008
                    0.009  0.011
 108 C    6  5.975  0.854  1.121  0.761  0.477  0.485  0.460  0.396 -0.001
                   -0.015 -0.034  0.426  0.476  0.527  0.008  0.007  0.007
                    0.011  0.010
 109 C    6  5.975  0.854  1.121  0.761  0.477  0.485  0.460  0.396 -0.001
                   -0.015 -0.034  0.426  0.476  0.527  0.008  0.007  0.007
                    0.011  0.010
 110 C    6  5.975  0.854  1.121  0.761  0.477  0.485  0.460  0.396 -0.001
                   -0.015 -0.034  0.426  0.476  0.527  0.008  0.007  0.007
                    0.011  0.010
 111 C    6  5.975  0.854  1.121  0.761  0.477  0.485  0.460  0.396 -0.001
                   -0.015 -0.034  0.426  0.476  0.527  0.008  0.007  0.007
                    0.011  0.010
 112 C    6  5.975  0.854  1.121  0.761  0.477  0.448  0.497  0.396 -0.023
                    0.007 -0.034  0.501  0.401  0.527  0.008  0.006  0.008
                    0.009  0.011

  ATOM    Z CHARGE  SHELL POPULATION

   1 C    6  6.014  0.854  1.121  0.746  0.471  1.367 -0.066  1.484  0.039
   2 C    6  6.014  0.854  1.121  0.746  0.471  1.367 -0.066  1.484  0.039
   3 C    6  6.014  0.854  1.121  0.746  0.471  1.367 -0.066  1.484  0.039
   4 C    6  6.014  0.854  1.121  0.746  0.471  1.367 -0.066  1.484  0.039
   5 C    6  6.014  0.854  1.121  0.746  0.471  1.367 -0.066  1.484  0.039
   6 C    6  6.014  0.854  1.121  0.746  0.471  1.367 -0.066  1.484  0.039
   7 C    6  6.014  0.854  1.121  0.746  0.471  1.367 -0.066  1.484  0.039
   8 C    6  6.014  0.854  1.121  0.746  0.471  1.367 -0.066  1.484  0.039
   9 C    6  6.014  0.854  1.121  0.746  0.471  1.367 -0.066  1.484  0.039
  10 C    6  6.014  0.854  1.121  0.746  0.471  1.367 -0.066  1.484  0.039
  11 C    6  6.014  0.854  1.121  0.746  0.471  1.367 -0.066  1.484  0.039
  12 C    6  6.014  0.854  1.121  0.746  0.471  1.367 -0.066  1.484  0.039
  13 C    6  6.014  0.854  1.121  0.746  0.471  1.367 -0.066  1.484  0.039
  14 C    6  6.014  0.854  1.121  0.746  0.471  1.367 -0.066  1.484  0.039
  15 C    6  6.014  0.854  1.121  0.746  0.471  1.367 -0.066  1.484  0.039
  16 C    6  6.014  0.854  1.121  0.746  0.471  1.367 -0.066  1.484  0.039
  17 C    6  6.014  0.854  1.121  0.746  0.471  1.367 -0.066  1.484  0.039
  18 C    6  6.014  0.854  1.121  0.746  0.471  1.367 -0.066  1.484  0.039
  19 C    6  6.014  0.854  1.121  0.746  0.471  1.367 -0.066  1.484  0.039
  20 C    6  6.014  0.854  1.121  0.746  0.471  1.367 -0.066  1.484  0.039
  21 C    6  6.014  0.854  1.121  0.746  0.471  1.367 -0.066  1.484  0.039
  22 C    6  6.014  0.854  1.121  0.746  0.471  1.367 -0.066  1.484  0.039
  23 C    6  6.014  0.854  1.121  0.746  0.471  1.367 -0.066  1.484  0.039
  24 C    6  6.014  0.854  1.121  0.746  0.471  1.367 -0.066  1.484  0.039
  25 C    6  5.977  0.854  1.121  0.760  0.485  1.342 -0.049  1.422  0.042
  26 C    6  5.977  0.854  1.121  0.760  0.485  1.342 -0.049  1.422  0.042
  27 C    6  5.977  0.854  1.121  0.760  0.485  1.342 -0.049  1.422  0.042
  28 C    6  5.977  0.854  1.121  0.760  0.485  1.342 -0.049  1.422  0.042
  29 C    6  5.977  0.854  1.121  0.760  0.485  1.342 -0.049  1.422  0.042
  30 C    6  5.977  0.854  1.121  0.760  0.485  1.342 -0.049  1.422  0.042
  31 C    6  5.977  0.854  1.121  0.760  0.485  1.342 -0.049  1.422  0.042
  32 C    6  5.977  0.854  1.121  0.760  0.485  1.342 -0.049  1.422  0.042
  33 C    6  5.977  0.854  1.121  0.760  0.485  1.342 -0.049  1.422  0.042
  34 C    6  5.977  0.854  1.121  0.760  0.485  1.342 -0.049  1.422  0.042
  35 C    6  5.977  0.854  1.121  0.760  0.485  1.342 -0.049  1.422  0.042
  36 C    6  5.977  0.854  1.121  0.760  0.485  1.342 -0.049  1.422  0.042
  37 C    6  5.977  0.854  1.121  0.760  0.485  1.342 -0.049  1.422  0.042
  38 C    6  5.977  0.854  1.121  0.760  0.485  1.342 -0.049  1.422  0.042
  39 C    6  5.977  0.854  1.121  0.760  0.485  1.342 -0.049  1.422  0.042
  40 C    6  5.977  0.854  1.121  0.760  0.485  1.342 -0.049  1.422  0.042
  41 C    6  5.977  0.854  1.121  0.760  0.485  1.342 -0.049  1.422  0.042
  42 C    6  5.977  0.854  1.121  0.760  0.485  1.342 -0.049  1.422  0.042
  43 C    6  5.977  0.854  1.121  0.760  0.485  1.342 -0.049  1.422  0.042
  44 C    6  5.977  0.854  1.121  0.760  0.485  1.342 -0.049  1.422  0.042
  45 C    6  5.977  0.854  1.121  0.760  0.485  1.342 -0.049  1.422  0.042
  46 C    6  5.977  0.854  1.121  0.760  0.485  1.342 -0.049  1.422  0.042
  47 C    6  5.977  0.854  1.121  0.760  0.485  1.342 -0.049  1.422  0.042
  48 C    6  5.977  0.854  1.121  0.760  0.485  1.342 -0.049  1.422  0.042
  49 C    6  5.999  0.854  1.121  0.750  0.437  1.363 -0.065  1.500  0.039
  50 C    6  5.999  0.854  1.121  0.750  0.437  1.363 -0.065  1.500  0.039
  51 C    6  5.999  0.854  1.121  0.750  0.437  1.363 -0.065  1.500  0.039
  52 C    6  5.999  0.854  1.121  0.750  0.437  1.363 -0.065  1.500  0.039
  53 C    6  5.999  0.854  1.121  0.750  0.437  1.363 -0.065  1.500  0.039
  54 C    6  5.999  0.854  1.121  0.750  0.437  1.363 -0.065  1.500  0.039
  55 C    6  5.999  0.854  1.121  0.750  0.437  1.363 -0.065  1.500  0.039
  56 C    6  5.999  0.854  1.121  0.750  0.437  1.363 -0.065  1.500  0.039
  57 C    6  5.999  0.854  1.121  0.750  0.437  1.363 -0.065  1.500  0.039
  58 C    6  5.999  0.854  1.121  0.750  0.437  1.363 -0.065  1.500  0.039
  59 C    6  5.999  0.854  1.121  0.750  0.437  1.363 -0.065  1.500  0.039
  60 C    6  5.999  0.854  1.121  0.750  0.437  1.363 -0.065  1.500  0.039
  61 C    6  6.014  0.854  1.121  0.745  0.471  1.367 -0.066  1.483  0.039
  62 C    6  6.014  0.854  1.121  0.745  0.471  1.367 -0.066  1.483  0.039
  63 C    6  6.014  0.854  1.121  0.745  0.471  1.367 -0.066  1.483  0.039
  64 C    6  6.014  0.854  1.121  0.745  0.471  1.367 -0.066  1.483  0.039
  65 C    6  6.014  0.854  1.121  0.745  0.471  1.367 -0.066  1.483  0.039
  66 C    6  6.014  0.854  1.121  0.745  0.471  1.367 -0.066  1.483  0.039
  67 C    6  6.014  0.854  1.121  0.745  0.471  1.367 -0.066  1.483  0.039
  68 C    6  6.014  0.854  1.121  0.745  0.471  1.367 -0.066  1.483  0.039
  69 C    6  6.014  0.854  1.121  0.745  0.471  1.367 -0.066  1.483  0.039
  70 C    6  6.014  0.854  1.121  0.745  0.471  1.367 -0.066  1.483  0.039
  71 C    6  6.014  0.854  1.121  0.745  0.471  1.367 -0.066  1.483  0.039
  72 C    6  6.014  0.854  1.121  0.745  0.471  1.367 -0.066  1.483  0.039
  73 C    6  6.034  0.853  1.121  0.748  0.491  1.324 -0.007  1.457  0.046
  74 C    6  6.034  0.853  1.121  0.748  0.491  1.324 -0.007  1.457  0.046
  75 C    6  6.034  0.853  1.121  0.748  0.491  1.324 -0.007  1.457  0.046
  76 C    6  6.034  0.853  1.121  0.748  0.491  1.324 -0.007  1.457  0.046
  77 C    6  6.034  0.853  1.121  0.748  0.491  1.324 -0.007  1.457  0.046
  78 C    6  6.034  0.853  1.121  0.748  0.491  1.324 -0.007  1.457  0.046
  79 C    6  6.034  0.853  1.121  0.748  0.491  1.324 -0.007  1.457  0.046
  80 C    6  6.034  0.853  1.121  0.748  0.491  1.324 -0.007  1.457  0.046
  81 C    6  6.034  0.853  1.121  0.748  0.491  1.324 -0.007  1.457  0.046
  82 C    6  6.034  0.853  1.121  0.748  0.491  1.324 -0.007  1.457  0.046
  83 C    6  6.034  0.853  1.121  0.748  0.491  1.324 -0.007  1.457  0.046
  84 C    6  6.034  0.853  1.121  0.748  0.491  1.324 -0.007  1.457  0.046
  85 C    6  6.058  0.853  1.121  0.748  0.503  1.317 -0.014  1.484  0.044
  86 C    6  6.058  0.853  1.121  0.748  0.503  1.317 -0.014  1.484  0.044
  87 C    6  6.058  0.853  1.121  0.748  0.503  1.317 -0.014  1.484  0.044
  88 C    6  6.058  0.853  1.121  0.748  0.503  1.317 -0.014  1.484  0.044
  89 C    6  5.976  0.854  1.121  0.761  0.477  1.341 -0.050  1.429  0.042
  90 C    6  5.976  0.854  1.121  0.761  0.477  1.341 -0.050  1.429  0.042
  91 C    6  5.976  0.854  1.121  0.761  0.477  1.341 -0.050  1.429  0.042
  92 C    6  5.976  0.854  1.121  0.761  0.477  1.341 -0.050  1.429  0.042
  93 C    6  5.976  0.854  1.121  0.761  0.477  1.341 -0.050  1.429  0.042
  94 C    6  5.976  0.854  1.121  0.761  0.477  1.341 -0.050  1.429  0.042
  95 C    6  5.976  0.854  1.121  0.761  0.477  1.341 -0.050  1.429  0.042
  96 C    6  5.976  0.854  1.121  0.761  0.477  1.341 -0.050  1.429  0.042
  97 C    6  5.976  0.854  1.121  0.761  0.477  1.341 -0.050  1.429  0.042
  98 C    6  5.976  0.854  1.121  0.761  0.477  1.341 -0.050  1.429  0.042
  99 C    6  5.976  0.854  1.121  0.761  0.477  1.341 -0.050  1.429  0.042
 100 C    6  5.976  0.854  1.121  0.761  0.477  1.341 -0.050  1.429  0.042
 101 C    6  5.975  0.854  1.121  0.761  0.477  1.341 -0.050  1.429  0.042
 102 C    6  5.975  0.854  1.121  0.761  0.477  1.341 -0.050  1.429  0.042
 103 C    6  5.975  0.854  1.121  0.761  0.477  1.341 -0.050  1.429  0.042
 104 C    6  5.975  0.854  1.121  0.761  0.477  1.341 -0.050  1.429  0.042
 105 C    6  5.975  0.854  1.121  0.761  0.477  1.341 -0.050  1.429  0.042
 106 C    6  5.975  0.854  1.121  0.761  0.477  1.341 -0.050  1.429  0.042
 107 C    6  5.975  0.854  1.121  0.761  0.477  1.341 -0.050  1.429  0.042
 108 C    6  5.975  0.854  1.121  0.761  0.477  1.341 -0.050  1.429  0.042
 109 C    6  5.975  0.854  1.121  0.761  0.477  1.341 -0.050  1.429  0.042
 110 C    6  5.975  0.854  1.121  0.761  0.477  1.341 -0.050  1.429  0.042
 111 C    6  5.975  0.854  1.121  0.761  0.477  1.341 -0.050  1.429  0.042
 112 C    6  5.975  0.854  1.121  0.761  0.477  1.341 -0.050  1.429  0.042

 OVERLAP POPULATION CONDENSED TO ATOMS FOR FIRST   6 NEIGHBORS

 ATOM A   1 C    ATOM B     CELL      R(AB)/AU R(AB)/ANG    OVPOP(AB)
                 45 C    (  0  0  0)     2.648     1.401     0.449
                 92 C    (  0  0  0)     2.648     1.401     0.447
                 73 C    (  0  0  0)     2.908     1.539     0.295
                 28 C    ( -1  0  0)     4.473     2.367    -0.041
                104 C    (  0  0  0)     4.473     2.367    -0.042
                 19 C    ( -1  0  0)     4.530     2.397    -0.030

 ATOM A  25 C    ATOM B     CELL      R(AB)/AU R(AB)/ANG    OVPOP(AB)
                 21 C    (  0  0  0)     2.648     1.401     0.449
                 49 C    (  0  0  0)     2.648     1.401     0.451
                 44 C    (  0  1  0)     2.868     1.518     0.381
                 52 C    (  0  1  0)     4.469     2.365    -0.044
                  3 C    (  0  1  0)     4.473     2.367    -0.041
                 43 C    (  0  0  0)     4.543     2.404    -0.025

 ATOM A  49 C    ATOM B     CELL      R(AB)/AU R(AB)/ANG    OVPOP(AB)
                 25 C    (  0  0  0)     2.648     1.401     0.451
                 85 C    (  1  1  0)     2.915     1.543     0.301
                 27 C    (  1  1  0)     4.469     2.365    -0.044
                 51 C    (  1  1  0)     4.519     2.391    -0.022
                  4 C    (  0  0  0)     4.622     2.446    -0.025
                 88 C    (  1  1  0)     4.954     2.622    -0.014

 ATOM A  61 C    ATOM B     CELL      R(AB)/AU R(AB)/ANG    OVPOP(AB)
                101 C    ( -1  0  0)     2.648     1.402     0.449
                 73 C    (  0  0  0)     2.909     1.539     0.297
                 89 C    ( -1  0  0)     4.474     2.367    -0.042
                  1 C    (  0  0  0)     4.531     2.398    -0.029
                 63 C    ( -1  0  0)     4.623     2.446    -0.025
                 79 C    (  0  0  0)     4.888     2.587    -0.019

 ATOM A  73 C    ATOM B     CELL      R(AB)/AU R(AB)/ANG    OVPOP(AB)
                 79 C    (  0  0  0)     2.858     1.512     0.213
                  1 C    (  0  0  0)     2.908     1.539     0.295
                 61 C    (  0  0  0)     2.909     1.539     0.297
                 89 C    ( -1  0  0)     4.545     2.405    -0.035
                101 C    ( -1  0  0)     4.545     2.405    -0.036
                 28 C    ( -1  0  0)     4.545     2.405    -0.035

 ATOM A  85 C    ATOM B     CELL      R(AB)/AU R(AB)/ANG    OVPOP(AB)
                 88 C    (  0  0  0)     2.911     1.540     0.164
                 49 C    ( -1 -1  0)     2.915     1.543     0.301
                 25 C    ( -1 -1  0)     4.561     2.413    -0.034
                 58 C    (  0  0  0)     4.954     2.622    -0.014
                 34 C    (  0  0  0)     6.670     3.530    -0.001
                  1 C    (  0  0  0)     6.831     3.615     0.001

 ATOM A  89 C    ATOM B     CELL      R(AB)/AU R(AB)/ANG    OVPOP(AB)
                  3 C    (  0  0  0)     2.648     1.401     0.447
                101 C    (  0  0  0)     2.868     1.518     0.382
                 61 C    (  1  0  0)     4.474     2.367    -0.042
                 28 C    (  0  0  0)     4.544     2.405    -0.021
                 73 C    (  1  0  0)     4.545     2.405    -0.035
                 52 C    (  0  0  0)     5.295     2.802    -0.014

 ATOM A 101 C    ATOM B     CELL      R(AB)/AU R(AB)/ANG    OVPOP(AB)
                 61 C    (  1  0  0)     2.648     1.402     0.449
                 89 C    (  0  0  0)     2.868     1.518     0.382
                  3 C    (  0  0  0)     4.473     2.367    -0.042
                103 C    (  0 -1  0)     4.543     2.404    -0.021
                 73 C    (  1  0  0)     4.545     2.405    -0.036
                 64 C    (  1  0  0)     5.293     2.801    -0.012
 TTTTTTTTTTTTTTTTTTTTTTTTTTTTTT AFTER FIRST TELAPSE      367.54 TCPU      365.11
 MMMMMMMMMMMMMMMMMMMMMMMMMMMMMMMMMMMMMMMMMMMMMMMMMMMMMMMMMMMMMMMMMMMMMMMMMMMMMMM
     ALPHA-BETA ELECTRONS
 MULLIKEN POPULATION ANALYSIS - NO. OF ELECTRONS   -0.000000

  ATOM    Z CHARGE  A.O. POPULATION

   1 C    6 -0.000  0.000  0.000 -0.000 -0.000  0.000  0.000  0.000 -0.000
                    0.000  0.000  0.000 -0.000 -0.000  0.000  0.000  0.000
                   -0.000  0.000
   2 C    6 -0.000  0.000  0.000 -0.000 -0.000  0.000  0.000  0.000 -0.000
                    0.000  0.000  0.000 -0.000 -0.000  0.000  0.000  0.000
                   -0.000  0.000
   3 C    6 -0.000  0.000  0.000 -0.000 -0.000 -0.000  0.000  0.000  0.000
                    0.000  0.000 -0.000  0.000 -0.000  0.000  0.000 -0.000
                    0.000  0.000
   4 C    6 -0.000  0.000  0.000 -0.000 -0.000  0.000 -0.000  0.000  0.000
                   -0.000  0.000 -0.000  0.000 -0.000  0.000 -0.000  0.000
                    0.000 -0.000
   5 C    6 -0.000  0.000  0.000 -0.000 -0.000  0.000 -0.000  0.000  0.000
                   -0.000  0.000 -0.000  0.000 -0.000  0.000 -0.000  0.000
                    0.000 -0.000
   6 C    6 -0.000  0.000  0.000 -0.000 -0.000 -0.000  0.000  0.000  0.000
                    0.000  0.000 -0.000  0.000 -0.000  0.000  0.000 -0.000
                    0.000  0.000
   7 C    6 -0.000  0.000  0.000 -0.000 -0.000  0.000 -0.000  0.000  0.000
                   -0.000  0.000 -0.000  0.000 -0.000  0.000 -0.000  0.000
                    0.000 -0.000
   8 C    6 -0.000  0.000  0.000 -0.000 -0.000  0.000  0.000  0.000 -0.000
                    0.000  0.000  0.000 -0.000 -0.000  0.000  0.000  0.000
                   -0.000  0.000
   9 C    6 -0.000  0.000  0.000 -0.000 -0.000 -0.000  0.000  0.000  0.000
                    0.000  0.000 -0.000  0.000 -0.000  0.000  0.000 -0.000
                    0.000  0.000
  10 C    6 -0.000  0.000  0.000 -0.000 -0.000 -0.000  0.000  0.000  0.000
                    0.000  0.000 -0.000  0.000 -0.000  0.000  0.000 -0.000
                    0.000  0.000
  11 C    6 -0.000  0.000  0.000 -0.000 -0.000  0.000  0.000  0.000 -0.000
                    0.000  0.000  0.000 -0.000 -0.000  0.000  0.000  0.000
                   -0.000  0.000
  12 C    6 -0.000  0.000  0.000 -0.000 -0.000  0.000 -0.000  0.000  0.000
                   -0.000  0.000 -0.000  0.000 -0.000  0.000 -0.000  0.000
                    0.000 -0.000
  13 C    6 -0.000  0.000  0.000 -0.000 -0.000  0.000  0.000  0.000 -0.000
                    0.000  0.000  0.000 -0.000 -0.000  0.000  0.000  0.000
                   -0.000  0.000
  14 C    6 -0.000  0.000  0.000 -0.000 -0.000  0.000  0.000  0.000 -0.000
                    0.000  0.000  0.000 -0.000 -0.000  0.000  0.000  0.000
                   -0.000  0.000
  15 C    6 -0.000  0.000  0.000 -0.000 -0.000 -0.000  0.000  0.000  0.000
                    0.000  0.000 -0.000  0.000 -0.000  0.000  0.000 -0.000
                    0.000  0.000
  16 C    6 -0.000  0.000  0.000 -0.000 -0.000  0.000 -0.000  0.000  0.000
                   -0.000  0.000 -0.000  0.000 -0.000  0.000 -0.000  0.000
                    0.000 -0.000
  17 C    6 -0.000  0.000  0.000 -0.000 -0.000  0.000 -0.000  0.000  0.000
                   -0.000  0.000 -0.000  0.000 -0.000  0.000 -0.000  0.000
                    0.000 -0.000
  18 C    6 -0.000  0.000  0.000 -0.000 -0.000 -0.000  0.000  0.000  0.000
                    0.000  0.000 -0.000  0.000 -0.000  0.000  0.000 -0.000
                    0.000  0.000
  19 C    6 -0.000  0.000  0.000 -0.000 -0.000  0.000 -0.000  0.000  0.000
                   -0.000  0.000 -0.000  0.000 -0.000  0.000 -0.000  0.000
                    0.000 -0.000
  20 C    6 -0.000  0.000  0.000 -0.000 -0.000  0.000  0.000  0.000 -0.000
                    0.000  0.000  0.000 -0.000 -0.000  0.000  0.000  0.000
                   -0.000  0.000
  21 C    6 -0.000  0.000  0.000 -0.000 -0.000 -0.000  0.000  0.000  0.000
                    0.000  0.000 -0.000  0.000 -0.000  0.000  0.000 -0.000
                    0.000  0.000
  22 C    6 -0.000  0.000  0.000 -0.000 -0.000 -0.000  0.000  0.000  0.000
                    0.000  0.000 -0.000  0.000 -0.000  0.000  0.000 -0.000
                    0.000  0.000
  23 C    6 -0.000  0.000  0.000 -0.000 -0.000  0.000  0.000  0.000 -0.000
                    0.000  0.000  0.000 -0.000 -0.000  0.000  0.000  0.000
                   -0.000  0.000
  24 C    6 -0.000  0.000  0.000 -0.000 -0.000  0.000 -0.000  0.000  0.000
                   -0.000  0.000 -0.000  0.000 -0.000  0.000 -0.000  0.000
                    0.000 -0.000
  25 C    6 -0.000 -0.000 -0.000  0.000  0.000 -0.000  0.000 -0.000 -0.000
                    0.000  0.000  0.000 -0.000 -0.000 -0.000 -0.000  0.000
                   -0.000 -0.000
  26 C    6 -0.000 -0.000 -0.000  0.000  0.000 -0.000  0.000 -0.000 -0.000
                    0.000  0.000  0.000 -0.000 -0.000 -0.000 -0.000  0.000
                   -0.000 -0.000
  27 C    6 -0.000 -0.000 -0.000  0.000  0.000 -0.000  0.000 -0.000 -0.000
                    0.000  0.000  0.000 -0.000 -0.000 -0.000  0.000 -0.000
                   -0.000  0.000
  28 C    6 -0.000 -0.000 -0.000  0.000  0.000  0.000 -0.000 -0.000  0.000
                   -0.000  0.000 -0.000  0.000 -0.000 -0.000 -0.000  0.000
                    0.000 -0.000
  29 C    6 -0.000 -0.000 -0.000  0.000  0.000  0.000 -0.000 -0.000  0.000
                   -0.000  0.000 -0.000  0.000 -0.000 -0.000 -0.000  0.000
                    0.000 -0.000
  30 C    6 -0.000 -0.000 -0.000  0.000  0.000 -0.000  0.000 -0.000 -0.000
                    0.000  0.000  0.000 -0.000 -0.000 -0.000  0.000 -0.000
                   -0.000  0.000
  31 C    6 -0.000 -0.000 -0.000  0.000  0.000  0.000 -0.000 -0.000  0.000
                   -0.000  0.000 -0.000  0.000 -0.000 -0.000 -0.000  0.000
                    0.000 -0.000
  32 C    6 -0.000 -0.000 -0.000  0.000  0.000 -0.000  0.000 -0.000 -0.000
                    0.000  0.000  0.000 -0.000 -0.000 -0.000 -0.000  0.000
                   -0.000 -0.000
  33 C    6 -0.000 -0.000 -0.000  0.000  0.000 -0.000  0.000 -0.000 -0.000
                    0.000  0.000  0.000 -0.000 -0.000 -0.000  0.000 -0.000
                   -0.000  0.000
  34 C    6 -0.000 -0.000 -0.000  0.000  0.000 -0.000  0.000 -0.000 -0.000
                    0.000  0.000  0.000 -0.000 -0.000 -0.000  0.000 -0.000
                   -0.000  0.000
  35 C    6 -0.000 -0.000 -0.000  0.000  0.000 -0.000  0.000 -0.000 -0.000
                    0.000  0.000  0.000 -0.000 -0.000 -0.000 -0.000  0.000
                   -0.000 -0.000
  36 C    6 -0.000 -0.000 -0.000  0.000  0.000  0.000 -0.000 -0.000  0.000
                   -0.000  0.000 -0.000  0.000 -0.000 -0.000 -0.000  0.000
                    0.000 -0.000
  37 C    6 -0.000 -0.000 -0.000  0.000  0.000 -0.000  0.000 -0.000 -0.000
                    0.000  0.000  0.000 -0.000 -0.000 -0.000 -0.000  0.000
                   -0.000 -0.000
  38 C    6 -0.000 -0.000 -0.000  0.000  0.000 -0.000  0.000 -0.000 -0.000
                    0.000  0.000  0.000 -0.000 -0.000 -0.000 -0.000  0.000
                   -0.000 -0.000
  39 C    6 -0.000 -0.000 -0.000  0.000  0.000 -0.000  0.000 -0.000 -0.000
                    0.000  0.000  0.000 -0.000 -0.000 -0.000  0.000 -0.000
                   -0.000  0.000
  40 C    6 -0.000 -0.000 -0.000  0.000  0.000  0.000 -0.000 -0.000  0.000
                   -0.000  0.000 -0.000  0.000 -0.000 -0.000 -0.000  0.000
                    0.000 -0.000
  41 C    6 -0.000 -0.000 -0.000  0.000  0.000  0.000 -0.000 -0.000  0.000
                   -0.000  0.000 -0.000  0.000 -0.000 -0.000 -0.000  0.000
                    0.000 -0.000
  42 C    6 -0.000 -0.000 -0.000  0.000  0.000 -0.000  0.000 -0.000 -0.000
                    0.000  0.000  0.000 -0.000 -0.000 -0.000  0.000 -0.000
                   -0.000  0.000
  43 C    6 -0.000 -0.000 -0.000  0.000  0.000  0.000 -0.000 -0.000  0.000
                   -0.000  0.000 -0.000  0.000 -0.000 -0.000 -0.000  0.000
                    0.000 -0.000
  44 C    6 -0.000 -0.000 -0.000  0.000  0.000 -0.000  0.000 -0.000 -0.000
                    0.000  0.000  0.000 -0.000 -0.000 -0.000 -0.000  0.000
                   -0.000 -0.000
  45 C    6 -0.000 -0.000 -0.000  0.000  0.000 -0.000  0.000 -0.000 -0.000
                    0.000  0.000  0.000 -0.000 -0.000 -0.000  0.000 -0.000
                   -0.000  0.000
  46 C    6 -0.000 -0.000 -0.000  0.000  0.000 -0.000  0.000 -0.000 -0.000
                    0.000  0.000  0.000 -0.000 -0.000 -0.000  0.000 -0.000
                   -0.000  0.000
  47 C    6 -0.000 -0.000 -0.000  0.000  0.000 -0.000  0.000 -0.000 -0.000
                    0.000  0.000  0.000 -0.000 -0.000 -0.000 -0.000  0.000
                   -0.000 -0.000
  48 C    6 -0.000 -0.000 -0.000  0.000  0.000  0.000 -0.000 -0.000  0.000
                   -0.000  0.000 -0.000  0.000 -0.000 -0.000 -0.000  0.000
                    0.000 -0.000
  49 C    6  0.000  0.000 -0.000  0.000 -0.000  0.000 -0.000 -0.000  0.000
                   -0.000 -0.000  0.000  0.000  0.000  0.000  0.000  0.000
                   -0.000 -0.000
  50 C    6  0.000  0.000 -0.000  0.000 -0.000  0.000 -0.000 -0.000  0.000
                   -0.000 -0.000  0.000  0.000  0.000  0.000  0.000  0.000
                   -0.000 -0.000
  51 C    6  0.000  0.000 -0.000  0.000 -0.000 -0.000  0.000 -0.000 -0.000
                    0.000 -0.000  0.000  0.000  0.000  0.000  0.000 -0.000
                    0.000 -0.000
  52 C    6  0.000  0.000 -0.000  0.000 -0.000  0.000 -0.000 -0.000  0.000
                   -0.000 -0.000  0.000  0.000  0.000  0.000  0.000  0.000
                   -0.000 -0.000
  53 C    6  0.000  0.000 -0.000  0.000 -0.000  0.000 -0.000 -0.000  0.000
                   -0.000 -0.000  0.000  0.000  0.000  0.000  0.000  0.000
                   -0.000 -0.000
  54 C    6  0.000  0.000 -0.000  0.000 -0.000 -0.000  0.000 -0.000 -0.000
                    0.000 -0.000  0.000  0.000  0.000  0.000  0.000 -0.000
                    0.000 -0.000
  55 C    6  0.000  0.000 -0.000  0.000 -0.000  0.000 -0.000 -0.000  0.000
                   -0.000 -0.000  0.000  0.000  0.000  0.000  0.000  0.000
                   -0.000 -0.000
  56 C    6  0.000  0.000 -0.000  0.000 -0.000  0.000 -0.000 -0.000  0.000
                   -0.000 -0.000  0.000  0.000  0.000  0.000  0.000  0.000
                   -0.000 -0.000
  57 C    6  0.000  0.000 -0.000  0.000 -0.000 -0.000  0.000 -0.000 -0.000
                    0.000 -0.000  0.000  0.000  0.000  0.000  0.000 -0.000
                    0.000 -0.000
  58 C    6  0.000  0.000 -0.000  0.000 -0.000 -0.000  0.000 -0.000 -0.000
                    0.000 -0.000  0.000  0.000  0.000  0.000  0.000 -0.000
                    0.000 -0.000
  59 C    6  0.000  0.000 -0.000  0.000 -0.000  0.000 -0.000 -0.000  0.000
                   -0.000 -0.000  0.000  0.000  0.000  0.000  0.000  0.000
                   -0.000 -0.000
  60 C    6  0.000  0.000 -0.000  0.000 -0.000  0.000 -0.000 -0.000  0.000
                   -0.000 -0.000  0.000  0.000  0.000  0.000  0.000  0.000
                   -0.000 -0.000
  61 C    6 -0.000 -0.000  0.000  0.000  0.000 -0.000 -0.000  0.000  0.000
                   -0.000  0.000 -0.000  0.000 -0.000  0.000 -0.000 -0.000
                   -0.000 -0.000
  62 C    6 -0.000 -0.000  0.000  0.000  0.000 -0.000 -0.000  0.000  0.000
                   -0.000  0.000 -0.000  0.000 -0.000  0.000 -0.000 -0.000
                   -0.000 -0.000
  63 C    6 -0.000 -0.000  0.000  0.000  0.000  0.000 -0.000  0.000 -0.000
                    0.000  0.000  0.000 -0.000 -0.000  0.000  0.000 -0.000
                   -0.000 -0.000
  64 C    6 -0.000 -0.000  0.000  0.000  0.000 -0.000 -0.000  0.000  0.000
                   -0.000  0.000 -0.000  0.000 -0.000  0.000 -0.000 -0.000
                   -0.000 -0.000
  65 C    6 -0.000 -0.000  0.000  0.000  0.000 -0.000 -0.000  0.000  0.000
                   -0.000  0.000 -0.000  0.000 -0.000  0.000 -0.000 -0.000
                   -0.000 -0.000
  66 C    6 -0.000 -0.000  0.000  0.000  0.000  0.000 -0.000  0.000 -0.000
                    0.000  0.000  0.000 -0.000 -0.000  0.000  0.000 -0.000
                   -0.000 -0.000
  67 C    6 -0.000 -0.000  0.000  0.000  0.000 -0.000 -0.000  0.000  0.000
                   -0.000  0.000 -0.000  0.000 -0.000  0.000 -0.000 -0.000
                   -0.000 -0.000
  68 C    6 -0.000 -0.000  0.000  0.000  0.000 -0.000 -0.000  0.000  0.000
                   -0.000  0.000 -0.000  0.000 -0.000  0.000 -0.000 -0.000
                   -0.000 -0.000
  69 C    6 -0.000 -0.000  0.000  0.000  0.000  0.000 -0.000  0.000 -0.000
                    0.000  0.000  0.000 -0.000 -0.000  0.000  0.000 -0.000
                   -0.000 -0.000
  70 C    6 -0.000 -0.000  0.000  0.000  0.000  0.000 -0.000  0.000 -0.000
                    0.000  0.000  0.000 -0.000 -0.000  0.000  0.000 -0.000
                   -0.000 -0.000
  71 C    6 -0.000 -0.000  0.000  0.000  0.000 -0.000 -0.000  0.000  0.000
                   -0.000  0.000 -0.000  0.000 -0.000  0.000 -0.000 -0.000
                   -0.000 -0.000
  72 C    6 -0.000 -0.000  0.000  0.000  0.000 -0.000 -0.000  0.000  0.000
                   -0.000  0.000 -0.000  0.000 -0.000  0.000 -0.000 -0.000
                   -0.000 -0.000
  73 C    6  0.000  0.000 -0.000  0.000 -0.000  0.000  0.000 -0.000  0.000
                   -0.000 -0.000  0.000  0.000  0.000 -0.000  0.000 -0.000
                   -0.000  0.000
  74 C    6  0.000  0.000 -0.000  0.000 -0.000  0.000  0.000 -0.000  0.000
                   -0.000 -0.000  0.000  0.000  0.000 -0.000  0.000 -0.000
                   -0.000  0.000
  75 C    6  0.000  0.000 -0.000  0.000 -0.000 -0.000  0.000 -0.000 -0.000
                    0.000 -0.000  0.000  0.000  0.000 -0.000 -0.000  0.000
                    0.000 -0.000
  76 C    6  0.000  0.000 -0.000  0.000 -0.000  0.000  0.000 -0.000  0.000
                   -0.000 -0.000  0.000  0.000  0.000 -0.000  0.000 -0.000
                   -0.000  0.000
  77 C    6  0.000  0.000 -0.000  0.000 -0.000  0.000  0.000 -0.000  0.000
                   -0.000 -0.000  0.000  0.000  0.000 -0.000  0.000 -0.000
                   -0.000  0.000
  78 C    6  0.000  0.000 -0.000  0.000 -0.000 -0.000  0.000 -0.000 -0.000
                    0.000 -0.000  0.000  0.000  0.000 -0.000 -0.000  0.000
                    0.000 -0.000
  79 C    6  0.000  0.000 -0.000  0.000 -0.000  0.000  0.000 -0.000  0.000
                   -0.000 -0.000  0.000  0.000  0.000 -0.000  0.000 -0.000
                   -0.000  0.000
  80 C    6  0.000  0.000 -0.000  0.000 -0.000  0.000  0.000 -0.000  0.000
                   -0.000 -0.000  0.000  0.000  0.000 -0.000  0.000 -0.000
                   -0.000  0.000
  81 C    6  0.000  0.000 -0.000  0.000 -0.000 -0.000  0.000 -0.000 -0.000
                    0.000 -0.000  0.000  0.000  0.000 -0.000 -0.000  0.000
                    0.000 -0.000
  82 C    6  0.000  0.000 -0.000  0.000 -0.000 -0.000  0.000 -0.000 -0.000
                    0.000 -0.000  0.000  0.000  0.000 -0.000 -0.000  0.000
                    0.000 -0.000
  83 C    6  0.000  0.000 -0.000  0.000 -0.000  0.000  0.000 -0.000  0.000
                   -0.000 -0.000  0.000  0.000  0.000 -0.000  0.000 -0.000
                   -0.000  0.000
  84 C    6  0.000  0.000 -0.000  0.000 -0.000  0.000  0.000 -0.000  0.000
                   -0.000 -0.000  0.000  0.000  0.000 -0.000  0.000 -0.000
                   -0.000  0.000
  85 C    6  0.000 -0.000  0.000 -0.000  0.000 -0.000 -0.000  0.000  0.000
                    0.000  0.000  0.000  0.000 -0.000  0.000 -0.000 -0.000
                   -0.000 -0.000
  86 C    6  0.000 -0.000  0.000 -0.000  0.000 -0.000 -0.000  0.000  0.000
                    0.000  0.000  0.000  0.000 -0.000  0.000 -0.000 -0.000
                   -0.000 -0.000
  87 C    6  0.000 -0.000  0.000 -0.000  0.000 -0.000 -0.000  0.000  0.000
                    0.000  0.000  0.000  0.000 -0.000  0.000 -0.000 -0.000
                   -0.000 -0.000
  88 C    6  0.000 -0.000  0.000 -0.000  0.000 -0.000 -0.000  0.000  0.000
                    0.000  0.000  0.000  0.000 -0.000  0.000 -0.000 -0.000
                   -0.000 -0.000
  89 C    6 -0.000  0.000 -0.000  0.000  0.000 -0.000 -0.000 -0.000 -0.000
                   -0.000  0.000  0.000  0.000 -0.000 -0.000  0.000  0.000
                    0.000  0.000
  90 C    6 -0.000  0.000 -0.000  0.000  0.000 -0.000 -0.000 -0.000 -0.000
                   -0.000  0.000  0.000  0.000 -0.000 -0.000  0.000  0.000
                    0.000  0.000
  91 C    6 -0.000  0.000 -0.000  0.000  0.000 -0.000 -0.000 -0.000 -0.000
                   -0.000  0.000  0.000  0.000 -0.000 -0.000  0.000  0.000
                    0.000  0.000
  92 C    6 -0.000  0.000 -0.000  0.000  0.000 -0.000  0.000 -0.000  0.000
                   -0.000  0.000  0.000  0.000 -0.000 -0.000  0.000  0.000
                    0.000  0.000
  93 C    6 -0.000  0.000 -0.000  0.000  0.000 -0.000  0.000 -0.000  0.000
                   -0.000  0.000  0.000  0.000 -0.000 -0.000  0.000  0.000
                    0.000  0.000
  94 C    6 -0.000  0.000 -0.000  0.000  0.000 -0.000 -0.000 -0.000 -0.000
                   -0.000  0.000  0.000  0.000 -0.000 -0.000  0.000  0.000
                    0.000  0.000
  95 C    6 -0.000  0.000 -0.000  0.000  0.000 -0.000  0.000 -0.000  0.000
                   -0.000  0.000  0.000  0.000 -0.000 -0.000  0.000  0.000
                    0.000  0.000
  96 C    6 -0.000  0.000 -0.000  0.000  0.000 -0.000 -0.000 -0.000 -0.000
                   -0.000  0.000  0.000  0.000 -0.000 -0.000  0.000  0.000
                    0.000  0.000
  97 C    6 -0.000  0.000 -0.000  0.000  0.000 -0.000 -0.000 -0.000 -0.000
                   -0.000  0.000  0.000  0.000 -0.000 -0.000  0.000  0.000
                    0.000  0.000
  98 C    6 -0.000  0.000 -0.000  0.000  0.000 -0.000 -0.000 -0.000 -0.000
                   -0.000  0.000  0.000  0.000 -0.000 -0.000  0.000  0.000
                    0.000  0.000
  99 C    6 -0.000  0.000 -0.000  0.000  0.000 -0.000 -0.000 -0.000 -0.000
                   -0.000  0.000  0.000  0.000 -0.000 -0.000  0.000  0.000
                    0.000  0.000
 100 C    6 -0.000  0.000 -0.000  0.000  0.000 -0.000  0.000 -0.000  0.000
                   -0.000  0.000  0.000  0.000 -0.000 -0.000  0.000  0.000
                    0.000  0.000
 101 C    6  0.000 -0.000  0.000 -0.000  0.000  0.000  0.000  0.000 -0.000
                   -0.000 -0.000  0.000  0.000  0.000 -0.000  0.000  0.000
                    0.000  0.000
 102 C    6  0.000 -0.000  0.000 -0.000  0.000  0.000  0.000  0.000 -0.000
                   -0.000 -0.000  0.000  0.000  0.000 -0.000  0.000  0.000
                    0.000  0.000
 103 C    6  0.000 -0.000  0.000 -0.000  0.000  0.000  0.000  0.000 -0.000
                   -0.000 -0.000  0.000  0.000  0.000 -0.000  0.000  0.000
                    0.000  0.000
 104 C    6  0.000 -0.000  0.000 -0.000  0.000  0.000  0.000  0.000 -0.000
                   -0.000 -0.000  0.000  0.000  0.000 -0.000  0.000  0.000
                    0.000 -0.000
 105 C    6  0.000 -0.000  0.000 -0.000  0.000  0.000  0.000  0.000 -0.000
                   -0.000 -0.000  0.000  0.000  0.000 -0.000  0.000  0.000
                    0.000 -0.000
 106 C    6  0.000 -0.000  0.000 -0.000  0.000  0.000  0.000  0.000 -0.000
                   -0.000 -0.000  0.000  0.000  0.000 -0.000  0.000  0.000
                    0.000  0.000
 107 C    6  0.000 -0.000  0.000 -0.000  0.000  0.000  0.000  0.000 -0.000
                   -0.000 -0.000  0.000  0.000  0.000 -0.000  0.000  0.000
                    0.000 -0.000
 108 C    6  0.000 -0.000  0.000 -0.000  0.000  0.000  0.000  0.000 -0.000
                   -0.000 -0.000  0.000  0.000  0.000 -0.000  0.000  0.000
                    0.000  0.000
 109 C    6  0.000 -0.000  0.000 -0.000  0.000  0.000  0.000  0.000 -0.000
                   -0.000 -0.000  0.000  0.000  0.000 -0.000  0.000  0.000
                    0.000  0.000
 110 C    6  0.000 -0.000  0.000 -0.000  0.000  0.000  0.000  0.000 -0.000
                   -0.000 -0.000  0.000  0.000  0.000 -0.000  0.000  0.000
                    0.000  0.000
 111 C    6  0.000 -0.000  0.000 -0.000  0.000  0.000  0.000  0.000 -0.000
                   -0.000 -0.000  0.000  0.000  0.000 -0.000  0.000  0.000
                    0.000  0.000
 112 C    6  0.000 -0.000  0.000 -0.000  0.000  0.000  0.000  0.000 -0.000
                   -0.000 -0.000  0.000  0.000  0.000 -0.000  0.000  0.000
                    0.000 -0.000

  ATOM    Z CHARGE  SHELL POPULATION

   1 C    6 -0.000  0.000  0.000 -0.000 -0.000  0.000  0.000 -0.000  0.000
   2 C    6 -0.000  0.000  0.000 -0.000 -0.000  0.000  0.000 -0.000  0.000
   3 C    6 -0.000  0.000  0.000 -0.000 -0.000  0.000  0.000 -0.000  0.000
   4 C    6 -0.000  0.000  0.000 -0.000 -0.000  0.000  0.000 -0.000  0.000
   5 C    6 -0.000  0.000  0.000 -0.000 -0.000  0.000  0.000 -0.000  0.000
   6 C    6 -0.000  0.000  0.000 -0.000 -0.000  0.000  0.000 -0.000  0.000
   7 C    6 -0.000  0.000  0.000 -0.000 -0.000  0.000  0.000 -0.000  0.000
   8 C    6 -0.000  0.000  0.000 -0.000 -0.000  0.000  0.000 -0.000  0.000
   9 C    6 -0.000  0.000  0.000 -0.000 -0.000  0.000  0.000 -0.000  0.000
  10 C    6 -0.000  0.000  0.000 -0.000 -0.000  0.000  0.000 -0.000  0.000
  11 C    6 -0.000  0.000  0.000 -0.000 -0.000  0.000  0.000 -0.000  0.000
  12 C    6 -0.000  0.000  0.000 -0.000 -0.000  0.000  0.000 -0.000  0.000
  13 C    6 -0.000  0.000  0.000 -0.000 -0.000  0.000  0.000 -0.000  0.000
  14 C    6 -0.000  0.000  0.000 -0.000 -0.000  0.000  0.000 -0.000  0.000
  15 C    6 -0.000  0.000  0.000 -0.000 -0.000  0.000  0.000 -0.000  0.000
  16 C    6 -0.000  0.000  0.000 -0.000 -0.000  0.000  0.000 -0.000  0.000
  17 C    6 -0.000  0.000  0.000 -0.000 -0.000  0.000  0.000 -0.000  0.000
  18 C    6 -0.000  0.000  0.000 -0.000 -0.000  0.000  0.000 -0.000  0.000
  19 C    6 -0.000  0.000  0.000 -0.000 -0.000  0.000  0.000 -0.000  0.000
  20 C    6 -0.000  0.000  0.000 -0.000 -0.000  0.000  0.000 -0.000  0.000
  21 C    6 -0.000  0.000  0.000 -0.000 -0.000  0.000  0.000 -0.000  0.000
  22 C    6 -0.000  0.000  0.000 -0.000 -0.000  0.000  0.000 -0.000  0.000
  23 C    6 -0.000  0.000  0.000 -0.000 -0.000  0.000  0.000 -0.000  0.000
  24 C    6 -0.000  0.000  0.000 -0.000 -0.000  0.000  0.000 -0.000  0.000
  25 C    6 -0.000 -0.000 -0.000  0.000  0.000 -0.000  0.000 -0.000 -0.000
  26 C    6 -0.000 -0.000 -0.000  0.000  0.000 -0.000  0.000 -0.000 -0.000
  27 C    6 -0.000 -0.000 -0.000  0.000  0.000 -0.000  0.000 -0.000 -0.000
  28 C    6 -0.000 -0.000 -0.000  0.000  0.000 -0.000  0.000 -0.000 -0.000
  29 C    6 -0.000 -0.000 -0.000  0.000  0.000 -0.000  0.000 -0.000 -0.000
  30 C    6 -0.000 -0.000 -0.000  0.000  0.000 -0.000  0.000 -0.000 -0.000
  31 C    6 -0.000 -0.000 -0.000  0.000  0.000 -0.000  0.000 -0.000 -0.000
  32 C    6 -0.000 -0.000 -0.000  0.000  0.000 -0.000  0.000 -0.000 -0.000
  33 C    6 -0.000 -0.000 -0.000  0.000  0.000 -0.000  0.000 -0.000 -0.000
  34 C    6 -0.000 -0.000 -0.000  0.000  0.000 -0.000  0.000 -0.000 -0.000
  35 C    6 -0.000 -0.000 -0.000  0.000  0.000 -0.000  0.000 -0.000 -0.000
  36 C    6 -0.000 -0.000 -0.000  0.000  0.000 -0.000  0.000 -0.000 -0.000
  37 C    6 -0.000 -0.000 -0.000  0.000  0.000 -0.000  0.000 -0.000 -0.000
  38 C    6 -0.000 -0.000 -0.000  0.000  0.000 -0.000  0.000 -0.000 -0.000
  39 C    6 -0.000 -0.000 -0.000  0.000  0.000 -0.000  0.000 -0.000 -0.000
  40 C    6 -0.000 -0.000 -0.000  0.000  0.000 -0.000  0.000 -0.000 -0.000
  41 C    6 -0.000 -0.000 -0.000  0.000  0.000 -0.000  0.000 -0.000 -0.000
  42 C    6 -0.000 -0.000 -0.000  0.000  0.000 -0.000  0.000 -0.000 -0.000
  43 C    6 -0.000 -0.000 -0.000  0.000  0.000 -0.000  0.000 -0.000 -0.000
  44 C    6 -0.000 -0.000 -0.000  0.000  0.000 -0.000  0.000 -0.000 -0.000
  45 C    6 -0.000 -0.000 -0.000  0.000  0.000 -0.000  0.000 -0.000 -0.000
  46 C    6 -0.000 -0.000 -0.000  0.000  0.000 -0.000  0.000 -0.000 -0.000
  47 C    6 -0.000 -0.000 -0.000  0.000  0.000 -0.000  0.000 -0.000 -0.000
  48 C    6 -0.000 -0.000 -0.000  0.000  0.000 -0.000  0.000 -0.000 -0.000
  49 C    6  0.000  0.000 -0.000  0.000 -0.000 -0.000  0.000  0.000 -0.000
  50 C    6  0.000  0.000 -0.000  0.000 -0.000 -0.000  0.000  0.000 -0.000
  51 C    6  0.000  0.000 -0.000  0.000 -0.000 -0.000  0.000  0.000 -0.000
  52 C    6  0.000  0.000 -0.000  0.000 -0.000 -0.000  0.000  0.000 -0.000
  53 C    6  0.000  0.000 -0.000  0.000 -0.000 -0.000  0.000  0.000 -0.000
  54 C    6  0.000  0.000 -0.000  0.000 -0.000 -0.000  0.000  0.000 -0.000
  55 C    6  0.000  0.000 -0.000  0.000 -0.000 -0.000  0.000  0.000 -0.000
  56 C    6  0.000  0.000 -0.000  0.000 -0.000 -0.000  0.000  0.000 -0.000
  57 C    6  0.000  0.000 -0.000  0.000 -0.000 -0.000  0.000  0.000 -0.000
  58 C    6  0.000  0.000 -0.000  0.000 -0.000 -0.000  0.000  0.000 -0.000
  59 C    6  0.000  0.000 -0.000  0.000 -0.000 -0.000  0.000  0.000 -0.000
  60 C    6  0.000  0.000 -0.000  0.000 -0.000 -0.000  0.000  0.000 -0.000
  61 C    6 -0.000 -0.000  0.000  0.000  0.000 -0.000  0.000 -0.000 -0.000
  62 C    6 -0.000 -0.000  0.000  0.000  0.000 -0.000  0.000 -0.000 -0.000
  63 C    6 -0.000 -0.000  0.000  0.000  0.000 -0.000  0.000 -0.000 -0.000
  64 C    6 -0.000 -0.000  0.000  0.000  0.000 -0.000  0.000 -0.000 -0.000
  65 C    6 -0.000 -0.000  0.000  0.000  0.000 -0.000  0.000 -0.000 -0.000
  66 C    6 -0.000 -0.000  0.000  0.000  0.000 -0.000  0.000 -0.000 -0.000
  67 C    6 -0.000 -0.000  0.000  0.000  0.000 -0.000  0.000 -0.000 -0.000
  68 C    6 -0.000 -0.000  0.000  0.000  0.000 -0.000  0.000 -0.000 -0.000
  69 C    6 -0.000 -0.000  0.000  0.000  0.000 -0.000  0.000 -0.000 -0.000
  70 C    6 -0.000 -0.000  0.000  0.000  0.000 -0.000  0.000 -0.000 -0.000
  71 C    6 -0.000 -0.000  0.000  0.000  0.000 -0.000  0.000 -0.000 -0.000
  72 C    6 -0.000 -0.000  0.000  0.000  0.000 -0.000  0.000 -0.000 -0.000
  73 C    6  0.000  0.000 -0.000  0.000 -0.000 -0.000 -0.000  0.000 -0.000
  74 C    6  0.000  0.000 -0.000  0.000 -0.000 -0.000 -0.000  0.000 -0.000
  75 C    6  0.000  0.000 -0.000  0.000 -0.000 -0.000 -0.000  0.000 -0.000
  76 C    6  0.000  0.000 -0.000  0.000 -0.000 -0.000 -0.000  0.000 -0.000
  77 C    6  0.000  0.000 -0.000  0.000 -0.000 -0.000 -0.000  0.000 -0.000
  78 C    6  0.000  0.000 -0.000  0.000 -0.000 -0.000 -0.000  0.000 -0.000
  79 C    6  0.000  0.000 -0.000  0.000 -0.000 -0.000 -0.000  0.000 -0.000
  80 C    6  0.000  0.000 -0.000  0.000 -0.000 -0.000 -0.000  0.000 -0.000
  81 C    6  0.000  0.000 -0.000  0.000 -0.000 -0.000 -0.000  0.000 -0.000
  82 C    6  0.000  0.000 -0.000  0.000 -0.000 -0.000 -0.000  0.000 -0.000
  83 C    6  0.000  0.000 -0.000  0.000 -0.000 -0.000 -0.000  0.000 -0.000
  84 C    6  0.000  0.000 -0.000  0.000 -0.000 -0.000 -0.000  0.000 -0.000
  85 C    6  0.000 -0.000  0.000 -0.000  0.000 -0.000  0.000  0.000 -0.000
  86 C    6  0.000 -0.000  0.000 -0.000  0.000 -0.000  0.000  0.000 -0.000
  87 C    6  0.000 -0.000  0.000 -0.000  0.000 -0.000  0.000  0.000 -0.000
  88 C    6  0.000 -0.000  0.000 -0.000  0.000 -0.000  0.000  0.000 -0.000
  89 C    6 -0.000  0.000 -0.000  0.000  0.000 -0.000  0.000  0.000  0.000
  90 C    6 -0.000  0.000 -0.000  0.000  0.000 -0.000  0.000  0.000  0.000
  91 C    6 -0.000  0.000 -0.000  0.000  0.000 -0.000  0.000  0.000  0.000
  92 C    6 -0.000  0.000 -0.000  0.000  0.000 -0.000  0.000  0.000  0.000
  93 C    6 -0.000  0.000 -0.000  0.000  0.000 -0.000  0.000  0.000  0.000
  94 C    6 -0.000  0.000 -0.000  0.000  0.000 -0.000  0.000  0.000  0.000
  95 C    6 -0.000  0.000 -0.000  0.000  0.000 -0.000  0.000  0.000  0.000
  96 C    6 -0.000  0.000 -0.000  0.000  0.000 -0.000  0.000  0.000  0.000
  97 C    6 -0.000  0.000 -0.000  0.000  0.000 -0.000  0.000  0.000  0.000
  98 C    6 -0.000  0.000 -0.000  0.000  0.000 -0.000  0.000  0.000  0.000
  99 C    6 -0.000  0.000 -0.000  0.000  0.000 -0.000  0.000  0.000  0.000
 100 C    6 -0.000  0.000 -0.000  0.000  0.000 -0.000  0.000  0.000  0.000
 101 C    6  0.000 -0.000  0.000 -0.000  0.000  0.000 -0.000  0.000  0.000
 102 C    6  0.000 -0.000  0.000 -0.000  0.000  0.000 -0.000  0.000  0.000
 103 C    6  0.000 -0.000  0.000 -0.000  0.000  0.000 -0.000  0.000  0.000
 104 C    6  0.000 -0.000  0.000 -0.000  0.000  0.000 -0.000  0.000  0.000
 105 C    6  0.000 -0.000  0.000 -0.000  0.000  0.000 -0.000  0.000  0.000
 106 C    6  0.000 -0.000  0.000 -0.000  0.000  0.000 -0.000  0.000  0.000
 107 C    6  0.000 -0.000  0.000 -0.000  0.000  0.000 -0.000  0.000  0.000
 108 C    6  0.000 -0.000  0.000 -0.000  0.000  0.000 -0.000  0.000  0.000
 109 C    6  0.000 -0.000  0.000 -0.000  0.000  0.000 -0.000  0.000  0.000
 110 C    6  0.000 -0.000  0.000 -0.000  0.000  0.000 -0.000  0.000  0.000
 111 C    6  0.000 -0.000  0.000 -0.000  0.000  0.000 -0.000  0.000  0.000
 112 C    6  0.000 -0.000  0.000 -0.000  0.000  0.000 -0.000  0.000  0.000

 OVERLAP POPULATION CONDENSED TO ATOMS FOR FIRST   6 NEIGHBORS

 ATOM A   1 C    ATOM B     CELL      R(AB)/AU R(AB)/ANG    OVPOP(AB)
                 45 C    (  0  0  0)     2.648     1.401     0.000
                 92 C    (  0  0  0)     2.648     1.401     0.000
                 73 C    (  0  0  0)     2.908     1.539    -0.000
                 28 C    ( -1  0  0)     4.473     2.367     0.000
                104 C    (  0  0  0)     4.473     2.367     0.000
                 19 C    ( -1  0  0)     4.530     2.397     0.000

 ATOM A  25 C    ATOM B     CELL      R(AB)/AU R(AB)/ANG    OVPOP(AB)
                 21 C    (  0  0  0)     2.648     1.401     0.000
                 49 C    (  0  0  0)     2.648     1.401    -0.000
                 44 C    (  0  1  0)     2.868     1.518     0.000
                 52 C    (  0  1  0)     4.469     2.365    -0.000
                  3 C    (  0  1  0)     4.473     2.367     0.000
                 43 C    (  0  0  0)     4.543     2.404     0.000

 ATOM A  49 C    ATOM B     CELL      R(AB)/AU R(AB)/ANG    OVPOP(AB)
                 25 C    (  0  0  0)     2.648     1.401    -0.000
                 85 C    (  1  1  0)     2.915     1.543    -0.000
                 27 C    (  1  1  0)     4.469     2.365    -0.000
                 51 C    (  1  1  0)     4.519     2.391    -0.000
                  4 C    (  0  0  0)     4.622     2.446    -0.000
                 88 C    (  1  1  0)     4.954     2.622    -0.000

 ATOM A  61 C    ATOM B     CELL      R(AB)/AU R(AB)/ANG    OVPOP(AB)
                101 C    ( -1  0  0)     2.648     1.402    -0.000
                 73 C    (  0  0  0)     2.909     1.539     0.000
                 89 C    ( -1  0  0)     4.474     2.367    -0.000
                  1 C    (  0  0  0)     4.531     2.398     0.000
                 63 C    ( -1  0  0)     4.623     2.446     0.000
                 79 C    (  0  0  0)     4.888     2.587     0.000

 ATOM A  73 C    ATOM B     CELL      R(AB)/AU R(AB)/ANG    OVPOP(AB)
                 79 C    (  0  0  0)     2.858     1.512     0.000
                  1 C    (  0  0  0)     2.908     1.539    -0.000
                 61 C    (  0  0  0)     2.909     1.539     0.000
                 89 C    ( -1  0  0)     4.545     2.405    -0.000
                101 C    ( -1  0  0)     4.545     2.405    -0.000
                 28 C    ( -1  0  0)     4.545     2.405    -0.000

 ATOM A  85 C    ATOM B     CELL      R(AB)/AU R(AB)/ANG    OVPOP(AB)
                 88 C    (  0  0  0)     2.911     1.540     0.000
                 49 C    ( -1 -1  0)     2.915     1.543    -0.000
                 25 C    ( -1 -1  0)     4.561     2.413    -0.000
                 58 C    (  0  0  0)     4.954     2.622    -0.000
                 34 C    (  0  0  0)     6.670     3.530     0.000
                  1 C    (  0  0  0)     6.831     3.615    -0.000

 ATOM A  89 C    ATOM B     CELL      R(AB)/AU R(AB)/ANG    OVPOP(AB)
                  3 C    (  0  0  0)     2.648     1.401     0.000
                101 C    (  0  0  0)     2.868     1.518    -0.000
                 61 C    (  1  0  0)     4.474     2.367    -0.000
                 28 C    (  0  0  0)     4.544     2.405     0.000
                 73 C    (  1  0  0)     4.545     2.405    -0.000
                 52 C    (  0  0  0)     5.295     2.802    -0.000

 ATOM A 101 C    ATOM B     CELL      R(AB)/AU R(AB)/ANG    OVPOP(AB)
                 61 C    (  1  0  0)     2.648     1.402    -0.000
                 89 C    (  0  0  0)     2.868     1.518    -0.000
                  3 C    (  0  0  0)     4.473     2.367     0.000
                103 C    (  0 -1  0)     4.543     2.404    -0.000
                 73 C    (  1  0  0)     4.545     2.405    -0.000
                 64 C    (  1  0  0)     5.293     2.801    -0.000
 EIGENVECTORS IN FORTRAN UNIT 10
 TTTTTTTTTTTTTTTTTTTTTTTTTTTTTT END         TELAPSE      370.36 TCPU      367.33
 EEEEEEEEEE TERMINATION  DATE 30 01 2026 TIME 17:57:19.2
NODE    0 CPU TIME =       367.332
NODE    1 CPU TIME =       367.585
NODE    2 CPU TIME =       368.551
NODE    3 CPU TIME =       368.307
NODE    4 CPU TIME =       363.735
NODE    5 CPU TIME =       363.605
NODE    6 CPU TIME =       368.497
NODE    7 CPU TIME =       368.060
NODE    8 CPU TIME =       368.275
NODE    9 CPU TIME =       367.388
NODE   10 CPU TIME =       367.725
NODE   11 CPU TIME =       367.644
NODE   12 CPU TIME =       368.520
NODE   13 CPU TIME =       368.446
NODE   14 CPU TIME =       368.376
NODE   15 CPU TIME =       368.456
NODE   16 CPU TIME =       368.322
NODE   17 CPU TIME =       368.445
NODE   18 CPU TIME =       368.510
NODE   19 CPU TIME =       368.388
NODE   20 CPU TIME =       368.193
NODE   21 CPU TIME =       368.266
NODE   22 CPU TIME =       367.924
NODE   23 CPU TIME =       368.085
NODE   24 CPU TIME =       368.265
NODE   25 CPU TIME =       368.372
NODE   26 CPU TIME =       368.427
NODE   27 CPU TIME =       368.269
NODE   28 CPU TIME =       367.444
NODE   29 CPU TIME =       355.736
NODE   30 CPU TIME =       368.310
NODE   31 CPU TIME =       368.346
    TOTAL CPU TIME =     11759.805
