MPI startup(): Warning: I_MPI_PMI_LIBRARY will be ignored since the hydra process manager was found
MPI startup(): Warning: I_MPI_PMI_LIBRARY will be ignored since the hydra process manager was found
MPI startup(): Warning: I_MPI_PMI_LIBRARY will be ignored since the hydra process manager was found
MPI startup(): Warning: I_MPI_PMI_LIBRARY will be ignored since the hydra process manager was found
MPI startup(): Warning: I_MPI_PMI_LIBRARY will be ignored since the hydra process manager was found
MPI startup(): Warning: I_MPI_PMI_LIBRARY will be ignored since the hydra process manager was found
MPI startup(): Warning: I_MPI_PMI_LIBRARY will be ignored since the hydra process manager was found
MPI startup(): Warning: I_MPI_PMI_LIBRARY will be ignored since the hydra process manager was found
MPI startup(): Warning: I_MPI_PMI_LIBRARY will be ignored since the hydra process manager was found
MPI startup(): Warning: I_MPI_PMI_LIBRARY will be ignored since the hydra process manager was found
MPI startup(): Warning: I_MPI_PMI_LIBRARY will be ignored since the hydra process manager was found
MPI startup(): Warning: I_MPI_PMI_LIBRARY will be ignored since the hydra process manager was found
MPI startup(): Warning: I_MPI_PMI_LIBRARY will be ignored since the hydra process manager was found
MPI startup(): Warning: I_MPI_PMI_LIBRARY will be ignored since the hydra process manager was found
MPI startup(): Warning: I_MPI_PMI_LIBRARY will be ignored since the hydra process manager was found
MPI startup(): Warning: I_MPI_PMI_LIBRARY will be ignored since the hydra process manager was found
MPI startup(): Warning: I_MPI_PMI_LIBRARY will be ignored since the hydra process manager was found
MPI startup(): Warning: I_MPI_PMI_LIBRARY will be ignored since the hydra process manager was found
MPI startup(): Warning: I_MPI_PMI_LIBRARY will be ignored since the hydra process manager was found
MPI startup(): Warning: I_MPI_PMI_LIBRARY will be ignored since the hydra process manager was found
MPI startup(): Warning: I_MPI_PMI_LIBRARY will be ignored since the hydra process manager was found
MPI startup(): Warning: I_MPI_PMI_LIBRARY will be ignored since the hydra process manager was found
MPI startup(): Warning: I_MPI_PMI_LIBRARY will be ignored since the hydra process manager was found
MPI startup(): Warning: I_MPI_PMI_LIBRARY will be ignored since the hydra process manager was found
MPI startup(): Warning: I_MPI_PMI_LIBRARY will be ignored since the hydra process manager was found
MPI startup(): Warning: I_MPI_PMI_LIBRARY will be ignored since the hydra process manager was found
MPI startup(): Warning: I_MPI_PMI_LIBRARY will be ignored since the hydra process manager was found
MPI startup(): Warning: I_MPI_PMI_LIBRARY will be ignored since the hydra process manager was found
MPI startup(): Warning: I_MPI_PMI_LIBRARY will be ignored since the hydra process manager was found
MPI startup(): Warning: I_MPI_PMI_LIBRARY will be ignored since the hydra process manager was found
MPI startup(): Warning: I_MPI_PMI_LIBRARY will be ignored since the hydra process manager was found
MPI startup(): Warning: I_MPI_PMI_LIBRARY will be ignored since the hydra process manager was found
 PROCESS           12  OF           32  WORKING
 PROCESS           28  OF           32  WORKING
 PROCESS            0  OF           32  WORKING
 PROCESS           31  OF           32  WORKING
 PROCESS            1  OF           32  WORKING
 PROCESS           13  OF           32  WORKING

         
 *******************************************************************************
 *                                                                             *
 *                               CRYSTAL23                                     *
 *                      public : 1.0.1 - October 2022                          *
 *                       HTTP://WWW.CRYSTAL.UNITO.IT                           *
 *                                                                             *
 *                              MAIN AUTHORS                                   *
 *                                                                             *
 *  R. DOVESI(1,11), V.R. SAUNDERS(2), C. ROETTI(1,11), R. ORLANDO(1,11),      *
 *  C.M. ZICOVICH-WILSON(1,3), F. PASCALE(4), B. CIVALLERI(1,11),              *
 *  K. DOLL(5), N.M. HARRISON(6), I.J. BUSH(7), Ph. D'ARCO(8),                 *
 *  M. LLUNELL(9), M. CAUSA'(10), Y. NOEL(8), L. MASCHIO(1,11), A. ERBA(1,11)  *
 *  M. RE'RAT(14), S. CASASSA(1,11), B.G. SEARLE(2), J.K. DESMARAIS(1)         *
 *                                                                             *
 *        CONTRIBUTIONS TO THE CODE HAVE ALSO BEEN GIVEN BY                    *
 *                                                                             *
 *  M. FERRABONE(1,11), M. DE LA PIERRE(1,11), M. FERRERO(1,11),               *
 *  J. BAIMA(1,11), E. ALBANESE(1,11), M.F. PEINTINGER(12), R. BAST(13),       *
 *  B. KIRTMAN(15), V. LACIVITA(1,11), R. DEMICHELIS(1,16)                     *
 *  G. BRANDEBURG(17), S. SALUSTRO(1,11), G. SANSONE(1,11)                     *
 *  M.T. RUGGIERO(18), L.E. DAGA(1), L. DONA'(1), A. COSSARD(1)                *
 *                                                                             *
 * (1) THEORETICAL CHEMISTRY GROUP - UNIVERSITA' DI TORINO - TORINO (ITALY)    *
 * (2) SCIENTIFIC COMPUTING DEPARTMENT - STFC DARESBURY (UK)                   *
 * (3) UNIVERSIDAD AUTONOMA DEL ESTADO DE MORELOS - CUERNAVACA (MEXICO)        *
 * (4) UNIVERSITE' DE LORRAINE - NANCY (FRANCE)                                *
 * (5) UNIVERSITAET STUTTGART- STUTTGART (GERMANY)                             *
 * (6) IMPERIAL COLLEGE - LONDON (UK)                                          *
 * (7) SCIENTIFIC COMPUTING DEPARTMENT - STFC RAL (UK)                         *
 * (8) UPMC - SORBONNE UNIVERSITES - PARIS (FRANCE)                            *
 * (9) UNIVERSIDAD DE BARCELONA - BARCELONA (SPAIN)                            *
 *(10) UNIVERSITA' DI NAPOLI "FEDERICO II" - NAPOLI (ITALY)                    *
 *(11) NIS - NANOSTRUCTURED INTERFACES AND SURFACES - TORINO (ITALY)           *
 *(12) MPI FUER CHEMISCHE ENERGIEKONVERSION - MUELHEIM AN DER RUHR (GERMANY)   *
 *(13) UNIVERSITY OF TROMSO - TROMSO (NORWAY)                                  *
 *(14) UNIVERSITE' DE PAU ET DES PAYS DE L'ADOUR - PAU (FRANCE)                *
 *(15) UNIVERSITY OF CALIFORNIA SANTA BARBARA - SANTA BARBARA (USA)            *
 *(16) CURTIN UNIVERSITY - PERTH (AUSTRALIA)                                   *
 *(17) UNIVERSITY COLLEGE LONDON - LONDON (UK)                                 *
 *(18) UNIVERSITY OF VERMONT - BURLINGTON (USA)                                *
 *                                                                             *
 *******************************************************************************
 EEEEEEEEEE STARTING  DATE 28 01 2026 TIME 20:12:20.0
 ./3^6.4T10_rev1_sp_B3LYP-D3-D3_optimized                                        
 PROCESS           20  OF           32  WORKING
 PROCESS           25  OF           32  WORKING
 PROCESS            7  OF           32  WORKING
 PROCESS            2  OF           32  WORKING
 PROCESS            8  OF           32  WORKING
 PROCESS            6  OF           32  WORKING
 PROCESS           11  OF           32  WORKING
 PROCESS           21  OF           32  WORKING
 PROCESS           24  OF           32  WORKING
 PROCESS           30  OF           32  WORKING
 PROCESS            5  OF           32  WORKING
 PROCESS           14  OF           32  WORKING
 PROCESS           29  OF           32  WORKING
 PROCESS           23  OF           32  WORKING
 PROCESS           10  OF           32  WORKING
 PROCESS           19  OF           32  WORKING
 PROCESS            3  OF           32  WORKING
 PROCESS            4  OF           32  WORKING
 PROCESS           15  OF           32  WORKING
 PROCESS           16  OF           32  WORKING
 PROCESS           17  OF           32  WORKING
 PROCESS           18  OF           32  WORKING
 PROCESS           22  OF           32  WORKING
 PROCESS           26  OF           32  WORKING
 PROCESS           27  OF           32  WORKING
 PROCESS            9  OF           32  WORKING

 CRYSTAL CALCULATION
 (INPUT ACCORDING TO THE INTERNATIONAL TABLES FOR X-RAY CRYSTALLOGRAPHY)
 CRYSTAL FAMILY                       :  TRICLINIC   
 CRYSTAL CLASS  (GROTH - 1921)        :  TRICLINIC PEDIAL                     

 SPACE GROUP (NONCENTROSYMMETRIC)     :  P 1             

 LATTICE PARAMETERS  (ANGSTROMS AND DEGREES) - CONVENTIONAL CELL
        A           B           C        ALPHA        BETA       GAMMA
    17.59415    16.92927     4.86522    90.00000    90.00000   119.03188


 NUMBER OF IRREDUCIBLE ATOMS IN THE CONVENTIONAL CELL:   52

 INPUT COORDINATES

 ATOM AT. N.              COORDINATES
   1   6     2.368655358857E-01 -3.848982931884E-01  2.393780482860E-01
   2   6    -2.239144611186E-01  3.859433752336E-01 -2.458376410633E-01
   3   6     3.825046279589E-01 -3.832304163815E-01  2.390001210507E-01
   4   6    -3.697621374534E-01  3.886328673225E-01 -2.457572902774E-01
   5   6     3.839704339075E-01 -2.363744335904E-01  2.391375336056E-01
   6   6    -3.681871436421E-01  2.417206198974E-01 -2.455326338244E-01
   7   6    -2.239148414908E-01  3.859432374522E-01  2.393009761579E-01
   8   6     2.368655975544E-01 -3.848982909388E-01 -2.459143214795E-01
   9   6    -3.697623229044E-01  3.886325835704E-01  2.392207747362E-01
  10   6     3.825046516144E-01 -3.832303444433E-01 -2.455369105153E-01
  11   6    -3.681873438908E-01  2.417206817136E-01  2.389960584799E-01
  12   6     3.839704012803E-01 -2.363744842761E-01 -2.456743637523E-01
  13   6     1.953566541611E-01 -4.069814997132E-01  4.967320644027E-01
  14   6    -1.824657633933E-01  4.049983782564E-01  4.967322162130E-01
  15   6     4.049302734957E-01 -4.034573857364E-01  4.967319404595E-01
  16   6    -3.926670528991E-01  4.085026689242E-01  4.967302979470E-01
  17   6     4.074972639158E-01 -1.934660039227E-01  4.967319612672E-01
  18   6    -3.897513203903E-01  1.988052849299E-01  4.967303048239E-01
  19   6     1.880087402846E-01 -4.111248898785E-01 -3.268295719923E-03
  20   6    -1.750961594877E-01  4.080680524449E-01 -3.268802015286E-03
  21   6     4.092693083986E-01 -4.069155710837E-01 -3.268655181730E-03
  22   6    -3.971409579908E-01  4.116706654965E-01 -3.266970956085E-03
  23   6     4.124412558744E-01 -1.858036385412E-01 -3.268668412380E-03
  24   6    -3.937326275245E-01  1.909423091517E-01 -3.266978373615E-03
  25   6     1.006209510834E-01 -4.563716676146E-01  4.967320147853E-01
  26   6    -8.776949816368E-02  4.497734513327E-01  4.967321504127E-01
  27   6     4.556236840850E-01 -4.506727618743E-01  4.967315802333E-01
  28   6    -4.440685079322E-01  4.549485214966E-01  4.967315048267E-01
  29   6     4.602950922608E-01 -9.527844811565E-02  4.967315344735E-01
  30   6    -4.392554675185E-01  1.003588112578E-01  4.967314293109E-01
  31   6     9.649417430598E-02 -4.588221076375E-01 -3.268254390778E-03
  32   6    -8.363178140131E-02  4.513919037908E-01 -3.268533092671E-03
  33   6     4.580604715743E-01 -4.526065312086E-01 -3.268235680620E-03
  34   6    -4.466446355392E-01  4.566554284294E-01 -3.268150928382E-03
  35   6     4.631989466230E-01 -9.098179989011E-02 -3.268253075519E-03
  36   6    -4.414403235951E-01  9.594543318130E-02 -3.268064123131E-03
  37   6     5.274458319102E-02 -4.809782006255E-01  2.498244583356E-01
  38   6    -3.989920990919E-02  4.728596470234E-01 -2.563648006399E-01
  39   6     4.810458589322E-01 -4.747360724730E-01  2.498960075956E-01
  40   6    -4.697643996738E-01  4.787046302262E-01 -2.564120247442E-01
  41   6     4.865106812583E-01 -4.561495057554E-02  2.498970178226E-01
  42   6    -4.643039369234E-01  5.060314414735E-02 -2.564427331395E-01
  43   6    -3.989923517434E-02  4.728596264884E-01  2.498284242541E-01
  44   6     5.274452331421E-02 -4.809781979155E-01 -2.563607189225E-01
  45   6    -4.697643479703E-01  4.787047752895E-01  2.498754645321E-01
  46   6     4.810457667765E-01 -4.747361664799E-01 -2.564326737978E-01
  47   6    -4.643039236106E-01  5.060308278027E-02  2.499061231329E-01
  48   6     4.865106719812E-01 -4.561495690398E-02 -2.564336729796E-01
  49   6     3.320377853825E-01 -3.351795352203E-01  1.654051493046E-01
  50   6    -3.190987398382E-01  3.408286995735E-01 -1.719635963863E-01
  51   6    -3.190996149575E-01  3.408282939066E-01  1.654286510685E-01
  52   6     3.320378192935E-01 -3.351795250880E-01 -1.719425640459E-01

 *******************************************************************************

 << INFORMATION >>: FROM NOW ON, ALL COORDINATES REFER TO THE PRIMITIVE CELL

 *******************************************************************************

 LATTICE PARAMETERS  (ANGSTROMS AND DEGREES) - PRIMITIVE CELL
       A          B          C        ALPHA      BETA     GAMMA        VOLUME
   17.59415   16.92927    4.86522    90.00000  90.00000 119.03188   1267.050766

 COORDINATES OF THE EQUIVALENT ATOMS (FRACTIONAL UNITS)

 N. ATOM EQUIV AT. N.          X                  Y                  Z

   1   1   1    6 C     2.36865535886E-01 -3.84898293188E-01  2.39378048286E-01

   2   2   1    6 C    -2.23914461119E-01  3.85943375234E-01 -2.45837641063E-01

   3   3   1    6 C     3.82504627959E-01 -3.83230416382E-01  2.39000121051E-01

   4   4   1    6 C    -3.69762137453E-01  3.88632867323E-01 -2.45757290277E-01

   5   5   1    6 C     3.83970433908E-01 -2.36374433590E-01  2.39137533606E-01

   6   6   1    6 C    -3.68187143642E-01  2.41720619897E-01 -2.45532633824E-01

   7   7   1    6 C    -2.23914841491E-01  3.85943237452E-01  2.39300976158E-01

   8   8   1    6 C     2.36865597554E-01 -3.84898290939E-01 -2.45914321479E-01

   9   9   1    6 C    -3.69762322904E-01  3.88632583570E-01  2.39220774736E-01

  10  10   1    6 C     3.82504651614E-01 -3.83230344443E-01 -2.45536910515E-01

  11  11   1    6 C    -3.68187343891E-01  2.41720681714E-01  2.38996058480E-01

  12  12   1    6 C     3.83970401280E-01 -2.36374484276E-01 -2.45674363752E-01

  13  13   1    6 C     1.95356654161E-01 -4.06981499713E-01  4.96732064403E-01

  14  14   1    6 C    -1.82465763393E-01  4.04998378256E-01  4.96732216213E-01

  15  15   1    6 C     4.04930273496E-01 -4.03457385736E-01  4.96731940459E-01

  16  16   1    6 C    -3.92667052899E-01  4.08502668924E-01  4.96730297947E-01

  17  17   1    6 C     4.07497263916E-01 -1.93466003923E-01  4.96731961267E-01

  18  18   1    6 C    -3.89751320390E-01  1.98805284930E-01  4.96730304824E-01

  19  19   1    6 C     1.88008740285E-01 -4.11124889878E-01 -3.26829571992E-03

  20  20   1    6 C    -1.75096159488E-01  4.08068052445E-01 -3.26880201529E-03

  21  21   1    6 C     4.09269308399E-01 -4.06915571084E-01 -3.26865518173E-03

  22  22   1    6 C    -3.97140957991E-01  4.11670665496E-01 -3.26697095608E-03

  23  23   1    6 C     4.12441255874E-01 -1.85803638541E-01 -3.26866841238E-03

  24  24   1    6 C    -3.93732627525E-01  1.90942309152E-01 -3.26697837361E-03

  25  25   1    6 C     1.00620951083E-01 -4.56371667615E-01  4.96732014785E-01

  26  26   1    6 C    -8.77694981637E-02  4.49773451333E-01  4.96732150413E-01

  27  27   1    6 C     4.55623684085E-01 -4.50672761874E-01  4.96731580233E-01

  28  28   1    6 C    -4.44068507932E-01  4.54948521497E-01  4.96731504827E-01

  29  29   1    6 C     4.60295092261E-01 -9.52784481157E-02  4.96731534473E-01

  30  30   1    6 C    -4.39255467518E-01  1.00358811258E-01  4.96731429311E-01

  31  31   1    6 C     9.64941743060E-02 -4.58822107637E-01 -3.26825439078E-03

  32  32   1    6 C    -8.36317814013E-02  4.51391903791E-01 -3.26853309267E-03

  33  33   1    6 C     4.58060471574E-01 -4.52606531209E-01 -3.26823568062E-03

  34  34   1    6 C    -4.46644635539E-01  4.56655428429E-01 -3.26815092838E-03

  35  35   1    6 C     4.63198946623E-01 -9.09817998901E-02 -3.26825307552E-03

  36  36   1    6 C    -4.41440323595E-01  9.59454331813E-02 -3.26806412313E-03

  37  37   1    6 C     5.27445831910E-02 -4.80978200626E-01  2.49824458336E-01

  38  38   1    6 C    -3.98992099092E-02  4.72859647023E-01 -2.56364800640E-01

  39  39   1    6 C     4.81045858932E-01 -4.74736072473E-01  2.49896007596E-01

  40  40   1    6 C    -4.69764399674E-01  4.78704630226E-01 -2.56412024744E-01

  41  41   1    6 C     4.86510681258E-01 -4.56149505755E-02  2.49897017823E-01

  42  42   1    6 C    -4.64303936923E-01  5.06031441474E-02 -2.56442733140E-01

  43  43   1    6 C    -3.98992351743E-02  4.72859626488E-01  2.49828424254E-01

  44  44   1    6 C     5.27445233142E-02 -4.80978197916E-01 -2.56360718923E-01

  45  45   1    6 C    -4.69764347970E-01  4.78704775290E-01  2.49875464532E-01

  46  46   1    6 C     4.81045766777E-01 -4.74736166480E-01 -2.56432673798E-01

  47  47   1    6 C    -4.64303923611E-01  5.06030827803E-02  2.49906123133E-01

  48  48   1    6 C     4.86510671981E-01 -4.56149569040E-02 -2.56433672980E-01

  49  49   1    6 C     3.32037785383E-01 -3.35179535220E-01  1.65405149305E-01

  50  50   1    6 C    -3.19098739838E-01  3.40828699573E-01 -1.71963596386E-01

  51  51   1    6 C    -3.19099614957E-01  3.40828293907E-01  1.65428651068E-01

  52  52   1    6 C     3.32037819294E-01 -3.35179525088E-01 -1.71942564046E-01

 NUMBER OF SYMMETRY OPERATORS         :    1
 *******************************************************************************
 * GEOMETRY EDITING - INPUT COORDINATES ARE GIVEN IN ANGSTROM         
 *******************************************************************************

 GCALCO - MAX INDICES DIRECT LATTICE VECTOR    10    10    31
 NO.OF VECTORS CREATED 6999 STARS 3496 RMAX   242.18032 BOHR

 GEOMETRY FOR WAVE FUNCTION - DIMENSIONALITY OF THE SYSTEM    3
 (NON PERIODIC DIRECTION: LATTICE PARAMETER FORMALLY SET TO 500)
 *******************************************************************************
 LATTICE PARAMETERS (ANGSTROMS AND DEGREES) - BOHR = 0.5291772083 ANGSTROM
 PRIMITIVE CELL - CENTRING CODE 1/0 VOLUME=  1267.050766 - DENSITY  0.818 g/cm^3
         A              B              C           ALPHA      BETA       GAMMA 
    17.59415121    16.92926965     4.86521728    90.000002  90.000004 119.031878
 *******************************************************************************
 ATOMS IN THE ASYMMETRIC UNIT   52 - ATOMS IN THE UNIT CELL:   52
     ATOM                 X/A                 Y/B                 Z/C    
 *******************************************************************************
      1 T   6 C     2.368655358857E-01 -3.848982931884E-01  2.393780482860E-01
      2 T   6 C    -2.239144611186E-01  3.859433752336E-01 -2.458376410633E-01
      3 T   6 C     3.825046279589E-01 -3.832304163815E-01  2.390001210507E-01
      4 T   6 C    -3.697621374534E-01  3.886328673225E-01 -2.457572902774E-01
      5 T   6 C     3.839704339075E-01 -2.363744335904E-01  2.391375336056E-01
      6 T   6 C    -3.681871436421E-01  2.417206198974E-01 -2.455326338244E-01
      7 T   6 C    -2.239148414908E-01  3.859432374522E-01  2.393009761579E-01
      8 T   6 C     2.368655975544E-01 -3.848982909388E-01 -2.459143214795E-01
      9 T   6 C    -3.697623229044E-01  3.886325835704E-01  2.392207747362E-01
     10 T   6 C     3.825046516144E-01 -3.832303444433E-01 -2.455369105153E-01
     11 T   6 C    -3.681873438908E-01  2.417206817136E-01  2.389960584799E-01
     12 T   6 C     3.839704012803E-01 -2.363744842761E-01 -2.456743637523E-01
     13 T   6 C     1.953566541611E-01 -4.069814997132E-01  4.967320644027E-01
     14 T   6 C    -1.824657633933E-01  4.049983782564E-01  4.967322162130E-01
     15 T   6 C     4.049302734957E-01 -4.034573857364E-01  4.967319404595E-01
     16 T   6 C    -3.926670528991E-01  4.085026689242E-01  4.967302979470E-01
     17 T   6 C     4.074972639158E-01 -1.934660039227E-01  4.967319612672E-01
     18 T   6 C    -3.897513203903E-01  1.988052849299E-01  4.967303048239E-01
     19 T   6 C     1.880087402846E-01 -4.111248898785E-01 -3.268295719923E-03
     20 T   6 C    -1.750961594877E-01  4.080680524449E-01 -3.268802015286E-03
     21 T   6 C     4.092693083986E-01 -4.069155710837E-01 -3.268655181730E-03
     22 T   6 C    -3.971409579908E-01  4.116706654965E-01 -3.266970956085E-03
     23 T   6 C     4.124412558744E-01 -1.858036385412E-01 -3.268668412380E-03
     24 T   6 C    -3.937326275245E-01  1.909423091517E-01 -3.266978373615E-03
     25 T   6 C     1.006209510834E-01 -4.563716676146E-01  4.967320147853E-01
     26 T   6 C    -8.776949816368E-02  4.497734513327E-01  4.967321504127E-01
     27 T   6 C     4.556236840850E-01 -4.506727618743E-01  4.967315802333E-01
     28 T   6 C    -4.440685079322E-01  4.549485214966E-01  4.967315048267E-01
     29 T   6 C     4.602950922608E-01 -9.527844811565E-02  4.967315344735E-01
     30 T   6 C    -4.392554675185E-01  1.003588112578E-01  4.967314293109E-01
     31 T   6 C     9.649417430598E-02 -4.588221076375E-01 -3.268254390778E-03
     32 T   6 C    -8.363178140131E-02  4.513919037908E-01 -3.268533092671E-03
     33 T   6 C     4.580604715743E-01 -4.526065312086E-01 -3.268235680620E-03
     34 T   6 C    -4.466446355392E-01  4.566554284294E-01 -3.268150928382E-03
     35 T   6 C     4.631989466230E-01 -9.098179989011E-02 -3.268253075519E-03
     36 T   6 C    -4.414403235951E-01  9.594543318130E-02 -3.268064123131E-03
     37 T   6 C     5.274458319102E-02 -4.809782006255E-01  2.498244583356E-01
     38 T   6 C    -3.989920990919E-02  4.728596470234E-01 -2.563648006399E-01
     39 T   6 C     4.810458589322E-01 -4.747360724730E-01  2.498960075956E-01
     40 T   6 C    -4.697643996738E-01  4.787046302262E-01 -2.564120247442E-01
     41 T   6 C     4.865106812583E-01 -4.561495057554E-02  2.498970178226E-01
     42 T   6 C    -4.643039369234E-01  5.060314414735E-02 -2.564427331395E-01
     43 T   6 C    -3.989923517434E-02  4.728596264884E-01  2.498284242541E-01
     44 T   6 C     5.274452331421E-02 -4.809781979155E-01 -2.563607189225E-01
     45 T   6 C    -4.697643479703E-01  4.787047752895E-01  2.498754645321E-01
     46 T   6 C     4.810457667765E-01 -4.747361664799E-01 -2.564326737978E-01
     47 T   6 C    -4.643039236106E-01  5.060308278027E-02  2.499061231329E-01
     48 T   6 C     4.865106719812E-01 -4.561495690398E-02 -2.564336729796E-01
     49 T   6 C     3.320377853825E-01 -3.351795352203E-01  1.654051493046E-01
     50 T   6 C    -3.190987398382E-01  3.408286995735E-01 -1.719635963863E-01
     51 T   6 C    -3.190996149575E-01  3.408282939066E-01  1.654286510685E-01
     52 T   6 C     3.320378192935E-01 -3.351795250880E-01 -1.719425640459E-01

 T = ATOM BELONGING TO THE ASYMMETRIC UNIT

 ****    1 SYMMOPS - TRANSLATORS IN FRACTIONAL UNITS
 **** MATRICES AND TRANSLATORS IN THE CRYSTALLOGRAPHIC REFERENCE FRAME
   V INV                    ROTATION MATRICES                   TRANSLATORS
   1   1  1.00 -0.00  0.00  0.00  1.00  0.00 -0.00  0.00  1.00  0.00  0.00  0.00

 DIRECT LATTICE VECTORS CARTESIAN COMPONENTS (ANGSTROM)
          X                    Y                    Z
   0.153834432130E+02  -0.853837406729E+01   0.000000000000E+00
   0.000000000000E+00   0.169292696500E+02   0.000000000000E+00
  -0.482728033235E-06  -0.169828120015E-06   0.486521728000E+01


 CARTESIAN COORDINATES - PRIMITIVE CELL
 *******************************************************************************
 *      ATOM          X(ANGSTROM)         Y(ANGSTROM)         Z(ANGSTROM)
 *******************************************************************************
    1     6 C     3.643807404858E+00  8.390776067095E+00  1.164626216974E+00
    2     6 C    -3.444575278513E+00  8.445604938817E+00 -1.196053539376E+00
    3     6 C     5.884238107541E+00  7.175490956425E+00  1.162787518858E+00
    4     6 C    -5.688214725196E+00 -7.192831557011E+00 -1.195662615344E+00
    5     6 C     5.906787250046E+00 -7.280129760711E+00  1.163456060795E+00
    6     6 C    -5.663985897447E+00  7.235873155089E+00 -1.194569612886E+00
    7     6 C    -3.444581364138E+00  8.445605771648E+00  1.164251244324E+00
    8     6 C     3.643808587800E+00  8.390775661045E+00 -1.196426606262E+00
    9     6 C    -5.688217812183E+00 -7.192834859640E+00  1.163861046982E+00
   10     6 C     5.884238705344E+00  7.175492054595E+00 -1.194590419917E+00
   11     6 C    -5.663989211857E+00  7.235875829104E+00  1.162767753568E+00
   12     6 C     5.906786982160E+00 -7.280130257865E+00 -1.195259159781E+00
   13     6 C     3.005257755781E+00  8.371341824673E+00  2.416709423262E+00
   14     6 C    -2.806951949263E+00  8.414287611282E+00  2.416710161852E+00
   15     6 C     6.229221627757E+00  6.641584543950E+00  2.416708820251E+00
   16     6 C    -6.040571549673E+00 -6.660879717844E+00  2.416700829071E+00
   17     6 C     6.268710779113E+00 -6.754602303584E+00  2.416708921485E+00
   18     6 C    -5.995717544199E+00  6.693470758777E+00  2.416700862529E+00
   19     6 C     2.892221781292E+00  8.363936577506E+00 -1.590096881272E-02
   20     6 C    -2.693581824714E+00  8.403330603397E+00 -1.590343204967E-02
   21     6 C     6.295971166149E+00  6.545991773528E+00 -1.590271767251E-02
   22     6 C    -6.109395373228E+00 -6.569047889493E+00 -1.589452354880E-02
   23     6 C     6.344766640018E+00 -6.667097621698E+00 -1.590278204250E-02
   24     6 C    -6.056963515049E+00  6.594350296078E+00 -1.589455963670E-02
   25     6 C     1.547896447242E+00  8.344091224617E+00  2.416709181863E+00
   26     6 C    -1.350197330620E+00  8.363744761683E+00  2.416709841719E+00
   27     6 C     7.009060830830E+00  5.409423407327E+00  2.416707067673E+00
   28     6 C    -6.831302914240E+00 -5.435700504846E+00  2.416706700803E+00
   29     6 C    -8.302520039766E+00  2.995207763886E+00  2.416706845041E+00
   30     6 C    -6.757261780354E+00  5.449528785952E+00  2.416706333402E+00
   31     6 C     1.484412652398E+00  8.337843113440E+00 -1.590076773745E-02
   32     6 C    -1.286544758411E+00  8.355814691174E+00 -1.590212368271E-02
   33     6 C     7.046547254158E+00  5.355879986634E+00 -1.590067670846E-02
   34     6 C    -6.870932385628E+00 -5.384807791046E+00 -1.590026437041E-02
   35     6 C    -8.257848519723E+00  3.043152770420E+00 -1.590076133843E-02
   36     6 C    -6.790872148373E+00  5.393468721807E+00 -1.589984204400E-02
   37     6 C     8.113931797148E-01  8.336306972104E+00  1.215450271661E+00
   38     6 C    -6.137871061269E-01  8.345842893795E+00 -1.247270458057E+00
   39     6 C    -7.983301679896E+00 -3.605910445712E+00  1.215798374357E+00
   40     6 C    -7.226593842091E+00 -4.814125670741E+00 -1.247500213585E+00
   41     6 C    -7.899233895974E+00  3.612136042169E+00  1.215803289331E+00
   42     6 C    -7.142593123438E+00  4.821075010326E+00 -1.247649616601E+00
   43     6 C    -6.137877391455E-01  8.345842675910E+00  1.215469566716E+00
   44     6 C     8.113925029531E-01  8.336307615197E+00 -1.247250599615E+00
   45     6 C    -7.226593291112E+00 -4.814123742371E+00  1.215698427890E+00
   46     6 C    -7.983302853149E+00 -3.605911164331E+00 -1.247600675718E+00
   47     6 C    -7.142593163071E+00  4.821073771764E+00  1.215847588644E+00
   48     6 C    -7.899233794268E+00  3.612136100234E+00 -1.247605536954E+00
   49     6 C     5.107884336154E+00  8.419862072934E+00  8.047319905977E-01
   50     6 C    -4.908837260627E+00 -8.434704256118E+00 -8.366402606696E-01
   51     6 C    -4.908850885844E+00 -8.434703708965E+00  8.048463317856E-01
   52     6 C     5.107885020669E+00  8.419862012212E+00 -8.365379337636E-01

 *******************************************************************************
 LOCAL ATOMIC FUNCTIONS BASIS SET
 *******************************************************************************
   ATOM   X(AU)   Y(AU)   Z(AU)  N. TYPE  EXPONENT  S COEF   P COEF   D/F/G COEF
 *******************************************************************************
   1 C    6.886  15.856   2.201
                                  1 S  
                                         1.358E+04 2.225E-04 0.000E+00 0.000E+00
                                         2.035E+03 1.723E-03 0.000E+00 0.000E+00
                                         4.632E+02 8.926E-03 0.000E+00 0.000E+00
                                         1.312E+02 3.573E-02 0.000E+00 0.000E+00
                                         4.285E+01 1.108E-01 0.000E+00 0.000E+00
                                         1.558E+01 2.430E-01 0.000E+00 0.000E+00
                                  2 S  
                                         6.207E+00 4.144E-01 0.000E+00 0.000E+00
                                         2.576E+00 2.374E-01 0.000E+00 0.000E+00
                                  3 S  
                                         4.941E-01 1.000E+00 0.000E+00 0.000E+00
                                  4 S  
                                         1.644E-01 1.000E+00 0.000E+00 0.000E+00
                           5-     7 P  
                                         3.470E+01 0.000E+00 5.333E-03 0.000E+00
                                         7.958E+00 0.000E+00 3.586E-02 0.000E+00
                                         2.378E+00 0.000E+00 1.422E-01 0.000E+00
                                         8.143E-01 0.000E+00 3.427E-01 0.000E+00
                           8-    10 P  
                                         5.662E-01 0.000E+00 1.000E+00 0.000E+00
                          11-    13 P  
                                         2.674E-01 0.000E+00 1.000E+00 0.000E+00
                          14-    18 D  
                                         8.792E-01 0.000E+00 0.000E+00 1.000E+00
   2 C   -6.509  15.960  -2.260
   3 C   11.120  13.560   2.197
   4 C  -10.749 -13.592  -2.259
   5 C   11.162 -13.757   2.199
   6 C  -10.703  13.674  -2.257
   7 C   -6.509  15.960   2.200
   8 C    6.886  15.856  -2.261
   9 C  -10.749 -13.592   2.199
  10 C   11.120  13.560  -2.257
  11 C  -10.703  13.674   2.197
  12 C   11.162 -13.757  -2.259
  13 C    5.679  15.820   4.567
  14 C   -5.304  15.901   4.567
  15 C   11.772  12.551   4.567
  16 C  -11.415 -12.587   4.567
  17 C   11.846 -12.764   4.567
  18 C  -11.330  12.649   4.567
  19 C    5.466  15.806  -0.030
  20 C   -5.090  15.880  -0.030
  21 C   11.898  12.370  -0.030
  22 C  -11.545 -12.414  -0.030
  23 C   11.990 -12.599  -0.030
  24 C  -11.446  12.462  -0.030
  25 C    2.925  15.768   4.567
  26 C   -2.552  15.805   4.567
  27 C   13.245  10.222   4.567
  28 C  -12.909 -10.272   4.567
  29 C  -15.689   5.660   4.567
  30 C  -12.769  10.298   4.567
  31 C    2.805  15.756  -0.030
  32 C   -2.431  15.790  -0.030
  33 C   13.316  10.121  -0.030
  34 C  -12.984 -10.176  -0.030
  35 C  -15.605   5.751  -0.030
  36 C  -12.833  10.192  -0.030
  37 C    1.533  15.753   2.297
  38 C   -1.160  15.771  -2.357
  39 C  -15.086  -6.814   2.298
  40 C  -13.656  -9.097  -2.357
  41 C  -14.927   6.826   2.298
  42 C  -13.498   9.111  -2.358
  43 C   -1.160  15.771   2.297
  44 C    1.533  15.753  -2.357
  45 C  -13.656  -9.097   2.297
  46 C  -15.086  -6.814  -2.358
  47 C  -13.498   9.111   2.298
  48 C  -14.927   6.826  -2.358
  49 C    9.653  15.911   1.521
  50 C   -9.276 -15.939  -1.581
  51 C   -9.276 -15.939   1.521
  52 C    9.653  15.911  -1.581
 INFORMATION **** SET_MPP **** PCRYSTAL CALCULATION
 INFORMATION **** READM2 **** NEW DEFAULT: FOCK/KS MATRIX MIXING SET TO 30 %
 INFORMATION **** READM2 **** NEW DEFAULT: FULL DIRECT SCF MODE
 INFORMATION **** READM2 **** NEW DEFAULT: COULOMB BIPOLAR BUFFER SET TO 32 Mb
 INFORMATION **** READM2 **** NEW DEFAULT: EXCHANGE BIPOLAR BUFFER SET TO 32 Mb

 *******************************************************************************
 NEW DEFAULT: DFT INTEGRATION GRID INCREASED TO XLGRID
 NEW DEFAULT: DIIS ACCELERATOR ACTIVE
 USE KEYWORD NODIIS TO TURN IT OFF
 *******************************************************************************

 INFORMATION **** DFTD3_INPUT **** PERFORM LATEST DISPERSION CORRECTION DFT-D3(BJ) WITH AUTOMATIC PARAMETER SETUP
 PLEASE CITE:
 (1) DFT-D3 Reference
  S. Grimme, J. Antony, S. Ehrlich, and H. Krieg, J. Chem. Phys. 132 (2010), 154104
 (2) BJ-Damping Reference
  S. Grimme, S. Ehrlich, and L. Goerigk, J. Comput. Chem. 32 (2011), 1456-1465
 (3) General DFT-D Review
  S. Grimme, A. Hansen, J. G. Brandenburg, and C. Bannwarth,
  Chem. Rev. 116 (2016), 5105-5154

 INFORMATION **** TOLINTEG **** COULOMB AND EXCHANGE SERIES TOLERANCES MODIFIED
 INFORMATION **** TOLDEE **** SCF TOL ON TOTAL ENERGY SET TO           9
 INFORMATION **** READM2 **** FULL DIRECT SCF (MONO AND BIEL INT) SELECTED
 INFORMATION **** BIPOSIZE **** COULOMB BIPOLAR BUFFER SET TO   110000000
 INFORMATION **** EXCHSIZE **** EXCHANGE BIPOLAR BUFFER SIZE SET TO   110000000
 INFORMATION **** MAXCYCLE **** MAX NUMBER OF SCF CYCLES SET TO         800
 INFORMATION **** DIIS **** DIIS FOR SCF ACTIVE
 INFORMATION **** DIIS **** LEVEL SHIFTER DISABLED
 INFORMATION **** PPAN ****  MULLIKEN POPULATION ANALYSIS AT THE END OF SCF
 *******************************************************************************
 N. OF ATOMS PER CELL        52  COULOMB OVERLAP TOL         (T1) 10**   -8
 NUMBER OF SHELLS           416  COULOMB PENETRATION TOL     (T2) 10**   -8
 NUMBER OF AO               936  EXCHANGE OVERLAP TOL        (T3) 10**   -8
 N. OF ELECTRONS PER CELL   312  EXCHANGE PSEUDO OVP (F(G))  (T4) 10**   -9
 CORE ELECTRONS PER CELL    104  EXCHANGE PSEUDO OVP (P(G))  (T5) 10**  -24
 N. OF SYMMETRY OPERATORS     1  POLE ORDER IN MONO ZONE                  4
 *******************************************************************************
 TYPE OF CALCULATION :  UNRESTRICTED OPEN SHELL
 KOHN-SHAM HAMILTONIAN

 (EXCHANGE)[CORRELATION] FUNCTIONAL:(BECKE 88)[LEE-YANG-PARR]

 NON-LOCAL WEIGHTING FACTOR (EXCHANGE) =           0.9000
 NON-LOCAL WEIGHTING FACTOR [CORRELATION] =        0.8100

 HYBRID EXCHANGE - PERCENTAGE OF FOCK EXCHANGE    20.0000

 SPIN POLARIZED DFT SELECTED

 CAPPA:IS1  3;IS2  3;IS3  9; K PTS MONK NET  41; SYMMOPS:K SPACE   2;G SPACE   1

 *******************************************************************************
 MAX NUMBER OF SCF CYCLES     800  CONVERGENCE ON DELTAP        10**-19
 WEIGHT OF F(I) IN F(I+1)      30% CONVERGENCE ON ENERGY        10**- 9
 SHRINK. FACT.(MONKH.)    3  3  9  NUMBER OF K POINTS IN THE IBZ     41
 SHRINKING FACTOR(GILAT NET)   18  NUMBER OF K POINTS(GILAT NET)   8752
 *******************************************************************************
 *** K POINTS COORDINATES (OBLIQUE COORDINATES IN UNITS OF IS =  3)
   1-R(  0  0  0)   2-C(  1  0  0)   3-C(  0  1  0)   4-C(  1  1  0)
   5-C(  2  1  0)   6-C(  0  0  1)   7-C(  1  0  1)   8-C(  2  0  1)
   9-C(  0  1  1)  10-C(  1  1  1)  11-C(  2  1  1)  12-C(  0  2  1)
  13-C(  1  2  1)  14-C(  2  2  1)  15-C(  0  0  2)  16-C(  1  0  2)
  17-C(  2  0  2)  18-C(  0  1  2)  19-C(  1  1  2)  20-C(  2  1  2)
  21-C(  0  2  2)  22-C(  1  2  2)  23-C(  2  2  2)  24-C(  0  0  3)
  25-C(  1  0  3)  26-C(  2  0  3)  27-C(  0  1  3)  28-C(  1  1  3)
  29-C(  2  1  3)  30-C(  0  2  3)  31-C(  1  2  3)  32-C(  2  2  3)
  33-C(  0  0  4)  34-C(  1  0  4)  35-C(  2  0  4)  36-C(  0  1  4)
  37-C(  1  1  4)  38-C(  2  1  4)  39-C(  0  2  4)  40-C(  1  2  4)
  41-C(  2  2  4)

 DIRECT LATTICE VECTORS COMPON. (A.U.)     RECIP. LATTICE VECTORS COMPON. (A.U.) 
        X            Y            Z              X            Y            Z
   29.0704947  -16.1351886    0.0000000      0.2161362    0.0000000    0.0000000
    0.0000000   31.9916833    0.0000000      0.1090095    0.1964006    0.0000000
   -0.0000009   -0.0000003    9.1939282      0.0000000    0.0000000    0.6834060

 DISK SPACE FOR EIGENVECTORS (FTN 10)    70963776 REALS

 SYMMETRY ADAPTION OF THE BLOCH FUNCTIONS DISABLED
 TTTTTTTTTTTTTTTTTTTTTTTTTTTTTT gordsh1     TELAPSE        1.26 TCPU        0.44

 MATRIX SIZE: P(G) 1661560, F(G)  262853, P(G) IRR  835564, F(G) IRR  264153
 MAX G-VECTOR INDEX FOR 1- AND 2-ELECTRON INTEGRALS 105

 TTTTTTTTTTTTTTTTTTTTTTTTTTTTTT INPUT       TELAPSE        1.43 TCPU        0.62

 NEIGHBORS OF THE NON-EQUIVALENT ATOMS

 N = NUMBER OF NEIGHBORS AT DISTANCE R
    ATOM  N     R/ANG      R/AU   NEIGHBORS (ATOM LABELS AND CELL INDICES)
   1 C    1     1.3997     2.6451   19 C    0 0 0
   1 C    1     1.4056     2.6563   13 C    0 0 0
   1 C    1     1.5079     2.8496   49 C    0 0 0
   1 C    1     2.3611     4.4617    8 C    0 0 0
   1 C    1     2.4419     4.6145   25 C    0 0 0
   1 C    1     2.4616     4.6517   31 C    0 0 0

   2 C    1     1.3995     2.6446   20 C    0 0 0
   2 C    1     1.4058     2.6565   14 C    0 0-1
   2 C    1     1.5085     2.8507   50 C    0 1 0
   2 C    1     2.3603     4.4603    7 C    0 0 0
   2 C    1     2.4417     4.6141   26 C    0 0-1
   2 C    1     2.4613     4.6512   32 C    0 0 0

   3 C    1     1.3983     2.6423   21 C    0 0 0
   3 C    1     1.4058     2.6567   15 C    0 0 0
   3 C    1     1.5098     2.8530   49 C    0 0 0
   3 C    1     2.3574     4.4548   10 C    0 0 0
   3 C    1     2.4406     4.6121   27 C    0 0 0
   3 C    1     2.4599     4.6486   33 C    0 0 0

   4 C    1     1.3994     2.6445   22 C    0 0 0
   4 C    1     1.4060     2.6569   16 C    0 0-1
   4 C    1     1.5095     2.8525   50 C    0 0 0
   4 C    1     2.3595     4.4589    9 C    0 0 0
   4 C    1     2.4421     4.6149   28 C    0 0-1
   4 C    1     2.4616     4.6518   34 C    0 0 0

   5 C    1     1.3995     2.6446   23 C    0 0 0
   5 C    1     1.4063     2.6576   17 C    0 0 0
   5 C    1     1.5093     2.8522   49 C    0-1 0
   5 C    1     2.3587     4.4573   12 C    0 0 0
   5 C    1     2.4426     4.6158   29 C    1 0 0
   5 C    1     2.4622     4.6528   35 C    1 0 0

   6 C    1     1.3983     2.6424   24 C    0 0 0
   6 C    1     1.4059     2.6568   18 C    0 0-1
   6 C    1     1.5109     2.8551   50 C    0 1 0
   6 C    1     2.3573     4.4547   11 C    0 0 0
   6 C    1     2.4410     4.6129   30 C    0 0-1
   6 C    1     2.4604     4.6495   36 C    0 0 0

   7 C    1     1.3995     2.6446   20 C    0 0 0
   7 C    1     1.4058     2.6565   14 C    0 0 0
   7 C    1     1.5085     2.8507   51 C    0 1 0
   7 C    1     2.3603     4.4603    2 C    0 0 0
   7 C    1     2.4417     4.6141   26 C    0 0 0
   7 C    1     2.4613     4.6512   32 C    0 0 0

   8 C    1     1.3997     2.6451   19 C    0 0 0
   8 C    1     1.4056     2.6563   13 C    0 0-1
   8 C    1     1.5079     2.8496   52 C    0 0 0
   8 C    1     2.3611     4.4617    1 C    0 0 0
   8 C    1     2.4419     4.6145   25 C    0 0-1
   8 C    1     2.4616     4.6517   31 C    0 0 0

   9 C    1     1.3994     2.6445   22 C    0 0 0
   9 C    1     1.4060     2.6569   16 C    0 0 0
   9 C    1     1.5095     2.8525   51 C    0 0 0
   9 C    1     2.3595     4.4589    4 C    0 0 0
   9 C    1     2.4421     4.6149   28 C    0 0 0
   9 C    1     2.4616     4.6518   34 C    0 0 0

  10 C    1     1.3982     2.6423   21 C    0 0 0
  10 C    1     1.4058     2.6566   15 C    0 0-1
  10 C    1     1.5098     2.8530   52 C    0 0 0
  10 C    1     2.3574     4.4548    3 C    0 0 0
  10 C    1     2.4406     4.6121   27 C    0 0-1
  10 C    1     2.4599     4.6486   33 C    0 0 0

  11 C    1     1.3983     2.6424   24 C    0 0 0
  11 C    1     1.4059     2.6568   18 C    0 0 0
  11 C    1     1.5108     2.8551   51 C    0 1 0
  11 C    1     2.3573     4.4547    6 C    0 0 0
  11 C    1     2.4410     4.6129   30 C    0 0 0
  11 C    1     2.4604     4.6495   36 C    0 0 0

  12 C    1     1.3995     2.6446   23 C    0 0 0
  12 C    1     1.4063     2.6576   17 C    0 0-1
  12 C    1     1.5093     2.8522   52 C    0-1 0
  12 C    1     2.3587     4.4573    5 C    0 0 0
  12 C    1     2.4426     4.6158   29 C    1 0-1
  12 C    1     2.4622     4.6528   35 C    1 0 0

  13 C    1     1.4056     2.6563    8 C    0 0 1
  13 C    1     1.4056     2.6563    1 C    0 0 0
  13 C    1     1.4576     2.7545   25 C    0 0 0
  13 C    1     2.4352     4.6019   19 C    0 0 1
  13 C    1     2.4352     4.6019   19 C    0 0 0
  13 C    1     2.5015     4.7271   37 C    0 0 0

  14 C    1     1.4058     2.6565    2 C    0 0 1
  14 C    1     1.4058     2.6565    7 C    0 0 0
  14 C    1     1.4576     2.7545   26 C    0 0 0
  14 C    1     2.4353     4.6020   20 C    0 0 1
  14 C    1     2.4353     4.6020   20 C    0 0 0
  14 C    1     2.5015     4.7272   38 C    0 0 1

  15 C    1     1.4058     2.6566   10 C    0 0 1
  15 C    1     1.4058     2.6567    3 C    0 0 0
  15 C    1     1.4582     2.7556   27 C    0 0 0
  15 C    1     2.4354     4.6022   21 C    0 0 1
  15 C    1     2.4354     4.6022   21 C    0 0 0
  15 C    1     2.5020     4.7282   46 C    1 1 1

  16 C    1     1.4060     2.6569    9 C    0 0 0
  16 C    1     1.4060     2.6569    4 C    0 0 1
  16 C    1     1.4582     2.7556   28 C    0 0 0
  16 C    1     2.4353     4.6021   22 C    0 0 0
  16 C    1     2.4353     4.6021   22 C    0 0 1
  16 C    1     2.5019     4.7279   45 C    0 0 0

  17 C    1     1.4063     2.6576   12 C    0 0 1
  17 C    1     1.4063     2.6576    5 C    0 0 0
  17 C    1     1.4585     2.7562   29 C    1 0 0
  17 C    1     2.4354     4.6022   23 C    0 0 1
  17 C    1     2.4354     4.6022   23 C    0 0 0
  17 C    1     2.5025     4.7290   48 C    1 0 1

  18 C    1     1.4059     2.6568   11 C    0 0 0
  18 C    1     1.4059     2.6568    6 C    0 0 1
  18 C    1     1.4585     2.7562   30 C    0 0 0
  18 C    1     2.4354     4.6022   24 C    0 0 0
  18 C    1     2.4354     4.6023   24 C    0 0 1
  18 C    1     2.5026     4.7293   47 C    0 0 0

  19 C    1     1.3997     2.6451    8 C    0 0 0
  19 C    1     1.3997     2.6451    1 C    0 0 0
  19 C    1     1.4081     2.6608   31 C    0 0 0
  19 C    1     2.3634     4.4662   49 C    0 0 0
  19 C    1     2.3634     4.4662   52 C    0 0 0
  19 C    1     2.4180     4.5694   44 C    0 0 0

  20 C    1     1.3995     2.6446    2 C    0 0 0
  20 C    1     1.3995     2.6446    7 C    0 0 0
  20 C    1     1.4078     2.6604   32 C    0 0 0
  20 C    1     2.3642     4.4676   50 C    0 1 0
  20 C    1     2.3642     4.4677   51 C    0 1 0
  20 C    1     2.4177     4.5687   38 C    0 0 0

  21 C    1     1.3982     2.6423   10 C    0 0 0
  21 C    1     1.3983     2.6423    3 C    0 0 0
  21 C    1     1.4070     2.6589   33 C    0 0 0
  21 C    1     2.3657     4.4705   52 C    0 0 0
  21 C    1     2.3657     4.4705   49 C    0 0 0
  21 C    1     2.4161     4.5657   46 C    1 1 0

  22 C    1     1.3994     2.6445    9 C    0 0 0
  22 C    1     1.3994     2.6445    4 C    0 0 0
  22 C    1     1.4080     2.6607   34 C    0 0 0
  22 C    1     2.3655     4.4701   51 C    0 0 0
  22 C    1     2.3655     4.4702   50 C    0 0 0
  22 C    1     2.4176     4.5686   45 C    0 0 0

  23 C    1     1.3995     2.6446   12 C    0 0 0
  23 C    1     1.3995     2.6446    5 C    0 0 0
  23 C    1     1.4082     2.6611   35 C    1 0 0
  23 C    1     2.3659     4.4709   52 C    0-1 0
  23 C    1     2.3659     4.4709   49 C    0-1 0
  23 C    1     2.4179     4.5691   48 C    1 0 0

  24 C    1     1.3983     2.6424   11 C    0 0 0
  24 C    1     1.3983     2.6424    6 C    0 0 0
  24 C    1     1.4074     2.6596   36 C    0 0 0
  24 C    1     2.3670     4.4729   51 C    0 1 0
  24 C    1     2.3670     4.4730   50 C    0 1 0
  24 C    1     2.4167     4.5668   47 C    0 0 0

  25 C    1     1.4091     2.6628   44 C    0 0 1
  25 C    1     1.4091     2.6628   37 C    0 0 0
  25 C    1     1.4576     2.7545   13 C    0 0 0
  25 C    1     2.4334     4.5985   31 C    0 0 1
  25 C    1     2.4334     4.5985   31 C    0 0 0
  25 C    1     2.4419     4.6145    8 C    0 0 1

  26 C    1     1.4091     2.6628   38 C    0 0 1
  26 C    1     1.4091     2.6628   43 C    0 0 0
  26 C    1     1.4576     2.7545   14 C    0 0 0
  26 C    1     2.4335     4.5986   32 C    0 0 1
  26 C    1     2.4335     4.5986   32 C    0 0 0
  26 C    1     2.4417     4.6141    2 C    0 0 1

  27 C    1     1.4089     2.6625   39 C    1 1 0
  27 C    1     1.4089     2.6625   46 C    1 1 1
  27 C    1     1.4582     2.7556   15 C    0 0 0
  27 C    1     2.4335     4.5986   33 C    0 0 0
  27 C    1     2.4335     4.5986   33 C    0 0 1
  27 C    1     2.4406     4.6121    3 C    0 0 0

  28 C    1     1.4089     2.6625   45 C    0 0 0
  28 C    1     1.4089     2.6625   40 C    0 0 1
  28 C    1     1.4582     2.7556   16 C    0 0 0
  28 C    1     2.4335     4.5986   34 C    0 0 0
  28 C    1     2.4335     4.5986   34 C    0 0 1
  28 C    1     2.4421     4.6149    9 C    0 0 0

  29 C    1     1.4090     2.6627   41 C    0 0 0
  29 C    1     1.4090     2.6627   48 C    0 0 1
  29 C    1     1.4585     2.7562   17 C   -1 0 0
  29 C    1     2.4335     4.5986   35 C    0 0 0
  29 C    1     2.4335     4.5986   35 C    0 0 1
  29 C    1     2.4426     4.6158    5 C   -1 0 0

  30 C    1     1.4091     2.6628   47 C    0 0 0
  30 C    1     1.4091     2.6628   42 C    0 0 1
  30 C    1     1.4585     2.7562   18 C    0 0 0
  30 C    1     2.4335     4.5986   36 C    0 0 0
  30 C    1     2.4335     4.5986   36 C    0 0 1
  30 C    1     2.4410     4.6129   11 C    0 0 0

  31 C    1     1.4033     2.6518   44 C    0 0 0
  31 C    1     1.4033     2.6518   37 C    0 0 0
  31 C    1     1.4081     2.6608   19 C    0 0 0
  31 C    1     2.4329     4.5974   38 C    0 0 0
  31 C    1     2.4329     4.5974   43 C    0 0 0
  31 C    1     2.4334     4.5985   25 C    0 0-1

  32 C    1     1.4032     2.6517   38 C    0 0 0
  32 C    1     1.4032     2.6517   43 C    0 0 0
  32 C    1     1.4078     2.6604   20 C    0 0 0
  32 C    1     2.4327     4.5971   44 C    0 0 0
  32 C    1     2.4327     4.5971   37 C    0 0 0
  32 C    1     2.4335     4.5986   26 C    0 0-1

  33 C    1     1.4029     2.6510   39 C    1 1 0
  33 C    1     1.4029     2.6510   46 C    1 1 0
  33 C    1     1.4070     2.6589   21 C    0 0 0
  33 C    1     2.4320     4.5959   45 C    1 1 0
  33 C    1     2.4320     4.5959   40 C    1 1 0
  33 C    1     2.4335     4.5986   27 C    0 0 0

  34 C    1     1.4032     2.6517   45 C    0 0 0
  34 C    1     1.4032     2.6517   40 C    0 0 0
  34 C    1     1.4080     2.6607   22 C    0 0 0
  34 C    1     2.4329     4.5975   39 C    0 0 0
  34 C    1     2.4329     4.5975   46 C    0 0 0
  34 C    1     2.4335     4.5986   28 C    0 0 0

  35 C    1     1.4034     2.6520   41 C    0 0 0
  35 C    1     1.4034     2.6520   48 C    0 0 0
  35 C    1     1.4082     2.6611   23 C   -1 0 0
  35 C    1     2.4335     4.5986   29 C    0 0 0
  35 C    1     2.4335     4.5986   29 C    0 0-1
  35 C    1     2.4335     4.5987   47 C    0 0 0

  36 C    1     1.4030     2.6514   47 C    0 0 0
  36 C    1     1.4031     2.6514   42 C    0 0 0
  36 C    1     1.4074     2.6596   24 C    0 0 0
  36 C    1     2.4328     4.5974   41 C    0 0 0
  36 C    1     2.4328     4.5974   48 C    0 0 0
  36 C    1     2.4335     4.5986   30 C    0 0 0

  37 C    1     1.4033     2.6518   31 C    0 0 0
  37 C    1     1.4091     2.6628   25 C    0 0 0
  37 C    1     1.4252     2.6933   43 C    0 0 0
  37 C    1     2.4025     4.5401   44 C    0 0 1
  37 C    1     2.4180     4.5694   19 C    0 0 0
  37 C    1     2.4327     4.5971   32 C    0 0 0

  38 C    1     1.4032     2.6517   32 C    0 0 0
  38 C    1     1.4091     2.6628   26 C    0 0-1
  38 C    1     1.4252     2.6933   44 C    0 0 0
  38 C    1     2.4025     4.5400   43 C    0 0-1
  38 C    1     2.4177     4.5687   20 C    0 0 0
  38 C    1     2.4329     4.5974   31 C    0 0 0

  39 C    1     1.4029     2.6510   33 C   -1-1 0
  39 C    1     1.4089     2.6625   27 C   -1-1 0
  39 C    1     1.4256     2.6940   45 C    0 0 0
  39 C    1     2.4018     4.5388   46 C    0 0 1
  39 C    1     2.4161     4.5657   21 C   -1-1 0
  39 C    1     2.4329     4.5975   34 C    0 0 0

  40 C    1     1.4032     2.6517   34 C    0 0 0
  40 C    1     1.4089     2.6625   28 C    0 0-1
  40 C    1     1.4256     2.6940   46 C    0 0 0
  40 C    1     2.4020     4.5392   45 C    0 0-1
  40 C    1     2.4176     4.5686   22 C    0 0 0
  40 C    1     2.4320     4.5959   33 C   -1-1 0

  41 C    1     1.4034     2.6520   35 C    0 0 0
  41 C    1     1.4090     2.6627   29 C    0 0 0
  41 C    1     1.4262     2.6951   47 C    0 0 0
  41 C    1     2.4018     4.5388   48 C    0 0 1
  41 C    1     2.4179     4.5691   23 C   -1 0 0
  41 C    1     2.4328     4.5974   36 C    0 0 0

  42 C    1     1.4031     2.6514   36 C    0 0 0
  42 C    1     1.4091     2.6628   30 C    0 0-1
  42 C    1     1.4262     2.6951   48 C    0 0 0
  42 C    1     2.4017     4.5386   47 C    0 0-1
  42 C    1     2.4167     4.5669   24 C    0 0 0
  42 C    1     2.4335     4.5987   35 C    0 0 0

  43 C    1     1.4032     2.6517   32 C    0 0 0
  43 C    1     1.4091     2.6628   26 C    0 0 0
  43 C    1     1.4252     2.6933   37 C    0 0 0
  43 C    1     2.4025     4.5400   38 C    0 0 1
  43 C    1     2.4177     4.5687   20 C    0 0 0
  43 C    1     2.4329     4.5974   31 C    0 0 0

  44 C    1     1.4033     2.6518   31 C    0 0 0
  44 C    1     1.4091     2.6628   25 C    0 0-1
  44 C    1     1.4252     2.6933   38 C    0 0 0
  44 C    1     2.4025     4.5401   37 C    0 0-1
  44 C    1     2.4180     4.5694   19 C    0 0 0
  44 C    1     2.4327     4.5971   32 C    0 0 0

  45 C    1     1.4032     2.6517   34 C    0 0 0
  45 C    1     1.4089     2.6625   28 C    0 0 0
  45 C    1     1.4256     2.6940   39 C    0 0 0
  45 C    1     2.4020     4.5392   40 C    0 0 1
  45 C    1     2.4176     4.5686   22 C    0 0 0
  45 C    1     2.4320     4.5959   33 C   -1-1 0

  46 C    1     1.4029     2.6510   33 C   -1-1 0
  46 C    1     1.4089     2.6625   27 C   -1-1-1
  46 C    1     1.4256     2.6940   40 C    0 0 0
  46 C    1     2.4018     4.5388   39 C    0 0-1
  46 C    1     2.4161     4.5657   21 C   -1-1 0
  46 C    1     2.4329     4.5975   34 C    0 0 0

  47 C    1     1.4030     2.6514   36 C    0 0 0
  47 C    1     1.4091     2.6628   30 C    0 0 0
  47 C    1     1.4262     2.6951   41 C    0 0 0
  47 C    1     2.4017     4.5386   42 C    0 0 1
  47 C    1     2.4167     4.5668   24 C    0 0 0
  47 C    1     2.4335     4.5987   35 C    0 0 0

  48 C    1     1.4034     2.6520   35 C    0 0 0
  48 C    1     1.4090     2.6627   29 C    0 0-1
  48 C    1     1.4262     2.6951   42 C    0 0 0
  48 C    1     2.4018     4.5388   41 C    0 0-1
  48 C    1     2.4179     4.5691   23 C   -1 0 0
  48 C    1     2.4328     4.5974   36 C    0 0 0

  49 C    1     1.5079     2.8496    1 C    0 0 0
  49 C    1     1.5093     2.8522    5 C    0 1 0
  49 C    1     1.5098     2.8530    3 C    0 0 0
  49 C    1     1.6413     3.1016   52 C    0 0 0
  49 C    1     2.3634     4.4662   19 C    0 0 0
  49 C    1     2.3657     4.4705   21 C    0 0 0

  50 C    1     1.5085     2.8507    2 C    0-1 0
  50 C    1     1.5095     2.8525    4 C    0 0 0
  50 C    1     1.5109     2.8551    6 C    0-1 0
  50 C    1     1.6415     3.1020   51 C    0 0 0
  50 C    1     2.3642     4.4676   20 C    0-1 0
  50 C    1     2.3655     4.4702   22 C    0 0 0

  51 C    1     1.5085     2.8507    7 C    0-1 0
  51 C    1     1.5095     2.8525    9 C    0 0 0
  51 C    1     1.5108     2.8551   11 C    0-1 0
  51 C    1     1.6415     3.1020   50 C    0 0 0
  51 C    1     2.3642     4.4677   20 C    0-1 0
  51 C    1     2.3655     4.4701   22 C    0 0 0

  52 C    1     1.5079     2.8496    8 C    0 0 0
  52 C    1     1.5093     2.8522   12 C    0 1 0
  52 C    1     1.5098     2.8530   10 C    0 0 0
  52 C    1     1.6413     3.1016   49 C    0 0 0
  52 C    1     2.3634     4.4662   19 C    0 0 0
  52 C    1     2.3657     4.4705   21 C    0 0 0


 SYMMETRY ALLOWED INTERNAL DEGREE(S) OF FREEDOM: 153
 TTTTTTTTTTTTTTTTTTTTTTTTTTTTTT SYMM        TELAPSE        1.45 TCPU        0.63
 TTTTTTTTTTTTTTTTTTTTTTTTTTTTTT INT_SCREEN  TELAPSE        1.47 TCPU        0.65

 DFT PARAMETERS

     ATOM       ELECTRONS   NET CHARGE   R(ANGSTROM)
   1   6  C       6.0000      0.0000     0.77000000

 SIZE OF GRID=    1668378
 TTTTTTTTTTTTTTTTTTTTTTTTTTTTTT MAKE_GRID2  TELAPSE        3.38 TCPU        2.55
 BECKE WEIGHT FUNCTION
 RADSAFE =     2.00
 TOLERANCES - DENSITY:10**- 6; POTENTIAL:10**- 9; GRID WGT:10**-14

 RADIAL INTEGRATION  - INTERVALS (POINTS,UPPER LIMIT):            1( 75,  4.0*R)

 ANGULAR INTEGRATION - INTERVALS (ACCURACY LEVEL [N. POINTS] UPPER LIMIT):
  1(  4[  86]   0.2)  2(  8[ 194]   0.5)  3( 12[ 350]   0.9)  4( 16[ 974]   3.5)
  5( 12[ 350]9999.0)
 TTTTTTTTTTTTTTTTTTTTTTTTTTTTTT INT_CALC    TELAPSE        3.42 TCPU        2.59
 EEEEEEEEEE INT_CALC TERMINATION  DATE 28 01 2026 TIME 20:12:22.5

 *******************************************************************************
 ./3^6.4T10_rev1_sp_B3LYP-D3-D3_optimized                                        
 CRYSTAL - SCF - TYPE OF CALCULATION :  UNRESTRICTED OPEN SHELL
 *******************************************************************************

 CAPPA:IS1  3;IS2  3;IS3  9; K PTS MONK NET  41; SYMMOPS:K SPACE   2;G SPACE   1

 TTTTTTTTTTTTTTTTTTTTTTTTTTTTTT SDIK        TELAPSE       13.33 TCPU       12.50

 AAAAAAAAAAAAAAAAAAAAAAAAAAAAAAAAAAAAAAAAAAAAAAAAAAAAAAAAAAAAAAAAAAAAAAAAAAAAAAA
         ATOMIC WAVEFUNCTION(S)


 NUCLEAR CHARGE  6.0  SYMMETRY SPECIES            S    P
 N. ELECTRONS    6.0  NUMBER OF PRIMITIVE GTOS   10    6
                      NUMBER OF CONTRACTED GTOS   4    3
                      NUMBER OF CLOSED SHELLS     2    0
                      OPEN SHELL OCCUPATION       0    2

  ZNUC  SCFIT    TOTAL HF ENERGY   KINETIC ENERGY   VIRIAL THEOREM ACCURACY
   6.0    10    -3.766702350E+01  3.783137943E+01 -1.995655566E+00  1.6E-06

 AAAAAAAAAAAAAAAAAAAAAAAAAAAAAAAAAAAAAAAAAAAAAAAAAAAAAAAAAAAAAAAAAAAAAAAAAAAAAAA

 CHARGE NORMALIZATION FACTOR   1.00000000
 TOTAL ATOMIC CHARGES:
   6.0000000   6.0000000   6.0000000   6.0000000   6.0000000   6.0000000
   6.0000000   6.0000000   6.0000000   6.0000000   6.0000000   6.0000000
   6.0000000   6.0000000   6.0000000   6.0000000   6.0000000   6.0000000
   6.0000000   6.0000000   6.0000000   6.0000000   6.0000000   6.0000000
   6.0000000   6.0000000   6.0000000   6.0000000   6.0000000   6.0000000
   6.0000000   6.0000000   6.0000000   6.0000000   6.0000000   6.0000000
   6.0000000   6.0000000   6.0000000   6.0000000   6.0000000   6.0000000
   6.0000000   6.0000000   6.0000000   6.0000000   6.0000000   6.0000000
   6.0000000   6.0000000   6.0000000   6.0000000
 SUMMED SPIN DENSITY           0.00000000
 TOTAL ATOMIC SPINS  :
   0.0000000   0.0000000   0.0000000   0.0000000   0.0000000   0.0000000
   0.0000000   0.0000000   0.0000000   0.0000000   0.0000000   0.0000000
   0.0000000   0.0000000   0.0000000   0.0000000   0.0000000   0.0000000
   0.0000000   0.0000000   0.0000000   0.0000000   0.0000000   0.0000000
   0.0000000   0.0000000   0.0000000   0.0000000   0.0000000   0.0000000
   0.0000000   0.0000000   0.0000000   0.0000000   0.0000000   0.0000000
   0.0000000   0.0000000   0.0000000   0.0000000   0.0000000   0.0000000
   0.0000000   0.0000000   0.0000000   0.0000000   0.0000000   0.0000000
   0.0000000   0.0000000   0.0000000   0.0000000
 TTTTTTTTTTTTTTTTTTTTTTTTTTTTTT MOQGAD      TELAPSE       13.37 TCPU       12.54
 TTTTTTTTTTTTTTTTTTTTTTTTTTTTTT SHELLXN     TELAPSE       95.03 TCPU       94.19
 TTTTTTTTTTTTTTTTTTTTTTTTTTTTTT MONMO3      TELAPSE       95.88 TCPU       95.05
 NUMERICALLY INTEGRATED DENSITY    155.9999488806    155.9999488806
 TTTTTTTTTTTTTTTTTTTTTTTTTTTTTT NUMDFT      TELAPSE       99.08 TCPU       98.24
 CYC   0 ETOT(AU) -1.997014590374E+03 DETOT -2.00E+03 tst  0.00E+00 PX  1.00E+00
 TTTTTTTTTTTTTTTTTTTTTTTTTTTTTT DIIS        TELAPSE       99.37 TCPU       98.53
 TTTTTTTTTTTTTTTTTTTTTTTTTTTTTT FDIK        TELAPSE      217.78 TCPU      216.91
 POSSIBLY CONDUCTING STATE - EFERMI(AU) -1.8370115E-01 (RES. CHARGE  3.98E-13;IT. 12)
 TTTTTTTTTTTTTTTTTTTTTTTTTTTTTT PDIG        TELAPSE      219.02 TCPU      218.15
 CHARGE NORMALIZATION FACTOR   1.00000000
 TOTAL ATOMIC CHARGES:
   5.9840882   6.0140404   6.0082456   6.0101419   5.9976100   6.0150144
   6.0140350   5.9840895   6.0101496   6.0082475   6.0150215   5.9976116
   5.9863082   5.9864477   5.9851375   5.9864628   5.9864523   5.9849623
   6.0416211   6.0422933   6.0422586   6.0427356   6.0427940   6.0424645
   5.9808288   5.9874241   5.9899645   5.9870212   5.9863641   5.9906074
   6.0064334   6.0131398   6.0160607   6.0121455   6.0113916   6.0167427
   6.0008877   6.0006782   6.0012020   6.0014161   6.0015953   6.0011583
   6.0006771   6.0008878   6.0014171   6.0012018   6.0011598   6.0015952
   5.9399560   5.9399301   5.9399268   5.9399541
 SUMMED SPIN DENSITY           0.00000000
 TOTAL ATOMIC SPINS  :
   0.0000000   0.0000000   0.0000000   0.0000000   0.0000000   0.0000000
   0.0000000   0.0000000   0.0000000  -0.0000000  -0.0000000   0.0000000
  -0.0000000   0.0000000   0.0000000  -0.0000000   0.0000000  -0.0000000
   0.0000000   0.0000000  -0.0000000   0.0000000   0.0000000   0.0000000
   0.0000000   0.0000000   0.0000000   0.0000000   0.0000000   0.0000000
   0.0000000   0.0000000   0.0000000  -0.0000000  -0.0000000  -0.0000000
  -0.0000000  -0.0000000  -0.0000000   0.0000000  -0.0000000   0.0000000
  -0.0000000   0.0000000  -0.0000000  -0.0000000  -0.0000000   0.0000000
  -0.0000000  -0.0000000   0.0000000   0.0000000
 TTTTTTTTTTTTTTTTTTTTTTTTTTTTTT MOQGAD      TELAPSE      219.04 TCPU      218.17
 TTTTTTTTTTTTTTTTTTTTTTTTTTTTTT SHELLXN     TELAPSE      305.91 TCPU      305.03
 TTTTTTTTTTTTTTTTTTTTTTTTTTTTTT MONMO3      TELAPSE      306.76 TCPU      305.88
 NUMERICALLY INTEGRATED DENSITY    156.0000013514    156.0000013514
 TTTTTTTTTTTTTTTTTTTTTTTTTTTTTT NUMDFT      TELAPSE      310.01 TCPU      309.13
 CYC   1 ETOT(AU) -1.980739083844E+03 DETOT  1.63E+01 tst  0.00E+00 PX  1.00E+00
 TTTTTTTTTTTTTTTTTTTTTTTTTTTTTT DIIS        TELAPSE      310.40 TCPU      309.52
 DIIS TEST: 0.10502E+01 AT SCF   CYCLE   1 - MIX   30 %
 TTTTTTTTTTTTTTTTTTTTTTTTTTTTTT FDIK        TELAPSE      337.94 TCPU      337.06
 POSSIBLY CONDUCTING STATE - EFERMI(AU) -1.2352380E-01 (RES. CHARGE  8.39E-10;IT. 14)
 TTTTTTTTTTTTTTTTTTTTTTTTTTTTTT PDIG        TELAPSE      339.20 TCPU      338.31
 CHARGE NORMALIZATION FACTOR   1.00000000
 TOTAL ATOMIC CHARGES:
   6.1346762   5.9442695   6.0564005   5.9746158   6.0782460   6.0080307
   5.9442565   6.1346970   5.9745279   6.0563336   6.0079461   6.0782372
   5.9869228   5.9797966   5.9811217   5.9810610   5.9844675   5.9795453
   5.9418167   5.9338400   5.9283007   5.9338673   5.9345684   5.9288291
   6.0464479   5.9893257   6.0165116   5.9983252   6.0254596   6.0006694
   6.0089946   5.9555697   5.9794988   5.9628892   5.9883737   5.9651926
   5.9822326   5.9934704   5.9820174   5.9892918   5.9835158   5.9891135
   5.9935007   5.9822957   5.9894456   5.9821185   5.9889999   5.9834628
   6.0920335   6.0764179   6.0763824   6.0920697
 SUMMED SPIN DENSITY           0.00000000
 TOTAL ATOMIC SPINS  :
   0.0000000   0.0000000   0.0000000   0.0000000   0.0000000  -0.0000000
   0.0000000   0.0000000   0.0000000   0.0000000  -0.0000000  -0.0000000
  -0.0000000   0.0000000   0.0000000   0.0000000  -0.0000000   0.0000000
   0.0000000   0.0000000  -0.0000000   0.0000000   0.0000000   0.0000000
  -0.0000000   0.0000000   0.0000000  -0.0000000   0.0000000   0.0000000
   0.0000000   0.0000000  -0.0000000   0.0000000  -0.0000000  -0.0000000
  -0.0000000  -0.0000000   0.0000000  -0.0000000   0.0000000   0.0000000
  -0.0000000   0.0000000  -0.0000000  -0.0000000  -0.0000000  -0.0000000
  -0.0000000   0.0000000  -0.0000000  -0.0000000
 TTTTTTTTTTTTTTTTTTTTTTTTTTTTTT MOQGAD      TELAPSE      339.22 TCPU      338.33
 TTTTTTTTTTTTTTTTTTTTTTTTTTTTTT SHELLXN     TELAPSE      425.88 TCPU      424.98
 TTTTTTTTTTTTTTTTTTTTTTTTTTTTTT MONMO3      TELAPSE      426.73 TCPU      425.83
 NUMERICALLY INTEGRATED DENSITY    155.9999984067    155.9999984067
 TTTTTTTTTTTTTTTTTTTTTTTTTTTTTT NUMDFT      TELAPSE      429.98 TCPU      429.07
 CYC   2 ETOT(AU) -1.980828439854E+03 DETOT -8.94E-02 tst  7.30E-04 PX  1.18E-01
 TTTTTTTTTTTTTTTTTTTTTTTTTTTTTT DIIS        TELAPSE      430.36 TCPU      429.46
 DIIS TEST: 0.88116E+00 AT SCF   CYCLE   2 - DIIS ACTIVE - HISTORY:     2 CYCLES
 TTTTTTTTTTTTTTTTTTTTTTTTTTTTTT FDIK        TELAPSE      452.58 TCPU      451.67

    ALPHA      ELECTRONS
 INSULATING STATE
 TOP OF VALENCE BANDS -    BAND    156; K    1; EIG -8.6900284E-02 AU
 BOTTOM OF VIRTUAL BANDS - BAND    157; K   17; EIG -8.3939205E-02 AU
 INDIRECT ENERGY BAND GAP:   0.0806 eV
 BOTTOM OF VIRTUAL BANDS - BAND    157; K    1; EIG -8.1618113E-02 AU

    BETA       ELECTRONS
 INSULATING STATE
 TOP OF VALENCE BANDS -    BAND    156; K    1; EIG -8.6900284E-02 AU
 BOTTOM OF VIRTUAL BANDS - BAND    157; K   17; EIG -8.3939205E-02 AU
 INDIRECT ENERGY BAND GAP:   0.0806 eV
 BOTTOM OF VIRTUAL BANDS - BAND    157; K    1; EIG -8.1618113E-02 AU
 TTTTTTTTTTTTTTTTTTTTTTTTTTTTTT PDIG        TELAPSE      453.79 TCPU      452.88
 CHARGE NORMALIZATION FACTOR   1.00000000
 TOTAL ATOMIC CHARGES:
   5.6617695   6.2593855   5.7332672   6.2290961   5.7197487   6.2232524
   6.2593333   5.6618411   6.2292504   5.7333226   6.2231017   5.7199673
   5.9628404   6.0025713   5.9778623   5.9950819   5.9768972   5.9899929
   5.9775190   6.0129579   5.9974235   6.0040373   5.9940746   5.9966749
   5.9402497   6.1064199   5.9672565   6.0882306   5.9626562   6.0819218
   5.9501761   6.0973101   5.9730070   6.0836817   5.9696716   6.0782395
   6.0243592   5.9960903   6.0285528   5.9968574   6.0276884   5.9970186
   5.9960786   6.0242970   5.9968202   6.0288983   5.9970778   6.0276033
   5.9663692   6.0429374   6.0429161   5.9663457
 SUMMED SPIN DENSITY          -0.00000000
 TOTAL ATOMIC SPINS  :
   0.0000000   0.0000000   0.0000000  -0.0000000   0.0000000  -0.0000000
  -0.0000000   0.0000000   0.0000000   0.0000000  -0.0000000  -0.0000000
  -0.0000000   0.0000000   0.0000000   0.0000000  -0.0000000   0.0000000
   0.0000000   0.0000000  -0.0000000   0.0000000   0.0000000   0.0000000
  -0.0000000   0.0000000  -0.0000000  -0.0000000   0.0000000  -0.0000000
  -0.0000000  -0.0000000   0.0000000   0.0000000  -0.0000000  -0.0000000
  -0.0000000  -0.0000000  -0.0000000   0.0000000  -0.0000000  -0.0000000
   0.0000000   0.0000000  -0.0000000  -0.0000000  -0.0000000  -0.0000000
  -0.0000000   0.0000000  -0.0000000  -0.0000000
 TTTTTTTTTTTTTTTTTTTTTTTTTTTTTT MOQGAD      TELAPSE      453.81 TCPU      452.90
 TTTTTTTTTTTTTTTTTTTTTTTTTTTTTT SHELLXN     TELAPSE      540.41 TCPU      539.50
 TTTTTTTTTTTTTTTTTTTTTTTTTTTTTT MONMO3      TELAPSE      541.26 TCPU      540.35
 NUMERICALLY INTEGRATED DENSITY    155.9999967116    155.9999967116
 TTTTTTTTTTTTTTTTTTTTTTTTTTTTTT NUMDFT      TELAPSE      544.51 TCPU      543.60
 CYC   3 ETOT(AU) -1.979978335435E+03 DETOT  8.50E-01 tst  3.18E-02 PX  1.88E-01
 TTTTTTTTTTTTTTTTTTTTTTTTTTTTTT DIIS        TELAPSE      544.90 TCPU      543.98
 DIIS TEST: 0.10573E+02 AT SCF   CYCLE   3 - DIIS ACTIVE - HISTORY:     3 CYCLES
 TTTTTTTTTTTTTTTTTTTTTTTTTTTTTT FDIK        TELAPSE      565.66 TCPU      564.73
 POSSIBLY CONDUCTING STATE - EFERMI(AU) -1.0369937E-01 (RES. CHARGE  7.87E-10;IT. 16)
 TTTTTTTTTTTTTTTTTTTTTTTTTTTTTT PDIG        TELAPSE      566.91 TCPU      565.99
 CHARGE NORMALIZATION FACTOR   1.00000000
 TOTAL ATOMIC CHARGES:
   5.9939529   5.8847628   6.0798367   5.9001868   6.0562649   5.9299206
   5.8847126   5.9941476   5.9003205   6.0799351   5.9298315   6.0563513
   5.9777615   5.9868297   5.9913005   5.9802070   5.9879451   5.9734623
   6.0149541   6.0287582   6.0347358   6.0238552   6.0291548   6.0160131
   6.0016730   6.0045086   6.0358183   5.9957603   6.0278249   5.9973851
   6.0209202   6.0209584   6.0512081   6.0147472   6.0437963   6.0173389
   6.0058855   6.0081509   6.0079975   6.0140557   6.0064128   6.0131725
   6.0080985   6.0058816   6.0141440   6.0081771   6.0132606   6.0063473
   5.9863035   5.9744693   5.9744016   5.9861018
 SUMMED SPIN DENSITY           0.00000000
 TOTAL ATOMIC SPINS  :
   0.0000000   0.0000000  -0.0000000   0.0000000   0.0000000   0.0000000
   0.0000000   0.0000000   0.0000000   0.0000000   0.0000000  -0.0000000
  -0.0000000   0.0000000   0.0000000   0.0000000  -0.0000000   0.0000000
  -0.0000000   0.0000000  -0.0000000   0.0000000   0.0000000   0.0000000
  -0.0000000   0.0000000  -0.0000000   0.0000000   0.0000000  -0.0000000
  -0.0000000   0.0000000   0.0000000   0.0000000  -0.0000000  -0.0000000
  -0.0000000  -0.0000000  -0.0000000   0.0000000  -0.0000000  -0.0000000
   0.0000000   0.0000000  -0.0000000  -0.0000000  -0.0000000   0.0000000
  -0.0000000   0.0000000   0.0000000  -0.0000000
 TTTTTTTTTTTTTTTTTTTTTTTTTTTTTT MOQGAD      TELAPSE      566.94 TCPU      566.01
 TTTTTTTTTTTTTTTTTTTTTTTTTTTTTT SHELLXN     TELAPSE      653.59 TCPU      652.66
 TTTTTTTTTTTTTTTTTTTTTTTTTTTTTT MONMO3      TELAPSE      654.44 TCPU      653.51
 NUMERICALLY INTEGRATED DENSITY    155.9999979551    155.9999979551
 TTTTTTTTTTTTTTTTTTTTTTTTTTTTTT NUMDFT      TELAPSE      657.68 TCPU      656.75
 CYC   4 ETOT(AU) -1.980821902598E+03 DETOT -8.44E-01 tst  3.63E-02 PX  1.94E-01
 TTTTTTTTTTTTTTTTTTTTTTTTTTTTTT DIIS        TELAPSE      658.16 TCPU      657.22
 DIIS TEST: 0.91923E+00 AT SCF   CYCLE   4 - DIIS ACTIVE - HISTORY:     4 CYCLES
 TTTTTTTTTTTTTTTTTTTTTTTTTTTTTT FDIK        TELAPSE      684.14 TCPU      683.20
 POSSIBLY CONDUCTING STATE - EFERMI(AU) -1.2295818E-01 (RES. CHARGE  2.30E-10;IT. 12)
 TTTTTTTTTTTTTTTTTTTTTTTTTTTTTT PDIG        TELAPSE      685.39 TCPU      684.45
 CHARGE NORMALIZATION FACTOR   1.00000000
 TOTAL ATOMIC CHARGES:
   6.0295329   6.0604947   6.0191992   6.0324437   6.0086714   6.0040078
   6.0605639   6.0294943   6.0323933   6.0192178   6.0038926   6.0086202
   5.9818674   5.9819100   5.9756308   5.9797626   5.9774442   5.9712096
   6.0081880   6.0057289   5.9981982   6.0034562   6.0007016   5.9954063
   5.9960034   5.9944051   5.9894947   5.9941522   5.9861556   5.9920351
   5.9989098   5.9987500   5.9934150   5.9966344   5.9892633   5.9957350
   5.9886612   5.9855041   5.9860145   5.9856128   5.9869465   5.9844888
   5.9855028   5.9885799   5.9856736   5.9860791   5.9843661   5.9869006
   6.0101744   6.0161495   6.0160966   6.0102602
 SUMMED SPIN DENSITY           0.00000000
 TOTAL ATOMIC SPINS  :
  -0.0000000   0.0000000   0.0000000   0.0000000   0.0000000   0.0000000
   0.0000000  -0.0000000   0.0000000   0.0000000   0.0000000   0.0000000
  -0.0000000  -0.0000000   0.0000000  -0.0000000  -0.0000000  -0.0000000
  -0.0000000  -0.0000000  -0.0000000  -0.0000000   0.0000000  -0.0000000
  -0.0000000   0.0000000   0.0000000   0.0000000   0.0000000   0.0000000
  -0.0000000   0.0000000   0.0000000   0.0000000  -0.0000000   0.0000000
   0.0000000  -0.0000000   0.0000000  -0.0000000   0.0000000  -0.0000000
  -0.0000000   0.0000000  -0.0000000   0.0000000   0.0000000   0.0000000
  -0.0000000  -0.0000000  -0.0000000  -0.0000000
 TTTTTTTTTTTTTTTTTTTTTTTTTTTTTT MOQGAD      TELAPSE      685.41 TCPU      684.47
 TTTTTTTTTTTTTTTTTTTTTTTTTTTTTT SHELLXN     TELAPSE      772.10 TCPU      771.15
 TTTTTTTTTTTTTTTTTTTTTTTTTTTTTT MONMO3      TELAPSE      772.95 TCPU      772.00
 NUMERICALLY INTEGRATED DENSITY    155.9999980848    155.9999980848
 TTTTTTTTTTTTTTTTTTTTTTTTTTTTTT NUMDFT      TELAPSE      776.20 TCPU      775.25
 CYC   5 ETOT(AU) -1.980887164355E+03 DETOT -6.53E-02 tst  1.48E-03 PX  8.15E-02
 TTTTTTTTTTTTTTTTTTTTTTTTTTTTTT DIIS        TELAPSE      776.74 TCPU      775.79
 DIIS TEST: 0.96283E-01 AT SCF   CYCLE   5 - DIIS ACTIVE - HISTORY:     5 CYCLES
 TTTTTTTTTTTTTTTTTTTTTTTTTTTTTT FDIK        TELAPSE      798.99 TCPU      798.04
 POSSIBLY CONDUCTING STATE - EFERMI(AU) -1.2030129E-01 (RES. CHARGE  6.46E-10;IT. 16)
 TTTTTTTTTTTTTTTTTTTTTTTTTTTTTT PDIG        TELAPSE      800.25 TCPU      799.30
 CHARGE NORMALIZATION FACTOR   1.00000000
 TOTAL ATOMIC CHARGES:
   6.0198602   5.9636451   6.0053496   5.9957768   6.0188686   6.0429177
   5.9636844   6.0199284   5.9957577   6.0053552   6.0429457   6.0188301
   5.9798368   5.9784320   5.9764885   5.9807322   5.9800165   5.9803750
   5.9854469   5.9821785   5.9806141   5.9857167   5.9863303   5.9856990
   6.0122015   5.9961172   6.0056950   6.0064465   6.0095694   6.0188654
   6.0034251   5.9882821   5.9970842   5.9970237   6.0004655   6.0088560
   5.9987610   6.0009278   5.9996340   5.9996938   6.0022459   5.9990793
   6.0008771   5.9986939   5.9996944   5.9996819   5.9990333   6.0022197
   6.0194258   6.0209269   6.0208657   6.0194222
 SUMMED SPIN DENSITY           0.00000000
 TOTAL ATOMIC SPINS  :
  -0.0000000   0.0000000  -0.0000000   0.0000000  -0.0000000   0.0000000
   0.0000000  -0.0000000   0.0000000  -0.0000000   0.0000000  -0.0000000
   0.0000000  -0.0000000   0.0000000  -0.0000000  -0.0000000  -0.0000000
   0.0000000  -0.0000000  -0.0000000  -0.0000000   0.0000000   0.0000000
  -0.0000000   0.0000000  -0.0000000   0.0000000  -0.0000000  -0.0000000
  -0.0000000   0.0000000  -0.0000000   0.0000000  -0.0000000   0.0000000
   0.0000000  -0.0000000   0.0000000  -0.0000000   0.0000000  -0.0000000
  -0.0000000   0.0000000  -0.0000000   0.0000000  -0.0000000   0.0000000
   0.0000000  -0.0000000   0.0000000   0.0000000
 TTTTTTTTTTTTTTTTTTTTTTTTTTTTTT MOQGAD      TELAPSE      800.27 TCPU      799.32
 TTTTTTTTTTTTTTTTTTTTTTTTTTTTTT SHELLXN     TELAPSE      886.93 TCPU      885.97
 TTTTTTTTTTTTTTTTTTTTTTTTTTTTTT MONMO3      TELAPSE      887.79 TCPU      886.82
 NUMERICALLY INTEGRATED DENSITY    155.9999981880    155.9999981879
 TTTTTTTTTTTTTTTTTTTTTTTTTTTTTT NUMDFT      TELAPSE      891.04 TCPU      890.07
 CYC   6 ETOT(AU) -1.980890311810E+03 DETOT -3.15E-03 tst  8.19E-04 PX  3.76E-02
 TTTTTTTTTTTTTTTTTTTTTTTTTTTTTT DIIS        TELAPSE      891.68 TCPU      890.71
 DIIS TEST: 0.42036E-01 AT SCF   CYCLE   6 - DIIS ACTIVE - HISTORY:     6 CYCLES
 TTTTTTTTTTTTTTTTTTTTTTTTTTTTTT FDIK        TELAPSE      913.47 TCPU      912.50
 POSSIBLY CONDUCTING STATE - EFERMI(AU) -1.2182388E-01 (RES. CHARGE  6.48E-12;IT. 12)
 TTTTTTTTTTTTTTTTTTTTTTTTTTTTTT PDIG        TELAPSE      914.72 TCPU      913.75
 CHARGE NORMALIZATION FACTOR   1.00000000
 TOTAL ATOMIC CHARGES:
   5.9545827   6.0508850   6.0147589   6.0307058   5.9885731   6.0066376
   6.0509225   5.9545908   6.0306924   6.0147391   6.0066126   5.9885371
   5.9773788   5.9843592   5.9792262   5.9803679   5.9799378   5.9747330
   5.9812633   5.9901210   5.9831164   5.9847334   5.9834669   5.9754805
   5.9952786   6.0228626   6.0115828   6.0123883   6.0062502   6.0035998
   5.9896370   6.0143768   6.0037188   6.0049510   5.9978439   5.9969895
   5.9993011   5.9969989   5.9982857   5.9985975   5.9975005   5.9962616
   5.9969846   5.9993081   5.9985644   5.9982913   5.9962295   5.9975434
   6.0239726   6.0261493   6.0261261   6.0239839
 SUMMED SPIN DENSITY           0.00000000
 TOTAL ATOMIC SPINS  :
  -0.0000000   0.0000000  -0.0000000   0.0000000  -0.0000000   0.0000000
   0.0000000  -0.0000000   0.0000000  -0.0000000   0.0000000  -0.0000000
   0.0000000  -0.0000000   0.0000000  -0.0000000  -0.0000000  -0.0000000
   0.0000000  -0.0000000   0.0000000  -0.0000000   0.0000000   0.0000000
  -0.0000000   0.0000000  -0.0000000   0.0000000   0.0000000   0.0000000
  -0.0000000   0.0000000  -0.0000000   0.0000000   0.0000000   0.0000000
   0.0000000  -0.0000000   0.0000000  -0.0000000   0.0000000   0.0000000
  -0.0000000   0.0000000  -0.0000000   0.0000000   0.0000000   0.0000000
   0.0000000  -0.0000000  -0.0000000   0.0000000
 TTTTTTTTTTTTTTTTTTTTTTTTTTTTTT MOQGAD      TELAPSE      914.74 TCPU      913.77
 TTTTTTTTTTTTTTTTTTTTTTTTTTTTTT SHELLXN     TELAPSE     1001.35 TCPU     1000.37
 TTTTTTTTTTTTTTTTTTTTTTTTTTTTTT MONMO3      TELAPSE     1002.20 TCPU     1001.22
 NUMERICALLY INTEGRATED DENSITY    155.9999980611    155.9999980611
 TTTTTTTTTTTTTTTTTTTTTTTTTTTTTT NUMDFT      TELAPSE     1005.44 TCPU     1004.46
 CYC   7 ETOT(AU) -1.980886253197E+03 DETOT  4.06E-03 tst  1.18E-03 PX  4.12E-02
 TTTTTTTTTTTTTTTTTTTTTTTTTTTTTT DIIS        TELAPSE     1006.10 TCPU     1005.13
 DIIS TEST: 0.93094E-01 AT SCF   CYCLE   7 - DIIS ACTIVE - HISTORY:     7 CYCLES
 TTTTTTTTTTTTTTTTTTTTTTTTTTTTTT FDIK        TELAPSE     1030.14 TCPU     1029.16
 POSSIBLY CONDUCTING STATE - EFERMI(AU) -1.2207422E-01 (RES. CHARGE  2.53E-10;IT. 12)
 TTTTTTTTTTTTTTTTTTTTTTTTTTTTTT PDIG        TELAPSE     1031.38 TCPU     1030.40
 CHARGE NORMALIZATION FACTOR   1.00000000
 TOTAL ATOMIC CHARGES:
   5.9984725   6.0221638   6.0036159   6.0137238   5.9949817   6.0126847
   6.0221521   5.9984641   6.0137222   6.0036174   6.0126659   5.9949627
   5.9821210   5.9820932   5.9768034   5.9804989   5.9790881   5.9768774
   5.9930716   5.9931732   5.9862368   5.9908182   5.9890722   5.9858686
   6.0040889   6.0100565   6.0048948   6.0071344   6.0025690   6.0069148
   6.0023724   6.0078345   6.0029342   6.0046517   6.0001452   6.0050251
   5.9967524   5.9954938   5.9958826   5.9961725   5.9967282   5.9955469
   5.9954769   5.9967315   5.9961644   5.9958815   5.9955251   5.9967229
   6.0200288   6.0206434   6.0206552   6.0200230
 SUMMED SPIN DENSITY           0.00000000
 TOTAL ATOMIC SPINS  :
  -0.0000000   0.0000000  -0.0000000   0.0000000  -0.0000000   0.0000000
   0.0000000  -0.0000000   0.0000000  -0.0000000   0.0000000  -0.0000000
   0.0000000  -0.0000000   0.0000000  -0.0000000   0.0000000   0.0000000
   0.0000000  -0.0000000   0.0000000  -0.0000000  -0.0000000   0.0000000
  -0.0000000   0.0000000  -0.0000000   0.0000000   0.0000000   0.0000000
  -0.0000000   0.0000000  -0.0000000   0.0000000   0.0000000   0.0000000
   0.0000000  -0.0000000   0.0000000  -0.0000000   0.0000000   0.0000000
  -0.0000000   0.0000000  -0.0000000   0.0000000   0.0000000   0.0000000
   0.0000000  -0.0000000  -0.0000000   0.0000000
 TTTTTTTTTTTTTTTTTTTTTTTTTTTTTT MOQGAD      TELAPSE     1031.41 TCPU     1030.42
 TTTTTTTTTTTTTTTTTTTTTTTTTTTTTT SHELLXN     TELAPSE     1118.02 TCPU     1117.04
 TTTTTTTTTTTTTTTTTTTTTTTTTTTTTT MONMO3      TELAPSE     1118.87 TCPU     1117.88
 NUMERICALLY INTEGRATED DENSITY    155.9999980869    155.9999980868
 TTTTTTTTTTTTTTTTTTTTTTTTTTTTTT NUMDFT      TELAPSE     1122.13 TCPU     1121.14
 CYC   8 ETOT(AU) -1.980892516906E+03 DETOT -6.26E-03 tst  5.55E-05 PX  2.03E-02
 TTTTTTTTTTTTTTTTTTTTTTTTTTTTTT DIIS        TELAPSE     1122.66 TCPU     1121.67
 DIIS TEST: 0.12706E-01 AT SCF   CYCLE   8 - DIIS ACTIVE - HISTORY:     8 CYCLES
 TTTTTTTTTTTTTTTTTTTTTTTTTTTTTT FDIK        TELAPSE     1141.56 TCPU     1140.57
 POSSIBLY CONDUCTING STATE - EFERMI(AU) -1.2184259E-01 (RES. CHARGE  7.96E-13;IT. 12)
 TTTTTTTTTTTTTTTTTTTTTTTTTTTTTT PDIG        TELAPSE     1142.84 TCPU     1141.85
 CHARGE NORMALIZATION FACTOR   1.00000000
 TOTAL ATOMIC CHARGES:
   5.9806112   6.0212377   6.0123251   6.0210892   6.0041145   6.0205629
   6.0212335   5.9806098   6.0210842   6.0123221   6.0205488   6.0041006
   5.9799435   5.9803923   5.9775569   5.9805489   5.9801943   5.9772737
   5.9906528   5.9910544   5.9878778   5.9916616   5.9913675   5.9875819
   5.9983296   6.0072665   6.0062428   6.0069136   6.0045133   6.0069464
   5.9953898   6.0039174   6.0025293   6.0030950   6.0002445   6.0035430
   5.9964505   5.9946969   5.9955944   5.9960834   5.9965069   5.9949428
   5.9946697   5.9964155   5.9960805   5.9955999   5.9949361   5.9965028
   6.0186950   6.0196177   6.0196288   6.0187028
 SUMMED SPIN DENSITY           0.00000000
 TOTAL ATOMIC SPINS  :
  -0.0000000   0.0000000  -0.0000000   0.0000000  -0.0000000   0.0000000
   0.0000000  -0.0000000   0.0000000  -0.0000000   0.0000000  -0.0000000
   0.0000000  -0.0000000   0.0000000  -0.0000000   0.0000000  -0.0000000
   0.0000000  -0.0000000   0.0000000  -0.0000000  -0.0000000   0.0000000
  -0.0000000   0.0000000  -0.0000000   0.0000000   0.0000000   0.0000000
  -0.0000000   0.0000000  -0.0000000   0.0000000   0.0000000   0.0000000
   0.0000000  -0.0000000   0.0000000  -0.0000000   0.0000000   0.0000000
  -0.0000000   0.0000000  -0.0000000   0.0000000   0.0000000   0.0000000
   0.0000000  -0.0000000  -0.0000000   0.0000000
 TTTTTTTTTTTTTTTTTTTTTTTTTTTTTT MOQGAD      TELAPSE     1142.87 TCPU     1141.87
 TTTTTTTTTTTTTTTTTTTTTTTTTTTTTT SHELLXN     TELAPSE     1229.51 TCPU     1228.51
 TTTTTTTTTTTTTTTTTTTTTTTTTTTTTT MONMO3      TELAPSE     1230.36 TCPU     1229.36
 NUMERICALLY INTEGRATED DENSITY    155.9999980729    155.9999980728
 TTTTTTTTTTTTTTTTTTTTTTTTTTTTTT NUMDFT      TELAPSE     1233.61 TCPU     1232.61
 CYC   9 ETOT(AU) -1.980892099855E+03 DETOT  4.17E-04 tst  1.31E-04 PX  9.38E-03
 TTTTTTTTTTTTTTTTTTTTTTTTTTTTTT DIIS        TELAPSE     1234.27 TCPU     1233.27
 DIIS TEST: 0.17258E-01 AT SCF   CYCLE   9 - DIIS ACTIVE - HISTORY:     9 CYCLES
 TTTTTTTTTTTTTTTTTTTTTTTTTTTTTT FDIK        TELAPSE     1257.94 TCPU     1256.93
 POSSIBLY CONDUCTING STATE - EFERMI(AU) -1.2198024E-01 (RES. CHARGE  5.68E-14;IT. 14)
 TTTTTTTTTTTTTTTTTTTTTTTTTTTTTT PDIG        TELAPSE     1259.18 TCPU     1258.18
 CHARGE NORMALIZATION FACTOR   1.00000000
 TOTAL ATOMIC CHARGES:
   5.9992959   6.0135894   6.0137893   6.0110503   6.0047758   6.0164762
   6.0135976   5.9992940   6.0110426   6.0137920   6.0164716   6.0047791
   5.9808652   5.9802941   5.9769349   5.9798960   5.9792988   5.9770351
   5.9913906   5.9906041   5.9861739   5.9899746   5.9892810   5.9861702
   6.0034053   6.0065214   6.0070132   6.0050345   6.0046738   6.0064832
   5.9990172   6.0020581   6.0020100   6.0000482   5.9991392   6.0017233
   5.9976735   5.9971179   5.9963960   5.9975496   5.9973414   5.9959179
   5.9971225   5.9976743   5.9975503   5.9964064   5.9959101   5.9973249
   6.0184516   6.0180624   6.0180509   6.0184508
 SUMMED SPIN DENSITY           0.00000000
 TOTAL ATOMIC SPINS  :
  -0.0000000   0.0000000  -0.0000000   0.0000000  -0.0000000   0.0000000
   0.0000000  -0.0000000   0.0000000  -0.0000000   0.0000000  -0.0000000
   0.0000000  -0.0000000   0.0000000  -0.0000000   0.0000000  -0.0000000
   0.0000000  -0.0000000   0.0000000  -0.0000000   0.0000000   0.0000000
  -0.0000000   0.0000000  -0.0000000   0.0000000  -0.0000000   0.0000000
  -0.0000000   0.0000000  -0.0000000   0.0000000  -0.0000000   0.0000000
   0.0000000  -0.0000000   0.0000000  -0.0000000   0.0000000   0.0000000
  -0.0000000   0.0000000  -0.0000000   0.0000000   0.0000000   0.0000000
   0.0000000  -0.0000000  -0.0000000   0.0000000
 TTTTTTTTTTTTTTTTTTTTTTTTTTTTTT MOQGAD      TELAPSE     1259.21 TCPU     1258.20
 TTTTTTTTTTTTTTTTTTTTTTTTTTTTTT SHELLXN     TELAPSE     1345.75 TCPU     1344.74
 TTTTTTTTTTTTTTTTTTTTTTTTTTTTTT MONMO3      TELAPSE     1346.60 TCPU     1345.59
 NUMERICALLY INTEGRATED DENSITY    155.9999980947    155.9999980946
 TTTTTTTTTTTTTTTTTTTTTTTTTTTTTT NUMDFT      TELAPSE     1349.85 TCPU     1348.84
 CYC  10 ETOT(AU) -1.980893396830E+03 DETOT -1.30E-03 tst  2.62E-05 PX  8.84E-03
 TTTTTTTTTTTTTTTTTTTTTTTTTTTTTT DIIS        TELAPSE     1350.37 TCPU     1349.36
 DIIS TEST: 0.17581E-02 AT SCF   CYCLE  10 - DIIS ACTIVE - HISTORY:    10 CYCLES
 TTTTTTTTTTTTTTTTTTTTTTTTTTTTTT FDIK        TELAPSE     1374.06 TCPU     1373.05
 POSSIBLY CONDUCTING STATE - EFERMI(AU) -1.2196775E-01 (RES. CHARGE  8.51E-11;IT.  8)
 TTTTTTTTTTTTTTTTTTTTTTTTTTTTTT PDIG        TELAPSE     1375.30 TCPU     1374.29
 CHARGE NORMALIZATION FACTOR   1.00000000
 TOTAL ATOMIC CHARGES:
   6.0024867   6.0078821   6.0116275   6.0096821   6.0088100   6.0133819
   6.0078901   6.0024839   6.0096786   6.0116250   6.0133782   6.0088092
   5.9812448   5.9801140   5.9768618   5.9801167   5.9797625   5.9769453
   5.9916225   5.9905974   5.9861027   5.9906234   5.9900082   5.9863635
   6.0042745   6.0053733   6.0062792   6.0056757   6.0060389   6.0063505
   6.0011097   6.0022000   6.0027970   6.0019692   6.0019642   6.0031801
   5.9963297   5.9959839   5.9957475   5.9970149   5.9969185   5.9963723
   5.9959856   5.9963294   5.9970171   5.9957522   5.9963715   5.9969183
   6.0200025   6.0189711   6.0189714   6.0200037
 SUMMED SPIN DENSITY           0.00000000
 TOTAL ATOMIC SPINS  :
  -0.0000000   0.0000000  -0.0000000   0.0000000  -0.0000000   0.0000000
   0.0000000  -0.0000000   0.0000000  -0.0000000   0.0000000  -0.0000000
   0.0000000  -0.0000000   0.0000000  -0.0000000   0.0000000  -0.0000000
   0.0000000  -0.0000000   0.0000000  -0.0000000   0.0000000   0.0000000
  -0.0000000   0.0000000  -0.0000000   0.0000000  -0.0000000   0.0000000
  -0.0000000   0.0000000  -0.0000000   0.0000000  -0.0000000   0.0000000
   0.0000000  -0.0000000   0.0000000  -0.0000000   0.0000000   0.0000000
  -0.0000000   0.0000000  -0.0000000   0.0000000   0.0000000   0.0000000
   0.0000000  -0.0000000  -0.0000000   0.0000000
 TTTTTTTTTTTTTTTTTTTTTTTTTTTTTT MOQGAD      TELAPSE     1375.33 TCPU     1374.31
 TTTTTTTTTTTTTTTTTTTTTTTTTTTTTT SHELLXN     TELAPSE     1461.91 TCPU     1460.90
 TTTTTTTTTTTTTTTTTTTTTTTTTTTTTT MONMO3      TELAPSE     1462.76 TCPU     1461.74
 NUMERICALLY INTEGRATED DENSITY    155.9999981078    155.9999981075
 TTTTTTTTTTTTTTTTTTTTTTTTTTTTTT NUMDFT      TELAPSE     1466.00 TCPU     1464.99
 CYC  11 ETOT(AU) -1.980893526457E+03 DETOT -1.30E-04 tst  2.99E-06 PX  2.39E-03
 TTTTTTTTTTTTTTTTTTTTTTTTTTTTTT DIIS        TELAPSE     1466.67 TCPU     1465.65
 DIIS TEST: 0.22533E-03 AT SCF   CYCLE  11 - DIIS ACTIVE - HISTORY:    11 CYCLES
 TTTTTTTTTTTTTTTTTTTTTTTTTTTTTT FDIK        TELAPSE     1486.74 TCPU     1485.72
 POSSIBLY CONDUCTING STATE - EFERMI(AU) -1.2194686E-01 (RES. CHARGE  4.53E-10;IT.  8)
 TTTTTTTTTTTTTTTTTTTTTTTTTTTTTT PDIG        TELAPSE     1488.07 TCPU     1487.05
 CHARGE NORMALIZATION FACTOR   1.00000000
 TOTAL ATOMIC CHARGES:
   6.0041895   6.0062374   6.0145041   6.0060130   6.0071811   6.0149681
   6.0062413   6.0041879   6.0060102   6.0145036   6.0149649   6.0071793
   5.9814332   5.9801253   5.9775065   5.9798331   5.9796810   5.9774657
   5.9918461   5.9906578   5.9868768   5.9902245   5.9897456   5.9870097
   6.0047876   6.0051050   6.0074569   6.0043185   6.0050960   6.0070058
   6.0017747   6.0021059   6.0038998   6.0008806   6.0012425   6.0037963
   5.9964193   5.9960899   5.9955098   5.9969341   5.9966140   5.9960083
   5.9960908   5.9964171   5.9969351   5.9955124   5.9960092   5.9966165
   6.0202468   6.0191492   6.0191464   6.0202460
 SUMMED SPIN DENSITY           0.00000000
 TOTAL ATOMIC SPINS  :
  -0.0000000   0.0000000  -0.0000000   0.0000000  -0.0000000   0.0000000
   0.0000000  -0.0000000   0.0000000  -0.0000000   0.0000000  -0.0000000
   0.0000000  -0.0000000   0.0000000  -0.0000000   0.0000000  -0.0000000
   0.0000000  -0.0000000   0.0000000  -0.0000000   0.0000000   0.0000000
  -0.0000000   0.0000000  -0.0000000   0.0000000  -0.0000000   0.0000000
  -0.0000000   0.0000000  -0.0000000   0.0000000  -0.0000000   0.0000000
   0.0000000  -0.0000000   0.0000000  -0.0000000   0.0000000   0.0000000
  -0.0000000   0.0000000  -0.0000000   0.0000000   0.0000000   0.0000000
   0.0000000  -0.0000000  -0.0000000   0.0000000
 TTTTTTTTTTTTTTTTTTTTTTTTTTTTTT MOQGAD      TELAPSE     1488.09 TCPU     1487.07
 TTTTTTTTTTTTTTTTTTTTTTTTTTTTTT SHELLXN     TELAPSE     1574.68 TCPU     1573.66
 TTTTTTTTTTTTTTTTTTTTTTTTTTTTTT MONMO3      TELAPSE     1575.53 TCPU     1574.51
 NUMERICALLY INTEGRATED DENSITY    155.9999981084    155.9999981079
 TTTTTTTTTTTTTTTTTTTTTTTTTTTTTT NUMDFT      TELAPSE     1578.78 TCPU     1577.76
 CYC  12 ETOT(AU) -1.980893534866E+03 DETOT -8.41E-06 tst  1.37E-06 PX  1.17E-03
 TTTTTTTTTTTTTTTTTTTTTTTTTTTTTT DIIS        TELAPSE     1579.36 TCPU     1578.33
 DIIS TEST: 0.10552E-03 AT SCF   CYCLE  12 - DIIS ACTIVE - HISTORY:    12 CYCLES
 TTTTTTTTTTTTTTTTTTTTTTTTTTTTTT FDIK        TELAPSE     1604.54 TCPU     1603.52
 POSSIBLY CONDUCTING STATE - EFERMI(AU) -1.2194643E-01 (RES. CHARGE  1.71E-11;IT.  6)
 TTTTTTTTTTTTTTTTTTTTTTTTTTTTTT PDIG        TELAPSE     1605.79 TCPU     1604.76
 CHARGE NORMALIZATION FACTOR   1.00000000
 TOTAL ATOMIC CHARGES:
   6.0045055   6.0056907   6.0137136   6.0068815   6.0086269   6.0141700
   6.0056948   6.0045058   6.0068766   6.0137147   6.0141654   6.0086249
   5.9813347   5.9800674   5.9773194   5.9800407   5.9798766   5.9773132
   5.9917531   5.9904868   5.9865429   5.9903728   5.9899519   5.9867035
   6.0049044   6.0049857   6.0070374   6.0047637   6.0057610   6.0064668
   6.0014623   6.0015845   6.0030973   6.0007800   6.0012947   6.0028401
   5.9968482   5.9965928   5.9958146   5.9972260   5.9968541   5.9961207
   5.9965938   5.9968481   5.9972263   5.9958166   5.9961217   5.9968555
   6.0198176   6.0187692   6.0187675   6.0198162
 SUMMED SPIN DENSITY           0.00000000
 TOTAL ATOMIC SPINS  :
  -0.0000000   0.0000000  -0.0000000   0.0000000  -0.0000000   0.0000000
   0.0000000  -0.0000000   0.0000000  -0.0000000   0.0000000  -0.0000000
   0.0000000  -0.0000000   0.0000000  -0.0000000   0.0000000   0.0000000
   0.0000000  -0.0000000   0.0000000  -0.0000000   0.0000000   0.0000000
  -0.0000000   0.0000000  -0.0000000   0.0000000  -0.0000000   0.0000000
  -0.0000000   0.0000000  -0.0000000   0.0000000  -0.0000000   0.0000000
   0.0000000  -0.0000000   0.0000000  -0.0000000   0.0000000  -0.0000000
  -0.0000000   0.0000000  -0.0000000   0.0000000   0.0000000   0.0000000
   0.0000000  -0.0000000  -0.0000000   0.0000000
 TTTTTTTTTTTTTTTTTTTTTTTTTTTTTT MOQGAD      TELAPSE     1605.81 TCPU     1604.78
 TTTTTTTTTTTTTTTTTTTTTTTTTTTTTT SHELLXN     TELAPSE     1692.39 TCPU     1691.35
 TTTTTTTTTTTTTTTTTTTTTTTTTTTTTT MONMO3      TELAPSE     1693.24 TCPU     1692.21
 NUMERICALLY INTEGRATED DENSITY    155.9999981109    155.9999981100
 TTTTTTTTTTTTTTTTTTTTTTTTTTTTTT NUMDFT      TELAPSE     1696.49 TCPU     1695.46
 CYC  13 ETOT(AU) -1.980893537084E+03 DETOT -2.22E-06 tst  3.24E-07 PX  3.35E-04
 TTTTTTTTTTTTTTTTTTTTTTTTTTTTTT DIIS        TELAPSE     1697.29 TCPU     1696.25
 DIIS TEST: 0.55338E-04 AT SCF   CYCLE  13 - DIIS ACTIVE - HISTORY:    13 CYCLES
 TTTTTTTTTTTTTTTTTTTTTTTTTTTTTT FDIK        TELAPSE     1718.15 TCPU     1717.12
 POSSIBLY CONDUCTING STATE - EFERMI(AU) -1.2194423E-01 (RES. CHARGE  7.96E-13;IT.  8)
 TTTTTTTTTTTTTTTTTTTTTTTTTTTTTT PDIG        TELAPSE     1719.44 TCPU     1718.40
 CHARGE NORMALIZATION FACTOR   1.00000000
 TOTAL ATOMIC CHARGES:
   6.0039926   6.0063930   6.0137496   6.0071023   6.0084275   6.0142432
   6.0063978   6.0039924   6.0070981   6.0137486   6.0142395   6.0084257
   5.9811989   5.9800920   5.9772223   5.9799340   5.9796818   5.9771908
   5.9915844   5.9905198   5.9864784   5.9902981   5.9898073   5.9866206
   6.0046387   6.0051360   6.0070593   6.0048094   6.0057025   6.0066846
   6.0011903   6.0016904   6.0031373   6.0008582   6.0013156   6.0030832
   5.9966522   5.9964120   5.9958557   5.9972662   5.9970137   5.9963504
   5.9964131   5.9966522   5.9972666   5.9958575   5.9963506   5.9970151
   6.0198161   6.0187614   6.0187589   6.0198141
 SUMMED SPIN DENSITY           0.00000000
 TOTAL ATOMIC SPINS  :
  -0.0000000   0.0000000  -0.0000000   0.0000000  -0.0000000  -0.0000000
   0.0000000  -0.0000000   0.0000000   0.0000000   0.0000000  -0.0000000
   0.0000000  -0.0000000   0.0000000  -0.0000000   0.0000000   0.0000000
   0.0000000  -0.0000000  -0.0000000   0.0000000   0.0000000  -0.0000000
  -0.0000000   0.0000000  -0.0000000   0.0000000   0.0000000   0.0000000
  -0.0000000   0.0000000  -0.0000000   0.0000000   0.0000000   0.0000000
   0.0000000   0.0000000   0.0000000  -0.0000000  -0.0000000   0.0000000
  -0.0000000   0.0000000   0.0000000  -0.0000000  -0.0000000   0.0000000
  -0.0000000  -0.0000000  -0.0000000   0.0000000
 TTTTTTTTTTTTTTTTTTTTTTTTTTTTTT MOQGAD      TELAPSE     1719.46 TCPU     1718.43
 TTTTTTTTTTTTTTTTTTTTTTTTTTTTTT SHELLXN     TELAPSE     1806.04 TCPU     1805.00
 TTTTTTTTTTTTTTTTTTTTTTTTTTTTTT MONMO3      TELAPSE     1806.89 TCPU     1805.85
 NUMERICALLY INTEGRATED DENSITY    155.9999981101    155.9999981084
 TTTTTTTTTTTTTTTTTTTTTTTTTTTTTT NUMDFT      TELAPSE     1810.13 TCPU     1809.09
 CYC  14 ETOT(AU) -1.980893540968E+03 DETOT -3.88E-06 tst  8.79E-08 PX  3.19E-04
 TTTTTTTTTTTTTTTTTTTTTTTTTTTTTT DIIS        TELAPSE     1810.78 TCPU     1809.74
 DIIS TEST: 0.12040E-04 AT SCF   CYCLE  14 - DIIS ACTIVE - HISTORY:    14 CYCLES
 TTTTTTTTTTTTTTTTTTTTTTTTTTTTTT FDIK        TELAPSE     1833.16 TCPU     1832.11
 POSSIBLY CONDUCTING STATE - EFERMI(AU) -1.2194798E-01 (RES. CHARGE  1.40E-10;IT.  8)
 TTTTTTTTTTTTTTTTTTTTTTTTTTTTTT PDIG        TELAPSE     1834.43 TCPU     1833.39
 CHARGE NORMALIZATION FACTOR   1.00000000
 TOTAL ATOMIC CHARGES:
   6.0035350   6.0065030   6.0137115   6.0074925   6.0082096   6.0142888
   6.0065077   6.0035347   6.0074882   6.0137105   6.0142848   6.0082079
   5.9811813   5.9800684   5.9772609   5.9799633   5.9797232   5.9772123
   5.9915685   5.9905139   5.9865245   5.9903405   5.9898188   5.9866040
   6.0046584   6.0052124   6.0070774   6.0049201   6.0056522   6.0066196
   6.0012648   6.0018192   6.0031992   6.0010064   6.0012986   6.0030582
   5.9967204   5.9964513   5.9958405   5.9972215   5.9969075   5.9962222
   5.9964522   5.9967204   5.9972220   5.9958416   5.9962220   5.9969086
   6.0198012   6.0188149   6.0188136   6.0198000
 SUMMED SPIN DENSITY           0.00000000
 TOTAL ATOMIC SPINS  :
  -0.0000000   0.0000000  -0.0000000   0.0000000  -0.0000000  -0.0000000
   0.0000000  -0.0000000   0.0000000  -0.0000000  -0.0000000  -0.0000000
  -0.0000000  -0.0000000   0.0000000  -0.0000000  -0.0000000  -0.0000000
  -0.0000000  -0.0000000   0.0000000  -0.0000000   0.0000000  -0.0000000
   0.0000000   0.0000000  -0.0000000   0.0000000   0.0000000  -0.0000000
   0.0000000   0.0000000  -0.0000000   0.0000000   0.0000000   0.0000000
  -0.0000000   0.0000000  -0.0000000  -0.0000000  -0.0000000  -0.0000000
  -0.0000000  -0.0000000   0.0000000   0.0000000   0.0000000   0.0000000
   0.0000000   0.0000000   0.0000000   0.0000000
 TTTTTTTTTTTTTTTTTTTTTTTTTTTTTT MOQGAD      TELAPSE     1834.46 TCPU     1833.41
 TTTTTTTTTTTTTTTTTTTTTTTTTTTTTT SHELLXN     TELAPSE     1921.03 TCPU     1919.98
 TTTTTTTTTTTTTTTTTTTTTTTTTTTTTT MONMO3      TELAPSE     1921.87 TCPU     1920.82
 NUMERICALLY INTEGRATED DENSITY    155.9999981102    155.9999981069
 TTTTTTTTTTTTTTTTTTTTTTTTTTTTTT NUMDFT      TELAPSE     1925.11 TCPU     1924.06
 CYC  15 ETOT(AU) -1.980893541971E+03 DETOT -1.00E-06 tst  2.64E-08 PX  1.78E-04
 TTTTTTTTTTTTTTTTTTTTTTTTTTTTTT DIIS        TELAPSE     1925.81 TCPU     1924.76
 DIIS TEST: 0.11434E-05 AT SCF   CYCLE  15 - DIIS ACTIVE - HISTORY:    15 CYCLES
 TTTTTTTTTTTTTTTTTTTTTTTTTTTTTT FDIK        TELAPSE     1950.90 TCPU     1949.85
 POSSIBLY CONDUCTING STATE - EFERMI(AU) -1.2194890E-01 (RES. CHARGE  7.53E-10;IT.  6)
 TTTTTTTTTTTTTTTTTTTTTTTTTTTTTT PDIG        TELAPSE     1952.15 TCPU     1951.09
 CHARGE NORMALIZATION FACTOR   1.00000000
 TOTAL ATOMIC CHARGES:
   6.0034306   6.0066621   6.0135899   6.0073331   6.0082799   6.0143539
   6.0066664   6.0034306   6.0073281   6.0135895   6.0143488   6.0082779
   5.9811977   5.9801113   5.9772829   5.9799739   5.9797704   5.9772433
   5.9915753   5.9905415   5.9865275   5.9903210   5.9898677   5.9866353
   6.0046015   6.0052627   6.0070533   6.0048715   6.0057113   6.0066219
   6.0012033   6.0018496   6.0031559   6.0009381   6.0013269   6.0030454
   5.9967392   5.9964499   5.9958371   5.9972171   5.9969282   5.9962242
   5.9964508   5.9967389   5.9972174   5.9958381   5.9962242   5.9969290
   6.0197937   6.0188203   6.0188188   6.0197929
 SUMMED SPIN DENSITY           0.00000001
 TOTAL ATOMIC SPINS  :
  -0.0000000   0.0000000  -0.0000000   0.0000000  -0.0000000   0.0000000
   0.0000000  -0.0000000   0.0000000   0.0000000   0.0000000  -0.0000000
  -0.0000000  -0.0000000   0.0000000  -0.0000000   0.0000000  -0.0000000
   0.0000000  -0.0000000   0.0000000  -0.0000000   0.0000000  -0.0000000
  -0.0000000   0.0000000  -0.0000000   0.0000000   0.0000000   0.0000000
  -0.0000000   0.0000000  -0.0000000   0.0000000  -0.0000000   0.0000000
   0.0000000  -0.0000000   0.0000000  -0.0000000   0.0000000  -0.0000000
  -0.0000000  -0.0000000   0.0000000   0.0000000  -0.0000000  -0.0000000
   0.0000000   0.0000000   0.0000000   0.0000000
 TTTTTTTTTTTTTTTTTTTTTTTTTTTTTT MOQGAD      TELAPSE     1952.17 TCPU     1951.11
 TTTTTTTTTTTTTTTTTTTTTTTTTTTTTT SHELLXN     TELAPSE     2038.78 TCPU     2037.73
 TTTTTTTTTTTTTTTTTTTTTTTTTTTTTT MONMO3      TELAPSE     2039.63 TCPU     2038.57
 NUMERICALLY INTEGRATED DENSITY    155.9999981114    155.9999981055
 TTTTTTTTTTTTTTTTTTTTTTTTTTTTTT NUMDFT      TELAPSE     2042.88 TCPU     2041.82
 CYC  16 ETOT(AU) -1.980893542008E+03 DETOT -3.74E-08 tst  1.25E-08 PX  7.15E-05
 TTTTTTTTTTTTTTTTTTTTTTTTTTTTTT DIIS        TELAPSE     2043.54 TCPU     2042.48
 DIIS TEST: 0.47055E-06 AT SCF   CYCLE  16 - DIIS ACTIVE - HISTORY:    16 CYCLES
 TTTTTTTTTTTTTTTTTTTTTTTTTTTTTT FDIK        TELAPSE     2065.97 TCPU     2064.91
 POSSIBLY CONDUCTING STATE - EFERMI(AU) -1.2194854E-01 (RES. CHARGE  5.70E-11;IT.  6)
 TTTTTTTTTTTTTTTTTTTTTTTTTTTTTT PDIG        TELAPSE     2067.22 TCPU     2066.15
 CHARGE NORMALIZATION FACTOR   1.00000000
 TOTAL ATOMIC CHARGES:
   6.0033814   6.0066413   6.0136220   6.0074757   6.0081425   6.0143228
   6.0066453   6.0033816   6.0074707   6.0136217   6.0143179   6.0081406
   5.9812080   5.9801133   5.9772926   5.9799981   5.9797582   5.9772470
   5.9915867   5.9905305   5.9865458   5.9903528   5.9898575   5.9866455
   6.0045743   6.0052368   6.0070586   6.0049245   6.0056742   6.0066357
   6.0011639   6.0018162   6.0031545   6.0009788   6.0012849   6.0030473
   5.9967311   5.9964401   5.9958616   5.9972354   5.9969551   5.9962457
   5.9964409   5.9967307   5.9972356   5.9958625   5.9962460   5.9969558
   6.0197905   6.0188158   6.0188143   6.0197896
 SUMMED SPIN DENSITY           0.00000001
 TOTAL ATOMIC SPINS  :
  -0.0000000   0.0000000  -0.0000000   0.0000000  -0.0000000   0.0000000
   0.0000000  -0.0000000   0.0000000  -0.0000000   0.0000000  -0.0000000
   0.0000000  -0.0000000  -0.0000000  -0.0000000   0.0000000  -0.0000000
   0.0000000  -0.0000000   0.0000000  -0.0000000   0.0000000  -0.0000000
  -0.0000000   0.0000000  -0.0000000   0.0000000  -0.0000000   0.0000000
  -0.0000000   0.0000000  -0.0000000   0.0000000  -0.0000000  -0.0000000
  -0.0000000  -0.0000000   0.0000000  -0.0000000  -0.0000000  -0.0000000
   0.0000000   0.0000000   0.0000000   0.0000000  -0.0000000   0.0000000
  -0.0000000   0.0000000   0.0000000   0.0000000
 TTTTTTTTTTTTTTTTTTTTTTTTTTTTTT MOQGAD      TELAPSE     2067.24 TCPU     2066.18
 TTTTTTTTTTTTTTTTTTTTTTTTTTTTTT SHELLXN     TELAPSE     2153.81 TCPU     2152.74
 TTTTTTTTTTTTTTTTTTTTTTTTTTTTTT MONMO3      TELAPSE     2154.66 TCPU     2153.59
 NUMERICALLY INTEGRATED DENSITY    155.9999981142    155.9999981027
 TTTTTTTTTTTTTTTTTTTTTTTTTTTTTT NUMDFT      TELAPSE     2157.91 TCPU     2156.84
 CYC  17 ETOT(AU) -1.980893542086E+03 DETOT -7.82E-08 tst  5.38E-09 PX  4.13E-05
 TTTTTTTTTTTTTTTTTTTTTTTTTTTTTT DIIS        TELAPSE     2158.54 TCPU     2157.47
 DIIS TEST: 0.82822E-07 AT SCF   CYCLE  17 - DIIS ACTIVE - HISTORY:    17 CYCLES
 TTTTTTTTTTTTTTTTTTTTTTTTTTTTTT FDIK        TELAPSE     2184.30 TCPU     2183.23
 POSSIBLY CONDUCTING STATE - EFERMI(AU) -1.2194985E-01 (RES. CHARGE  1.99E-12;IT.  8)
 TTTTTTTTTTTTTTTTTTTTTTTTTTTTTT PDIG        TELAPSE     2185.55 TCPU     2184.48
 CHARGE NORMALIZATION FACTOR   1.00000000
 TOTAL ATOMIC CHARGES:
   6.0033654   6.0066662   6.0136149   6.0074619   6.0081902   6.0143470
   6.0066704   6.0033653   6.0074574   6.0136143   6.0143424   6.0081884
   5.9811816   5.9800953   5.9772714   5.9799700   5.9797366   5.9772300
   5.9915727   5.9905367   5.9865356   5.9903401   5.9898469   5.9866365
   6.0045868   6.0052578   6.0070572   6.0049063   6.0056657   6.0066397
   6.0011880   6.0018503   6.0031680   6.0009816   6.0012980   6.0030663
   5.9967334   5.9964466   5.9958536   5.9972279   5.9969392   5.9962440
   5.9964475   5.9967332   5.9972282   5.9958545   5.9962439   5.9969401
   6.0197903   6.0188136   6.0188121   6.0197890
 SUMMED SPIN DENSITY           0.00000002
 TOTAL ATOMIC SPINS  :
  -0.0000000   0.0000000  -0.0000000   0.0000000  -0.0000000   0.0000000
   0.0000000  -0.0000000   0.0000000  -0.0000000   0.0000000  -0.0000000
   0.0000000  -0.0000000  -0.0000000  -0.0000000   0.0000000   0.0000000
   0.0000000  -0.0000000  -0.0000000  -0.0000000   0.0000000   0.0000000
  -0.0000000   0.0000000  -0.0000000   0.0000000  -0.0000000   0.0000000
  -0.0000000   0.0000000  -0.0000000   0.0000000  -0.0000000   0.0000000
   0.0000000  -0.0000000   0.0000000  -0.0000000   0.0000000  -0.0000000
  -0.0000000   0.0000000  -0.0000000   0.0000000  -0.0000000   0.0000000
   0.0000000  -0.0000000  -0.0000000   0.0000000
 TTTTTTTTTTTTTTTTTTTTTTTTTTTTTT MOQGAD      TELAPSE     2185.57 TCPU     2184.50
 TTTTTTTTTTTTTTTTTTTTTTTTTTTTTT SHELLXN     TELAPSE     2272.19 TCPU     2271.12
 TTTTTTTTTTTTTTTTTTTTTTTTTTTTTT MONMO3      TELAPSE     2273.04 TCPU     2271.96
 NUMERICALLY INTEGRATED DENSITY    155.9999981194    155.9999980973
 TTTTTTTTTTTTTTTTTTTTTTTTTTTTTT NUMDFT      TELAPSE     2276.29 TCPU     2275.22
 CYC  18 ETOT(AU) -1.980893542095E+03 DETOT -8.39E-09 tst  7.26E-10 PX  1.69E-05
 TTTTTTTTTTTTTTTTTTTTTTTTTTTTTT DIIS        TELAPSE     2277.10 TCPU     2276.02
 DIIS TEST: 0.37664E-07 AT SCF   CYCLE  18 - DIIS ACTIVE - HISTORY:    18 CYCLES
 TTTTTTTTTTTTTTTTTTTTTTTTTTTTTT FDIK        TELAPSE     2303.24 TCPU     2302.16
 POSSIBLY CONDUCTING STATE - EFERMI(AU) -1.2194971E-01 (RES. CHARGE  1.59E-12;IT.  6)
 TTTTTTTTTTTTTTTTTTTTTTTTTTTTTT PDIG        TELAPSE     2304.49 TCPU     2303.41
 CHARGE NORMALIZATION FACTOR   1.00000000
 TOTAL ATOMIC CHARGES:
   6.0033834   6.0066502   6.0136154   6.0074469   6.0081818   6.0143446
   6.0066543   6.0033834   6.0074422   6.0136150   6.0143397   6.0081800
   5.9811937   5.9801018   5.9772824   5.9799794   5.9797507   5.9772387
   5.9915751   5.9905309   5.9865371   5.9903380   5.9898513   5.9866356
   6.0045933   6.0052528   6.0070643   6.0049128   6.0056859   6.0066347
   6.0011910   6.0018393   6.0031688   6.0009790   6.0013069   6.0030572
   5.9967298   5.9964418   5.9958529   5.9972282   5.9969412   5.9962379
   5.9964428   5.9967296   5.9972284   5.9958538   5.9962379   5.9969420
   6.0197865   6.0188131   6.0188114   6.0197854
 SUMMED SPIN DENSITY           0.00000004
 TOTAL ATOMIC SPINS  :
  -0.0000000   0.0000000  -0.0000000   0.0000000  -0.0000000   0.0000000
   0.0000000  -0.0000000   0.0000000  -0.0000000   0.0000000  -0.0000000
   0.0000000  -0.0000000   0.0000000  -0.0000000   0.0000000   0.0000000
   0.0000000  -0.0000000   0.0000000  -0.0000000   0.0000000   0.0000000
  -0.0000000   0.0000000  -0.0000000   0.0000000  -0.0000000   0.0000000
  -0.0000000   0.0000000  -0.0000000   0.0000000  -0.0000000   0.0000000
   0.0000000  -0.0000000   0.0000000  -0.0000000   0.0000000  -0.0000000
  -0.0000000   0.0000000  -0.0000000   0.0000000  -0.0000000   0.0000000
   0.0000000  -0.0000000  -0.0000000   0.0000000
 TTTTTTTTTTTTTTTTTTTTTTTTTTTTTT MOQGAD      TELAPSE     2304.51 TCPU     2303.43
 TTTTTTTTTTTTTTTTTTTTTTTTTTTTTT SHELLXN     TELAPSE     2391.21 TCPU     2390.12
 TTTTTTTTTTTTTTTTTTTTTTTTTTTTTT MONMO3      TELAPSE     2392.06 TCPU     2390.97
 NUMERICALLY INTEGRATED DENSITY    155.9999981288    155.9999980880
 TTTTTTTTTTTTTTTTTTTTTTTTTTTTTT NUMDFT      TELAPSE     2395.30 TCPU     2394.21
 CYC  19 ETOT(AU) -1.980893542095E+03 DETOT -3.29E-10 tst  3.63E-11 PX  9.21E-06
 TTTTTTTTTTTTTTTTTTTTTTTTTTTTTT DIIS        TELAPSE     2395.86 TCPU     2394.77
 DIIS TEST: 0.49158E-08 AT SCF   CYCLE  19 - DIIS ACTIVE - HISTORY:    19 CYCLES
 TTTTTTTTTTTTTTTTTTTTTTTTTTTTTT FDIK        TELAPSE     2414.97 TCPU     2413.88
 POSSIBLY CONDUCTING STATE - EFERMI(AU) -1.2194970E-01 (RES. CHARGE  1.79E-10;IT.  4)
 TTTTTTTTTTTTTTTTTTTTTTTTTTTTTT PDIG        TELAPSE     2416.20 TCPU     2415.11
 CHARGE NORMALIZATION FACTOR   1.00000000
 TOTAL ATOMIC CHARGES:
   6.0033842   6.0066436   6.0136150   6.0074439   6.0081868   6.0143402
   6.0066477   6.0033841   6.0074393   6.0136145   6.0143355   6.0081849
   5.9811930   5.9801016   5.9772812   5.9799801   5.9797482   5.9772401
   5.9915769   5.9905329   5.9865380   5.9903410   5.9898515   5.9866407
   6.0045889   6.0052523   6.0070593   6.0049093   6.0056760   6.0066386
   6.0011876   6.0018405   6.0031650   6.0009771   6.0012998   6.0030604
   5.9967341   5.9964464   5.9958535   5.9972289   5.9969414   5.9962422
   5.9964474   5.9967338   5.9972291   5.9958544   5.9962422   5.9969422
   6.0197908   6.0188128   6.0188111   6.0197897
 SUMMED SPIN DENSITY           0.00000007
 TOTAL ATOMIC SPINS  :
  -0.0000001   0.0000001  -0.0000000   0.0000001  -0.0000000   0.0000000
   0.0000001  -0.0000001   0.0000001  -0.0000000   0.0000000  -0.0000000
   0.0000000  -0.0000000   0.0000000  -0.0000000   0.0000000  -0.0000000
   0.0000000  -0.0000000   0.0000000  -0.0000000   0.0000000   0.0000000
  -0.0000000   0.0000000  -0.0000000   0.0000000  -0.0000000   0.0000000
  -0.0000000   0.0000000  -0.0000000   0.0000000  -0.0000000   0.0000000
   0.0000000  -0.0000000   0.0000000  -0.0000000   0.0000000  -0.0000000
  -0.0000000   0.0000000  -0.0000000   0.0000000  -0.0000000   0.0000000
   0.0000000  -0.0000000  -0.0000000   0.0000000
 TTTTTTTTTTTTTTTTTTTTTTTTTTTTTT MOQGAD      TELAPSE     2416.23 TCPU     2415.13
 TTTTTTTTTTTTTTTTTTTTTTTTTTTTTT SHELLXN     TELAPSE     2502.83 TCPU     2501.74
 +++ ENERGIES IN A.U. +++
 ::: EXT EL-POLE                                  -2.7526589321573E+03
 ::: EXT EL-SPHEROPOLE                             2.1542994582153E+01
 ::: BIELET ZONE E-E                               5.0856205717467E+03
 ::: TOTAL E-E                                     2.3545046341715E+03
 ::: TOTAL E-N + N-E                              -7.5092116549412E+03
 ::: TOTAL N-N                                     1.4266715776238E+03
 ::: KINETIC ENERGY                                1.9759093711270E+03
 ::: PSEUDO TOTAL   ENERGY                        -1.7521260720187E+03
 ::: VIRIAL COEFFICIENT                            1.0600271382934E+00
 TTTTTTTTTTTTTTTTTTTTTTTTTTTTTT MONMO3      TELAPSE     2503.68 TCPU     2502.59
 NUMERICALLY INTEGRATED DENSITY    155.9999981455    155.9999980713
 EXCHANGE ENERGY: -0.215778997980E+03  CORRELATION ENERGY: -0.129884720958E+02
 TTTTTTTTTTTTTTTTTTTTTTTTTTTTTT NUMDFT      TELAPSE     2506.94 TCPU     2505.84
 CYC  20 ETOT(AU) -1.980893542094E+03 DETOT  8.30E-10 tst  8.72E-12 PX  9.21E-06

 == SCF ENDED - CONVERGENCE ON ENERGY      E(AU) -1.9808935420942E+03 CYCLES  20


 ENERGY EXPRESSION=HARTREE+FOCK EXCH*0.20000+(BECKE      EXCH)*0.80000+LYP        CORR


 TOTAL ENERGY(DFT)(AU)( 20) -1.9808935420942E+03 DE 8.3E-10 tester 8.7E-12
 TTTTTTTTTTTTTTTTTTTTTTTTTTTTTT EDFT        TELAPSE     2506.99 TCPU     2505.89
 
 INFORMATION **** DFTD3 ENERGY **** CALCULATE DFTD3 ENERGY

           DFT-D V3(BJ)
 DF                                         b3-lyp    
 parameters
 s6       :    1.0000
 s8       :    1.9889
 a1       :    0.3981
 a2       :    4.4211
 k1 k3    :   16.0000   -4.0000
 Cutoff   :   50.2022
 CN-Cutoff:   21.1671
 ABC-Cutoff:   21.1671
 
 Edisp /kcal,au:  -199.2733 -0.31756214

 E6    /kcal :   -91.3483
 E8    /kcal :  -107.9250
 
 INFORMATION **** DFTD3 ENERGY **** NORMAL TERMINATION OF DFTD3 MODULE

 *******************************************************************************

 DFT-D3 DISPERSION ENERGY CORRECTION

 D3 DISPERSION ENERGY (AU)       -3.1756213609415E-01
 TOTAL ENERGY + DISP (AU)        -1.9812111042303E+03

 *******************************************************************************


 NEIGHBORS OF THE NON-EQUIVALENT ATOMS

 N = NUMBER OF NEIGHBORS AT DISTANCE R
    ATOM  N     R/ANG      R/AU   NEIGHBORS (ATOM LABELS AND CELL INDICES)
   1 C    1     1.3997     2.6451   19 C    0 0 0
   1 C    1     1.4056     2.6563   13 C    0 0 0
   1 C    1     1.5079     2.8496   49 C    0 0 0
   1 C    1     2.3611     4.4617    8 C    0 0 0
   1 C    1     2.4419     4.6145   25 C    0 0 0
   1 C    1     2.4616     4.6517   31 C    0 0 0

   2 C    1     1.3995     2.6446   20 C    0 0 0
   2 C    1     1.4058     2.6565   14 C    0 0-1
   2 C    1     1.5085     2.8507   50 C    0 1 0
   2 C    1     2.3603     4.4603    7 C    0 0 0
   2 C    1     2.4417     4.6141   26 C    0 0-1
   2 C    1     2.4613     4.6512   32 C    0 0 0

   3 C    1     1.3983     2.6423   21 C    0 0 0
   3 C    1     1.4058     2.6567   15 C    0 0 0
   3 C    1     1.5098     2.8530   49 C    0 0 0
   3 C    1     2.3574     4.4548   10 C    0 0 0
   3 C    1     2.4406     4.6121   27 C    0 0 0
   3 C    1     2.4599     4.6486   33 C    0 0 0

   4 C    1     1.3994     2.6445   22 C    0 0 0
   4 C    1     1.4060     2.6569   16 C    0 0-1
   4 C    1     1.5095     2.8525   50 C    0 0 0
   4 C    1     2.3595     4.4589    9 C    0 0 0
   4 C    1     2.4421     4.6149   28 C    0 0-1
   4 C    1     2.4616     4.6518   34 C    0 0 0

   5 C    1     1.3995     2.6446   23 C    0 0 0
   5 C    1     1.4063     2.6576   17 C    0 0 0
   5 C    1     1.5093     2.8522   49 C    0-1 0
   5 C    1     2.3587     4.4573   12 C    0 0 0
   5 C    1     2.4426     4.6158   29 C    1 0 0
   5 C    1     2.4622     4.6528   35 C    1 0 0

   6 C    1     1.3983     2.6424   24 C    0 0 0
   6 C    1     1.4059     2.6568   18 C    0 0-1
   6 C    1     1.5109     2.8551   50 C    0 1 0
   6 C    1     2.3573     4.4547   11 C    0 0 0
   6 C    1     2.4410     4.6129   30 C    0 0-1
   6 C    1     2.4604     4.6495   36 C    0 0 0

   7 C    1     1.3995     2.6446   20 C    0 0 0
   7 C    1     1.4058     2.6565   14 C    0 0 0
   7 C    1     1.5085     2.8507   51 C    0 1 0
   7 C    1     2.3603     4.4603    2 C    0 0 0
   7 C    1     2.4417     4.6141   26 C    0 0 0
   7 C    1     2.4613     4.6512   32 C    0 0 0

   8 C    1     1.3997     2.6451   19 C    0 0 0
   8 C    1     1.4056     2.6563   13 C    0 0-1
   8 C    1     1.5079     2.8496   52 C    0 0 0
   8 C    1     2.3611     4.4617    1 C    0 0 0
   8 C    1     2.4419     4.6145   25 C    0 0-1
   8 C    1     2.4616     4.6517   31 C    0 0 0

   9 C    1     1.3994     2.6445   22 C    0 0 0
   9 C    1     1.4060     2.6569   16 C    0 0 0
   9 C    1     1.5095     2.8525   51 C    0 0 0
   9 C    1     2.3595     4.4589    4 C    0 0 0
   9 C    1     2.4421     4.6149   28 C    0 0 0
   9 C    1     2.4616     4.6518   34 C    0 0 0

  10 C    1     1.3982     2.6423   21 C    0 0 0
  10 C    1     1.4058     2.6566   15 C    0 0-1
  10 C    1     1.5098     2.8530   52 C    0 0 0
  10 C    1     2.3574     4.4548    3 C    0 0 0
  10 C    1     2.4406     4.6121   27 C    0 0-1
  10 C    1     2.4599     4.6486   33 C    0 0 0

  11 C    1     1.3983     2.6424   24 C    0 0 0
  11 C    1     1.4059     2.6568   18 C    0 0 0
  11 C    1     1.5108     2.8551   51 C    0 1 0
  11 C    1     2.3573     4.4547    6 C    0 0 0
  11 C    1     2.4410     4.6129   30 C    0 0 0
  11 C    1     2.4604     4.6495   36 C    0 0 0

  12 C    1     1.3995     2.6446   23 C    0 0 0
  12 C    1     1.4063     2.6576   17 C    0 0-1
  12 C    1     1.5093     2.8522   52 C    0-1 0
  12 C    1     2.3587     4.4573    5 C    0 0 0
  12 C    1     2.4426     4.6158   29 C    1 0-1
  12 C    1     2.4622     4.6528   35 C    1 0 0

  13 C    1     1.4056     2.6563    8 C    0 0 1
  13 C    1     1.4056     2.6563    1 C    0 0 0
  13 C    1     1.4576     2.7545   25 C    0 0 0
  13 C    1     2.4352     4.6019   19 C    0 0 1
  13 C    1     2.4352     4.6019   19 C    0 0 0
  13 C    1     2.5015     4.7271   37 C    0 0 0

  14 C    1     1.4058     2.6565    2 C    0 0 1
  14 C    1     1.4058     2.6565    7 C    0 0 0
  14 C    1     1.4576     2.7545   26 C    0 0 0
  14 C    1     2.4353     4.6020   20 C    0 0 1
  14 C    1     2.4353     4.6020   20 C    0 0 0
  14 C    1     2.5015     4.7272   38 C    0 0 1

  15 C    1     1.4058     2.6566   10 C    0 0 1
  15 C    1     1.4058     2.6567    3 C    0 0 0
  15 C    1     1.4582     2.7556   27 C    0 0 0
  15 C    1     2.4354     4.6022   21 C    0 0 1
  15 C    1     2.4354     4.6022   21 C    0 0 0
  15 C    1     2.5020     4.7282   46 C    1 1 1

  16 C    1     1.4060     2.6569    9 C    0 0 0
  16 C    1     1.4060     2.6569    4 C    0 0 1
  16 C    1     1.4582     2.7556   28 C    0 0 0
  16 C    1     2.4353     4.6021   22 C    0 0 0
  16 C    1     2.4353     4.6021   22 C    0 0 1
  16 C    1     2.5019     4.7279   45 C    0 0 0

  17 C    1     1.4063     2.6576   12 C    0 0 1
  17 C    1     1.4063     2.6576    5 C    0 0 0
  17 C    1     1.4585     2.7562   29 C    1 0 0
  17 C    1     2.4354     4.6022   23 C    0 0 1
  17 C    1     2.4354     4.6022   23 C    0 0 0
  17 C    1     2.5025     4.7290   48 C    1 0 1

  18 C    1     1.4059     2.6568   11 C    0 0 0
  18 C    1     1.4059     2.6568    6 C    0 0 1
  18 C    1     1.4585     2.7562   30 C    0 0 0
  18 C    1     2.4354     4.6022   24 C    0 0 0
  18 C    1     2.4354     4.6023   24 C    0 0 1
  18 C    1     2.5026     4.7293   47 C    0 0 0

  19 C    1     1.3997     2.6451    8 C    0 0 0
  19 C    1     1.3997     2.6451    1 C    0 0 0
  19 C    1     1.4081     2.6608   31 C    0 0 0
  19 C    1     2.3634     4.4662   49 C    0 0 0
  19 C    1     2.3634     4.4662   52 C    0 0 0
  19 C    1     2.4180     4.5694   44 C    0 0 0

  20 C    1     1.3995     2.6446    2 C    0 0 0
  20 C    1     1.3995     2.6446    7 C    0 0 0
  20 C    1     1.4078     2.6604   32 C    0 0 0
  20 C    1     2.3642     4.4676   50 C    0 1 0
  20 C    1     2.3642     4.4677   51 C    0 1 0
  20 C    1     2.4177     4.5687   38 C    0 0 0

  21 C    1     1.3982     2.6423   10 C    0 0 0
  21 C    1     1.3983     2.6423    3 C    0 0 0
  21 C    1     1.4070     2.6589   33 C    0 0 0
  21 C    1     2.3657     4.4705   52 C    0 0 0
  21 C    1     2.3657     4.4705   49 C    0 0 0
  21 C    1     2.4161     4.5657   46 C    1 1 0

  22 C    1     1.3994     2.6445    9 C    0 0 0
  22 C    1     1.3994     2.6445    4 C    0 0 0
  22 C    1     1.4080     2.6607   34 C    0 0 0
  22 C    1     2.3655     4.4701   51 C    0 0 0
  22 C    1     2.3655     4.4702   50 C    0 0 0
  22 C    1     2.4176     4.5686   45 C    0 0 0

  23 C    1     1.3995     2.6446   12 C    0 0 0
  23 C    1     1.3995     2.6446    5 C    0 0 0
  23 C    1     1.4082     2.6611   35 C    1 0 0
  23 C    1     2.3659     4.4709   52 C    0-1 0
  23 C    1     2.3659     4.4709   49 C    0-1 0
  23 C    1     2.4179     4.5691   48 C    1 0 0

  24 C    1     1.3983     2.6424   11 C    0 0 0
  24 C    1     1.3983     2.6424    6 C    0 0 0
  24 C    1     1.4074     2.6596   36 C    0 0 0
  24 C    1     2.3670     4.4729   51 C    0 1 0
  24 C    1     2.3670     4.4730   50 C    0 1 0
  24 C    1     2.4167     4.5668   47 C    0 0 0

  25 C    1     1.4091     2.6628   44 C    0 0 1
  25 C    1     1.4091     2.6628   37 C    0 0 0
  25 C    1     1.4576     2.7545   13 C    0 0 0
  25 C    1     2.4334     4.5985   31 C    0 0 1
  25 C    1     2.4334     4.5985   31 C    0 0 0
  25 C    1     2.4419     4.6145    8 C    0 0 1

  26 C    1     1.4091     2.6628   38 C    0 0 1
  26 C    1     1.4091     2.6628   43 C    0 0 0
  26 C    1     1.4576     2.7545   14 C    0 0 0
  26 C    1     2.4335     4.5986   32 C    0 0 1
  26 C    1     2.4335     4.5986   32 C    0 0 0
  26 C    1     2.4417     4.6141    2 C    0 0 1

  27 C    1     1.4089     2.6625   39 C    1 1 0
  27 C    1     1.4089     2.6625   46 C    1 1 1
  27 C    1     1.4582     2.7556   15 C    0 0 0
  27 C    1     2.4335     4.5986   33 C    0 0 0
  27 C    1     2.4335     4.5986   33 C    0 0 1
  27 C    1     2.4406     4.6121    3 C    0 0 0

  28 C    1     1.4089     2.6625   45 C    0 0 0
  28 C    1     1.4089     2.6625   40 C    0 0 1
  28 C    1     1.4582     2.7556   16 C    0 0 0
  28 C    1     2.4335     4.5986   34 C    0 0 0
  28 C    1     2.4335     4.5986   34 C    0 0 1
  28 C    1     2.4421     4.6149    9 C    0 0 0

  29 C    1     1.4090     2.6627   41 C    0 0 0
  29 C    1     1.4090     2.6627   48 C    0 0 1
  29 C    1     1.4585     2.7562   17 C   -1 0 0
  29 C    1     2.4335     4.5986   35 C    0 0 0
  29 C    1     2.4335     4.5986   35 C    0 0 1
  29 C    1     2.4426     4.6158    5 C   -1 0 0

  30 C    1     1.4091     2.6628   47 C    0 0 0
  30 C    1     1.4091     2.6628   42 C    0 0 1
  30 C    1     1.4585     2.7562   18 C    0 0 0
  30 C    1     2.4335     4.5986   36 C    0 0 0
  30 C    1     2.4335     4.5986   36 C    0 0 1
  30 C    1     2.4410     4.6129   11 C    0 0 0

  31 C    1     1.4033     2.6518   44 C    0 0 0
  31 C    1     1.4033     2.6518   37 C    0 0 0
  31 C    1     1.4081     2.6608   19 C    0 0 0
  31 C    1     2.4329     4.5974   38 C    0 0 0
  31 C    1     2.4329     4.5974   43 C    0 0 0
  31 C    1     2.4334     4.5985   25 C    0 0-1

  32 C    1     1.4032     2.6517   38 C    0 0 0
  32 C    1     1.4032     2.6517   43 C    0 0 0
  32 C    1     1.4078     2.6604   20 C    0 0 0
  32 C    1     2.4327     4.5971   44 C    0 0 0
  32 C    1     2.4327     4.5971   37 C    0 0 0
  32 C    1     2.4335     4.5986   26 C    0 0-1

  33 C    1     1.4029     2.6510   39 C    1 1 0
  33 C    1     1.4029     2.6510   46 C    1 1 0
  33 C    1     1.4070     2.6589   21 C    0 0 0
  33 C    1     2.4320     4.5959   45 C    1 1 0
  33 C    1     2.4320     4.5959   40 C    1 1 0
  33 C    1     2.4335     4.5986   27 C    0 0 0

  34 C    1     1.4032     2.6517   45 C    0 0 0
  34 C    1     1.4032     2.6517   40 C    0 0 0
  34 C    1     1.4080     2.6607   22 C    0 0 0
  34 C    1     2.4329     4.5975   39 C    0 0 0
  34 C    1     2.4329     4.5975   46 C    0 0 0
  34 C    1     2.4335     4.5986   28 C    0 0 0

  35 C    1     1.4034     2.6520   41 C    0 0 0
  35 C    1     1.4034     2.6520   48 C    0 0 0
  35 C    1     1.4082     2.6611   23 C   -1 0 0
  35 C    1     2.4335     4.5986   29 C    0 0 0
  35 C    1     2.4335     4.5986   29 C    0 0-1
  35 C    1     2.4335     4.5987   47 C    0 0 0

  36 C    1     1.4030     2.6514   47 C    0 0 0
  36 C    1     1.4031     2.6514   42 C    0 0 0
  36 C    1     1.4074     2.6596   24 C    0 0 0
  36 C    1     2.4328     4.5974   41 C    0 0 0
  36 C    1     2.4328     4.5974   48 C    0 0 0
  36 C    1     2.4335     4.5986   30 C    0 0 0

  37 C    1     1.4033     2.6518   31 C    0 0 0
  37 C    1     1.4091     2.6628   25 C    0 0 0
  37 C    1     1.4252     2.6933   43 C    0 0 0
  37 C    1     2.4025     4.5401   44 C    0 0 1
  37 C    1     2.4180     4.5694   19 C    0 0 0
  37 C    1     2.4327     4.5971   32 C    0 0 0

  38 C    1     1.4032     2.6517   32 C    0 0 0
  38 C    1     1.4091     2.6628   26 C    0 0-1
  38 C    1     1.4252     2.6933   44 C    0 0 0
  38 C    1     2.4025     4.5400   43 C    0 0-1
  38 C    1     2.4177     4.5687   20 C    0 0 0
  38 C    1     2.4329     4.5974   31 C    0 0 0

  39 C    1     1.4029     2.6510   33 C   -1-1 0
  39 C    1     1.4089     2.6625   27 C   -1-1 0
  39 C    1     1.4256     2.6940   45 C    0 0 0
  39 C    1     2.4018     4.5388   46 C    0 0 1
  39 C    1     2.4161     4.5657   21 C   -1-1 0
  39 C    1     2.4329     4.5975   34 C    0 0 0

  40 C    1     1.4032     2.6517   34 C    0 0 0
  40 C    1     1.4089     2.6625   28 C    0 0-1
  40 C    1     1.4256     2.6940   46 C    0 0 0
  40 C    1     2.4020     4.5392   45 C    0 0-1
  40 C    1     2.4176     4.5686   22 C    0 0 0
  40 C    1     2.4320     4.5959   33 C   -1-1 0

  41 C    1     1.4034     2.6520   35 C    0 0 0
  41 C    1     1.4090     2.6627   29 C    0 0 0
  41 C    1     1.4262     2.6951   47 C    0 0 0
  41 C    1     2.4018     4.5388   48 C    0 0 1
  41 C    1     2.4179     4.5691   23 C   -1 0 0
  41 C    1     2.4328     4.5974   36 C    0 0 0

  42 C    1     1.4031     2.6514   36 C    0 0 0
  42 C    1     1.4091     2.6628   30 C    0 0-1
  42 C    1     1.4262     2.6951   48 C    0 0 0
  42 C    1     2.4017     4.5386   47 C    0 0-1
  42 C    1     2.4167     4.5669   24 C    0 0 0
  42 C    1     2.4335     4.5987   35 C    0 0 0

  43 C    1     1.4032     2.6517   32 C    0 0 0
  43 C    1     1.4091     2.6628   26 C    0 0 0
  43 C    1     1.4252     2.6933   37 C    0 0 0
  43 C    1     2.4025     4.5400   38 C    0 0 1
  43 C    1     2.4177     4.5687   20 C    0 0 0
  43 C    1     2.4329     4.5974   31 C    0 0 0

  44 C    1     1.4033     2.6518   31 C    0 0 0
  44 C    1     1.4091     2.6628   25 C    0 0-1
  44 C    1     1.4252     2.6933   38 C    0 0 0
  44 C    1     2.4025     4.5401   37 C    0 0-1
  44 C    1     2.4180     4.5694   19 C    0 0 0
  44 C    1     2.4327     4.5971   32 C    0 0 0

  45 C    1     1.4032     2.6517   34 C    0 0 0
  45 C    1     1.4089     2.6625   28 C    0 0 0
  45 C    1     1.4256     2.6940   39 C    0 0 0
  45 C    1     2.4020     4.5392   40 C    0 0 1
  45 C    1     2.4176     4.5686   22 C    0 0 0
  45 C    1     2.4320     4.5959   33 C   -1-1 0

  46 C    1     1.4029     2.6510   33 C   -1-1 0
  46 C    1     1.4089     2.6625   27 C   -1-1-1
  46 C    1     1.4256     2.6940   40 C    0 0 0
  46 C    1     2.4018     4.5388   39 C    0 0-1
  46 C    1     2.4161     4.5657   21 C   -1-1 0
  46 C    1     2.4329     4.5975   34 C    0 0 0

  47 C    1     1.4030     2.6514   36 C    0 0 0
  47 C    1     1.4091     2.6628   30 C    0 0 0
  47 C    1     1.4262     2.6951   41 C    0 0 0
  47 C    1     2.4017     4.5386   42 C    0 0 1
  47 C    1     2.4167     4.5668   24 C    0 0 0
  47 C    1     2.4335     4.5987   35 C    0 0 0

  48 C    1     1.4034     2.6520   35 C    0 0 0
  48 C    1     1.4090     2.6627   29 C    0 0-1
  48 C    1     1.4262     2.6951   42 C    0 0 0
  48 C    1     2.4018     4.5388   41 C    0 0-1
  48 C    1     2.4179     4.5691   23 C   -1 0 0
  48 C    1     2.4328     4.5974   36 C    0 0 0

  49 C    1     1.5079     2.8496    1 C    0 0 0
  49 C    1     1.5093     2.8522    5 C    0 1 0
  49 C    1     1.5098     2.8530    3 C    0 0 0
  49 C    1     1.6413     3.1016   52 C    0 0 0
  49 C    1     2.3634     4.4662   19 C    0 0 0
  49 C    1     2.3657     4.4705   21 C    0 0 0

  50 C    1     1.5085     2.8507    2 C    0-1 0
  50 C    1     1.5095     2.8525    4 C    0 0 0
  50 C    1     1.5109     2.8551    6 C    0-1 0
  50 C    1     1.6415     3.1020   51 C    0 0 0
  50 C    1     2.3642     4.4676   20 C    0-1 0
  50 C    1     2.3655     4.4702   22 C    0 0 0

  51 C    1     1.5085     2.8507    7 C    0-1 0
  51 C    1     1.5095     2.8525    9 C    0 0 0
  51 C    1     1.5108     2.8551   11 C    0-1 0
  51 C    1     1.6415     3.1020   50 C    0 0 0
  51 C    1     2.3642     4.4677   20 C    0-1 0
  51 C    1     2.3655     4.4701   22 C    0 0 0

  52 C    1     1.5079     2.8496    8 C    0 0 0
  52 C    1     1.5093     2.8522   12 C    0 1 0
  52 C    1     1.5098     2.8530   10 C    0 0 0
  52 C    1     1.6413     3.1016   49 C    0 0 0
  52 C    1     2.3634     4.4662   19 C    0 0 0
  52 C    1     2.3657     4.4705   21 C    0 0 0

 TTTTTTTTTTTTTTTTTTTTTTTTTTTTTT AFTER FIRST TELAPSE     2507.29 TCPU     2506.08
 MMMMMMMMMMMMMMMMMMMMMMMMMMMMMMMMMMMMMMMMMMMMMMMMMMMMMMMMMMMMMMMMMMMMMMMMMMMMMMM
     ALPHA+BETA ELECTRONS
 MULLIKEN POPULATION ANALYSIS - NO. OF ELECTRONS  312.000000

  ATOM    Z CHARGE  A.O. POPULATION

   1 C    6  6.003  0.854  1.121  0.765  0.413  0.467  0.395  0.502  0.015
                   -0.083  0.012  0.421  0.680  0.405  0.010  0.013  0.005
                    0.005  0.004
   2 C    6  6.007  0.854  1.121  0.764  0.414  0.466  0.396  0.502  0.014
                   -0.083  0.012  0.422  0.681  0.406  0.010  0.013  0.005
                    0.005  0.004
   3 C    6  6.014  0.854  1.121  0.766  0.416  0.419  0.441  0.503 -0.054
                   -0.014  0.011  0.607  0.498  0.409  0.010  0.008  0.011
                    0.004  0.005
   4 C    6  6.007  0.854  1.121  0.765  0.415  0.420  0.440  0.502 -0.054
                   -0.015  0.012  0.604  0.498  0.407  0.010  0.008  0.011
                    0.004  0.005
   5 C    6  6.008  0.854  1.121  0.766  0.416  0.422  0.437  0.502 -0.052
                   -0.016  0.012  0.599  0.502  0.408  0.010  0.008  0.011
                    0.004  0.005
   6 C    6  6.014  0.854  1.121  0.765  0.416  0.415  0.445  0.503 -0.057
                   -0.013  0.011  0.614  0.493  0.409  0.010  0.008  0.011
                    0.004  0.005
   7 C    6  6.007  0.854  1.121  0.764  0.414  0.466  0.396  0.502  0.014
                   -0.083  0.012  0.422  0.681  0.406  0.010  0.013  0.005
                    0.005  0.004
   8 C    6  6.003  0.854  1.121  0.765  0.413  0.467  0.395  0.502  0.015
                   -0.083  0.012  0.421  0.680  0.405  0.010  0.013  0.005
                    0.005  0.004
   9 C    6  6.007  0.854  1.121  0.765  0.415  0.420  0.440  0.502 -0.054
                   -0.015  0.012  0.604  0.498  0.407  0.010  0.008  0.011
                    0.004  0.005
  10 C    6  6.014  0.854  1.121  0.766  0.416  0.419  0.441  0.503 -0.054
                   -0.014  0.011  0.607  0.498  0.409  0.010  0.008  0.011
                    0.004  0.005
  11 C    6  6.014  0.854  1.121  0.765  0.416  0.415  0.445  0.503 -0.057
                   -0.013  0.011  0.614  0.493  0.409  0.010  0.008  0.011
                    0.004  0.005
  12 C    6  6.008  0.854  1.121  0.766  0.416  0.422  0.437  0.502 -0.052
                   -0.016  0.012  0.599  0.502  0.408  0.010  0.008  0.011
                    0.004  0.005
  13 C    6  5.981  0.853  1.122  0.756  0.394  0.472  0.400  0.498  0.021
                   -0.083  0.019  0.414  0.684  0.392  0.011  0.012  0.006
                    0.006  0.004
  14 C    6  5.980  0.853  1.122  0.756  0.394  0.472  0.400  0.498  0.021
                   -0.083  0.019  0.413  0.683  0.392  0.011  0.012  0.006
                    0.006  0.004
  15 C    6  5.977  0.853  1.122  0.756  0.393  0.421  0.452  0.497 -0.052
                   -0.009  0.019  0.604  0.493  0.390  0.011  0.008  0.010
                    0.004  0.005
  16 C    6  5.980  0.853  1.122  0.756  0.394  0.421  0.451  0.497 -0.051
                   -0.010  0.019  0.601  0.496  0.391  0.011  0.008  0.010
                    0.004  0.005
  17 C    6  5.980  0.853  1.122  0.756  0.394  0.422  0.450  0.497 -0.049
                   -0.012  0.019  0.596  0.502  0.391  0.011  0.008  0.010
                    0.004  0.005
  18 C    6  5.977  0.853  1.122  0.756  0.393  0.420  0.452  0.497 -0.054
                   -0.007  0.019  0.610  0.487  0.390  0.011  0.008  0.010
                    0.004  0.005
  19 C    6  5.992  0.854  1.121  0.764  0.390  0.506  0.391  0.499  0.015
                   -0.086  0.012  0.396  0.682  0.407  0.010  0.014  0.006
                    0.006  0.005
  20 C    6  5.991  0.854  1.121  0.764  0.390  0.505  0.391  0.500  0.015
                   -0.085  0.012  0.396  0.681  0.407  0.010  0.014  0.006
                    0.006  0.005
  21 C    6  5.987  0.854  1.121  0.764  0.387  0.425  0.473  0.499 -0.055
                   -0.015  0.012  0.596  0.479  0.406  0.010  0.008  0.011
                    0.006  0.006
  22 C    6  5.990  0.854  1.121  0.764  0.389  0.426  0.472  0.499 -0.054
                   -0.017  0.012  0.592  0.485  0.407  0.010  0.008  0.011
                    0.006  0.006
  23 C    6  5.990  0.854  1.121  0.763  0.389  0.428  0.470  0.499 -0.052
                   -0.019  0.012  0.585  0.492  0.407  0.010  0.008  0.011
                    0.006  0.006
  24 C    6  5.987  0.854  1.121  0.764  0.388  0.423  0.475  0.499 -0.058
                   -0.013  0.012  0.602  0.472  0.406  0.010  0.008  0.012
                    0.006  0.006
  25 C    6  6.005  0.854  1.121  0.760  0.410  0.481  0.392  0.499  0.021
                   -0.083  0.014  0.407  0.674  0.417  0.010  0.013  0.005
                    0.006  0.005
  26 C    6  6.005  0.854  1.121  0.759  0.411  0.481  0.393  0.499  0.020
                   -0.083  0.014  0.407  0.675  0.417  0.010  0.013  0.005
                    0.006  0.005
  27 C    6  6.007  0.854  1.121  0.759  0.410  0.419  0.456  0.499 -0.054
                   -0.009  0.014  0.601  0.484  0.417  0.010  0.007  0.010
                    0.005  0.005
  28 C    6  6.005  0.854  1.121  0.759  0.411  0.418  0.455  0.499 -0.053
                   -0.010  0.014  0.597  0.485  0.417  0.010  0.007  0.010
                    0.005  0.005
  29 C    6  6.006  0.854  1.121  0.759  0.411  0.419  0.454  0.499 -0.051
                   -0.011  0.014  0.593  0.490  0.417  0.010  0.007  0.010
                    0.005  0.006
  30 C    6  6.007  0.854  1.121  0.759  0.411  0.418  0.456  0.499 -0.055
                   -0.008  0.014  0.604  0.481  0.417  0.010  0.007  0.011
                    0.005  0.005
  31 C    6  6.001  0.854  1.121  0.761  0.393  0.500  0.393  0.502  0.015
                   -0.079  0.017  0.418  0.668  0.399  0.011  0.013  0.005
                    0.006  0.005
  32 C    6  6.002  0.854  1.121  0.761  0.393  0.500  0.393  0.502  0.015
                   -0.080  0.017  0.419  0.669  0.398  0.011  0.013  0.005
                    0.006  0.005
  33 C    6  6.003  0.854  1.121  0.760  0.392  0.424  0.470  0.502 -0.053
                   -0.012  0.017  0.601  0.488  0.398  0.011  0.007  0.011
                    0.005  0.006
  34 C    6  6.001  0.854  1.121  0.761  0.393  0.424  0.469  0.502 -0.052
                   -0.012  0.017  0.598  0.489  0.399  0.011  0.007  0.011
                    0.005  0.006
  35 C    6  6.001  0.854  1.121  0.761  0.392  0.425  0.468  0.502 -0.051
                   -0.013  0.017  0.596  0.492  0.399  0.011  0.007  0.011
                    0.005  0.006
  36 C    6  6.003  0.854  1.121  0.761  0.392  0.423  0.471  0.502 -0.054
                   -0.011  0.017  0.603  0.487  0.398  0.011  0.007  0.011
                    0.005  0.006
  37 C    6  5.997  0.854  1.121  0.760  0.398  0.492  0.395  0.500  0.018
                   -0.081  0.016  0.406  0.676  0.404  0.011  0.013  0.005
                    0.006  0.005
  38 C    6  5.996  0.854  1.121  0.760  0.397  0.492  0.395  0.500  0.018
                   -0.081  0.016  0.406  0.676  0.405  0.011  0.013  0.005
                    0.006  0.005
  39 C    6  5.996  0.854  1.121  0.760  0.398  0.422  0.464  0.500 -0.053
                   -0.010  0.016  0.599  0.482  0.405  0.011  0.007  0.011
                    0.005  0.006
  40 C    6  5.997  0.854  1.121  0.759  0.398  0.423  0.464  0.500 -0.053
                   -0.010  0.016  0.599  0.483  0.404  0.011  0.007  0.011
                    0.005  0.006
  41 C    6  5.997  0.854  1.121  0.760  0.398  0.423  0.463  0.500 -0.053
                   -0.010  0.016  0.599  0.484  0.404  0.011  0.007  0.011
                    0.005  0.006
  42 C    6  5.996  0.854  1.121  0.760  0.398  0.422  0.464  0.500 -0.054
                   -0.009  0.016  0.600  0.481  0.405  0.011  0.007  0.011
                    0.005  0.006
  43 C    6  5.996  0.854  1.121  0.760  0.397  0.492  0.395  0.500  0.018
                   -0.081  0.016  0.406  0.676  0.405  0.011  0.013  0.005
                    0.006  0.005
  44 C    6  5.997  0.854  1.121  0.760  0.398  0.492  0.395  0.500  0.018
                   -0.081  0.016  0.406  0.676  0.404  0.011  0.013  0.005
                    0.006  0.005
  45 C    6  5.997  0.854  1.121  0.759  0.398  0.423  0.464  0.500 -0.053
                   -0.010  0.016  0.599  0.483  0.404  0.011  0.007  0.011
                    0.005  0.006
  46 C    6  5.996  0.854  1.121  0.760  0.398  0.422  0.464  0.500 -0.053
                   -0.010  0.016  0.599  0.482  0.405  0.011  0.007  0.011
                    0.005  0.006
  47 C    6  5.996  0.854  1.121  0.760  0.398  0.422  0.464  0.500 -0.054
                   -0.009  0.016  0.600  0.481  0.405  0.011  0.007  0.011
                    0.005  0.006
  48 C    6  5.997  0.854  1.121  0.760  0.398  0.423  0.463  0.500 -0.053
                   -0.010  0.016  0.599  0.484  0.404  0.011  0.007  0.011
                    0.005  0.006
  49 C    6  6.020  0.853  1.121  0.756  0.437  0.452  0.450  0.418  0.004
                    0.003 -0.008  0.481  0.480  0.525  0.010  0.006  0.005
                    0.013  0.013
  50 C    6  6.019  0.853  1.121  0.756  0.437  0.451  0.450  0.418  0.004
                    0.003 -0.009  0.481  0.480  0.525  0.010  0.006  0.005
                    0.013  0.013
  51 C    6  6.019  0.853  1.121  0.756  0.437  0.451  0.450  0.418  0.004
                    0.003 -0.009  0.481  0.480  0.525  0.010  0.006  0.005
                    0.013  0.013
  52 C    6  6.020  0.853  1.121  0.756  0.437  0.452  0.450  0.418  0.004
                    0.003 -0.008  0.481  0.480  0.525  0.010  0.006  0.005
                    0.013  0.013

  ATOM    Z CHARGE  SHELL POPULATION

   1 C    6  6.003  0.854  1.121  0.765  0.413  1.364 -0.057  1.507  0.037
   2 C    6  6.007  0.854  1.121  0.764  0.414  1.364 -0.057  1.509  0.037
   3 C    6  6.014  0.854  1.121  0.766  0.416  1.363 -0.058  1.514  0.037
   4 C    6  6.007  0.854  1.121  0.765  0.415  1.362 -0.057  1.509  0.037
   5 C    6  6.008  0.854  1.121  0.766  0.416  1.362 -0.056  1.509  0.037
   6 C    6  6.014  0.854  1.121  0.765  0.416  1.363 -0.058  1.516  0.037
   7 C    6  6.007  0.854  1.121  0.764  0.414  1.364 -0.057  1.509  0.037
   8 C    6  6.003  0.854  1.121  0.765  0.413  1.364 -0.057  1.507  0.037
   9 C    6  6.007  0.854  1.121  0.765  0.415  1.362 -0.057  1.509  0.037
  10 C    6  6.014  0.854  1.121  0.766  0.416  1.363 -0.058  1.514  0.037
  11 C    6  6.014  0.854  1.121  0.765  0.416  1.363 -0.058  1.516  0.037
  12 C    6  6.008  0.854  1.121  0.766  0.416  1.362 -0.056  1.509  0.037
  13 C    6  5.981  0.853  1.122  0.756  0.394  1.370 -0.043  1.489  0.039
  14 C    6  5.980  0.853  1.122  0.756  0.394  1.370 -0.043  1.488  0.039
  15 C    6  5.977  0.853  1.122  0.756  0.393  1.370 -0.042  1.487  0.039
  16 C    6  5.980  0.853  1.122  0.756  0.394  1.370 -0.043  1.489  0.039
  17 C    6  5.980  0.853  1.122  0.756  0.394  1.369 -0.042  1.489  0.039
  18 C    6  5.977  0.853  1.122  0.756  0.393  1.369 -0.042  1.487  0.039
  19 C    6  5.992  0.854  1.121  0.764  0.390  1.396 -0.059  1.485  0.041
  20 C    6  5.991  0.854  1.121  0.764  0.390  1.396 -0.059  1.484  0.041
  21 C    6  5.987  0.854  1.121  0.764  0.387  1.397 -0.058  1.481  0.041
  22 C    6  5.990  0.854  1.121  0.764  0.389  1.396 -0.059  1.484  0.041
  23 C    6  5.990  0.854  1.121  0.763  0.389  1.396 -0.059  1.484  0.041
  24 C    6  5.987  0.854  1.121  0.764  0.388  1.397 -0.058  1.481  0.041
  25 C    6  6.005  0.854  1.121  0.760  0.410  1.372 -0.049  1.498  0.038
  26 C    6  6.005  0.854  1.121  0.759  0.411  1.372 -0.049  1.499  0.038
  27 C    6  6.007  0.854  1.121  0.759  0.410  1.373 -0.050  1.502  0.038
  28 C    6  6.005  0.854  1.121  0.759  0.411  1.372 -0.049  1.499  0.038
  29 C    6  6.006  0.854  1.121  0.759  0.411  1.372 -0.049  1.500  0.038
  30 C    6  6.007  0.854  1.121  0.759  0.411  1.373 -0.049  1.501  0.038
  31 C    6  6.001  0.854  1.121  0.761  0.393  1.395 -0.047  1.485  0.040
  32 C    6  6.002  0.854  1.121  0.761  0.393  1.396 -0.048  1.486  0.040
  33 C    6  6.003  0.854  1.121  0.760  0.392  1.397 -0.048  1.487  0.040
  34 C    6  6.001  0.854  1.121  0.761  0.393  1.395 -0.048  1.485  0.040
  35 C    6  6.001  0.854  1.121  0.761  0.392  1.396 -0.048  1.486  0.039
  36 C    6  6.003  0.854  1.121  0.761  0.392  1.397 -0.048  1.487  0.040
  37 C    6  5.997  0.854  1.121  0.760  0.398  1.387 -0.047  1.487  0.039
  38 C    6  5.996  0.854  1.121  0.760  0.397  1.387 -0.047  1.486  0.039
  39 C    6  5.996  0.854  1.121  0.760  0.398  1.386 -0.047  1.486  0.039
  40 C    6  5.997  0.854  1.121  0.759  0.398  1.387 -0.048  1.487  0.039
  41 C    6  5.997  0.854  1.121  0.760  0.398  1.386 -0.047  1.487  0.039
  42 C    6  5.996  0.854  1.121  0.760  0.398  1.386 -0.047  1.486  0.039
  43 C    6  5.996  0.854  1.121  0.760  0.397  1.387 -0.047  1.486  0.039
  44 C    6  5.997  0.854  1.121  0.760  0.398  1.387 -0.047  1.487  0.039
  45 C    6  5.997  0.854  1.121  0.759  0.398  1.387 -0.048  1.487  0.039
  46 C    6  5.996  0.854  1.121  0.760  0.398  1.386 -0.047  1.486  0.039
  47 C    6  5.996  0.854  1.121  0.760  0.398  1.386 -0.047  1.486  0.039
  48 C    6  5.997  0.854  1.121  0.760  0.398  1.386 -0.047  1.487  0.039
  49 C    6  6.020  0.853  1.121  0.756  0.437  1.320 -0.001  1.486  0.047
  50 C    6  6.019  0.853  1.121  0.756  0.437  1.319 -0.001  1.486  0.047
  51 C    6  6.019  0.853  1.121  0.756  0.437  1.319 -0.001  1.486  0.047
  52 C    6  6.020  0.853  1.121  0.756  0.437  1.320 -0.001  1.486  0.047

 OVERLAP POPULATION CONDENSED TO ATOMS FOR FIRST   6 NEIGHBORS

 ATOM A   1 C    ATOM B     CELL      R(AB)/AU R(AB)/ANG    OVPOP(AB)
                 19 C    (  0  0  0)     2.645     1.400     0.484
                 13 C    (  0  0  0)     2.656     1.406     0.479
                 49 C    (  0  0  0)     2.850     1.508     0.343
                  8 C    (  0  0  0)     4.462     2.361    -0.035
                 25 C    (  0  0  0)     4.614     2.442    -0.028
                 31 C    (  0  0  0)     4.652     2.462    -0.030

 ATOM A   2 C    ATOM B     CELL      R(AB)/AU R(AB)/ANG    OVPOP(AB)
                 20 C    (  0  0  0)     2.645     1.399     0.484
                 14 C    (  0  0 -1)     2.657     1.406     0.479
                 50 C    (  0  1  0)     2.851     1.509     0.343
                  7 C    (  0  0  0)     4.460     2.360    -0.036
                 26 C    (  0  0 -1)     4.614     2.442    -0.028
                 32 C    (  0  0  0)     4.651     2.461    -0.030

 ATOM A   3 C    ATOM B     CELL      R(AB)/AU R(AB)/ANG    OVPOP(AB)
                 21 C    (  0  0  0)     2.642     1.398     0.482
                 15 C    (  0  0  0)     2.657     1.406     0.478
                 49 C    (  0  0  0)     2.853     1.510     0.339
                 10 C    (  0  0  0)     4.455     2.357    -0.036
                 27 C    (  0  0  0)     4.612     2.441    -0.028
                 33 C    (  0  0  0)     4.649     2.460    -0.031

 ATOM A   4 C    ATOM B     CELL      R(AB)/AU R(AB)/ANG    OVPOP(AB)
                 22 C    (  0  0  0)     2.645     1.399     0.482
                 16 C    (  0  0 -1)     2.657     1.406     0.478
                 50 C    (  0  0  0)     2.853     1.509     0.342
                  9 C    (  0  0  0)     4.459     2.360    -0.035
                 28 C    (  0  0 -1)     4.615     2.442    -0.028
                 34 C    (  0  0  0)     4.652     2.462    -0.030

 ATOM A   5 C    ATOM B     CELL      R(AB)/AU R(AB)/ANG    OVPOP(AB)
                 23 C    (  0  0  0)     2.645     1.399     0.481
                 17 C    (  0  0  0)     2.658     1.406     0.477
                 49 C    (  0 -1  0)     2.852     1.509     0.341
                 12 C    (  0  0  0)     4.457     2.359    -0.035
                 29 C    (  1  0  0)     4.616     2.443    -0.028
                 35 C    (  1  0  0)     4.653     2.462    -0.030

 ATOM A   6 C    ATOM B     CELL      R(AB)/AU R(AB)/ANG    OVPOP(AB)
                 24 C    (  0  0  0)     2.642     1.398     0.482
                 18 C    (  0  0 -1)     2.657     1.406     0.478
                 50 C    (  0  1  0)     2.855     1.511     0.339
                 11 C    (  0  0  0)     4.455     2.357    -0.036
                 30 C    (  0  0 -1)     4.613     2.441    -0.028
                 36 C    (  0  0  0)     4.649     2.460    -0.031

 ATOM A   7 C    ATOM B     CELL      R(AB)/AU R(AB)/ANG    OVPOP(AB)
                 20 C    (  0  0  0)     2.645     1.399     0.484
                 14 C    (  0  0  0)     2.657     1.406     0.479
                 51 C    (  0  1  0)     2.851     1.509     0.343
                  2 C    (  0  0  0)     4.460     2.360    -0.036
                 26 C    (  0  0  0)     4.614     2.442    -0.028
                 32 C    (  0  0  0)     4.651     2.461    -0.030

 ATOM A   8 C    ATOM B     CELL      R(AB)/AU R(AB)/ANG    OVPOP(AB)
                 19 C    (  0  0  0)     2.645     1.400     0.484
                 13 C    (  0  0 -1)     2.656     1.406     0.479
                 52 C    (  0  0  0)     2.850     1.508     0.343
                  1 C    (  0  0  0)     4.462     2.361    -0.035
                 25 C    (  0  0 -1)     4.614     2.442    -0.028
                 31 C    (  0  0  0)     4.652     2.462    -0.030

 ATOM A   9 C    ATOM B     CELL      R(AB)/AU R(AB)/ANG    OVPOP(AB)
                 22 C    (  0  0  0)     2.644     1.399     0.482
                 16 C    (  0  0  0)     2.657     1.406     0.478
                 51 C    (  0  0  0)     2.853     1.509     0.342
                  4 C    (  0  0  0)     4.459     2.360    -0.035
                 28 C    (  0  0  0)     4.615     2.442    -0.028
                 34 C    (  0  0  0)     4.652     2.462    -0.030

 ATOM A  10 C    ATOM B     CELL      R(AB)/AU R(AB)/ANG    OVPOP(AB)
                 21 C    (  0  0  0)     2.642     1.398     0.482
                 15 C    (  0  0 -1)     2.657     1.406     0.478
                 52 C    (  0  0  0)     2.853     1.510     0.339
                  3 C    (  0  0  0)     4.455     2.357    -0.036
                 27 C    (  0  0 -1)     4.612     2.441    -0.028
                 33 C    (  0  0  0)     4.649     2.460    -0.031

 ATOM A  11 C    ATOM B     CELL      R(AB)/AU R(AB)/ANG    OVPOP(AB)
                 24 C    (  0  0  0)     2.642     1.398     0.482
                 18 C    (  0  0  0)     2.657     1.406     0.478
                 51 C    (  0  1  0)     2.855     1.511     0.339
                  6 C    (  0  0  0)     4.455     2.357    -0.036
                 30 C    (  0  0  0)     4.613     2.441    -0.028
                 36 C    (  0  0  0)     4.649     2.460    -0.031

 ATOM A  12 C    ATOM B     CELL      R(AB)/AU R(AB)/ANG    OVPOP(AB)
                 23 C    (  0  0  0)     2.645     1.399     0.481
                 17 C    (  0  0 -1)     2.658     1.406     0.477
                 52 C    (  0 -1  0)     2.852     1.509     0.341
                  5 C    (  0  0  0)     4.457     2.359    -0.035
                 29 C    (  1  0 -1)     4.616     2.443    -0.028
                 35 C    (  1  0  0)     4.653     2.462    -0.030

 ATOM A  13 C    ATOM B     CELL      R(AB)/AU R(AB)/ANG    OVPOP(AB)
                  8 C    (  0  0  1)     2.656     1.406     0.479
                  1 C    (  0  0  0)     2.656     1.406     0.479
                 25 C    (  0  0  0)     2.754     1.458     0.432
                 19 C    (  0  0  1)     4.602     2.435    -0.028
                 19 C    (  0  0  0)     4.602     2.435    -0.028
                 37 C    (  0  0  0)     4.727     2.501    -0.026

 ATOM A  14 C    ATOM B     CELL      R(AB)/AU R(AB)/ANG    OVPOP(AB)
                  2 C    (  0  0  1)     2.657     1.406     0.479
                  7 C    (  0  0  0)     2.657     1.406     0.479
                 26 C    (  0  0  0)     2.755     1.458     0.432
                 20 C    (  0  0  1)     4.602     2.435    -0.028
                 20 C    (  0  0  0)     4.602     2.435    -0.028
                 38 C    (  0  0  1)     4.727     2.502    -0.026

 ATOM A  15 C    ATOM B     CELL      R(AB)/AU R(AB)/ANG    OVPOP(AB)
                 10 C    (  0  0  1)     2.657     1.406     0.478
                  3 C    (  0  0  0)     2.657     1.406     0.478
                 27 C    (  0  0  0)     2.756     1.458     0.434
                 21 C    (  0  0  1)     4.602     2.435    -0.028
                 21 C    (  0  0  0)     4.602     2.435    -0.028
                 46 C    (  1  1  1)     4.728     2.502    -0.026

 ATOM A  16 C    ATOM B     CELL      R(AB)/AU R(AB)/ANG    OVPOP(AB)
                  9 C    (  0  0  0)     2.657     1.406     0.478
                  4 C    (  0  0  1)     2.657     1.406     0.478
                 28 C    (  0  0  0)     2.756     1.458     0.433
                 22 C    (  0  0  0)     4.602     2.435    -0.028
                 22 C    (  0  0  1)     4.602     2.435    -0.028
                 45 C    (  0  0  0)     4.728     2.502    -0.026

 ATOM A  17 C    ATOM B     CELL      R(AB)/AU R(AB)/ANG    OVPOP(AB)
                 12 C    (  0  0  1)     2.658     1.406     0.477
                  5 C    (  0  0  0)     2.658     1.406     0.477
                 29 C    (  1  0  0)     2.756     1.459     0.434
                 23 C    (  0  0  1)     4.602     2.435    -0.028
                 23 C    (  0  0  0)     4.602     2.435    -0.028
                 48 C    (  1  0  1)     4.729     2.503    -0.026

 ATOM A  18 C    ATOM B     CELL      R(AB)/AU R(AB)/ANG    OVPOP(AB)
                 11 C    (  0  0  0)     2.657     1.406     0.478
                  6 C    (  0  0  1)     2.657     1.406     0.478
                 30 C    (  0  0  0)     2.756     1.459     0.434
                 24 C    (  0  0  0)     4.602     2.435    -0.028
                 24 C    (  0  0  1)     4.602     2.435    -0.028
                 47 C    (  0  0  0)     4.729     2.503    -0.026

 ATOM A  19 C    ATOM B     CELL      R(AB)/AU R(AB)/ANG    OVPOP(AB)
                  8 C    (  0  0  0)     2.645     1.400     0.484
                  1 C    (  0  0  0)     2.645     1.400     0.484
                 31 C    (  0  0  0)     2.661     1.408     0.446
                 49 C    (  0  0  0)     4.466     2.363    -0.040
                 52 C    (  0  0  0)     4.466     2.363    -0.040
                 44 C    (  0  0  0)     4.569     2.418    -0.030

 ATOM A  20 C    ATOM B     CELL      R(AB)/AU R(AB)/ANG    OVPOP(AB)
                  2 C    (  0  0  0)     2.645     1.399     0.484
                  7 C    (  0  0  0)     2.645     1.399     0.484
                 32 C    (  0  0  0)     2.660     1.408     0.446
                 50 C    (  0  1  0)     4.468     2.364    -0.040
                 51 C    (  0  1  0)     4.468     2.364    -0.040
                 38 C    (  0  0  0)     4.569     2.418    -0.030

 ATOM A  21 C    ATOM B     CELL      R(AB)/AU R(AB)/ANG    OVPOP(AB)
                 10 C    (  0  0  0)     2.642     1.398     0.482
                  3 C    (  0  0  0)     2.642     1.398     0.482
                 33 C    (  0  0  0)     2.659     1.407     0.448
                 52 C    (  0  0  0)     4.470     2.366    -0.041
                 49 C    (  0  0  0)     4.470     2.366    -0.041
                 46 C    (  1  1  0)     4.566     2.416    -0.030

 ATOM A  22 C    ATOM B     CELL      R(AB)/AU R(AB)/ANG    OVPOP(AB)
                  9 C    (  0  0  0)     2.644     1.399     0.482
                  4 C    (  0  0  0)     2.645     1.399     0.482
                 34 C    (  0  0  0)     2.661     1.408     0.447
                 51 C    (  0  0  0)     4.470     2.366    -0.040
                 50 C    (  0  0  0)     4.470     2.366    -0.040
                 45 C    (  0  0  0)     4.569     2.418    -0.030

 ATOM A  23 C    ATOM B     CELL      R(AB)/AU R(AB)/ANG    OVPOP(AB)
                 12 C    (  0  0  0)     2.645     1.399     0.481
                  5 C    (  0  0  0)     2.645     1.399     0.481
                 35 C    (  1  0  0)     2.661     1.408     0.447
                 52 C    (  0 -1  0)     4.471     2.366    -0.041
                 49 C    (  0 -1  0)     4.471     2.366    -0.041
                 48 C    (  1  0  0)     4.569     2.418    -0.030

 ATOM A  24 C    ATOM B     CELL      R(AB)/AU R(AB)/ANG    OVPOP(AB)
                 11 C    (  0  0  0)     2.642     1.398     0.482
                  6 C    (  0  0  0)     2.642     1.398     0.482
                 36 C    (  0  0  0)     2.660     1.407     0.448
                 51 C    (  0  1  0)     4.473     2.367    -0.040
                 50 C    (  0  1  0)     4.473     2.367    -0.040
                 47 C    (  0  0  0)     4.567     2.417    -0.030

 ATOM A  25 C    ATOM B     CELL      R(AB)/AU R(AB)/ANG    OVPOP(AB)
                 44 C    (  0  0  1)     2.663     1.409     0.473
                 37 C    (  0  0  0)     2.663     1.409     0.473
                 13 C    (  0  0  0)     2.754     1.458     0.432
                 31 C    (  0  0  1)     4.599     2.433    -0.029
                 31 C    (  0  0  0)     4.599     2.433    -0.029
                  8 C    (  0  0  1)     4.614     2.442    -0.028

 ATOM A  26 C    ATOM B     CELL      R(AB)/AU R(AB)/ANG    OVPOP(AB)
                 38 C    (  0  0  1)     2.663     1.409     0.473
                 43 C    (  0  0  0)     2.663     1.409     0.473
                 14 C    (  0  0  0)     2.755     1.458     0.432
                 32 C    (  0  0  1)     4.599     2.433    -0.029
                 32 C    (  0  0  0)     4.599     2.433    -0.029
                  2 C    (  0  0  1)     4.614     2.442    -0.028

 ATOM A  27 C    ATOM B     CELL      R(AB)/AU R(AB)/ANG    OVPOP(AB)
                 39 C    (  1  1  0)     2.662     1.409     0.473
                 46 C    (  1  1  1)     2.662     1.409     0.473
                 15 C    (  0  0  0)     2.756     1.458     0.434
                 33 C    (  0  0  0)     4.599     2.433    -0.030
                 33 C    (  0  0  1)     4.599     2.433    -0.030
                  3 C    (  0  0  0)     4.612     2.441    -0.028

 ATOM A  28 C    ATOM B     CELL      R(AB)/AU R(AB)/ANG    OVPOP(AB)
                 45 C    (  0  0  0)     2.662     1.409     0.473
                 40 C    (  0  0  1)     2.662     1.409     0.473
                 16 C    (  0  0  0)     2.756     1.458     0.433
                 34 C    (  0  0  0)     4.599     2.433    -0.029
                 34 C    (  0  0  1)     4.599     2.433    -0.029
                  9 C    (  0  0  0)     4.615     2.442    -0.028

 ATOM A  29 C    ATOM B     CELL      R(AB)/AU R(AB)/ANG    OVPOP(AB)
                 41 C    (  0  0  0)     2.663     1.409     0.473
                 48 C    (  0  0  1)     2.663     1.409     0.473
                 17 C    ( -1  0  0)     2.756     1.459     0.434
                 35 C    (  0  0  0)     4.599     2.433    -0.030
                 35 C    (  0  0  1)     4.599     2.433    -0.030
                  5 C    ( -1  0  0)     4.616     2.443    -0.028

 ATOM A  30 C    ATOM B     CELL      R(AB)/AU R(AB)/ANG    OVPOP(AB)
                 47 C    (  0  0  0)     2.663     1.409     0.473
                 42 C    (  0  0  1)     2.663     1.409     0.473
                 18 C    (  0  0  0)     2.756     1.459     0.434
                 36 C    (  0  0  0)     4.599     2.433    -0.030
                 36 C    (  0  0  1)     4.599     2.433    -0.030
                 11 C    (  0  0  0)     4.613     2.441    -0.028

 ATOM A  31 C    ATOM B     CELL      R(AB)/AU R(AB)/ANG    OVPOP(AB)
                 44 C    (  0  0  0)     2.652     1.403     0.473
                 37 C    (  0  0  0)     2.652     1.403     0.473
                 19 C    (  0  0  0)     2.661     1.408     0.446
                 38 C    (  0  0  0)     4.597     2.433    -0.029
                 43 C    (  0  0  0)     4.597     2.433    -0.029
                 25 C    (  0  0 -1)     4.599     2.433    -0.029

 ATOM A  32 C    ATOM B     CELL      R(AB)/AU R(AB)/ANG    OVPOP(AB)
                 38 C    (  0  0  0)     2.652     1.403     0.473
                 43 C    (  0  0  0)     2.652     1.403     0.473
                 20 C    (  0  0  0)     2.660     1.408     0.446
                 44 C    (  0  0  0)     4.597     2.433    -0.029
                 37 C    (  0  0  0)     4.597     2.433    -0.029
                 26 C    (  0  0 -1)     4.599     2.433    -0.029

 ATOM A  33 C    ATOM B     CELL      R(AB)/AU R(AB)/ANG    OVPOP(AB)
                 39 C    (  1  1  0)     2.651     1.403     0.473
                 46 C    (  1  1  0)     2.651     1.403     0.473
                 21 C    (  0  0  0)     2.659     1.407     0.448
                 45 C    (  1  1  0)     4.596     2.432    -0.029
                 40 C    (  1  1  0)     4.596     2.432    -0.029
                 27 C    (  0  0  0)     4.599     2.433    -0.030

 ATOM A  34 C    ATOM B     CELL      R(AB)/AU R(AB)/ANG    OVPOP(AB)
                 45 C    (  0  0  0)     2.652     1.403     0.473
                 40 C    (  0  0  0)     2.652     1.403     0.473
                 22 C    (  0  0  0)     2.661     1.408     0.447
                 39 C    (  0  0  0)     4.597     2.433    -0.029
                 46 C    (  0  0  0)     4.597     2.433    -0.029
                 28 C    (  0  0  0)     4.599     2.433    -0.029

 ATOM A  35 C    ATOM B     CELL      R(AB)/AU R(AB)/ANG    OVPOP(AB)
                 41 C    (  0  0  0)     2.652     1.403     0.473
                 48 C    (  0  0  0)     2.652     1.403     0.473
                 23 C    ( -1  0  0)     2.661     1.408     0.447
                 29 C    (  0  0  0)     4.599     2.433    -0.030
                 29 C    (  0  0 -1)     4.599     2.433    -0.030
                 47 C    (  0  0  0)     4.599     2.434    -0.029

 ATOM A  36 C    ATOM B     CELL      R(AB)/AU R(AB)/ANG    OVPOP(AB)
                 47 C    (  0  0  0)     2.651     1.403     0.473
                 42 C    (  0  0  0)     2.651     1.403     0.473
                 24 C    (  0  0  0)     2.660     1.407     0.448
                 41 C    (  0  0  0)     4.597     2.433    -0.029
                 48 C    (  0  0  0)     4.597     2.433    -0.029
                 30 C    (  0  0  0)     4.599     2.433    -0.030

 ATOM A  37 C    ATOM B     CELL      R(AB)/AU R(AB)/ANG    OVPOP(AB)
                 31 C    (  0  0  0)     2.652     1.403     0.473
                 25 C    (  0  0  0)     2.663     1.409     0.473
                 43 C    (  0  0  0)     2.693     1.425     0.454
                 44 C    (  0  0  1)     4.540     2.403    -0.031
                 19 C    (  0  0  0)     4.569     2.418    -0.030
                 32 C    (  0  0  0)     4.597     2.433    -0.029

 ATOM A  38 C    ATOM B     CELL      R(AB)/AU R(AB)/ANG    OVPOP(AB)
                 32 C    (  0  0  0)     2.652     1.403     0.473
                 26 C    (  0  0 -1)     2.663     1.409     0.473
                 44 C    (  0  0  0)     2.693     1.425     0.454
                 43 C    (  0  0 -1)     4.540     2.402    -0.031
                 20 C    (  0  0  0)     4.569     2.418    -0.030
                 31 C    (  0  0  0)     4.597     2.433    -0.029

 ATOM A  39 C    ATOM B     CELL      R(AB)/AU R(AB)/ANG    OVPOP(AB)
                 33 C    ( -1 -1  0)     2.651     1.403     0.473
                 27 C    ( -1 -1  0)     2.662     1.409     0.473
                 45 C    (  0  0  0)     2.694     1.426     0.456
                 46 C    (  0  0  1)     4.539     2.402    -0.031
                 21 C    ( -1 -1  0)     4.566     2.416    -0.030
                 34 C    (  0  0  0)     4.597     2.433    -0.029

 ATOM A  40 C    ATOM B     CELL      R(AB)/AU R(AB)/ANG    OVPOP(AB)
                 34 C    (  0  0  0)     2.652     1.403     0.473
                 28 C    (  0  0 -1)     2.662     1.409     0.473
                 46 C    (  0  0  0)     2.694     1.426     0.456
                 45 C    (  0  0 -1)     4.539     2.402    -0.031
                 22 C    (  0  0  0)     4.569     2.418    -0.030
                 33 C    ( -1 -1  0)     4.596     2.432    -0.029

 ATOM A  41 C    ATOM B     CELL      R(AB)/AU R(AB)/ANG    OVPOP(AB)
                 35 C    (  0  0  0)     2.652     1.403     0.473
                 29 C    (  0  0  0)     2.663     1.409     0.473
                 47 C    (  0  0  0)     2.695     1.426     0.456
                 48 C    (  0  0  1)     4.539     2.402    -0.031
                 23 C    ( -1  0  0)     4.569     2.418    -0.030
                 36 C    (  0  0  0)     4.597     2.433    -0.029

 ATOM A  42 C    ATOM B     CELL      R(AB)/AU R(AB)/ANG    OVPOP(AB)
                 36 C    (  0  0  0)     2.651     1.403     0.473
                 30 C    (  0  0 -1)     2.663     1.409     0.473
                 48 C    (  0  0  0)     2.695     1.426     0.456
                 47 C    (  0  0 -1)     4.539     2.402    -0.031
                 24 C    (  0  0  0)     4.567     2.417    -0.030
                 35 C    (  0  0  0)     4.599     2.434    -0.029

 ATOM A  43 C    ATOM B     CELL      R(AB)/AU R(AB)/ANG    OVPOP(AB)
                 32 C    (  0  0  0)     2.652     1.403     0.473
                 26 C    (  0  0  0)     2.663     1.409     0.473
                 37 C    (  0  0  0)     2.693     1.425     0.454
                 38 C    (  0  0  1)     4.540     2.402    -0.031
                 20 C    (  0  0  0)     4.569     2.418    -0.030
                 31 C    (  0  0  0)     4.597     2.433    -0.029

 ATOM A  44 C    ATOM B     CELL      R(AB)/AU R(AB)/ANG    OVPOP(AB)
                 31 C    (  0  0  0)     2.652     1.403     0.473
                 25 C    (  0  0 -1)     2.663     1.409     0.473
                 38 C    (  0  0  0)     2.693     1.425     0.454
                 37 C    (  0  0 -1)     4.540     2.403    -0.031
                 19 C    (  0  0  0)     4.569     2.418    -0.030
                 32 C    (  0  0  0)     4.597     2.433    -0.029

 ATOM A  45 C    ATOM B     CELL      R(AB)/AU R(AB)/ANG    OVPOP(AB)
                 34 C    (  0  0  0)     2.652     1.403     0.473
                 28 C    (  0  0  0)     2.662     1.409     0.473
                 39 C    (  0  0  0)     2.694     1.426     0.456
                 40 C    (  0  0  1)     4.539     2.402    -0.031
                 22 C    (  0  0  0)     4.569     2.418    -0.030
                 33 C    ( -1 -1  0)     4.596     2.432    -0.029

 ATOM A  46 C    ATOM B     CELL      R(AB)/AU R(AB)/ANG    OVPOP(AB)
                 33 C    ( -1 -1  0)     2.651     1.403     0.473
                 27 C    ( -1 -1 -1)     2.662     1.409     0.473
                 40 C    (  0  0  0)     2.694     1.426     0.456
                 39 C    (  0  0 -1)     4.539     2.402    -0.031
                 21 C    ( -1 -1  0)     4.566     2.416    -0.030
                 34 C    (  0  0  0)     4.597     2.433    -0.029

 ATOM A  47 C    ATOM B     CELL      R(AB)/AU R(AB)/ANG    OVPOP(AB)
                 36 C    (  0  0  0)     2.651     1.403     0.473
                 30 C    (  0  0  0)     2.663     1.409     0.473
                 41 C    (  0  0  0)     2.695     1.426     0.456
                 42 C    (  0  0  1)     4.539     2.402    -0.031
                 24 C    (  0  0  0)     4.567     2.417    -0.030
                 35 C    (  0  0  0)     4.599     2.434    -0.029

 ATOM A  48 C    ATOM B     CELL      R(AB)/AU R(AB)/ANG    OVPOP(AB)
                 35 C    (  0  0  0)     2.652     1.403     0.473
                 29 C    (  0  0 -1)     2.663     1.409     0.473
                 42 C    (  0  0  0)     2.695     1.426     0.456
                 41 C    (  0  0 -1)     4.539     2.402    -0.031
                 23 C    ( -1  0  0)     4.569     2.418    -0.030
                 36 C    (  0  0  0)     4.597     2.433    -0.029

 ATOM A  49 C    ATOM B     CELL      R(AB)/AU R(AB)/ANG    OVPOP(AB)
                  1 C    (  0  0  0)     2.850     1.508     0.343
                  5 C    (  0  1  0)     2.852     1.509     0.341
                  3 C    (  0  0  0)     2.853     1.510     0.339
                 52 C    (  0  0  0)     3.102     1.641     0.383
                 19 C    (  0  0  0)     4.466     2.363    -0.040
                 21 C    (  0  0  0)     4.470     2.366    -0.041

 ATOM A  50 C    ATOM B     CELL      R(AB)/AU R(AB)/ANG    OVPOP(AB)
                  2 C    (  0 -1  0)     2.851     1.509     0.343
                  4 C    (  0  0  0)     2.853     1.509     0.342
                  6 C    (  0 -1  0)     2.855     1.511     0.339
                 51 C    (  0  0  0)     3.102     1.641     0.384
                 20 C    (  0 -1  0)     4.468     2.364    -0.040
                 22 C    (  0  0  0)     4.470     2.366    -0.040

 ATOM A  51 C    ATOM B     CELL      R(AB)/AU R(AB)/ANG    OVPOP(AB)
                  7 C    (  0 -1  0)     2.851     1.509     0.343
                  9 C    (  0  0  0)     2.853     1.509     0.342
                 11 C    (  0 -1  0)     2.855     1.511     0.339
                 50 C    (  0  0  0)     3.102     1.641     0.384
                 20 C    (  0 -1  0)     4.468     2.364    -0.040
                 22 C    (  0  0  0)     4.470     2.366    -0.040

 ATOM A  52 C    ATOM B     CELL      R(AB)/AU R(AB)/ANG    OVPOP(AB)
                  8 C    (  0  0  0)     2.850     1.508     0.343
                 12 C    (  0  1  0)     2.852     1.509     0.341
                 10 C    (  0  0  0)     2.853     1.510     0.339
                 49 C    (  0  0  0)     3.102     1.641     0.383
                 19 C    (  0  0  0)     4.466     2.363    -0.040
                 21 C    (  0  0  0)     4.470     2.366    -0.041
 TTTTTTTTTTTTTTTTTTTTTTTTTTTTTT AFTER FIRST TELAPSE     2507.68 TCPU     2506.13
 MMMMMMMMMMMMMMMMMMMMMMMMMMMMMMMMMMMMMMMMMMMMMMMMMMMMMMMMMMMMMMMMMMMMMMMMMMMMMMM
     ALPHA-BETA ELECTRONS
 MULLIKEN POPULATION ANALYSIS - NO. OF ELECTRONS    0.000000

  ATOM    Z CHARGE  A.O. POPULATION

   1 C    6 -0.000 -0.000  0.000 -0.000 -0.000 -0.000 -0.000 -0.000  0.000
                    0.000  0.000 -0.000 -0.000 -0.000  0.000  0.000  0.000
                    0.000 -0.000
   2 C    6  0.000  0.000 -0.000  0.000  0.000  0.000  0.000  0.000 -0.000
                   -0.000  0.000  0.000  0.000  0.000 -0.000 -0.000 -0.000
                   -0.000 -0.000
   3 C    6 -0.000 -0.000  0.000 -0.000  0.000  0.000 -0.000 -0.000 -0.000
                    0.000 -0.000  0.000 -0.000 -0.000  0.000  0.000 -0.000
                    0.000  0.000
   4 C    6  0.000  0.000 -0.000  0.000  0.000  0.000  0.000  0.000 -0.000
                   -0.000 -0.000  0.000  0.000  0.000 -0.000 -0.000 -0.000
                    0.000 -0.000
   5 C    6 -0.000 -0.000  0.000 -0.000 -0.000 -0.000 -0.000 -0.000  0.000
                    0.000  0.000 -0.000 -0.000 -0.000  0.000  0.000  0.000
                    0.000  0.000
   6 C    6  0.000  0.000 -0.000  0.000 -0.000 -0.000  0.000  0.000  0.000
                    0.000 -0.000 -0.000  0.000  0.000 -0.000  0.000  0.000
                   -0.000  0.000
   7 C    6  0.000  0.000 -0.000  0.000  0.000  0.000  0.000  0.000 -0.000
                   -0.000  0.000  0.000  0.000  0.000 -0.000  0.000 -0.000
                   -0.000 -0.000
   8 C    6 -0.000 -0.000  0.000 -0.000 -0.000 -0.000 -0.000 -0.000  0.000
                    0.000  0.000 -0.000 -0.000 -0.000  0.000  0.000  0.000
                    0.000 -0.000
   9 C    6  0.000  0.000 -0.000  0.000  0.000  0.000  0.000  0.000 -0.000
                   -0.000 -0.000  0.000  0.000  0.000 -0.000 -0.000 -0.000
                    0.000 -0.000
  10 C    6 -0.000 -0.000  0.000 -0.000  0.000  0.000 -0.000 -0.000 -0.000
                    0.000 -0.000  0.000 -0.000 -0.000  0.000  0.000 -0.000
                    0.000  0.000
  11 C    6  0.000  0.000 -0.000  0.000 -0.000 -0.000  0.000  0.000  0.000
                    0.000  0.000 -0.000  0.000  0.000  0.000  0.000 -0.000
                   -0.000 -0.000
  12 C    6 -0.000 -0.000  0.000 -0.000 -0.000 -0.000 -0.000 -0.000  0.000
                    0.000 -0.000 -0.000 -0.000 -0.000  0.000  0.000  0.000
                    0.000  0.000
  13 C    6  0.000  0.000 -0.000  0.000  0.000  0.000  0.000  0.000 -0.000
                   -0.000 -0.000  0.000  0.000  0.000 -0.000 -0.000 -0.000
                   -0.000 -0.000
  14 C    6 -0.000 -0.000  0.000 -0.000 -0.000 -0.000 -0.000 -0.000  0.000
                    0.000 -0.000 -0.000 -0.000 -0.000  0.000  0.000  0.000
                    0.000  0.000
  15 C    6  0.000  0.000 -0.000  0.000  0.000  0.000  0.000 -0.000 -0.000
                   -0.000 -0.000  0.000  0.000  0.000 -0.000  0.000 -0.000
                   -0.000 -0.000
  16 C    6 -0.000 -0.000  0.000 -0.000 -0.000 -0.000 -0.000 -0.000  0.000
                    0.000 -0.000 -0.000 -0.000 -0.000  0.000  0.000  0.000
                    0.000  0.000
  17 C    6  0.000  0.000 -0.000  0.000  0.000  0.000  0.000  0.000 -0.000
                   -0.000  0.000  0.000  0.000  0.000 -0.000 -0.000 -0.000
                   -0.000 -0.000
  18 C    6 -0.000 -0.000 -0.000 -0.000 -0.000  0.000 -0.000  0.000 -0.000
                   -0.000  0.000  0.000 -0.000 -0.000  0.000 -0.000  0.000
                    0.000  0.000
  19 C    6  0.000  0.000 -0.000  0.000  0.000  0.000  0.000  0.000  0.000
                   -0.000  0.000  0.000  0.000  0.000 -0.000 -0.000 -0.000
                    0.000 -0.000
  20 C    6 -0.000 -0.000  0.000 -0.000 -0.000 -0.000 -0.000 -0.000 -0.000
                    0.000 -0.000 -0.000 -0.000 -0.000  0.000  0.000  0.000
                    0.000  0.000
  21 C    6  0.000  0.000 -0.000  0.000  0.000  0.000  0.000 -0.000 -0.000
                   -0.000 -0.000  0.000  0.000  0.000 -0.000  0.000 -0.000
                   -0.000  0.000
  22 C    6 -0.000  0.000  0.000 -0.000 -0.000 -0.000 -0.000 -0.000  0.000
                    0.000  0.000 -0.000 -0.000 -0.000  0.000  0.000  0.000
                    0.000  0.000
  23 C    6  0.000  0.000 -0.000  0.000  0.000  0.000  0.000 -0.000 -0.000
                   -0.000 -0.000  0.000  0.000  0.000 -0.000 -0.000 -0.000
                   -0.000 -0.000
  24 C    6  0.000  0.000 -0.000  0.000 -0.000  0.000  0.000  0.000 -0.000
                    0.000  0.000  0.000 -0.000 -0.000  0.000 -0.000  0.000
                    0.000 -0.000
  25 C    6 -0.000 -0.000  0.000 -0.000 -0.000 -0.000 -0.000 -0.000 -0.000
                    0.000 -0.000  0.000 -0.000 -0.000  0.000  0.000  0.000
                    0.000  0.000
  26 C    6  0.000  0.000 -0.000  0.000  0.000  0.000  0.000  0.000 -0.000
                   -0.000  0.000  0.000  0.000  0.000 -0.000 -0.000 -0.000
                   -0.000 -0.000
  27 C    6 -0.000 -0.000  0.000 -0.000 -0.000 -0.000 -0.000 -0.000  0.000
                    0.000  0.000 -0.000 -0.000 -0.000  0.000  0.000  0.000
                    0.000  0.000
  28 C    6  0.000  0.000 -0.000  0.000  0.000  0.000  0.000  0.000 -0.000
                   -0.000  0.000  0.000  0.000  0.000 -0.000 -0.000  0.000
                   -0.000 -0.000
  29 C    6 -0.000 -0.000  0.000 -0.000 -0.000 -0.000 -0.000 -0.000  0.000
                    0.000  0.000 -0.000 -0.000 -0.000  0.000 -0.000  0.000
                    0.000  0.000
  30 C    6  0.000  0.000 -0.000  0.000  0.000  0.000  0.000  0.000 -0.000
                   -0.000  0.000  0.000  0.000  0.000 -0.000  0.000  0.000
                    0.000 -0.000
  31 C    6 -0.000 -0.000  0.000 -0.000 -0.000 -0.000 -0.000 -0.000  0.000
                    0.000 -0.000 -0.000 -0.000 -0.000  0.000  0.000  0.000
                    0.000  0.000
  32 C    6  0.000  0.000 -0.000  0.000  0.000  0.000  0.000  0.000 -0.000
                   -0.000  0.000  0.000  0.000  0.000 -0.000 -0.000 -0.000
                   -0.000 -0.000
  33 C    6 -0.000  0.000  0.000 -0.000 -0.000 -0.000 -0.000 -0.000  0.000
                    0.000  0.000 -0.000 -0.000 -0.000  0.000  0.000 -0.000
                    0.000  0.000
  34 C    6  0.000  0.000 -0.000  0.000  0.000  0.000  0.000  0.000 -0.000
                   -0.000  0.000  0.000  0.000  0.000 -0.000  0.000 -0.000
                   -0.000 -0.000
  35 C    6 -0.000 -0.000  0.000 -0.000 -0.000 -0.000 -0.000 -0.000  0.000
                    0.000  0.000 -0.000 -0.000 -0.000  0.000 -0.000  0.000
                    0.000  0.000
  36 C    6  0.000  0.000 -0.000  0.000  0.000  0.000  0.000  0.000 -0.000
                   -0.000 -0.000  0.000  0.000  0.000 -0.000  0.000  0.000
                    0.000  0.000
  37 C    6  0.000  0.000 -0.000  0.000  0.000  0.000  0.000  0.000 -0.000
                   -0.000  0.000  0.000  0.000  0.000 -0.000 -0.000 -0.000
                   -0.000 -0.000
  38 C    6 -0.000 -0.000  0.000 -0.000 -0.000 -0.000 -0.000 -0.000  0.000
                    0.000 -0.000 -0.000 -0.000 -0.000 -0.000  0.000  0.000
                    0.000  0.000
  39 C    6  0.000 -0.000  0.000 -0.000  0.000  0.000  0.000  0.000 -0.000
                   -0.000  0.000  0.000  0.000 -0.000 -0.000 -0.000 -0.000
                   -0.000 -0.000
  40 C    6 -0.000  0.000 -0.000 -0.000 -0.000 -0.000 -0.000 -0.000  0.000
                    0.000 -0.000 -0.000 -0.000 -0.000  0.000  0.000  0.000
                    0.000  0.000
  41 C    6  0.000  0.000 -0.000  0.000  0.000  0.000  0.000 -0.000 -0.000
                   -0.000  0.000  0.000  0.000  0.000 -0.000 -0.000 -0.000
                   -0.000 -0.000
  42 C    6 -0.000  0.000 -0.000  0.000 -0.000 -0.000 -0.000 -0.000 -0.000
                    0.000  0.000 -0.000 -0.000  0.000  0.000  0.000  0.000
                    0.000  0.000
  43 C    6 -0.000 -0.000  0.000 -0.000 -0.000 -0.000 -0.000 -0.000  0.000
                    0.000 -0.000 -0.000 -0.000 -0.000  0.000  0.000  0.000
                    0.000  0.000
  44 C    6  0.000  0.000 -0.000  0.000  0.000  0.000  0.000  0.000 -0.000
                   -0.000  0.000  0.000  0.000  0.000 -0.000 -0.000 -0.000
                   -0.000 -0.000
  45 C    6 -0.000  0.000 -0.000 -0.000 -0.000 -0.000 -0.000 -0.000  0.000
                   -0.000 -0.000 -0.000 -0.000 -0.000  0.000  0.000  0.000
                    0.000  0.000
  46 C    6  0.000 -0.000  0.000 -0.000  0.000  0.000  0.000  0.000 -0.000
                   -0.000 -0.000  0.000  0.000  0.000 -0.000 -0.000 -0.000
                   -0.000 -0.000
  47 C    6 -0.000  0.000 -0.000  0.000 -0.000 -0.000 -0.000 -0.000 -0.000
                    0.000 -0.000 -0.000 -0.000  0.000  0.000  0.000  0.000
                    0.000  0.000
  48 C    6  0.000  0.000 -0.000  0.000  0.000  0.000  0.000  0.000 -0.000
                   -0.000 -0.000  0.000  0.000  0.000 -0.000 -0.000 -0.000
                   -0.000 -0.000
  49 C    6  0.000  0.000 -0.000  0.000  0.000  0.000 -0.000  0.000  0.000
                    0.000 -0.000  0.000  0.000  0.000 -0.000  0.000 -0.000
                   -0.000 -0.000
  50 C    6 -0.000 -0.000  0.000 -0.000 -0.000 -0.000  0.000 -0.000 -0.000
                   -0.000  0.000 -0.000 -0.000 -0.000  0.000  0.000  0.000
                    0.000  0.000
  51 C    6 -0.000 -0.000  0.000 -0.000 -0.000 -0.000  0.000 -0.000 -0.000
                   -0.000  0.000 -0.000 -0.000 -0.000  0.000  0.000  0.000
                    0.000  0.000
  52 C    6  0.000  0.000 -0.000  0.000  0.000  0.000 -0.000  0.000  0.000
                    0.000 -0.000  0.000  0.000  0.000 -0.000 -0.000 -0.000
                   -0.000 -0.000

  ATOM    Z CHARGE  SHELL POPULATION

   1 C    6 -0.000 -0.000  0.000 -0.000 -0.000 -0.000  0.000 -0.000  0.000
   2 C    6  0.000  0.000 -0.000  0.000  0.000  0.000 -0.000  0.000 -0.000
   3 C    6 -0.000 -0.000  0.000 -0.000  0.000 -0.000  0.000 -0.000  0.000
   4 C    6  0.000  0.000 -0.000  0.000  0.000  0.000 -0.000  0.000 -0.000
   5 C    6 -0.000 -0.000  0.000 -0.000 -0.000 -0.000  0.000 -0.000  0.000
   6 C    6  0.000  0.000 -0.000  0.000 -0.000  0.000  0.000  0.000  0.000
   7 C    6  0.000  0.000 -0.000  0.000  0.000  0.000 -0.000  0.000 -0.000
   8 C    6 -0.000 -0.000  0.000 -0.000 -0.000 -0.000  0.000 -0.000  0.000
   9 C    6  0.000  0.000 -0.000  0.000  0.000  0.000 -0.000  0.000 -0.000
  10 C    6 -0.000 -0.000  0.000 -0.000  0.000 -0.000  0.000 -0.000  0.000
  11 C    6  0.000  0.000 -0.000  0.000 -0.000  0.000  0.000  0.000 -0.000
  12 C    6 -0.000 -0.000  0.000 -0.000 -0.000 -0.000  0.000 -0.000  0.000
  13 C    6  0.000  0.000 -0.000  0.000  0.000  0.000 -0.000  0.000 -0.000
  14 C    6 -0.000 -0.000  0.000 -0.000 -0.000 -0.000  0.000 -0.000  0.000
  15 C    6  0.000  0.000 -0.000  0.000  0.000  0.000 -0.000  0.000 -0.000
  16 C    6 -0.000 -0.000  0.000 -0.000 -0.000 -0.000  0.000 -0.000  0.000
  17 C    6  0.000  0.000 -0.000  0.000  0.000  0.000 -0.000  0.000 -0.000
  18 C    6 -0.000 -0.000 -0.000 -0.000 -0.000  0.000  0.000 -0.000  0.000
  19 C    6  0.000  0.000 -0.000  0.000  0.000  0.000 -0.000  0.000 -0.000
  20 C    6 -0.000 -0.000  0.000 -0.000 -0.000 -0.000  0.000 -0.000  0.000
  21 C    6  0.000  0.000 -0.000  0.000  0.000 -0.000 -0.000  0.000 -0.000
  22 C    6 -0.000  0.000  0.000 -0.000 -0.000 -0.000  0.000 -0.000  0.000
  23 C    6  0.000  0.000 -0.000  0.000  0.000  0.000 -0.000  0.000 -0.000
  24 C    6  0.000  0.000 -0.000  0.000 -0.000  0.000  0.000 -0.000  0.000
  25 C    6 -0.000 -0.000  0.000 -0.000 -0.000 -0.000  0.000 -0.000  0.000
  26 C    6  0.000  0.000 -0.000  0.000  0.000  0.000 -0.000  0.000 -0.000
  27 C    6 -0.000 -0.000  0.000 -0.000 -0.000 -0.000  0.000 -0.000  0.000
  28 C    6  0.000  0.000 -0.000  0.000  0.000  0.000 -0.000  0.000 -0.000
  29 C    6 -0.000 -0.000  0.000 -0.000 -0.000 -0.000  0.000 -0.000  0.000
  30 C    6  0.000  0.000 -0.000  0.000  0.000  0.000 -0.000  0.000  0.000
  31 C    6 -0.000 -0.000  0.000 -0.000 -0.000 -0.000  0.000 -0.000  0.000
  32 C    6  0.000  0.000 -0.000  0.000  0.000  0.000 -0.000  0.000 -0.000
  33 C    6 -0.000  0.000  0.000 -0.000 -0.000 -0.000  0.000 -0.000  0.000
  34 C    6  0.000  0.000 -0.000  0.000  0.000  0.000 -0.000  0.000 -0.000
  35 C    6 -0.000 -0.000  0.000 -0.000 -0.000 -0.000  0.000 -0.000  0.000
  36 C    6  0.000  0.000 -0.000  0.000  0.000  0.000 -0.000  0.000  0.000
  37 C    6  0.000  0.000 -0.000  0.000  0.000  0.000 -0.000  0.000 -0.000
  38 C    6 -0.000 -0.000  0.000 -0.000 -0.000 -0.000  0.000 -0.000  0.000
  39 C    6  0.000 -0.000  0.000 -0.000  0.000  0.000 -0.000  0.000 -0.000
  40 C    6 -0.000  0.000 -0.000 -0.000 -0.000 -0.000  0.000 -0.000  0.000
  41 C    6  0.000  0.000 -0.000  0.000  0.000  0.000 -0.000  0.000 -0.000
  42 C    6 -0.000  0.000 -0.000  0.000 -0.000 -0.000  0.000 -0.000  0.000
  43 C    6 -0.000 -0.000  0.000 -0.000 -0.000 -0.000  0.000 -0.000  0.000
  44 C    6  0.000  0.000 -0.000  0.000  0.000  0.000 -0.000  0.000 -0.000
  45 C    6 -0.000  0.000 -0.000 -0.000 -0.000 -0.000  0.000 -0.000  0.000
  46 C    6  0.000 -0.000  0.000 -0.000  0.000  0.000 -0.000  0.000 -0.000
  47 C    6 -0.000  0.000 -0.000  0.000 -0.000 -0.000  0.000 -0.000  0.000
  48 C    6  0.000  0.000 -0.000  0.000  0.000  0.000 -0.000  0.000 -0.000
  49 C    6  0.000  0.000 -0.000  0.000  0.000  0.000  0.000  0.000 -0.000
  50 C    6 -0.000 -0.000  0.000 -0.000 -0.000 -0.000 -0.000 -0.000  0.000
  51 C    6 -0.000 -0.000  0.000 -0.000 -0.000 -0.000 -0.000 -0.000  0.000
  52 C    6  0.000  0.000 -0.000  0.000  0.000  0.000  0.000  0.000 -0.000

 OVERLAP POPULATION CONDENSED TO ATOMS FOR FIRST   6 NEIGHBORS

 ATOM A   1 C    ATOM B     CELL      R(AB)/AU R(AB)/ANG    OVPOP(AB)
                 19 C    (  0  0  0)     2.645     1.400    -0.000
                 13 C    (  0  0  0)     2.656     1.406    -0.000
                 49 C    (  0  0  0)     2.850     1.508     0.000
                  8 C    (  0  0  0)     4.462     2.361     0.000
                 25 C    (  0  0  0)     4.614     2.442     0.000
                 31 C    (  0  0  0)     4.652     2.462     0.000

 ATOM A   2 C    ATOM B     CELL      R(AB)/AU R(AB)/ANG    OVPOP(AB)
                 20 C    (  0  0  0)     2.645     1.399    -0.000
                 14 C    (  0  0 -1)     2.657     1.406     0.000
                 50 C    (  0  1  0)     2.851     1.509    -0.000
                  7 C    (  0  0  0)     4.460     2.360    -0.000
                 26 C    (  0  0 -1)     4.614     2.442    -0.000
                 32 C    (  0  0  0)     4.651     2.461    -0.000

 ATOM A   3 C    ATOM B     CELL      R(AB)/AU R(AB)/ANG    OVPOP(AB)
                 21 C    (  0  0  0)     2.642     1.398    -0.000
                 15 C    (  0  0  0)     2.657     1.406     0.000
                 49 C    (  0  0  0)     2.853     1.510    -0.000
                 10 C    (  0  0  0)     4.455     2.357     0.000
                 27 C    (  0  0  0)     4.612     2.441    -0.000
                 33 C    (  0  0  0)     4.649     2.460    -0.000

 ATOM A   4 C    ATOM B     CELL      R(AB)/AU R(AB)/ANG    OVPOP(AB)
                 22 C    (  0  0  0)     2.645     1.399    -0.000
                 16 C    (  0  0 -1)     2.657     1.406     0.000
                 50 C    (  0  0  0)     2.853     1.509    -0.000
                  9 C    (  0  0  0)     4.459     2.360    -0.000
                 28 C    (  0  0 -1)     4.615     2.442    -0.000
                 34 C    (  0  0  0)     4.652     2.462    -0.000

 ATOM A   5 C    ATOM B     CELL      R(AB)/AU R(AB)/ANG    OVPOP(AB)
                 23 C    (  0  0  0)     2.645     1.399    -0.000
                 17 C    (  0  0  0)     2.658     1.406    -0.000
                 49 C    (  0 -1  0)     2.852     1.509     0.000
                 12 C    (  0  0  0)     4.457     2.359     0.000
                 29 C    (  1  0  0)     4.616     2.443    -0.000
                 35 C    (  1  0  0)     4.653     2.462    -0.000

 ATOM A   6 C    ATOM B     CELL      R(AB)/AU R(AB)/ANG    OVPOP(AB)
                 24 C    (  0  0  0)     2.642     1.398     0.000
                 18 C    (  0  0 -1)     2.657     1.406    -0.000
                 50 C    (  0  1  0)     2.855     1.511     0.000
                 11 C    (  0  0  0)     4.455     2.357    -0.000
                 30 C    (  0  0 -1)     4.613     2.441     0.000
                 36 C    (  0  0  0)     4.649     2.460     0.000

 ATOM A   7 C    ATOM B     CELL      R(AB)/AU R(AB)/ANG    OVPOP(AB)
                 20 C    (  0  0  0)     2.645     1.399    -0.000
                 14 C    (  0  0  0)     2.657     1.406     0.000
                 51 C    (  0  1  0)     2.851     1.509    -0.000
                  2 C    (  0  0  0)     4.460     2.360    -0.000
                 26 C    (  0  0  0)     4.614     2.442    -0.000
                 32 C    (  0  0  0)     4.651     2.461    -0.000

 ATOM A   8 C    ATOM B     CELL      R(AB)/AU R(AB)/ANG    OVPOP(AB)
                 19 C    (  0  0  0)     2.645     1.400    -0.000
                 13 C    (  0  0 -1)     2.656     1.406    -0.000
                 52 C    (  0  0  0)     2.850     1.508     0.000
                  1 C    (  0  0  0)     4.462     2.361     0.000
                 25 C    (  0  0 -1)     4.614     2.442     0.000
                 31 C    (  0  0  0)     4.652     2.462     0.000

 ATOM A   9 C    ATOM B     CELL      R(AB)/AU R(AB)/ANG    OVPOP(AB)
                 22 C    (  0  0  0)     2.644     1.399    -0.000
                 16 C    (  0  0  0)     2.657     1.406     0.000
                 51 C    (  0  0  0)     2.853     1.509    -0.000
                  4 C    (  0  0  0)     4.459     2.360    -0.000
                 28 C    (  0  0  0)     4.615     2.442    -0.000
                 34 C    (  0  0  0)     4.652     2.462    -0.000

 ATOM A  10 C    ATOM B     CELL      R(AB)/AU R(AB)/ANG    OVPOP(AB)
                 21 C    (  0  0  0)     2.642     1.398    -0.000
                 15 C    (  0  0 -1)     2.657     1.406     0.000
                 52 C    (  0  0  0)     2.853     1.510    -0.000
                  3 C    (  0  0  0)     4.455     2.357     0.000
                 27 C    (  0  0 -1)     4.612     2.441    -0.000
                 33 C    (  0  0  0)     4.649     2.460    -0.000

 ATOM A  11 C    ATOM B     CELL      R(AB)/AU R(AB)/ANG    OVPOP(AB)
                 24 C    (  0  0  0)     2.642     1.398     0.000
                 18 C    (  0  0  0)     2.657     1.406    -0.000
                 51 C    (  0  1  0)     2.855     1.511     0.000
                  6 C    (  0  0  0)     4.455     2.357    -0.000
                 30 C    (  0  0  0)     4.613     2.441     0.000
                 36 C    (  0  0  0)     4.649     2.460     0.000

 ATOM A  12 C    ATOM B     CELL      R(AB)/AU R(AB)/ANG    OVPOP(AB)
                 23 C    (  0  0  0)     2.645     1.399    -0.000
                 17 C    (  0  0 -1)     2.658     1.406     0.000
                 52 C    (  0 -1  0)     2.852     1.509     0.000
                  5 C    (  0  0  0)     4.457     2.359     0.000
                 29 C    (  1  0 -1)     4.616     2.443    -0.000
                 35 C    (  1  0  0)     4.653     2.462    -0.000

 ATOM A  13 C    ATOM B     CELL      R(AB)/AU R(AB)/ANG    OVPOP(AB)
                  8 C    (  0  0  1)     2.656     1.406    -0.000
                  1 C    (  0  0  0)     2.656     1.406    -0.000
                 25 C    (  0  0  0)     2.754     1.458    -0.000
                 19 C    (  0  0  1)     4.602     2.435     0.000
                 19 C    (  0  0  0)     4.602     2.435     0.000
                 37 C    (  0  0  0)     4.727     2.501    -0.000

 ATOM A  14 C    ATOM B     CELL      R(AB)/AU R(AB)/ANG    OVPOP(AB)
                  2 C    (  0  0  1)     2.657     1.406     0.000
                  7 C    (  0  0  0)     2.657     1.406     0.000
                 26 C    (  0  0  0)     2.755     1.458     0.000
                 20 C    (  0  0  1)     4.602     2.435    -0.000
                 20 C    (  0  0  0)     4.602     2.435    -0.000
                 38 C    (  0  0  1)     4.727     2.502     0.000

 ATOM A  15 C    ATOM B     CELL      R(AB)/AU R(AB)/ANG    OVPOP(AB)
                 10 C    (  0  0  1)     2.657     1.406     0.000
                  3 C    (  0  0  0)     2.657     1.406     0.000
                 27 C    (  0  0  0)     2.756     1.458     0.000
                 21 C    (  0  0  1)     4.602     2.435    -0.000
                 21 C    (  0  0  0)     4.602     2.435    -0.000
                 46 C    (  1  1  1)     4.728     2.502    -0.000

 ATOM A  16 C    ATOM B     CELL      R(AB)/AU R(AB)/ANG    OVPOP(AB)
                  9 C    (  0  0  0)     2.657     1.406     0.000
                  4 C    (  0  0  1)     2.657     1.406     0.000
                 28 C    (  0  0  0)     2.756     1.458     0.000
                 22 C    (  0  0  0)     4.602     2.435    -0.000
                 22 C    (  0  0  1)     4.602     2.435    -0.000
                 45 C    (  0  0  0)     4.728     2.502     0.000

 ATOM A  17 C    ATOM B     CELL      R(AB)/AU R(AB)/ANG    OVPOP(AB)
                 12 C    (  0  0  1)     2.658     1.406     0.000
                  5 C    (  0  0  0)     2.658     1.406    -0.000
                 29 C    (  1  0  0)     2.756     1.459    -0.000
                 23 C    (  0  0  1)     4.602     2.435     0.000
                 23 C    (  0  0  0)     4.602     2.435     0.000
                 48 C    (  1  0  1)     4.729     2.503    -0.000

 ATOM A  18 C    ATOM B     CELL      R(AB)/AU R(AB)/ANG    OVPOP(AB)
                 11 C    (  0  0  0)     2.657     1.406    -0.000
                  6 C    (  0  0  1)     2.657     1.406    -0.000
                 30 C    (  0  0  0)     2.756     1.459     0.000
                 24 C    (  0  0  0)     4.602     2.435    -0.000
                 24 C    (  0  0  1)     4.602     2.435    -0.000
                 47 C    (  0  0  0)     4.729     2.503     0.000

 ATOM A  19 C    ATOM B     CELL      R(AB)/AU R(AB)/ANG    OVPOP(AB)
                  8 C    (  0  0  0)     2.645     1.400    -0.000
                  1 C    (  0  0  0)     2.645     1.400    -0.000
                 31 C    (  0  0  0)     2.661     1.408    -0.000
                 49 C    (  0  0  0)     4.466     2.363     0.000
                 52 C    (  0  0  0)     4.466     2.363     0.000
                 44 C    (  0  0  0)     4.569     2.418    -0.000

 ATOM A  20 C    ATOM B     CELL      R(AB)/AU R(AB)/ANG    OVPOP(AB)
                  2 C    (  0  0  0)     2.645     1.399    -0.000
                  7 C    (  0  0  0)     2.645     1.399    -0.000
                 32 C    (  0  0  0)     2.660     1.408     0.000
                 50 C    (  0  1  0)     4.468     2.364    -0.000
                 51 C    (  0  1  0)     4.468     2.364    -0.000
                 38 C    (  0  0  0)     4.569     2.418     0.000

 ATOM A  21 C    ATOM B     CELL      R(AB)/AU R(AB)/ANG    OVPOP(AB)
                 10 C    (  0  0  0)     2.642     1.398    -0.000
                  3 C    (  0  0  0)     2.642     1.398    -0.000
                 33 C    (  0  0  0)     2.659     1.407    -0.000
                 52 C    (  0  0  0)     4.470     2.366    -0.000
                 49 C    (  0  0  0)     4.470     2.366    -0.000
                 46 C    (  1  1  0)     4.566     2.416    -0.000

 ATOM A  22 C    ATOM B     CELL      R(AB)/AU R(AB)/ANG    OVPOP(AB)
                  9 C    (  0  0  0)     2.644     1.399    -0.000
                  4 C    (  0  0  0)     2.645     1.399    -0.000
                 34 C    (  0  0  0)     2.661     1.408     0.000
                 51 C    (  0  0  0)     4.470     2.366     0.000
                 50 C    (  0  0  0)     4.470     2.366    -0.000
                 45 C    (  0  0  0)     4.569     2.418     0.000

 ATOM A  23 C    ATOM B     CELL      R(AB)/AU R(AB)/ANG    OVPOP(AB)
                 12 C    (  0  0  0)     2.645     1.399    -0.000
                  5 C    (  0  0  0)     2.645     1.399    -0.000
                 35 C    (  1  0  0)     2.661     1.408    -0.000
                 52 C    (  0 -1  0)     4.471     2.366    -0.000
                 49 C    (  0 -1  0)     4.471     2.366     0.000
                 48 C    (  1  0  0)     4.569     2.418    -0.000

 ATOM A  24 C    ATOM B     CELL      R(AB)/AU R(AB)/ANG    OVPOP(AB)
                 11 C    (  0  0  0)     2.642     1.398     0.000
                  6 C    (  0  0  0)     2.642     1.398     0.000
                 36 C    (  0  0  0)     2.660     1.407     0.000
                 51 C    (  0  1  0)     4.473     2.367     0.000
                 50 C    (  0  1  0)     4.473     2.367     0.000
                 47 C    (  0  0  0)     4.567     2.417     0.000

 ATOM A  25 C    ATOM B     CELL      R(AB)/AU R(AB)/ANG    OVPOP(AB)
                 44 C    (  0  0  1)     2.663     1.409    -0.000
                 37 C    (  0  0  0)     2.663     1.409    -0.000
                 13 C    (  0  0  0)     2.754     1.458    -0.000
                 31 C    (  0  0  1)     4.599     2.433     0.000
                 31 C    (  0  0  0)     4.599     2.433     0.000
                  8 C    (  0  0  1)     4.614     2.442     0.000

 ATOM A  26 C    ATOM B     CELL      R(AB)/AU R(AB)/ANG    OVPOP(AB)
                 38 C    (  0  0  1)     2.663     1.409     0.000
                 43 C    (  0  0  0)     2.663     1.409     0.000
                 14 C    (  0  0  0)     2.755     1.458     0.000
                 32 C    (  0  0  1)     4.599     2.433    -0.000
                 32 C    (  0  0  0)     4.599     2.433    -0.000
                  2 C    (  0  0  1)     4.614     2.442    -0.000

 ATOM A  27 C    ATOM B     CELL      R(AB)/AU R(AB)/ANG    OVPOP(AB)
                 39 C    (  1  1  0)     2.662     1.409     0.000
                 46 C    (  1  1  1)     2.662     1.409     0.000
                 15 C    (  0  0  0)     2.756     1.458     0.000
                 33 C    (  0  0  0)     4.599     2.433    -0.000
                 33 C    (  0  0  1)     4.599     2.433    -0.000
                  3 C    (  0  0  0)     4.612     2.441    -0.000

 ATOM A  28 C    ATOM B     CELL      R(AB)/AU R(AB)/ANG    OVPOP(AB)
                 45 C    (  0  0  0)     2.662     1.409    -0.000
                 40 C    (  0  0  1)     2.662     1.409    -0.000
                 16 C    (  0  0  0)     2.756     1.458     0.000
                 34 C    (  0  0  0)     4.599     2.433    -0.000
                 34 C    (  0  0  1)     4.599     2.433    -0.000
                  9 C    (  0  0  0)     4.615     2.442    -0.000

 ATOM A  29 C    ATOM B     CELL      R(AB)/AU R(AB)/ANG    OVPOP(AB)
                 41 C    (  0  0  0)     2.663     1.409     0.000
                 48 C    (  0  0  1)     2.663     1.409     0.000
                 17 C    ( -1  0  0)     2.756     1.459    -0.000
                 35 C    (  0  0  0)     4.599     2.433     0.000
                 35 C    (  0  0  1)     4.599     2.433     0.000
                  5 C    ( -1  0  0)     4.616     2.443    -0.000

 ATOM A  30 C    ATOM B     CELL      R(AB)/AU R(AB)/ANG    OVPOP(AB)
                 47 C    (  0  0  0)     2.663     1.409    -0.000
                 42 C    (  0  0  1)     2.663     1.409    -0.000
                 18 C    (  0  0  0)     2.756     1.459     0.000
                 36 C    (  0  0  0)     4.599     2.433     0.000
                 36 C    (  0  0  1)     4.599     2.433     0.000
                 11 C    (  0  0  0)     4.613     2.441     0.000

 ATOM A  31 C    ATOM B     CELL      R(AB)/AU R(AB)/ANG    OVPOP(AB)
                 44 C    (  0  0  0)     2.652     1.403     0.000
                 37 C    (  0  0  0)     2.652     1.403     0.000
                 19 C    (  0  0  0)     2.661     1.408    -0.000
                 38 C    (  0  0  0)     4.597     2.433     0.000
                 43 C    (  0  0  0)     4.597     2.433     0.000
                 25 C    (  0  0 -1)     4.599     2.433     0.000

 ATOM A  32 C    ATOM B     CELL      R(AB)/AU R(AB)/ANG    OVPOP(AB)
                 38 C    (  0  0  0)     2.652     1.403    -0.000
                 43 C    (  0  0  0)     2.652     1.403    -0.000
                 20 C    (  0  0  0)     2.660     1.408     0.000
                 44 C    (  0  0  0)     4.597     2.433    -0.000
                 37 C    (  0  0  0)     4.597     2.433    -0.000
                 26 C    (  0  0 -1)     4.599     2.433    -0.000

 ATOM A  33 C    ATOM B     CELL      R(AB)/AU R(AB)/ANG    OVPOP(AB)
                 39 C    (  1  1  0)     2.651     1.403     0.000
                 46 C    (  1  1  0)     2.651     1.403     0.000
                 21 C    (  0  0  0)     2.659     1.407    -0.000
                 45 C    (  1  1  0)     4.596     2.432    -0.000
                 40 C    (  1  1  0)     4.596     2.432    -0.000
                 27 C    (  0  0  0)     4.599     2.433    -0.000

 ATOM A  34 C    ATOM B     CELL      R(AB)/AU R(AB)/ANG    OVPOP(AB)
                 45 C    (  0  0  0)     2.652     1.403    -0.000
                 40 C    (  0  0  0)     2.652     1.403    -0.000
                 22 C    (  0  0  0)     2.661     1.408     0.000
                 39 C    (  0  0  0)     4.597     2.433    -0.000
                 46 C    (  0  0  0)     4.597     2.433    -0.000
                 28 C    (  0  0  0)     4.599     2.433    -0.000

 ATOM A  35 C    ATOM B     CELL      R(AB)/AU R(AB)/ANG    OVPOP(AB)
                 41 C    (  0  0  0)     2.652     1.403     0.000
                 48 C    (  0  0  0)     2.652     1.403     0.000
                 23 C    ( -1  0  0)     2.661     1.408    -0.000
                 29 C    (  0  0  0)     4.599     2.433     0.000
                 29 C    (  0  0 -1)     4.599     2.433     0.000
                 47 C    (  0  0  0)     4.599     2.434    -0.000

 ATOM A  36 C    ATOM B     CELL      R(AB)/AU R(AB)/ANG    OVPOP(AB)
                 47 C    (  0  0  0)     2.651     1.403    -0.000
                 42 C    (  0  0  0)     2.651     1.403    -0.000
                 24 C    (  0  0  0)     2.660     1.407     0.000
                 41 C    (  0  0  0)     4.597     2.433     0.000
                 48 C    (  0  0  0)     4.597     2.433     0.000
                 30 C    (  0  0  0)     4.599     2.433     0.000

 ATOM A  37 C    ATOM B     CELL      R(AB)/AU R(AB)/ANG    OVPOP(AB)
                 31 C    (  0  0  0)     2.652     1.403     0.000
                 25 C    (  0  0  0)     2.663     1.409    -0.000
                 43 C    (  0  0  0)     2.693     1.425    -0.000
                 44 C    (  0  0  1)     4.540     2.403     0.000
                 19 C    (  0  0  0)     4.569     2.418    -0.000
                 32 C    (  0  0  0)     4.597     2.433    -0.000

 ATOM A  38 C    ATOM B     CELL      R(AB)/AU R(AB)/ANG    OVPOP(AB)
                 32 C    (  0  0  0)     2.652     1.403    -0.000
                 26 C    (  0  0 -1)     2.663     1.409     0.000
                 44 C    (  0  0  0)     2.693     1.425    -0.000
                 43 C    (  0  0 -1)     4.540     2.402    -0.000
                 20 C    (  0  0  0)     4.569     2.418     0.000
                 31 C    (  0  0  0)     4.597     2.433     0.000

 ATOM A  39 C    ATOM B     CELL      R(AB)/AU R(AB)/ANG    OVPOP(AB)
                 33 C    ( -1 -1  0)     2.651     1.403     0.000
                 27 C    ( -1 -1  0)     2.662     1.409     0.000
                 45 C    (  0  0  0)     2.694     1.426     0.000
                 46 C    (  0  0  1)     4.539     2.402     0.000
                 21 C    ( -1 -1  0)     4.566     2.416    -0.000
                 34 C    (  0  0  0)     4.597     2.433    -0.000

 ATOM A  40 C    ATOM B     CELL      R(AB)/AU R(AB)/ANG    OVPOP(AB)
                 34 C    (  0  0  0)     2.652     1.403    -0.000
                 28 C    (  0  0 -1)     2.662     1.409    -0.000
                 46 C    (  0  0  0)     2.694     1.426     0.000
                 45 C    (  0  0 -1)     4.539     2.402    -0.000
                 22 C    (  0  0  0)     4.569     2.418     0.000
                 33 C    ( -1 -1  0)     4.596     2.432    -0.000

 ATOM A  41 C    ATOM B     CELL      R(AB)/AU R(AB)/ANG    OVPOP(AB)
                 35 C    (  0  0  0)     2.652     1.403     0.000
                 29 C    (  0  0  0)     2.663     1.409     0.000
                 47 C    (  0  0  0)     2.695     1.426     0.000
                 48 C    (  0  0  1)     4.539     2.402     0.000
                 23 C    ( -1  0  0)     4.569     2.418     0.000
                 36 C    (  0  0  0)     4.597     2.433     0.000

 ATOM A  42 C    ATOM B     CELL      R(AB)/AU R(AB)/ANG    OVPOP(AB)
                 36 C    (  0  0  0)     2.651     1.403    -0.000
                 30 C    (  0  0 -1)     2.663     1.409    -0.000
                 48 C    (  0  0  0)     2.695     1.426    -0.000
                 47 C    (  0  0 -1)     4.539     2.402    -0.000
                 24 C    (  0  0  0)     4.567     2.417     0.000
                 35 C    (  0  0  0)     4.599     2.434     0.000

 ATOM A  43 C    ATOM B     CELL      R(AB)/AU R(AB)/ANG    OVPOP(AB)
                 32 C    (  0  0  0)     2.652     1.403    -0.000
                 26 C    (  0  0  0)     2.663     1.409     0.000
                 37 C    (  0  0  0)     2.693     1.425    -0.000
                 38 C    (  0  0  1)     4.540     2.402    -0.000
                 20 C    (  0  0  0)     4.569     2.418     0.000
                 31 C    (  0  0  0)     4.597     2.433     0.000

 ATOM A  44 C    ATOM B     CELL      R(AB)/AU R(AB)/ANG    OVPOP(AB)
                 31 C    (  0  0  0)     2.652     1.403     0.000
                 25 C    (  0  0 -1)     2.663     1.409    -0.000
                 38 C    (  0  0  0)     2.693     1.425    -0.000
                 37 C    (  0  0 -1)     4.540     2.403     0.000
                 19 C    (  0  0  0)     4.569     2.418    -0.000
                 32 C    (  0  0  0)     4.597     2.433    -0.000

 ATOM A  45 C    ATOM B     CELL      R(AB)/AU R(AB)/ANG    OVPOP(AB)
                 34 C    (  0  0  0)     2.652     1.403    -0.000
                 28 C    (  0  0  0)     2.662     1.409    -0.000
                 39 C    (  0  0  0)     2.694     1.426     0.000
                 40 C    (  0  0  1)     4.539     2.402    -0.000
                 22 C    (  0  0  0)     4.569     2.418     0.000
                 33 C    ( -1 -1  0)     4.596     2.432    -0.000

 ATOM A  46 C    ATOM B     CELL      R(AB)/AU R(AB)/ANG    OVPOP(AB)
                 33 C    ( -1 -1  0)     2.651     1.403     0.000
                 27 C    ( -1 -1 -1)     2.662     1.409     0.000
                 40 C    (  0  0  0)     2.694     1.426     0.000
                 39 C    (  0  0 -1)     4.539     2.402     0.000
                 21 C    ( -1 -1  0)     4.566     2.416    -0.000
                 34 C    (  0  0  0)     4.597     2.433    -0.000

 ATOM A  47 C    ATOM B     CELL      R(AB)/AU R(AB)/ANG    OVPOP(AB)
                 36 C    (  0  0  0)     2.651     1.403    -0.000
                 30 C    (  0  0  0)     2.663     1.409    -0.000
                 41 C    (  0  0  0)     2.695     1.426     0.000
                 42 C    (  0  0  1)     4.539     2.402    -0.000
                 24 C    (  0  0  0)     4.567     2.417     0.000
                 35 C    (  0  0  0)     4.599     2.434    -0.000

 ATOM A  48 C    ATOM B     CELL      R(AB)/AU R(AB)/ANG    OVPOP(AB)
                 35 C    (  0  0  0)     2.652     1.403     0.000
                 29 C    (  0  0 -1)     2.663     1.409     0.000
                 42 C    (  0  0  0)     2.695     1.426    -0.000
                 41 C    (  0  0 -1)     4.539     2.402     0.000
                 23 C    ( -1  0  0)     4.569     2.418    -0.000
                 36 C    (  0  0  0)     4.597     2.433     0.000

 ATOM A  49 C    ATOM B     CELL      R(AB)/AU R(AB)/ANG    OVPOP(AB)
                  1 C    (  0  0  0)     2.850     1.508     0.000
                  5 C    (  0  1  0)     2.852     1.509     0.000
                  3 C    (  0  0  0)     2.853     1.510    -0.000
                 52 C    (  0  0  0)     3.102     1.641     0.000
                 19 C    (  0  0  0)     4.466     2.363     0.000
                 21 C    (  0  0  0)     4.470     2.366    -0.000

 ATOM A  50 C    ATOM B     CELL      R(AB)/AU R(AB)/ANG    OVPOP(AB)
                  2 C    (  0 -1  0)     2.851     1.509    -0.000
                  4 C    (  0  0  0)     2.853     1.509    -0.000
                  6 C    (  0 -1  0)     2.855     1.511     0.000
                 51 C    (  0  0  0)     3.102     1.641    -0.000
                 20 C    (  0 -1  0)     4.468     2.364    -0.000
                 22 C    (  0  0  0)     4.470     2.366    -0.000

 ATOM A  51 C    ATOM B     CELL      R(AB)/AU R(AB)/ANG    OVPOP(AB)
                  7 C    (  0 -1  0)     2.851     1.509    -0.000
                  9 C    (  0  0  0)     2.853     1.509    -0.000
                 11 C    (  0 -1  0)     2.855     1.511     0.000
                 50 C    (  0  0  0)     3.102     1.641    -0.000
                 20 C    (  0 -1  0)     4.468     2.364    -0.000
                 22 C    (  0  0  0)     4.470     2.366     0.000

 ATOM A  52 C    ATOM B     CELL      R(AB)/AU R(AB)/ANG    OVPOP(AB)
                  8 C    (  0  0  0)     2.850     1.508     0.000
                 12 C    (  0  1  0)     2.852     1.509     0.000
                 10 C    (  0  0  0)     2.853     1.510    -0.000
                 49 C    (  0  0  0)     3.102     1.641     0.000
                 19 C    (  0  0  0)     4.466     2.363     0.000
                 21 C    (  0  0  0)     4.470     2.366    -0.000
 EIGENVECTORS IN FORTRAN UNIT  8
 TTTTTTTTTTTTTTTTTTTTTTTTTTTTTT END         TELAPSE     2510.67 TCPU     2508.91
 EEEEEEEEEE TERMINATION  DATE 28 01 2026 TIME 20:54:09.7
NODE    0 CPU TIME =      2508.913
NODE    1 CPU TIME =      2509.518
NODE    2 CPU TIME =      2509.413
NODE    3 CPU TIME =      2509.038
NODE    4 CPU TIME =      2509.396
NODE    5 CPU TIME =      2509.484
NODE    6 CPU TIME =      2509.543
NODE    7 CPU TIME =      2509.489
NODE    8 CPU TIME =      2508.918
NODE    9 CPU TIME =      2509.048
NODE   10 CPU TIME =      2509.480
NODE   11 CPU TIME =      2509.460
NODE   12 CPU TIME =      2509.127
NODE   13 CPU TIME =      2509.306
NODE   14 CPU TIME =      2508.646
NODE   15 CPU TIME =      2508.787
NODE   16 CPU TIME =      2508.698
NODE   17 CPU TIME =      2508.994
NODE   18 CPU TIME =      2508.974
NODE   19 CPU TIME =      2508.669
NODE   20 CPU TIME =      2508.926
NODE   21 CPU TIME =      2508.383
NODE   22 CPU TIME =      2504.805
NODE   23 CPU TIME =      2508.377
NODE   24 CPU TIME =      2508.419
NODE   25 CPU TIME =      2508.489
NODE   26 CPU TIME =      2508.830
NODE   27 CPU TIME =      2508.752
NODE   28 CPU TIME =      2508.140
NODE   29 CPU TIME =      2508.679
NODE   30 CPU TIME =      2508.570
NODE   31 CPU TIME =      2506.593
    TOTAL CPU TIME =     80279.865
