MPI startup(): Warning: I_MPI_PMI_LIBRARY will be ignored since the hydra process manager was found
MPI startup(): Warning: I_MPI_PMI_LIBRARY will be ignored since the hydra process manager was found
MPI startup(): Warning: I_MPI_PMI_LIBRARY will be ignored since the hydra process manager was found
MPI startup(): Warning: I_MPI_PMI_LIBRARY will be ignored since the hydra process manager was found
MPI startup(): Warning: I_MPI_PMI_LIBRARY will be ignored since the hydra process manager was found
MPI startup(): Warning: I_MPI_PMI_LIBRARY will be ignored since the hydra process manager was found
MPI startup(): Warning: I_MPI_PMI_LIBRARY will be ignored since the hydra process manager was found
MPI startup(): Warning: I_MPI_PMI_LIBRARY will be ignored since the hydra process manager was found
MPI startup(): Warning: I_MPI_PMI_LIBRARY will be ignored since the hydra process manager was found
MPI startup(): Warning: I_MPI_PMI_LIBRARY will be ignored since the hydra process manager was found
MPI startup(): Warning: I_MPI_PMI_LIBRARY will be ignored since the hydra process manager was found
MPI startup(): Warning: I_MPI_PMI_LIBRARY will be ignored since the hydra process manager was found
MPI startup(): Warning: I_MPI_PMI_LIBRARY will be ignored since the hydra process manager was found
MPI startup(): Warning: I_MPI_PMI_LIBRARY will be ignored since the hydra process manager was found
MPI startup(): Warning: I_MPI_PMI_LIBRARY will be ignored since the hydra process manager was found
MPI startup(): Warning: I_MPI_PMI_LIBRARY will be ignored since the hydra process manager was found
MPI startup(): Warning: I_MPI_PMI_LIBRARY will be ignored since the hydra process manager was found
MPI startup(): Warning: I_MPI_PMI_LIBRARY will be ignored since the hydra process manager was found
MPI startup(): Warning: I_MPI_PMI_LIBRARY will be ignored since the hydra process manager was found
MPI startup(): Warning: I_MPI_PMI_LIBRARY will be ignored since the hydra process manager was found
MPI startup(): Warning: I_MPI_PMI_LIBRARY will be ignored since the hydra process manager was found
MPI startup(): Warning: I_MPI_PMI_LIBRARY will be ignored since the hydra process manager was found
MPI startup(): Warning: I_MPI_PMI_LIBRARY will be ignored since the hydra process manager was found
MPI startup(): Warning: I_MPI_PMI_LIBRARY will be ignored since the hydra process manager was found
 PROCESS           16  OF           24  WORKING
 PROCESS           23  OF           24  WORKING
 PROCESS           22  OF           24  WORKING
 PROCESS           13  OF           24  WORKING
 PROCESS            8  OF           24  WORKING
 PROCESS           17  OF           24  WORKING
 PROCESS            6  OF           24  WORKING
 PROCESS           19  OF           24  WORKING
 PROCESS            3  OF           24  WORKING
 PROCESS           20  OF           24  WORKING
 PROCESS            2  OF           24  WORKING
 PROCESS           10  OF           24  WORKING
 PROCESS            7  OF           24  WORKING
 PROCESS            0  OF           24  WORKING
 PROCESS            4  OF           24  WORKING
 PROCESS           14  OF           24  WORKING
 PROCESS            5  OF           24  WORKING
 PROCESS           15  OF           24  WORKING
 PROCESS           18  OF           24  WORKING
 PROCESS           21  OF           24  WORKING

         
 *******************************************************************************
 *                                                                             *
 *                               CRYSTAL23                                     *
 *                      public : 1.0.1 - October 2022                          *
 *                       HTTP://WWW.CRYSTAL.UNITO.IT                           *
 *                                                                             *
 *                              MAIN AUTHORS                                   *
 *                                                                             *
 *  R. DOVESI(1,11), V.R. SAUNDERS(2), C. ROETTI(1,11), R. ORLANDO(1,11),      *
 *  C.M. ZICOVICH-WILSON(1,3), F. PASCALE(4), B. CIVALLERI(1,11),              *
 *  K. DOLL(5), N.M. HARRISON(6), I.J. BUSH(7), Ph. D'ARCO(8),                 *
 *  M. LLUNELL(9), M. CAUSA'(10), Y. NOEL(8), L. MASCHIO(1,11), A. ERBA(1,11)  *
 *  M. RE'RAT(14), S. CASASSA(1,11), B.G. SEARLE(2), J.K. DESMARAIS(1)         *
 *                                                                             *
 *        CONTRIBUTIONS TO THE CODE HAVE ALSO BEEN GIVEN BY                    *
 *                                                                             *
 *  M. FERRABONE(1,11), M. DE LA PIERRE(1,11), M. FERRERO(1,11),               *
 *  J. BAIMA(1,11), E. ALBANESE(1,11), M.F. PEINTINGER(12), R. BAST(13),       *
 *  B. KIRTMAN(15), V. LACIVITA(1,11), R. DEMICHELIS(1,16)                     *
 *  G. BRANDEBURG(17), S. SALUSTRO(1,11), G. SANSONE(1,11)                     *
 *  M.T. RUGGIERO(18), L.E. DAGA(1), L. DONA'(1), A. COSSARD(1)                *
 *                                                                             *
 * (1) THEORETICAL CHEMISTRY GROUP - UNIVERSITA' DI TORINO - TORINO (ITALY)    *
 * (2) SCIENTIFIC COMPUTING DEPARTMENT - STFC DARESBURY (UK)                   *
 * (3) UNIVERSIDAD AUTONOMA DEL ESTADO DE MORELOS - CUERNAVACA (MEXICO)        *
 * (4) UNIVERSITE' DE LORRAINE - NANCY (FRANCE)                                *
 * (5) UNIVERSITAET STUTTGART- STUTTGART (GERMANY)                             *
 * (6) IMPERIAL COLLEGE - LONDON (UK)                                          *
 * (7) SCIENTIFIC COMPUTING DEPARTMENT - STFC RAL (UK)                         *
 * (8) UPMC - SORBONNE UNIVERSITES - PARIS (FRANCE)                            *
 * (9) UNIVERSIDAD DE BARCELONA - BARCELONA (SPAIN)                            *
 *(10) UNIVERSITA' DI NAPOLI "FEDERICO II" - NAPOLI (ITALY)                    *
 *(11) NIS - NANOSTRUCTURED INTERFACES AND SURFACES - TORINO (ITALY)           *
 *(12) MPI FUER CHEMISCHE ENERGIEKONVERSION - MUELHEIM AN DER RUHR (GERMANY)   *
 *(13) UNIVERSITY OF TROMSO - TROMSO (NORWAY)                                  *
 *(14) UNIVERSITE' DE PAU ET DES PAYS DE L'ADOUR - PAU (FRANCE)                *
 *(15) UNIVERSITY OF CALIFORNIA SANTA BARBARA - SANTA BARBARA (USA)            *
 *(16) CURTIN UNIVERSITY - PERTH (AUSTRALIA)                                   *
 *(17) UNIVERSITY COLLEGE LONDON - LONDON (UK)                                 *
 *(18) UNIVERSITY OF VERMONT - BURLINGTON (USA)                                *
 *                                                                             *
 *******************************************************************************
 EEEEEEEEEE STARTING  DATE 22 01 2026 TIME 12:51:24.6
 ./4^3T217-CA_rev1_sp_B3LYP-D3-D3_optimized                                      
 PROCESS            1  OF           24  WORKING
 PROCESS           11  OF           24  WORKING
 PROCESS           12  OF           24  WORKING
 PROCESS            9  OF           24  WORKING

 CRYSTAL CALCULATION
 (INPUT ACCORDING TO THE INTERNATIONAL TABLES FOR X-RAY CRYSTALLOGRAPHY)
 CRYSTAL FAMILY                       :  CUBIC       
 CRYSTAL CLASS  (GROTH - 1921)        :  CUBIC PENTAGONALICOSITETRAHEDRAL     

 SPACE GROUP (NONCENTROSYMMETRIC)     :  P 4 3 2         

 LATTICE PARAMETERS  (ANGSTROMS AND DEGREES) - CONVENTIONAL CELL
        A           B           C        ALPHA        BETA       GAMMA
     7.76383     7.76383     7.76383    90.00000    90.00000    90.00000


 NUMBER OF IRREDUCIBLE ATOMS IN THE CONVENTIONAL CELL:    3

 INPUT COORDINATES

 ATOM AT. N.              COORDINATES
   1   6    -4.183765112006E-01  2.881314270424E-01 -4.410226219304E-02
   2   6    -4.813209167600E-01  3.592149503073E-01 -2.248719916037E-01
   3   6    -2.846599725137E-01  1.413395140752E-01 -1.214168809041E-02

 *******************************************************************************

 << INFORMATION >>: FROM NOW ON, ALL COORDINATES REFER TO THE PRIMITIVE CELL

 *******************************************************************************

 LATTICE PARAMETERS  (ANGSTROMS AND DEGREES) - PRIMITIVE CELL
       A          B          C        ALPHA      BETA     GAMMA        VOLUME
    7.76383    7.76383    7.76383    90.00000  90.00000  90.00000    467.981659

 COORDINATES OF THE EQUIVALENT ATOMS (FRACTIONAL UNITS)

 N. ATOM EQUIV AT. N.          X                  Y                  Z

   1   1   1    6 C    -4.18376511201E-01  2.88131427042E-01 -4.41022621930E-02
   2   1   2    6 C     4.18376511201E-01 -2.88131427042E-01 -4.41022621930E-02
   3   1   3    6 C    -4.18376511201E-01 -2.88131427042E-01  4.41022621930E-02
   4   1   4    6 C     4.18376511201E-01  2.88131427042E-01  4.41022621930E-02
   5   1   5    6 C    -4.41022621930E-02 -4.18376511201E-01  2.88131427042E-01
   6   1   6    6 C     2.88131427042E-01 -4.41022621930E-02 -4.18376511201E-01
   7   1   7    6 C     4.41022621930E-02  4.18376511201E-01  2.88131427042E-01
   8   1   8    6 C    -2.88131427042E-01 -4.41022621930E-02  4.18376511201E-01
   9   1   9    6 C    -4.41022621930E-02  4.18376511201E-01 -2.88131427042E-01
  10   1  10    6 C    -2.88131427042E-01  4.41022621930E-02 -4.18376511201E-01
  11   1  11    6 C     4.41022621930E-02 -4.18376511201E-01 -2.88131427042E-01
  12   1  12    6 C     2.88131427042E-01  4.41022621930E-02  4.18376511201E-01
  13   1  13    6 C    -2.88131427042E-01  4.18376511201E-01  4.41022621930E-02
  14   1  14    6 C     2.88131427042E-01 -4.18376511201E-01  4.41022621930E-02
  15   1  15    6 C     2.88131427042E-01  4.18376511201E-01 -4.41022621930E-02
  16   1  16    6 C    -2.88131427042E-01 -4.18376511201E-01 -4.41022621930E-02
  17   1  17    6 C     4.18376511201E-01  4.41022621930E-02 -2.88131427042E-01
  18   1  18    6 C     4.41022621930E-02 -2.88131427042E-01  4.18376511201E-01
  19   1  19    6 C    -4.18376511201E-01 -4.41022621930E-02 -2.88131427042E-01
  20   1  20    6 C     4.41022621930E-02  2.88131427042E-01 -4.18376511201E-01
  21   1  21    6 C    -4.18376511201E-01  4.41022621930E-02  2.88131427042E-01
  22   1  22    6 C    -4.41022621930E-02  2.88131427042E-01  4.18376511201E-01
  23   1  23    6 C     4.18376511201E-01 -4.41022621930E-02  2.88131427042E-01
  24   1  24    6 C    -4.41022621930E-02 -2.88131427042E-01 -4.18376511201E-01

  25   2   1    6 C    -4.81320916760E-01  3.59214950307E-01 -2.24871991604E-01
  26   2   2    6 C     4.81320916760E-01 -3.59214950307E-01 -2.24871991604E-01
  27   2   3    6 C    -4.81320916760E-01 -3.59214950307E-01  2.24871991604E-01
  28   2   4    6 C     4.81320916760E-01  3.59214950307E-01  2.24871991604E-01
  29   2   5    6 C    -2.24871991604E-01 -4.81320916760E-01  3.59214950307E-01
  30   2   6    6 C     3.59214950307E-01 -2.24871991604E-01 -4.81320916760E-01
  31   2   7    6 C     2.24871991604E-01  4.81320916760E-01  3.59214950307E-01
  32   2   8    6 C    -3.59214950307E-01 -2.24871991604E-01  4.81320916760E-01
  33   2   9    6 C    -2.24871991604E-01  4.81320916760E-01 -3.59214950307E-01
  34   2  10    6 C    -3.59214950307E-01  2.24871991604E-01 -4.81320916760E-01
  35   2  11    6 C     2.24871991604E-01 -4.81320916760E-01 -3.59214950307E-01
  36   2  12    6 C     3.59214950307E-01  2.24871991604E-01  4.81320916760E-01
  37   2  13    6 C    -3.59214950307E-01  4.81320916760E-01  2.24871991604E-01
  38   2  14    6 C     3.59214950307E-01 -4.81320916760E-01  2.24871991604E-01
  39   2  15    6 C     3.59214950307E-01  4.81320916760E-01 -2.24871991604E-01
  40   2  16    6 C    -3.59214950307E-01 -4.81320916760E-01 -2.24871991604E-01
  41   2  17    6 C     4.81320916760E-01  2.24871991604E-01 -3.59214950307E-01
  42   2  18    6 C     2.24871991604E-01 -3.59214950307E-01  4.81320916760E-01
  43   2  19    6 C    -4.81320916760E-01 -2.24871991604E-01 -3.59214950307E-01
  44   2  20    6 C     2.24871991604E-01  3.59214950307E-01 -4.81320916760E-01
  45   2  21    6 C    -4.81320916760E-01  2.24871991604E-01  3.59214950307E-01
  46   2  22    6 C    -2.24871991604E-01  3.59214950307E-01  4.81320916760E-01
  47   2  23    6 C     4.81320916760E-01 -2.24871991604E-01  3.59214950307E-01
  48   2  24    6 C    -2.24871991604E-01 -3.59214950307E-01 -4.81320916760E-01

  49   3   1    6 C    -2.84659972514E-01  1.41339514075E-01 -1.21416880904E-02
  50   3   2    6 C     2.84659972514E-01 -1.41339514075E-01 -1.21416880904E-02
  51   3   3    6 C    -2.84659972514E-01 -1.41339514075E-01  1.21416880904E-02
  52   3   4    6 C     2.84659972514E-01  1.41339514075E-01  1.21416880904E-02
  53   3   5    6 C    -1.21416880904E-02 -2.84659972514E-01  1.41339514075E-01
  54   3   6    6 C     1.41339514075E-01 -1.21416880904E-02 -2.84659972514E-01
  55   3   7    6 C     1.21416880904E-02  2.84659972514E-01  1.41339514075E-01
  56   3   8    6 C    -1.41339514075E-01 -1.21416880904E-02  2.84659972514E-01
  57   3   9    6 C    -1.21416880904E-02  2.84659972514E-01 -1.41339514075E-01
  58   3  10    6 C    -1.41339514075E-01  1.21416880904E-02 -2.84659972514E-01
  59   3  11    6 C     1.21416880904E-02 -2.84659972514E-01 -1.41339514075E-01
  60   3  12    6 C     1.41339514075E-01  1.21416880904E-02  2.84659972514E-01
  61   3  13    6 C    -1.41339514075E-01  2.84659972514E-01  1.21416880904E-02
  62   3  14    6 C     1.41339514075E-01 -2.84659972514E-01  1.21416880904E-02
  63   3  15    6 C     1.41339514075E-01  2.84659972514E-01 -1.21416880904E-02
  64   3  16    6 C    -1.41339514075E-01 -2.84659972514E-01 -1.21416880904E-02
  65   3  17    6 C     2.84659972514E-01  1.21416880904E-02 -1.41339514075E-01
  66   3  18    6 C     1.21416880904E-02 -1.41339514075E-01  2.84659972514E-01
  67   3  19    6 C    -2.84659972514E-01 -1.21416880904E-02 -1.41339514075E-01
  68   3  20    6 C     1.21416880904E-02  1.41339514075E-01 -2.84659972514E-01
  69   3  21    6 C    -2.84659972514E-01  1.21416880904E-02  1.41339514075E-01
  70   3  22    6 C    -1.21416880904E-02  1.41339514075E-01  2.84659972514E-01
  71   3  23    6 C     2.84659972514E-01 -1.21416880904E-02  1.41339514075E-01
  72   3  24    6 C    -1.21416880904E-02 -1.41339514075E-01 -2.84659972514E-01

 NUMBER OF SYMMETRY OPERATORS         :   24
 *******************************************************************************
 * GEOMETRY EDITING - INPUT COORDINATES ARE GIVEN IN ANGSTROM         
 *******************************************************************************

 GEOMETRY NOW FULLY CONSISTENT WITH THE GROUP

 GCALCO - MAX INDICES DIRECT LATTICE VECTOR    14    14    14
 NO.OF VECTORS CREATED 6999 STARS  120 RMAX   174.21466 BOHR

 GEOMETRY FOR WAVE FUNCTION - DIMENSIONALITY OF THE SYSTEM    3
 (NON PERIODIC DIRECTION: LATTICE PARAMETER FORMALLY SET TO 500)
 *******************************************************************************
 LATTICE PARAMETERS (ANGSTROMS AND DEGREES) - BOHR = 0.5291772083 ANGSTROM
 PRIMITIVE CELL - CENTRING CODE 1/0 VOLUME=   467.981659 - DENSITY  3.066 g/cm^3
         A              B              C           ALPHA      BETA       GAMMA 
     7.76383465     7.76383465     7.76383465    90.000000  90.000000  90.000000
 *******************************************************************************
 ATOMS IN THE ASYMMETRIC UNIT    3 - ATOMS IN THE UNIT CELL:   72
     ATOM                 X/A                 Y/B                 Z/C    
 *******************************************************************************
      1 T   6 C    -4.183765112006E-01  2.881314270424E-01 -4.410226219304E-02
      2 F   6 C     4.183765112006E-01 -2.881314270424E-01 -4.410226219304E-02
      3 F   6 C    -4.183765112006E-01 -2.881314270424E-01  4.410226219304E-02
      4 F   6 C     4.183765112006E-01  2.881314270424E-01  4.410226219304E-02
      5 F   6 C    -4.410226219304E-02 -4.183765112006E-01  2.881314270424E-01
      6 F   6 C     2.881314270424E-01 -4.410226219304E-02 -4.183765112006E-01
      7 F   6 C     4.410226219304E-02  4.183765112006E-01  2.881314270424E-01
      8 F   6 C    -2.881314270424E-01 -4.410226219304E-02  4.183765112006E-01
      9 F   6 C    -4.410226219304E-02  4.183765112006E-01 -2.881314270424E-01
     10 F   6 C    -2.881314270424E-01  4.410226219304E-02 -4.183765112006E-01
     11 F   6 C     4.410226219304E-02 -4.183765112006E-01 -2.881314270424E-01
     12 F   6 C     2.881314270424E-01  4.410226219304E-02  4.183765112006E-01
     13 F   6 C    -2.881314270424E-01  4.183765112006E-01  4.410226219304E-02
     14 F   6 C     2.881314270424E-01 -4.183765112006E-01  4.410226219304E-02
     15 F   6 C     2.881314270424E-01  4.183765112006E-01 -4.410226219304E-02
     16 F   6 C    -2.881314270424E-01 -4.183765112006E-01 -4.410226219304E-02
     17 F   6 C     4.183765112006E-01  4.410226219304E-02 -2.881314270424E-01
     18 F   6 C     4.410226219304E-02 -2.881314270424E-01  4.183765112006E-01
     19 F   6 C    -4.183765112006E-01 -4.410226219304E-02 -2.881314270424E-01
     20 F   6 C     4.410226219304E-02  2.881314270424E-01 -4.183765112006E-01
     21 F   6 C    -4.183765112006E-01  4.410226219304E-02  2.881314270424E-01
     22 F   6 C    -4.410226219304E-02  2.881314270424E-01  4.183765112006E-01
     23 F   6 C     4.183765112006E-01 -4.410226219304E-02  2.881314270424E-01
     24 F   6 C    -4.410226219304E-02 -2.881314270424E-01 -4.183765112006E-01
     25 T   6 C    -4.813209167600E-01  3.592149503073E-01 -2.248719916037E-01
     26 F   6 C     4.813209167600E-01 -3.592149503073E-01 -2.248719916037E-01
     27 F   6 C    -4.813209167600E-01 -3.592149503073E-01  2.248719916037E-01
     28 F   6 C     4.813209167600E-01  3.592149503073E-01  2.248719916037E-01
     29 F   6 C    -2.248719916037E-01 -4.813209167600E-01  3.592149503073E-01
     30 F   6 C     3.592149503073E-01 -2.248719916037E-01 -4.813209167600E-01
     31 F   6 C     2.248719916037E-01  4.813209167600E-01  3.592149503073E-01
     32 F   6 C    -3.592149503073E-01 -2.248719916037E-01  4.813209167600E-01
     33 F   6 C    -2.248719916037E-01  4.813209167600E-01 -3.592149503073E-01
     34 F   6 C    -3.592149503073E-01  2.248719916037E-01 -4.813209167600E-01
     35 F   6 C     2.248719916037E-01 -4.813209167600E-01 -3.592149503073E-01
     36 F   6 C     3.592149503073E-01  2.248719916037E-01  4.813209167600E-01
     37 F   6 C    -3.592149503073E-01  4.813209167600E-01  2.248719916037E-01
     38 F   6 C     3.592149503073E-01 -4.813209167600E-01  2.248719916037E-01
     39 F   6 C     3.592149503073E-01  4.813209167600E-01 -2.248719916037E-01
     40 F   6 C    -3.592149503073E-01 -4.813209167600E-01 -2.248719916037E-01
     41 F   6 C     4.813209167600E-01  2.248719916037E-01 -3.592149503073E-01
     42 F   6 C     2.248719916037E-01 -3.592149503073E-01  4.813209167600E-01
     43 F   6 C    -4.813209167600E-01 -2.248719916037E-01 -3.592149503073E-01
     44 F   6 C     2.248719916037E-01  3.592149503073E-01 -4.813209167600E-01
     45 F   6 C    -4.813209167600E-01  2.248719916037E-01  3.592149503073E-01
     46 F   6 C    -2.248719916037E-01  3.592149503073E-01  4.813209167600E-01
     47 F   6 C     4.813209167600E-01 -2.248719916037E-01  3.592149503073E-01
     48 F   6 C    -2.248719916037E-01 -3.592149503073E-01 -4.813209167600E-01
     49 T   6 C    -2.846599725137E-01  1.413395140752E-01 -1.214168809041E-02
     50 F   6 C     2.846599725137E-01 -1.413395140752E-01 -1.214168809041E-02
     51 F   6 C    -2.846599725137E-01 -1.413395140752E-01  1.214168809041E-02
     52 F   6 C     2.846599725137E-01  1.413395140752E-01  1.214168809041E-02
     53 F   6 C    -1.214168809041E-02 -2.846599725137E-01  1.413395140752E-01
     54 F   6 C     1.413395140752E-01 -1.214168809041E-02 -2.846599725137E-01
     55 F   6 C     1.214168809041E-02  2.846599725137E-01  1.413395140752E-01
     56 F   6 C    -1.413395140752E-01 -1.214168809041E-02  2.846599725137E-01
     57 F   6 C    -1.214168809041E-02  2.846599725137E-01 -1.413395140752E-01
     58 F   6 C    -1.413395140752E-01  1.214168809041E-02 -2.846599725137E-01
     59 F   6 C     1.214168809041E-02 -2.846599725137E-01 -1.413395140752E-01
     60 F   6 C     1.413395140752E-01  1.214168809041E-02  2.846599725137E-01
     61 F   6 C    -1.413395140752E-01  2.846599725137E-01  1.214168809041E-02
     62 F   6 C     1.413395140752E-01 -2.846599725137E-01  1.214168809041E-02
     63 F   6 C     1.413395140752E-01  2.846599725137E-01 -1.214168809041E-02
     64 F   6 C    -1.413395140752E-01 -2.846599725137E-01 -1.214168809041E-02
     65 F   6 C     2.846599725137E-01  1.214168809041E-02 -1.413395140752E-01
     66 F   6 C     1.214168809041E-02 -1.413395140752E-01  2.846599725137E-01
     67 F   6 C    -2.846599725137E-01 -1.214168809041E-02 -1.413395140752E-01
     68 F   6 C     1.214168809041E-02  1.413395140752E-01 -2.846599725137E-01
     69 F   6 C    -2.846599725137E-01  1.214168809041E-02  1.413395140752E-01
     70 F   6 C    -1.214168809041E-02  1.413395140752E-01  2.846599725137E-01
     71 F   6 C     2.846599725137E-01 -1.214168809041E-02  1.413395140752E-01
     72 F   6 C    -1.214168809041E-02 -1.413395140752E-01 -2.846599725137E-01

 T = ATOM BELONGING TO THE ASYMMETRIC UNIT

 ****   24 SYMMOPS - TRANSLATORS IN FRACTIONAL UNITS
 **** MATRICES AND TRANSLATORS IN THE CRYSTALLOGRAPHIC REFERENCE FRAME
   V INV                    ROTATION MATRICES                   TRANSLATORS
   1   1  1.00  0.00  0.00  0.00  1.00  0.00  0.00  0.00  1.00  0.00  0.00  0.00
   2   2 -1.00  0.00  0.00  0.00 -1.00  0.00  0.00  0.00  1.00  0.00  0.00  0.00
   3   3  1.00  0.00  0.00  0.00 -1.00  0.00  0.00  0.00 -1.00  0.00  0.00  0.00
   4   4 -1.00  0.00  0.00  0.00  1.00  0.00  0.00  0.00 -1.00  0.00  0.00  0.00
   5   6  0.00  0.00  1.00  1.00  0.00  0.00  0.00  1.00  0.00  0.00  0.00  0.00
   6   5  0.00  1.00  0.00  0.00  0.00  1.00  1.00  0.00  0.00  0.00  0.00  0.00
   7   8  0.00  0.00 -1.00 -1.00  0.00  0.00  0.00  1.00  0.00  0.00  0.00  0.00
   8   7  0.00 -1.00  0.00  0.00  0.00  1.00 -1.00  0.00  0.00  0.00  0.00  0.00
   9  10  0.00  0.00  1.00 -1.00  0.00  0.00  0.00 -1.00  0.00  0.00  0.00  0.00
  10   9  0.00 -1.00  0.00  0.00  0.00 -1.00  1.00  0.00  0.00  0.00  0.00  0.00
  11  12  0.00  0.00 -1.00  1.00  0.00  0.00  0.00 -1.00  0.00  0.00  0.00  0.00
  12  11  0.00  1.00  0.00  0.00  0.00 -1.00 -1.00  0.00  0.00  0.00  0.00  0.00
  13  13  0.00 -1.00  0.00 -1.00  0.00  0.00  0.00  0.00 -1.00  0.00  0.00  0.00
  14  14  0.00  1.00  0.00  1.00  0.00  0.00  0.00  0.00 -1.00  0.00  0.00  0.00
  15  16  0.00  1.00  0.00 -1.00  0.00  0.00  0.00  0.00  1.00  0.00  0.00  0.00
  16  15  0.00 -1.00  0.00  1.00  0.00  0.00  0.00  0.00  1.00  0.00  0.00  0.00
  17  17 -1.00  0.00  0.00  0.00  0.00 -1.00  0.00 -1.00  0.00  0.00  0.00  0.00
  18  18  0.00  0.00 -1.00  0.00 -1.00  0.00 -1.00  0.00  0.00  0.00  0.00  0.00
  19  21  1.00  0.00  0.00  0.00  0.00  1.00  0.00 -1.00  0.00  0.00  0.00  0.00
  20  22  0.00  0.00 -1.00  0.00  1.00  0.00  1.00  0.00  0.00  0.00  0.00  0.00
  21  19  1.00  0.00  0.00  0.00  0.00 -1.00  0.00  1.00  0.00  0.00  0.00  0.00
  22  20  0.00  0.00  1.00  0.00  1.00  0.00 -1.00  0.00  0.00  0.00  0.00  0.00
  23  23 -1.00  0.00  0.00  0.00  0.00  1.00  0.00  1.00  0.00  0.00  0.00  0.00
  24  24  0.00  0.00  1.00  0.00 -1.00  0.00  1.00  0.00  0.00  0.00  0.00  0.00

 DIRECT LATTICE VECTORS CARTESIAN COMPONENTS (ANGSTROM)
          X                    Y                    Z
   0.776383465000E+01   0.000000000000E+00   0.000000000000E+00
   0.000000000000E+00   0.776383465000E+01   0.000000000000E+00
   0.000000000000E+00   0.000000000000E+00   0.776383465000E+01


 CARTESIAN COORDINATES - PRIMITIVE CELL
 *******************************************************************************
 *      ATOM          X(ANGSTROM)         Y(ANGSTROM)         Z(ANGSTROM)
 *******************************************************************************
    1     6 C    -3.248206054405E+00  2.237004757026E+00 -3.424026713577E-01
    2     6 C     3.248206054405E+00 -2.237004757026E+00 -3.424026713577E-01
    3     6 C    -3.248206054405E+00 -2.237004757026E+00  3.424026713577E-01
    4     6 C     3.248206054405E+00  2.237004757026E+00  3.424026713577E-01
    5     6 C    -3.424026713577E-01 -3.248206054405E+00  2.237004757026E+00
    6     6 C     2.237004757026E+00 -3.424026713577E-01 -3.248206054405E+00
    7     6 C     3.424026713577E-01  3.248206054405E+00  2.237004757026E+00
    8     6 C    -2.237004757026E+00 -3.424026713577E-01  3.248206054405E+00
    9     6 C    -3.424026713577E-01  3.248206054405E+00 -2.237004757026E+00
   10     6 C    -2.237004757026E+00  3.424026713577E-01 -3.248206054405E+00
   11     6 C     3.424026713577E-01 -3.248206054405E+00 -2.237004757026E+00
   12     6 C     2.237004757026E+00  3.424026713577E-01  3.248206054405E+00
   13     6 C    -2.237004757026E+00  3.248206054405E+00  3.424026713577E-01
   14     6 C     2.237004757026E+00 -3.248206054405E+00  3.424026713577E-01
   15     6 C     2.237004757026E+00  3.248206054405E+00 -3.424026713577E-01
   16     6 C    -2.237004757026E+00 -3.248206054405E+00 -3.424026713577E-01
   17     6 C     3.248206054405E+00  3.424026713577E-01 -2.237004757026E+00
   18     6 C     3.424026713577E-01 -2.237004757026E+00  3.248206054405E+00
   19     6 C    -3.248206054405E+00 -3.424026713577E-01 -2.237004757026E+00
   20     6 C     3.424026713577E-01  2.237004757026E+00 -3.248206054405E+00
   21     6 C    -3.248206054405E+00  3.424026713577E-01  2.237004757026E+00
   22     6 C    -3.424026713577E-01  2.237004757026E+00  3.248206054405E+00
   23     6 C     3.248206054405E+00 -3.424026713577E-01  2.237004757026E+00
   24     6 C    -3.424026713577E-01 -2.237004757026E+00 -3.248206054405E+00
   25     6 C    -3.736896011311E+00  2.788885477994E+00 -1.745868960227E+00
   26     6 C     3.736896011311E+00 -2.788885477994E+00 -1.745868960227E+00
   27     6 C    -3.736896011311E+00 -2.788885477994E+00  1.745868960227E+00
   28     6 C     3.736896011311E+00  2.788885477994E+00  1.745868960227E+00
   29     6 C    -1.745868960227E+00 -3.736896011311E+00  2.788885477994E+00
   30     6 C     2.788885477994E+00 -1.745868960227E+00 -3.736896011311E+00
   31     6 C     1.745868960227E+00  3.736896011311E+00  2.788885477994E+00
   32     6 C    -2.788885477994E+00 -1.745868960227E+00  3.736896011311E+00
   33     6 C    -1.745868960227E+00  3.736896011311E+00 -2.788885477994E+00
   34     6 C    -2.788885477994E+00  1.745868960227E+00 -3.736896011311E+00
   35     6 C     1.745868960227E+00 -3.736896011311E+00 -2.788885477994E+00
   36     6 C     2.788885477994E+00  1.745868960227E+00  3.736896011311E+00
   37     6 C    -2.788885477994E+00  3.736896011311E+00  1.745868960227E+00
   38     6 C     2.788885477994E+00 -3.736896011311E+00  1.745868960227E+00
   39     6 C     2.788885477994E+00  3.736896011311E+00 -1.745868960227E+00
   40     6 C    -2.788885477994E+00 -3.736896011311E+00 -1.745868960227E+00
   41     6 C     3.736896011311E+00  1.745868960227E+00 -2.788885477994E+00
   42     6 C     1.745868960227E+00 -2.788885477994E+00  3.736896011311E+00
   43     6 C    -3.736896011311E+00 -1.745868960227E+00 -2.788885477994E+00
   44     6 C     1.745868960227E+00  2.788885477994E+00 -3.736896011311E+00
   45     6 C    -3.736896011311E+00  1.745868960227E+00  2.788885477994E+00
   46     6 C    -1.745868960227E+00  2.788885477994E+00  3.736896011311E+00
   47     6 C     3.736896011311E+00 -1.745868960227E+00  2.788885477994E+00
   48     6 C    -1.745868960227E+00 -2.788885477994E+00 -3.736896011311E+00
   49     6 C    -2.210052958070E+00  1.097336616791E+00 -9.426605870582E-02
   50     6 C     2.210052958070E+00 -1.097336616791E+00 -9.426605870582E-02
   51     6 C    -2.210052958070E+00 -1.097336616791E+00  9.426605870582E-02
   52     6 C     2.210052958070E+00  1.097336616791E+00  9.426605870582E-02
   53     6 C    -9.426605870582E-02 -2.210052958070E+00  1.097336616791E+00
   54     6 C     1.097336616791E+00 -9.426605870582E-02 -2.210052958070E+00
   55     6 C     9.426605870582E-02  2.210052958070E+00  1.097336616791E+00
   56     6 C    -1.097336616791E+00 -9.426605870582E-02  2.210052958070E+00
   57     6 C    -9.426605870582E-02  2.210052958070E+00 -1.097336616791E+00
   58     6 C    -1.097336616791E+00  9.426605870582E-02 -2.210052958070E+00
   59     6 C     9.426605870582E-02 -2.210052958070E+00 -1.097336616791E+00
   60     6 C     1.097336616791E+00  9.426605870582E-02  2.210052958070E+00
   61     6 C    -1.097336616791E+00  2.210052958070E+00  9.426605870582E-02
   62     6 C     1.097336616791E+00 -2.210052958070E+00  9.426605870582E-02
   63     6 C     1.097336616791E+00  2.210052958070E+00 -9.426605870582E-02
   64     6 C    -1.097336616791E+00 -2.210052958070E+00 -9.426605870582E-02
   65     6 C     2.210052958070E+00  9.426605870582E-02 -1.097336616791E+00
   66     6 C     9.426605870582E-02 -1.097336616791E+00  2.210052958070E+00
   67     6 C    -2.210052958070E+00 -9.426605870582E-02 -1.097336616791E+00
   68     6 C     9.426605870582E-02  1.097336616791E+00 -2.210052958070E+00
   69     6 C    -2.210052958070E+00  9.426605870582E-02  1.097336616791E+00
   70     6 C    -9.426605870582E-02  1.097336616791E+00  2.210052958070E+00
   71     6 C     2.210052958070E+00 -9.426605870582E-02  1.097336616791E+00
   72     6 C    -9.426605870582E-02 -1.097336616791E+00 -2.210052958070E+00

 *******************************************************************************
 LOCAL ATOMIC FUNCTIONS BASIS SET
 *******************************************************************************
   ATOM   X(AU)   Y(AU)   Z(AU)  N. TYPE  EXPONENT  S COEF   P COEF   D/F/G COEF
 *******************************************************************************
   1 C   -6.138   4.227  -0.647
                                  1 S  
                                         1.358E+04 2.225E-04 0.000E+00 0.000E+00
                                         2.035E+03 1.723E-03 0.000E+00 0.000E+00
                                         4.632E+02 8.926E-03 0.000E+00 0.000E+00
                                         1.312E+02 3.573E-02 0.000E+00 0.000E+00
                                         4.285E+01 1.108E-01 0.000E+00 0.000E+00
                                         1.558E+01 2.430E-01 0.000E+00 0.000E+00
                                  2 S  
                                         6.207E+00 4.144E-01 0.000E+00 0.000E+00
                                         2.576E+00 2.374E-01 0.000E+00 0.000E+00
                                  3 S  
                                         4.941E-01 1.000E+00 0.000E+00 0.000E+00
                                  4 S  
                                         1.644E-01 1.000E+00 0.000E+00 0.000E+00
                           5-     7 P  
                                         3.470E+01 0.000E+00 5.333E-03 0.000E+00
                                         7.958E+00 0.000E+00 3.586E-02 0.000E+00
                                         2.378E+00 0.000E+00 1.422E-01 0.000E+00
                                         8.143E-01 0.000E+00 3.427E-01 0.000E+00
                           8-    10 P  
                                         5.662E-01 0.000E+00 1.000E+00 0.000E+00
                          11-    13 P  
                                         2.674E-01 0.000E+00 1.000E+00 0.000E+00
                          14-    18 D  
                                         8.792E-01 0.000E+00 0.000E+00 1.000E+00
   2 C    6.138  -4.227  -0.647
   3 C   -6.138  -4.227   0.647
   4 C    6.138   4.227   0.647
   5 C   -0.647  -6.138   4.227
   6 C    4.227  -0.647  -6.138
   7 C    0.647   6.138   4.227
   8 C   -4.227  -0.647   6.138
   9 C   -0.647   6.138  -4.227
  10 C   -4.227   0.647  -6.138
  11 C    0.647  -6.138  -4.227
  12 C    4.227   0.647   6.138
  13 C   -4.227   6.138   0.647
  14 C    4.227  -6.138   0.647
  15 C    4.227   6.138  -0.647
  16 C   -4.227  -6.138  -0.647
  17 C    6.138   0.647  -4.227
  18 C    0.647  -4.227   6.138
  19 C   -6.138  -0.647  -4.227
  20 C    0.647   4.227  -6.138
  21 C   -6.138   0.647   4.227
  22 C   -0.647   4.227   6.138
  23 C    6.138  -0.647   4.227
  24 C   -0.647  -4.227  -6.138
  25 C   -7.062   5.270  -3.299
  26 C    7.062  -5.270  -3.299
  27 C   -7.062  -5.270   3.299
  28 C    7.062   5.270   3.299
  29 C   -3.299  -7.062   5.270
  30 C    5.270  -3.299  -7.062
  31 C    3.299   7.062   5.270
  32 C   -5.270  -3.299   7.062
  33 C   -3.299   7.062  -5.270
  34 C   -5.270   3.299  -7.062
  35 C    3.299  -7.062  -5.270
  36 C    5.270   3.299   7.062
  37 C   -5.270   7.062   3.299
  38 C    5.270  -7.062   3.299
  39 C    5.270   7.062  -3.299
  40 C   -5.270  -7.062  -3.299
  41 C    7.062   3.299  -5.270
  42 C    3.299  -5.270   7.062
  43 C   -7.062  -3.299  -5.270
  44 C    3.299   5.270  -7.062
  45 C   -7.062   3.299   5.270
  46 C   -3.299   5.270   7.062
  47 C    7.062  -3.299   5.270
  48 C   -3.299  -5.270  -7.062
  49 C   -4.176   2.074  -0.178
  50 C    4.176  -2.074  -0.178
  51 C   -4.176  -2.074   0.178
  52 C    4.176   2.074   0.178
  53 C   -0.178  -4.176   2.074
  54 C    2.074  -0.178  -4.176
  55 C    0.178   4.176   2.074
  56 C   -2.074  -0.178   4.176
  57 C   -0.178   4.176  -2.074
  58 C   -2.074   0.178  -4.176
  59 C    0.178  -4.176  -2.074
  60 C    2.074   0.178   4.176
  61 C   -2.074   4.176   0.178
  62 C    2.074  -4.176   0.178
  63 C    2.074   4.176  -0.178
  64 C   -2.074  -4.176  -0.178
  65 C    4.176   0.178  -2.074
  66 C    0.178  -2.074   4.176
  67 C   -4.176  -0.178  -2.074
  68 C    0.178   2.074  -4.176
  69 C   -4.176   0.178   2.074
  70 C   -0.178   2.074   4.176
  71 C    4.176  -0.178   2.074
  72 C   -0.178  -2.074  -4.176
 INFORMATION **** SET_MPP **** PCRYSTAL CALCULATION
 INFORMATION **** READM2 **** NEW DEFAULT: FOCK/KS MATRIX MIXING SET TO 30 %
 INFORMATION **** READM2 **** NEW DEFAULT: FULL DIRECT SCF MODE
 INFORMATION **** READM2 **** NEW DEFAULT: COULOMB BIPOLAR BUFFER SET TO 32 Mb
 INFORMATION **** READM2 **** NEW DEFAULT: EXCHANGE BIPOLAR BUFFER SET TO 32 Mb

 *******************************************************************************
 NEW DEFAULT: DFT INTEGRATION GRID INCREASED TO XLGRID
 NEW DEFAULT: DIIS ACCELERATOR ACTIVE
 USE KEYWORD NODIIS TO TURN IT OFF
 *******************************************************************************

 INFORMATION **** DFTD3_INPUT **** PERFORM LATEST DISPERSION CORRECTION DFT-D3(BJ) WITH AUTOMATIC PARAMETER SETUP
 PLEASE CITE:
 (1) DFT-D3 Reference
  S. Grimme, J. Antony, S. Ehrlich, and H. Krieg, J. Chem. Phys. 132 (2010), 154104
 (2) BJ-Damping Reference
  S. Grimme, S. Ehrlich, and L. Goerigk, J. Comput. Chem. 32 (2011), 1456-1465
 (3) General DFT-D Review
  S. Grimme, A. Hansen, J. G. Brandenburg, and C. Bannwarth,
  Chem. Rev. 116 (2016), 5105-5154

 INFORMATION **** TOLINTEG **** COULOMB AND EXCHANGE SERIES TOLERANCES MODIFIED
 INFORMATION **** TOLDEE **** SCF TOL ON TOTAL ENERGY SET TO           9
 INFORMATION **** READM2 **** FULL DIRECT SCF (MONO AND BIEL INT) SELECTED
 INFORMATION **** MAXCYCLE **** MAX NUMBER OF SCF CYCLES SET TO        1600
 INFORMATION **** DIIS **** DIIS FOR SCF ACTIVE
 INFORMATION **** DIIS **** LEVEL SHIFTER DISABLED
 INFORMATION **** PPAN ****  MULLIKEN POPULATION ANALYSIS AT THE END OF SCF
 *******************************************************************************
 N. OF ATOMS PER CELL        72  COULOMB OVERLAP TOL         (T1) 10**   -8
 NUMBER OF SHELLS           576  COULOMB PENETRATION TOL     (T2) 10**   -8
 NUMBER OF AO              1296  EXCHANGE OVERLAP TOL        (T3) 10**   -8
 N. OF ELECTRONS PER CELL   432  EXCHANGE PSEUDO OVP (F(G))  (T4) 10**   -9
 CORE ELECTRONS PER CELL    144  EXCHANGE PSEUDO OVP (P(G))  (T5) 10**  -24
 N. OF SYMMETRY OPERATORS    24  POLE ORDER IN MONO ZONE                  4
 *******************************************************************************
 TYPE OF CALCULATION :  UNRESTRICTED OPEN SHELL
 KOHN-SHAM HAMILTONIAN

 (EXCHANGE)[CORRELATION] FUNCTIONAL:(BECKE 88)[LEE-YANG-PARR]

 NON-LOCAL WEIGHTING FACTOR (EXCHANGE) =           0.9000
 NON-LOCAL WEIGHTING FACTOR [CORRELATION] =        0.8100

 HYBRID EXCHANGE - PERCENTAGE OF FOCK EXCHANGE    20.0000

 SPIN POLARIZED DFT SELECTED

 CAPPA:IS1  6;IS2  6;IS3  6; K PTS MONK NET  20; SYMMOPS:K SPACE  48;G SPACE  24

 *******************************************************************************
 MAX NUMBER OF SCF CYCLES    1600  CONVERGENCE ON DELTAP        10**-19
 WEIGHT OF F(I) IN F(I+1)      30% CONVERGENCE ON ENERGY        10**- 9
 SHRINK. FACT.(MONKH.)    6  6  6  NUMBER OF K POINTS IN THE IBZ     20
 SHRINKING FACTOR(GILAT NET)   12  NUMBER OF K POINTS(GILAT NET)     84
 *******************************************************************************
 *** K POINTS COORDINATES (OBLIQUE COORDINATES IN UNITS OF IS =  6)
   1-R(  0  0  0)   2-C(  1  0  0)   3-C(  2  0  0)   4-R(  3  0  0)
   5-C(  1  1  0)   6-C(  2  1  0)   7-C(  3  1  0)   8-C(  2  2  0)
   9-C(  3  2  0)  10-R(  3  3  0)  11-C(  1  1  1)  12-C(  2  1  1)
  13-C(  3  1  1)  14-C(  2  2  1)  15-C(  3  2  1)  16-C(  3  3  1)
  17-C(  2  2  2)  18-C(  3  2  2)  19-C(  3  3  2)  20-R(  3  3  3)

 DIRECT LATTICE VECTORS COMPON. (A.U.)     RECIP. LATTICE VECTORS COMPON. (A.U.) 
        X            Y            Z              X            Y            Z
   14.6715212    0.0000000    0.0000000      0.4282572    0.0000000    0.0000000
    0.0000000   14.6715212    0.0000000      0.0000000    0.4282572    0.0000000
    0.0000000    0.0000000   14.6715212      0.0000000    0.0000000    0.4282572

 DISK SPACE FOR EIGENVECTORS (FTN 10)    60466176 REALS

 SYMMETRY ADAPTION OF THE BLOCH FUNCTIONS ENABLED
 TTTTTTTTTTTTTTTTTTTTTTTTTTTTTT gordsh1     TELAPSE        1.47 TCPU        0.56

 MATRIX SIZE: P(G) 7518072, F(G)  849120, P(G) IRR  159757, F(G) IRR   36220
 MAX G-VECTOR INDEX FOR 1- AND 2-ELECTRON INTEGRALS 119

 TTTTTTTTTTTTTTTTTTTTTTTTTTTTTT INPUT       TELAPSE        1.50 TCPU        0.59

 NEIGHBORS OF THE NON-EQUIVALENT ATOMS

 N = NUMBER OF NEIGHBORS AT DISTANCE R
    ATOM  N     R/ANG      R/AU   NEIGHBORS (ATOM LABELS AND CELL INDICES)
   1 C    1     1.4406     2.7223    4 C   -1 0 0
   1 C    1     1.5615     2.9507   49 C    0 0 0
   1 C    1     1.5853     2.9957   25 C    0 0 0
   1 C    1     1.5856     2.9963   13 C    0 0 0
   1 C    1     2.1949     4.1478   61 C    0 0 0
   1 C    1     2.2961     4.3389   28 C   -1 0 0

  25 C    1     1.5033     2.8408   41 C   -1 0 0
  25 C    2     1.5593     2.9467   39 C   -1 0 0   40 C    0 1 0
  25 C    1     1.5853     2.9957    1 C    0 0 0
  25 C    1     2.2052     4.1673   26 C   -1 1 0
  25 C    1     2.2961     4.3389    4 C   -1 0 0
  25 C    1     2.3205     4.3850   15 C   -1 0 0

  49 C    2     1.5576     2.9434   67 C    0 0 0   69 C    0 0 0
  49 C    1     1.5615     2.9507    1 C    0 0 0
  49 C    1     1.5849     2.9950   61 C    0 0 0
  49 C    1     2.1949     4.1478   13 C    0 0 0
  49 C    1     2.2028     4.1626   51 C    0 0 0
  49 C    2     2.5925     4.8990   57 C    0 0 0   58 C    0 0 0


 SYMMETRY ALLOWED INTERNAL DEGREE(S) OF FREEDOM:   9
 TTTTTTTTTTTTTTTTTTTTTTTTTTTTTT SYMM        TELAPSE        1.57 TCPU        0.65
 TTTTTTTTTTTTTTTTTTTTTTTTTTTTTT INT_SCREEN  TELAPSE        1.59 TCPU        0.68
 WARNING **** EXCBUF **** EXCH. BIPO BUFFER TOO SMALL - TO AVOID I/O SET EXCHSIZE =    11278503

 DFT PARAMETERS

     ATOM       ELECTRONS   NET CHARGE   R(ANGSTROM)
   1   6  C       6.0000      0.0000     0.77000000

 SIZE OF GRID=      81898
 TTTTTTTTTTTTTTTTTTTTTTTTTTTTTT MAKE_GRID2  TELAPSE        2.55 TCPU        1.30
 BECKE WEIGHT FUNCTION
 RADSAFE =     2.00
 TOLERANCES - DENSITY:10**- 6; POTENTIAL:10**- 9; GRID WGT:10**-14

 RADIAL INTEGRATION  - INTERVALS (POINTS,UPPER LIMIT):            1( 75,  4.0*R)

 ANGULAR INTEGRATION - INTERVALS (ACCURACY LEVEL [N. POINTS] UPPER LIMIT):
  1(  4[  86]   0.2)  2(  8[ 194]   0.5)  3( 12[ 350]   0.9)  4( 16[ 974]   3.5)
  5( 12[ 350]9999.0)
 TTTTTTTTTTTTTTTTTTTTTTTTTTTTTT INT_CALC    TELAPSE        2.57 TCPU        1.32
 EEEEEEEEEE INT_CALC TERMINATION  DATE 22 01 2026 TIME 12:51:26.0

 *******************************************************************************
 ./4^3T217-CA_rev1_sp_B3LYP-D3-D3_optimized                                      
 CRYSTAL - SCF - TYPE OF CALCULATION :  UNRESTRICTED OPEN SHELL
 *******************************************************************************

 CAPPA:IS1  6;IS2  6;IS3  6; K PTS MONK NET  20; SYMMOPS:K SPACE  48;G SPACE  24

 TTTTTTTTTTTTTTTTTTTTTTTTTTTTTT SDIK        TELAPSE        4.69 TCPU        3.44

 AAAAAAAAAAAAAAAAAAAAAAAAAAAAAAAAAAAAAAAAAAAAAAAAAAAAAAAAAAAAAAAAAAAAAAAAAAAAAAA
         ATOMIC WAVEFUNCTION(S)


 NUCLEAR CHARGE  6.0  SYMMETRY SPECIES            S    P
 N. ELECTRONS    6.0  NUMBER OF PRIMITIVE GTOS   10    6
                      NUMBER OF CONTRACTED GTOS   4    3
                      NUMBER OF CLOSED SHELLS     2    0
                      OPEN SHELL OCCUPATION       0    2

  ZNUC  SCFIT    TOTAL HF ENERGY   KINETIC ENERGY   VIRIAL THEOREM ACCURACY
   6.0    10    -3.766702350E+01  3.783137943E+01 -1.995655566E+00  1.6E-06

 AAAAAAAAAAAAAAAAAAAAAAAAAAAAAAAAAAAAAAAAAAAAAAAAAAAAAAAAAAAAAAAAAAAAAAAAAAAAAAA

 CHARGE NORMALIZATION FACTOR   1.00000000
 TOTAL ATOMIC CHARGES:
   6.0000000   6.0000000   6.0000000   6.0000000   6.0000000   6.0000000
   6.0000000   6.0000000   6.0000000   6.0000000   6.0000000   6.0000000
   6.0000000   6.0000000   6.0000000   6.0000000   6.0000000   6.0000000
   6.0000000   6.0000000   6.0000000   6.0000000   6.0000000   6.0000000
   6.0000000   6.0000000   6.0000000   6.0000000   6.0000000   6.0000000
   6.0000000   6.0000000   6.0000000   6.0000000   6.0000000   6.0000000
   6.0000000   6.0000000   6.0000000   6.0000000   6.0000000   6.0000000
   6.0000000   6.0000000   6.0000000   6.0000000   6.0000000   6.0000000
   6.0000000   6.0000000   6.0000000   6.0000000   6.0000000   6.0000000
   6.0000000   6.0000000   6.0000000   6.0000000   6.0000000   6.0000000
   6.0000000   6.0000000   6.0000000   6.0000000   6.0000000   6.0000000
   6.0000000   6.0000000   6.0000000   6.0000000   6.0000000   6.0000000
 SUMMED SPIN DENSITY           0.00000000
 TOTAL ATOMIC SPINS  :
   0.0000000   0.0000000   0.0000000   0.0000000   0.0000000   0.0000000
   0.0000000   0.0000000   0.0000000   0.0000000   0.0000000   0.0000000
   0.0000000   0.0000000   0.0000000   0.0000000   0.0000000   0.0000000
   0.0000000   0.0000000   0.0000000   0.0000000   0.0000000   0.0000000
   0.0000000   0.0000000   0.0000000   0.0000000   0.0000000   0.0000000
   0.0000000   0.0000000   0.0000000   0.0000000   0.0000000   0.0000000
   0.0000000   0.0000000   0.0000000   0.0000000   0.0000000   0.0000000
   0.0000000   0.0000000   0.0000000   0.0000000   0.0000000   0.0000000
   0.0000000   0.0000000   0.0000000   0.0000000   0.0000000   0.0000000
   0.0000000   0.0000000   0.0000000   0.0000000   0.0000000   0.0000000
   0.0000000   0.0000000   0.0000000   0.0000000   0.0000000   0.0000000
   0.0000000   0.0000000   0.0000000   0.0000000   0.0000000   0.0000000
 TTTTTTTTTTTTTTTTTTTTTTTTTTTTTT MOQGAD      TELAPSE        4.74 TCPU        3.49
 TTTTTTTTTTTTTTTTTTTTTTTTTTTTTT SHELLXN     TELAPSE       75.62 TCPU       74.15
 TTTTTTTTTTTTTTTTTTTTTTTTTTTTTT MONMO3      TELAPSE       75.80 TCPU       74.33
 NUMERICALLY INTEGRATED DENSITY    215.9996304623    215.9996304623
 TTTTTTTTTTTTTTTTTTTTTTTTTTTTTT NUMDFT      TELAPSE       77.31 TCPU       75.84
 CYC   0 ETOT(AU) -2.764185025720E+03 DETOT -2.76E+03 tst  0.00E+00 PX  1.00E+00
 TTTTTTTTTTTTTTTTTTTTTTTTTTTTTT DIIS        TELAPSE       77.73 TCPU       76.07
 TTTTTTTTTTTTTTTTTTTTTTTTTTTTTT FDIK        TELAPSE      119.93 TCPU      118.24

    ALPHA      ELECTRONS
 INSULATING STATE
 TOP OF VALENCE BANDS -    BAND    216; K    4; EIG -1.8079708E-01 AU
 TOP OF VALENCE BANDS -    BAND    216; K    1; EIG -1.9034944E-01 AU
 BOTTOM OF VIRTUAL BANDS - BAND    217; K    1; EIG -6.3451239E-02 AU
 INDIRECT ENERGY BAND GAP:   3.1931 eV

    BETA       ELECTRONS
 INSULATING STATE
 TOP OF VALENCE BANDS -    BAND    216; K    4; EIG -1.8079708E-01 AU
 TOP OF VALENCE BANDS -    BAND    216; K    1; EIG -1.9034944E-01 AU
 BOTTOM OF VIRTUAL BANDS - BAND    217; K    1; EIG -6.3451239E-02 AU
 INDIRECT ENERGY BAND GAP:   3.1931 eV
 TTTTTTTTTTTTTTTTTTTTTTTTTTTTTT PDIG        TELAPSE      121.32 TCPU      119.53
 CHARGE NORMALIZATION FACTOR   1.00000000
 TOTAL ATOMIC CHARGES:
   6.0282247   6.0282247   6.0282247   6.0282247   6.0282247   6.0282247
   6.0282247   6.0282247   6.0282247   6.0282247   6.0282247   6.0282247
   6.0282247   6.0282247   6.0282247   6.0282247   6.0282247   6.0282247
   6.0282247   6.0282247   6.0282247   6.0282247   6.0282247   6.0282247
   6.0053609   6.0053609   6.0053609   6.0053609   6.0053609   6.0053609
   6.0053609   6.0053609   6.0053609   6.0053609   6.0053609   6.0053609
   6.0053609   6.0053609   6.0053609   6.0053609   6.0053609   6.0053609
   6.0053609   6.0053609   6.0053609   6.0053609   6.0053609   6.0053609
   5.9664144   5.9664144   5.9664144   5.9664144   5.9664144   5.9664144
   5.9664144   5.9664144   5.9664144   5.9664144   5.9664144   5.9664144
   5.9664144   5.9664144   5.9664144   5.9664144   5.9664144   5.9664144
   5.9664144   5.9664144   5.9664144   5.9664144   5.9664144   5.9664144
 SUMMED SPIN DENSITY           0.00000000
 TOTAL ATOMIC SPINS  :
   0.0000000   0.0000000   0.0000000   0.0000000   0.0000000   0.0000000
   0.0000000   0.0000000   0.0000000   0.0000000   0.0000000   0.0000000
   0.0000000   0.0000000   0.0000000   0.0000000   0.0000000   0.0000000
   0.0000000   0.0000000   0.0000000   0.0000000   0.0000000   0.0000000
  -0.0000000  -0.0000000  -0.0000000  -0.0000000  -0.0000000  -0.0000000
  -0.0000000  -0.0000000  -0.0000000  -0.0000000  -0.0000000  -0.0000000
  -0.0000000  -0.0000000  -0.0000000  -0.0000000  -0.0000000  -0.0000000
  -0.0000000  -0.0000000  -0.0000000  -0.0000000  -0.0000000  -0.0000000
  -0.0000000  -0.0000000  -0.0000000  -0.0000000  -0.0000000  -0.0000000
  -0.0000000  -0.0000000  -0.0000000  -0.0000000  -0.0000000  -0.0000000
  -0.0000000  -0.0000000  -0.0000000  -0.0000000  -0.0000000  -0.0000000
  -0.0000000  -0.0000000  -0.0000000  -0.0000000  -0.0000000  -0.0000000
 TTTTTTTTTTTTTTTTTTTTTTTTTTTTTT MOQGAD      TELAPSE      121.35 TCPU      119.56
 TTTTTTTTTTTTTTTTTTTTTTTTTTTTTT SHELLXN     TELAPSE      195.72 TCPU      193.58
 TTTTTTTTTTTTTTTTTTTTTTTTTTTTTT MONMO3      TELAPSE      195.91 TCPU      193.77
 NUMERICALLY INTEGRATED DENSITY    215.9998001050    215.9998001050
 TTTTTTTTTTTTTTTTTTTTTTTTTTTTTT NUMDFT      TELAPSE      197.38 TCPU      195.24
 CYC   1 ETOT(AU) -2.740763244928E+03 DETOT  2.34E+01 tst  0.00E+00 PX  1.00E+00
 TTTTTTTTTTTTTTTTTTTTTTTTTTTTTT DIIS        TELAPSE      197.91 TCPU      195.40
 DIIS TEST: 0.25357E+01 AT SCF   CYCLE   1 - MIX   30 %
 TTTTTTTTTTTTTTTTTTTTTTTTTTTTTT FDIK        TELAPSE      211.61 TCPU      208.66

    ALPHA      ELECTRONS
 INSULATING STATE
 TOP OF VALENCE BANDS -    BAND    216; K    4; EIG -1.0391221E-01 AU
 TOP OF VALENCE BANDS -    BAND    216; K    1; EIG -1.1418780E-01 AU
 BOTTOM OF VIRTUAL BANDS - BAND    217; K    1; EIG  3.3947740E-02 AU
 INDIRECT ENERGY BAND GAP:   3.7514 eV

    BETA       ELECTRONS
 INSULATING STATE
 TOP OF VALENCE BANDS -    BAND    216; K    4; EIG -1.0391221E-01 AU
 TOP OF VALENCE BANDS -    BAND    216; K    1; EIG -1.1418780E-01 AU
 BOTTOM OF VIRTUAL BANDS - BAND    217; K    1; EIG  3.3947740E-02 AU
 INDIRECT ENERGY BAND GAP:   3.7514 eV
 TTTTTTTTTTTTTTTTTTTTTTTTTTTTTT PDIG        TELAPSE      212.97 TCPU      210.02
 CHARGE NORMALIZATION FACTOR   1.00000000
 TOTAL ATOMIC CHARGES:
   5.9685511   5.9685511   5.9685511   5.9685511   5.9685511   5.9685511
   5.9685511   5.9685511   5.9685511   5.9685511   5.9685511   5.9685511
   5.9685511   5.9685511   5.9685511   5.9685511   5.9685511   5.9685511
   5.9685511   5.9685511   5.9685511   5.9685511   5.9685511   5.9685511
   6.0170200   6.0170200   6.0170200   6.0170200   6.0170200   6.0170200
   6.0170200   6.0170200   6.0170200   6.0170200   6.0170200   6.0170200
   6.0170200   6.0170200   6.0170200   6.0170200   6.0170200   6.0170200
   6.0170200   6.0170200   6.0170200   6.0170200   6.0170200   6.0170200
   6.0144289   6.0144289   6.0144289   6.0144289   6.0144289   6.0144289
   6.0144289   6.0144289   6.0144289   6.0144289   6.0144289   6.0144289
   6.0144289   6.0144289   6.0144289   6.0144289   6.0144289   6.0144289
   6.0144289   6.0144289   6.0144289   6.0144289   6.0144289   6.0144289
 SUMMED SPIN DENSITY           0.00000000
 TOTAL ATOMIC SPINS  :
   0.0000000   0.0000000   0.0000000   0.0000000   0.0000000   0.0000000
   0.0000000   0.0000000   0.0000000   0.0000000   0.0000000   0.0000000
   0.0000000   0.0000000   0.0000000   0.0000000   0.0000000   0.0000000
   0.0000000   0.0000000   0.0000000   0.0000000   0.0000000   0.0000000
  -0.0000000  -0.0000000  -0.0000000  -0.0000000  -0.0000000  -0.0000000
  -0.0000000  -0.0000000  -0.0000000  -0.0000000  -0.0000000  -0.0000000
  -0.0000000  -0.0000000  -0.0000000  -0.0000000  -0.0000000  -0.0000000
  -0.0000000  -0.0000000  -0.0000000  -0.0000000  -0.0000000  -0.0000000
  -0.0000000  -0.0000000  -0.0000000  -0.0000000  -0.0000000  -0.0000000
  -0.0000000  -0.0000000  -0.0000000  -0.0000000  -0.0000000  -0.0000000
  -0.0000000  -0.0000000  -0.0000000  -0.0000000  -0.0000000  -0.0000000
  -0.0000000  -0.0000000  -0.0000000  -0.0000000  -0.0000000  -0.0000000
 TTTTTTTTTTTTTTTTTTTTTTTTTTTTTT MOQGAD      TELAPSE      213.01 TCPU      210.05
 TTTTTTTTTTTTTTTTTTTTTTTTTTTTTT SHELLXN     TELAPSE      287.32 TCPU      284.14
 TTTTTTTTTTTTTTTTTTTTTTTTTTTTTT MONMO3      TELAPSE      287.50 TCPU      284.33
 NUMERICALLY INTEGRATED DENSITY    215.9997883529    215.9997883529
 TTTTTTTTTTTTTTTTTTTTTTTTTTTTTT NUMDFT      TELAPSE      288.96 TCPU      285.78
 CYC   2 ETOT(AU) -2.740881411168E+03 DETOT -1.18E-01 tst  1.27E-04 PX  7.28E-02
 TTTTTTTTTTTTTTTTTTTTTTTTTTTTTT DIIS        TELAPSE      289.42 TCPU      286.15
 DIIS TEST: 0.10767E+01 AT SCF   CYCLE   2 - DIIS ACTIVE - HISTORY:     2 CYCLES
 TTTTTTTTTTTTTTTTTTTTTTTTTTTTTT FDIK        TELAPSE      301.58 TCPU      298.10

    ALPHA      ELECTRONS
 INSULATING STATE
 TOP OF VALENCE BANDS -    BAND    216; K    4; EIG -8.8190905E-02 AU
 TOP OF VALENCE BANDS -    BAND    216; K    1; EIG -9.8626201E-02 AU
 BOTTOM OF VIRTUAL BANDS - BAND    217; K    1; EIG  7.5454339E-02 AU
 INDIRECT ENERGY BAND GAP:   4.4530 eV

    BETA       ELECTRONS
 INSULATING STATE
 TOP OF VALENCE BANDS -    BAND    216; K    4; EIG -8.8190905E-02 AU
 TOP OF VALENCE BANDS -    BAND    216; K    1; EIG -9.8626201E-02 AU
 BOTTOM OF VIRTUAL BANDS - BAND    217; K    1; EIG  7.5454339E-02 AU
 INDIRECT ENERGY BAND GAP:   4.4530 eV
 TTTTTTTTTTTTTTTTTTTTTTTTTTTTTT PDIG        TELAPSE      302.94 TCPU      299.46
 CHARGE NORMALIZATION FACTOR   1.00000000
 TOTAL ATOMIC CHARGES:
   6.0233282   6.0233282   6.0233282   6.0233282   6.0233282   6.0233282
   6.0233282   6.0233282   6.0233282   6.0233282   6.0233282   6.0233282
   6.0233282   6.0233282   6.0233282   6.0233282   6.0233282   6.0233282
   6.0233282   6.0233282   6.0233282   6.0233282   6.0233282   6.0233282
   6.0126780   6.0126780   6.0126780   6.0126780   6.0126780   6.0126780
   6.0126780   6.0126780   6.0126780   6.0126780   6.0126780   6.0126780
   6.0126780   6.0126780   6.0126780   6.0126780   6.0126780   6.0126780
   6.0126780   6.0126780   6.0126780   6.0126780   6.0126780   6.0126780
   5.9639937   5.9639937   5.9639937   5.9639937   5.9639937   5.9639937
   5.9639937   5.9639937   5.9639937   5.9639937   5.9639937   5.9639937
   5.9639937   5.9639937   5.9639937   5.9639937   5.9639937   5.9639937
   5.9639937   5.9639937   5.9639937   5.9639937   5.9639937   5.9639937
 SUMMED SPIN DENSITY           0.00000000
 TOTAL ATOMIC SPINS  :
   0.0000000   0.0000000   0.0000000   0.0000000   0.0000000   0.0000000
   0.0000000   0.0000000   0.0000000   0.0000000   0.0000000   0.0000000
   0.0000000   0.0000000   0.0000000   0.0000000   0.0000000   0.0000000
   0.0000000   0.0000000   0.0000000   0.0000000   0.0000000   0.0000000
  -0.0000000  -0.0000000  -0.0000000  -0.0000000  -0.0000000  -0.0000000
  -0.0000000  -0.0000000  -0.0000000  -0.0000000  -0.0000000  -0.0000000
  -0.0000000  -0.0000000  -0.0000000  -0.0000000  -0.0000000  -0.0000000
  -0.0000000  -0.0000000  -0.0000000  -0.0000000  -0.0000000  -0.0000000
  -0.0000000  -0.0000000  -0.0000000  -0.0000000  -0.0000000  -0.0000000
  -0.0000000  -0.0000000  -0.0000000  -0.0000000  -0.0000000  -0.0000000
  -0.0000000  -0.0000000  -0.0000000  -0.0000000  -0.0000000  -0.0000000
  -0.0000000  -0.0000000  -0.0000000  -0.0000000  -0.0000000  -0.0000000
 TTTTTTTTTTTTTTTTTTTTTTTTTTTTTT MOQGAD      TELAPSE      302.98 TCPU      299.49
 TTTTTTTTTTTTTTTTTTTTTTTTTTTTTT SHELLXN     TELAPSE      377.43 TCPU      373.40
 TTTTTTTTTTTTTTTTTTTTTTTTTTTTTT MONMO3      TELAPSE      377.61 TCPU      373.58
 NUMERICALLY INTEGRATED DENSITY    215.9997822624    215.9997822624
 TTTTTTTTTTTTTTTTTTTTTTTTTTTTTT NUMDFT      TELAPSE      379.07 TCPU      375.04
 CYC   3 ETOT(AU) -2.740890398543E+03 DETOT -8.99E-03 tst  2.19E-04 PX  2.65E-02
 TTTTTTTTTTTTTTTTTTTTTTTTTTTTTT DIIS        TELAPSE      379.72 TCPU      375.55
 DIIS TEST: 0.76850E+00 AT SCF   CYCLE   3 - DIIS ACTIVE - HISTORY:     3 CYCLES
 TTTTTTTTTTTTTTTTTTTTTTTTTTTTTT FDIK        TELAPSE      391.62 TCPU      387.36

    ALPHA      ELECTRONS
 INSULATING STATE
 TOP OF VALENCE BANDS -    BAND    216; K    4; EIG -8.7411728E-02 AU
 TOP OF VALENCE BANDS -    BAND    216; K    1; EIG -9.7655401E-02 AU
 BOTTOM OF VIRTUAL BANDS - BAND    217; K    1; EIG  6.9762811E-02 AU
 INDIRECT ENERGY BAND GAP:   4.2769 eV

    BETA       ELECTRONS
 INSULATING STATE
 TOP OF VALENCE BANDS -    BAND    216; K    4; EIG -8.7411728E-02 AU
 TOP OF VALENCE BANDS -    BAND    216; K    1; EIG -9.7655401E-02 AU
 BOTTOM OF VIRTUAL BANDS - BAND    217; K    1; EIG  6.9762811E-02 AU
 INDIRECT ENERGY BAND GAP:   4.2769 eV
 TTTTTTTTTTTTTTTTTTTTTTTTTTTTTT PDIG        TELAPSE      393.00 TCPU      388.73
 CHARGE NORMALIZATION FACTOR   1.00000000
 TOTAL ATOMIC CHARGES:
   6.0024563   6.0024563   6.0024563   6.0024563   6.0024563   6.0024563
   6.0024563   6.0024563   6.0024563   6.0024563   6.0024563   6.0024563
   6.0024563   6.0024563   6.0024563   6.0024563   6.0024563   6.0024563
   6.0024563   6.0024563   6.0024563   6.0024563   6.0024563   6.0024563
   6.0062962   6.0062962   6.0062962   6.0062962   6.0062962   6.0062962
   6.0062962   6.0062962   6.0062962   6.0062962   6.0062962   6.0062962
   6.0062962   6.0062962   6.0062962   6.0062962   6.0062962   6.0062962
   6.0062962   6.0062962   6.0062962   6.0062962   6.0062962   6.0062962
   5.9912475   5.9912475   5.9912475   5.9912475   5.9912475   5.9912475
   5.9912475   5.9912475   5.9912475   5.9912475   5.9912475   5.9912475
   5.9912475   5.9912475   5.9912475   5.9912475   5.9912475   5.9912475
   5.9912475   5.9912475   5.9912475   5.9912475   5.9912475   5.9912475
 SUMMED SPIN DENSITY           0.00000000
 TOTAL ATOMIC SPINS  :
   0.0000000   0.0000000   0.0000000   0.0000000   0.0000000   0.0000000
   0.0000000   0.0000000   0.0000000   0.0000000   0.0000000   0.0000000
   0.0000000   0.0000000   0.0000000   0.0000000   0.0000000   0.0000000
   0.0000000   0.0000000   0.0000000   0.0000000   0.0000000   0.0000000
  -0.0000000  -0.0000000  -0.0000000  -0.0000000  -0.0000000  -0.0000000
  -0.0000000  -0.0000000  -0.0000000  -0.0000000  -0.0000000  -0.0000000
  -0.0000000  -0.0000000  -0.0000000  -0.0000000  -0.0000000  -0.0000000
  -0.0000000  -0.0000000  -0.0000000  -0.0000000  -0.0000000  -0.0000000
  -0.0000000  -0.0000000  -0.0000000  -0.0000000  -0.0000000  -0.0000000
  -0.0000000  -0.0000000  -0.0000000  -0.0000000  -0.0000000  -0.0000000
  -0.0000000  -0.0000000  -0.0000000  -0.0000000  -0.0000000  -0.0000000
  -0.0000000  -0.0000000  -0.0000000  -0.0000000  -0.0000000  -0.0000000
 TTTTTTTTTTTTTTTTTTTTTTTTTTTTTT MOQGAD      TELAPSE      393.03 TCPU      388.76
 TTTTTTTTTTTTTTTTTTTTTTTTTTTTTT SHELLXN     TELAPSE      467.44 TCPU      462.45
 TTTTTTTTTTTTTTTTTTTTTTTTTTTTTT MONMO3      TELAPSE      467.62 TCPU      462.64
 NUMERICALLY INTEGRATED DENSITY    215.9997854221    215.9997854221
 TTTTTTTTTTTTTTTTTTTTTTTTTTTTTT NUMDFT      TELAPSE      469.07 TCPU      464.08
 CYC   4 ETOT(AU) -2.740903767876E+03 DETOT -1.34E-02 tst  3.88E-05 PX  1.53E-02
 TTTTTTTTTTTTTTTTTTTTTTTTTTTTTT DIIS        TELAPSE      469.68 TCPU      464.57
 DIIS TEST: 0.42078E-01 AT SCF   CYCLE   4 - DIIS ACTIVE - HISTORY:     4 CYCLES
 TTTTTTTTTTTTTTTTTTTTTTTTTTTTTT FDIK        TELAPSE      481.26 TCPU      475.70

    ALPHA      ELECTRONS
 INSULATING STATE
 TOP OF VALENCE BANDS -    BAND    216; K    4; EIG -8.9997257E-02 AU
 TOP OF VALENCE BANDS -    BAND    216; K    1; EIG -1.0027399E-01 AU
 BOTTOM OF VIRTUAL BANDS - BAND    217; K    1; EIG  7.0632135E-02 AU
 INDIRECT ENERGY BAND GAP:   4.3710 eV

    BETA       ELECTRONS
 INSULATING STATE
 TOP OF VALENCE BANDS -    BAND    216; K    4; EIG -8.9997257E-02 AU
 TOP OF VALENCE BANDS -    BAND    216; K    1; EIG -1.0027399E-01 AU
 BOTTOM OF VIRTUAL BANDS - BAND    217; K    1; EIG  7.0632135E-02 AU
 INDIRECT ENERGY BAND GAP:   4.3710 eV
 TTTTTTTTTTTTTTTTTTTTTTTTTTTTTT PDIG        TELAPSE      482.64 TCPU      477.07
 CHARGE NORMALIZATION FACTOR   1.00000000
 TOTAL ATOMIC CHARGES:
   5.9976960   5.9976960   5.9976960   5.9976960   5.9976960   5.9976960
   5.9976960   5.9976960   5.9976960   5.9976960   5.9976960   5.9976960
   5.9976960   5.9976960   5.9976960   5.9976960   5.9976960   5.9976960
   5.9976960   5.9976960   5.9976960   5.9976960   5.9976960   5.9976960
   6.0150895   6.0150895   6.0150895   6.0150895   6.0150895   6.0150895
   6.0150895   6.0150895   6.0150895   6.0150895   6.0150895   6.0150895
   6.0150895   6.0150895   6.0150895   6.0150895   6.0150895   6.0150895
   6.0150895   6.0150895   6.0150895   6.0150895   6.0150895   6.0150895
   5.9872146   5.9872146   5.9872146   5.9872146   5.9872146   5.9872146
   5.9872146   5.9872146   5.9872146   5.9872146   5.9872146   5.9872146
   5.9872146   5.9872146   5.9872146   5.9872146   5.9872146   5.9872146
   5.9872146   5.9872146   5.9872146   5.9872146   5.9872146   5.9872146
 SUMMED SPIN DENSITY           0.00000000
 TOTAL ATOMIC SPINS  :
   0.0000000   0.0000000   0.0000000   0.0000000   0.0000000   0.0000000
   0.0000000   0.0000000   0.0000000   0.0000000   0.0000000   0.0000000
   0.0000000   0.0000000   0.0000000   0.0000000   0.0000000   0.0000000
   0.0000000   0.0000000   0.0000000   0.0000000   0.0000000   0.0000000
  -0.0000000  -0.0000000  -0.0000000  -0.0000000  -0.0000000  -0.0000000
  -0.0000000  -0.0000000  -0.0000000  -0.0000000  -0.0000000  -0.0000000
  -0.0000000  -0.0000000  -0.0000000  -0.0000000  -0.0000000  -0.0000000
  -0.0000000  -0.0000000  -0.0000000  -0.0000000  -0.0000000  -0.0000000
  -0.0000000  -0.0000000  -0.0000000  -0.0000000  -0.0000000  -0.0000000
  -0.0000000  -0.0000000  -0.0000000  -0.0000000  -0.0000000  -0.0000000
  -0.0000000  -0.0000000  -0.0000000  -0.0000000  -0.0000000  -0.0000000
  -0.0000000  -0.0000000  -0.0000000  -0.0000000  -0.0000000  -0.0000000
 TTTTTTTTTTTTTTTTTTTTTTTTTTTTTT MOQGAD      TELAPSE      482.67 TCPU      477.11
 TTTTTTTTTTTTTTTTTTTTTTTTTTTTTT SHELLXN     TELAPSE      556.83 TCPU      551.02
 TTTTTTTTTTTTTTTTTTTTTTTTTTTTTT MONMO3      TELAPSE      557.01 TCPU      551.20
 NUMERICALLY INTEGRATED DENSITY    215.9997856862    215.9997856862
 TTTTTTTTTTTTTTTTTTTTTTTTTTTTTT NUMDFT      TELAPSE      558.47 TCPU      552.66
 CYC   5 ETOT(AU) -2.740904256806E+03 DETOT -4.89E-04 tst  4.66E-06 PX  3.05E-03
 TTTTTTTTTTTTTTTTTTTTTTTTTTTTTT DIIS        TELAPSE      559.05 TCPU      553.08
 DIIS TEST: 0.18447E-01 AT SCF   CYCLE   5 - DIIS ACTIVE - HISTORY:     5 CYCLES
 TTTTTTTTTTTTTTTTTTTTTTTTTTTTTT FDIK        TELAPSE      570.83 TCPU      563.75

    ALPHA      ELECTRONS
 INSULATING STATE
 TOP OF VALENCE BANDS -    BAND    216; K    4; EIG -8.8887897E-02 AU
 TOP OF VALENCE BANDS -    BAND    216; K    1; EIG -9.9175693E-02 AU
 BOTTOM OF VIRTUAL BANDS - BAND    217; K    1; EIG  7.0488687E-02 AU
 INDIRECT ENERGY BAND GAP:   4.3369 eV

    BETA       ELECTRONS
 INSULATING STATE
 TOP OF VALENCE BANDS -    BAND    216; K    4; EIG -8.8887897E-02 AU
 TOP OF VALENCE BANDS -    BAND    216; K    1; EIG -9.9175693E-02 AU
 BOTTOM OF VIRTUAL BANDS - BAND    217; K    1; EIG  7.0488687E-02 AU
 INDIRECT ENERGY BAND GAP:   4.3369 eV
 TTTTTTTTTTTTTTTTTTTTTTTTTTTTTT PDIG        TELAPSE      572.22 TCPU      565.12
 CHARGE NORMALIZATION FACTOR   1.00000000
 TOTAL ATOMIC CHARGES:
   6.0010009   6.0010009   6.0010009   6.0010009   6.0010009   6.0010009
   6.0010009   6.0010009   6.0010009   6.0010009   6.0010009   6.0010009
   6.0010009   6.0010009   6.0010009   6.0010009   6.0010009   6.0010009
   6.0010009   6.0010009   6.0010009   6.0010009   6.0010009   6.0010009
   6.0106142   6.0106142   6.0106142   6.0106142   6.0106142   6.0106142
   6.0106142   6.0106142   6.0106142   6.0106142   6.0106142   6.0106142
   6.0106142   6.0106142   6.0106142   6.0106142   6.0106142   6.0106142
   6.0106142   6.0106142   6.0106142   6.0106142   6.0106142   6.0106142
   5.9883849   5.9883849   5.9883849   5.9883849   5.9883849   5.9883849
   5.9883849   5.9883849   5.9883849   5.9883849   5.9883849   5.9883849
   5.9883849   5.9883849   5.9883849   5.9883849   5.9883849   5.9883849
   5.9883849   5.9883849   5.9883849   5.9883849   5.9883849   5.9883849
 SUMMED SPIN DENSITY           0.00000000
 TOTAL ATOMIC SPINS  :
   0.0000000   0.0000000   0.0000000   0.0000000   0.0000000   0.0000000
   0.0000000   0.0000000   0.0000000   0.0000000   0.0000000   0.0000000
   0.0000000   0.0000000   0.0000000   0.0000000   0.0000000   0.0000000
   0.0000000   0.0000000   0.0000000   0.0000000   0.0000000   0.0000000
  -0.0000000  -0.0000000  -0.0000000  -0.0000000  -0.0000000  -0.0000000
  -0.0000000  -0.0000000  -0.0000000  -0.0000000  -0.0000000  -0.0000000
  -0.0000000  -0.0000000  -0.0000000  -0.0000000  -0.0000000  -0.0000000
  -0.0000000  -0.0000000  -0.0000000  -0.0000000  -0.0000000  -0.0000000
  -0.0000000  -0.0000000  -0.0000000  -0.0000000  -0.0000000  -0.0000000
  -0.0000000  -0.0000000  -0.0000000  -0.0000000  -0.0000000  -0.0000000
  -0.0000000  -0.0000000  -0.0000000  -0.0000000  -0.0000000  -0.0000000
  -0.0000000  -0.0000000  -0.0000000  -0.0000000  -0.0000000  -0.0000000
 TTTTTTTTTTTTTTTTTTTTTTTTTTTTTT MOQGAD      TELAPSE      572.26 TCPU      565.16
 TTTTTTTTTTTTTTTTTTTTTTTTTTTTTT SHELLXN     TELAPSE      646.91 TCPU      639.57
 TTTTTTTTTTTTTTTTTTTTTTTTTTTTTT MONMO3      TELAPSE      647.09 TCPU      639.76
 NUMERICALLY INTEGRATED DENSITY    215.9997853603    215.9997853603
 TTTTTTTTTTTTTTTTTTTTTTTTTTTTTT NUMDFT      TELAPSE      648.56 TCPU      641.23
 CYC   6 ETOT(AU) -2.740904567002E+03 DETOT -3.10E-04 tst  1.37E-06 PX  1.70E-03
 TTTTTTTTTTTTTTTTTTTTTTTTTTTTTT DIIS        TELAPSE      649.06 TCPU      641.64
 DIIS TEST: 0.15670E-02 AT SCF   CYCLE   6 - DIIS ACTIVE - HISTORY:     6 CYCLES
 TTTTTTTTTTTTTTTTTTTTTTTTTTTTTT FDIK        TELAPSE      667.47 TCPU      659.78

    ALPHA      ELECTRONS
 INSULATING STATE
 TOP OF VALENCE BANDS -    BAND    216; K    4; EIG -8.9056105E-02 AU
 TOP OF VALENCE BANDS -    BAND    216; K    1; EIG -9.9337855E-02 AU
 BOTTOM OF VIRTUAL BANDS - BAND    217; K    1; EIG  7.0496894E-02 AU
 INDIRECT ENERGY BAND GAP:   4.3417 eV

    BETA       ELECTRONS
 INSULATING STATE
 TOP OF VALENCE BANDS -    BAND    216; K    4; EIG -8.9056105E-02 AU
 TOP OF VALENCE BANDS -    BAND    216; K    1; EIG -9.9337855E-02 AU
 BOTTOM OF VIRTUAL BANDS - BAND    217; K    1; EIG  7.0496894E-02 AU
 INDIRECT ENERGY BAND GAP:   4.3417 eV
 TTTTTTTTTTTTTTTTTTTTTTTTTTTTTT PDIG        TELAPSE      668.88 TCPU      661.17
 CHARGE NORMALIZATION FACTOR   1.00000000
 TOTAL ATOMIC CHARGES:
   6.0000916   6.0000916   6.0000916   6.0000916   6.0000916   6.0000916
   6.0000916   6.0000916   6.0000916   6.0000916   6.0000916   6.0000916
   6.0000916   6.0000916   6.0000916   6.0000916   6.0000916   6.0000916
   6.0000916   6.0000916   6.0000916   6.0000916   6.0000916   6.0000916
   6.0114188   6.0114188   6.0114188   6.0114188   6.0114188   6.0114188
   6.0114188   6.0114188   6.0114188   6.0114188   6.0114188   6.0114188
   6.0114188   6.0114188   6.0114188   6.0114188   6.0114188   6.0114188
   6.0114188   6.0114188   6.0114188   6.0114188   6.0114188   6.0114188
   5.9884896   5.9884896   5.9884896   5.9884896   5.9884896   5.9884896
   5.9884896   5.9884896   5.9884896   5.9884896   5.9884896   5.9884896
   5.9884896   5.9884896   5.9884896   5.9884896   5.9884896   5.9884896
   5.9884896   5.9884896   5.9884896   5.9884896   5.9884896   5.9884896
 SUMMED SPIN DENSITY           0.00000000
 TOTAL ATOMIC SPINS  :
  -0.0000000  -0.0000000  -0.0000000  -0.0000000  -0.0000000  -0.0000000
  -0.0000000  -0.0000000  -0.0000000  -0.0000000  -0.0000000  -0.0000000
  -0.0000000  -0.0000000  -0.0000000  -0.0000000  -0.0000000  -0.0000000
  -0.0000000  -0.0000000  -0.0000000  -0.0000000  -0.0000000  -0.0000000
   0.0000000   0.0000000   0.0000000   0.0000000   0.0000000   0.0000000
   0.0000000   0.0000000   0.0000000   0.0000000   0.0000000   0.0000000
   0.0000000   0.0000000   0.0000000   0.0000000   0.0000000   0.0000000
   0.0000000   0.0000000   0.0000000   0.0000000   0.0000000   0.0000000
   0.0000000   0.0000000   0.0000000   0.0000000   0.0000000   0.0000000
   0.0000000   0.0000000   0.0000000   0.0000000   0.0000000   0.0000000
   0.0000000   0.0000000   0.0000000   0.0000000   0.0000000   0.0000000
   0.0000000   0.0000000   0.0000000   0.0000000   0.0000000   0.0000000
 TTTTTTTTTTTTTTTTTTTTTTTTTTTTTT MOQGAD      TELAPSE      668.91 TCPU      661.21
 TTTTTTTTTTTTTTTTTTTTTTTTTTTTTT SHELLXN     TELAPSE      743.10 TCPU      735.00
 TTTTTTTTTTTTTTTTTTTTTTTTTTTTTT MONMO3      TELAPSE      743.29 TCPU      735.19
 NUMERICALLY INTEGRATED DENSITY    215.9997853330    215.9997853330
 TTTTTTTTTTTTTTTTTTTTTTTTTTTTTT NUMDFT      TELAPSE      744.74 TCPU      736.63
 CYC   7 ETOT(AU) -2.740904594375E+03 DETOT -2.74E-05 tst  7.67E-08 PX  5.97E-04
 TTTTTTTTTTTTTTTTTTTTTTTTTTTTTT DIIS        TELAPSE      745.21 TCPU      736.96
 DIIS TEST: 0.36096E-04 AT SCF   CYCLE   7 - DIIS ACTIVE - HISTORY:     7 CYCLES
 TTTTTTTTTTTTTTTTTTTTTTTTTTTTTT FDIK        TELAPSE      757.91 TCPU      749.00

    ALPHA      ELECTRONS
 INSULATING STATE
 TOP OF VALENCE BANDS -    BAND    216; K    4; EIG -8.9051381E-02 AU
 TOP OF VALENCE BANDS -    BAND    216; K    1; EIG -9.9334800E-02 AU
 BOTTOM OF VIRTUAL BANDS - BAND    217; K    1; EIG  7.0467876E-02 AU
 INDIRECT ENERGY BAND GAP:   4.3407 eV

    BETA       ELECTRONS
 INSULATING STATE
 TOP OF VALENCE BANDS -    BAND    216; K    4; EIG -8.9051381E-02 AU
 TOP OF VALENCE BANDS -    BAND    216; K    1; EIG -9.9334800E-02 AU
 BOTTOM OF VIRTUAL BANDS - BAND    217; K    1; EIG  7.0467876E-02 AU
 INDIRECT ENERGY BAND GAP:   4.3407 eV
 TTTTTTTTTTTTTTTTTTTTTTTTTTTTTT PDIG        TELAPSE      759.29 TCPU      750.38
 CHARGE NORMALIZATION FACTOR   1.00000000
 TOTAL ATOMIC CHARGES:
   6.0001945   6.0001945   6.0001945   6.0001945   6.0001945   6.0001945
   6.0001945   6.0001945   6.0001945   6.0001945   6.0001945   6.0001945
   6.0001945   6.0001945   6.0001945   6.0001945   6.0001945   6.0001945
   6.0001945   6.0001945   6.0001945   6.0001945   6.0001945   6.0001945
   6.0113074   6.0113074   6.0113074   6.0113074   6.0113074   6.0113074
   6.0113074   6.0113074   6.0113074   6.0113074   6.0113074   6.0113074
   6.0113074   6.0113074   6.0113074   6.0113074   6.0113074   6.0113074
   6.0113074   6.0113074   6.0113074   6.0113074   6.0113074   6.0113074
   5.9884981   5.9884981   5.9884981   5.9884981   5.9884981   5.9884981
   5.9884981   5.9884981   5.9884981   5.9884981   5.9884981   5.9884981
   5.9884981   5.9884981   5.9884981   5.9884981   5.9884981   5.9884981
   5.9884981   5.9884981   5.9884981   5.9884981   5.9884981   5.9884981
 SUMMED SPIN DENSITY           0.00000000
 TOTAL ATOMIC SPINS  :
   0.0000000   0.0000000   0.0000000   0.0000000   0.0000000   0.0000000
   0.0000000   0.0000000   0.0000000   0.0000000   0.0000000   0.0000000
   0.0000000   0.0000000   0.0000000   0.0000000   0.0000000   0.0000000
   0.0000000   0.0000000   0.0000000   0.0000000   0.0000000   0.0000000
   0.0000000   0.0000000   0.0000000   0.0000000   0.0000000   0.0000000
   0.0000000   0.0000000   0.0000000   0.0000000   0.0000000   0.0000000
   0.0000000   0.0000000   0.0000000   0.0000000   0.0000000   0.0000000
   0.0000000   0.0000000   0.0000000   0.0000000   0.0000000   0.0000000
  -0.0000000  -0.0000000  -0.0000000  -0.0000000  -0.0000000  -0.0000000
  -0.0000000  -0.0000000  -0.0000000  -0.0000000  -0.0000000  -0.0000000
  -0.0000000  -0.0000000  -0.0000000  -0.0000000  -0.0000000  -0.0000000
  -0.0000000  -0.0000000  -0.0000000  -0.0000000  -0.0000000  -0.0000000
 TTTTTTTTTTTTTTTTTTTTTTTTTTTTTT MOQGAD      TELAPSE      759.32 TCPU      750.41
 TTTTTTTTTTTTTTTTTTTTTTTTTTTTTT SHELLXN     TELAPSE      833.58 TCPU      824.44
 TTTTTTTTTTTTTTTTTTTTTTTTTTTTTT MONMO3      TELAPSE      833.76 TCPU      824.62
 NUMERICALLY INTEGRATED DENSITY    215.9997853552    215.9997853552
 TTTTTTTTTTTTTTTTTTTTTTTTTTTTTT NUMDFT      TELAPSE      835.22 TCPU      826.08
 CYC   8 ETOT(AU) -2.740904595339E+03 DETOT -9.64E-07 tst  1.44E-09 PX  1.18E-04
 TTTTTTTTTTTTTTTTTTTTTTTTTTTTTT DIIS        TELAPSE      835.98 TCPU      826.72
 DIIS TEST: 0.33179E-05 AT SCF   CYCLE   8 - DIIS ACTIVE - HISTORY:     8 CYCLES
 TTTTTTTTTTTTTTTTTTTTTTTTTTTTTT FDIK        TELAPSE      847.58 TCPU      837.89

    ALPHA      ELECTRONS
 INSULATING STATE
 TOP OF VALENCE BANDS -    BAND    216; K    4; EIG -8.9073583E-02 AU
 TOP OF VALENCE BANDS -    BAND    216; K    1; EIG -9.9357110E-02 AU
 BOTTOM OF VIRTUAL BANDS - BAND    217; K    1; EIG  7.0464456E-02 AU
 INDIRECT ENERGY BAND GAP:   4.3413 eV

    BETA       ELECTRONS
 INSULATING STATE
 TOP OF VALENCE BANDS -    BAND    216; K    4; EIG -8.9073583E-02 AU
 TOP OF VALENCE BANDS -    BAND    216; K    1; EIG -9.9357110E-02 AU
 BOTTOM OF VIRTUAL BANDS - BAND    217; K    1; EIG  7.0464456E-02 AU
 INDIRECT ENERGY BAND GAP:   4.3413 eV
 TTTTTTTTTTTTTTTTTTTTTTTTTTTTTT PDIG        TELAPSE      848.94 TCPU      839.25
 CHARGE NORMALIZATION FACTOR   1.00000000
 TOTAL ATOMIC CHARGES:
   6.0001651   6.0001651   6.0001651   6.0001651   6.0001651   6.0001651
   6.0001651   6.0001651   6.0001651   6.0001651   6.0001651   6.0001651
   6.0001651   6.0001651   6.0001651   6.0001651   6.0001651   6.0001651
   6.0001651   6.0001651   6.0001651   6.0001651   6.0001651   6.0001651
   6.0113579   6.0113579   6.0113579   6.0113579   6.0113579   6.0113579
   6.0113579   6.0113579   6.0113579   6.0113579   6.0113579   6.0113579
   6.0113579   6.0113579   6.0113579   6.0113579   6.0113579   6.0113579
   6.0113579   6.0113579   6.0113579   6.0113579   6.0113579   6.0113579
   5.9884770   5.9884770   5.9884770   5.9884770   5.9884770   5.9884770
   5.9884770   5.9884770   5.9884770   5.9884770   5.9884770   5.9884770
   5.9884770   5.9884770   5.9884770   5.9884770   5.9884770   5.9884770
   5.9884770   5.9884770   5.9884770   5.9884770   5.9884770   5.9884770
 SUMMED SPIN DENSITY           0.00000000
 TOTAL ATOMIC SPINS  :
   0.0000000   0.0000000   0.0000000   0.0000000   0.0000000   0.0000000
   0.0000000   0.0000000   0.0000000   0.0000000   0.0000000   0.0000000
   0.0000000   0.0000000   0.0000000   0.0000000   0.0000000   0.0000000
   0.0000000   0.0000000   0.0000000   0.0000000   0.0000000   0.0000000
  -0.0000000  -0.0000000  -0.0000000  -0.0000000  -0.0000000  -0.0000000
  -0.0000000  -0.0000000  -0.0000000  -0.0000000  -0.0000000  -0.0000000
  -0.0000000  -0.0000000  -0.0000000  -0.0000000  -0.0000000  -0.0000000
  -0.0000000  -0.0000000  -0.0000000  -0.0000000  -0.0000000  -0.0000000
  -0.0000000  -0.0000000  -0.0000000  -0.0000000  -0.0000000  -0.0000000
  -0.0000000  -0.0000000  -0.0000000  -0.0000000  -0.0000000  -0.0000000
  -0.0000000  -0.0000000  -0.0000000  -0.0000000  -0.0000000  -0.0000000
  -0.0000000  -0.0000000  -0.0000000  -0.0000000  -0.0000000  -0.0000000
 TTTTTTTTTTTTTTTTTTTTTTTTTTTTTT MOQGAD      TELAPSE      848.98 TCPU      839.28
 TTTTTTTTTTTTTTTTTTTTTTTTTTTTTT SHELLXN     TELAPSE      923.27 TCPU      913.34
 TTTTTTTTTTTTTTTTTTTTTTTTTTTTTT MONMO3      TELAPSE      923.45 TCPU      913.52
 NUMERICALLY INTEGRATED DENSITY    215.9997853509    215.9997853509
 TTTTTTTTTTTTTTTTTTTTTTTTTTTTTT NUMDFT      TELAPSE      924.90 TCPU      914.97
 CYC   9 ETOT(AU) -2.740904595336E+03 DETOT  2.90E-09 tst  1.33E-10 PX  2.85E-05
 TTTTTTTTTTTTTTTTTTTTTTTTTTTTTT DIIS        TELAPSE      925.47 TCPU      915.43
 DIIS TEST: 0.28706E-07 AT SCF   CYCLE   9 - DIIS ACTIVE - HISTORY:     9 CYCLES
 TTTTTTTTTTTTTTTTTTTTTTTTTTTTTT FDIK        TELAPSE      937.34 TCPU      927.10

    ALPHA      ELECTRONS
 INSULATING STATE
 TOP OF VALENCE BANDS -    BAND    216; K    4; EIG -8.9073003E-02 AU
 TOP OF VALENCE BANDS -    BAND    216; K    1; EIG -9.9356586E-02 AU
 BOTTOM OF VIRTUAL BANDS - BAND    217; K    1; EIG  7.0464166E-02 AU
 INDIRECT ENERGY BAND GAP:   4.3412 eV

    BETA       ELECTRONS
 INSULATING STATE
 TOP OF VALENCE BANDS -    BAND    216; K    4; EIG -8.9073003E-02 AU
 TOP OF VALENCE BANDS -    BAND    216; K    1; EIG -9.9356586E-02 AU
 BOTTOM OF VIRTUAL BANDS - BAND    217; K    1; EIG  7.0464166E-02 AU
 INDIRECT ENERGY BAND GAP:   4.3412 eV
 TTTTTTTTTTTTTTTTTTTTTTTTTTTTTT PDIG        TELAPSE      938.71 TCPU      928.46
 CHARGE NORMALIZATION FACTOR   1.00000000
 TOTAL ATOMIC CHARGES:
   6.0001649   6.0001649   6.0001649   6.0001649   6.0001649   6.0001649
   6.0001649   6.0001649   6.0001649   6.0001649   6.0001649   6.0001649
   6.0001649   6.0001649   6.0001649   6.0001649   6.0001649   6.0001649
   6.0001649   6.0001649   6.0001649   6.0001649   6.0001649   6.0001649
   6.0113557   6.0113557   6.0113557   6.0113557   6.0113557   6.0113557
   6.0113557   6.0113557   6.0113557   6.0113557   6.0113557   6.0113557
   6.0113557   6.0113557   6.0113557   6.0113557   6.0113557   6.0113557
   6.0113557   6.0113557   6.0113557   6.0113557   6.0113557   6.0113557
   5.9884794   5.9884794   5.9884794   5.9884794   5.9884794   5.9884794
   5.9884794   5.9884794   5.9884794   5.9884794   5.9884794   5.9884794
   5.9884794   5.9884794   5.9884794   5.9884794   5.9884794   5.9884794
   5.9884794   5.9884794   5.9884794   5.9884794   5.9884794   5.9884794
 SUMMED SPIN DENSITY           0.00000000
 TOTAL ATOMIC SPINS  :
   0.0000000   0.0000000   0.0000000   0.0000000   0.0000000   0.0000000
   0.0000000   0.0000000   0.0000000   0.0000000   0.0000000   0.0000000
   0.0000000   0.0000000   0.0000000   0.0000000   0.0000000   0.0000000
   0.0000000   0.0000000   0.0000000   0.0000000   0.0000000   0.0000000
   0.0000000   0.0000000   0.0000000   0.0000000   0.0000000   0.0000000
   0.0000000   0.0000000   0.0000000   0.0000000   0.0000000   0.0000000
   0.0000000   0.0000000   0.0000000   0.0000000   0.0000000   0.0000000
   0.0000000   0.0000000   0.0000000   0.0000000   0.0000000   0.0000000
  -0.0000000  -0.0000000  -0.0000000  -0.0000000  -0.0000000  -0.0000000
  -0.0000000  -0.0000000  -0.0000000  -0.0000000  -0.0000000  -0.0000000
  -0.0000000  -0.0000000  -0.0000000  -0.0000000  -0.0000000  -0.0000000
  -0.0000000  -0.0000000  -0.0000000  -0.0000000  -0.0000000  -0.0000000
 TTTTTTTTTTTTTTTTTTTTTTTTTTTTTT MOQGAD      TELAPSE      938.74 TCPU      928.49
 TTTTTTTTTTTTTTTTTTTTTTTTTTTTTT SHELLXN     TELAPSE     1013.39 TCPU     1002.47
 TTTTTTTTTTTTTTTTTTTTTTTTTTTTTT MONMO3      TELAPSE     1013.57 TCPU     1002.66
 NUMERICALLY INTEGRATED DENSITY    215.9997853511    215.9997853511
 TTTTTTTTTTTTTTTTTTTTTTTTTTTTTT NUMDFT      TELAPSE     1015.03 TCPU     1004.11
 CYC  10 ETOT(AU) -2.740904595359E+03 DETOT -2.33E-08 tst  1.13E-12 PX  1.98E-06
 TTTTTTTTTTTTTTTTTTTTTTTTTTTTTT DIIS        TELAPSE     1015.54 TCPU     1004.56
 DIIS TEST: 0.15972E-08 AT SCF   CYCLE  10 - DIIS ACTIVE - HISTORY:    10 CYCLES
 TTTTTTTTTTTTTTTTTTTTTTTTTTTTTT FDIK        TELAPSE     1025.58 TCPU     1014.16

    ALPHA      ELECTRONS
 INSULATING STATE
 TOP OF VALENCE BANDS -    BAND    216; K    4; EIG -8.9072752E-02 AU
 TOP OF VALENCE BANDS -    BAND    216; K    1; EIG -9.9356329E-02 AU
 BOTTOM OF VIRTUAL BANDS - BAND    217; K    1; EIG  7.0464094E-02 AU
 INDIRECT ENERGY BAND GAP:   4.3412 eV

    BETA       ELECTRONS
 INSULATING STATE
 TOP OF VALENCE BANDS -    BAND    216; K    4; EIG -8.9072752E-02 AU
 TOP OF VALENCE BANDS -    BAND    216; K    1; EIG -9.9356329E-02 AU
 BOTTOM OF VIRTUAL BANDS - BAND    217; K    1; EIG  7.0464094E-02 AU
 INDIRECT ENERGY BAND GAP:   4.3412 eV
 TTTTTTTTTTTTTTTTTTTTTTTTTTTTTT PDIG        TELAPSE     1026.94 TCPU     1015.52
 CHARGE NORMALIZATION FACTOR   1.00000000
 TOTAL ATOMIC CHARGES:
   6.0001655   6.0001655   6.0001655   6.0001655   6.0001655   6.0001655
   6.0001655   6.0001655   6.0001655   6.0001655   6.0001655   6.0001655
   6.0001655   6.0001655   6.0001655   6.0001655   6.0001655   6.0001655
   6.0001655   6.0001655   6.0001655   6.0001655   6.0001655   6.0001655
   6.0113547   6.0113547   6.0113547   6.0113547   6.0113547   6.0113547
   6.0113547   6.0113547   6.0113547   6.0113547   6.0113547   6.0113547
   6.0113547   6.0113547   6.0113547   6.0113547   6.0113547   6.0113547
   6.0113547   6.0113547   6.0113547   6.0113547   6.0113547   6.0113547
   5.9884798   5.9884798   5.9884798   5.9884798   5.9884798   5.9884798
   5.9884798   5.9884798   5.9884798   5.9884798   5.9884798   5.9884798
   5.9884798   5.9884798   5.9884798   5.9884798   5.9884798   5.9884798
   5.9884798   5.9884798   5.9884798   5.9884798   5.9884798   5.9884798
 SUMMED SPIN DENSITY           0.00000000
 TOTAL ATOMIC SPINS  :
  -0.0000000  -0.0000000  -0.0000000  -0.0000000  -0.0000000  -0.0000000
  -0.0000000  -0.0000000  -0.0000000  -0.0000000  -0.0000000  -0.0000000
  -0.0000000  -0.0000000  -0.0000000  -0.0000000  -0.0000000  -0.0000000
  -0.0000000  -0.0000000  -0.0000000  -0.0000000  -0.0000000  -0.0000000
   0.0000000   0.0000000   0.0000000   0.0000000   0.0000000   0.0000000
   0.0000000   0.0000000   0.0000000   0.0000000   0.0000000   0.0000000
   0.0000000   0.0000000   0.0000000   0.0000000   0.0000000   0.0000000
   0.0000000   0.0000000   0.0000000   0.0000000   0.0000000   0.0000000
  -0.0000000  -0.0000000  -0.0000000  -0.0000000  -0.0000000  -0.0000000
  -0.0000000  -0.0000000  -0.0000000  -0.0000000  -0.0000000  -0.0000000
  -0.0000000  -0.0000000  -0.0000000  -0.0000000  -0.0000000  -0.0000000
  -0.0000000  -0.0000000  -0.0000000  -0.0000000  -0.0000000  -0.0000000
 TTTTTTTTTTTTTTTTTTTTTTTTTTTTTT MOQGAD      TELAPSE     1026.97 TCPU     1015.55
 TTTTTTTTTTTTTTTTTTTTTTTTTTTTTT SHELLXN     TELAPSE     1101.16 TCPU     1089.47
 TTTTTTTTTTTTTTTTTTTTTTTTTTTTTT MONMO3      TELAPSE     1101.34 TCPU     1089.66
 NUMERICALLY INTEGRATED DENSITY    215.9997853510    215.9997853510
 TTTTTTTTTTTTTTTTTTTTTTTTTTTTTT NUMDFT      TELAPSE     1102.80 TCPU     1091.12
 CYC  11 ETOT(AU) -2.740904595354E+03 DETOT  5.02E-09 tst  1.24E-13 PX  5.18E-07
 TTTTTTTTTTTTTTTTTTTTTTTTTTTTTT DIIS        TELAPSE     1103.55 TCPU     1091.65
 DIIS TEST: 0.19807E-09 AT SCF   CYCLE  11 - DIIS ACTIVE - HISTORY:    11 CYCLES
 TTTTTTTTTTTTTTTTTTTTTTTTTTTTTT FDIK        TELAPSE     1110.54 TCPU     1098.26

    ALPHA      ELECTRONS
 INSULATING STATE
 TOP OF VALENCE BANDS -    BAND    216; K    4; EIG -8.9072812E-02 AU
 TOP OF VALENCE BANDS -    BAND    216; K    1; EIG -9.9356397E-02 AU
 BOTTOM OF VIRTUAL BANDS - BAND    217; K    1; EIG  7.0464108E-02 AU
 INDIRECT ENERGY BAND GAP:   4.3412 eV

    BETA       ELECTRONS
 INSULATING STATE
 TOP OF VALENCE BANDS -    BAND    216; K    4; EIG -8.9072812E-02 AU
 TOP OF VALENCE BANDS -    BAND    216; K    1; EIG -9.9356397E-02 AU
 BOTTOM OF VIRTUAL BANDS - BAND    217; K    1; EIG  7.0464108E-02 AU
 INDIRECT ENERGY BAND GAP:   4.3412 eV
 TTTTTTTTTTTTTTTTTTTTTTTTTTTTTT PDIG        TELAPSE     1111.91 TCPU     1099.62
 CHARGE NORMALIZATION FACTOR   1.00000000
 TOTAL ATOMIC CHARGES:
   6.0001653   6.0001653   6.0001653   6.0001653   6.0001653   6.0001653
   6.0001653   6.0001653   6.0001653   6.0001653   6.0001653   6.0001653
   6.0001653   6.0001653   6.0001653   6.0001653   6.0001653   6.0001653
   6.0001653   6.0001653   6.0001653   6.0001653   6.0001653   6.0001653
   6.0113549   6.0113549   6.0113549   6.0113549   6.0113549   6.0113549
   6.0113549   6.0113549   6.0113549   6.0113549   6.0113549   6.0113549
   6.0113549   6.0113549   6.0113549   6.0113549   6.0113549   6.0113549
   6.0113549   6.0113549   6.0113549   6.0113549   6.0113549   6.0113549
   5.9884798   5.9884798   5.9884798   5.9884798   5.9884798   5.9884798
   5.9884798   5.9884798   5.9884798   5.9884798   5.9884798   5.9884798
   5.9884798   5.9884798   5.9884798   5.9884798   5.9884798   5.9884798
   5.9884798   5.9884798   5.9884798   5.9884798   5.9884798   5.9884798
 SUMMED SPIN DENSITY           0.00000000
 TOTAL ATOMIC SPINS  :
   0.0000000   0.0000000   0.0000000   0.0000000   0.0000000   0.0000000
   0.0000000   0.0000000   0.0000000   0.0000000   0.0000000   0.0000000
   0.0000000   0.0000000   0.0000000   0.0000000   0.0000000   0.0000000
   0.0000000   0.0000000   0.0000000   0.0000000   0.0000000   0.0000000
   0.0000000   0.0000000   0.0000000   0.0000000   0.0000000   0.0000000
   0.0000000   0.0000000   0.0000000   0.0000000   0.0000000   0.0000000
   0.0000000   0.0000000   0.0000000   0.0000000   0.0000000   0.0000000
   0.0000000   0.0000000   0.0000000   0.0000000   0.0000000   0.0000000
  -0.0000000  -0.0000000  -0.0000000  -0.0000000  -0.0000000  -0.0000000
  -0.0000000  -0.0000000  -0.0000000  -0.0000000  -0.0000000  -0.0000000
  -0.0000000  -0.0000000  -0.0000000  -0.0000000  -0.0000000  -0.0000000
  -0.0000000  -0.0000000  -0.0000000  -0.0000000  -0.0000000  -0.0000000
 TTTTTTTTTTTTTTTTTTTTTTTTTTTTTT MOQGAD      TELAPSE     1111.94 TCPU     1099.65
 TTTTTTTTTTTTTTTTTTTTTTTTTTTTTT SHELLXN     TELAPSE     1186.02 TCPU     1173.48
 TTTTTTTTTTTTTTTTTTTTTTTTTTTTTT MONMO3      TELAPSE     1186.20 TCPU     1173.67
 NUMERICALLY INTEGRATED DENSITY    215.9997853510    215.9997853510
 TTTTTTTTTTTTTTTTTTTTTTTTTTTTTT NUMDFT      TELAPSE     1187.63 TCPU     1175.10
 CYC  12 ETOT(AU) -2.740904595355E+03 DETOT -9.16E-10 tst  1.05E-14 PX  1.20E-07
 TTTTTTTTTTTTTTTTTTTTTTTTTTTTTT DIIS        TELAPSE     1188.12 TCPU     1175.48
 DIIS TEST: 0.32708E-10 AT SCF   CYCLE  12 - DIIS ACTIVE - HISTORY:    12 CYCLES
 TTTTTTTTTTTTTTTTTTTTTTTTTTTTTT FDIK        TELAPSE     1196.16 TCPU     1183.29

    ALPHA      ELECTRONS
 INSULATING STATE
 TOP OF VALENCE BANDS -    BAND    216; K    4; EIG -8.9072820E-02 AU
 TOP OF VALENCE BANDS -    BAND    216; K    1; EIG -9.9356406E-02 AU
 BOTTOM OF VIRTUAL BANDS - BAND    217; K    1; EIG  7.0464112E-02 AU
 INDIRECT ENERGY BAND GAP:   4.3412 eV

    BETA       ELECTRONS
 INSULATING STATE
 TOP OF VALENCE BANDS -    BAND    216; K    4; EIG -8.9072820E-02 AU
 TOP OF VALENCE BANDS -    BAND    216; K    1; EIG -9.9356406E-02 AU
 BOTTOM OF VIRTUAL BANDS - BAND    217; K    1; EIG  7.0464112E-02 AU
 INDIRECT ENERGY BAND GAP:   4.3412 eV
 TTTTTTTTTTTTTTTTTTTTTTTTTTTTTT PDIG        TELAPSE     1197.52 TCPU     1184.66
 CHARGE NORMALIZATION FACTOR   1.00000000
 TOTAL ATOMIC CHARGES:
   6.0001652   6.0001652   6.0001652   6.0001652   6.0001652   6.0001652
   6.0001652   6.0001652   6.0001652   6.0001652   6.0001652   6.0001652
   6.0001652   6.0001652   6.0001652   6.0001652   6.0001652   6.0001652
   6.0001652   6.0001652   6.0001652   6.0001652   6.0001652   6.0001652
   6.0113550   6.0113550   6.0113550   6.0113550   6.0113550   6.0113550
   6.0113550   6.0113550   6.0113550   6.0113550   6.0113550   6.0113550
   6.0113550   6.0113550   6.0113550   6.0113550   6.0113550   6.0113550
   6.0113550   6.0113550   6.0113550   6.0113550   6.0113550   6.0113550
   5.9884798   5.9884798   5.9884798   5.9884798   5.9884798   5.9884798
   5.9884798   5.9884798   5.9884798   5.9884798   5.9884798   5.9884798
   5.9884798   5.9884798   5.9884798   5.9884798   5.9884798   5.9884798
   5.9884798   5.9884798   5.9884798   5.9884798   5.9884798   5.9884798
 SUMMED SPIN DENSITY           0.00000000
 TOTAL ATOMIC SPINS  :
   0.0000000   0.0000000   0.0000000   0.0000000   0.0000000   0.0000000
   0.0000000   0.0000000   0.0000000   0.0000000   0.0000000   0.0000000
   0.0000000   0.0000000   0.0000000   0.0000000   0.0000000   0.0000000
   0.0000000   0.0000000   0.0000000   0.0000000   0.0000000   0.0000000
  -0.0000000  -0.0000000  -0.0000000  -0.0000000  -0.0000000  -0.0000000
  -0.0000000  -0.0000000  -0.0000000  -0.0000000  -0.0000000  -0.0000000
  -0.0000000  -0.0000000  -0.0000000  -0.0000000  -0.0000000  -0.0000000
  -0.0000000  -0.0000000  -0.0000000  -0.0000000  -0.0000000  -0.0000000
  -0.0000000  -0.0000000  -0.0000000  -0.0000000  -0.0000000  -0.0000000
  -0.0000000  -0.0000000  -0.0000000  -0.0000000  -0.0000000  -0.0000000
  -0.0000000  -0.0000000  -0.0000000  -0.0000000  -0.0000000  -0.0000000
  -0.0000000  -0.0000000  -0.0000000  -0.0000000  -0.0000000  -0.0000000
 TTTTTTTTTTTTTTTTTTTTTTTTTTTTTT MOQGAD      TELAPSE     1197.56 TCPU     1184.69
 TTTTTTTTTTTTTTTTTTTTTTTTTTTTTT SHELLXN     TELAPSE     1271.62 TCPU     1258.62
 +++ ENERGIES IN A.U. +++
 ::: EXT EL-POLE                                  -1.2397247612533E+04
 ::: EXT EL-SPHEROPOLE                             1.0693868776631E+02
 ::: BIELET ZONE E-E                               1.2841114959581E+04
 ::: TOTAL E-E                                     5.5080603481485E+02
 ::: TOTAL E-N + N-E                              -4.7963209962497E+03
 ::: TOTAL N-N                                    -9.1216513773231E+02
 ::: KINETIC ENERGY                                2.7334950000524E+03
 ::: PSEUDO TOTAL   ENERGY                        -2.4241850991148E+03
 ::: VIRIAL COEFFICIENT                            1.0599707416882E+00
 TTTTTTTTTTTTTTTTTTTTTTTTTTTTTT MONMO3      TELAPSE     1271.81 TCPU     1258.81
 NUMERICALLY INTEGRATED DENSITY    215.9997853510    215.9997853510
 EXCHANGE ENERGY: -0.298474654665E+03  CORRELATION ENERGY: -0.182448415756E+02
 TTTTTTTTTTTTTTTTTTTTTTTTTTTTTT NUMDFT      TELAPSE     1273.24 TCPU     1260.24
 CYC  13 ETOT(AU) -2.740904595355E+03 DETOT -6.29E-10 tst  1.65E-15 PX  1.20E-07

 == SCF ENDED - CONVERGENCE ON ENERGY      E(AU) -2.7409045953555E+03 CYCLES  13


 ENERGY EXPRESSION=HARTREE+FOCK EXCH*0.20000+(BECKE      EXCH)*0.80000+LYP        CORR


 TOTAL ENERGY(DFT)(AU)( 13) -2.7409045953555E+03 DE-6.3E-10 tester 1.6E-15
 TTTTTTTTTTTTTTTTTTTTTTTTTTTTTT EDFT        TELAPSE     1273.27 TCPU     1260.25
 
 INFORMATION **** DFTD3 ENERGY **** CALCULATE DFTD3 ENERGY

           DFT-D V3(BJ)
 DF                                         b3-lyp    
 parameters
 s6       :    1.0000
 s8       :    1.9889
 a1       :    0.3981
 a2       :    4.4211
 k1 k3    :   16.0000   -4.0000
 Cutoff   :   50.2022
 CN-Cutoff:   21.1671
 ABC-Cutoff:   21.1671
 
 Edisp /kcal,au:  -444.1344 -0.70777310

 E6    /kcal :  -213.3183
 E8    /kcal :  -230.8161
 
 INFORMATION **** DFTD3 ENERGY **** NORMAL TERMINATION OF DFTD3 MODULE

 *******************************************************************************

 DFT-D3 DISPERSION ENERGY CORRECTION

 D3 DISPERSION ENERGY (AU)       -7.0777310405391E-01
 TOTAL ENERGY + DISP (AU)        -2.7416123684595E+03

 *******************************************************************************


 NEIGHBORS OF THE NON-EQUIVALENT ATOMS

 N = NUMBER OF NEIGHBORS AT DISTANCE R
    ATOM  N     R/ANG      R/AU   NEIGHBORS (ATOM LABELS AND CELL INDICES)
   1 C    1     1.4406     2.7223    4 C   -1 0 0
   1 C    1     1.5615     2.9507   49 C    0 0 0
   1 C    1     1.5853     2.9957   25 C    0 0 0
   1 C    1     1.5856     2.9963   13 C    0 0 0
   1 C    1     2.1949     4.1478   61 C    0 0 0
   1 C    1     2.2961     4.3389   28 C   -1 0 0

  25 C    1     1.5033     2.8408   41 C   -1 0 0
  25 C    2     1.5593     2.9467   39 C   -1 0 0   40 C    0 1 0
  25 C    1     1.5853     2.9957    1 C    0 0 0
  25 C    1     2.2052     4.1673   26 C   -1 1 0
  25 C    1     2.2961     4.3389    4 C   -1 0 0
  25 C    1     2.3205     4.3850   15 C   -1 0 0

  49 C    2     1.5576     2.9434   67 C    0 0 0   69 C    0 0 0
  49 C    1     1.5615     2.9507    1 C    0 0 0
  49 C    1     1.5849     2.9950   61 C    0 0 0
  49 C    1     2.1949     4.1478   13 C    0 0 0
  49 C    1     2.2028     4.1626   51 C    0 0 0
  49 C    2     2.5925     4.8990   57 C    0 0 0   58 C    0 0 0

 TTTTTTTTTTTTTTTTTTTTTTTTTTTTTT AFTER FIRST TELAPSE     1273.75 TCPU     1260.71
 MMMMMMMMMMMMMMMMMMMMMMMMMMMMMMMMMMMMMMMMMMMMMMMMMMMMMMMMMMMMMMMMMMMMMMMMMMMMMMM
     ALPHA+BETA ELECTRONS
 MULLIKEN POPULATION ANALYSIS - NO. OF ELECTRONS  432.000000

  ATOM    Z CHARGE  A.O. POPULATION

   1 C    6  6.000  0.854  1.120  0.761  0.428  0.464  0.434  0.439 -0.004
                   -0.013 -0.009  0.468  0.521  0.493  0.009  0.010  0.007
                    0.008  0.012
   2 C    6  6.000  0.854  1.120  0.761  0.428  0.464  0.434  0.439 -0.004
                   -0.013 -0.009  0.468  0.521  0.493  0.009  0.010  0.007
                    0.008  0.012
   3 C    6  6.000  0.854  1.120  0.761  0.428  0.464  0.434  0.439 -0.004
                   -0.013 -0.009  0.468  0.521  0.493  0.009  0.010  0.007
                    0.008  0.012
   4 C    6  6.000  0.854  1.120  0.761  0.428  0.464  0.434  0.439 -0.004
                   -0.013 -0.009  0.468  0.521  0.493  0.009  0.010  0.007
                    0.008  0.012
   5 C    6  6.000  0.854  1.120  0.761  0.428  0.439  0.464  0.434 -0.009
                   -0.004 -0.013  0.493  0.468  0.521  0.007  0.007  0.012
                    0.010  0.010
   6 C    6  6.000  0.854  1.120  0.761  0.428  0.434  0.439  0.464 -0.013
                   -0.009 -0.004  0.521  0.493  0.468  0.010  0.012  0.010
                    0.007  0.007
   7 C    6  6.000  0.854  1.120  0.761  0.428  0.439  0.464  0.434 -0.009
                   -0.004 -0.013  0.493  0.468  0.521  0.007  0.007  0.012
                    0.010  0.010
   8 C    6  6.000  0.854  1.120  0.761  0.428  0.434  0.439  0.464 -0.013
                   -0.009 -0.004  0.521  0.493  0.468  0.010  0.012  0.010
                    0.007  0.007
   9 C    6  6.000  0.854  1.120  0.761  0.428  0.439  0.464  0.434 -0.009
                   -0.004 -0.013  0.493  0.468  0.521  0.007  0.007  0.012
                    0.010  0.010
  10 C    6  6.000  0.854  1.120  0.761  0.428  0.434  0.439  0.464 -0.013
                   -0.009 -0.004  0.521  0.493  0.468  0.010  0.012  0.010
                    0.007  0.007
  11 C    6  6.000  0.854  1.120  0.761  0.428  0.439  0.464  0.434 -0.009
                   -0.004 -0.013  0.493  0.468  0.521  0.007  0.007  0.012
                    0.010  0.010
  12 C    6  6.000  0.854  1.120  0.761  0.428  0.434  0.439  0.464 -0.013
                   -0.009 -0.004  0.521  0.493  0.468  0.010  0.012  0.010
                    0.007  0.007
  13 C    6  6.000  0.854  1.120  0.761  0.428  0.434  0.464  0.439 -0.013
                   -0.004 -0.009  0.521  0.468  0.493  0.009  0.007  0.010
                    0.008  0.012
  14 C    6  6.000  0.854  1.120  0.761  0.428  0.434  0.464  0.439 -0.013
                   -0.004 -0.009  0.521  0.468  0.493  0.009  0.007  0.010
                    0.008  0.012
  15 C    6  6.000  0.854  1.120  0.761  0.428  0.434  0.464  0.439 -0.013
                   -0.004 -0.009  0.521  0.468  0.493  0.009  0.007  0.010
                    0.008  0.012
  16 C    6  6.000  0.854  1.120  0.761  0.428  0.434  0.464  0.439 -0.013
                   -0.004 -0.009  0.521  0.468  0.493  0.009  0.007  0.010
                    0.008  0.012
  17 C    6  6.000  0.854  1.120  0.761  0.428  0.464  0.439  0.434 -0.004
                   -0.009 -0.013  0.468  0.493  0.521  0.007  0.012  0.007
                    0.010  0.010
  18 C    6  6.000  0.854  1.120  0.761  0.428  0.439  0.434  0.464 -0.009
                   -0.013 -0.004  0.493  0.521  0.468  0.010  0.010  0.012
                    0.007  0.007
  19 C    6  6.000  0.854  1.120  0.761  0.428  0.464  0.439  0.434 -0.004
                   -0.009 -0.013  0.468  0.493  0.521  0.007  0.012  0.007
                    0.010  0.010
  20 C    6  6.000  0.854  1.120  0.761  0.428  0.439  0.434  0.464 -0.009
                   -0.013 -0.004  0.493  0.521  0.468  0.010  0.010  0.012
                    0.007  0.007
  21 C    6  6.000  0.854  1.120  0.761  0.428  0.464  0.439  0.434 -0.004
                   -0.009 -0.013  0.468  0.493  0.521  0.007  0.012  0.007
                    0.010  0.010
  22 C    6  6.000  0.854  1.120  0.761  0.428  0.439  0.434  0.464 -0.009
                   -0.013 -0.004  0.493  0.521  0.468  0.010  0.010  0.012
                    0.007  0.007
  23 C    6  6.000  0.854  1.120  0.761  0.428  0.464  0.439  0.434 -0.004
                   -0.009 -0.013  0.468  0.493  0.521  0.007  0.012  0.007
                    0.010  0.010
  24 C    6  6.000  0.854  1.120  0.761  0.428  0.439  0.434  0.464 -0.009
                   -0.013 -0.004  0.493  0.521  0.468  0.010  0.010  0.012
                    0.007  0.007
  25 C    6  6.011  0.853  1.121  0.750  0.445  0.434  0.453  0.440 -0.009
                   -0.010 -0.015  0.496  0.496  0.512  0.009  0.006  0.009
                    0.007  0.014
  26 C    6  6.011  0.853  1.121  0.750  0.445  0.434  0.453  0.440 -0.009
                   -0.010 -0.015  0.496  0.496  0.512  0.009  0.006  0.009
                    0.007  0.014
  27 C    6  6.011  0.853  1.121  0.750  0.445  0.434  0.453  0.440 -0.009
                   -0.010 -0.015  0.496  0.496  0.512  0.009  0.006  0.009
                    0.007  0.014
  28 C    6  6.011  0.853  1.121  0.750  0.445  0.434  0.453  0.440 -0.009
                   -0.010 -0.015  0.496  0.496  0.512  0.009  0.006  0.009
                    0.007  0.014
  29 C    6  6.011  0.853  1.121  0.750  0.445  0.440  0.434  0.453 -0.015
                   -0.009 -0.010  0.512  0.496  0.496  0.008  0.009  0.014
                    0.008  0.006
  30 C    6  6.011  0.853  1.121  0.750  0.445  0.453  0.440  0.434 -0.010
                   -0.015 -0.009  0.496  0.512  0.496  0.008  0.014  0.006
                    0.009  0.009
  31 C    6  6.011  0.853  1.121  0.750  0.445  0.440  0.434  0.453 -0.015
                   -0.009 -0.010  0.512  0.496  0.496  0.008  0.009  0.014
                    0.008  0.006
  32 C    6  6.011  0.853  1.121  0.750  0.445  0.453  0.440  0.434 -0.010
                   -0.015 -0.009  0.496  0.512  0.496  0.008  0.014  0.006
                    0.009  0.009
  33 C    6  6.011  0.853  1.121  0.750  0.445  0.440  0.434  0.453 -0.015
                   -0.009 -0.010  0.512  0.496  0.496  0.008  0.009  0.014
                    0.008  0.006
  34 C    6  6.011  0.853  1.121  0.750  0.445  0.453  0.440  0.434 -0.010
                   -0.015 -0.009  0.496  0.512  0.496  0.008  0.014  0.006
                    0.009  0.009
  35 C    6  6.011  0.853  1.121  0.750  0.445  0.440  0.434  0.453 -0.015
                   -0.009 -0.010  0.512  0.496  0.496  0.008  0.009  0.014
                    0.008  0.006
  36 C    6  6.011  0.853  1.121  0.750  0.445  0.453  0.440  0.434 -0.010
                   -0.015 -0.009  0.496  0.512  0.496  0.008  0.014  0.006
                    0.009  0.009
  37 C    6  6.011  0.853  1.121  0.750  0.445  0.453  0.434  0.440 -0.010
                   -0.009 -0.015  0.496  0.496  0.512  0.009  0.009  0.006
                    0.007  0.014
  38 C    6  6.011  0.853  1.121  0.750  0.445  0.453  0.434  0.440 -0.010
                   -0.009 -0.015  0.496  0.496  0.512  0.009  0.009  0.006
                    0.007  0.014
  39 C    6  6.011  0.853  1.121  0.750  0.445  0.453  0.434  0.440 -0.010
                   -0.009 -0.015  0.496  0.496  0.512  0.009  0.009  0.006
                    0.007  0.014
  40 C    6  6.011  0.853  1.121  0.750  0.445  0.453  0.434  0.440 -0.010
                   -0.009 -0.015  0.496  0.496  0.512  0.009  0.009  0.006
                    0.007  0.014
  41 C    6  6.011  0.853  1.121  0.750  0.445  0.434  0.440  0.453 -0.009
                   -0.015 -0.010  0.496  0.512  0.496  0.008  0.014  0.009
                    0.008  0.006
  42 C    6  6.011  0.853  1.121  0.750  0.445  0.440  0.453  0.434 -0.015
                   -0.010 -0.009  0.512  0.496  0.496  0.008  0.006  0.014
                    0.009  0.009
  43 C    6  6.011  0.853  1.121  0.750  0.445  0.434  0.440  0.453 -0.009
                   -0.015 -0.010  0.496  0.512  0.496  0.008  0.014  0.009
                    0.008  0.006
  44 C    6  6.011  0.853  1.121  0.750  0.445  0.440  0.453  0.434 -0.015
                   -0.010 -0.009  0.512  0.496  0.496  0.008  0.006  0.014
                    0.009  0.009
  45 C    6  6.011  0.853  1.121  0.750  0.445  0.434  0.440  0.453 -0.009
                   -0.015 -0.010  0.496  0.512  0.496  0.008  0.014  0.009
                    0.008  0.006
  46 C    6  6.011  0.853  1.121  0.750  0.445  0.440  0.453  0.434 -0.015
                   -0.010 -0.009  0.512  0.496  0.496  0.008  0.006  0.014
                    0.009  0.009
  47 C    6  6.011  0.853  1.121  0.750  0.445  0.434  0.440  0.453 -0.009
                   -0.015 -0.010  0.496  0.512  0.496  0.008  0.014  0.009
                    0.008  0.006
  48 C    6  6.011  0.853  1.121  0.750  0.445  0.440  0.453  0.434 -0.015
                   -0.010 -0.009  0.512  0.496  0.496  0.008  0.006  0.014
                    0.009  0.009
  49 C    6  5.988  0.853  1.121  0.761  0.436  0.426  0.441  0.433 -0.015
                    0.010 -0.006  0.530  0.450  0.507  0.007  0.004  0.013
                    0.007  0.011
  50 C    6  5.988  0.853  1.121  0.761  0.436  0.426  0.441  0.433 -0.015
                    0.010 -0.006  0.530  0.450  0.507  0.007  0.004  0.013
                    0.007  0.011
  51 C    6  5.988  0.853  1.121  0.761  0.436  0.426  0.441  0.433 -0.015
                    0.010 -0.006  0.530  0.450  0.507  0.007  0.004  0.013
                    0.007  0.011
  52 C    6  5.988  0.853  1.121  0.761  0.436  0.426  0.441  0.433 -0.015
                    0.010 -0.006  0.530  0.450  0.507  0.007  0.004  0.013
                    0.007  0.011
  53 C    6  5.988  0.853  1.121  0.761  0.436  0.433  0.426  0.441 -0.006
                   -0.015  0.010  0.507  0.530  0.450  0.008  0.013  0.011
                    0.007  0.004
  54 C    6  5.988  0.853  1.121  0.761  0.436  0.441  0.433  0.426  0.010
                   -0.006 -0.015  0.450  0.507  0.530  0.007  0.011  0.004
                    0.008  0.013
  55 C    6  5.988  0.853  1.121  0.761  0.436  0.433  0.426  0.441 -0.006
                   -0.015  0.010  0.507  0.530  0.450  0.008  0.013  0.011
                    0.007  0.004
  56 C    6  5.988  0.853  1.121  0.761  0.436  0.441  0.433  0.426  0.010
                   -0.006 -0.015  0.450  0.507  0.530  0.007  0.011  0.004
                    0.008  0.013
  57 C    6  5.988  0.853  1.121  0.761  0.436  0.433  0.426  0.441 -0.006
                   -0.015  0.010  0.507  0.530  0.450  0.008  0.013  0.011
                    0.007  0.004
  58 C    6  5.988  0.853  1.121  0.761  0.436  0.441  0.433  0.426  0.010
                   -0.006 -0.015  0.450  0.507  0.530  0.007  0.011  0.004
                    0.008  0.013
  59 C    6  5.988  0.853  1.121  0.761  0.436  0.433  0.426  0.441 -0.006
                   -0.015  0.010  0.507  0.530  0.450  0.008  0.013  0.011
                    0.007  0.004
  60 C    6  5.988  0.853  1.121  0.761  0.436  0.441  0.433  0.426  0.010
                   -0.006 -0.015  0.450  0.507  0.530  0.007  0.011  0.004
                    0.008  0.013
  61 C    6  5.988  0.853  1.121  0.761  0.436  0.441  0.426  0.433  0.010
                   -0.015 -0.006  0.450  0.530  0.507  0.007  0.013  0.004
                    0.007  0.011
  62 C    6  5.988  0.853  1.121  0.761  0.436  0.441  0.426  0.433  0.010
                   -0.015 -0.006  0.450  0.530  0.507  0.007  0.013  0.004
                    0.007  0.011
  63 C    6  5.988  0.853  1.121  0.761  0.436  0.441  0.426  0.433  0.010
                   -0.015 -0.006  0.450  0.530  0.507  0.007  0.013  0.004
                    0.007  0.011
  64 C    6  5.988  0.853  1.121  0.761  0.436  0.441  0.426  0.433  0.010
                   -0.015 -0.006  0.450  0.530  0.507  0.007  0.013  0.004
                    0.007  0.011
  65 C    6  5.988  0.853  1.121  0.761  0.436  0.426  0.433  0.441 -0.015
                   -0.006  0.010  0.530  0.507  0.450  0.008  0.011  0.013
                    0.007  0.004
  66 C    6  5.988  0.853  1.121  0.761  0.436  0.433  0.441  0.426 -0.006
                    0.010 -0.015  0.507  0.450  0.530  0.007  0.004  0.011
                    0.008  0.013
  67 C    6  5.988  0.853  1.121  0.761  0.436  0.426  0.433  0.441 -0.015
                   -0.006  0.010  0.530  0.507  0.450  0.008  0.011  0.013
                    0.007  0.004
  68 C    6  5.988  0.853  1.121  0.761  0.436  0.433  0.441  0.426 -0.006
                    0.010 -0.015  0.507  0.450  0.530  0.007  0.004  0.011
                    0.008  0.013
  69 C    6  5.988  0.853  1.121  0.761  0.436  0.426  0.433  0.441 -0.015
                   -0.006  0.010  0.530  0.507  0.450  0.008  0.011  0.013
                    0.007  0.004
  70 C    6  5.988  0.853  1.121  0.761  0.436  0.433  0.441  0.426 -0.006
                    0.010 -0.015  0.507  0.450  0.530  0.007  0.004  0.011
                    0.008  0.013
  71 C    6  5.988  0.853  1.121  0.761  0.436  0.426  0.433  0.441 -0.015
                   -0.006  0.010  0.530  0.507  0.450  0.008  0.011  0.013
                    0.007  0.004
  72 C    6  5.988  0.853  1.121  0.761  0.436  0.433  0.441  0.426 -0.006
                    0.010 -0.015  0.507  0.450  0.530  0.007  0.004  0.011
                    0.008  0.013

  ATOM    Z CHARGE  SHELL POPULATION

   1 C    6  6.000  0.854  1.120  0.761  0.428  1.337 -0.027  1.481  0.046
   2 C    6  6.000  0.854  1.120  0.761  0.428  1.337 -0.027  1.481  0.046
   3 C    6  6.000  0.854  1.120  0.761  0.428  1.337 -0.027  1.481  0.046
   4 C    6  6.000  0.854  1.120  0.761  0.428  1.337 -0.027  1.481  0.046
   5 C    6  6.000  0.854  1.120  0.761  0.428  1.337 -0.027  1.481  0.046
   6 C    6  6.000  0.854  1.120  0.761  0.428  1.337 -0.027  1.481  0.046
   7 C    6  6.000  0.854  1.120  0.761  0.428  1.337 -0.027  1.481  0.046
   8 C    6  6.000  0.854  1.120  0.761  0.428  1.337 -0.027  1.481  0.046
   9 C    6  6.000  0.854  1.120  0.761  0.428  1.337 -0.027  1.481  0.046
  10 C    6  6.000  0.854  1.120  0.761  0.428  1.337 -0.027  1.481  0.046
  11 C    6  6.000  0.854  1.120  0.761  0.428  1.337 -0.027  1.481  0.046
  12 C    6  6.000  0.854  1.120  0.761  0.428  1.337 -0.027  1.481  0.046
  13 C    6  6.000  0.854  1.120  0.761  0.428  1.337 -0.027  1.481  0.046
  14 C    6  6.000  0.854  1.120  0.761  0.428  1.337 -0.027  1.481  0.046
  15 C    6  6.000  0.854  1.120  0.761  0.428  1.337 -0.027  1.481  0.046
  16 C    6  6.000  0.854  1.120  0.761  0.428  1.337 -0.027  1.481  0.046
  17 C    6  6.000  0.854  1.120  0.761  0.428  1.337 -0.027  1.481  0.046
  18 C    6  6.000  0.854  1.120  0.761  0.428  1.337 -0.027  1.481  0.046
  19 C    6  6.000  0.854  1.120  0.761  0.428  1.337 -0.027  1.481  0.046
  20 C    6  6.000  0.854  1.120  0.761  0.428  1.337 -0.027  1.481  0.046
  21 C    6  6.000  0.854  1.120  0.761  0.428  1.337 -0.027  1.481  0.046
  22 C    6  6.000  0.854  1.120  0.761  0.428  1.337 -0.027  1.481  0.046
  23 C    6  6.000  0.854  1.120  0.761  0.428  1.337 -0.027  1.481  0.046
  24 C    6  6.000  0.854  1.120  0.761  0.428  1.337 -0.027  1.481  0.046
  25 C    6  6.011  0.853  1.121  0.750  0.445  1.327 -0.034  1.504  0.045
  26 C    6  6.011  0.853  1.121  0.750  0.445  1.327 -0.034  1.504  0.045
  27 C    6  6.011  0.853  1.121  0.750  0.445  1.327 -0.034  1.504  0.045
  28 C    6  6.011  0.853  1.121  0.750  0.445  1.327 -0.034  1.504  0.045
  29 C    6  6.011  0.853  1.121  0.750  0.445  1.327 -0.034  1.504  0.045
  30 C    6  6.011  0.853  1.121  0.750  0.445  1.327 -0.034  1.504  0.045
  31 C    6  6.011  0.853  1.121  0.750  0.445  1.327 -0.034  1.504  0.045
  32 C    6  6.011  0.853  1.121  0.750  0.445  1.327 -0.034  1.504  0.045
  33 C    6  6.011  0.853  1.121  0.750  0.445  1.327 -0.034  1.504  0.045
  34 C    6  6.011  0.853  1.121  0.750  0.445  1.327 -0.034  1.504  0.045
  35 C    6  6.011  0.853  1.121  0.750  0.445  1.327 -0.034  1.504  0.045
  36 C    6  6.011  0.853  1.121  0.750  0.445  1.327 -0.034  1.504  0.045
  37 C    6  6.011  0.853  1.121  0.750  0.445  1.327 -0.034  1.504  0.045
  38 C    6  6.011  0.853  1.121  0.750  0.445  1.327 -0.034  1.504  0.045
  39 C    6  6.011  0.853  1.121  0.750  0.445  1.327 -0.034  1.504  0.045
  40 C    6  6.011  0.853  1.121  0.750  0.445  1.327 -0.034  1.504  0.045
  41 C    6  6.011  0.853  1.121  0.750  0.445  1.327 -0.034  1.504  0.045
  42 C    6  6.011  0.853  1.121  0.750  0.445  1.327 -0.034  1.504  0.045
  43 C    6  6.011  0.853  1.121  0.750  0.445  1.327 -0.034  1.504  0.045
  44 C    6  6.011  0.853  1.121  0.750  0.445  1.327 -0.034  1.504  0.045
  45 C    6  6.011  0.853  1.121  0.750  0.445  1.327 -0.034  1.504  0.045
  46 C    6  6.011  0.853  1.121  0.750  0.445  1.327 -0.034  1.504  0.045
  47 C    6  6.011  0.853  1.121  0.750  0.445  1.327 -0.034  1.504  0.045
  48 C    6  6.011  0.853  1.121  0.750  0.445  1.327 -0.034  1.504  0.045
  49 C    6  5.988  0.853  1.121  0.761  0.436  1.299 -0.012  1.486  0.043
  50 C    6  5.988  0.853  1.121  0.761  0.436  1.299 -0.012  1.486  0.043
  51 C    6  5.988  0.853  1.121  0.761  0.436  1.299 -0.012  1.486  0.043
  52 C    6  5.988  0.853  1.121  0.761  0.436  1.299 -0.012  1.486  0.043
  53 C    6  5.988  0.853  1.121  0.761  0.436  1.299 -0.012  1.486  0.043
  54 C    6  5.988  0.853  1.121  0.761  0.436  1.299 -0.012  1.486  0.043
  55 C    6  5.988  0.853  1.121  0.761  0.436  1.299 -0.012  1.486  0.043
  56 C    6  5.988  0.853  1.121  0.761  0.436  1.299 -0.012  1.486  0.043
  57 C    6  5.988  0.853  1.121  0.761  0.436  1.299 -0.012  1.486  0.043
  58 C    6  5.988  0.853  1.121  0.761  0.436  1.299 -0.012  1.486  0.043
  59 C    6  5.988  0.853  1.121  0.761  0.436  1.299 -0.012  1.486  0.043
  60 C    6  5.988  0.853  1.121  0.761  0.436  1.299 -0.012  1.486  0.043
  61 C    6  5.988  0.853  1.121  0.761  0.436  1.299 -0.012  1.486  0.043
  62 C    6  5.988  0.853  1.121  0.761  0.436  1.299 -0.012  1.486  0.043
  63 C    6  5.988  0.853  1.121  0.761  0.436  1.299 -0.012  1.486  0.043
  64 C    6  5.988  0.853  1.121  0.761  0.436  1.299 -0.012  1.486  0.043
  65 C    6  5.988  0.853  1.121  0.761  0.436  1.299 -0.012  1.486  0.043
  66 C    6  5.988  0.853  1.121  0.761  0.436  1.299 -0.012  1.486  0.043
  67 C    6  5.988  0.853  1.121  0.761  0.436  1.299 -0.012  1.486  0.043
  68 C    6  5.988  0.853  1.121  0.761  0.436  1.299 -0.012  1.486  0.043
  69 C    6  5.988  0.853  1.121  0.761  0.436  1.299 -0.012  1.486  0.043
  70 C    6  5.988  0.853  1.121  0.761  0.436  1.299 -0.012  1.486  0.043
  71 C    6  5.988  0.853  1.121  0.761  0.436  1.299 -0.012  1.486  0.043
  72 C    6  5.988  0.853  1.121  0.761  0.436  1.299 -0.012  1.486  0.043

 OVERLAP POPULATION CONDENSED TO ATOMS FOR FIRST   6 NEIGHBORS

 ATOM A   1 C    ATOM B     CELL      R(AB)/AU R(AB)/ANG    OVPOP(AB)
                  4 C    ( -1  0  0)     2.722     1.441     0.266
                 49 C    (  0  0  0)     2.951     1.561     0.299
                 25 C    (  0  0  0)     2.996     1.585     0.294
                 13 C    (  0  0  0)     2.996     1.586     0.387
                 61 C    (  0  0  0)     4.148     2.195    -0.091
                 28 C    ( -1  0  0)     4.339     2.296    -0.033

 ATOM A  25 C    ATOM B     CELL      R(AB)/AU R(AB)/ANG    OVPOP(AB)
                 41 C    ( -1  0  0)     2.841     1.503     0.283
                 39 C    ( -1  0  0)     2.947     1.559     0.315
                  1 C    (  0  0  0)     2.996     1.585     0.294
                 26 C    ( -1  1  0)     4.167     2.205    -0.108
                  4 C    ( -1  0  0)     4.339     2.296    -0.033
                 15 C    ( -1  0  0)     4.385     2.320    -0.064

 ATOM A  49 C    ATOM B     CELL      R(AB)/AU R(AB)/ANG    OVPOP(AB)
                 67 C    (  0  0  0)     2.943     1.558     0.323
                  1 C    (  0  0  0)     2.951     1.561     0.299
                 61 C    (  0  0  0)     2.995     1.585     0.297
                 13 C    (  0  0  0)     4.148     2.195    -0.091
                 51 C    (  0  0  0)     4.163     2.203    -0.077
                 57 C    (  0  0  0)     4.899     2.592    -0.009
 TTTTTTTTTTTTTTTTTTTTTTTTTTTTTT AFTER FIRST TELAPSE     1274.04 TCPU     1260.76
 MMMMMMMMMMMMMMMMMMMMMMMMMMMMMMMMMMMMMMMMMMMMMMMMMMMMMMMMMMMMMMMMMMMMMMMMMMMMMMM
     ALPHA-BETA ELECTRONS
 MULLIKEN POPULATION ANALYSIS - NO. OF ELECTRONS    0.000000

  ATOM    Z CHARGE  A.O. POPULATION

   1 C    6  0.000  0.000 -0.000  0.000  0.000 -0.000 -0.000 -0.000 -0.000
                    0.000 -0.000 -0.000  0.000  0.000  0.000 -0.000 -0.000
                    0.000 -0.000
   2 C    6  0.000  0.000 -0.000  0.000  0.000 -0.000 -0.000 -0.000 -0.000
                    0.000 -0.000 -0.000  0.000  0.000  0.000 -0.000 -0.000
                    0.000 -0.000
   3 C    6  0.000  0.000 -0.000  0.000  0.000 -0.000 -0.000 -0.000 -0.000
                    0.000 -0.000 -0.000  0.000  0.000  0.000 -0.000 -0.000
                    0.000 -0.000
   4 C    6  0.000  0.000 -0.000  0.000  0.000 -0.000 -0.000 -0.000 -0.000
                    0.000 -0.000 -0.000  0.000  0.000  0.000 -0.000 -0.000
                    0.000 -0.000
   5 C    6  0.000  0.000 -0.000  0.000  0.000 -0.000 -0.000 -0.000 -0.000
                   -0.000  0.000  0.000 -0.000  0.000 -0.000 -0.000 -0.000
                    0.000 -0.000
   6 C    6  0.000  0.000 -0.000  0.000  0.000 -0.000 -0.000 -0.000  0.000
                   -0.000 -0.000  0.000  0.000 -0.000  0.000 -0.000 -0.000
                   -0.000 -0.000
   7 C    6  0.000  0.000 -0.000  0.000  0.000 -0.000 -0.000 -0.000 -0.000
                   -0.000  0.000  0.000 -0.000  0.000 -0.000 -0.000 -0.000
                    0.000 -0.000
   8 C    6  0.000  0.000 -0.000  0.000  0.000 -0.000 -0.000 -0.000  0.000
                   -0.000 -0.000  0.000  0.000 -0.000  0.000 -0.000 -0.000
                   -0.000 -0.000
   9 C    6  0.000  0.000 -0.000  0.000  0.000 -0.000 -0.000 -0.000 -0.000
                   -0.000  0.000  0.000 -0.000  0.000 -0.000 -0.000 -0.000
                    0.000 -0.000
  10 C    6  0.000  0.000 -0.000  0.000  0.000 -0.000 -0.000 -0.000  0.000
                   -0.000 -0.000  0.000  0.000 -0.000  0.000 -0.000 -0.000
                   -0.000 -0.000
  11 C    6  0.000  0.000 -0.000  0.000  0.000 -0.000 -0.000 -0.000 -0.000
                   -0.000  0.000  0.000 -0.000  0.000 -0.000 -0.000 -0.000
                    0.000 -0.000
  12 C    6  0.000  0.000 -0.000  0.000  0.000 -0.000 -0.000 -0.000  0.000
                   -0.000 -0.000  0.000  0.000 -0.000  0.000 -0.000 -0.000
                   -0.000 -0.000
  13 C    6  0.000  0.000 -0.000  0.000  0.000 -0.000 -0.000 -0.000  0.000
                   -0.000 -0.000  0.000 -0.000  0.000  0.000 -0.000 -0.000
                    0.000 -0.000
  14 C    6  0.000  0.000 -0.000  0.000  0.000 -0.000 -0.000 -0.000  0.000
                   -0.000 -0.000  0.000 -0.000  0.000  0.000 -0.000 -0.000
                    0.000 -0.000
  15 C    6  0.000  0.000 -0.000  0.000  0.000 -0.000 -0.000 -0.000  0.000
                   -0.000 -0.000  0.000 -0.000  0.000  0.000 -0.000 -0.000
                    0.000 -0.000
  16 C    6  0.000  0.000 -0.000  0.000  0.000 -0.000 -0.000 -0.000  0.000
                   -0.000 -0.000  0.000 -0.000  0.000  0.000 -0.000 -0.000
                    0.000 -0.000
  17 C    6  0.000  0.000 -0.000  0.000  0.000 -0.000 -0.000 -0.000 -0.000
                   -0.000  0.000 -0.000  0.000  0.000 -0.000 -0.000 -0.000
                    0.000 -0.000
  18 C    6  0.000  0.000 -0.000  0.000  0.000 -0.000 -0.000 -0.000 -0.000
                    0.000 -0.000  0.000  0.000 -0.000  0.000 -0.000 -0.000
                   -0.000 -0.000
  19 C    6  0.000  0.000 -0.000  0.000  0.000 -0.000 -0.000 -0.000 -0.000
                   -0.000  0.000 -0.000  0.000  0.000 -0.000 -0.000 -0.000
                    0.000 -0.000
  20 C    6  0.000  0.000 -0.000  0.000  0.000 -0.000 -0.000 -0.000 -0.000
                    0.000 -0.000  0.000  0.000 -0.000  0.000 -0.000 -0.000
                   -0.000 -0.000
  21 C    6  0.000  0.000 -0.000  0.000  0.000 -0.000 -0.000 -0.000 -0.000
                   -0.000  0.000 -0.000  0.000  0.000 -0.000 -0.000 -0.000
                    0.000 -0.000
  22 C    6  0.000  0.000 -0.000  0.000  0.000 -0.000 -0.000 -0.000 -0.000
                    0.000 -0.000  0.000  0.000 -0.000  0.000 -0.000 -0.000
                   -0.000 -0.000
  23 C    6  0.000  0.000 -0.000  0.000  0.000 -0.000 -0.000 -0.000 -0.000
                   -0.000  0.000 -0.000  0.000  0.000 -0.000 -0.000 -0.000
                    0.000 -0.000
  24 C    6  0.000  0.000 -0.000  0.000  0.000 -0.000 -0.000 -0.000 -0.000
                    0.000 -0.000  0.000  0.000 -0.000  0.000 -0.000 -0.000
                   -0.000 -0.000
  25 C    6 -0.000 -0.000  0.000 -0.000  0.000  0.000 -0.000  0.000  0.000
                    0.000 -0.000 -0.000 -0.000  0.000  0.000  0.000  0.000
                    0.000 -0.000
  26 C    6 -0.000 -0.000  0.000 -0.000  0.000  0.000 -0.000  0.000  0.000
                    0.000 -0.000 -0.000 -0.000  0.000  0.000  0.000  0.000
                    0.000 -0.000
  27 C    6 -0.000 -0.000  0.000 -0.000  0.000  0.000 -0.000  0.000  0.000
                    0.000 -0.000 -0.000 -0.000  0.000  0.000  0.000  0.000
                    0.000 -0.000
  28 C    6 -0.000 -0.000  0.000 -0.000  0.000  0.000 -0.000  0.000  0.000
                    0.000 -0.000 -0.000 -0.000  0.000  0.000  0.000  0.000
                    0.000 -0.000
  29 C    6 -0.000 -0.000  0.000 -0.000  0.000  0.000  0.000 -0.000 -0.000
                    0.000  0.000  0.000 -0.000 -0.000  0.000  0.000 -0.000
                    0.000  0.000
  30 C    6 -0.000 -0.000  0.000 -0.000  0.000 -0.000  0.000  0.000  0.000
                   -0.000  0.000 -0.000  0.000 -0.000  0.000 -0.000  0.000
                    0.000  0.000
  31 C    6 -0.000 -0.000  0.000 -0.000  0.000  0.000  0.000 -0.000 -0.000
                    0.000  0.000  0.000 -0.000 -0.000  0.000  0.000 -0.000
                    0.000  0.000
  32 C    6 -0.000 -0.000  0.000 -0.000  0.000 -0.000  0.000  0.000  0.000
                   -0.000  0.000 -0.000  0.000 -0.000  0.000 -0.000  0.000
                    0.000  0.000
  33 C    6 -0.000 -0.000  0.000 -0.000  0.000  0.000  0.000 -0.000 -0.000
                    0.000  0.000  0.000 -0.000 -0.000  0.000  0.000 -0.000
                    0.000  0.000
  34 C    6 -0.000 -0.000  0.000 -0.000  0.000 -0.000  0.000  0.000  0.000
                   -0.000  0.000 -0.000  0.000 -0.000  0.000 -0.000  0.000
                    0.000  0.000
  35 C    6 -0.000 -0.000  0.000 -0.000  0.000  0.000  0.000 -0.000 -0.000
                    0.000  0.000  0.000 -0.000 -0.000  0.000  0.000 -0.000
                    0.000  0.000
  36 C    6 -0.000 -0.000  0.000 -0.000  0.000 -0.000  0.000  0.000  0.000
                   -0.000  0.000 -0.000  0.000 -0.000  0.000 -0.000  0.000
                    0.000  0.000
  37 C    6 -0.000 -0.000  0.000 -0.000  0.000 -0.000  0.000  0.000  0.000
                    0.000 -0.000 -0.000 -0.000  0.000  0.000  0.000  0.000
                    0.000 -0.000
  38 C    6 -0.000 -0.000  0.000 -0.000  0.000 -0.000  0.000  0.000  0.000
                    0.000 -0.000 -0.000 -0.000  0.000  0.000  0.000  0.000
                    0.000 -0.000
  39 C    6 -0.000 -0.000  0.000 -0.000  0.000 -0.000  0.000  0.000  0.000
                    0.000 -0.000 -0.000 -0.000  0.000  0.000  0.000  0.000
                    0.000 -0.000
  40 C    6 -0.000 -0.000  0.000 -0.000  0.000 -0.000  0.000  0.000  0.000
                    0.000 -0.000 -0.000 -0.000  0.000  0.000  0.000  0.000
                    0.000 -0.000
  41 C    6 -0.000 -0.000  0.000 -0.000  0.000  0.000  0.000 -0.000  0.000
                   -0.000  0.000 -0.000  0.000 -0.000  0.000 -0.000  0.000
                    0.000  0.000
  42 C    6 -0.000 -0.000  0.000 -0.000  0.000  0.000 -0.000  0.000 -0.000
                    0.000  0.000  0.000 -0.000 -0.000  0.000  0.000 -0.000
                    0.000  0.000
  43 C    6 -0.000 -0.000  0.000 -0.000  0.000  0.000  0.000 -0.000  0.000
                   -0.000  0.000 -0.000  0.000 -0.000  0.000 -0.000  0.000
                    0.000  0.000
  44 C    6 -0.000 -0.000  0.000 -0.000  0.000  0.000 -0.000  0.000 -0.000
                    0.000  0.000  0.000 -0.000 -0.000  0.000  0.000 -0.000
                    0.000  0.000
  45 C    6 -0.000 -0.000  0.000 -0.000  0.000  0.000  0.000 -0.000  0.000
                   -0.000  0.000 -0.000  0.000 -0.000  0.000 -0.000  0.000
                    0.000  0.000
  46 C    6 -0.000 -0.000  0.000 -0.000  0.000  0.000 -0.000  0.000 -0.000
                    0.000  0.000  0.000 -0.000 -0.000  0.000  0.000 -0.000
                    0.000  0.000
  47 C    6 -0.000 -0.000  0.000 -0.000  0.000  0.000  0.000 -0.000  0.000
                   -0.000  0.000 -0.000  0.000 -0.000  0.000 -0.000  0.000
                    0.000  0.000
  48 C    6 -0.000 -0.000  0.000 -0.000  0.000  0.000 -0.000  0.000 -0.000
                    0.000  0.000  0.000 -0.000 -0.000  0.000  0.000 -0.000
                    0.000  0.000
  49 C    6 -0.000  0.000 -0.000  0.000 -0.000 -0.000  0.000 -0.000  0.000
                    0.000  0.000  0.000 -0.000  0.000 -0.000 -0.000 -0.000
                   -0.000  0.000
  50 C    6 -0.000  0.000 -0.000  0.000 -0.000 -0.000  0.000 -0.000  0.000
                    0.000  0.000  0.000 -0.000  0.000 -0.000 -0.000 -0.000
                   -0.000  0.000
  51 C    6 -0.000  0.000 -0.000  0.000 -0.000 -0.000  0.000 -0.000  0.000
                    0.000  0.000  0.000 -0.000  0.000 -0.000 -0.000 -0.000
                   -0.000  0.000
  52 C    6 -0.000  0.000 -0.000  0.000 -0.000 -0.000  0.000 -0.000  0.000
                    0.000  0.000  0.000 -0.000  0.000 -0.000 -0.000 -0.000
                   -0.000  0.000
  53 C    6 -0.000  0.000 -0.000  0.000 -0.000 -0.000 -0.000  0.000  0.000
                    0.000  0.000  0.000  0.000 -0.000 -0.000 -0.000  0.000
                    0.000 -0.000
  54 C    6 -0.000  0.000 -0.000  0.000 -0.000  0.000 -0.000 -0.000  0.000
                    0.000  0.000 -0.000  0.000  0.000  0.000  0.000 -0.000
                   -0.000 -0.000
  55 C    6 -0.000  0.000 -0.000  0.000 -0.000 -0.000 -0.000  0.000  0.000
                    0.000  0.000  0.000  0.000 -0.000 -0.000 -0.000  0.000
                    0.000 -0.000
  56 C    6 -0.000  0.000 -0.000  0.000 -0.000  0.000 -0.000 -0.000  0.000
                    0.000  0.000 -0.000  0.000  0.000  0.000  0.000 -0.000
                   -0.000 -0.000
  57 C    6 -0.000  0.000 -0.000  0.000 -0.000 -0.000 -0.000  0.000  0.000
                    0.000  0.000  0.000  0.000 -0.000 -0.000 -0.000  0.000
                    0.000 -0.000
  58 C    6 -0.000  0.000 -0.000  0.000 -0.000  0.000 -0.000 -0.000  0.000
                    0.000  0.000 -0.000  0.000  0.000  0.000  0.000 -0.000
                   -0.000 -0.000
  59 C    6 -0.000  0.000 -0.000  0.000 -0.000 -0.000 -0.000  0.000  0.000
                    0.000  0.000  0.000  0.000 -0.000 -0.000 -0.000  0.000
                    0.000 -0.000
  60 C    6 -0.000  0.000 -0.000  0.000 -0.000  0.000 -0.000 -0.000  0.000
                    0.000  0.000 -0.000  0.000  0.000  0.000  0.000 -0.000
                   -0.000 -0.000
  61 C    6 -0.000  0.000 -0.000  0.000 -0.000  0.000 -0.000 -0.000  0.000
                    0.000  0.000 -0.000  0.000  0.000 -0.000 -0.000 -0.000
                   -0.000  0.000
  62 C    6 -0.000  0.000 -0.000  0.000 -0.000  0.000 -0.000 -0.000  0.000
                    0.000  0.000 -0.000  0.000  0.000 -0.000 -0.000 -0.000
                   -0.000  0.000
  63 C    6 -0.000  0.000 -0.000  0.000 -0.000  0.000 -0.000 -0.000  0.000
                    0.000  0.000 -0.000  0.000  0.000 -0.000 -0.000 -0.000
                   -0.000  0.000
  64 C    6 -0.000  0.000 -0.000  0.000 -0.000  0.000 -0.000 -0.000  0.000
                    0.000  0.000 -0.000  0.000  0.000 -0.000 -0.000 -0.000
                   -0.000  0.000
  65 C    6 -0.000  0.000 -0.000  0.000 -0.000 -0.000 -0.000  0.000  0.000
                    0.000  0.000  0.000  0.000 -0.000 -0.000  0.000 -0.000
                    0.000 -0.000
  66 C    6 -0.000  0.000 -0.000  0.000 -0.000 -0.000  0.000 -0.000  0.000
                    0.000  0.000  0.000 -0.000  0.000  0.000 -0.000  0.000
                   -0.000 -0.000
  67 C    6 -0.000  0.000 -0.000  0.000 -0.000 -0.000 -0.000  0.000  0.000
                    0.000  0.000  0.000  0.000 -0.000 -0.000  0.000 -0.000
                    0.000 -0.000
  68 C    6 -0.000  0.000 -0.000  0.000 -0.000 -0.000  0.000 -0.000  0.000
                    0.000  0.000  0.000 -0.000  0.000  0.000 -0.000  0.000
                   -0.000 -0.000
  69 C    6 -0.000  0.000 -0.000  0.000 -0.000 -0.000 -0.000  0.000  0.000
                    0.000  0.000  0.000  0.000 -0.000 -0.000  0.000 -0.000
                    0.000 -0.000
  70 C    6 -0.000  0.000 -0.000  0.000 -0.000 -0.000  0.000 -0.000  0.000
                    0.000  0.000  0.000 -0.000  0.000  0.000 -0.000  0.000
                   -0.000 -0.000
  71 C    6 -0.000  0.000 -0.000  0.000 -0.000 -0.000 -0.000  0.000  0.000
                    0.000  0.000  0.000  0.000 -0.000 -0.000  0.000 -0.000
                    0.000 -0.000
  72 C    6 -0.000  0.000 -0.000  0.000 -0.000 -0.000  0.000 -0.000  0.000
                    0.000  0.000  0.000 -0.000  0.000  0.000 -0.000  0.000
                   -0.000 -0.000

  ATOM    Z CHARGE  SHELL POPULATION

   1 C    6  0.000  0.000 -0.000  0.000  0.000 -0.000 -0.000  0.000 -0.000
   2 C    6  0.000  0.000 -0.000  0.000  0.000 -0.000 -0.000  0.000 -0.000
   3 C    6  0.000  0.000 -0.000  0.000  0.000 -0.000 -0.000  0.000 -0.000
   4 C    6  0.000  0.000 -0.000  0.000  0.000 -0.000 -0.000  0.000 -0.000
   5 C    6  0.000  0.000 -0.000  0.000  0.000 -0.000 -0.000  0.000 -0.000
   6 C    6  0.000  0.000 -0.000  0.000  0.000 -0.000 -0.000  0.000 -0.000
   7 C    6  0.000  0.000 -0.000  0.000  0.000 -0.000 -0.000  0.000 -0.000
   8 C    6  0.000  0.000 -0.000  0.000  0.000 -0.000 -0.000  0.000 -0.000
   9 C    6  0.000  0.000 -0.000  0.000  0.000 -0.000 -0.000  0.000 -0.000
  10 C    6  0.000  0.000 -0.000  0.000  0.000 -0.000 -0.000  0.000 -0.000
  11 C    6  0.000  0.000 -0.000  0.000  0.000 -0.000 -0.000  0.000 -0.000
  12 C    6  0.000  0.000 -0.000  0.000  0.000 -0.000 -0.000  0.000 -0.000
  13 C    6  0.000  0.000 -0.000  0.000  0.000 -0.000 -0.000  0.000 -0.000
  14 C    6  0.000  0.000 -0.000  0.000  0.000 -0.000 -0.000  0.000 -0.000
  15 C    6  0.000  0.000 -0.000  0.000  0.000 -0.000 -0.000  0.000 -0.000
  16 C    6  0.000  0.000 -0.000  0.000  0.000 -0.000 -0.000  0.000 -0.000
  17 C    6  0.000  0.000 -0.000  0.000  0.000 -0.000 -0.000  0.000 -0.000
  18 C    6  0.000  0.000 -0.000  0.000  0.000 -0.000 -0.000  0.000 -0.000
  19 C    6  0.000  0.000 -0.000  0.000  0.000 -0.000 -0.000  0.000 -0.000
  20 C    6  0.000  0.000 -0.000  0.000  0.000 -0.000 -0.000  0.000 -0.000
  21 C    6  0.000  0.000 -0.000  0.000  0.000 -0.000 -0.000  0.000 -0.000
  22 C    6  0.000  0.000 -0.000  0.000  0.000 -0.000 -0.000  0.000 -0.000
  23 C    6  0.000  0.000 -0.000  0.000  0.000 -0.000 -0.000  0.000 -0.000
  24 C    6  0.000  0.000 -0.000  0.000  0.000 -0.000 -0.000  0.000 -0.000
  25 C    6 -0.000 -0.000  0.000 -0.000  0.000  0.000  0.000 -0.000  0.000
  26 C    6 -0.000 -0.000  0.000 -0.000  0.000  0.000  0.000 -0.000  0.000
  27 C    6 -0.000 -0.000  0.000 -0.000  0.000  0.000  0.000 -0.000  0.000
  28 C    6 -0.000 -0.000  0.000 -0.000  0.000  0.000  0.000 -0.000  0.000
  29 C    6 -0.000 -0.000  0.000 -0.000  0.000  0.000  0.000 -0.000  0.000
  30 C    6 -0.000 -0.000  0.000 -0.000  0.000  0.000  0.000 -0.000  0.000
  31 C    6 -0.000 -0.000  0.000 -0.000  0.000  0.000  0.000 -0.000  0.000
  32 C    6 -0.000 -0.000  0.000 -0.000  0.000  0.000  0.000 -0.000  0.000
  33 C    6 -0.000 -0.000  0.000 -0.000  0.000  0.000  0.000 -0.000  0.000
  34 C    6 -0.000 -0.000  0.000 -0.000  0.000  0.000  0.000 -0.000  0.000
  35 C    6 -0.000 -0.000  0.000 -0.000  0.000  0.000  0.000 -0.000  0.000
  36 C    6 -0.000 -0.000  0.000 -0.000  0.000  0.000  0.000 -0.000  0.000
  37 C    6 -0.000 -0.000  0.000 -0.000  0.000  0.000  0.000 -0.000  0.000
  38 C    6 -0.000 -0.000  0.000 -0.000  0.000  0.000  0.000 -0.000  0.000
  39 C    6 -0.000 -0.000  0.000 -0.000  0.000  0.000  0.000 -0.000  0.000
  40 C    6 -0.000 -0.000  0.000 -0.000  0.000  0.000  0.000 -0.000  0.000
  41 C    6 -0.000 -0.000  0.000 -0.000  0.000  0.000  0.000 -0.000  0.000
  42 C    6 -0.000 -0.000  0.000 -0.000  0.000  0.000  0.000 -0.000  0.000
  43 C    6 -0.000 -0.000  0.000 -0.000  0.000  0.000  0.000 -0.000  0.000
  44 C    6 -0.000 -0.000  0.000 -0.000  0.000  0.000  0.000 -0.000  0.000
  45 C    6 -0.000 -0.000  0.000 -0.000  0.000  0.000  0.000 -0.000  0.000
  46 C    6 -0.000 -0.000  0.000 -0.000  0.000  0.000  0.000 -0.000  0.000
  47 C    6 -0.000 -0.000  0.000 -0.000  0.000  0.000  0.000 -0.000  0.000
  48 C    6 -0.000 -0.000  0.000 -0.000  0.000  0.000  0.000 -0.000  0.000
  49 C    6 -0.000  0.000 -0.000  0.000 -0.000 -0.000  0.000  0.000 -0.000
  50 C    6 -0.000  0.000 -0.000  0.000 -0.000 -0.000  0.000  0.000 -0.000
  51 C    6 -0.000  0.000 -0.000  0.000 -0.000 -0.000  0.000  0.000 -0.000
  52 C    6 -0.000  0.000 -0.000  0.000 -0.000 -0.000  0.000  0.000 -0.000
  53 C    6 -0.000  0.000 -0.000  0.000 -0.000 -0.000  0.000  0.000 -0.000
  54 C    6 -0.000  0.000 -0.000  0.000 -0.000 -0.000  0.000  0.000 -0.000
  55 C    6 -0.000  0.000 -0.000  0.000 -0.000 -0.000  0.000  0.000 -0.000
  56 C    6 -0.000  0.000 -0.000  0.000 -0.000 -0.000  0.000  0.000 -0.000
  57 C    6 -0.000  0.000 -0.000  0.000 -0.000 -0.000  0.000  0.000 -0.000
  58 C    6 -0.000  0.000 -0.000  0.000 -0.000 -0.000  0.000  0.000 -0.000
  59 C    6 -0.000  0.000 -0.000  0.000 -0.000 -0.000  0.000  0.000 -0.000
  60 C    6 -0.000  0.000 -0.000  0.000 -0.000 -0.000  0.000  0.000 -0.000
  61 C    6 -0.000  0.000 -0.000  0.000 -0.000 -0.000  0.000  0.000 -0.000
  62 C    6 -0.000  0.000 -0.000  0.000 -0.000 -0.000  0.000  0.000 -0.000
  63 C    6 -0.000  0.000 -0.000  0.000 -0.000 -0.000  0.000  0.000 -0.000
  64 C    6 -0.000  0.000 -0.000  0.000 -0.000 -0.000  0.000  0.000 -0.000
  65 C    6 -0.000  0.000 -0.000  0.000 -0.000 -0.000  0.000  0.000 -0.000
  66 C    6 -0.000  0.000 -0.000  0.000 -0.000 -0.000  0.000  0.000 -0.000
  67 C    6 -0.000  0.000 -0.000  0.000 -0.000 -0.000  0.000  0.000 -0.000
  68 C    6 -0.000  0.000 -0.000  0.000 -0.000 -0.000  0.000  0.000 -0.000
  69 C    6 -0.000  0.000 -0.000  0.000 -0.000 -0.000  0.000  0.000 -0.000
  70 C    6 -0.000  0.000 -0.000  0.000 -0.000 -0.000  0.000  0.000 -0.000
  71 C    6 -0.000  0.000 -0.000  0.000 -0.000 -0.000  0.000  0.000 -0.000
  72 C    6 -0.000  0.000 -0.000  0.000 -0.000 -0.000  0.000  0.000 -0.000

 OVERLAP POPULATION CONDENSED TO ATOMS FOR FIRST   6 NEIGHBORS

 ATOM A   1 C    ATOM B     CELL      R(AB)/AU R(AB)/ANG    OVPOP(AB)
                  4 C    ( -1  0  0)     2.722     1.441    -0.000
                 49 C    (  0  0  0)     2.951     1.561     0.000
                 25 C    (  0  0  0)     2.996     1.585    -0.000
                 13 C    (  0  0  0)     2.996     1.586    -0.000
                 61 C    (  0  0  0)     4.148     2.195    -0.000
                 28 C    ( -1  0  0)     4.339     2.296    -0.000

 ATOM A  25 C    ATOM B     CELL      R(AB)/AU R(AB)/ANG    OVPOP(AB)
                 41 C    ( -1  0  0)     2.841     1.503     0.000
                 39 C    ( -1  0  0)     2.947     1.559    -0.000
                  1 C    (  0  0  0)     2.996     1.585    -0.000
                 26 C    ( -1  1  0)     4.167     2.205     0.000
                  4 C    ( -1  0  0)     4.339     2.296    -0.000
                 15 C    ( -1  0  0)     4.385     2.320     0.000

 ATOM A  49 C    ATOM B     CELL      R(AB)/AU R(AB)/ANG    OVPOP(AB)
                 67 C    (  0  0  0)     2.943     1.558    -0.000
                  1 C    (  0  0  0)     2.951     1.561     0.000
                 61 C    (  0  0  0)     2.995     1.585     0.000
                 13 C    (  0  0  0)     4.148     2.195    -0.000
                 51 C    (  0  0  0)     4.163     2.203     0.000
                 57 C    (  0  0  0)     4.899     2.592    -0.000
 EIGENVECTORS IN FORTRAN UNIT 10
 TTTTTTTTTTTTTTTTTTTTTTTTTTTTTT END         TELAPSE     1276.00 TCPU     1262.47
 EEEEEEEEEE TERMINATION  DATE 22 01 2026 TIME 13:12:39.5
NODE    0 CPU TIME =      1262.470
NODE    1 CPU TIME =      1259.366
NODE    2 CPU TIME =      1255.336
NODE    3 CPU TIME =      1250.536
NODE    4 CPU TIME =      1268.431
NODE    5 CPU TIME =      1266.797
NODE    6 CPU TIME =      1266.013
NODE    7 CPU TIME =      1266.590
NODE    8 CPU TIME =      1267.662
NODE    9 CPU TIME =      1257.899
NODE   10 CPU TIME =      1265.940
NODE   11 CPU TIME =      1258.162
NODE   12 CPU TIME =      1255.499
NODE   13 CPU TIME =      1261.766
NODE   14 CPU TIME =      1264.438
NODE   15 CPU TIME =      1268.303
NODE   16 CPU TIME =      1267.686
NODE   17 CPU TIME =      1263.804
NODE   18 CPU TIME =      1260.381
NODE   19 CPU TIME =      1266.704
NODE   20 CPU TIME =      1269.102
NODE   21 CPU TIME =      1266.628
NODE   22 CPU TIME =      1260.071
NODE   23 CPU TIME =      1258.610
    TOTAL CPU TIME =     30308.193
