MPI startup(): Warning: I_MPI_PMI_LIBRARY will be ignored since the hydra process manager was found
MPI startup(): Warning: I_MPI_PMI_LIBRARY will be ignored since the hydra process manager was found
MPI startup(): Warning: I_MPI_PMI_LIBRARY will be ignored since the hydra process manager was found
MPI startup(): Warning: I_MPI_PMI_LIBRARY will be ignored since the hydra process manager was found
MPI startup(): Warning: I_MPI_PMI_LIBRARY will be ignored since the hydra process manager was found
MPI startup(): Warning: I_MPI_PMI_LIBRARY will be ignored since the hydra process manager was found
MPI startup(): Warning: I_MPI_PMI_LIBRARY will be ignored since the hydra process manager was found
MPI startup(): Warning: I_MPI_PMI_LIBRARY will be ignored since the hydra process manager was found
MPI startup(): Warning: I_MPI_PMI_LIBRARY will be ignored since the hydra process manager was found
MPI startup(): Warning: I_MPI_PMI_LIBRARY will be ignored since the hydra process manager was found
MPI startup(): Warning: I_MPI_PMI_LIBRARY will be ignored since the hydra process manager was found
MPI startup(): Warning: I_MPI_PMI_LIBRARY will be ignored since the hydra process manager was found
MPI startup(): Warning: I_MPI_PMI_LIBRARY will be ignored since the hydra process manager was found
MPI startup(): Warning: I_MPI_PMI_LIBRARY will be ignored since the hydra process manager was found
MPI startup(): Warning: I_MPI_PMI_LIBRARY will be ignored since the hydra process manager was found
MPI startup(): Warning: I_MPI_PMI_LIBRARY will be ignored since the hydra process manager was found
MPI startup(): Warning: I_MPI_PMI_LIBRARY will be ignored since the hydra process manager was found
MPI startup(): Warning: I_MPI_PMI_LIBRARY will be ignored since the hydra process manager was found
MPI startup(): Warning: I_MPI_PMI_LIBRARY will be ignored since the hydra process manager was found
MPI startup(): Warning: I_MPI_PMI_LIBRARY will be ignored since the hydra process manager was found
MPI startup(): Warning: I_MPI_PMI_LIBRARY will be ignored since the hydra process manager was found
MPI startup(): Warning: I_MPI_PMI_LIBRARY will be ignored since the hydra process manager was found
MPI startup(): Warning: I_MPI_PMI_LIBRARY will be ignored since the hydra process manager was found
MPI startup(): Warning: I_MPI_PMI_LIBRARY will be ignored since the hydra process manager was found
MPI startup(): Warning: I_MPI_PMI_LIBRARY will be ignored since the hydra process manager was found
MPI startup(): Warning: I_MPI_PMI_LIBRARY will be ignored since the hydra process manager was found
MPI startup(): Warning: I_MPI_PMI_LIBRARY will be ignored since the hydra process manager was found
MPI startup(): Warning: I_MPI_PMI_LIBRARY will be ignored since the hydra process manager was found
MPI startup(): Warning: I_MPI_PMI_LIBRARY will be ignored since the hydra process manager was found
MPI startup(): Warning: I_MPI_PMI_LIBRARY will be ignored since the hydra process manager was found
MPI startup(): Warning: I_MPI_PMI_LIBRARY will be ignored since the hydra process manager was found
MPI startup(): Warning: I_MPI_PMI_LIBRARY will be ignored since the hydra process manager was found
 PROCESS            1  OF           32  WORKING
 PROCESS           11  OF           32  WORKING
 PROCESS           24  OF           32  WORKING
 PROCESS           25  OF           32  WORKING
 PROCESS           26  OF           32  WORKING
 PROCESS           16  OF           32  WORKING
 PROCESS           27  OF           32  WORKING
 PROCESS            0  OF           32  WORKING
 PROCESS            6  OF           32  WORKING
 PROCESS           21  OF           32  WORKING
 PROCESS           19  OF           32  WORKING
 PROCESS           28  OF           32  WORKING
 PROCESS           22  OF           32  WORKING
 PROCESS           31  OF           32  WORKING
 PROCESS           14  OF           32  WORKING
 PROCESS           23  OF           32  WORKING
 PROCESS           17  OF           32  WORKING
 PROCESS           20  OF           32  WORKING
 PROCESS            7  OF           32  WORKING
 PROCESS           29  OF           32  WORKING
 PROCESS            8  OF           32  WORKING
 PROCESS            3  OF           32  WORKING
 PROCESS            5  OF           32  WORKING
 PROCESS           30  OF           32  WORKING

 PROCESS           12  OF           32  WORKING
 PROCESS           13  OF           32  WORKING
 PROCESS            2  OF           32  WORKING
 PROCESS            4  OF           32  WORKING
 PROCESS           15  OF           32  WORKING
 PROCESS           10  OF           32  WORKING
 PROCESS           18  OF           32  WORKING
         
 *******************************************************************************
 *                                                                             *
 *                               CRYSTAL23                                     *
 *                      public : 1.0.1 - October 2022                          *
 *                       HTTP://WWW.CRYSTAL.UNITO.IT                           *
 *                                                                             *
 *                              MAIN AUTHORS                                   *
 *                                                                             *
 *  R. DOVESI(1,11), V.R. SAUNDERS(2), C. ROETTI(1,11), R. ORLANDO(1,11),      *
 *  C.M. ZICOVICH-WILSON(1,3), F. PASCALE(4), B. CIVALLERI(1,11),              *
 *  K. DOLL(5), N.M. HARRISON(6), I.J. BUSH(7), Ph. D'ARCO(8),                 *
 *  M. LLUNELL(9), M. CAUSA'(10), Y. NOEL(8), L. MASCHIO(1,11), A. ERBA(1,11)  *
 *  M. RE'RAT(14), S. CASASSA(1,11), B.G. SEARLE(2), J.K. DESMARAIS(1)         *
 *                                                                             *
 *        CONTRIBUTIONS TO THE CODE HAVE ALSO BEEN GIVEN BY                    *
 *                                                                             *
 *  M. FERRABONE(1,11), M. DE LA PIERRE(1,11), M. FERRERO(1,11),               *
 *  J. BAIMA(1,11), E. ALBANESE(1,11), M.F. PEINTINGER(12), R. BAST(13),       *
 *  B. KIRTMAN(15), V. LACIVITA(1,11), R. DEMICHELIS(1,16)                     *
 *  G. BRANDEBURG(17), S. SALUSTRO(1,11), G. SANSONE(1,11)                     *
 *  M.T. RUGGIERO(18), L.E. DAGA(1), L. DONA'(1), A. COSSARD(1)                *
 *                                                                             *
 * (1) THEORETICAL CHEMISTRY GROUP - UNIVERSITA' DI TORINO - TORINO (ITALY)    *
 * (2) SCIENTIFIC COMPUTING DEPARTMENT - STFC DARESBURY (UK)                   *
 * (3) UNIVERSIDAD AUTONOMA DEL ESTADO DE MORELOS - CUERNAVACA (MEXICO)        *
 * (4) UNIVERSITE' DE LORRAINE - NANCY (FRANCE)                                *
 * (5) UNIVERSITAET STUTTGART- STUTTGART (GERMANY)                             *
 * (6) IMPERIAL COLLEGE - LONDON (UK)                                          *
 * (7) SCIENTIFIC COMPUTING DEPARTMENT - STFC RAL (UK)                         *
 * (8) UPMC - SORBONNE UNIVERSITES - PARIS (FRANCE)                            *
 * (9) UNIVERSIDAD DE BARCELONA - BARCELONA (SPAIN)                            *
 *(10) UNIVERSITA' DI NAPOLI "FEDERICO II" - NAPOLI (ITALY)                    *
 *(11) NIS - NANOSTRUCTURED INTERFACES AND SURFACES - TORINO (ITALY)           *
 *(12) MPI FUER CHEMISCHE ENERGIEKONVERSION - MUELHEIM AN DER RUHR (GERMANY)   *
 *(13) UNIVERSITY OF TROMSO - TROMSO (NORWAY)                                  *
 *(14) UNIVERSITE' DE PAU ET DES PAYS DE L'ADOUR - PAU (FRANCE)                *
 *(15) UNIVERSITY OF CALIFORNIA SANTA BARBARA - SANTA BARBARA (USA)            *
 *(16) CURTIN UNIVERSITY - PERTH (AUSTRALIA)                                   *
 *(17) UNIVERSITY COLLEGE LONDON - LONDON (UK)                                 *
 *(18) UNIVERSITY OF VERMONT - BURLINGTON (USA)                                *
 *                                                                             *
 *******************************************************************************
 EEEEEEEEEE STARTING  DATE 30 01 2026 TIME 21:21:15.6
 ./4^4T24-CA_rev1_sp_B3LYP-D3-D3_optimized                                       
 PROCESS            9  OF           32  WORKING

 CRYSTAL CALCULATION
 (INPUT ACCORDING TO THE INTERNATIONAL TABLES FOR X-RAY CRYSTALLOGRAPHY)
 CRYSTAL FAMILY                       :  ORTHORHOMBIC
 CRYSTAL CLASS  (GROTH - 1921)        :  ORTHORHOMBIC BIPYRAMIDAL             

 SPACE GROUP (CENTROSYMMETRIC)        :  P C C N         

 LATTICE PARAMETERS  (ANGSTROMS AND DEGREES) - CONVENTIONAL CELL
        A           B           C        ALPHA        BETA       GAMMA
     2.48074     3.73446    19.44198    90.00000    90.00000    90.00000


 NUMBER OF IRREDUCIBLE ATOMS IN THE CONVENTIONAL CELL:    4

 INPUT COORDINATES

 ATOM AT. N.              COORDINATES
   1   6     2.474228348617E-04 -1.272503598690E-01  4.036493209004E-01
   2   6     1.964109709017E-04 -3.749574840089E-01  3.209802706506E-02
   3   6     1.697132975219E-01 -5.709798949793E-02  2.707161833976E-01
   4   6    -4.815668578369E-01 -1.256635879921E-01  1.585048776415E-01

 *******************************************************************************

 << INFORMATION >>: FROM NOW ON, ALL COORDINATES REFER TO THE PRIMITIVE CELL

 *******************************************************************************

 LATTICE PARAMETERS  (ANGSTROMS AND DEGREES) - PRIMITIVE CELL
       A          B          C        ALPHA      BETA     GAMMA        VOLUME
    2.48074    3.73446   19.44198    90.00000  90.00000  90.00000    180.114405

 COORDINATES OF THE EQUIVALENT ATOMS (FRACTIONAL UNITS)

 N. ATOM EQUIV AT. N.          X                  Y                  Z

   1   1   1    6 C     2.47422834862E-04 -1.27250359869E-01  4.03649320900E-01
   2   1   2    6 C     4.99752577165E-01 -3.72749640131E-01  4.03649320900E-01
   3   1   3    6 C    -4.99752577165E-01  1.27250359869E-01  9.63506790996E-02
   4   1   4    6 C    -2.47422834862E-04  3.72749640131E-01  9.63506790996E-02
   5   1   5    6 C    -2.47422834862E-04  1.27250359869E-01 -4.03649320900E-01
   6   1   6    6 C    -4.99752577165E-01  3.72749640131E-01 -4.03649320900E-01
   7   1   7    6 C     4.99752577165E-01 -1.27250359869E-01 -9.63506790996E-02
   8   1   8    6 C     2.47422834862E-04 -3.72749640131E-01 -9.63506790996E-02

   9   2   1    6 C     1.96410970902E-04 -3.74957484009E-01  3.20980270651E-02
  10   2   2    6 C     4.99803589029E-01 -1.25042515991E-01  3.20980270651E-02
  11   2   3    6 C    -4.99803589029E-01  3.74957484009E-01  4.67901972935E-01
  12   2   4    6 C    -1.96410970902E-04  1.25042515991E-01  4.67901972935E-01
  13   2   5    6 C    -1.96410970902E-04  3.74957484009E-01 -3.20980270651E-02
  14   2   6    6 C    -4.99803589029E-01  1.25042515991E-01 -3.20980270651E-02
  15   2   7    6 C     4.99803589029E-01 -3.74957484009E-01 -4.67901972935E-01
  16   2   8    6 C     1.96410970902E-04 -1.25042515991E-01 -4.67901972935E-01

  17   3   1    6 C     1.69713297522E-01 -5.70979894979E-02  2.70716183398E-01
  18   3   2    6 C     3.30286702478E-01 -4.42902010502E-01  2.70716183398E-01
  19   3   3    6 C    -3.30286702478E-01  5.70979894979E-02  2.29283816602E-01
  20   3   4    6 C    -1.69713297522E-01  4.42902010502E-01  2.29283816602E-01
  21   3   5    6 C    -1.69713297522E-01  5.70979894979E-02 -2.70716183398E-01
  22   3   6    6 C    -3.30286702478E-01  4.42902010502E-01 -2.70716183398E-01
  23   3   7    6 C     3.30286702478E-01 -5.70979894979E-02 -2.29283816602E-01
  24   3   8    6 C     1.69713297522E-01 -4.42902010502E-01 -2.29283816602E-01

  25   4   1    6 C    -4.81566857837E-01 -1.25663587992E-01  1.58504877642E-01
  26   4   2    6 C    -1.84331421631E-02 -3.74336412008E-01  1.58504877642E-01
  27   4   3    6 C     1.84331421631E-02  1.25663587992E-01  3.41495122358E-01
  28   4   4    6 C     4.81566857837E-01  3.74336412008E-01  3.41495122358E-01
  29   4   5    6 C     4.81566857837E-01  1.25663587992E-01 -1.58504877642E-01
  30   4   6    6 C     1.84331421631E-02  3.74336412008E-01 -1.58504877642E-01
  31   4   7    6 C    -1.84331421631E-02 -1.25663587992E-01 -3.41495122358E-01
  32   4   8    6 C    -4.81566857837E-01 -3.74336412008E-01 -3.41495122358E-01

 NUMBER OF SYMMETRY OPERATORS         :    8
 *******************************************************************************
 * GEOMETRY EDITING - INPUT COORDINATES ARE GIVEN IN ANGSTROM         
 *******************************************************************************

 GEOMETRY NOW FULLY CONSISTENT WITH THE GROUP

 GCALCO - MAX INDICES DIRECT LATTICE VECTOR    34    22     4
 NO.OF VECTORS CREATED 6999 STARS 1137 RMAX   126.30040 BOHR

 GEOMETRY FOR WAVE FUNCTION - DIMENSIONALITY OF THE SYSTEM    3
 (NON PERIODIC DIRECTION: LATTICE PARAMETER FORMALLY SET TO 500)
 *******************************************************************************
 LATTICE PARAMETERS (ANGSTROMS AND DEGREES) - BOHR = 0.5291772083 ANGSTROM
 PRIMITIVE CELL - CENTRING CODE 1/0 VOLUME=   180.114405 - DENSITY  3.540 g/cm^3
         A              B              C           ALPHA      BETA       GAMMA 
     2.48073610     3.73445647    19.44197942    90.000000  90.000000  90.000000
 *******************************************************************************
 ATOMS IN THE ASYMMETRIC UNIT    4 - ATOMS IN THE UNIT CELL:   32
     ATOM                 X/A                 Y/B                 Z/C    
 *******************************************************************************
      1 T   6 C     2.474228348617E-04 -1.272503598690E-01  4.036493209004E-01
      2 F   6 C     4.997525771651E-01 -3.727496401310E-01  4.036493209004E-01
      3 F   6 C    -4.997525771651E-01  1.272503598690E-01  9.635067909960E-02
      4 F   6 C    -2.474228348617E-04  3.727496401310E-01  9.635067909960E-02
      5 F   6 C    -2.474228348617E-04  1.272503598690E-01 -4.036493209004E-01
      6 F   6 C    -4.997525771651E-01  3.727496401310E-01 -4.036493209004E-01
      7 F   6 C     4.997525771651E-01 -1.272503598690E-01 -9.635067909960E-02
      8 F   6 C     2.474228348617E-04 -3.727496401310E-01 -9.635067909960E-02
      9 T   6 C     1.964109709017E-04 -3.749574840089E-01  3.209802706506E-02
     10 F   6 C     4.998035890291E-01 -1.250425159911E-01  3.209802706506E-02
     11 F   6 C    -4.998035890291E-01  3.749574840089E-01  4.679019729349E-01
     12 F   6 C    -1.964109709017E-04  1.250425159911E-01  4.679019729349E-01
     13 F   6 C    -1.964109709017E-04  3.749574840089E-01 -3.209802706506E-02
     14 F   6 C    -4.998035890291E-01  1.250425159911E-01 -3.209802706506E-02
     15 F   6 C     4.998035890291E-01 -3.749574840089E-01 -4.679019729349E-01
     16 F   6 C     1.964109709017E-04 -1.250425159911E-01 -4.679019729349E-01
     17 T   6 C     1.697132975219E-01 -5.709798949793E-02  2.707161833976E-01
     18 F   6 C     3.302867024781E-01 -4.429020105021E-01  2.707161833976E-01
     19 F   6 C    -3.302867024781E-01  5.709798949793E-02  2.292838166024E-01
     20 F   6 C    -1.697132975219E-01  4.429020105021E-01  2.292838166024E-01
     21 F   6 C    -1.697132975219E-01  5.709798949793E-02 -2.707161833976E-01
     22 F   6 C    -3.302867024781E-01  4.429020105021E-01 -2.707161833976E-01
     23 F   6 C     3.302867024781E-01 -5.709798949793E-02 -2.292838166024E-01
     24 F   6 C     1.697132975219E-01 -4.429020105021E-01 -2.292838166024E-01
     25 T   6 C    -4.815668578369E-01 -1.256635879921E-01  1.585048776415E-01
     26 F   6 C    -1.843314216310E-02 -3.743364120079E-01  1.585048776415E-01
     27 F   6 C     1.843314216310E-02  1.256635879921E-01  3.414951223585E-01
     28 F   6 C     4.815668578369E-01  3.743364120079E-01  3.414951223585E-01
     29 F   6 C     4.815668578369E-01  1.256635879921E-01 -1.585048776415E-01
     30 F   6 C     1.843314216310E-02  3.743364120079E-01 -1.585048776415E-01
     31 F   6 C    -1.843314216310E-02 -1.256635879921E-01 -3.414951223585E-01
     32 F   6 C    -4.815668578369E-01 -3.743364120079E-01 -3.414951223585E-01

 T = ATOM BELONGING TO THE ASYMMETRIC UNIT

 ****    8 SYMMOPS - TRANSLATORS IN FRACTIONAL UNITS
 **** MATRICES AND TRANSLATORS IN THE CRYSTALLOGRAPHIC REFERENCE FRAME
   V INV                    ROTATION MATRICES                   TRANSLATORS
   1   1  1.00  0.00  0.00  0.00  1.00  0.00  0.00  0.00  1.00  0.00  0.00  0.00
   2   2 -1.00  0.00  0.00  0.00 -1.00  0.00  0.00  0.00  1.00  0.50  0.50  0.00
   3   3  1.00  0.00  0.00  0.00 -1.00  0.00  0.00  0.00 -1.00  0.50  0.00  0.50
   4   4 -1.00  0.00  0.00  0.00  1.00  0.00  0.00  0.00 -1.00  0.00  0.50  0.50
   5   5 -1.00  0.00  0.00  0.00 -1.00  0.00  0.00  0.00 -1.00  0.00  0.00  0.00
   6   6  1.00  0.00  0.00  0.00  1.00  0.00  0.00  0.00 -1.00  0.50  0.50  0.00
   7   7 -1.00  0.00  0.00  0.00  1.00  0.00  0.00  0.00  1.00  0.50  0.00  0.50
   8   8  1.00  0.00  0.00  0.00 -1.00  0.00  0.00  0.00  1.00  0.00  0.50  0.50

 DIRECT LATTICE VECTORS CARTESIAN COMPONENTS (ANGSTROM)
          X                    Y                    Z
   0.248073610000E+01   0.000000000000E+00   0.000000000000E+00
   0.000000000000E+00   0.373445647000E+01   0.000000000000E+00
   0.000000000000E+00   0.000000000000E+00   0.194419794200E+02


 CARTESIAN COORDINATES - PRIMITIVE CELL
 *******************************************************************************
 *      ATOM          X(ANGSTROM)         Y(ANGSTROM)         Z(ANGSTROM)
 *******************************************************************************
    1     6 C     6.137907584058E-04 -4.752109297226E-01  7.847741789843E+00
    2     6 C     1.239754259242E+00 -1.392017305277E+00  7.847741789843E+00
    3     6 C    -1.239754259242E+00  4.752109297226E-01  1.873247920157E+00
    4     6 C    -6.137907584058E-04  1.392017305277E+00  1.873247920157E+00
    5     6 C    -6.137907584058E-04  4.752109297226E-01 -7.847741789843E+00
    6     6 C    -1.239754259242E+00  1.392017305277E+00 -7.847741789843E+00
    7     6 C     1.239754259242E+00 -4.752109297226E-01 -1.873247920157E+00
    8     6 C     6.137907584058E-04 -1.392017305277E+00 -1.873247920157E+00
    9     6 C     4.872437859519E-04 -1.400262402132E+00  6.240491816215E-01
   10     6 C     1.239880806214E+00 -4.669658328680E-01  6.240491816215E-01
   11     6 C    -1.239880806214E+00  1.400262402132E+00  9.096940528378E+00
   12     6 C    -4.872437859519E-04  4.669658328680E-01  9.096940528378E+00
   13     6 C    -4.872437859519E-04  1.400262402132E+00 -6.240491816215E-01
   14     6 C    -1.239880806214E+00  4.669658328680E-01 -6.240491816215E-01
   15     6 C     1.239880806214E+00 -1.400262402132E+00 -9.096940528379E+00
   16     6 C     4.872437859519E-04 -4.669658328680E-01 -9.096940528379E+00
   17     6 C     4.210139038126E-01 -2.132299563045E-01  5.263258466277E+00
   18     6 C     8.193541461874E-01 -1.653998278695E+00  5.263258466277E+00
   19     6 C    -8.193541461874E-01  2.132299563045E-01  4.457731243723E+00
   20     6 C    -4.210139038126E-01  1.653998278695E+00  4.457731243723E+00
   21     6 C    -4.210139038126E-01  2.132299563045E-01 -5.263258466277E+00
   22     6 C    -8.193541461874E-01  1.653998278695E+00 -5.263258466277E+00
   23     6 C     8.193541461874E-01 -2.132299563045E-01 -4.457731243723E+00
   24     6 C     4.210139038126E-01 -1.653998278695E+00 -4.457731243723E+00
   25     6 C    -1.194640288800E+00 -4.692851992205E-01  3.081648569076E+00
   26     6 C    -4.572776120043E-02 -1.397943035779E+00  3.081648569076E+00
   27     6 C     4.572776120043E-02  4.692851992205E-01  6.639341140924E+00
   28     6 C     1.194640288800E+00  1.397943035779E+00  6.639341140924E+00
   29     6 C     1.194640288800E+00  4.692851992205E-01 -3.081648569076E+00
   30     6 C     4.572776120043E-02  1.397943035779E+00 -3.081648569076E+00
   31     6 C    -4.572776120043E-02 -4.692851992205E-01 -6.639341140924E+00
   32     6 C    -1.194640288800E+00 -1.397943035779E+00 -6.639341140924E+00

 *******************************************************************************
 LOCAL ATOMIC FUNCTIONS BASIS SET
 *******************************************************************************
   ATOM   X(AU)   Y(AU)   Z(AU)  N. TYPE  EXPONENT  S COEF   P COEF   D/F/G COEF
 *******************************************************************************
   1 C    0.001  -0.898  14.830
                                  1 S  
                                         1.358E+04 2.225E-04 0.000E+00 0.000E+00
                                         2.035E+03 1.723E-03 0.000E+00 0.000E+00
                                         4.632E+02 8.926E-03 0.000E+00 0.000E+00
                                         1.312E+02 3.573E-02 0.000E+00 0.000E+00
                                         4.285E+01 1.108E-01 0.000E+00 0.000E+00
                                         1.558E+01 2.430E-01 0.000E+00 0.000E+00
                                  2 S  
                                         6.207E+00 4.144E-01 0.000E+00 0.000E+00
                                         2.576E+00 2.374E-01 0.000E+00 0.000E+00
                                  3 S  
                                         4.941E-01 1.000E+00 0.000E+00 0.000E+00
                                  4 S  
                                         1.644E-01 1.000E+00 0.000E+00 0.000E+00
                           5-     7 P  
                                         3.470E+01 0.000E+00 5.333E-03 0.000E+00
                                         7.958E+00 0.000E+00 3.586E-02 0.000E+00
                                         2.378E+00 0.000E+00 1.422E-01 0.000E+00
                                         8.143E-01 0.000E+00 3.427E-01 0.000E+00
                           8-    10 P  
                                         5.662E-01 0.000E+00 1.000E+00 0.000E+00
                          11-    13 P  
                                         2.674E-01 0.000E+00 1.000E+00 0.000E+00
                          14-    18 D  
                                         8.792E-01 0.000E+00 0.000E+00 1.000E+00
   2 C    2.343  -2.631  14.830
   3 C   -2.343   0.898   3.540
   4 C   -0.001   2.631   3.540
   5 C   -0.001   0.898 -14.830
   6 C   -2.343   2.631 -14.830
   7 C    2.343  -0.898  -3.540
   8 C    0.001  -2.631  -3.540
   9 C    0.001  -2.646   1.179
  10 C    2.343  -0.882   1.179
  11 C   -2.343   2.646  17.191
  12 C   -0.001   0.882  17.191
  13 C   -0.001   2.646  -1.179
  14 C   -2.343   0.882  -1.179
  15 C    2.343  -2.646 -17.191
  16 C    0.001  -0.882 -17.191
  17 C    0.796  -0.403   9.946
  18 C    1.548  -3.126   9.946
  19 C   -1.548   0.403   8.424
  20 C   -0.796   3.126   8.424
  21 C   -0.796   0.403  -9.946
  22 C   -1.548   3.126  -9.946
  23 C    1.548  -0.403  -8.424
  24 C    0.796  -3.126  -8.424
  25 C   -2.258  -0.887   5.823
  26 C   -0.086  -2.642   5.823
  27 C    0.086   0.887  12.547
  28 C    2.258   2.642  12.547
  29 C    2.258   0.887  -5.823
  30 C    0.086   2.642  -5.823
  31 C   -0.086  -0.887 -12.547
  32 C   -2.258  -2.642 -12.547
 INFORMATION **** SET_MPP **** PCRYSTAL CALCULATION
 INFORMATION **** READM2 **** NEW DEFAULT: FOCK/KS MATRIX MIXING SET TO 30 %
 INFORMATION **** READM2 **** NEW DEFAULT: FULL DIRECT SCF MODE
 INFORMATION **** READM2 **** NEW DEFAULT: COULOMB BIPOLAR BUFFER SET TO 32 Mb
 INFORMATION **** READM2 **** NEW DEFAULT: EXCHANGE BIPOLAR BUFFER SET TO 32 Mb

 *******************************************************************************
 NEW DEFAULT: DFT INTEGRATION GRID INCREASED TO XLGRID
 NEW DEFAULT: DIIS ACCELERATOR ACTIVE
 USE KEYWORD NODIIS TO TURN IT OFF
 *******************************************************************************

 INFORMATION **** DFTD3_INPUT **** PERFORM LATEST DISPERSION CORRECTION DFT-D3(BJ) WITH AUTOMATIC PARAMETER SETUP
 PLEASE CITE:
 (1) DFT-D3 Reference
  S. Grimme, J. Antony, S. Ehrlich, and H. Krieg, J. Chem. Phys. 132 (2010), 154104
 (2) BJ-Damping Reference
  S. Grimme, S. Ehrlich, and L. Goerigk, J. Comput. Chem. 32 (2011), 1456-1465
 (3) General DFT-D Review
  S. Grimme, A. Hansen, J. G. Brandenburg, and C. Bannwarth,
  Chem. Rev. 116 (2016), 5105-5154

 INFORMATION **** TOLINTEG **** COULOMB AND EXCHANGE SERIES TOLERANCES MODIFIED
 INFORMATION **** TOLDEE **** SCF TOL ON TOTAL ENERGY SET TO           9
 INFORMATION **** READM2 **** FULL DIRECT SCF (MONO AND BIEL INT) SELECTED
 INFORMATION **** MAXCYCLE **** MAX NUMBER OF SCF CYCLES SET TO         800
 INFORMATION **** DIIS **** DIIS FOR SCF ACTIVE
 INFORMATION **** DIIS **** LEVEL SHIFTER DISABLED
 INFORMATION **** PPAN ****  MULLIKEN POPULATION ANALYSIS AT THE END OF SCF
 *******************************************************************************
 N. OF ATOMS PER CELL        32  COULOMB OVERLAP TOL         (T1) 10**   -8
 NUMBER OF SHELLS           256  COULOMB PENETRATION TOL     (T2) 10**   -8
 NUMBER OF AO               576  EXCHANGE OVERLAP TOL        (T3) 10**   -8
 N. OF ELECTRONS PER CELL   192  EXCHANGE PSEUDO OVP (F(G))  (T4) 10**   -9
 CORE ELECTRONS PER CELL     64  EXCHANGE PSEUDO OVP (P(G))  (T5) 10**  -24
 N. OF SYMMETRY OPERATORS     8  POLE ORDER IN MONO ZONE                  4
 *******************************************************************************
 TYPE OF CALCULATION :  UNRESTRICTED OPEN SHELL
 KOHN-SHAM HAMILTONIAN

 (EXCHANGE)[CORRELATION] FUNCTIONAL:(BECKE 88)[LEE-YANG-PARR]

 NON-LOCAL WEIGHTING FACTOR (EXCHANGE) =           0.9000
 NON-LOCAL WEIGHTING FACTOR [CORRELATION] =        0.8100

 HYBRID EXCHANGE - PERCENTAGE OF FOCK EXCHANGE    20.0000

 SPIN POLARIZED DFT SELECTED

 CAPPA:IS1 18;IS2 18;IS3 18; K PTS MONK NET1000; SYMMOPS:K SPACE   8;G SPACE   8

 *******************************************************************************
 MAX NUMBER OF SCF CYCLES     800  CONVERGENCE ON DELTAP        10**-19
 WEIGHT OF F(I) IN F(I+1)      30% CONVERGENCE ON ENERGY        10**- 9
 SHRINK. FACT.(MONKH.)   18 18 18  NUMBER OF K POINTS IN THE IBZ   1000
 SHRINKING FACTOR(GILAT NET)   36  NUMBER OF K POINTS(GILAT NET)   6859
 *******************************************************************************
 *** K POINTS COORDINATES (OBLIQUE COORDINATES IN UNITS OF IS = 18)
   1-R(  0  0  0)   2-C(  1  0  0)   3-C(  2  0  0)   4-C(  3  0  0)
   5-C(  4  0  0)   6-C(  5  0  0)   7-C(  6  0  0)   8-C(  7  0  0)
   9-C(  8  0  0)  10-R(  9  0  0)  11-C(  0  1  0)  12-C(  1  1  0)
  13-C(  2  1  0)  14-C(  3  1  0)  15-C(  4  1  0)  16-C(  5  1  0)
  17-C(  6  1  0)  18-C(  7  1  0)  19-C(  8  1  0)  20-C(  9  1  0)
  21-C(  0  2  0)  22-C(  1  2  0)  23-C(  2  2  0)  24-C(  3  2  0)
  25-C(  4  2  0)  26-C(  5  2  0)  27-C(  6  2  0)  28-C(  7  2  0)
  29-C(  8  2  0)  30-C(  9  2  0)  31-C(  0  3  0)  32-C(  1  3  0)
  33-C(  2  3  0)  34-C(  3  3  0)  35-C(  4  3  0)  36-C(  5  3  0)
  37-C(  6  3  0)  38-C(  7  3  0)  39-C(  8  3  0)  40-C(  9  3  0)
  41-C(  0  4  0)  42-C(  1  4  0)  43-C(  2  4  0)  44-C(  3  4  0)
  45-C(  4  4  0)  46-C(  5  4  0)  47-C(  6  4  0)  48-C(  7  4  0)
  49-C(  8  4  0)  50-C(  9  4  0)  51-C(  0  5  0)  52-C(  1  5  0)
  53-C(  2  5  0)  54-C(  3  5  0)  55-C(  4  5  0)  56-C(  5  5  0)
  57-C(  6  5  0)  58-C(  7  5  0)  59-C(  8  5  0)  60-C(  9  5  0)
  61-C(  0  6  0)  62-C(  1  6  0)  63-C(  2  6  0)  64-C(  3  6  0)
  65-C(  4  6  0)  66-C(  5  6  0)  67-C(  6  6  0)  68-C(  7  6  0)
  69-C(  8  6  0)  70-C(  9  6  0)  71-C(  0  7  0)  72-C(  1  7  0)
  73-C(  2  7  0)  74-C(  3  7  0)  75-C(  4  7  0)  76-C(  5  7  0)
  77-C(  6  7  0)  78-C(  7  7  0)  79-C(  8  7  0)  80-C(  9  7  0)
  81-C(  0  8  0)  82-C(  1  8  0)  83-C(  2  8  0)  84-C(  3  8  0)
  85-C(  4  8  0)  86-C(  5  8  0)  87-C(  6  8  0)  88-C(  7  8  0)
  89-C(  8  8  0)  90-C(  9  8  0)  91-R(  0  9  0)  92-C(  1  9  0)
  93-C(  2  9  0)  94-C(  3  9  0)  95-C(  4  9  0)  96-C(  5  9  0)
  97-C(  6  9  0)  98-C(  7  9  0)  99-C(  8  9  0) 100-R(  9  9  0)
 101-C(  0  0  1) 102-C(  1  0  1) 103-C(  2  0  1) 104-C(  3  0  1)
 105-C(  4  0  1) 106-C(  5  0  1) 107-C(  6  0  1) 108-C(  7  0  1)
 109-C(  8  0  1) 110-C(  9  0  1) 111-C(  0  1  1) 112-C(  1  1  1)
 113-C(  2  1  1) 114-C(  3  1  1) 115-C(  4  1  1) 116-C(  5  1  1)
 117-C(  6  1  1) 118-C(  7  1  1) 119-C(  8  1  1) 120-C(  9  1  1)
 121-C(  0  2  1) 122-C(  1  2  1) 123-C(  2  2  1) 124-C(  3  2  1)
 125-C(  4  2  1) 126-C(  5  2  1) 127-C(  6  2  1) 128-C(  7  2  1)
 129-C(  8  2  1) 130-C(  9  2  1) 131-C(  0  3  1) 132-C(  1  3  1)
 133-C(  2  3  1) 134-C(  3  3  1) 135-C(  4  3  1) 136-C(  5  3  1)
 137-C(  6  3  1) 138-C(  7  3  1) 139-C(  8  3  1) 140-C(  9  3  1)
 141-C(  0  4  1) 142-C(  1  4  1) 143-C(  2  4  1) 144-C(  3  4  1)
 145-C(  4  4  1) 146-C(  5  4  1) 147-C(  6  4  1) 148-C(  7  4  1)
 149-C(  8  4  1) 150-C(  9  4  1) 151-C(  0  5  1) 152-C(  1  5  1)
 153-C(  2  5  1) 154-C(  3  5  1) 155-C(  4  5  1) 156-C(  5  5  1)
 157-C(  6  5  1) 158-C(  7  5  1) 159-C(  8  5  1) 160-C(  9  5  1)
 161-C(  0  6  1) 162-C(  1  6  1) 163-C(  2  6  1) 164-C(  3  6  1)
 165-C(  4  6  1) 166-C(  5  6  1) 167-C(  6  6  1) 168-C(  7  6  1)
 169-C(  8  6  1) 170-C(  9  6  1) 171-C(  0  7  1) 172-C(  1  7  1)
 173-C(  2  7  1) 174-C(  3  7  1) 175-C(  4  7  1) 176-C(  5  7  1)
 177-C(  6  7  1) 178-C(  7  7  1) 179-C(  8  7  1) 180-C(  9  7  1)
 181-C(  0  8  1) 182-C(  1  8  1) 183-C(  2  8  1) 184-C(  3  8  1)
 185-C(  4  8  1) 186-C(  5  8  1) 187-C(  6  8  1) 188-C(  7  8  1)
 189-C(  8  8  1) 190-C(  9  8  1) 191-C(  0  9  1) 192-C(  1  9  1)
 193-C(  2  9  1) 194-C(  3  9  1) 195-C(  4  9  1) 196-C(  5  9  1)
 197-C(  6  9  1) 198-C(  7  9  1) 199-C(  8  9  1) 200-C(  9  9  1)
 201-C(  0  0  2) 202-C(  1  0  2) 203-C(  2  0  2) 204-C(  3  0  2)
 205-C(  4  0  2) 206-C(  5  0  2) 207-C(  6  0  2) 208-C(  7  0  2)
 209-C(  8  0  2) 210-C(  9  0  2) 211-C(  0  1  2) 212-C(  1  1  2)
 213-C(  2  1  2) 214-C(  3  1  2) 215-C(  4  1  2) 216-C(  5  1  2)
 217-C(  6  1  2) 218-C(  7  1  2) 219-C(  8  1  2) 220-C(  9  1  2)
 221-C(  0  2  2) 222-C(  1  2  2) 223-C(  2  2  2) 224-C(  3  2  2)
 225-C(  4  2  2) 226-C(  5  2  2) 227-C(  6  2  2) 228-C(  7  2  2)
 229-C(  8  2  2) 230-C(  9  2  2) 231-C(  0  3  2) 232-C(  1  3  2)
 233-C(  2  3  2) 234-C(  3  3  2) 235-C(  4  3  2) 236-C(  5  3  2)
 237-C(  6  3  2) 238-C(  7  3  2) 239-C(  8  3  2) 240-C(  9  3  2)
 241-C(  0  4  2) 242-C(  1  4  2) 243-C(  2  4  2) 244-C(  3  4  2)
 245-C(  4  4  2) 246-C(  5  4  2) 247-C(  6  4  2) 248-C(  7  4  2)
 249-C(  8  4  2) 250-C(  9  4  2) 251-C(  0  5  2) 252-C(  1  5  2)
 253-C(  2  5  2) 254-C(  3  5  2) 255-C(  4  5  2) 256-C(  5  5  2)
 257-C(  6  5  2) 258-C(  7  5  2) 259-C(  8  5  2) 260-C(  9  5  2)
 261-C(  0  6  2) 262-C(  1  6  2) 263-C(  2  6  2) 264-C(  3  6  2)
 265-C(  4  6  2) 266-C(  5  6  2) 267-C(  6  6  2) 268-C(  7  6  2)
 269-C(  8  6  2) 270-C(  9  6  2) 271-C(  0  7  2) 272-C(  1  7  2)
 273-C(  2  7  2) 274-C(  3  7  2) 275-C(  4  7  2) 276-C(  5  7  2)
 277-C(  6  7  2) 278-C(  7  7  2) 279-C(  8  7  2) 280-C(  9  7  2)
 281-C(  0  8  2) 282-C(  1  8  2) 283-C(  2  8  2) 284-C(  3  8  2)
 285-C(  4  8  2) 286-C(  5  8  2) 287-C(  6  8  2) 288-C(  7  8  2)
 289-C(  8  8  2) 290-C(  9  8  2) 291-C(  0  9  2) 292-C(  1  9  2)
 293-C(  2  9  2) 294-C(  3  9  2) 295-C(  4  9  2) 296-C(  5  9  2)
 297-C(  6  9  2) 298-C(  7  9  2) 299-C(  8  9  2) 300-C(  9  9  2)
 301-C(  0  0  3) 302-C(  1  0  3) 303-C(  2  0  3) 304-C(  3  0  3)
 305-C(  4  0  3) 306-C(  5  0  3) 307-C(  6  0  3) 308-C(  7  0  3)
 309-C(  8  0  3) 310-C(  9  0  3) 311-C(  0  1  3) 312-C(  1  1  3)
 313-C(  2  1  3) 314-C(  3  1  3) 315-C(  4  1  3) 316-C(  5  1  3)
 317-C(  6  1  3) 318-C(  7  1  3) 319-C(  8  1  3) 320-C(  9  1  3)
 321-C(  0  2  3) 322-C(  1  2  3) 323-C(  2  2  3) 324-C(  3  2  3)
 325-C(  4  2  3) 326-C(  5  2  3) 327-C(  6  2  3) 328-C(  7  2  3)
 329-C(  8  2  3) 330-C(  9  2  3) 331-C(  0  3  3) 332-C(  1  3  3)
 333-C(  2  3  3) 334-C(  3  3  3) 335-C(  4  3  3) 336-C(  5  3  3)
 337-C(  6  3  3) 338-C(  7  3  3) 339-C(  8  3  3) 340-C(  9  3  3)
 341-C(  0  4  3) 342-C(  1  4  3) 343-C(  2  4  3) 344-C(  3  4  3)
 345-C(  4  4  3) 346-C(  5  4  3) 347-C(  6  4  3) 348-C(  7  4  3)
 349-C(  8  4  3) 350-C(  9  4  3) 351-C(  0  5  3) 352-C(  1  5  3)
 353-C(  2  5  3) 354-C(  3  5  3) 355-C(  4  5  3) 356-C(  5  5  3)
 357-C(  6  5  3) 358-C(  7  5  3) 359-C(  8  5  3) 360-C(  9  5  3)
 361-C(  0  6  3) 362-C(  1  6  3) 363-C(  2  6  3) 364-C(  3  6  3)
 365-C(  4  6  3) 366-C(  5  6  3) 367-C(  6  6  3) 368-C(  7  6  3)
 369-C(  8  6  3) 370-C(  9  6  3) 371-C(  0  7  3) 372-C(  1  7  3)
 373-C(  2  7  3) 374-C(  3  7  3) 375-C(  4  7  3) 376-C(  5  7  3)
 377-C(  6  7  3) 378-C(  7  7  3) 379-C(  8  7  3) 380-C(  9  7  3)
 381-C(  0  8  3) 382-C(  1  8  3) 383-C(  2  8  3) 384-C(  3  8  3)
 385-C(  4  8  3) 386-C(  5  8  3) 387-C(  6  8  3) 388-C(  7  8  3)
 389-C(  8  8  3) 390-C(  9  8  3) 391-C(  0  9  3) 392-C(  1  9  3)
 393-C(  2  9  3) 394-C(  3  9  3) 395-C(  4  9  3) 396-C(  5  9  3)
 397-C(  6  9  3) 398-C(  7  9  3) 399-C(  8  9  3) 400-C(  9  9  3)
 401-C(  0  0  4) 402-C(  1  0  4) 403-C(  2  0  4) 404-C(  3  0  4)
 405-C(  4  0  4) 406-C(  5  0  4) 407-C(  6  0  4) 408-C(  7  0  4)
 409-C(  8  0  4) 410-C(  9  0  4) 411-C(  0  1  4) 412-C(  1  1  4)
 413-C(  2  1  4) 414-C(  3  1  4) 415-C(  4  1  4) 416-C(  5  1  4)
 417-C(  6  1  4) 418-C(  7  1  4) 419-C(  8  1  4) 420-C(  9  1  4)
 421-C(  0  2  4) 422-C(  1  2  4) 423-C(  2  2  4) 424-C(  3  2  4)
 425-C(  4  2  4) 426-C(  5  2  4) 427-C(  6  2  4) 428-C(  7  2  4)
 429-C(  8  2  4) 430-C(  9  2  4) 431-C(  0  3  4) 432-C(  1  3  4)
 433-C(  2  3  4) 434-C(  3  3  4) 435-C(  4  3  4) 436-C(  5  3  4)
 437-C(  6  3  4) 438-C(  7  3  4) 439-C(  8  3  4) 440-C(  9  3  4)
 441-C(  0  4  4) 442-C(  1  4  4) 443-C(  2  4  4) 444-C(  3  4  4)
 445-C(  4  4  4) 446-C(  5  4  4) 447-C(  6  4  4) 448-C(  7  4  4)
 449-C(  8  4  4) 450-C(  9  4  4) 451-C(  0  5  4) 452-C(  1  5  4)
 453-C(  2  5  4) 454-C(  3  5  4) 455-C(  4  5  4) 456-C(  5  5  4)
 457-C(  6  5  4) 458-C(  7  5  4) 459-C(  8  5  4) 460-C(  9  5  4)
 461-C(  0  6  4) 462-C(  1  6  4) 463-C(  2  6  4) 464-C(  3  6  4)
 465-C(  4  6  4) 466-C(  5  6  4) 467-C(  6  6  4) 468-C(  7  6  4)
 469-C(  8  6  4) 470-C(  9  6  4) 471-C(  0  7  4) 472-C(  1  7  4)
 473-C(  2  7  4) 474-C(  3  7  4) 475-C(  4  7  4) 476-C(  5  7  4)
 477-C(  6  7  4) 478-C(  7  7  4) 479-C(  8  7  4) 480-C(  9  7  4)
 481-C(  0  8  4) 482-C(  1  8  4) 483-C(  2  8  4) 484-C(  3  8  4)
 485-C(  4  8  4) 486-C(  5  8  4) 487-C(  6  8  4) 488-C(  7  8  4)
 489-C(  8  8  4) 490-C(  9  8  4) 491-C(  0  9  4) 492-C(  1  9  4)
 493-C(  2  9  4) 494-C(  3  9  4) 495-C(  4  9  4) 496-C(  5  9  4)
 497-C(  6  9  4) 498-C(  7  9  4) 499-C(  8  9  4) 500-C(  9  9  4)
 501-C(  0  0  5) 502-C(  1  0  5) 503-C(  2  0  5) 504-C(  3  0  5)
 505-C(  4  0  5) 506-C(  5  0  5) 507-C(  6  0  5) 508-C(  7  0  5)
 509-C(  8  0  5) 510-C(  9  0  5) 511-C(  0  1  5) 512-C(  1  1  5)
 513-C(  2  1  5) 514-C(  3  1  5) 515-C(  4  1  5) 516-C(  5  1  5)
 517-C(  6  1  5) 518-C(  7  1  5) 519-C(  8  1  5) 520-C(  9  1  5)
 521-C(  0  2  5) 522-C(  1  2  5) 523-C(  2  2  5) 524-C(  3  2  5)
 525-C(  4  2  5) 526-C(  5  2  5) 527-C(  6  2  5) 528-C(  7  2  5)
 529-C(  8  2  5) 530-C(  9  2  5) 531-C(  0  3  5) 532-C(  1  3  5)
 533-C(  2  3  5) 534-C(  3  3  5) 535-C(  4  3  5) 536-C(  5  3  5)
 537-C(  6  3  5) 538-C(  7  3  5) 539-C(  8  3  5) 540-C(  9  3  5)
 541-C(  0  4  5) 542-C(  1  4  5) 543-C(  2  4  5) 544-C(  3  4  5)
 545-C(  4  4  5) 546-C(  5  4  5) 547-C(  6  4  5) 548-C(  7  4  5)
 549-C(  8  4  5) 550-C(  9  4  5) 551-C(  0  5  5) 552-C(  1  5  5)
 553-C(  2  5  5) 554-C(  3  5  5) 555-C(  4  5  5) 556-C(  5  5  5)
 557-C(  6  5  5) 558-C(  7  5  5) 559-C(  8  5  5) 560-C(  9  5  5)
 561-C(  0  6  5) 562-C(  1  6  5) 563-C(  2  6  5) 564-C(  3  6  5)
 565-C(  4  6  5) 566-C(  5  6  5) 567-C(  6  6  5) 568-C(  7  6  5)
 569-C(  8  6  5) 570-C(  9  6  5) 571-C(  0  7  5) 572-C(  1  7  5)
 573-C(  2  7  5) 574-C(  3  7  5) 575-C(  4  7  5) 576-C(  5  7  5)
 577-C(  6  7  5) 578-C(  7  7  5) 579-C(  8  7  5) 580-C(  9  7  5)
 581-C(  0  8  5) 582-C(  1  8  5) 583-C(  2  8  5) 584-C(  3  8  5)
 585-C(  4  8  5) 586-C(  5  8  5) 587-C(  6  8  5) 588-C(  7  8  5)
 589-C(  8  8  5) 590-C(  9  8  5) 591-C(  0  9  5) 592-C(  1  9  5)
 593-C(  2  9  5) 594-C(  3  9  5) 595-C(  4  9  5) 596-C(  5  9  5)
 597-C(  6  9  5) 598-C(  7  9  5) 599-C(  8  9  5) 600-C(  9  9  5)
 601-C(  0  0  6) 602-C(  1  0  6) 603-C(  2  0  6) 604-C(  3  0  6)
 605-C(  4  0  6) 606-C(  5  0  6) 607-C(  6  0  6) 608-C(  7  0  6)
 609-C(  8  0  6) 610-C(  9  0  6) 611-C(  0  1  6) 612-C(  1  1  6)
 613-C(  2  1  6) 614-C(  3  1  6) 615-C(  4  1  6) 616-C(  5  1  6)
 617-C(  6  1  6) 618-C(  7  1  6) 619-C(  8  1  6) 620-C(  9  1  6)
 621-C(  0  2  6) 622-C(  1  2  6) 623-C(  2  2  6) 624-C(  3  2  6)
 625-C(  4  2  6) 626-C(  5  2  6) 627-C(  6  2  6) 628-C(  7  2  6)
 629-C(  8  2  6) 630-C(  9  2  6) 631-C(  0  3  6) 632-C(  1  3  6)
 633-C(  2  3  6) 634-C(  3  3  6) 635-C(  4  3  6) 636-C(  5  3  6)
 637-C(  6  3  6) 638-C(  7  3  6) 639-C(  8  3  6) 640-C(  9  3  6)
 641-C(  0  4  6) 642-C(  1  4  6) 643-C(  2  4  6) 644-C(  3  4  6)
 645-C(  4  4  6) 646-C(  5  4  6) 647-C(  6  4  6) 648-C(  7  4  6)
 649-C(  8  4  6) 650-C(  9  4  6) 651-C(  0  5  6) 652-C(  1  5  6)
 653-C(  2  5  6) 654-C(  3  5  6) 655-C(  4  5  6) 656-C(  5  5  6)
 657-C(  6  5  6) 658-C(  7  5  6) 659-C(  8  5  6) 660-C(  9  5  6)
 661-C(  0  6  6) 662-C(  1  6  6) 663-C(  2  6  6) 664-C(  3  6  6)
 665-C(  4  6  6) 666-C(  5  6  6) 667-C(  6  6  6) 668-C(  7  6  6)
 669-C(  8  6  6) 670-C(  9  6  6) 671-C(  0  7  6) 672-C(  1  7  6)
 673-C(  2  7  6) 674-C(  3  7  6) 675-C(  4  7  6) 676-C(  5  7  6)
 677-C(  6  7  6) 678-C(  7  7  6) 679-C(  8  7  6) 680-C(  9  7  6)
 681-C(  0  8  6) 682-C(  1  8  6) 683-C(  2  8  6) 684-C(  3  8  6)
 685-C(  4  8  6) 686-C(  5  8  6) 687-C(  6  8  6) 688-C(  7  8  6)
 689-C(  8  8  6) 690-C(  9  8  6) 691-C(  0  9  6) 692-C(  1  9  6)
 693-C(  2  9  6) 694-C(  3  9  6) 695-C(  4  9  6) 696-C(  5  9  6)
 697-C(  6  9  6) 698-C(  7  9  6) 699-C(  8  9  6) 700-C(  9  9  6)
 701-C(  0  0  7) 702-C(  1  0  7) 703-C(  2  0  7) 704-C(  3  0  7)
 705-C(  4  0  7) 706-C(  5  0  7) 707-C(  6  0  7) 708-C(  7  0  7)
 709-C(  8  0  7) 710-C(  9  0  7) 711-C(  0  1  7) 712-C(  1  1  7)
 713-C(  2  1  7) 714-C(  3  1  7) 715-C(  4  1  7) 716-C(  5  1  7)
 717-C(  6  1  7) 718-C(  7  1  7) 719-C(  8  1  7) 720-C(  9  1  7)
 721-C(  0  2  7) 722-C(  1  2  7) 723-C(  2  2  7) 724-C(  3  2  7)
 725-C(  4  2  7) 726-C(  5  2  7) 727-C(  6  2  7) 728-C(  7  2  7)
 729-C(  8  2  7) 730-C(  9  2  7) 731-C(  0  3  7) 732-C(  1  3  7)
 733-C(  2  3  7) 734-C(  3  3  7) 735-C(  4  3  7) 736-C(  5  3  7)
 737-C(  6  3  7) 738-C(  7  3  7) 739-C(  8  3  7) 740-C(  9  3  7)
 741-C(  0  4  7) 742-C(  1  4  7) 743-C(  2  4  7) 744-C(  3  4  7)
 745-C(  4  4  7) 746-C(  5  4  7) 747-C(  6  4  7) 748-C(  7  4  7)
 749-C(  8  4  7) 750-C(  9  4  7) 751-C(  0  5  7) 752-C(  1  5  7)
 753-C(  2  5  7) 754-C(  3  5  7) 755-C(  4  5  7) 756-C(  5  5  7)
 757-C(  6  5  7) 758-C(  7  5  7) 759-C(  8  5  7) 760-C(  9  5  7)
 761-C(  0  6  7) 762-C(  1  6  7) 763-C(  2  6  7) 764-C(  3  6  7)
 765-C(  4  6  7) 766-C(  5  6  7) 767-C(  6  6  7) 768-C(  7  6  7)
 769-C(  8  6  7) 770-C(  9  6  7) 771-C(  0  7  7) 772-C(  1  7  7)
 773-C(  2  7  7) 774-C(  3  7  7) 775-C(  4  7  7) 776-C(  5  7  7)
 777-C(  6  7  7) 778-C(  7  7  7) 779-C(  8  7  7) 780-C(  9  7  7)
 781-C(  0  8  7) 782-C(  1  8  7) 783-C(  2  8  7) 784-C(  3  8  7)
 785-C(  4  8  7) 786-C(  5  8  7) 787-C(  6  8  7) 788-C(  7  8  7)
 789-C(  8  8  7) 790-C(  9  8  7) 791-C(  0  9  7) 792-C(  1  9  7)
 793-C(  2  9  7) 794-C(  3  9  7) 795-C(  4  9  7) 796-C(  5  9  7)
 797-C(  6  9  7) 798-C(  7  9  7) 799-C(  8  9  7) 800-C(  9  9  7)
 801-C(  0  0  8) 802-C(  1  0  8) 803-C(  2  0  8) 804-C(  3  0  8)
 805-C(  4  0  8) 806-C(  5  0  8) 807-C(  6  0  8) 808-C(  7  0  8)
 809-C(  8  0  8) 810-C(  9  0  8) 811-C(  0  1  8) 812-C(  1  1  8)
 813-C(  2  1  8) 814-C(  3  1  8) 815-C(  4  1  8) 816-C(  5  1  8)
 817-C(  6  1  8) 818-C(  7  1  8) 819-C(  8  1  8) 820-C(  9  1  8)
 821-C(  0  2  8) 822-C(  1  2  8) 823-C(  2  2  8) 824-C(  3  2  8)
 825-C(  4  2  8) 826-C(  5  2  8) 827-C(  6  2  8) 828-C(  7  2  8)
 829-C(  8  2  8) 830-C(  9  2  8) 831-C(  0  3  8) 832-C(  1  3  8)
 833-C(  2  3  8) 834-C(  3  3  8) 835-C(  4  3  8) 836-C(  5  3  8)
 837-C(  6  3  8) 838-C(  7  3  8) 839-C(  8  3  8) 840-C(  9  3  8)
 841-C(  0  4  8) 842-C(  1  4  8) 843-C(  2  4  8) 844-C(  3  4  8)
 845-C(  4  4  8) 846-C(  5  4  8) 847-C(  6  4  8) 848-C(  7  4  8)
 849-C(  8  4  8) 850-C(  9  4  8) 851-C(  0  5  8) 852-C(  1  5  8)
 853-C(  2  5  8) 854-C(  3  5  8) 855-C(  4  5  8) 856-C(  5  5  8)
 857-C(  6  5  8) 858-C(  7  5  8) 859-C(  8  5  8) 860-C(  9  5  8)
 861-C(  0  6  8) 862-C(  1  6  8) 863-C(  2  6  8) 864-C(  3  6  8)
 865-C(  4  6  8) 866-C(  5  6  8) 867-C(  6  6  8) 868-C(  7  6  8)
 869-C(  8  6  8) 870-C(  9  6  8) 871-C(  0  7  8) 872-C(  1  7  8)
 873-C(  2  7  8) 874-C(  3  7  8) 875-C(  4  7  8) 876-C(  5  7  8)
 877-C(  6  7  8) 878-C(  7  7  8) 879-C(  8  7  8) 880-C(  9  7  8)
 881-C(  0  8  8) 882-C(  1  8  8) 883-C(  2  8  8) 884-C(  3  8  8)
 885-C(  4  8  8) 886-C(  5  8  8) 887-C(  6  8  8) 888-C(  7  8  8)
 889-C(  8  8  8) 890-C(  9  8  8) 891-C(  0  9  8) 892-C(  1  9  8)
 893-C(  2  9  8) 894-C(  3  9  8) 895-C(  4  9  8) 896-C(  5  9  8)
 897-C(  6  9  8) 898-C(  7  9  8) 899-C(  8  9  8) 900-C(  9  9  8)
 901-R(  0  0  9) 902-C(  1  0  9) 903-C(  2  0  9) 904-C(  3  0  9)
 905-C(  4  0  9) 906-C(  5  0  9) 907-C(  6  0  9) 908-C(  7  0  9)
 909-C(  8  0  9) 910-R(  9  0  9) 911-C(  0  1  9) 912-C(  1  1  9)
 913-C(  2  1  9) 914-C(  3  1  9) 915-C(  4  1  9) 916-C(  5  1  9)
 917-C(  6  1  9) 918-C(  7  1  9) 919-C(  8  1  9) 920-C(  9  1  9)
 921-C(  0  2  9) 922-C(  1  2  9) 923-C(  2  2  9) 924-C(  3  2  9)
 925-C(  4  2  9) 926-C(  5  2  9) 927-C(  6  2  9) 928-C(  7  2  9)
 929-C(  8  2  9) 930-C(  9  2  9) 931-C(  0  3  9) 932-C(  1  3  9)
 933-C(  2  3  9) 934-C(  3  3  9) 935-C(  4  3  9) 936-C(  5  3  9)
 937-C(  6  3  9) 938-C(  7  3  9) 939-C(  8  3  9) 940-C(  9  3  9)
 941-C(  0  4  9) 942-C(  1  4  9) 943-C(  2  4  9) 944-C(  3  4  9)
 945-C(  4  4  9) 946-C(  5  4  9) 947-C(  6  4  9) 948-C(  7  4  9)
 949-C(  8  4  9) 950-C(  9  4  9) 951-C(  0  5  9) 952-C(  1  5  9)
 953-C(  2  5  9) 954-C(  3  5  9) 955-C(  4  5  9) 956-C(  5  5  9)
 957-C(  6  5  9) 958-C(  7  5  9) 959-C(  8  5  9) 960-C(  9  5  9)
 961-C(  0  6  9) 962-C(  1  6  9) 963-C(  2  6  9) 964-C(  3  6  9)
 965-C(  4  6  9) 966-C(  5  6  9) 967-C(  6  6  9) 968-C(  7  6  9)
 969-C(  8  6  9) 970-C(  9  6  9) 971-C(  0  7  9) 972-C(  1  7  9)
 973-C(  2  7  9) 974-C(  3  7  9) 975-C(  4  7  9) 976-C(  5  7  9)
 977-C(  6  7  9) 978-C(  7  7  9) 979-C(  8  7  9) 980-C(  9  7  9)
 981-C(  0  8  9) 982-C(  1  8  9) 983-C(  2  8  9) 984-C(  3  8  9)
 985-C(  4  8  9) 986-C(  5  8  9) 987-C(  6  8  9) 988-C(  7  8  9)
 989-C(  8  8  9) 990-C(  9  8  9) 991-R(  0  9  9) 992-C(  1  9  9)
 993-C(  2  9  9) 994-C(  3  9  9) 995-C(  4  9  9) 996-C(  5  9  9)
 997-C(  6  9  9) 998-C(  7  9  9) 999-C(  8  9  9)1000-R(  9  9  9)

 DIRECT LATTICE VECTORS COMPON. (A.U.)     RECIP. LATTICE VECTORS COMPON. (A.U.) 
        X            Y            Z              X            Y            Z
    4.6879118    0.0000000    0.0000000      1.3402951    0.0000000    0.0000000
    0.0000000    7.0571000    0.0000000      0.0000000    0.8903353    0.0000000
    0.0000000    0.0000000   36.7400166      0.0000000    0.0000000    0.1710175

 DISK SPACE FOR EIGENVECTORS (FTN 10)   660897792 REALS

 SYMMETRY ADAPTION OF THE BLOCH FUNCTIONS ENABLED
 TTTTTTTTTTTTTTTTTTTTTTTTTTTTTT gordsh1     TELAPSE        1.76 TCPU        0.59

 MATRIX SIZE: P(G) 3852136, F(G)  434552, P(G) IRR  250070, F(G) IRR   56551
 MAX G-VECTOR INDEX FOR 1- AND 2-ELECTRON INTEGRALS 427

 TTTTTTTTTTTTTTTTTTTTTTTTTTTTTT INPUT       TELAPSE        1.77 TCPU        0.60

 NEIGHBORS OF THE NON-EQUIVALENT ATOMS

 N = NUMBER OF NEIGHBORS AT DISTANCE R
    ATOM  N     R/ANG      R/AU   NEIGHBORS (ATOM LABELS AND CELL INDICES)
   1 C    1     1.5344     2.8996   27 C    0 0 0
   1 C    1     1.5414     2.9129    2 C    0 0 0
   1 C    1     1.5434     2.9166    2 C   -1 0 0
   1 C    1     1.5647     2.9568   12 C    0 0 0
   1 C    2     2.4807     4.6879    1 C   -1 0 0    1 C    1 0 0
   1 C    1     2.4973     4.7192   16 C    0 0 1

   9 C    1     1.5515     2.9319   10 C    0 0 0
   9 C    1     1.5531     2.9348   10 C   -1 0 0
   9 C    1     1.5588     2.9458   13 C    0-1 0
   9 C    1     1.5647     2.9568    4 C    0-1 0
   9 C    1     2.4580     4.6450   26 C    0 0 0
   9 C    2     2.4807     4.6879    9 C   -1 0 0    9 C    1 0 0

  17 C    1     1.4948     2.8248   18 C    0 0 0
  17 C    2     1.5392     2.9087   19 C    0 0 0   19 C    1 0 0
  17 C    1     1.5812     2.9881   27 C    0 0 0
  17 C    2     2.2010     4.1593   20 C    0-1 0   20 C    0 0 0
  17 C    1     2.2557     4.2626   28 C    0 0 0
  17 C    1     2.3280     4.3993   18 C    0 1 0

  25 C    1     1.4773     2.7917   26 C    0 0 0
  25 C    1     1.5344     2.8996    3 C    0 0 0
  25 C    1     1.5812     2.9881   19 C    0 0 0
  25 C    1     1.6236     3.0682   26 C   -1 0 0
  25 C    1     2.2557     4.2626   20 C    0-1 0
  25 C    1     2.3608     4.4613   17 C   -1 0 0


 SYMMETRY ALLOWED INTERNAL DEGREE(S) OF FREEDOM:  12
 TTTTTTTTTTTTTTTTTTTTTTTTTTTTTT SYMM        TELAPSE        2.12 TCPU        0.94
 TTTTTTTTTTTTTTTTTTTTTTTTTTTTTT INT_SCREEN  TELAPSE        2.13 TCPU        0.95
 WARNING **** EXCBUF **** EXCH. BIPO BUFFER TOO SMALL - TO AVOID I/O SET EXCHSIZE =     4890528

 DFT PARAMETERS

     ATOM       ELECTRONS   NET CHARGE   R(ANGSTROM)
   1   6  C       6.0000      0.0000     0.77000000

 SIZE OF GRID=     102442
 TTTTTTTTTTTTTTTTTTTTTTTTTTTTTT MAKE_GRID2  TELAPSE        2.89 TCPU        1.70
 BECKE WEIGHT FUNCTION
 RADSAFE =     2.00
 TOLERANCES - DENSITY:10**- 6; POTENTIAL:10**- 9; GRID WGT:10**-14

 RADIAL INTEGRATION  - INTERVALS (POINTS,UPPER LIMIT):            1( 75,  4.0*R)

 ANGULAR INTEGRATION - INTERVALS (ACCURACY LEVEL [N. POINTS] UPPER LIMIT):
  1(  4[  86]   0.2)  2(  8[ 194]   0.5)  3( 12[ 350]   0.9)  4( 16[ 974]   3.5)
  5( 12[ 350]9999.0)
 TTTTTTTTTTTTTTTTTTTTTTTTTTTTTT INT_CALC    TELAPSE        2.92 TCPU        1.73
 EEEEEEEEEE INT_CALC TERMINATION  DATE 30 01 2026 TIME 21:21:17.3

 *******************************************************************************
 ./4^4T24-CA_rev1_sp_B3LYP-D3-D3_optimized                                       
 CRYSTAL - SCF - TYPE OF CALCULATION :  UNRESTRICTED OPEN SHELL
 *******************************************************************************

 CAPPA:IS1 18;IS2 18;IS3 18; K PTS MONK NET1000; SYMMOPS:K SPACE   8;G SPACE   8

 TTTTTTTTTTTTTTTTTTTTTTTTTTTTTT SDIK        TELAPSE        9.17 TCPU        7.43

 AAAAAAAAAAAAAAAAAAAAAAAAAAAAAAAAAAAAAAAAAAAAAAAAAAAAAAAAAAAAAAAAAAAAAAAAAAAAAAA
         ATOMIC WAVEFUNCTION(S)


 NUCLEAR CHARGE  6.0  SYMMETRY SPECIES            S    P
 N. ELECTRONS    6.0  NUMBER OF PRIMITIVE GTOS   10    6
                      NUMBER OF CONTRACTED GTOS   4    3
                      NUMBER OF CLOSED SHELLS     2    0
                      OPEN SHELL OCCUPATION       0    2

  ZNUC  SCFIT    TOTAL HF ENERGY   KINETIC ENERGY   VIRIAL THEOREM ACCURACY
   6.0    10    -3.766702350E+01  3.783137943E+01 -1.995655566E+00  1.6E-06

 AAAAAAAAAAAAAAAAAAAAAAAAAAAAAAAAAAAAAAAAAAAAAAAAAAAAAAAAAAAAAAAAAAAAAAAAAAAAAAA

 CHARGE NORMALIZATION FACTOR   1.00000000
 TOTAL ATOMIC CHARGES:
   6.0000000   6.0000000   6.0000000   6.0000000   6.0000000   6.0000000
   6.0000000   6.0000000   6.0000000   6.0000000   6.0000000   6.0000000
   6.0000000   6.0000000   6.0000000   6.0000000   6.0000000   6.0000000
   6.0000000   6.0000000   6.0000000   6.0000000   6.0000000   6.0000000
   6.0000000   6.0000000   6.0000000   6.0000000   6.0000000   6.0000000
   6.0000000   6.0000000
 SUMMED SPIN DENSITY           0.00000000
 TOTAL ATOMIC SPINS  :
   0.0000000   0.0000000   0.0000000   0.0000000   0.0000000   0.0000000
   0.0000000   0.0000000   0.0000000   0.0000000   0.0000000   0.0000000
   0.0000000   0.0000000   0.0000000   0.0000000   0.0000000   0.0000000
   0.0000000   0.0000000   0.0000000   0.0000000   0.0000000   0.0000000
   0.0000000   0.0000000   0.0000000   0.0000000   0.0000000   0.0000000
   0.0000000   0.0000000
 TTTTTTTTTTTTTTTTTTTTTTTTTTTTTT MOQGAD      TELAPSE        9.20 TCPU        7.45
 TTTTTTTTTTTTTTTTTTTTTTTTTTTTTT SHELLXN     TELAPSE       92.66 TCPU       90.91
 TTTTTTTTTTTTTTTTTTTTTTTTTTTTTT MONMO3      TELAPSE       92.80 TCPU       91.05
 NUMERICALLY INTEGRATED DENSITY     95.9998945072     95.9998945072
 TTTTTTTTTTTTTTTTTTTTTTTTTTTTTT NUMDFT      TELAPSE       93.80 TCPU       92.05
 CYC   0 ETOT(AU) -1.229279363453E+03 DETOT -1.23E+03 tst  0.00E+00 PX  1.00E+00
 TTTTTTTTTTTTTTTTTTTTTTTTTTTTTT DIIS        TELAPSE       95.38 TCPU       93.48
 TTTTTTTTTTTTTTTTTTTTTTTTTTTTTT FDIK        TELAPSE      220.60 TCPU      204.72

    ALPHA      ELECTRONS
 INSULATING STATE
 TOP OF VALENCE BANDS -    BAND     96; K    1; EIG -1.8242467E-01 AU
 BOTTOM OF VIRTUAL BANDS - BAND     97; K    8; EIG -4.3549431E-02 AU
 INDIRECT ENERGY BAND GAP:   3.7790 eV
 BOTTOM OF VIRTUAL BANDS - BAND     97; K    1; EIG  1.5981868E-02 AU

    BETA       ELECTRONS
 INSULATING STATE
 TOP OF VALENCE BANDS -    BAND     96; K    1; EIG -1.8242467E-01 AU
 BOTTOM OF VIRTUAL BANDS - BAND     97; K    8; EIG -4.3549431E-02 AU
 INDIRECT ENERGY BAND GAP:   3.7790 eV
 BOTTOM OF VIRTUAL BANDS - BAND     97; K    1; EIG  1.5981868E-02 AU
 TTTTTTTTTTTTTTTTTTTTTTTTTTTTTT PDIG        TELAPSE      225.50 TCPU      209.44
 CHARGE NORMALIZATION FACTOR   1.00000000
 TOTAL ATOMIC CHARGES:
   5.9948976   5.9948976   5.9948976   5.9948976   5.9948976   5.9948976
   5.9948976   5.9948976   5.9958365   5.9958365   5.9958365   5.9958365
   5.9958365   5.9958365   5.9958365   5.9958365   6.0224254   6.0224254
   6.0224254   6.0224254   6.0224254   6.0224254   6.0224254   6.0224254
   5.9868405   5.9868405   5.9868405   5.9868405   5.9868405   5.9868405
   5.9868405   5.9868405
 SUMMED SPIN DENSITY          -0.00000000
 TOTAL ATOMIC SPINS  :
  -0.0000000  -0.0000000  -0.0000000  -0.0000000  -0.0000000  -0.0000000
  -0.0000000  -0.0000000  -0.0000000  -0.0000000  -0.0000000  -0.0000000
  -0.0000000  -0.0000000  -0.0000000  -0.0000000  -0.0000000  -0.0000000
  -0.0000000  -0.0000000  -0.0000000  -0.0000000  -0.0000000  -0.0000000
   0.0000000   0.0000000   0.0000000   0.0000000   0.0000000   0.0000000
   0.0000000   0.0000000
 TTTTTTTTTTTTTTTTTTTTTTTTTTTTTT MOQGAD      TELAPSE      225.52 TCPU      209.46
 TTTTTTTTTTTTTTTTTTTTTTTTTTTTTT SHELLXN     TELAPSE      311.74 TCPU      295.65
 TTTTTTTTTTTTTTTTTTTTTTTTTTTTTT MONMO3      TELAPSE      311.87 TCPU      295.79
 NUMERICALLY INTEGRATED DENSITY     95.9999378913     95.9999378913
 TTTTTTTTTTTTTTTTTTTTTTTTTTTTTT NUMDFT      TELAPSE      312.89 TCPU      296.80
 CYC   1 ETOT(AU) -1.218669999383E+03 DETOT  1.06E+01 tst  0.00E+00 PX  1.00E+00
 TTTTTTTTTTTTTTTTTTTTTTTTTTTTTT DIIS        TELAPSE      314.62 TCPU      298.33
 DIIS TEST: 0.30544E+00 AT SCF   CYCLE   1 - MIX   30 %
 TTTTTTTTTTTTTTTTTTTTTTTTTTTTTT FDIK        TELAPSE      351.67 TCPU      334.53

    ALPHA      ELECTRONS
 INSULATING STATE
 TOP OF VALENCE BANDS -    BAND     96; K    1; EIG -9.8457488E-02 AU
 BOTTOM OF VIRTUAL BANDS - BAND     97; K    8; EIG  6.2270892E-02 AU
 INDIRECT ENERGY BAND GAP:   4.3736 eV
 BOTTOM OF VIRTUAL BANDS - BAND     97; K    1; EIG  1.2635041E-01 AU

    BETA       ELECTRONS
 INSULATING STATE
 TOP OF VALENCE BANDS -    BAND     96; K    1; EIG -9.8457488E-02 AU
 BOTTOM OF VIRTUAL BANDS - BAND     97; K    8; EIG  6.2270892E-02 AU
 INDIRECT ENERGY BAND GAP:   4.3736 eV
 BOTTOM OF VIRTUAL BANDS - BAND     97; K    1; EIG  1.2635041E-01 AU
 TTTTTTTTTTTTTTTTTTTTTTTTTTTTTT PDIG        TELAPSE      356.44 TCPU      339.22
 CHARGE NORMALIZATION FACTOR   1.00000000
 TOTAL ATOMIC CHARGES:
   5.9956616   5.9956616   5.9956616   5.9956616   5.9956616   5.9956616
   5.9956616   5.9956616   6.0135972   6.0135972   6.0135972   6.0135972
   6.0135972   6.0135972   6.0135972   6.0135972   5.9865717   5.9865717
   5.9865717   5.9865717   5.9865717   5.9865717   5.9865717   5.9865717
   6.0041696   6.0041696   6.0041696   6.0041696   6.0041696   6.0041696
   6.0041696   6.0041696
 SUMMED SPIN DENSITY           0.00000000
 TOTAL ATOMIC SPINS  :
  -0.0000000  -0.0000000  -0.0000000  -0.0000000  -0.0000000  -0.0000000
  -0.0000000  -0.0000000   0.0000000   0.0000000   0.0000000   0.0000000
   0.0000000   0.0000000   0.0000000   0.0000000  -0.0000000  -0.0000000
  -0.0000000  -0.0000000  -0.0000000  -0.0000000  -0.0000000  -0.0000000
   0.0000000   0.0000000   0.0000000   0.0000000   0.0000000   0.0000000
   0.0000000   0.0000000
 TTTTTTTTTTTTTTTTTTTTTTTTTTTTTT MOQGAD      TELAPSE      356.46 TCPU      339.24
 TTTTTTTTTTTTTTTTTTTTTTTTTTTTTT SHELLXN     TELAPSE      442.71 TCPU      425.34
 TTTTTTTTTTTTTTTTTTTTTTTTTTTTTT MONMO3      TELAPSE      442.84 TCPU      425.48
 NUMERICALLY INTEGRATED DENSITY     95.9999343417     95.9999343417
 TTTTTTTTTTTTTTTTTTTTTTTTTTTTTT NUMDFT      TELAPSE      443.86 TCPU      426.49
 CYC   2 ETOT(AU) -1.218716136165E+03 DETOT -4.61E-02 tst  1.49E-04 PX  6.76E-02
 TTTTTTTTTTTTTTTTTTTTTTTTTTTTTT DIIS        TELAPSE      447.99 TCPU      427.68
 DIIS TEST: 0.12040E+00 AT SCF   CYCLE   2 - DIIS ACTIVE - HISTORY:     2 CYCLES
 TTTTTTTTTTTTTTTTTTTTTTTTTTTTTT FDIK        TELAPSE      482.12 TCPU      460.68

    ALPHA      ELECTRONS
 INSULATING STATE
 TOP OF VALENCE BANDS -    BAND     96; K    1; EIG -6.3694931E-02 AU
 BOTTOM OF VIRTUAL BANDS - BAND     97; K    7; EIG  9.3758775E-02 AU
 INDIRECT ENERGY BAND GAP:   4.2845 eV
 BOTTOM OF VIRTUAL BANDS - BAND     97; K    1; EIG  1.6671761E-01 AU

    BETA       ELECTRONS
 INSULATING STATE
 TOP OF VALENCE BANDS -    BAND     96; K    1; EIG -6.3694931E-02 AU
 BOTTOM OF VIRTUAL BANDS - BAND     97; K    7; EIG  9.3758775E-02 AU
 INDIRECT ENERGY BAND GAP:   4.2845 eV
 BOTTOM OF VIRTUAL BANDS - BAND     97; K    1; EIG  1.6671761E-01 AU
 TTTTTTTTTTTTTTTTTTTTTTTTTTTTTT PDIG        TELAPSE      486.97 TCPU      465.50
 CHARGE NORMALIZATION FACTOR   1.00000000
 TOTAL ATOMIC CHARGES:
   5.9832417   5.9832417   5.9832417   5.9832417   5.9832417   5.9832417
   5.9832417   5.9832417   5.9854851   5.9854851   5.9854851   5.9854851
   5.9854851   5.9854851   5.9854851   5.9854851   6.0275956   6.0275956
   6.0275956   6.0275956   6.0275956   6.0275956   6.0275956   6.0275956
   6.0036777   6.0036777   6.0036777   6.0036777   6.0036777   6.0036777
   6.0036777   6.0036777
 SUMMED SPIN DENSITY          -0.00000000
 TOTAL ATOMIC SPINS  :
  -0.0000000  -0.0000000  -0.0000000  -0.0000000  -0.0000000  -0.0000000
  -0.0000000  -0.0000000   0.0000000   0.0000000   0.0000000   0.0000000
   0.0000000   0.0000000   0.0000000   0.0000000  -0.0000000  -0.0000000
  -0.0000000  -0.0000000  -0.0000000  -0.0000000  -0.0000000  -0.0000000
   0.0000000   0.0000000   0.0000000   0.0000000   0.0000000   0.0000000
   0.0000000   0.0000000
 TTTTTTTTTTTTTTTTTTTTTTTTTTTTTT MOQGAD      TELAPSE      486.99 TCPU      465.52
 TTTTTTTTTTTTTTTTTTTTTTTTTTTTTT SHELLXN     TELAPSE      573.31 TCPU      551.71
 TTTTTTTTTTTTTTTTTTTTTTTTTTTTTT MONMO3      TELAPSE      573.44 TCPU      551.84
 NUMERICALLY INTEGRATED DENSITY     95.9999338664     95.9999338664
 TTTTTTTTTTTTTTTTTTTTTTTTTTTTTT NUMDFT      TELAPSE      574.46 TCPU      552.86
 CYC   3 ETOT(AU) -1.218713594226E+03 DETOT  2.54E-03 tst  2.63E-04 PX  3.23E-02
 TTTTTTTTTTTTTTTTTTTTTTTTTTTTTT DIIS        TELAPSE      576.15 TCPU      554.49
 DIIS TEST: 0.22110E+00 AT SCF   CYCLE   3 - DIIS ACTIVE - HISTORY:     3 CYCLES
 TTTTTTTTTTTTTTTTTTTTTTTTTTTTTT FDIK        TELAPSE      608.95 TCPU      586.41

    ALPHA      ELECTRONS
 INSULATING STATE
 TOP OF VALENCE BANDS -    BAND     96; K    1; EIG -7.0041479E-02 AU
 BOTTOM OF VIRTUAL BANDS - BAND     97; K    8; EIG  1.0158807E-01 AU
 INDIRECT ENERGY BAND GAP:   4.6703 eV
 BOTTOM OF VIRTUAL BANDS - BAND     97; K    1; EIG  1.6855419E-01 AU

    BETA       ELECTRONS
 INSULATING STATE
 TOP OF VALENCE BANDS -    BAND     96; K    1; EIG -7.0041479E-02 AU
 BOTTOM OF VIRTUAL BANDS - BAND     97; K    8; EIG  1.0158807E-01 AU
 INDIRECT ENERGY BAND GAP:   4.6703 eV
 BOTTOM OF VIRTUAL BANDS - BAND     97; K    1; EIG  1.6855419E-01 AU
 TTTTTTTTTTTTTTTTTTTTTTTTTTTTTT PDIG        TELAPSE      613.70 TCPU      591.11
 CHARGE NORMALIZATION FACTOR   1.00000000
 TOTAL ATOMIC CHARGES:
   5.9933794   5.9933794   5.9933794   5.9933794   5.9933794   5.9933794
   5.9933794   5.9933794   6.0059500   6.0059500   6.0059500   6.0059500
   6.0059500   6.0059500   6.0059500   6.0059500   6.0078380   6.0078380
   6.0078380   6.0078380   6.0078380   6.0078380   6.0078380   6.0078380
   5.9928326   5.9928326   5.9928326   5.9928326   5.9928326   5.9928326
   5.9928326   5.9928326
 SUMMED SPIN DENSITY           0.00000000
 TOTAL ATOMIC SPINS  :
  -0.0000000  -0.0000000  -0.0000000  -0.0000000  -0.0000000  -0.0000000
  -0.0000000  -0.0000000   0.0000000   0.0000000   0.0000000   0.0000000
   0.0000000   0.0000000   0.0000000   0.0000000  -0.0000000  -0.0000000
  -0.0000000  -0.0000000  -0.0000000  -0.0000000  -0.0000000  -0.0000000
   0.0000000   0.0000000   0.0000000   0.0000000   0.0000000   0.0000000
   0.0000000   0.0000000
 TTTTTTTTTTTTTTTTTTTTTTTTTTTTTT MOQGAD      TELAPSE      613.72 TCPU      591.13
 TTTTTTTTTTTTTTTTTTTTTTTTTTTTTT SHELLXN     TELAPSE      699.97 TCPU      677.24
 TTTTTTTTTTTTTTTTTTTTTTTTTTTTTT MONMO3      TELAPSE      700.11 TCPU      677.38
 NUMERICALLY INTEGRATED DENSITY     95.9999340966     95.9999340966
 TTTTTTTTTTTTTTTTTTTTTTTTTTTTTT NUMDFT      TELAPSE      701.12 TCPU      678.39
 CYC   4 ETOT(AU) -1.218723011641E+03 DETOT -9.42E-03 tst  1.58E-04 PX  1.48E-02
 TTTTTTTTTTTTTTTTTTTTTTTTTTTTTT DIIS        TELAPSE      702.88 TCPU      680.01
 DIIS TEST: 0.49841E-02 AT SCF   CYCLE   4 - DIIS ACTIVE - HISTORY:     4 CYCLES
 TTTTTTTTTTTTTTTTTTTTTTTTTTTTTT FDIK        TELAPSE      738.73 TCPU      715.37

    ALPHA      ELECTRONS
 INSULATING STATE
 TOP OF VALENCE BANDS -    BAND     96; K    1; EIG -7.0139376E-02 AU
 BOTTOM OF VIRTUAL BANDS - BAND     97; K    8; EIG  1.0116368E-01 AU
 INDIRECT ENERGY BAND GAP:   4.6614 eV
 BOTTOM OF VIRTUAL BANDS - BAND     97; K    1; EIG  1.6863840E-01 AU

    BETA       ELECTRONS
 INSULATING STATE
 TOP OF VALENCE BANDS -    BAND     96; K    1; EIG -7.0139376E-02 AU
 BOTTOM OF VIRTUAL BANDS - BAND     97; K    8; EIG  1.0116368E-01 AU
 INDIRECT ENERGY BAND GAP:   4.6614 eV
 BOTTOM OF VIRTUAL BANDS - BAND     97; K    1; EIG  1.6863840E-01 AU
 TTTTTTTTTTTTTTTTTTTTTTTTTTTTTT PDIG        TELAPSE      743.50 TCPU      720.11
 CHARGE NORMALIZATION FACTOR   1.00000000
 TOTAL ATOMIC CHARGES:
   5.9923044   5.9923044   5.9923044   5.9923044   5.9923044   5.9923044
   5.9923044   5.9923044   6.0012242   6.0012242   6.0012242   6.0012242
   6.0012242   6.0012242   6.0012242   6.0012242   6.0021844   6.0021844
   6.0021844   6.0021844   6.0021844   6.0021844   6.0021844   6.0021844
   6.0042871   6.0042871   6.0042871   6.0042871   6.0042871   6.0042871
   6.0042871   6.0042871
 SUMMED SPIN DENSITY           0.00000000
 TOTAL ATOMIC SPINS  :
  -0.0000000  -0.0000000  -0.0000000  -0.0000000  -0.0000000  -0.0000000
  -0.0000000  -0.0000000   0.0000000   0.0000000   0.0000000   0.0000000
   0.0000000   0.0000000   0.0000000   0.0000000  -0.0000000  -0.0000000
  -0.0000000  -0.0000000  -0.0000000  -0.0000000  -0.0000000  -0.0000000
  -0.0000000  -0.0000000  -0.0000000  -0.0000000  -0.0000000  -0.0000000
  -0.0000000  -0.0000000
 TTTTTTTTTTTTTTTTTTTTTTTTTTTTTT MOQGAD      TELAPSE      743.52 TCPU      720.13
 TTTTTTTTTTTTTTTTTTTTTTTTTTTTTT SHELLXN     TELAPSE      830.10 TCPU      806.61
 TTTTTTTTTTTTTTTTTTTTTTTTTTTTTT MONMO3      TELAPSE      830.24 TCPU      806.75
 NUMERICALLY INTEGRATED DENSITY     95.9999340913     95.9999340913
 TTTTTTTTTTTTTTTTTTTTTTTTTTTTTT NUMDFT      TELAPSE      831.25 TCPU      807.77
 CYC   5 ETOT(AU) -1.218723236767E+03 DETOT -2.25E-04 tst  3.05E-06 PX  2.85E-03
 TTTTTTTTTTTTTTTTTTTTTTTTTTTTTT DIIS        TELAPSE      833.05 TCPU      809.38
 DIIS TEST: 0.13440E-02 AT SCF   CYCLE   5 - DIIS ACTIVE - HISTORY:     5 CYCLES
 TTTTTTTTTTTTTTTTTTTTTTTTTTTTTT FDIK        TELAPSE      865.94 TCPU      841.45

    ALPHA      ELECTRONS
 INSULATING STATE
 TOP OF VALENCE BANDS -    BAND     96; K    1; EIG -7.0101234E-02 AU
 BOTTOM OF VIRTUAL BANDS - BAND     97; K    8; EIG  1.0113705E-01 AU
 INDIRECT ENERGY BAND GAP:   4.6596 eV
 BOTTOM OF VIRTUAL BANDS - BAND     97; K    1; EIG  1.6874056E-01 AU

    BETA       ELECTRONS
 INSULATING STATE
 TOP OF VALENCE BANDS -    BAND     96; K    1; EIG -7.0101234E-02 AU
 BOTTOM OF VIRTUAL BANDS - BAND     97; K    8; EIG  1.0113705E-01 AU
 INDIRECT ENERGY BAND GAP:   4.6596 eV
 BOTTOM OF VIRTUAL BANDS - BAND     97; K    1; EIG  1.6874056E-01 AU
 TTTTTTTTTTTTTTTTTTTTTTTTTTTTTT PDIG        TELAPSE      870.72 TCPU      846.17
 CHARGE NORMALIZATION FACTOR   1.00000000
 TOTAL ATOMIC CHARGES:
   5.9909156   5.9909156   5.9909156   5.9909156   5.9909156   5.9909156
   5.9909156   5.9909156   6.0036984   6.0036984   6.0036984   6.0036984
   6.0036984   6.0036984   6.0036984   6.0036984   6.0052796   6.0052796
   6.0052796   6.0052796   6.0052796   6.0052796   6.0052796   6.0052796
   6.0001065   6.0001065   6.0001065   6.0001065   6.0001065   6.0001065
   6.0001065   6.0001065
 SUMMED SPIN DENSITY          -0.00000000
 TOTAL ATOMIC SPINS  :
  -0.0000000  -0.0000000  -0.0000000  -0.0000000  -0.0000000  -0.0000000
  -0.0000000  -0.0000000   0.0000000   0.0000000   0.0000000   0.0000000
   0.0000000   0.0000000   0.0000000   0.0000000  -0.0000000  -0.0000000
  -0.0000000  -0.0000000  -0.0000000  -0.0000000  -0.0000000  -0.0000000
  -0.0000000  -0.0000000  -0.0000000  -0.0000000  -0.0000000  -0.0000000
  -0.0000000  -0.0000000
 TTTTTTTTTTTTTTTTTTTTTTTTTTTTTT MOQGAD      TELAPSE      870.74 TCPU      846.19
 TTTTTTTTTTTTTTTTTTTTTTTTTTTTTT SHELLXN     TELAPSE      957.03 TCPU      932.35
 TTTTTTTTTTTTTTTTTTTTTTTTTTTTTT MONMO3      TELAPSE      957.16 TCPU      932.49
 NUMERICALLY INTEGRATED DENSITY     95.9999340897     95.9999340897
 TTTTTTTTTTTTTTTTTTTTTTTTTTTTTT NUMDFT      TELAPSE      958.18 TCPU      933.51
 CYC   6 ETOT(AU) -1.218723306060E+03 DETOT -6.93E-05 tst  6.84E-07 PX  1.16E-03
 TTTTTTTTTTTTTTTTTTTTTTTTTTTTTT DIIS        TELAPSE      959.90 TCPU      935.04
 DIIS TEST: 0.61424E-04 AT SCF   CYCLE   6 - DIIS ACTIVE - HISTORY:     6 CYCLES
 TTTTTTTTTTTTTTTTTTTTTTTTTTTTTT FDIK        TELAPSE      993.89 TCPU      968.66

    ALPHA      ELECTRONS
 INSULATING STATE
 TOP OF VALENCE BANDS -    BAND     96; K    1; EIG -7.0146024E-02 AU
 BOTTOM OF VIRTUAL BANDS - BAND     97; K    8; EIG  1.0111439E-01 AU
 INDIRECT ENERGY BAND GAP:   4.6602 eV
 BOTTOM OF VIRTUAL BANDS - BAND     97; K    1; EIG  1.6869218E-01 AU

    BETA       ELECTRONS
 INSULATING STATE
 TOP OF VALENCE BANDS -    BAND     96; K    1; EIG -7.0146024E-02 AU
 BOTTOM OF VIRTUAL BANDS - BAND     97; K    8; EIG  1.0111439E-01 AU
 INDIRECT ENERGY BAND GAP:   4.6602 eV
 BOTTOM OF VIRTUAL BANDS - BAND     97; K    1; EIG  1.6869218E-01 AU
 TTTTTTTTTTTTTTTTTTTTTTTTTTTTTT PDIG        TELAPSE      998.64 TCPU      973.37
 CHARGE NORMALIZATION FACTOR   1.00000000
 TOTAL ATOMIC CHARGES:
   5.9921578   5.9921578   5.9921578   5.9921578   5.9921578   5.9921578
   5.9921578   5.9921578   6.0027828   6.0027828   6.0027828   6.0027828
   6.0027828   6.0027828   6.0027828   6.0027828   6.0050366   6.0050366
   6.0050366   6.0050366   6.0050366   6.0050366   6.0050366   6.0050366
   6.0000229   6.0000229   6.0000229   6.0000229   6.0000229   6.0000229
   6.0000229   6.0000229
 SUMMED SPIN DENSITY          -0.00000000
 TOTAL ATOMIC SPINS  :
   0.0000000   0.0000000   0.0000000   0.0000000   0.0000000   0.0000000
   0.0000000   0.0000000   0.0000000   0.0000000   0.0000000   0.0000000
   0.0000000   0.0000000   0.0000000   0.0000000  -0.0000000  -0.0000000
  -0.0000000  -0.0000000  -0.0000000  -0.0000000  -0.0000000  -0.0000000
  -0.0000000  -0.0000000  -0.0000000  -0.0000000  -0.0000000  -0.0000000
  -0.0000000  -0.0000000
 TTTTTTTTTTTTTTTTTTTTTTTTTTTTTT MOQGAD      TELAPSE      998.66 TCPU      973.39
 TTTTTTTTTTTTTTTTTTTTTTTTTTTTTT SHELLXN     TELAPSE     1084.92 TCPU     1059.55
 TTTTTTTTTTTTTTTTTTTTTTTTTTTTTT MONMO3      TELAPSE     1085.06 TCPU     1059.68
 NUMERICALLY INTEGRATED DENSITY     95.9999340776     95.9999340776
 TTTTTTTTTTTTTTTTTTTTTTTTTTTTTT NUMDFT      TELAPSE     1086.08 TCPU     1060.70
 CYC   7 ETOT(AU) -1.218723309219E+03 DETOT -3.16E-06 tst  3.23E-08 PX  3.02E-04
 TTTTTTTTTTTTTTTTTTTTTTTTTTTTTT DIIS        TELAPSE     1087.61 TCPU     1062.15
 DIIS TEST: 0.85047E-05 AT SCF   CYCLE   7 - DIIS ACTIVE - HISTORY:     7 CYCLES
 TTTTTTTTTTTTTTTTTTTTTTTTTTTTTT FDIK        TELAPSE     1121.46 TCPU     1095.40

    ALPHA      ELECTRONS
 INSULATING STATE
 TOP OF VALENCE BANDS -    BAND     96; K    1; EIG -7.0178247E-02 AU
 BOTTOM OF VIRTUAL BANDS - BAND     97; K    8; EIG  1.0107855E-01 AU
 INDIRECT ENERGY BAND GAP:   4.6601 eV
 BOTTOM OF VIRTUAL BANDS - BAND     97; K    1; EIG  1.6865805E-01 AU

    BETA       ELECTRONS
 INSULATING STATE
 TOP OF VALENCE BANDS -    BAND     96; K    1; EIG -7.0178247E-02 AU
 BOTTOM OF VIRTUAL BANDS - BAND     97; K    8; EIG  1.0107855E-01 AU
 INDIRECT ENERGY BAND GAP:   4.6601 eV
 BOTTOM OF VIRTUAL BANDS - BAND     97; K    1; EIG  1.6865805E-01 AU
 TTTTTTTTTTTTTTTTTTTTTTTTTTTTTT PDIG        TELAPSE     1126.21 TCPU     1100.10
 CHARGE NORMALIZATION FACTOR   1.00000000
 TOTAL ATOMIC CHARGES:
   5.9916706   5.9916706   5.9916706   5.9916706   5.9916706   5.9916706
   5.9916706   5.9916706   6.0030244   6.0030244   6.0030244   6.0030244
   6.0030244   6.0030244   6.0030244   6.0030244   6.0049925   6.0049925
   6.0049925   6.0049925   6.0049925   6.0049925   6.0049925   6.0049925
   6.0003125   6.0003125   6.0003125   6.0003125   6.0003125   6.0003125
   6.0003125   6.0003125
 SUMMED SPIN DENSITY           0.00000000
 TOTAL ATOMIC SPINS  :
  -0.0000000  -0.0000000  -0.0000000  -0.0000000  -0.0000000  -0.0000000
  -0.0000000  -0.0000000   0.0000000   0.0000000   0.0000000   0.0000000
   0.0000000   0.0000000   0.0000000   0.0000000  -0.0000000  -0.0000000
  -0.0000000  -0.0000000  -0.0000000  -0.0000000  -0.0000000  -0.0000000
   0.0000000   0.0000000   0.0000000   0.0000000   0.0000000   0.0000000
   0.0000000   0.0000000
 TTTTTTTTTTTTTTTTTTTTTTTTTTTTTT MOQGAD      TELAPSE     1126.23 TCPU     1100.12
 TTTTTTTTTTTTTTTTTTTTTTTTTTTTTT SHELLXN     TELAPSE     1212.80 TCPU     1186.59
 TTTTTTTTTTTTTTTTTTTTTTTTTTTTTT MONMO3      TELAPSE     1212.93 TCPU     1186.73
 NUMERICALLY INTEGRATED DENSITY     95.9999340785     95.9999340785
 TTTTTTTTTTTTTTTTTTTTTTTTTTTTTT NUMDFT      TELAPSE     1213.95 TCPU     1187.74
 CYC   8 ETOT(AU) -1.218723309735E+03 DETOT -5.16E-07 tst  4.36E-09 PX  9.04E-05
 TTTTTTTTTTTTTTTTTTTTTTTTTTTTTT DIIS        TELAPSE     1215.56 TCPU     1189.17
 DIIS TEST: 0.33123E-06 AT SCF   CYCLE   8 - DIIS ACTIVE - HISTORY:     8 CYCLES
 TTTTTTTTTTTTTTTTTTTTTTTTTTTTTT FDIK        TELAPSE     1251.01 TCPU     1223.82

    ALPHA      ELECTRONS
 INSULATING STATE
 TOP OF VALENCE BANDS -    BAND     96; K    1; EIG -7.0186409E-02 AU
 BOTTOM OF VIRTUAL BANDS - BAND     97; K    8; EIG  1.0106996E-01 AU
 INDIRECT ENERGY BAND GAP:   4.6601 eV
 BOTTOM OF VIRTUAL BANDS - BAND     97; K    1; EIG  1.6865115E-01 AU

    BETA       ELECTRONS
 INSULATING STATE
 TOP OF VALENCE BANDS -    BAND     96; K    1; EIG -7.0186409E-02 AU
 BOTTOM OF VIRTUAL BANDS - BAND     97; K    8; EIG  1.0106996E-01 AU
 INDIRECT ENERGY BAND GAP:   4.6601 eV
 BOTTOM OF VIRTUAL BANDS - BAND     97; K    1; EIG  1.6865115E-01 AU
 TTTTTTTTTTTTTTTTTTTTTTTTTTTTTT PDIG        TELAPSE     1255.79 TCPU     1228.56
 CHARGE NORMALIZATION FACTOR   1.00000000
 TOTAL ATOMIC CHARGES:
   5.9917375   5.9917375   5.9917375   5.9917375   5.9917375   5.9917375
   5.9917375   5.9917375   6.0029942   6.0029942   6.0029942   6.0029942
   6.0029942   6.0029942   6.0029942   6.0029942   6.0049920   6.0049920
   6.0049920   6.0049920   6.0049920   6.0049920   6.0049920   6.0049920
   6.0002762   6.0002762   6.0002762   6.0002762   6.0002762   6.0002762
   6.0002762   6.0002762
 SUMMED SPIN DENSITY          -0.00000000
 TOTAL ATOMIC SPINS  :
  -0.0000000  -0.0000000  -0.0000000  -0.0000000  -0.0000000  -0.0000000
  -0.0000000  -0.0000000   0.0000000   0.0000000   0.0000000   0.0000000
   0.0000000   0.0000000   0.0000000   0.0000000   0.0000000   0.0000000
   0.0000000   0.0000000   0.0000000   0.0000000   0.0000000   0.0000000
  -0.0000000  -0.0000000  -0.0000000  -0.0000000  -0.0000000  -0.0000000
  -0.0000000  -0.0000000
 TTTTTTTTTTTTTTTTTTTTTTTTTTTTTT MOQGAD      TELAPSE     1255.80 TCPU     1228.58
 TTTTTTTTTTTTTTTTTTTTTTTTTTTTTT SHELLXN     TELAPSE     1342.11 TCPU     1314.75
 TTTTTTTTTTTTTTTTTTTTTTTTTTTTTT MONMO3      TELAPSE     1342.24 TCPU     1314.88
 NUMERICALLY INTEGRATED DENSITY     95.9999340792     95.9999340792
 TTTTTTTTTTTTTTTTTTTTTTTTTTTTTT NUMDFT      TELAPSE     1343.26 TCPU     1315.90
 CYC   9 ETOT(AU) -1.218723309752E+03 DETOT -1.72E-08 tst  9.31E-11 PX  1.84E-05
 TTTTTTTTTTTTTTTTTTTTTTTTTTTTTT DIIS        TELAPSE     1344.97 TCPU     1317.52
 DIIS TEST: 0.42609E-08 AT SCF   CYCLE   9 - DIIS ACTIVE - HISTORY:     9 CYCLES
 TTTTTTTTTTTTTTTTTTTTTTTTTTTTTT FDIK        TELAPSE     1380.37 TCPU     1352.28

    ALPHA      ELECTRONS
 INSULATING STATE
 TOP OF VALENCE BANDS -    BAND     96; K    1; EIG -7.0187516E-02 AU
 BOTTOM OF VIRTUAL BANDS - BAND     97; K    8; EIG  1.0106880E-01 AU
 INDIRECT ENERGY BAND GAP:   4.6601 eV
 BOTTOM OF VIRTUAL BANDS - BAND     97; K    1; EIG  1.6865014E-01 AU

    BETA       ELECTRONS
 INSULATING STATE
 TOP OF VALENCE BANDS -    BAND     96; K    1; EIG -7.0187516E-02 AU
 BOTTOM OF VIRTUAL BANDS - BAND     97; K    8; EIG  1.0106880E-01 AU
 INDIRECT ENERGY BAND GAP:   4.6601 eV
 BOTTOM OF VIRTUAL BANDS - BAND     97; K    1; EIG  1.6865014E-01 AU
 TTTTTTTTTTTTTTTTTTTTTTTTTTTTTT PDIG        TELAPSE     1385.18 TCPU     1357.03
 CHARGE NORMALIZATION FACTOR   1.00000000
 TOTAL ATOMIC CHARGES:
   5.9917336   5.9917336   5.9917336   5.9917336   5.9917336   5.9917336
   5.9917336   5.9917336   6.0029954   6.0029954   6.0029954   6.0029954
   6.0029954   6.0029954   6.0029954   6.0029954   6.0049938   6.0049938
   6.0049938   6.0049938   6.0049938   6.0049938   6.0049938   6.0049938
   6.0002773   6.0002773   6.0002773   6.0002773   6.0002773   6.0002773
   6.0002773   6.0002773
 SUMMED SPIN DENSITY          -0.00000000
 TOTAL ATOMIC SPINS  :
   0.0000000   0.0000000   0.0000000   0.0000000   0.0000000   0.0000000
   0.0000000   0.0000000  -0.0000000  -0.0000000  -0.0000000  -0.0000000
  -0.0000000  -0.0000000  -0.0000000  -0.0000000   0.0000000   0.0000000
   0.0000000   0.0000000   0.0000000   0.0000000   0.0000000   0.0000000
  -0.0000000  -0.0000000  -0.0000000  -0.0000000  -0.0000000  -0.0000000
  -0.0000000  -0.0000000
 TTTTTTTTTTTTTTTTTTTTTTTTTTTTTT MOQGAD      TELAPSE     1385.20 TCPU     1357.05
 TTTTTTTTTTTTTTTTTTTTTTTTTTTTTT SHELLXN     TELAPSE     1471.51 TCPU     1443.22
 TTTTTTTTTTTTTTTTTTTTTTTTTTTTTT MONMO3      TELAPSE     1471.65 TCPU     1443.35
 NUMERICALLY INTEGRATED DENSITY     95.9999340792     95.9999340792
 TTTTTTTTTTTTTTTTTTTTTTTTTTTTTT NUMDFT      TELAPSE     1472.68 TCPU     1444.38
 CYC  10 ETOT(AU) -1.218723309756E+03 DETOT -3.93E-09 tst  2.26E-12 PX  2.46E-06
 TTTTTTTTTTTTTTTTTTTTTTTTTTTTTT DIIS        TELAPSE     1474.38 TCPU     1445.83
 DIIS TEST: 0.17706E-09 AT SCF   CYCLE  10 - DIIS ACTIVE - HISTORY:    10 CYCLES
 TTTTTTTTTTTTTTTTTTTTTTTTTTTTTT FDIK        TELAPSE     1502.06 TCPU     1472.54

    ALPHA      ELECTRONS
 INSULATING STATE
 TOP OF VALENCE BANDS -    BAND     96; K    1; EIG -7.0187535E-02 AU
 BOTTOM OF VIRTUAL BANDS - BAND     97; K    8; EIG  1.0106883E-01 AU
 INDIRECT ENERGY BAND GAP:   4.6601 eV
 BOTTOM OF VIRTUAL BANDS - BAND     97; K    1; EIG  1.6865012E-01 AU

    BETA       ELECTRONS
 INSULATING STATE
 TOP OF VALENCE BANDS -    BAND     96; K    1; EIG -7.0187535E-02 AU
 BOTTOM OF VIRTUAL BANDS - BAND     97; K    8; EIG  1.0106883E-01 AU
 INDIRECT ENERGY BAND GAP:   4.6601 eV
 BOTTOM OF VIRTUAL BANDS - BAND     97; K    1; EIG  1.6865012E-01 AU
 TTTTTTTTTTTTTTTTTTTTTTTTTTTTTT PDIG        TELAPSE     1506.77 TCPU     1477.23
 CHARGE NORMALIZATION FACTOR   1.00000000
 TOTAL ATOMIC CHARGES:
   5.9917344   5.9917344   5.9917344   5.9917344   5.9917344   5.9917344
   5.9917344   5.9917344   6.0029947   6.0029947   6.0029947   6.0029947
   6.0029947   6.0029947   6.0029947   6.0029947   6.0049933   6.0049933
   6.0049933   6.0049933   6.0049933   6.0049933   6.0049933   6.0049933
   6.0002776   6.0002776   6.0002776   6.0002776   6.0002776   6.0002776
   6.0002776   6.0002776
 SUMMED SPIN DENSITY          -0.00000000
 TOTAL ATOMIC SPINS  :
   0.0000000   0.0000000   0.0000000   0.0000000   0.0000000   0.0000000
   0.0000000   0.0000000  -0.0000000  -0.0000000  -0.0000000  -0.0000000
  -0.0000000  -0.0000000  -0.0000000  -0.0000000   0.0000000   0.0000000
   0.0000000   0.0000000   0.0000000   0.0000000   0.0000000   0.0000000
  -0.0000000  -0.0000000  -0.0000000  -0.0000000  -0.0000000  -0.0000000
  -0.0000000  -0.0000000
 TTTTTTTTTTTTTTTTTTTTTTTTTTTTTT MOQGAD      TELAPSE     1506.79 TCPU     1477.25
 TTTTTTTTTTTTTTTTTTTTTTTTTTTTTT SHELLXN     TELAPSE     1593.03 TCPU     1563.31
 TTTTTTTTTTTTTTTTTTTTTTTTTTTTTT MONMO3      TELAPSE     1593.16 TCPU     1563.45
 NUMERICALLY INTEGRATED DENSITY     95.9999340792     95.9999340792
 TTTTTTTTTTTTTTTTTTTTTTTTTTTTTT NUMDFT      TELAPSE     1594.18 TCPU     1564.47
 CYC  11 ETOT(AU) -1.218723309756E+03 DETOT  5.75E-10 tst  8.15E-14 PX  6.29E-07
 TTTTTTTTTTTTTTTTTTTTTTTTTTTTTT DIIS        TELAPSE     1596.01 TCPU     1566.19
 DIIS TEST: 0.12445E-10 AT SCF   CYCLE  11 - DIIS ACTIVE - HISTORY:    11 CYCLES
 TTTTTTTTTTTTTTTTTTTTTTTTTTTTTT FDIK        TELAPSE     1619.65 TCPU     1588.82

    ALPHA      ELECTRONS
 INSULATING STATE
 TOP OF VALENCE BANDS -    BAND     96; K    1; EIG -7.0187535E-02 AU
 BOTTOM OF VIRTUAL BANDS - BAND     97; K    8; EIG  1.0106882E-01 AU
 INDIRECT ENERGY BAND GAP:   4.6601 eV
 BOTTOM OF VIRTUAL BANDS - BAND     97; K    1; EIG  1.6865012E-01 AU

    BETA       ELECTRONS
 INSULATING STATE
 TOP OF VALENCE BANDS -    BAND     96; K    1; EIG -7.0187535E-02 AU
 BOTTOM OF VIRTUAL BANDS - BAND     97; K    8; EIG  1.0106882E-01 AU
 INDIRECT ENERGY BAND GAP:   4.6601 eV
 BOTTOM OF VIRTUAL BANDS - BAND     97; K    1; EIG  1.6865012E-01 AU
 TTTTTTTTTTTTTTTTTTTTTTTTTTTTTT PDIG        TELAPSE     1624.49 TCPU     1593.62
 CHARGE NORMALIZATION FACTOR   1.00000000
 TOTAL ATOMIC CHARGES:
   5.9917343   5.9917343   5.9917343   5.9917343   5.9917343   5.9917343
   5.9917343   5.9917343   6.0029948   6.0029948   6.0029948   6.0029948
   6.0029948   6.0029948   6.0029948   6.0029948   6.0049933   6.0049933
   6.0049933   6.0049933   6.0049933   6.0049933   6.0049933   6.0049933
   6.0002775   6.0002775   6.0002775   6.0002775   6.0002775   6.0002775
   6.0002775   6.0002775
 SUMMED SPIN DENSITY           0.00000000
 TOTAL ATOMIC SPINS  :
  -0.0000000  -0.0000000  -0.0000000  -0.0000000  -0.0000000  -0.0000000
  -0.0000000  -0.0000000   0.0000000   0.0000000   0.0000000   0.0000000
   0.0000000   0.0000000   0.0000000   0.0000000   0.0000000   0.0000000
   0.0000000   0.0000000   0.0000000   0.0000000   0.0000000   0.0000000
   0.0000000   0.0000000   0.0000000   0.0000000   0.0000000   0.0000000
   0.0000000   0.0000000
 TTTTTTTTTTTTTTTTTTTTTTTTTTTTTT MOQGAD      TELAPSE     1624.51 TCPU     1593.63
 TTTTTTTTTTTTTTTTTTTTTTTTTTTTTT SHELLXN     TELAPSE     1710.73 TCPU     1679.83
 +++ ENERGIES IN A.U. +++
 ::: EXT EL-POLE                                  -6.3854721308316E+03
 ::: EXT EL-SPHEROPOLE                             5.3906102621069E+01
 ::: BIELET ZONE E-E                               6.5391487882168E+03
 ::: TOTAL E-E                                     2.0758276000625E+02
 ::: TOTAL E-N + N-E                              -2.0419228310471E+03
 ::: TOTAL N-N                                    -4.5833308179680E+02
 ::: KINETIC ENERGY                                1.2149898560544E+03
 ::: PSEUDO TOTAL   ENERGY                        -1.0776832967833E+03
 ::: VIRIAL COEFFICIENT                            1.0598892864869E+00
 TTTTTTTTTTTTTTTTTTTTTTTTTTTTTT MONMO3      TELAPSE     1710.87 TCPU     1679.96
 NUMERICALLY INTEGRATED DENSITY     95.9999340792     95.9999340792
 EXCHANGE ENERGY: -0.132872336682E+03  CORRELATION ENERGY: -0.816767629012E+01
 TTTTTTTTTTTTTTTTTTTTTTTTTTTTTT NUMDFT      TELAPSE     1711.88 TCPU     1680.98
 CYC  12 ETOT(AU) -1.218723309756E+03 DETOT  3.71E-11 tst  3.15E-15 PX  6.29E-07

 == SCF ENDED - CONVERGENCE ON ENERGY      E(AU) -1.2187233097555E+03 CYCLES  12


 ENERGY EXPRESSION=HARTREE+FOCK EXCH*0.20000+(BECKE      EXCH)*0.80000+LYP        CORR


 TOTAL ENERGY(DFT)(AU)( 12) -1.2187233097555E+03 DE 3.7E-11 tester 3.1E-15
 TTTTTTTTTTTTTTTTTTTTTTTTTTTTTT EDFT        TELAPSE     1711.90 TCPU     1681.00
 
 INFORMATION **** DFTD3 ENERGY **** CALCULATE DFTD3 ENERGY

           DFT-D V3(BJ)
 DF                                         b3-lyp    
 parameters
 s6       :    1.0000
 s8       :    1.9889
 a1       :    0.3981
 a2       :    4.4211
 k1 k3    :   16.0000   -4.0000
 Cutoff   :   50.2022
 CN-Cutoff:   21.1671
 ABC-Cutoff:   21.1671
 
 Edisp /kcal,au:  -228.9842 -0.36490951

 E6    /kcal :  -110.0304
 E8    /kcal :  -118.9538
 
 INFORMATION **** DFTD3 ENERGY **** NORMAL TERMINATION OF DFTD3 MODULE

 *******************************************************************************

 DFT-D3 DISPERSION ENERGY CORRECTION

 D3 DISPERSION ENERGY (AU)       -3.6490951250310E-01
 TOTAL ENERGY + DISP (AU)        -1.2190882192680E+03

 *******************************************************************************


 NEIGHBORS OF THE NON-EQUIVALENT ATOMS

 N = NUMBER OF NEIGHBORS AT DISTANCE R
    ATOM  N     R/ANG      R/AU   NEIGHBORS (ATOM LABELS AND CELL INDICES)
   1 C    1     1.5344     2.8996   27 C    0 0 0
   1 C    1     1.5414     2.9129    2 C    0 0 0
   1 C    1     1.5434     2.9166    2 C   -1 0 0
   1 C    1     1.5647     2.9568   12 C    0 0 0
   1 C    2     2.4807     4.6879    1 C   -1 0 0    1 C    1 0 0
   1 C    1     2.4973     4.7192   16 C    0 0 1

   9 C    1     1.5515     2.9319   10 C    0 0 0
   9 C    1     1.5531     2.9348   10 C   -1 0 0
   9 C    1     1.5588     2.9458   13 C    0-1 0
   9 C    1     1.5647     2.9568    4 C    0-1 0
   9 C    1     2.4580     4.6450   26 C    0 0 0
   9 C    2     2.4807     4.6879    9 C   -1 0 0    9 C    1 0 0

  17 C    1     1.4948     2.8248   18 C    0 0 0
  17 C    2     1.5392     2.9087   19 C    0 0 0   19 C    1 0 0
  17 C    1     1.5812     2.9881   27 C    0 0 0
  17 C    2     2.2010     4.1593   20 C    0-1 0   20 C    0 0 0
  17 C    1     2.2557     4.2626   28 C    0 0 0
  17 C    1     2.3280     4.3993   18 C    0 1 0

  25 C    1     1.4773     2.7917   26 C    0 0 0
  25 C    1     1.5344     2.8996    3 C    0 0 0
  25 C    1     1.5812     2.9881   19 C    0 0 0
  25 C    1     1.6236     3.0682   26 C   -1 0 0
  25 C    1     2.2557     4.2626   20 C    0-1 0
  25 C    1     2.3608     4.4613   17 C   -1 0 0

 TTTTTTTTTTTTTTTTTTTTTTTTTTTTTT AFTER FIRST TELAPSE     1712.19 TCPU     1681.23
 MMMMMMMMMMMMMMMMMMMMMMMMMMMMMMMMMMMMMMMMMMMMMMMMMMMMMMMMMMMMMMMMMMMMMMMMMMMMMMM
     ALPHA+BETA ELECTRONS
 MULLIKEN POPULATION ANALYSIS - NO. OF ELECTRONS  192.000000

  ATOM    Z CHARGE  A.O. POPULATION

   1 C    6  5.992  0.853  1.121  0.753  0.415  0.449  0.441  0.444 -0.008
                   -0.004 -0.006  0.500  0.490  0.499  0.009  0.004  0.012
                    0.006  0.012
   2 C    6  5.992  0.853  1.121  0.753  0.415  0.449  0.441  0.444 -0.008
                   -0.004 -0.006  0.500  0.490  0.499  0.009  0.004  0.012
                    0.006  0.012
   3 C    6  5.992  0.853  1.121  0.753  0.415  0.449  0.441  0.444 -0.008
                   -0.004 -0.006  0.500  0.490  0.499  0.009  0.004  0.012
                    0.006  0.012
   4 C    6  5.992  0.853  1.121  0.753  0.415  0.449  0.441  0.444 -0.008
                   -0.004 -0.006  0.500  0.490  0.499  0.009  0.004  0.012
                    0.006  0.012
   5 C    6  5.992  0.853  1.121  0.753  0.415  0.449  0.441  0.444 -0.008
                   -0.004 -0.006  0.500  0.490  0.499  0.009  0.004  0.012
                    0.006  0.012
   6 C    6  5.992  0.853  1.121  0.753  0.415  0.449  0.441  0.444 -0.008
                   -0.004 -0.006  0.500  0.490  0.499  0.009  0.004  0.012
                    0.006  0.012
   7 C    6  5.992  0.853  1.121  0.753  0.415  0.449  0.441  0.444 -0.008
                   -0.004 -0.006  0.500  0.490  0.499  0.009  0.004  0.012
                    0.006  0.012
   8 C    6  5.992  0.853  1.121  0.753  0.415  0.449  0.441  0.444 -0.008
                   -0.004 -0.006  0.500  0.490  0.499  0.009  0.004  0.012
                    0.006  0.012
   9 C    6  6.003  0.853  1.121  0.753  0.427  0.447  0.436  0.442 -0.010
                   -0.005 -0.011  0.506  0.494  0.508  0.009  0.004  0.012
                    0.006  0.012
  10 C    6  6.003  0.853  1.121  0.753  0.427  0.447  0.436  0.442 -0.010
                   -0.005 -0.011  0.506  0.494  0.508  0.009  0.004  0.012
                    0.006  0.012
  11 C    6  6.003  0.853  1.121  0.753  0.427  0.447  0.436  0.442 -0.010
                   -0.005 -0.011  0.506  0.494  0.508  0.009  0.004  0.012
                    0.006  0.012
  12 C    6  6.003  0.853  1.121  0.753  0.427  0.447  0.436  0.442 -0.010
                   -0.005 -0.011  0.506  0.494  0.508  0.009  0.004  0.012
                    0.006  0.012
  13 C    6  6.003  0.853  1.121  0.753  0.427  0.447  0.436  0.442 -0.010
                   -0.005 -0.011  0.506  0.494  0.508  0.009  0.004  0.012
                    0.006  0.012
  14 C    6  6.003  0.853  1.121  0.753  0.427  0.447  0.436  0.442 -0.010
                   -0.005 -0.011  0.506  0.494  0.508  0.009  0.004  0.012
                    0.006  0.012
  15 C    6  6.003  0.853  1.121  0.753  0.427  0.447  0.436  0.442 -0.010
                   -0.005 -0.011  0.506  0.494  0.508  0.009  0.004  0.012
                    0.006  0.012
  16 C    6  6.003  0.853  1.121  0.753  0.427  0.447  0.436  0.442 -0.010
                   -0.005 -0.011  0.506  0.494  0.508  0.009  0.004  0.012
                    0.006  0.012
  17 C    6  6.005  0.854  1.119  0.753  0.429  0.445  0.468  0.432 -0.007
                   -0.024 -0.013  0.470  0.521  0.507  0.009  0.011  0.008
                    0.012  0.009
  18 C    6  6.005  0.854  1.119  0.753  0.429  0.445  0.468  0.432 -0.007
                   -0.024 -0.013  0.470  0.521  0.507  0.009  0.011  0.008
                    0.012  0.009
  19 C    6  6.005  0.854  1.119  0.753  0.429  0.445  0.468  0.432 -0.007
                   -0.024 -0.013  0.470  0.521  0.507  0.009  0.011  0.008
                    0.012  0.009
  20 C    6  6.005  0.854  1.119  0.753  0.429  0.445  0.468  0.432 -0.007
                   -0.024 -0.013  0.470  0.521  0.507  0.009  0.011  0.008
                    0.012  0.009
  21 C    6  6.005  0.854  1.119  0.753  0.429  0.445  0.468  0.432 -0.007
                   -0.024 -0.013  0.470  0.521  0.507  0.009  0.011  0.008
                    0.012  0.009
  22 C    6  6.005  0.854  1.119  0.753  0.429  0.445  0.468  0.432 -0.007
                   -0.024 -0.013  0.470  0.521  0.507  0.009  0.011  0.008
                    0.012  0.009
  23 C    6  6.005  0.854  1.119  0.753  0.429  0.445  0.468  0.432 -0.007
                   -0.024 -0.013  0.470  0.521  0.507  0.009  0.011  0.008
                    0.012  0.009
  24 C    6  6.005  0.854  1.119  0.753  0.429  0.445  0.468  0.432 -0.007
                   -0.024 -0.013  0.470  0.521  0.507  0.009  0.011  0.008
                    0.012  0.009
  25 C    6  6.000  0.853  1.120  0.752  0.435  0.445  0.444  0.441 -0.010
                   -0.011 -0.011  0.491  0.506  0.499  0.010  0.005  0.011
                    0.006  0.012
  26 C    6  6.000  0.853  1.120  0.752  0.435  0.445  0.444  0.441 -0.010
                   -0.011 -0.011  0.491  0.506  0.499  0.010  0.005  0.011
                    0.006  0.012
  27 C    6  6.000  0.853  1.120  0.752  0.435  0.445  0.444  0.441 -0.010
                   -0.011 -0.011  0.491  0.506  0.499  0.010  0.005  0.011
                    0.006  0.012
  28 C    6  6.000  0.853  1.120  0.752  0.435  0.445  0.444  0.441 -0.010
                   -0.011 -0.011  0.491  0.506  0.499  0.010  0.005  0.011
                    0.006  0.012
  29 C    6  6.000  0.853  1.120  0.752  0.435  0.445  0.444  0.441 -0.010
                   -0.011 -0.011  0.491  0.506  0.499  0.010  0.005  0.011
                    0.006  0.012
  30 C    6  6.000  0.853  1.120  0.752  0.435  0.445  0.444  0.441 -0.010
                   -0.011 -0.011  0.491  0.506  0.499  0.010  0.005  0.011
                    0.006  0.012
  31 C    6  6.000  0.853  1.120  0.752  0.435  0.445  0.444  0.441 -0.010
                   -0.011 -0.011  0.491  0.506  0.499  0.010  0.005  0.011
                    0.006  0.012
  32 C    6  6.000  0.853  1.120  0.752  0.435  0.445  0.444  0.441 -0.010
                   -0.011 -0.011  0.491  0.506  0.499  0.010  0.005  0.011
                    0.006  0.012

  ATOM    Z CHARGE  SHELL POPULATION

   1 C    6  5.992  0.853  1.121  0.753  0.415  1.335 -0.018  1.489  0.044
   2 C    6  5.992  0.853  1.121  0.753  0.415  1.335 -0.018  1.489  0.044
   3 C    6  5.992  0.853  1.121  0.753  0.415  1.335 -0.018  1.489  0.044
   4 C    6  5.992  0.853  1.121  0.753  0.415  1.335 -0.018  1.489  0.044
   5 C    6  5.992  0.853  1.121  0.753  0.415  1.335 -0.018  1.489  0.044
   6 C    6  5.992  0.853  1.121  0.753  0.415  1.335 -0.018  1.489  0.044
   7 C    6  5.992  0.853  1.121  0.753  0.415  1.335 -0.018  1.489  0.044
   8 C    6  5.992  0.853  1.121  0.753  0.415  1.335 -0.018  1.489  0.044
   9 C    6  6.003  0.853  1.121  0.753  0.427  1.325 -0.026  1.508  0.043
  10 C    6  6.003  0.853  1.121  0.753  0.427  1.325 -0.026  1.508  0.043
  11 C    6  6.003  0.853  1.121  0.753  0.427  1.325 -0.026  1.508  0.043
  12 C    6  6.003  0.853  1.121  0.753  0.427  1.325 -0.026  1.508  0.043
  13 C    6  6.003  0.853  1.121  0.753  0.427  1.325 -0.026  1.508  0.043
  14 C    6  6.003  0.853  1.121  0.753  0.427  1.325 -0.026  1.508  0.043
  15 C    6  6.003  0.853  1.121  0.753  0.427  1.325 -0.026  1.508  0.043
  16 C    6  6.003  0.853  1.121  0.753  0.427  1.325 -0.026  1.508  0.043
  17 C    6  6.005  0.854  1.119  0.753  0.429  1.346 -0.044  1.499  0.049
  18 C    6  6.005  0.854  1.119  0.753  0.429  1.346 -0.044  1.499  0.049
  19 C    6  6.005  0.854  1.119  0.753  0.429  1.346 -0.044  1.499  0.049
  20 C    6  6.005  0.854  1.119  0.753  0.429  1.346 -0.044  1.499  0.049
  21 C    6  6.005  0.854  1.119  0.753  0.429  1.346 -0.044  1.499  0.049
  22 C    6  6.005  0.854  1.119  0.753  0.429  1.346 -0.044  1.499  0.049
  23 C    6  6.005  0.854  1.119  0.753  0.429  1.346 -0.044  1.499  0.049
  24 C    6  6.005  0.854  1.119  0.753  0.429  1.346 -0.044  1.499  0.049
  25 C    6  6.000  0.853  1.120  0.752  0.435  1.329 -0.032  1.496  0.045
  26 C    6  6.000  0.853  1.120  0.752  0.435  1.329 -0.032  1.496  0.045
  27 C    6  6.000  0.853  1.120  0.752  0.435  1.329 -0.032  1.496  0.045
  28 C    6  6.000  0.853  1.120  0.752  0.435  1.329 -0.032  1.496  0.045
  29 C    6  6.000  0.853  1.120  0.752  0.435  1.329 -0.032  1.496  0.045
  30 C    6  6.000  0.853  1.120  0.752  0.435  1.329 -0.032  1.496  0.045
  31 C    6  6.000  0.853  1.120  0.752  0.435  1.329 -0.032  1.496  0.045
  32 C    6  6.000  0.853  1.120  0.752  0.435  1.329 -0.032  1.496  0.045

 OVERLAP POPULATION CONDENSED TO ATOMS FOR FIRST   6 NEIGHBORS

 ATOM A   1 C    ATOM B     CELL      R(AB)/AU R(AB)/ANG    OVPOP(AB)
                 27 C    (  0  0  0)     2.900     1.534     0.321
                  2 C    (  0  0  0)     2.913     1.541     0.329
                  2 C    ( -1  0  0)     2.917     1.543     0.331
                 12 C    (  0  0  0)     2.957     1.565     0.333
                  1 C    ( -1  0  0)     4.688     2.481    -0.022
                 16 C    (  0  0  1)     4.719     2.497    -0.021

 ATOM A   9 C    ATOM B     CELL      R(AB)/AU R(AB)/ANG    OVPOP(AB)
                 10 C    (  0  0  0)     2.932     1.551     0.328
                 10 C    ( -1  0  0)     2.935     1.553     0.326
                 13 C    (  0 -1  0)     2.946     1.559     0.328
                  4 C    (  0 -1  0)     2.957     1.565     0.333
                 26 C    (  0  0  0)     4.645     2.458    -0.023
                  9 C    ( -1  0  0)     4.688     2.481    -0.021

 ATOM A  17 C    ATOM B     CELL      R(AB)/AU R(AB)/ANG    OVPOP(AB)
                 18 C    (  0  0  0)     2.825     1.495     0.304
                 19 C    (  0  0  0)     2.909     1.539     0.363
                 27 C    (  0  0  0)     2.988     1.581     0.313
                 20 C    (  0 -1  0)     4.159     2.201    -0.057
                 28 C    (  0  0  0)     4.263     2.256    -0.042
                 18 C    (  0  1  0)     4.399     2.328    -0.038

 ATOM A  25 C    ATOM B     CELL      R(AB)/AU R(AB)/ANG    OVPOP(AB)
                 26 C    (  0  0  0)     2.792     1.477     0.312
                  3 C    (  0  0  0)     2.900     1.534     0.321
                 19 C    (  0  0  0)     2.988     1.581     0.313
                 26 C    ( -1  0  0)     3.068     1.624     0.345
                 20 C    (  0 -1  0)     4.263     2.256    -0.042
                 17 C    ( -1  0  0)     4.461     2.361    -0.040
 TTTTTTTTTTTTTTTTTTTTTTTTTTTTTT AFTER FIRST TELAPSE     1712.40 TCPU     1681.29
 MMMMMMMMMMMMMMMMMMMMMMMMMMMMMMMMMMMMMMMMMMMMMMMMMMMMMMMMMMMMMMMMMMMMMMMMMMMMMMM
     ALPHA-BETA ELECTRONS
 MULLIKEN POPULATION ANALYSIS - NO. OF ELECTRONS    0.000000

  ATOM    Z CHARGE  A.O. POPULATION

   1 C    6 -0.000 -0.000  0.000  0.000 -0.000  0.000 -0.000 -0.000 -0.000
                   -0.000  0.000  0.000  0.000 -0.000  0.000 -0.000 -0.000
                    0.000  0.000
   2 C    6 -0.000 -0.000  0.000  0.000 -0.000  0.000 -0.000 -0.000 -0.000
                   -0.000  0.000  0.000  0.000 -0.000  0.000 -0.000 -0.000
                    0.000  0.000
   3 C    6 -0.000 -0.000  0.000  0.000 -0.000  0.000 -0.000 -0.000 -0.000
                   -0.000  0.000  0.000  0.000 -0.000  0.000 -0.000 -0.000
                    0.000  0.000
   4 C    6 -0.000 -0.000  0.000  0.000 -0.000  0.000 -0.000 -0.000 -0.000
                   -0.000  0.000  0.000  0.000 -0.000  0.000 -0.000 -0.000
                    0.000  0.000
   5 C    6 -0.000 -0.000  0.000  0.000 -0.000  0.000 -0.000 -0.000 -0.000
                   -0.000  0.000  0.000  0.000 -0.000  0.000 -0.000 -0.000
                    0.000  0.000
   6 C    6 -0.000 -0.000  0.000  0.000 -0.000  0.000 -0.000 -0.000 -0.000
                   -0.000  0.000  0.000  0.000 -0.000  0.000 -0.000 -0.000
                    0.000  0.000
   7 C    6 -0.000 -0.000  0.000  0.000 -0.000  0.000 -0.000 -0.000 -0.000
                   -0.000  0.000  0.000  0.000 -0.000  0.000 -0.000 -0.000
                    0.000  0.000
   8 C    6 -0.000 -0.000  0.000  0.000 -0.000  0.000 -0.000 -0.000 -0.000
                   -0.000  0.000  0.000  0.000 -0.000  0.000 -0.000 -0.000
                    0.000  0.000
   9 C    6  0.000  0.000 -0.000 -0.000  0.000  0.000 -0.000  0.000 -0.000
                    0.000  0.000 -0.000 -0.000 -0.000  0.000  0.000 -0.000
                    0.000  0.000
  10 C    6  0.000  0.000 -0.000 -0.000  0.000  0.000 -0.000  0.000 -0.000
                    0.000  0.000 -0.000 -0.000 -0.000  0.000  0.000 -0.000
                    0.000  0.000
  11 C    6  0.000  0.000 -0.000 -0.000  0.000  0.000 -0.000  0.000 -0.000
                    0.000  0.000 -0.000 -0.000 -0.000  0.000  0.000 -0.000
                    0.000  0.000
  12 C    6  0.000  0.000 -0.000 -0.000  0.000  0.000 -0.000  0.000 -0.000
                    0.000  0.000 -0.000 -0.000 -0.000  0.000  0.000 -0.000
                    0.000  0.000
  13 C    6  0.000  0.000 -0.000 -0.000  0.000  0.000 -0.000  0.000 -0.000
                    0.000  0.000 -0.000 -0.000 -0.000  0.000  0.000 -0.000
                    0.000  0.000
  14 C    6  0.000  0.000 -0.000 -0.000  0.000  0.000 -0.000  0.000 -0.000
                    0.000  0.000 -0.000 -0.000 -0.000  0.000  0.000 -0.000
                    0.000  0.000
  15 C    6  0.000  0.000 -0.000 -0.000  0.000  0.000 -0.000  0.000 -0.000
                    0.000  0.000 -0.000 -0.000 -0.000  0.000  0.000 -0.000
                    0.000  0.000
  16 C    6  0.000  0.000 -0.000 -0.000  0.000  0.000 -0.000  0.000 -0.000
                    0.000  0.000 -0.000 -0.000 -0.000  0.000  0.000 -0.000
                    0.000  0.000
  17 C    6  0.000 -0.000  0.000 -0.000  0.000 -0.000  0.000  0.000  0.000
                   -0.000 -0.000 -0.000 -0.000 -0.000 -0.000  0.000  0.000
                    0.000 -0.000
  18 C    6  0.000 -0.000  0.000 -0.000  0.000 -0.000  0.000  0.000  0.000
                   -0.000 -0.000 -0.000 -0.000 -0.000 -0.000  0.000  0.000
                    0.000 -0.000
  19 C    6  0.000 -0.000  0.000 -0.000  0.000 -0.000  0.000  0.000  0.000
                   -0.000 -0.000 -0.000 -0.000 -0.000 -0.000  0.000  0.000
                    0.000 -0.000
  20 C    6  0.000 -0.000  0.000 -0.000  0.000 -0.000  0.000  0.000  0.000
                   -0.000 -0.000 -0.000 -0.000 -0.000 -0.000  0.000  0.000
                    0.000 -0.000
  21 C    6  0.000 -0.000  0.000 -0.000  0.000 -0.000  0.000  0.000  0.000
                   -0.000 -0.000 -0.000 -0.000 -0.000 -0.000  0.000  0.000
                    0.000 -0.000
  22 C    6  0.000 -0.000  0.000 -0.000  0.000 -0.000  0.000  0.000  0.000
                   -0.000 -0.000 -0.000 -0.000 -0.000 -0.000  0.000  0.000
                    0.000 -0.000
  23 C    6  0.000 -0.000  0.000 -0.000  0.000 -0.000  0.000  0.000  0.000
                   -0.000 -0.000 -0.000 -0.000 -0.000 -0.000  0.000  0.000
                    0.000 -0.000
  24 C    6  0.000 -0.000  0.000 -0.000  0.000 -0.000  0.000  0.000  0.000
                   -0.000 -0.000 -0.000 -0.000 -0.000 -0.000  0.000  0.000
                    0.000 -0.000
  25 C    6  0.000  0.000 -0.000 -0.000  0.000 -0.000  0.000 -0.000 -0.000
                   -0.000 -0.000 -0.000  0.000 -0.000  0.000 -0.000  0.000
                   -0.000 -0.000
  26 C    6  0.000  0.000 -0.000 -0.000  0.000 -0.000  0.000 -0.000 -0.000
                   -0.000 -0.000 -0.000  0.000 -0.000  0.000 -0.000  0.000
                   -0.000 -0.000
  27 C    6  0.000  0.000 -0.000 -0.000  0.000 -0.000  0.000 -0.000 -0.000
                   -0.000 -0.000 -0.000  0.000 -0.000  0.000 -0.000  0.000
                   -0.000 -0.000
  28 C    6  0.000  0.000 -0.000 -0.000  0.000 -0.000  0.000 -0.000 -0.000
                   -0.000 -0.000 -0.000  0.000 -0.000  0.000 -0.000  0.000
                   -0.000 -0.000
  29 C    6  0.000  0.000 -0.000 -0.000  0.000 -0.000  0.000 -0.000 -0.000
                   -0.000 -0.000 -0.000  0.000 -0.000  0.000 -0.000  0.000
                   -0.000 -0.000
  30 C    6  0.000  0.000 -0.000 -0.000  0.000 -0.000  0.000 -0.000 -0.000
                   -0.000 -0.000 -0.000  0.000 -0.000  0.000 -0.000  0.000
                   -0.000 -0.000
  31 C    6  0.000  0.000 -0.000 -0.000  0.000 -0.000  0.000 -0.000 -0.000
                   -0.000 -0.000 -0.000  0.000 -0.000  0.000 -0.000  0.000
                   -0.000 -0.000
  32 C    6  0.000  0.000 -0.000 -0.000  0.000 -0.000  0.000 -0.000 -0.000
                   -0.000 -0.000 -0.000  0.000 -0.000  0.000 -0.000  0.000
                   -0.000 -0.000

  ATOM    Z CHARGE  SHELL POPULATION

   1 C    6 -0.000 -0.000  0.000  0.000 -0.000 -0.000 -0.000  0.000  0.000
   2 C    6 -0.000 -0.000  0.000  0.000 -0.000 -0.000 -0.000  0.000  0.000
   3 C    6 -0.000 -0.000  0.000  0.000 -0.000 -0.000 -0.000  0.000  0.000
   4 C    6 -0.000 -0.000  0.000  0.000 -0.000 -0.000 -0.000  0.000  0.000
   5 C    6 -0.000 -0.000  0.000  0.000 -0.000 -0.000 -0.000  0.000  0.000
   6 C    6 -0.000 -0.000  0.000  0.000 -0.000 -0.000 -0.000  0.000  0.000
   7 C    6 -0.000 -0.000  0.000  0.000 -0.000 -0.000 -0.000  0.000  0.000
   8 C    6 -0.000 -0.000  0.000  0.000 -0.000 -0.000 -0.000  0.000  0.000
   9 C    6  0.000  0.000 -0.000 -0.000  0.000  0.000  0.000 -0.000  0.000
  10 C    6  0.000  0.000 -0.000 -0.000  0.000  0.000  0.000 -0.000  0.000
  11 C    6  0.000  0.000 -0.000 -0.000  0.000  0.000  0.000 -0.000  0.000
  12 C    6  0.000  0.000 -0.000 -0.000  0.000  0.000  0.000 -0.000  0.000
  13 C    6  0.000  0.000 -0.000 -0.000  0.000  0.000  0.000 -0.000  0.000
  14 C    6  0.000  0.000 -0.000 -0.000  0.000  0.000  0.000 -0.000  0.000
  15 C    6  0.000  0.000 -0.000 -0.000  0.000  0.000  0.000 -0.000  0.000
  16 C    6  0.000  0.000 -0.000 -0.000  0.000  0.000  0.000 -0.000  0.000
  17 C    6  0.000 -0.000  0.000 -0.000  0.000  0.000 -0.000 -0.000 -0.000
  18 C    6  0.000 -0.000  0.000 -0.000  0.000  0.000 -0.000 -0.000 -0.000
  19 C    6  0.000 -0.000  0.000 -0.000  0.000  0.000 -0.000 -0.000 -0.000
  20 C    6  0.000 -0.000  0.000 -0.000  0.000  0.000 -0.000 -0.000 -0.000
  21 C    6  0.000 -0.000  0.000 -0.000  0.000  0.000 -0.000 -0.000 -0.000
  22 C    6  0.000 -0.000  0.000 -0.000  0.000  0.000 -0.000 -0.000 -0.000
  23 C    6  0.000 -0.000  0.000 -0.000  0.000  0.000 -0.000 -0.000 -0.000
  24 C    6  0.000 -0.000  0.000 -0.000  0.000  0.000 -0.000 -0.000 -0.000
  25 C    6  0.000  0.000 -0.000 -0.000  0.000 -0.000 -0.000  0.000  0.000
  26 C    6  0.000  0.000 -0.000 -0.000  0.000 -0.000 -0.000  0.000  0.000
  27 C    6  0.000  0.000 -0.000 -0.000  0.000 -0.000 -0.000  0.000  0.000
  28 C    6  0.000  0.000 -0.000 -0.000  0.000 -0.000 -0.000  0.000  0.000
  29 C    6  0.000  0.000 -0.000 -0.000  0.000 -0.000 -0.000  0.000  0.000
  30 C    6  0.000  0.000 -0.000 -0.000  0.000 -0.000 -0.000  0.000  0.000
  31 C    6  0.000  0.000 -0.000 -0.000  0.000 -0.000 -0.000  0.000  0.000
  32 C    6  0.000  0.000 -0.000 -0.000  0.000 -0.000 -0.000  0.000  0.000

 OVERLAP POPULATION CONDENSED TO ATOMS FOR FIRST   6 NEIGHBORS

 ATOM A   1 C    ATOM B     CELL      R(AB)/AU R(AB)/ANG    OVPOP(AB)
                 27 C    (  0  0  0)     2.900     1.534     0.000
                  2 C    (  0  0  0)     2.913     1.541     0.000
                  2 C    ( -1  0  0)     2.917     1.543    -0.000
                 12 C    (  0  0  0)     2.957     1.565     0.000
                  1 C    ( -1  0  0)     4.688     2.481    -0.000
                 16 C    (  0  0  1)     4.719     2.497     0.000

 ATOM A   9 C    ATOM B     CELL      R(AB)/AU R(AB)/ANG    OVPOP(AB)
                 10 C    (  0  0  0)     2.932     1.551    -0.000
                 10 C    ( -1  0  0)     2.935     1.553     0.000
                 13 C    (  0 -1  0)     2.946     1.559     0.000
                  4 C    (  0 -1  0)     2.957     1.565     0.000
                 26 C    (  0  0  0)     4.645     2.458    -0.000
                  9 C    ( -1  0  0)     4.688     2.481    -0.000

 ATOM A  17 C    ATOM B     CELL      R(AB)/AU R(AB)/ANG    OVPOP(AB)
                 18 C    (  0  0  0)     2.825     1.495    -0.000
                 19 C    (  0  0  0)     2.909     1.539     0.000
                 27 C    (  0  0  0)     2.988     1.581    -0.000
                 20 C    (  0 -1  0)     4.159     2.201     0.000
                 28 C    (  0  0  0)     4.263     2.256     0.000
                 18 C    (  0  1  0)     4.399     2.328    -0.000

 ATOM A  25 C    ATOM B     CELL      R(AB)/AU R(AB)/ANG    OVPOP(AB)
                 26 C    (  0  0  0)     2.792     1.477     0.000
                  3 C    (  0  0  0)     2.900     1.534     0.000
                 19 C    (  0  0  0)     2.988     1.581    -0.000
                 26 C    ( -1  0  0)     3.068     1.624    -0.000
                 20 C    (  0 -1  0)     4.263     2.256     0.000
                 17 C    ( -1  0  0)     4.461     2.361     0.000
 EIGENVECTORS IN FORTRAN UNIT  8
 TTTTTTTTTTTTTTTTTTTTTTTTTTTTTT END         TELAPSE     1713.33 TCPU     1682.14
 EEEEEEEEEE TERMINATION  DATE 30 01 2026 TIME 21:49:47.7
NODE    0 CPU TIME =      1682.139
NODE    1 CPU TIME =      1694.768
NODE    2 CPU TIME =      1684.754
NODE    3 CPU TIME =      1683.496
NODE    4 CPU TIME =      1693.322
NODE    5 CPU TIME =      1689.491
NODE    6 CPU TIME =      1696.320
NODE    7 CPU TIME =      1692.478
NODE    8 CPU TIME =      1695.995
NODE    9 CPU TIME =      1687.873
NODE   10 CPU TIME =      1690.982
NODE   11 CPU TIME =      1683.553
NODE   12 CPU TIME =      1683.417
NODE   13 CPU TIME =      1692.457
NODE   14 CPU TIME =      1693.183
NODE   15 CPU TIME =      1683.547
NODE   16 CPU TIME =      1684.168
NODE   17 CPU TIME =      1691.831
NODE   18 CPU TIME =      1696.029
NODE   19 CPU TIME =      1684.693
NODE   20 CPU TIME =      1694.257
NODE   21 CPU TIME =      1689.389
NODE   22 CPU TIME =      1689.649
NODE   23 CPU TIME =      1692.618
NODE   24 CPU TIME =      1690.281
NODE   25 CPU TIME =      1688.559
NODE   26 CPU TIME =      1693.988
NODE   27 CPU TIME =      1689.313
NODE   28 CPU TIME =      1690.737
NODE   29 CPU TIME =      1690.117
NODE   30 CPU TIME =      1692.493
NODE   31 CPU TIME =      1690.255
    TOTAL CPU TIME =     54076.152
