MPI startup(): Warning: I_MPI_PMI_LIBRARY will be ignored since the hydra process manager was found
MPI startup(): Warning: I_MPI_PMI_LIBRARY will be ignored since the hydra process manager was found
MPI startup(): Warning: I_MPI_PMI_LIBRARY will be ignored since the hydra process manager was found
MPI startup(): Warning: I_MPI_PMI_LIBRARY will be ignored since the hydra process manager was found
MPI startup(): Warning: I_MPI_PMI_LIBRARY will be ignored since the hydra process manager was found
MPI startup(): Warning: I_MPI_PMI_LIBRARY will be ignored since the hydra process manager was found
MPI startup(): Warning: I_MPI_PMI_LIBRARY will be ignored since the hydra process manager was found
MPI startup(): Warning: I_MPI_PMI_LIBRARY will be ignored since the hydra process manager was found
MPI startup(): Warning: I_MPI_PMI_LIBRARY will be ignored since the hydra process manager was found
MPI startup(): Warning: I_MPI_PMI_LIBRARY will be ignored since the hydra process manager was found
MPI startup(): Warning: I_MPI_PMI_LIBRARY will be ignored since the hydra process manager was found
MPI startup(): Warning: I_MPI_PMI_LIBRARY will be ignored since the hydra process manager was found
MPI startup(): Warning: I_MPI_PMI_LIBRARY will be ignored since the hydra process manager was found
MPI startup(): Warning: I_MPI_PMI_LIBRARY will be ignored since the hydra process manager was found
MPI startup(): Warning: I_MPI_PMI_LIBRARY will be ignored since the hydra process manager was found
MPI startup(): Warning: I_MPI_PMI_LIBRARY will be ignored since the hydra process manager was found
MPI startup(): Warning: I_MPI_PMI_LIBRARY will be ignored since the hydra process manager was found
MPI startup(): Warning: I_MPI_PMI_LIBRARY will be ignored since the hydra process manager was found
MPI startup(): Warning: I_MPI_PMI_LIBRARY will be ignored since the hydra process manager was found
MPI startup(): Warning: I_MPI_PMI_LIBRARY will be ignored since the hydra process manager was found
MPI startup(): Warning: I_MPI_PMI_LIBRARY will be ignored since the hydra process manager was found
MPI startup(): Warning: I_MPI_PMI_LIBRARY will be ignored since the hydra process manager was found
MPI startup(): Warning: I_MPI_PMI_LIBRARY will be ignored since the hydra process manager was found
MPI startup(): Warning: I_MPI_PMI_LIBRARY will be ignored since the hydra process manager was found
MPI startup(): Warning: I_MPI_PMI_LIBRARY will be ignored since the hydra process manager was found
MPI startup(): Warning: I_MPI_PMI_LIBRARY will be ignored since the hydra process manager was found
MPI startup(): Warning: I_MPI_PMI_LIBRARY will be ignored since the hydra process manager was found
MPI startup(): Warning: I_MPI_PMI_LIBRARY will be ignored since the hydra process manager was found
MPI startup(): Warning: I_MPI_PMI_LIBRARY will be ignored since the hydra process manager was found
MPI startup(): Warning: I_MPI_PMI_LIBRARY will be ignored since the hydra process manager was found
MPI startup(): Warning: I_MPI_PMI_LIBRARY will be ignored since the hydra process manager was found
MPI startup(): Warning: I_MPI_PMI_LIBRARY will be ignored since the hydra process manager was found
 PROCESS           22  OF           32  WORKING
 PROCESS           29  OF           32  WORKING
 PROCESS            3  OF           32  WORKING
 PROCESS           11  OF           32  WORKING
 PROCESS           14  OF           32  WORKING
 PROCESS           15  OF           32  WORKING
 PROCESS           16  OF           32  WORKING
 PROCESS            2  OF           32  WORKING
 PROCESS            4  OF           32  WORKING
 PROCESS            6  OF           32  WORKING
 PROCESS           13  OF           32  WORKING
 PROCESS            1  OF           32  WORKING
 PROCESS            7  OF           32  WORKING
 PROCESS           10  OF           32  WORKING
 PROCESS           27  OF           32  WORKING
 PROCESS           19  OF           32  WORKING
 PROCESS           26  OF           32  WORKING
 PROCESS           20  OF           32  WORKING
 PROCESS           17  OF           32  WORKING
 PROCESS           25  OF           32  WORKING
 PROCESS            5  OF           32  WORKING
 PROCESS           12  OF           32  WORKING
 PROCESS           28  OF           32  WORKING
 PROCESS            8  OF           32  WORKING
 PROCESS           23  OF           32  WORKING
 PROCESS           24  OF           32  WORKING
 PROCESS            0  OF           32  WORKING
 PROCESS           31  OF           32  WORKING
 PROCESS           18  OF           32  WORKING
 PROCESS           21  OF           32  WORKING
 PROCESS           30  OF           32  WORKING

         
 *******************************************************************************
 *                                                                             *
 *                               CRYSTAL23                                     *
 *                      public : 1.0.1 - October 2022                          *
 *                       HTTP://WWW.CRYSTAL.UNITO.IT                           *
 *                                                                             *
 *                              MAIN AUTHORS                                   *
 *                                                                             *
 *  R. DOVESI(1,11), V.R. SAUNDERS(2), C. ROETTI(1,11), R. ORLANDO(1,11),      *
 *  C.M. ZICOVICH-WILSON(1,3), F. PASCALE(4), B. CIVALLERI(1,11),              *
 *  K. DOLL(5), N.M. HARRISON(6), I.J. BUSH(7), Ph. D'ARCO(8),                 *
 *  M. LLUNELL(9), M. CAUSA'(10), Y. NOEL(8), L. MASCHIO(1,11), A. ERBA(1,11)  *
 *  M. RE'RAT(14), S. CASASSA(1,11), B.G. SEARLE(2), J.K. DESMARAIS(1)         *
 *                                                                             *
 *        CONTRIBUTIONS TO THE CODE HAVE ALSO BEEN GIVEN BY                    *
 *                                                                             *
 *  M. FERRABONE(1,11), M. DE LA PIERRE(1,11), M. FERRERO(1,11),               *
 *  J. BAIMA(1,11), E. ALBANESE(1,11), M.F. PEINTINGER(12), R. BAST(13),       *
 *  B. KIRTMAN(15), V. LACIVITA(1,11), R. DEMICHELIS(1,16)                     *
 *  G. BRANDEBURG(17), S. SALUSTRO(1,11), G. SANSONE(1,11)                     *
 *  M.T. RUGGIERO(18), L.E. DAGA(1), L. DONA'(1), A. COSSARD(1)                *
 *                                                                             *
 * (1) THEORETICAL CHEMISTRY GROUP - UNIVERSITA' DI TORINO - TORINO (ITALY)    *
 * (2) SCIENTIFIC COMPUTING DEPARTMENT - STFC DARESBURY (UK)                   *
 * (3) UNIVERSIDAD AUTONOMA DEL ESTADO DE MORELOS - CUERNAVACA (MEXICO)        *
 * (4) UNIVERSITE' DE LORRAINE - NANCY (FRANCE)                                *
 * (5) UNIVERSITAET STUTTGART- STUTTGART (GERMANY)                             *
 * (6) IMPERIAL COLLEGE - LONDON (UK)                                          *
 * (7) SCIENTIFIC COMPUTING DEPARTMENT - STFC RAL (UK)                         *
 * (8) UPMC - SORBONNE UNIVERSITES - PARIS (FRANCE)                            *
 * (9) UNIVERSIDAD DE BARCELONA - BARCELONA (SPAIN)                            *
 *(10) UNIVERSITA' DI NAPOLI "FEDERICO II" - NAPOLI (ITALY)                    *
 *(11) NIS - NANOSTRUCTURED INTERFACES AND SURFACES - TORINO (ITALY)           *
 *(12) MPI FUER CHEMISCHE ENERGIEKONVERSION - MUELHEIM AN DER RUHR (GERMANY)   *
 *(13) UNIVERSITY OF TROMSO - TROMSO (NORWAY)                                  *
 *(14) UNIVERSITE' DE PAU ET DES PAYS DE L'ADOUR - PAU (FRANCE)                *
 *(15) UNIVERSITY OF CALIFORNIA SANTA BARBARA - SANTA BARBARA (USA)            *
 *(16) CURTIN UNIVERSITY - PERTH (AUSTRALIA)                                   *
 *(17) UNIVERSITY COLLEGE LONDON - LONDON (UK)                                 *
 *(18) UNIVERSITY OF VERMONT - BURLINGTON (USA)                                *
 *                                                                             *
 *******************************************************************************
 EEEEEEEEEE STARTING  DATE 13 01 2026 TIME 23:31:08.6
 ./BiI_bulk_sym_PBE_opt_sp_PBE-D3-D3_optimized                                   
 PROCESS            9  OF           32  WORKING

 CRYSTAL CALCULATION
 (INPUT ACCORDING TO THE INTERNATIONAL TABLES FOR X-RAY CRYSTALLOGRAPHY)
 CRYSTAL FAMILY                       :  MONOCLINIC  
 CRYSTAL CLASS  (GROTH - 1921)        :  MONOCLINIC PRISMATIC                 

 SPACE GROUP (CENTROSYMMETRIC)        :  C 2/M           

 LATTICE PARAMETERS  (ANGSTROMS AND DEGREES) - CONVENTIONAL CELL
        A           B           C        ALPHA        BETA       GAMMA
    13.78759     4.33354    19.34701    90.00000    93.27367    90.00000


 NUMBER OF IRREDUCIBLE ATOMS IN THE CONVENTIONAL CELL:    8

 INPUT COORDINATES

 ATOM AT. N.              COORDINATES
   1 253     1.469999178233E-01  5.000000000000E-01  5.174050141443E-02
   2 253    -1.404720078787E-01  5.000000000000E-01  1.498111270749E-01
   3 253     1.063517103316E-01 -1.928046446535E-18  4.418395702668E-01
   4 253    -1.002727009504E-01  5.000000000000E-01  3.594668621582E-01
   5 283     5.269608330489E-02  2.373421979398E-18  2.523497679670E-01
   6 283     1.993814579137E-01  5.000000000000E-01  2.383675545739E-01
   7 283     6.907367387682E-04 -8.684430928409E-19  9.812837757593E-02
   8 283    -2.490362607807E-01  5.000000000000E-01 -3.917950456796E-01

 *******************************************************************************

 << INFORMATION >>: FROM NOW ON, ALL COORDINATES REFER TO THE PRIMITIVE CELL

 *******************************************************************************

 LATTICE PARAMETERS  (ANGSTROMS AND DEGREES) - PRIMITIVE CELL
       A          B          C        ALPHA      BETA     GAMMA        VOLUME
    7.22629    7.22629   19.34701    86.87712  93.12288 145.10338    577.039409

 COORDINATES OF THE EQUIVALENT ATOMS (FRACTIONAL UNITS)

 N. ATOM EQUIV AT. N.          X                  Y                  Z

   1   1   1  253 I    -3.53000082177E-01  3.53000082177E-01  5.17405014144E-02
   2   1   2  253 I     3.53000082177E-01 -3.53000082177E-01 -5.17405014144E-02

   3   2   1  253 I     3.59527992121E-01 -3.59527992121E-01  1.49811127075E-01
   4   2   2  253 I    -3.59527992121E-01  3.59527992121E-01 -1.49811127075E-01

   5   3   1  253 I     1.06351710332E-01 -1.06351710332E-01  4.41839570267E-01
   6   3   2  253 I    -1.06351710332E-01  1.06351710332E-01 -4.41839570267E-01

   7   4   1  253 I     3.99727299050E-01 -3.99727299050E-01  3.59466862158E-01
   8   4   2  253 I    -3.99727299050E-01  3.99727299050E-01 -3.59466862158E-01

   9   5   1  283 BI    5.26960833049E-02 -5.26960833049E-02  2.52349767967E-01
  10   5   2  283 BI   -5.26960833049E-02  5.26960833049E-02 -2.52349767967E-01

  11   6   1  283 BI   -3.00618542086E-01  3.00618542086E-01  2.38367554574E-01
  12   6   2  283 BI    3.00618542086E-01 -3.00618542086E-01 -2.38367554574E-01

  13   7   1  283 BI    6.90736738768E-04 -6.90736738768E-04  9.81283775759E-02
  14   7   2  283 BI   -6.90736738768E-04  6.90736738768E-04 -9.81283775759E-02

  15   8   1  283 BI    2.50963739219E-01 -2.50963739219E-01 -3.91795045680E-01
  16   8   2  283 BI   -2.50963739219E-01  2.50963739219E-01  3.91795045680E-01

 NUMBER OF SYMMETRY OPERATORS         :    4
 *******************************************************************************
 * GEOMETRY EDITING - INPUT COORDINATES ARE GIVEN IN ANGSTROM         
 *******************************************************************************

 GEOMETRY NOW FULLY CONSISTENT WITH THE GROUP


 *******************************************************************************
  * CELL ROTATION 
 *******************************************************************************

 DIRECT-LATTICE FUNDAMENTAL VECTORS 
             X         Y         Z
 A1       6.8938    2.1668    0.0000
 A2      -6.8938    2.1668    0.0000
 A3      -1.1048    0.0000   19.3154
 **********************************************************************
 *            DEFINITION OF THE NEW LATTICE VECTORS                   *
 *            TWO OF WHICH BELONG TO THE SELECTED PLANE               *
 **********************************************************************

                       PLANE INDICES =   0   0   1

 NEW FUNDAMENTAL DIRECT-LATTICE VECTORS B1,B2,B3
 B1=      1 A1    1 A2    0 A3 
 B2=     -1 A1    0 A2    0 A3 
 B3=      0 A1    0 A2    1 A3 

 LATTICE PARAMETERS  (ANGSTROM  AND DEGREES)
        A           B           C        ALPHA        BETA       GAMMA
     4.33354     7.22629    19.34701    86.87712    90.00000   107.44831

 NUMBER OF PRIMITIVE CELLS CONTAINED IN THE NEW FUNDAMENTAL CELL :  1

 *** THE CARTESIAN FRAME IS ROTATED SO THAT
     THE SELECTED PLANE IS IN THE X-Y PLANE

 NEW FUNDAMENTAL DIRECT-LATTICE VECTORS B1,B2,B3
             X         Y         Z
 B1       4.3335    0.0000    0.0000
 B2      -2.1668    6.8938    0.0000
 B3       0.0000    1.1048   19.3154

 VOLUME OF THE 3D CELL     577.039
 AREA OF THE 2D CELL        29.875
 B3 MODULUS                 19.347
 B3 Z PROJECTION            19.315
 B3 X-Y PROJECTION           1.105

 UNIT CELL ATOM COORDINATES :
 LAB AT.NO.       CARTESIAN (ANG)               CRYSTALLOGRAPHIC
   1 253       2.167    -1.970     0.999     0.353000  -0.294000   0.051741
   2 253      -2.167     3.074    18.316    -0.353000   0.294000   0.948259
   3 253      -2.167     2.102     2.894    -0.359528   0.280944   0.149811
   4 253       2.167    -0.997    16.422     0.359528  -0.280944   0.850189
   5 253       0.000    -0.978     8.534    -0.106352  -0.212703   0.441840
   6 253       0.000     2.083    10.781     0.106352   0.212703   0.558160
   7 253      -2.167     1.780     6.943    -0.399727   0.200545   0.359467
   8 253       2.167    -0.675    12.372     0.399727  -0.200545   0.640533
   9 283       0.000    -0.448     4.874    -0.052696  -0.105392   0.252350
  10 283       0.000     1.553    14.441     0.052696   0.105392   0.747650
  11 283       2.167    -2.486     4.604     0.300619  -0.398763   0.238368
  12 283      -2.167     3.590    14.711    -0.300619   0.398763   0.761632
  13 283       0.000     0.099     1.895    -0.000691  -0.001381   0.098128
  14 283       0.000     1.006    17.420     0.000691   0.001381   0.901872
  15 283      -2.167     4.106    11.748    -0.250964   0.498073   0.608205
  16 283       2.167    -3.001     7.568     0.250964  -0.498073   0.391795
   1 253       2.167    -1.970     0.999     0.353000  -0.294000   0.051741
   2 253      -2.167     3.074    18.316    -0.353000   0.294000   0.948259
   3 253      -2.167     2.102     2.894    -0.359528   0.280944   0.149811
   4 253       2.167    -0.997    16.422     0.359528  -0.280944   0.850189
   5 253       0.000    -0.978     8.534    -0.106352  -0.212703   0.441840
   6 253       0.000     2.083    10.781     0.106352   0.212703   0.558160
   7 253      -2.167     1.780     6.943    -0.399727   0.200545   0.359467
   8 253       2.167    -0.675    12.372     0.399727  -0.200545   0.640533
   9 283       0.000    -0.448     4.874    -0.052696  -0.105392   0.252350
  10 283       0.000     1.553    14.441     0.052696   0.105392   0.747650
  11 283       2.167    -2.486     4.604     0.300619  -0.398763   0.238368
  12 283      -2.167     3.590    14.711    -0.300619   0.398763   0.761632
  13 283       0.000     0.099     1.895    -0.000691  -0.001381   0.098128
  14 283       0.000     1.006    17.420     0.000691   0.001381   0.901872
  15 283      -2.167     4.106    11.748    -0.250964   0.498073   0.608205
  16 283       2.167    -3.001     7.568     0.250964  -0.498073   0.391795

 ATOMS CLASSIFIED ACCORDING TO THE Z COORDINATE :
  LAYER   1 Z=  18.3160; LABEL AT.NO.              X,Y,Z (ANG.)
                           2   253       -2.16677     3.07442    18.31605
  LAYER   2 Z=  17.4200; LABEL AT.NO.              X,Y,Z (ANG.)
                          14   283        0.00000     1.00592    17.42005
  LAYER   3 Z=  16.4218; LABEL AT.NO.              X,Y,Z (ANG.)
                           4   253        2.16677    -0.99747    16.42177
  LAYER   4 Z=  14.7113; LABEL AT.NO.              X,Y,Z (ANG.)
                          12   283       -2.16677     3.59045    14.71126
  LAYER   5 Z=  14.4412; LABEL AT.NO.              X,Y,Z (ANG.)
                          10   283        0.00000     1.55257    14.44119
  LAYER   6 Z=  12.3722; LABEL AT.NO.              X,Y,Z (ANG.)
                           8   253        2.16677    -0.67485    12.37218
  LAYER   7 Z=  11.7477; LABEL AT.NO.              X,Y,Z (ANG.)
                          15   283       -2.16677     4.10556    11.74775
  LAYER   8 Z=  10.7811; LABEL AT.NO.              X,Y,Z (ANG.)
                           6   253        0.00000     2.08300    10.78111
  LAYER   9 Z=   8.5343; LABEL AT.NO.              X,Y,Z (ANG.)
                           5   253        0.00000    -0.97818     8.53432
  LAYER  10 Z=   7.5677; LABEL AT.NO.              X,Y,Z (ANG.)
                          16   283        2.16677    -3.00075     7.56769
  LAYER  11 Z=   6.9433; LABEL AT.NO.              X,Y,Z (ANG.)
                           7   253       -2.16677     1.77966     6.94326
  LAYER  12 Z=   4.8742; LABEL AT.NO.              X,Y,Z (ANG.)
                           9   283        0.00000    -0.44775     4.87425
  LAYER  13 Z=   4.6042; LABEL AT.NO.              X,Y,Z (ANG.)
                          11   283        2.16677    -2.48564     4.60417
  LAYER  14 Z=   2.8937; LABEL AT.NO.              X,Y,Z (ANG.)
                           3   253       -2.16677     2.10228     2.89367
  LAYER  15 Z=   1.8954; LABEL AT.NO.              X,Y,Z (ANG.)
                          13   283        0.00000     0.09889     1.89539
  LAYER  16 Z=   0.9994; LABEL AT.NO.              X,Y,Z (ANG.)
                           1   253        2.16677    -1.96961     0.99939

 *************************** CELL ROTATION COMPLETE ***************************


 *******************************************************************************
 * TWO DIMENSIONAL SLAB PARALLEL TO THE SELECTED PLANE
 *******************************************************************************
         SURFACE LAYER NO.  5
         TOTAL NUMBER OF LAYERS:   8

 ORIGIN SHIFT TO MAXIMIZE USE OF SYMMETRY=     0.500

 NUMBER OF SYMMOPS=  4

 COORDINATES OF THE ATOMS BELONGING TO THE SLAB
 LAB AT.N.     CARTESIAN (ANG)        FRACTIONAL (3D)      FRAC (2D)     Z(ANG)
   1 283  0.00000  1.00016  4.78347  0.053  0.105  0.248  0.073  0.145   4.78347
   2 253  2.16677 -1.22726  2.71446  0.400 -0.201  0.141  0.411 -0.178   2.71446
   3 283 -0.00000 -3.34064  2.09003 -0.251  0.498  0.108 -0.242 -0.485   2.09003
   4 253  0.00000  1.53059  1.12339  0.106  0.213  0.058  0.111  0.222   1.12339
   5 253  0.00000 -1.53059 -1.12339 -0.106 -0.213 -0.058 -0.111 -0.222  -1.12339
   6 283 -0.00000  3.34064 -2.09003  0.251 -0.498 -0.108  0.242  0.485  -2.09003
   7 253 -2.16677  1.22726 -2.71446 -0.400  0.201 -0.141 -0.411  0.178  -2.71446
   8 283 -0.00000 -1.00016 -4.78347 -0.053 -0.105 -0.248 -0.073 -0.145  -4.78347


 ******************************* SLAB GENERATED *******************************
 INFORMATION **** NEW DEFAULT **** FINALRUN 4 FOR GEOMETRY OPTIMIZATIONS
 INFORMATION **** NEW DEFAULT **** OPTGEOM OPTIMIZES BOTH ATOMIC COORDINATES AND CELL PARAMETERS
 INFORMATION **** NEW DEFAULT **** TOL. ON ATOMIC DISP TO REDEFINE REF. GEOMETRY: 0.8 Angs
 INFORMATION **** NEW DEFAULT **** N POINTS TO REDEFINE REF. GEOMETRY: N OF OPT DEGS OF FREEDOM
 INFORMATION **** NEW DEFAULT **** TOL. ON ENERGY TO REDEFINE REF. GEOMETRY: 10**-3*(5*N. ATOMS)
 INFORMATION **** FULLOPTG **** FULL OPTIMIZATION (ATOMS AND CELL PARAMETERS)
 INFORMATION **** MAXTRADIUS **** MAX ALLOWED TRUST RADIUS  5.000000E-01
 INFORMATION **** MAXCYCLE ****   MAXIMUM NUMBER OF OPTIMIZATION CYCLES         800

 IMPORTANT INFORMATION:
 THE COORDINATE SYSTEM ADOPTED IN THE OPTIMIZATION IS NOT IN
 GENERAL HOMOGENEOUS UNITS. FOR THIS REASON THE GRADIENT AND 
 HESSIAN MATRIX IN TERMS OF THIS SYSTEM ARE GIVEN WITHOUT
 UNITS. FOR MORE DETAILS SEE THE MANUAL.

 *******************************************************************************
 COMBINED CELL/ATOM OPTIMIZATION CONTROL

 INITIAL TRUST RADIUS         0.50000 MAXIMUM TRUST RADIUS               0.50000
 MAXIMUM GRADIENT COMPONENT   0.00045 MAXIMUM DISPLACEMENT COMPONENT     0.00180
 R.M.S. OF GRADIENT COMPONENT 0.00030 R.M.S. OF DISPLACEMENT COMPONENTS  0.00120
 THRESHOLD ON ENERGY CHANGE 0.100E-06 EXTRAPOLATING POLYNOMIAL ORDER           2
 MAXIMUM ALLOWED NUMBER OF STEPS  800 SORTING OF ENERGY POINTS:               NO
 ANALYTICAL  GRADIENT                 HESSIAN UPDATING                      BFGS
 STEP SIZE NUMERICAL GRADIENT 0.00100
 INITIAL HESSIAN MATRIX: SCHLEGEL MODEL 2
 *******************************************************************************


 GCALCO - MAX INDICES DIRECT LATTICE VECTOR   108    64     0
 NO.OF VECTORS CREATED 6999 STARS 1789 RMAX   487.21582 BOHR

 GEOMETRY FOR WAVE FUNCTION - DIMENSIONALITY OF THE SYSTEM    2
 (NON PERIODIC DIRECTION: LATTICE PARAMETER FORMALLY SET TO 500)
 *******************************************************************************
 LATTICE PARAMETERS (ANGSTROMS AND DEGREES) - BOHR = 0.5291772083 ANGSTROM
 PRIMITIVE CELL
         A              B              C           ALPHA      BETA       GAMMA 
     4.33353841     7.22629058   500.00000000    90.000000  90.000000 107.448311
 *******************************************************************************
 ATOMS IN THE ASYMMETRIC UNIT    4 - ATOMS IN THE UNIT CELL:    8
     ATOM                 X/A                 Y/B             Z(ANGSTROM)
 *******************************************************************************
      1 T 283 BI    7.254056381585E-02  1.450811276317E-01  4.783472734743E+00
      2 T 253 I     4.109883711356E-01 -1.780232577287E-01  2.714459129215E+00
      3 T 283 BI   -2.422931593875E-01 -4.845863187750E-01  2.090026100548E+00
      4 T 253 I     1.110121683690E-01  2.220243367381E-01  1.123394182133E+00
      5 F 253 I    -1.110121683690E-01 -2.220243367381E-01 -1.123394182133E+00
      6 F 283 BI    2.422931593875E-01  4.845863187750E-01 -2.090026100548E+00
      7 F 253 I    -4.109883711356E-01  1.780232577287E-01 -2.714459129215E+00
      8 F 283 BI   -7.254056381585E-02 -1.450811276317E-01 -4.783472734743E+00

 T = ATOM BELONGING TO THE ASYMMETRIC UNIT

 ****    4 SYMMOPS - TRANSLATORS IN FRACTIONAL UNITS
 **** MATRICES AND TRANSLATORS IN THE CRYSTALLOGRAPHIC REFERENCE FRAME
   V INV                    ROTATION MATRICES                   TRANSLATORS
   1   1  1.00  0.00  0.00  0.00  1.00  0.00  0.00  0.00  1.00  0.00  0.00  0.00
   2   2  1.00 -1.00 -0.00  0.00 -1.00  0.00  0.00  0.00 -1.00  0.00  0.00  0.00
   3   3 -1.00 -0.00  0.00  0.00 -1.00  0.00  0.00  0.00 -1.00  0.00  0.00  0.00
   4   4 -1.00  1.00  0.00  0.00  1.00 -0.00  0.00  0.00  1.00 -0.00 -0.00  0.00

 DIRECT LATTICE VECTORS CARTESIAN COMPONENTS (ANGSTROM)
          X                    Y                    Z
   0.433353841000E+01   0.000000000000E+00   0.000000000000E+00
  -0.216676920500E+01   0.689379335000E+01   0.000000000000E+00
   0.000000000000E+00   0.000000000000E+00   0.500000000000E+03


 CARTESIAN COORDINATES - PRIMITIVE CELL
 *******************************************************************************
 *      ATOM          X(ANGSTROM)         Y(ANGSTROM)         Z(ANGSTROM)
 *******************************************************************************
    1   283 BI    1.958442498391E-16  1.000159312878E+00  4.783472734743E+00
    2   253 I     2.166769205000E+00 -1.227255550276E+00  2.714459129215E+00
    3   283 BI   -5.734185791745E-16 -3.340637941872E+00  2.090026100548E+00
    4   253 I     4.502667275564E-17  1.530589896143E+00  1.123394182133E+00
    5   253 I     1.372379932051E-17 -1.530589896143E+00 -1.123394182133E+00
    6   283 BI   -1.343659946090E-16  3.340637941872E+00 -2.090026100548E+00
    7   253 I    -2.166769205000E+00  1.227255550276E+00 -2.714459129215E+00
    8   283 BI   -2.545947219153E-16 -1.000159312878E+00 -4.783472734743E+00

 *******************************************************************************
 *** PSEUDOPOTENTIAL INFORMATION ***
 *******************************************************************************

 ATOMIC NUMBER  53, NUCLEAR CHARGE 25.000, GIVEN IN INPUT       PSEUDOPOTENTIAL
   TYPE       EXPONENT      COEFF.    N      EXPONENT      COEFF.    N
  P0 TMS    40.0333760   49.9896490   0    17.3005760  281.0065560   0
             8.8517200   61.4167390   0
  P1 TMS    15.7201410   67.4162390   0    15.2082220  134.8076960   0
             8.2941860   14.5665480   0     7.7539490   28.9684220   0
  P2 TMS    13.8177510   35.5387560   0    13.5878050   53.3397590   0
             6.9476300    9.7164660   0     6.9600990   14.9775000   0
  P3 TMS    18.5229500  -20.1766180   0    18.2510350  -26.0880770   0
             7.5579010   -0.2204340   0     7.5974040   -0.2216460   0

 ATOMIC NUMBER  83, NUCLEAR CHARGE 23.000, GIVEN IN INPUT       PSEUDOPOTENTIAL
   TYPE       EXPONENT      COEFF.    N      EXPONENT      COEFF.    N
  P0 TMS    13.0430900  283.2642270   0     8.2216820   62.4719590   0
  P1 TMS    10.4677770   72.0014990   0     9.1189010  144.0022770   0
             6.7547910    5.0079450   0     6.2525920    9.9915500   0
  P2 TMS     8.0814740   36.3962590   0     7.8905950   54.5976640   0
             4.9555560    9.9842940   0     4.7045590   14.9814850   0
  P3 TMS     4.2145460   13.7133830   0     4.1334000   18.1943080   0
  P4 TMS     6.2057090  -10.2474430   0     6.2277820  -12.9557100   0

 *******************************************************************************
 LOCAL ATOMIC FUNCTIONS BASIS SET
 *******************************************************************************
   ATOM   X(AU)   Y(AU)   Z(AU)  N. TYPE  EXPONENT  S COEF   P COEF   D/F/G COEF
 *******************************************************************************
   1 BI   0.000   1.890   9.039
                                  1 S  
                                         7.164E+02 3.125E-04 0.000E+00 0.000E+00
                                         8.381E+01 1.762E-03 0.000E+00 0.000E+00
                                         2.112E+01-2.191E-01 0.000E+00 0.000E+00
                                         1.549E+01 4.041E-01 0.000E+00 0.000E+00
                                  2 S  
                                         2.324E+01-6.826E-02 0.000E+00 0.000E+00
                                         6.647E+00 9.789E-01 0.000E+00 0.000E+00
                                  3 S  
                                         1.962E+00 6.539E-01 0.000E+00 0.000E+00
                                         9.725E-01 3.461E-01 0.000E+00 0.000E+00
                                  4 S  
                                         2.062E-01 1.000E+00 0.000E+00 0.000E+00
                           5-     7 P  
                                         1.525E+01 0.000E+00 7.456E-01 0.000E+00
                                         1.485E+01 0.000E+00-8.558E-01 0.000E+00
                                         7.064E+00 0.000E+00 4.015E-01 0.000E+00
                           8-    10 P  
                                         2.588E+00 0.000E+00 3.554E-01 0.000E+00
                                         1.502E+00 0.000E+00 6.398E-01 0.000E+00
                                         7.673E-01 0.000E+00 3.233E-01 0.000E+00
                          11-    13 P  
                                         4.229E-01 0.000E+00 1.000E+00 0.000E+00
                          14-    16 P  
                                         1.706E-01 0.000E+00 1.000E+00 0.000E+00
                          17-    21 D  
                                         6.640E+01 0.000E+00 0.000E+00 3.810E-04
                                         1.386E+01 0.000E+00 0.000E+00 1.075E-02
                                         7.065E+00 0.000E+00 0.000E+00-7.195E-02
                                         2.525E+00 0.000E+00 0.000E+00 2.620E-01
                                         1.342E+00 0.000E+00 0.000E+00 4.259E-01
                                         6.834E-01 0.000E+00 0.000E+00 3.368E-01
                          22-    26 D  
                                         9.044E-01 0.000E+00 0.000E+00 1.000E+00
                          27-    31 D  
                                         4.146E-01 0.000E+00 0.000E+00 1.000E+00
                          32-    36 D  
                                         1.515E-01 0.000E+00 0.000E+00 1.000E+00
   2 I    4.095  -2.319   5.130
                                 37 S  
                                         5.900E+03 2.419E-04 0.000E+00 0.000E+00
                                         8.985E+02 1.547E-03 0.000E+00 0.000E+00
                                         2.004E+02 4.284E-03 0.000E+00 0.000E+00
                                         3.142E+01-3.942E-02 0.000E+00 0.000E+00
                                         1.565E+01 9.609E-01 0.000E+00 0.000E+00
                                 38 S  
                                         1.182E+01 7.596E-01 0.000E+00 0.000E+00
                                         6.461E+00 4.250E-01 0.000E+00 0.000E+00
                                 39 S  
                                         2.221E+00 7.013E-01 0.000E+00 0.000E+00
                                         1.042E+00 2.987E-01 0.000E+00 0.000E+00
                                 40 S  
                                         2.321E-01 1.000E+00 0.000E+00 0.000E+00
                          41-    43 P  
                                         1.973E+02 0.000E+00 7.395E-04 0.000E+00
                                         2.006E+01 0.000E+00 6.617E-02 0.000E+00
                                         9.763E+00 0.000E+00-2.855E-01 0.000E+00
                          44-    46 P  
                                         1.298E+01 0.000E+00-4.910E-02 0.000E+00
                                         3.620E+00 0.000E+00 3.891E-01 0.000E+00
                                         2.023E+00 0.000E+00 6.561E-01 0.000E+00
                                         1.037E+00 0.000E+00 3.180E-01 0.000E+00
                          47-    49 P  
                                         3.996E-01 0.000E+00 1.000E+00 0.000E+00
                          50-    52 P  
                                         1.222E-01 0.000E+00 1.000E+00 0.000E+00
                          53-    57 D  
                                         1.191E+02 0.000E+00 0.000E+00 8.260E-04
                                         3.340E+01 0.000E+00 0.000E+00 6.838E-03
                                         1.781E+01 0.000E+00 0.000E+00-1.031E-02
                                         4.899E+00 0.000E+00 0.000E+00 2.267E-01
                                         2.452E+00 0.000E+00 0.000E+00 4.418E-01
                                         1.182E+00 0.000E+00 0.000E+00 3.678E-01
                          58-    62 D  
                                         1.004E+00 0.000E+00 0.000E+00 1.000E+00
                          63-    67 D  
                                         5.278E-01 0.000E+00 0.000E+00 1.000E+00
                          68-    72 D  
                                         2.010E-01 0.000E+00 0.000E+00 1.000E+00
   3 BI  -0.000  -6.313   3.950
   4 I    0.000   2.892   2.123
   5 I    0.000  -2.892  -2.123
   6 BI  -0.000   6.313  -3.950
   7 I   -4.095   2.319  -5.130
   8 BI  -0.000  -1.890  -9.039
 INFORMATION **** SET_MPP **** PCRYSTAL CALCULATION
 INFORMATION **** READM2 **** NEW DEFAULT: FOCK/KS MATRIX MIXING SET TO 30 %
 INFORMATION **** READM2 **** NEW DEFAULT: FULL DIRECT SCF MODE
 INFORMATION **** READM2 **** NEW DEFAULT: COULOMB BIPOLAR BUFFER SET TO 32 Mb
 INFORMATION **** READM2 **** NEW DEFAULT: EXCHANGE BIPOLAR BUFFER SET TO 32 Mb

 *******************************************************************************
 NEW DEFAULT: DFT INTEGRATION GRID INCREASED TO XLGRID
 NEW DEFAULT: DIIS ACCELERATOR ACTIVE
 USE KEYWORD NODIIS TO TURN IT OFF
 *******************************************************************************

 INFORMATION **** DFTD3_INPUT **** PERFORM LATEST DISPERSION CORRECTION DFT-D3(BJ) WITH AUTOMATIC PARAMETER SETUP
 PLEASE CITE:
 (1) DFT-D3 Reference
  S. Grimme, J. Antony, S. Ehrlich, and H. Krieg, J. Chem. Phys. 132 (2010), 154104
 (2) BJ-Damping Reference
  S. Grimme, S. Ehrlich, and L. Goerigk, J. Comput. Chem. 32 (2011), 1456-1465
 (3) General DFT-D Review
  S. Grimme, A. Hansen, J. G. Brandenburg, and C. Bannwarth,
  Chem. Rev. 116 (2016), 5105-5154

 INFORMATION **** TOLINTEG **** COULOMB AND EXCHANGE SERIES TOLERANCES MODIFIED
 INFORMATION **** TOLDEE **** SCF TOL ON TOTAL ENERGY SET TO           7
 INFORMATION **** READM2 **** FULL DIRECT SCF (MONO AND BIEL INT) SELECTED
 INFORMATION **** SAVEWF **** not fully tested
 INFORMATION **** SAVEPRED **** WRITING REDUCIBLE DENSITY MATRIX IN UNIT 13
 INFORMATION **** BIPOSIZE **** COULOMB BIPOLAR BUFFER SET TO   110000000
 INFORMATION **** EXCHSIZE **** EXCHANGE BIPOLAR BUFFER SIZE SET TO   110000000
 INFORMATION **** MAXCYCLE **** MAX NUMBER OF SCF CYCLES SET TO        1600
 INFORMATION **** DIIS **** DIIS FOR SCF ACTIVE
 INFORMATION **** DIIS **** LEVEL SHIFTER DISABLED
 INFORMATION **** SMEAR **** FERMI SMEARING ACTIVE
 FERMI SMEARING - TEMPERATURE SMEARING OF FERMI SURFACE  0.1000E-02
 INFORMATION **** PPAN ****  MULLIKEN POPULATION ANALYSIS AT THE END OF SCF
 *******************************************************************************
 N. OF ATOMS PER CELL         8  COULOMB OVERLAP TOL         (T1) 10**   -7
 NUMBER OF SHELLS            96  COULOMB PENETRATION TOL     (T2) 10**   -7
 NUMBER OF AO               288  EXCHANGE OVERLAP TOL        (T3) 10**   20
 N. OF ELECTRONS PER CELL   192  EXCHANGE PSEUDO OVP (F(G))  (T4) 10**   20
 CORE ELECTRONS PER CELL      0  EXCHANGE PSEUDO OVP (P(G))  (T5) 10**   20
 N. OF SYMMETRY OPERATORS     4  POLE ORDER IN MONO ZONE                  4
 *******************************************************************************
 TYPE OF CALCULATION :  UNRESTRICTED OPEN SHELL
 KOHN-SHAM HAMILTONIAN

 (EXCHANGE)[CORRELATION] FUNCTIONAL:(PERDEW-BURKE-ERNZERHOF)[PERDEW-BURKE-ERNZERHOF]


 SPIN POLARIZED DFT SELECTED
 CORE  PSEUDO POTENTIAL         TOL. ON PSEUDO              (TP) 10**- 6

 CAPPA:IS1  4;IS2  4;IS3  1; K PTS MONK NET   7; SYMMOPS:K SPACE   4;G SPACE   4

 *******************************************************************************
 MAX NUMBER OF SCF CYCLES    1600  CONVERGENCE ON DELTAP        10**-17
 WEIGHT OF F(I) IN F(I+1)      70% CONVERGENCE ON ENERGY        10**- 7
 SHRINK. FACT.(MONKH.)    4  4  1  NUMBER OF K POINTS IN THE IBZ      7
 SHRINKING FACTOR(GILAT NET)   12  NUMBER OF K POINTS(GILAT NET)     43
 *******************************************************************************
 *** K POINTS COORDINATES (OBLIQUE COORDINATES IN UNITS OF IS =  4)
   1-R(  0  0  0)   2-C(  1  0  0)   3-R(  2  0  0)   4-C(  0  1  0)
   5-C(  1  1  0)   6-C(  2  1  0)   7-R(  0  2  0)

 DIRECT LATTICE VECTORS COMPON. (A.U.)     RECIP. LATTICE VECTORS COMPON. (A.U.) 
        X            Y            Z              X            Y            Z
    8.1892008    0.0000000    0.0000000      0.7672526    0.2411530    0.0000000
   -4.0946004   13.0273815    0.0000000      0.0000000    0.4823061    0.0000000
    0.0000000    0.0000000  944.8630670      0.0000000    0.0000000    0.0066498

 DISK SPACE FOR EIGENVECTORS (FTN 10)      912384 REALS

 SYMMETRY ADAPTION OF THE BLOCH FUNCTIONS ENABLED
 TTTTTTTTTTTTTTTTTTTTTTTTTTTTTT gordsh1     TELAPSE        1.45 TCPU        0.54
 MMMMM gordsh1     USED MEM(MB)      0.81 MAX MEM      1.52 TOT MEM        26.00

 MATRIX SIZE: P(G)  102980, F(G)   51838, P(G) IRR   17465, F(G) IRR   17465
 MAX G-VECTOR INDEX FOR 1- AND 2-ELECTRON INTEGRALS  13

 TTTTTTTTTTTTTTTTTTTTTTTTTTTTTT INPUT       TELAPSE        1.45 TCPU        0.54
 MMMMM INPUT       USED MEM(MB)      1.04 MAX MEM      1.22 TOT MEM        33.38

 NEIGHBORS OF THE NON-EQUIVALENT ATOMS

 N = NUMBER OF NEIGHBORS AT DISTANCE R
    ATOM  N     R/ANG      R/AU   NEIGHBORS (ATOM LABELS AND CELL INDICES)
   1 BI   1     3.6983     6.9888    4 I    0 0 0
   1 BI   2     3.7332     7.0548    2 I    0 0 0    2 I   -1 0 0
   1 BI   2     4.2974     8.1208    3 BI   1 1 0    3 BI   0 1 0
   1 BI   2     4.3335     8.1892    1 BI  -1 0 0    1 BI   1 0 0
   1 BI   1     5.1045     9.6461    2 I    0 1 0
   1 BI   1     5.1085     9.6537    3 BI   0 0 0

   2 I    2     3.0905     5.8402    3 BI   0 0 0    3 BI   1 0 0
   2 I    2     3.7332     7.0548    1 BI   0 0 0    1 BI   1 0 0
   2 I    2     3.8512     7.2778    4 I    0 0 0    4 I    1 0 0
   2 I    2     4.3335     8.1892    2 I   -1 0 0    2 I    1 0 0
   2 I    2     4.4177     8.3482    5 I    0 0 0    5 I    1 0 0
   2 I    1     4.4314     8.3742    4 I    0-1 0

   3 BI   2     3.0905     5.8402    2 I    0 0 0    2 I   -1 0 0
   3 BI   2     3.1177     5.8916    4 I   -1-1 0    4 I    0-1 0
   3 BI   1     3.6881     6.9696    5 I    0 0 0
   3 BI   2     4.2974     8.1208    1 BI  -1-1 0    1 BI   0-1 0
   3 BI   2     4.3335     8.1892    3 BI  -1 0 0    3 BI   1 0 0
   3 BI   2     4.7131     8.9064    6 BI  -1-1 0    6 BI   0-1 0

   4 I    2     3.1177     5.8916    3 BI   1 1 0    3 BI   0 1 0
   4 I    1     3.6881     6.9696    6 BI   0 0 0
   4 I    1     3.6983     6.9888    1 BI   0 0 0
   4 I    1     3.7972     7.1757    5 I    0 0 0
   4 I    2     3.8512     7.2778    2 I    0 0 0    2 I   -1 0 0
   4 I    2     4.3335     8.1892    4 I   -1 0 0    4 I    1 0 0


 SYMMETRY ALLOWED ELASTIC DISTORTION 1
  0.7071068  0.0000000
  0.0000000  0.7071068

 SYMMETRY ALLOWED ELASTIC DISTORTION 2
  0.7071068  0.0000000
  0.0000000 -0.7071068

 SYMMETRY ALLOWED INTERNAL DEGREE(S) OF FREEDOM:   8
 TTTTTTTTTTTTTTTTTTTTTTTTTTTTTT SYMM        TELAPSE        1.47 TCPU        0.55
 MMMMM SYMM        USED MEM(MB)      1.05 MAX MEM      1.30 TOT MEM        33.73
 TTTTTTTTTTTTTTTTTTTTTTTTTTTTTT INT_SCREEN  TELAPSE        1.47 TCPU        0.55
 MMMMM INT_SCREEN  USED MEM(MB)      1.51 MAX MEM      1.53 TOT MEM        48.43

 *******************************************************************************
 *                             OPTIMIZATION STARTS                             *
 *******************************************************************************
 RECLASIFICATION OF INDICES FOR INTEGRAL CALC ACCORDING TO DIFFERENT CRITERIA:
           FIXDELTE                  FIXDELTX              FIXDELTN
          0.10000000               0.80000000                 10
 *******************************************************************************

 *******************************************************************************
 COORDINATE AND CELL OPTIMIZATION - POINT    1

 DFT PARAMETERS

     ATOM       ELECTRONS   NET CHARGE   R(ANGSTROM)
   1 283  BI     23.0000      0.0000     1.82000000
   2 253  I      25.0000      0.0000     1.33000000

 SIZE OF GRID=      58709
 TTTTTTTTTTTTTTTTTTTTTTTTTTTTTT MAKE_GRID2  TELAPSE        1.76 TCPU        0.85
 MMMMM MAKE_GRID2  USED MEM(MB)      4.89 MAX MEM      8.00 TOT MEM       156.49
 BECKE WEIGHT FUNCTION
 RADSAFE =     2.00
 TOLERANCES - DENSITY:10**- 6; POTENTIAL:10**- 9; GRID WGT:10**-14

 RADIAL INTEGRATION  - INTERVALS (POINTS,UPPER LIMIT):            1( 75,  4.0*R)

 ANGULAR INTEGRATION - INTERVALS (ACCURACY LEVEL [N. POINTS] UPPER LIMIT):
  1(  4[  86]   0.2)  2(  8[ 194]   0.5)  3( 12[ 350]   0.9)  4( 16[ 974]   3.5)
  5( 12[ 350]9999.0)
 TTTTTTTTTTTTTTTTTTTTTTTTTTTTTT INT_CALC    TELAPSE        1.76 TCPU        0.85
 MMMMM INT_CALC    USED MEM(MB)      4.99 MAX MEM      4.99 TOT MEM       159.69

 *******************************************************************************
 ./BiI_bulk_sym_PBE_opt_sp_PBE-D3-D3_optimized                                   
 CRYSTAL - SCF - TYPE OF CALCULATION :  UNRESTRICTED OPEN SHELL
 *******************************************************************************

 CAPPA:IS1  4;IS2  4;IS3  1; K PTS MONK NET   7; SYMMOPS:K SPACE   4;G SPACE   4

 TTTTTTTTTTTTTTTTTTTTTTTTTTTTTT SDIK        TELAPSE        1.79 TCPU        0.88
 MMMMM SDIK        USED MEM(MB)     17.89 MAX MEM     18.13 TOT MEM       561.28

 AAAAAAAAAAAAAAAAAAAAAAAAAAAAAAAAAAAAAAAAAAAAAAAAAAAAAAAAAAAAAAAAAAAAAAAAAAAAAAA
         ATOMIC WAVEFUNCTION(S)


 NUCLEAR CHARGE 23.0  SYMMETRY SPECIES            S    P    D
 N. ELECTRONS   23.0  NUMBER OF PRIMITIVE GTOS    9    8    9
                      NUMBER OF CONTRACTED GTOS   4    4    4
                      NUMBER OF CLOSED SHELLS     2    1    1
                      OPEN SHELL OCCUPATION       0    3    0

  ZNUC  SCFIT    TOTAL HF ENERGY   KINETIC ENERGY   VIRIAL THEOREM ACCURACY
  23.0    21    -2.134726147E+02  6.968807261E+01 -4.063258987E+00  3.1E-06

 NUCLEAR CHARGE 25.0  SYMMETRY SPECIES            S    P    D
 N. ELECTRONS   25.0  NUMBER OF PRIMITIVE GTOS   10    9    9
                      NUMBER OF CONTRACTED GTOS   4    4    4
                      NUMBER OF CLOSED SHELLS     2    1    1
                      OPEN SHELL OCCUPATION       0    5    0

  ZNUC  SCFIT    TOTAL HF ENERGY   KINETIC ENERGY   VIRIAL THEOREM ACCURACY
  25.0    10    -2.945672222E+02  1.114753143E+02 -3.642443522E+00  1.4E-06

 AAAAAAAAAAAAAAAAAAAAAAAAAAAAAAAAAAAAAAAAAAAAAAAAAAAAAAAAAAAAAAAAAAAAAAAAAAAAAAA

 CHARGE NORMALIZATION FACTOR   1.00000000
 TOTAL ATOMIC CHARGES:
  23.0000000  25.0000000  23.0000000  25.0000000  25.0000000  23.0000000
  25.0000000  23.0000000
 SUMMED SPIN DENSITY           0.00000000
 TOTAL ATOMIC SPINS  :
   0.0000000   0.0000000   0.0000000   0.0000000   0.0000000   0.0000000
   0.0000000   0.0000000
 TTTTTTTTTTTTTTTTTTTTTTTTTTTTTT MOQGAD      TELAPSE        1.85 TCPU        0.94
 MMMMM MOQGAD      USED MEM(MB)     16.93 MAX MEM     17.89 TOT MEM       541.63
 TTTTTTTTTTTTTTTTTTTTTTTTTTTTTT SHELLXN     TELAPSE        2.06 TCPU        1.14
 MMMMM SHELLXN     USED MEM(MB)     17.19 MAX MEM     25.88 TOT MEM       550.15
 TTTTTTTTTTTTTTTTTTTTTTTTTTTTTT MONMO3      TELAPSE        2.25 TCPU        1.33
 MMMMM MONMO3      USED MEM(MB)     17.19 MAX MEM     17.19 TOT MEM       550.15
 NUMERICALLY INTEGRATED DENSITY     95.9999861301     95.9999861301
 TTTTTTTTTTTTTTTTTTTTTTTTTTTTTT NUMDFT      TELAPSE        2.34 TCPU        1.42
 MMMMM NUMDFT      USED MEM(MB)     18.76 MAX MEM     23.76 TOT MEM       600.44
 CYC   0 ETOT(AU) -2.040809481472E+03 DETOT -2.04E+03 tst  0.00E+00 PX  1.00E+00
 CYCLE  0 WAVE FUNCTION SAVED IN FORTRAN UNIT 79
 TTTTTTTTTTTTTTTTTTTTTTTTTTTTTT DIIS        TELAPSE        2.41 TCPU        1.46
 MMMMM DIIS        USED MEM(MB)     26.40 MAX MEM     31.71 TOT MEM       822.53
 TTTTTTTTTTTTTTTTTTTTTTTTTTTTTT FDIK        TELAPSE        2.63 TCPU        1.68
 MMMMM FDIK        USED MEM(MB)     22.27 MAX MEM     26.40 TOT MEM       712.78
 POSSIBLY CONDUCTING STATE - EFERMI(AU) -7.9951096E-02 (RES. CHARGE  1.03E-11;IT.  8)
 TTTTTTTTTTTTTTTTTTTTTTTTTTTTTT PDIG        TELAPSE        2.66 TCPU        1.70
 MMMMM PDIG        USED MEM(MB)     18.74 MAX MEM     22.70 TOT MEM       599.80
 CHARGE NORMALIZATION FACTOR   1.00000000
 TOTAL ATOMIC CHARGES:
  22.6120837  25.8182437  21.7434545  25.8262180  25.8262180  21.7434545
  25.8182437  22.6120837
 SUMMED SPIN DENSITY          -0.00000000
 TOTAL ATOMIC SPINS  :
  -0.0000000  -0.0000000  -0.0000000  -0.0000000  -0.0000000  -0.0000000
  -0.0000000  -0.0000000
 TTTTTTTTTTTTTTTTTTTTTTTTTTTTTT MOQGAD      TELAPSE        2.66 TCPU        1.71
 MMMMM MOQGAD      USED MEM(MB)     18.76 MAX MEM     18.94 TOT MEM       600.44
 TTTTTTTTTTTTTTTTTTTTTTTTTTTTTT SHELLXN     TELAPSE        3.00 TCPU        2.04
 MMMMM SHELLXN     USED MEM(MB)     19.03 MAX MEM     27.72 TOT MEM       608.97
 TTTTTTTTTTTTTTTTTTTTTTTTTTTTTT MONMO3      TELAPSE        3.18 TCPU        2.22
 MMMMM MONMO3      USED MEM(MB)     19.03 MAX MEM     19.03 TOT MEM       608.97
 NUMERICALLY INTEGRATED DENSITY     95.9999849911     95.9999849911
 TTTTTTTTTTTTTTTTTTTTTTTTTTTTTT NUMDFT      TELAPSE        3.26 TCPU        2.30
 MMMMM NUMDFT      USED MEM(MB)     19.03 MAX MEM     24.03 TOT MEM       608.97
 CYC   1 ETOT(AU) -2.040932089801E+03 DETOT -1.23E-01 tst  0.00E+00 PX  1.00E+00
 CYCLE  1 WAVE FUNCTION SAVED IN FORTRAN UNIT 79
 TTTTTTTTTTTTTTTTTTTTTTTTTTTTTT DIIS        TELAPSE        3.31 TCPU        2.32
 MMMMM DIIS        USED MEM(MB)     26.66 MAX MEM     31.97 TOT MEM       831.06
 DIIS TEST: 0.89474E+00 AT SCF   CYCLE   1 - MIX   70 %
 TTTTTTTTTTTTTTTTTTTTTTTTTTTTTT FDIK        TELAPSE        3.40 TCPU        2.40
 MMMMM FDIK        USED MEM(MB)     22.54 MAX MEM     26.66 TOT MEM       721.30
 POSSIBLY CONDUCTING STATE - EFERMI(AU) -6.9452865E-02 (RES. CHARGE  6.64E-10;IT. 12)
 TTTTTTTTTTTTTTTTTTTTTTTTTTTTTT PDIG        TELAPSE        3.42 TCPU        2.43
 MMMMM PDIG        USED MEM(MB)     19.01 MAX MEM     22.96 TOT MEM       608.33
 CHARGE NORMALIZATION FACTOR   1.00000000
 TOTAL ATOMIC CHARGES:
  23.0113244  25.5263266  22.1083952  25.3539538  25.3539538  22.1083952
  25.5263266  23.0113244
 SUMMED SPIN DENSITY          -0.00000000
 TOTAL ATOMIC SPINS  :
  -0.0000000   0.0000000  -0.0000000   0.0000000   0.0000000  -0.0000000
   0.0000000  -0.0000000
 TTTTTTTTTTTTTTTTTTTTTTTTTTTTTT MOQGAD      TELAPSE        3.43 TCPU        2.43
 MMMMM MOQGAD      USED MEM(MB)     19.03 MAX MEM     19.20 TOT MEM       608.97
 TTTTTTTTTTTTTTTTTTTTTTTTTTTTTT SHELLXN     TELAPSE        3.72 TCPU        2.72
 MMMMM SHELLXN     USED MEM(MB)     19.30 MAX MEM     27.99 TOT MEM       617.49
 TTTTTTTTTTTTTTTTTTTTTTTTTTTTTT MONMO3      TELAPSE        3.91 TCPU        2.91
 MMMMM MONMO3      USED MEM(MB)     19.30 MAX MEM     19.30 TOT MEM       617.49
 NUMERICALLY INTEGRATED DENSITY     95.9999856140     95.9999856140
 TTTTTTTTTTTTTTTTTTTTTTTTTTTTTT NUMDFT      TELAPSE        3.98 TCPU        2.98
 MMMMM NUMDFT      USED MEM(MB)     19.30 MAX MEM     24.30 TOT MEM       617.49
 CYC   2 ETOT(AU) -2.041097789544E+03 DETOT -1.66E-01 tst  2.87E-03 PX  2.73E-01
 CYCLE  2 WAVE FUNCTION SAVED IN FORTRAN UNIT 79
 TTTTTTTTTTTTTTTTTTTTTTTTTTTTTT DIIS        TELAPSE        4.08 TCPU        3.03
 MMMMM DIIS        USED MEM(MB)     26.93 MAX MEM     32.24 TOT MEM       839.58
 DIIS TEST: 0.26627E+00 AT SCF   CYCLE   2 - DIIS ACTIVE - HISTORY:     2 CYCLES
 TTTTTTTTTTTTTTTTTTTTTTTTTTTTTT FDIK        TELAPSE        4.16 TCPU        3.12
 MMMMM FDIK        USED MEM(MB)     22.81 MAX MEM     26.93 TOT MEM       729.83
 POSSIBLY CONDUCTING STATE - EFERMI(AU) -1.3297132E-01 (RES. CHARGE  2.17E-10;IT. 14)
 TTTTTTTTTTTTTTTTTTTTTTTTTTTTTT PDIG        TELAPSE        4.19 TCPU        3.15
 MMMMM PDIG        USED MEM(MB)     19.28 MAX MEM     23.23 TOT MEM       616.86
 CHARGE NORMALIZATION FACTOR   1.00000000
 TOTAL ATOMIC CHARGES:
  20.4946495  25.3497188  24.4021236  25.7535080  25.7535080  24.4021236
  25.3497188  20.4946495
 SUMMED SPIN DENSITY          -0.00000000
 TOTAL ATOMIC SPINS  :
  -0.0000000  -0.0000000   0.0000000   0.0000000   0.0000000   0.0000000
  -0.0000000  -0.0000000
 TTTTTTTTTTTTTTTTTTTTTTTTTTTTTT MOQGAD      TELAPSE        4.19 TCPU        3.15
 MMMMM MOQGAD      USED MEM(MB)     19.30 MAX MEM     19.47 TOT MEM       617.49
 TTTTTTTTTTTTTTTTTTTTTTTTTTTTTT SHELLXN     TELAPSE        4.48 TCPU        3.44
 MMMMM SHELLXN     USED MEM(MB)     19.56 MAX MEM     28.26 TOT MEM       626.02
 TTTTTTTTTTTTTTTTTTTTTTTTTTTTTT MONMO3      TELAPSE        4.67 TCPU        3.62
 MMMMM MONMO3      USED MEM(MB)     19.56 MAX MEM     19.56 TOT MEM       626.02
 NUMERICALLY INTEGRATED DENSITY     95.9999857468     95.9999857468
 TTTTTTTTTTTTTTTTTTTTTTTTTTTTTT NUMDFT      TELAPSE        4.74 TCPU        3.69
 MMMMM NUMDFT      USED MEM(MB)     19.56 MAX MEM     24.56 TOT MEM       626.02
 CYC   3 ETOT(AU) -2.037418832302E+03 DETOT  3.68E+00 tst  1.01E-01 PX  1.06E+00
 CYCLE  3 WAVE FUNCTION SAVED IN FORTRAN UNIT 79
 TTTTTTTTTTTTTTTTTTTTTTTTTTTTTT DIIS        TELAPSE        4.84 TCPU        3.71
 MMMMM DIIS        USED MEM(MB)     27.20 MAX MEM     32.51 TOT MEM       848.11
 DIIS TEST: 0.12036E+02 AT SCF   CYCLE   3 - DIIS ACTIVE - HISTORY:     3 CYCLES
 TTTTTTTTTTTTTTTTTTTTTTTTTTTTTT FDIK        TELAPSE        4.93 TCPU        3.80
 MMMMM FDIK        USED MEM(MB)     23.07 MAX MEM     27.20 TOT MEM       738.36
 POSSIBLY CONDUCTING STATE - EFERMI(AU) -8.2220431E-02 (RES. CHARGE  7.39E-13;IT. 10)
 TTTTTTTTTTTTTTTTTTTTTTTTTTTTTT PDIG        TELAPSE        4.99 TCPU        3.86
 MMMMM PDIG        USED MEM(MB)     19.54 MAX MEM     23.50 TOT MEM       625.39
 CHARGE NORMALIZATION FACTOR   1.00000000
 TOTAL ATOMIC CHARGES:
  22.8642773  25.2752999  22.5401795  25.3202433  25.3202433  22.5401795
  25.2752999  22.8642773
 SUMMED SPIN DENSITY          -0.00000000
 TOTAL ATOMIC SPINS  :
  -0.0000000  -0.0000000   0.0000000  -0.0000000  -0.0000000   0.0000000
  -0.0000000  -0.0000000
 TTTTTTTTTTTTTTTTTTTTTTTTTTTTTT MOQGAD      TELAPSE        4.99 TCPU        3.86
 MMMMM MOQGAD      USED MEM(MB)     19.56 MAX MEM     19.74 TOT MEM       626.02
 TTTTTTTTTTTTTTTTTTTTTTTTTTTTTT SHELLXN     TELAPSE        5.28 TCPU        4.15
 MMMMM SHELLXN     USED MEM(MB)     19.83 MAX MEM     28.52 TOT MEM       634.55
 TTTTTTTTTTTTTTTTTTTTTTTTTTTTTT MONMO3      TELAPSE        5.47 TCPU        4.33
 MMMMM MONMO3      USED MEM(MB)     19.83 MAX MEM     19.83 TOT MEM       634.55
 NUMERICALLY INTEGRATED DENSITY     95.9999857738     95.9999857738
 TTTTTTTTTTTTTTTTTTTTTTTTTTTTTT NUMDFT      TELAPSE        5.55 TCPU        4.41
 MMMMM NUMDFT      USED MEM(MB)     19.83 MAX MEM     24.83 TOT MEM       634.55
 CYC   4 ETOT(AU) -2.041136765688E+03 DETOT -3.72E+00 tst  1.62E-01 PX  8.97E-01
 CYCLE  4 WAVE FUNCTION SAVED IN FORTRAN UNIT 79
 TTTTTTTTTTTTTTTTTTTTTTTTTTTTTT DIIS        TELAPSE        5.64 TCPU        4.42
 MMMMM DIIS        USED MEM(MB)     27.46 MAX MEM     32.77 TOT MEM       856.64
 DIIS TEST: 0.70607E-01 AT SCF   CYCLE   4 - DIIS ACTIVE - HISTORY:     4 CYCLES
 TTTTTTTTTTTTTTTTTTTTTTTTTTTTTT FDIK        TELAPSE        5.72 TCPU        4.51
 MMMMM FDIK        USED MEM(MB)     23.34 MAX MEM     27.46 TOT MEM       746.89
 POSSIBLY CONDUCTING STATE - EFERMI(AU) -8.2825103E-02 (RES. CHARGE  1.24E-10;IT. 10)
 TTTTTTTTTTTTTTTTTTTTTTTTTTTTTT PDIG        TELAPSE        5.75 TCPU        4.54
 MMMMM PDIG        USED MEM(MB)     19.81 MAX MEM     23.76 TOT MEM       633.91
 CHARGE NORMALIZATION FACTOR   1.00000000
 TOTAL ATOMIC CHARGES:
  22.6429291  25.5102937  22.4954690  25.3513082  25.3513082  22.4954690
  25.5102937  22.6429291
 SUMMED SPIN DENSITY          -0.00000000
 TOTAL ATOMIC SPINS  :
  -0.0000000  -0.0000000  -0.0000000  -0.0000000  -0.0000000  -0.0000000
  -0.0000000  -0.0000000
 TTTTTTTTTTTTTTTTTTTTTTTTTTTTTT MOQGAD      TELAPSE        5.75 TCPU        4.54
 MMMMM MOQGAD      USED MEM(MB)     19.83 MAX MEM     20.00 TOT MEM       634.55
 TTTTTTTTTTTTTTTTTTTTTTTTTTTTTT SHELLXN     TELAPSE        6.05 TCPU        4.82
 MMMMM SHELLXN     USED MEM(MB)     20.10 MAX MEM     28.79 TOT MEM       643.08
 TTTTTTTTTTTTTTTTTTTTTTTTTTTTTT MONMO3      TELAPSE        6.23 TCPU        5.01
 MMMMM MONMO3      USED MEM(MB)     20.10 MAX MEM     20.10 TOT MEM       643.08
 NUMERICALLY INTEGRATED DENSITY     95.9999858840     95.9999858840
 TTTTTTTTTTTTTTTTTTTTTTTTTTTTTT NUMDFT      TELAPSE        6.31 TCPU        5.09
 MMMMM NUMDFT      USED MEM(MB)     20.10 MAX MEM     25.09 TOT MEM       643.08
 CYC   5 ETOT(AU) -2.041141342169E+03 DETOT -4.58E-03 tst  2.13E-03 PX  4.18E-01
 CYCLE  5 WAVE FUNCTION SAVED IN FORTRAN UNIT 79
 TTTTTTTTTTTTTTTTTTTTTTTTTTTTTT DIIS        TELAPSE        6.44 TCPU        5.17
 MMMMM DIIS        USED MEM(MB)     27.73 MAX MEM     33.04 TOT MEM       865.17
 DIIS TEST: 0.45102E-01 AT SCF   CYCLE   5 - DIIS ACTIVE - HISTORY:     5 CYCLES
 TTTTTTTTTTTTTTTTTTTTTTTTTTTTTT FDIK        TELAPSE        6.52 TCPU        5.24
 MMMMM FDIK        USED MEM(MB)     23.61 MAX MEM     27.73 TOT MEM       755.41
 POSSIBLY CONDUCTING STATE - EFERMI(AU) -8.0168880E-02 (RES. CHARGE  3.66E-10;IT. 12)
 TTTTTTTTTTTTTTTTTTTTTTTTTTTTTT PDIG        TELAPSE        6.55 TCPU        5.27
 MMMMM PDIG        USED MEM(MB)     20.08 MAX MEM     24.03 TOT MEM       642.44
 CHARGE NORMALIZATION FACTOR   1.00000000
 TOTAL ATOMIC CHARGES:
  22.8877190  25.4263858  22.2751575  25.4107377  25.4107377  22.2751575
  25.4263858  22.8877190
 SUMMED SPIN DENSITY          -0.00000000
 TOTAL ATOMIC SPINS  :
  -0.0000000  -0.0000000  -0.0000000  -0.0000000  -0.0000000  -0.0000000
  -0.0000000  -0.0000000
 TTTTTTTTTTTTTTTTTTTTTTTTTTTTTT MOQGAD      TELAPSE        6.55 TCPU        5.28
 MMMMM MOQGAD      USED MEM(MB)     20.10 MAX MEM     20.27 TOT MEM       643.08
 TTTTTTTTTTTTTTTTTTTTTTTTTTTTTT SHELLXN     TELAPSE        6.84 TCPU        5.56
 MMMMM SHELLXN     USED MEM(MB)     20.36 MAX MEM     29.05 TOT MEM       651.61
 TTTTTTTTTTTTTTTTTTTTTTTTTTTTTT MONMO3      TELAPSE        7.03 TCPU        5.75
 MMMMM MONMO3      USED MEM(MB)     20.36 MAX MEM     20.36 TOT MEM       651.61
 NUMERICALLY INTEGRATED DENSITY     95.9999857139     95.9999857139
 TTTTTTTTTTTTTTTTTTTTTTTTTTTTTT NUMDFT      TELAPSE        7.10 TCPU        5.82
 MMMMM NUMDFT      USED MEM(MB)     20.36 MAX MEM     25.36 TOT MEM       651.61
 CYC   6 ETOT(AU) -2.041152816904E+03 DETOT -1.15E-02 tst  8.54E-04 PX  2.93E-01
 CYCLE  6 WAVE FUNCTION SAVED IN FORTRAN UNIT 79
 TTTTTTTTTTTTTTTTTTTTTTTTTTTTTT DIIS        TELAPSE        7.42 TCPU        6.11
 MMMMM DIIS        USED MEM(MB)     28.00 MAX MEM     33.31 TOT MEM       873.69
 DIIS TEST: 0.16689E-01 AT SCF   CYCLE   6 - DIIS ACTIVE - HISTORY:     6 CYCLES
 TTTTTTTTTTTTTTTTTTTTTTTTTTTTTT FDIK        TELAPSE        7.50 TCPU        6.20
 MMMMM FDIK        USED MEM(MB)     23.87 MAX MEM     28.00 TOT MEM       763.94
 POSSIBLY CONDUCTING STATE - EFERMI(AU) -8.0990899E-02 (RES. CHARGE  1.30E-11;IT. 10)
 TTTTTTTTTTTTTTTTTTTTTTTTTTTTTT PDIG        TELAPSE        7.53 TCPU        6.22
 MMMMM PDIG        USED MEM(MB)     20.34 MAX MEM     24.29 TOT MEM       650.97
 CHARGE NORMALIZATION FACTOR   1.00000000
 TOTAL ATOMIC CHARGES:
  22.7884451  25.4430287  22.3682709  25.4002553  25.4002553  22.3682709
  25.4430287  22.7884451
 SUMMED SPIN DENSITY          -0.00000000
 TOTAL ATOMIC SPINS  :
  -0.0000000  -0.0000000  -0.0000000  -0.0000000  -0.0000000  -0.0000000
  -0.0000000  -0.0000000
 TTTTTTTTTTTTTTTTTTTTTTTTTTTTTT MOQGAD      TELAPSE        7.54 TCPU        6.23
 MMMMM MOQGAD      USED MEM(MB)     20.36 MAX MEM     20.54 TOT MEM       651.61
 TTTTTTTTTTTTTTTTTTTTTTTTTTTTTT SHELLXN     TELAPSE        7.83 TCPU        6.51
 MMMMM SHELLXN     USED MEM(MB)     20.63 MAX MEM     29.32 TOT MEM       660.13
 TTTTTTTTTTTTTTTTTTTTTTTTTTTTTT MONMO3      TELAPSE        8.02 TCPU        6.70
 MMMMM MONMO3      USED MEM(MB)     20.63 MAX MEM     20.63 TOT MEM       660.13
 NUMERICALLY INTEGRATED DENSITY     95.9999857224     95.9999857224
 TTTTTTTTTTTTTTTTTTTTTTTTTTTTTT NUMDFT      TELAPSE        8.09 TCPU        6.78
 MMMMM NUMDFT      USED MEM(MB)     20.63 MAX MEM     25.63 TOT MEM       660.13
 CYC   7 ETOT(AU) -2.041158173427E+03 DETOT -5.36E-03 tst  1.11E-04 PX  8.86E-02
 CYCLE  7 WAVE FUNCTION SAVED IN FORTRAN UNIT 79
 TTTTTTTTTTTTTTTTTTTTTTTTTTTTTT DIIS        TELAPSE        8.22 TCPU        6.82
 MMMMM DIIS        USED MEM(MB)     28.26 MAX MEM     33.57 TOT MEM       882.22
 DIIS TEST: 0.28534E-03 AT SCF   CYCLE   7 - DIIS ACTIVE - HISTORY:     7 CYCLES
 TTTTTTTTTTTTTTTTTTTTTTTTTTTTTT FDIK        TELAPSE        8.32 TCPU        6.92
 MMMMM FDIK        USED MEM(MB)     24.14 MAX MEM     28.26 TOT MEM       772.47
 POSSIBLY CONDUCTING STATE - EFERMI(AU) -8.1337403E-02 (RES. CHARGE  1.45E-11;IT. 10)
 TTTTTTTTTTTTTTTTTTTTTTTTTTTTTT PDIG        TELAPSE        8.45 TCPU        7.05
 MMMMM PDIG        USED MEM(MB)     20.61 MAX MEM     24.56 TOT MEM       659.50
 CHARGE NORMALIZATION FACTOR   1.00000000
 TOTAL ATOMIC CHARGES:
  22.8011602  25.4454654  22.3600006  25.3933738  25.3933738  22.3600006
  25.4454654  22.8011602
 SUMMED SPIN DENSITY          -0.00000000
 TOTAL ATOMIC SPINS  :
  -0.0000000  -0.0000000  -0.0000000  -0.0000000  -0.0000000  -0.0000000
  -0.0000000  -0.0000000
 TTTTTTTTTTTTTTTTTTTTTTTTTTTTTT MOQGAD      TELAPSE        8.45 TCPU        7.05
 MMMMM MOQGAD      USED MEM(MB)     20.63 MAX MEM     20.80 TOT MEM       660.13
 TTTTTTTTTTTTTTTTTTTTTTTTTTTTTT SHELLXN     TELAPSE        8.75 TCPU        7.34
 MMMMM SHELLXN     USED MEM(MB)     20.90 MAX MEM     29.59 TOT MEM       668.66
 TTTTTTTTTTTTTTTTTTTTTTTTTTTTTT MONMO3      TELAPSE        8.93 TCPU        7.53
 MMMMM MONMO3      USED MEM(MB)     20.90 MAX MEM     20.90 TOT MEM       668.66
 NUMERICALLY INTEGRATED DENSITY     95.9999857304     95.9999857304
 TTTTTTTTTTTTTTTTTTTTTTTTTTTTTT NUMDFT      TELAPSE        9.01 TCPU        7.60
 MMMMM NUMDFT      USED MEM(MB)     20.90 MAX MEM     25.89 TOT MEM       668.66
 CYC   8 ETOT(AU) -2.041158186490E+03 DETOT -1.31E-05 tst  1.85E-06 PX  2.27E-02
 CYCLE  8 WAVE FUNCTION SAVED IN FORTRAN UNIT 79
 TTTTTTTTTTTTTTTTTTTTTTTTTTTTTT DIIS        TELAPSE        9.11 TCPU        7.62
 MMMMM DIIS        USED MEM(MB)     28.53 MAX MEM     33.84 TOT MEM       890.75
 DIIS TEST: 0.15408E-03 AT SCF   CYCLE   8 - DIIS ACTIVE - HISTORY:     8 CYCLES
 TTTTTTTTTTTTTTTTTTTTTTTTTTTTTT FDIK        TELAPSE        9.19 TCPU        7.70
 MMMMM FDIK        USED MEM(MB)     24.41 MAX MEM     28.53 TOT MEM       781.00
 POSSIBLY CONDUCTING STATE - EFERMI(AU) -8.1238508E-02 (RES. CHARGE  9.49E-11;IT.  8)
 TTTTTTTTTTTTTTTTTTTTTTTTTTTTTT PDIG        TELAPSE        9.22 TCPU        7.73
 MMMMM PDIG        USED MEM(MB)     20.88 MAX MEM     24.83 TOT MEM       668.03
 CHARGE NORMALIZATION FACTOR   1.00000000
 TOTAL ATOMIC CHARGES:
  22.7957558  25.4418301  22.3635064  25.3989078  25.3989078  22.3635064
  25.4418301  22.7957558
 SUMMED SPIN DENSITY          -0.00000000
 TOTAL ATOMIC SPINS  :
  -0.0000000  -0.0000000  -0.0000000  -0.0000000  -0.0000000  -0.0000000
  -0.0000000  -0.0000000
 TTTTTTTTTTTTTTTTTTTTTTTTTTTTTT MOQGAD      TELAPSE        9.22 TCPU        7.73
 MMMMM MOQGAD      USED MEM(MB)     20.90 MAX MEM     21.07 TOT MEM       668.66
 TTTTTTTTTTTTTTTTTTTTTTTTTTTTTT SHELLXN     TELAPSE        9.51 TCPU        8.02
 MMMMM SHELLXN     USED MEM(MB)     21.16 MAX MEM     29.85 TOT MEM       677.19
 TTTTTTTTTTTTTTTTTTTTTTTTTTTTTT MONMO3      TELAPSE        9.70 TCPU        8.21
 MMMMM MONMO3      USED MEM(MB)     21.16 MAX MEM     21.16 TOT MEM       677.19
 NUMERICALLY INTEGRATED DENSITY     95.9999857360     95.9999857361
 TTTTTTTTTTTTTTTTTTTTTTTTTTTTTT NUMDFT      TELAPSE        9.78 TCPU        8.28
 MMMMM NUMDFT      USED MEM(MB)     21.16 MAX MEM     26.16 TOT MEM       677.19
 CYC   9 ETOT(AU) -2.041158222411E+03 DETOT -3.59E-05 tst  3.94E-07 PX  1.17E-02
 CYCLE  9 WAVE FUNCTION SAVED IN FORTRAN UNIT 79
 TTTTTTTTTTTTTTTTTTTTTTTTTTTTTT DIIS        TELAPSE        9.88 TCPU        8.29
 MMMMM DIIS        USED MEM(MB)     28.79 MAX MEM     34.11 TOT MEM       899.28
 DIIS TEST: 0.29244E-04 AT SCF   CYCLE   9 - DIIS ACTIVE - HISTORY:     9 CYCLES
 TTTTTTTTTTTTTTTTTTTTTTTTTTTTTT FDIK        TELAPSE        9.96 TCPU        8.38
 MMMMM FDIK        USED MEM(MB)     24.67 MAX MEM     28.79 TOT MEM       789.53
 POSSIBLY CONDUCTING STATE - EFERMI(AU) -8.1327134E-02 (RES. CHARGE  5.40E-13;IT. 10)
 TTTTTTTTTTTTTTTTTTTTTTTTTTTTTT PDIG        TELAPSE        9.98 TCPU        8.40
 MMMMM PDIG        USED MEM(MB)     21.14 MAX MEM     25.09 TOT MEM       676.55
 CHARGE NORMALIZATION FACTOR   1.00000000
 TOTAL ATOMIC CHARGES:
  22.7940174  25.4445623  22.3652990  25.3961212  25.3961212  22.3652990
  25.4445623  22.7940174
 SUMMED SPIN DENSITY          -0.00000000
 TOTAL ATOMIC SPINS  :
  -0.0000000  -0.0000000  -0.0000000  -0.0000000  -0.0000000  -0.0000000
  -0.0000000  -0.0000000
 TTTTTTTTTTTTTTTTTTTTTTTTTTTTTT MOQGAD      TELAPSE        9.99 TCPU        8.41
 MMMMM MOQGAD      USED MEM(MB)     21.16 MAX MEM     21.34 TOT MEM       677.19
 TTTTTTTTTTTTTTTTTTTTTTTTTTTTTT SHELLXN     TELAPSE       10.28 TCPU        8.69
 MMMMM SHELLXN     USED MEM(MB)     21.43 MAX MEM     30.12 TOT MEM       685.72
 TTTTTTTTTTTTTTTTTTTTTTTTTTTTTT MONMO3      TELAPSE       10.47 TCPU        8.88
 MMMMM MONMO3      USED MEM(MB)     21.43 MAX MEM     21.43 TOT MEM       685.72
 NUMERICALLY INTEGRATED DENSITY     95.9999857326     95.9999857329
 TTTTTTTTTTTTTTTTTTTTTTTTTTTTTT NUMDFT      TELAPSE       10.54 TCPU        8.96
 MMMMM NUMDFT      USED MEM(MB)     21.43 MAX MEM     26.43 TOT MEM       685.72
 CYC  10 ETOT(AU) -2.041158228860E+03 DETOT -6.45E-06 tst  9.52E-08 PX  7.66E-03
 CYCLE 10 WAVE FUNCTION SAVED IN FORTRAN UNIT 79
 TTTTTTTTTTTTTTTTTTTTTTTTTTTTTT DIIS        TELAPSE       10.66 TCPU        9.03
 MMMMM DIIS        USED MEM(MB)     29.06 MAX MEM     34.37 TOT MEM       907.81
 DIIS TEST: 0.41690E-05 AT SCF   CYCLE  10 - DIIS ACTIVE - HISTORY:    10 CYCLES
 TTTTTTTTTTTTTTTTTTTTTTTTTTTTTT FDIK        TELAPSE       10.76 TCPU        9.12
 MMMMM FDIK        USED MEM(MB)     24.94 MAX MEM     29.06 TOT MEM       798.05
 POSSIBLY CONDUCTING STATE - EFERMI(AU) -8.1347540E-02 (RES. CHARGE  1.21E-11;IT.  8)
 TTTTTTTTTTTTTTTTTTTTTTTTTTTTTT PDIG        TELAPSE       10.79 TCPU        9.15
 MMMMM PDIG        USED MEM(MB)     21.41 MAX MEM     25.36 TOT MEM       685.08
 CHARGE NORMALIZATION FACTOR   1.00000000
 TOTAL ATOMIC CHARGES:
  22.7956210  25.4435546  22.3643090  25.3965153  25.3965153  22.3643090
  25.4435546  22.7956210
 SUMMED SPIN DENSITY          -0.00000000
 TOTAL ATOMIC SPINS  :
  -0.0000000  -0.0000000  -0.0000000  -0.0000000  -0.0000000  -0.0000000
  -0.0000000  -0.0000000
 TTTTTTTTTTTTTTTTTTTTTTTTTTTTTT MOQGAD      TELAPSE       10.79 TCPU        9.15
 MMMMM MOQGAD      USED MEM(MB)     21.43 MAX MEM     21.60 TOT MEM       685.72
 TTTTTTTTTTTTTTTTTTTTTTTTTTTTTT SHELLXN     TELAPSE       11.12 TCPU        9.43
 MMMMM SHELLXN     USED MEM(MB)     21.70 MAX MEM     30.39 TOT MEM       694.24
 TTTTTTTTTTTTTTTTTTTTTTTTTTTTTT MONMO3      TELAPSE       11.31 TCPU        9.62
 MMMMM MONMO3      USED MEM(MB)     21.70 MAX MEM     21.70 TOT MEM       694.24
 NUMERICALLY INTEGRATED DENSITY     95.9999857336     95.9999857342
 TTTTTTTTTTTTTTTTTTTTTTTTTTTTTT NUMDFT      TELAPSE       11.38 TCPU        9.69
 MMMMM NUMDFT      USED MEM(MB)     21.70 MAX MEM     26.69 TOT MEM       694.24
 CYC  11 ETOT(AU) -2.041158227530E+03 DETOT  1.33E-06 tst  8.22E-08 PX  5.74E-03
 CYCLE 11 WAVE FUNCTION SAVED IN FORTRAN UNIT 79
 TTTTTTTTTTTTTTTTTTTTTTTTTTTTTT DIIS        TELAPSE       11.49 TCPU        9.71
 MMMMM DIIS        USED MEM(MB)     29.33 MAX MEM     34.64 TOT MEM       916.33
 DIIS TEST: 0.21188E-05 AT SCF   CYCLE  11 - DIIS ACTIVE - HISTORY:    11 CYCLES
 TTTTTTTTTTTTTTTTTTTTTTTTTTTTTT FDIK        TELAPSE       11.62 TCPU        9.84
 MMMMM FDIK        USED MEM(MB)     25.21 MAX MEM     29.33 TOT MEM       806.58
 POSSIBLY CONDUCTING STATE - EFERMI(AU) -8.1319660E-02 (RES. CHARGE  6.54E-13;IT.  8)
 TTTTTTTTTTTTTTTTTTTTTTTTTTTTTT PDIG        TELAPSE       11.65 TCPU        9.87
 MMMMM PDIG        USED MEM(MB)     21.68 MAX MEM     25.63 TOT MEM       693.61
 CHARGE NORMALIZATION FACTOR   1.00000000
 TOTAL ATOMIC CHARGES:
  22.7943775  25.4443139  22.3648078  25.3965008  25.3965008  22.3648078
  25.4443139  22.7943775
 SUMMED SPIN DENSITY          -0.00000000
 TOTAL ATOMIC SPINS  :
  -0.0000000  -0.0000000  -0.0000000  -0.0000000  -0.0000000  -0.0000000
  -0.0000000  -0.0000000
 TTTTTTTTTTTTTTTTTTTTTTTTTTTTTT MOQGAD      TELAPSE       11.65 TCPU        9.87
 MMMMM MOQGAD      USED MEM(MB)     21.70 MAX MEM     21.87 TOT MEM       694.24
 TTTTTTTTTTTTTTTTTTTTTTTTTTTTTT SHELLXN     TELAPSE       11.96 TCPU       10.17
 MMMMM SHELLXN     USED MEM(MB)     21.96 MAX MEM     30.65 TOT MEM       702.77
 TTTTTTTTTTTTTTTTTTTTTTTTTTTTTT MONMO3      TELAPSE       12.15 TCPU       10.36
 MMMMM MONMO3      USED MEM(MB)     21.96 MAX MEM     21.96 TOT MEM       702.77
 NUMERICALLY INTEGRATED DENSITY     95.9999857324     95.9999857341
 TTTTTTTTTTTTTTTTTTTTTTTTTTTTTT NUMDFT      TELAPSE       12.22 TCPU       10.43
 MMMMM NUMDFT      USED MEM(MB)     21.96 MAX MEM     26.96 TOT MEM       702.77
 CYC  12 ETOT(AU) -2.041158229634E+03 DETOT -2.10E-06 tst  5.53E-08 PX  4.39E-03
 CYCLE 12 WAVE FUNCTION SAVED IN FORTRAN UNIT 79
 TTTTTTTTTTTTTTTTTTTTTTTTTTTTTT DIIS        TELAPSE       12.35 TCPU       10.44
 MMMMM DIIS        USED MEM(MB)     29.59 MAX MEM     34.91 TOT MEM       924.86
 DIIS TEST: 0.58667E-06 AT SCF   CYCLE  12 - DIIS ACTIVE - HISTORY:    12 CYCLES
 TTTTTTTTTTTTTTTTTTTTTTTTTTTTTT FDIK        TELAPSE       12.44 TCPU       10.53
 MMMMM FDIK        USED MEM(MB)     25.47 MAX MEM     29.59 TOT MEM       815.11
 POSSIBLY CONDUCTING STATE - EFERMI(AU) -8.1344634E-02 (RES. CHARGE  2.70E-11;IT.  8)
 TTTTTTTTTTTTTTTTTTTTTTTTTTTTTT PDIG        TELAPSE       12.52 TCPU       10.61
 MMMMM PDIG        USED MEM(MB)     21.94 MAX MEM     25.89 TOT MEM       702.14
 CHARGE NORMALIZATION FACTOR   1.00000000
 TOTAL ATOMIC CHARGES:
  22.7945321  25.4440075  22.3650208  25.3964397  25.3964397  22.3650208
  25.4440075  22.7945321
 SUMMED SPIN DENSITY          -0.00000000
 TOTAL ATOMIC SPINS  :
  -0.0000000  -0.0000000  -0.0000000  -0.0000000  -0.0000000  -0.0000000
  -0.0000000  -0.0000000
 TTTTTTTTTTTTTTTTTTTTTTTTTTTTTT MOQGAD      TELAPSE       12.53 TCPU       10.62
 MMMMM MOQGAD      USED MEM(MB)     21.96 MAX MEM     22.13 TOT MEM       702.77
 TTTTTTTTTTTTTTTTTTTTTTTTTTTTTT SHELLXN     TELAPSE       12.82 TCPU       10.90
 MMMMM SHELLXN     USED MEM(MB)     22.23 MAX MEM     30.92 TOT MEM       711.30
 TTTTTTTTTTTTTTTTTTTTTTTTTTTTTT MONMO3      TELAPSE       13.01 TCPU       11.09
 MMMMM MONMO3      USED MEM(MB)     22.23 MAX MEM     22.23 TOT MEM       711.30
 NUMERICALLY INTEGRATED DENSITY     95.9999857316     95.9999857357
 TTTTTTTTTTTTTTTTTTTTTTTTTTTTTT NUMDFT      TELAPSE       13.09 TCPU       11.17
 MMMMM NUMDFT      USED MEM(MB)     22.23 MAX MEM     27.23 TOT MEM       711.30
 CYC  13 ETOT(AU) -2.041158229304E+03 DETOT  3.31E-07 tst  8.78E-09 PX  1.59E-03
 CYCLE 13 WAVE FUNCTION SAVED IN FORTRAN UNIT 79
 TTTTTTTTTTTTTTTTTTTTTTTTTTTTTT DIIS        TELAPSE       13.22 TCPU       11.21
 MMMMM DIIS        USED MEM(MB)     29.86 MAX MEM     35.17 TOT MEM       933.39
 DIIS TEST: 0.53671E-07 AT SCF   CYCLE  13 - DIIS ACTIVE - HISTORY:    13 CYCLES
 TTTTTTTTTTTTTTTTTTTTTTTTTTTTTT FDIK        TELAPSE       13.31 TCPU       11.30
 MMMMM FDIK        USED MEM(MB)     25.74 MAX MEM     29.86 TOT MEM       823.64
 POSSIBLY CONDUCTING STATE - EFERMI(AU) -8.1332948E-02 (RES. CHARGE  5.68E-14;IT.  8)
 TTTTTTTTTTTTTTTTTTTTTTTTTTTTTT PDIG        TELAPSE       13.33 TCPU       11.33
 MMMMM PDIG        USED MEM(MB)     22.21 MAX MEM     26.16 TOT MEM       710.67
 CHARGE NORMALIZATION FACTOR   1.00000000
 TOTAL ATOMIC CHARGES:
  22.7948393  25.4440089  22.3646939  25.3964579  25.3964579  22.3646939
  25.4440089  22.7948393
 SUMMED SPIN DENSITY          -0.00000001
 TOTAL ATOMIC SPINS  :
  -0.0000000  -0.0000000  -0.0000000  -0.0000000  -0.0000000  -0.0000000
  -0.0000000  -0.0000000
 TTTTTTTTTTTTTTTTTTTTTTTTTTTTTT MOQGAD      TELAPSE       13.34 TCPU       11.33
 MMMMM MOQGAD      USED MEM(MB)     22.23 MAX MEM     22.40 TOT MEM       711.30
 TTTTTTTTTTTTTTTTTTTTTTTTTTTTTT SHELLXN     TELAPSE       13.63 TCPU       11.62
 MMMMM SHELLXN     USED MEM(MB)     22.49 MAX MEM     31.19 TOT MEM       719.83
 TTTTTTTTTTTTTTTTTTTTTTTTTTTTTT MONMO3      TELAPSE       13.82 TCPU       11.81
 MMMMM MONMO3      USED MEM(MB)     22.49 MAX MEM     22.49 TOT MEM       719.83
 NUMERICALLY INTEGRATED DENSITY     95.9999857272     95.9999857398
 TTTTTTTTTTTTTTTTTTTTTTTTTTTTTT NUMDFT      TELAPSE       13.90 TCPU       11.89
 MMMMM NUMDFT      USED MEM(MB)     22.49 MAX MEM     27.49 TOT MEM       719.83
 CYC  14 ETOT(AU) -2.041158229569E+03 DETOT -2.65E-07 tst  8.97E-10 PX  7.09E-04
 CYCLE 14 WAVE FUNCTION SAVED IN FORTRAN UNIT 79
 TTTTTTTTTTTTTTTTTTTTTTTTTTTTTT DIIS        TELAPSE       14.26 TCPU       12.21
 MMMMM DIIS        USED MEM(MB)     30.13 MAX MEM     35.44 TOT MEM       941.92
 DIIS TEST: 0.52419E-07 AT SCF   CYCLE  14 - DIIS ACTIVE - HISTORY:    14 CYCLES
 TTTTTTTTTTTTTTTTTTTTTTTTTTTTTT FDIK        TELAPSE       14.34 TCPU       12.30
 MMMMM FDIK        USED MEM(MB)     26.01 MAX MEM     30.13 TOT MEM       832.17
 POSSIBLY CONDUCTING STATE - EFERMI(AU) -8.1342945E-02 (RES. CHARGE  7.39E-13;IT.  8)
 TTTTTTTTTTTTTTTTTTTTTTTTTTTTTT PDIG        TELAPSE       14.37 TCPU       12.32
 MMMMM PDIG        USED MEM(MB)     22.47 MAX MEM     26.43 TOT MEM       719.19
 CHARGE NORMALIZATION FACTOR   1.00000000
 TOTAL ATOMIC CHARGES:
  22.7945554  25.4440360  22.3649480  25.3964605  25.3964605  22.3649480
  25.4440360  22.7945554
 SUMMED SPIN DENSITY          -0.00000004
 TOTAL ATOMIC SPINS  :
  -0.0000000  -0.0000000  -0.0000000  -0.0000000  -0.0000000  -0.0000000
  -0.0000000  -0.0000000
 TTTTTTTTTTTTTTTTTTTTTTTTTTTTTT MOQGAD      TELAPSE       14.37 TCPU       12.33
 MMMMM MOQGAD      USED MEM(MB)     22.49 MAX MEM     22.67 TOT MEM       719.83
 TTTTTTTTTTTTTTTTTTTTTTTTTTTTTT SHELLXN     TELAPSE       14.72 TCPU       12.67
 MMMMM SHELLXN     USED MEM(MB)     22.76 MAX MEM     31.45 TOT MEM       728.36
 TTTTTTTTTTTTTTTTTTTTTTTTTTTTTT MONMO3      TELAPSE       14.91 TCPU       12.86
 MMMMM MONMO3      USED MEM(MB)     22.76 MAX MEM     22.76 TOT MEM       728.36
 NUMERICALLY INTEGRATED DENSITY     95.9999857156     95.9999857515
 TTTTTTTTTTTTTTTTTTTTTTTTTTTTTT NUMDFT      TELAPSE       14.98 TCPU       12.93
 MMMMM NUMDFT      USED MEM(MB)     22.76 MAX MEM     27.76 TOT MEM       728.36
 CYC  15 ETOT(AU) -2.041158229319E+03 DETOT  2.49E-07 tst  9.13E-10 PX  6.00E-04
 CYCLE 15 WAVE FUNCTION SAVED IN FORTRAN UNIT 79
 TTTTTTTTTTTTTTTTTTTTTTTTTTTTTT DIIS        TELAPSE       15.13 TCPU       13.02
 MMMMM DIIS        USED MEM(MB)     30.39 MAX MEM     35.71 TOT MEM       950.45
 DIIS TEST: 0.20870E-07 AT SCF   CYCLE  15 - DIIS ACTIVE - HISTORY:    15 CYCLES
 TTTTTTTTTTTTTTTTTTTTTTTTTTTTTT FDIK        TELAPSE       15.22 TCPU       13.11
 MMMMM FDIK        USED MEM(MB)     26.27 MAX MEM     30.39 TOT MEM       840.69
 POSSIBLY CONDUCTING STATE - EFERMI(AU) -8.1338043E-02 (RES. CHARGE  1.06E-10;IT.  6)
 TTTTTTTTTTTTTTTTTTTTTTTTTTTTTT PDIG        TELAPSE       15.24 TCPU       13.13
 MMMMM PDIG        USED MEM(MB)     22.74 MAX MEM     26.69 TOT MEM       727.72
 CHARGE NORMALIZATION FACTOR   1.00000000
 TOTAL ATOMIC CHARGES:
  22.7946889  25.4440164  22.3648404  25.3964543  25.3964543  22.3648404
  25.4440164  22.7946889
 SUMMED SPIN DENSITY          -0.00000009
 TOTAL ATOMIC SPINS  :
  -0.0000000  -0.0000000  -0.0000000  -0.0000000  -0.0000000  -0.0000000
  -0.0000000  -0.0000000
 TTTTTTTTTTTTTTTTTTTTTTTTTTTTTT MOQGAD      TELAPSE       15.25 TCPU       13.14
 MMMMM MOQGAD      USED MEM(MB)     22.76 MAX MEM     22.93 TOT MEM       728.36
 TTTTTTTTTTTTTTTTTTTTTTTTTTTTTT SHELLXN     TELAPSE       15.54 TCPU       13.42
 MMMMM SHELLXN     USED MEM(MB)     23.03 MAX MEM     31.72 TOT MEM       736.88
 TTTTTTTTTTTTTTTTTTTTTTTTTTTTTT MONMO3      TELAPSE       15.73 TCPU       13.61
 MMMMM MONMO3      USED MEM(MB)     23.03 MAX MEM     23.03 TOT MEM       736.88
 NUMERICALLY INTEGRATED DENSITY     95.9999856868     95.9999857803
 TTTTTTTTTTTTTTTTTTTTTTTTTTTTTT NUMDFT      TELAPSE       15.80 TCPU       13.69
 MMMMM NUMDFT      USED MEM(MB)     23.03 MAX MEM     28.03 TOT MEM       736.88
 CYC  16 ETOT(AU) -2.041158229505E+03 DETOT -1.86E-07 tst  2.68E-10 PX  3.28E-04
 CYCLE 16 WAVE FUNCTION SAVED IN FORTRAN UNIT 79
 TTTTTTTTTTTTTTTTTTTTTTTTTTTTTT DIIS        TELAPSE       16.24 TCPU       13.92
 MMMMM DIIS        USED MEM(MB)     30.66 MAX MEM     35.97 TOT MEM       958.97
 DIIS TEST: 0.14105E-08 AT SCF   CYCLE  16 - DIIS ACTIVE - HISTORY:    16 CYCLES
 TTTTTTTTTTTTTTTTTTTTTTTTTTTTTT FDIK        TELAPSE       16.33 TCPU       14.01
 MMMMM FDIK        USED MEM(MB)     26.54 MAX MEM     30.66 TOT MEM       849.22
 POSSIBLY CONDUCTING STATE - EFERMI(AU) -8.1338820E-02 (RES. CHARGE  3.35E-12;IT.  6)
 TTTTTTTTTTTTTTTTTTTTTTTTTTTTTT PDIG        TELAPSE       16.35 TCPU       14.04
 MMMMM PDIG        USED MEM(MB)     23.01 MAX MEM     26.96 TOT MEM       736.25
 CHARGE NORMALIZATION FACTOR   1.00000000
 TOTAL ATOMIC CHARGES:
  22.7946701  25.4440237  22.3648515  25.3964546  25.3964546  22.3648515
  25.4440237  22.7946701
 SUMMED SPIN DENSITY          -0.00000027
 TOTAL ATOMIC SPINS  :
  -0.0000001  -0.0000000  -0.0000000  -0.0000000  -0.0000000  -0.0000000
  -0.0000000  -0.0000001
 TTTTTTTTTTTTTTTTTTTTTTTTTTTTTT MOQGAD      TELAPSE       16.36 TCPU       14.04
 MMMMM MOQGAD      USED MEM(MB)     23.03 MAX MEM     23.20 TOT MEM       736.88
 TTTTTTTTTTTTTTTTTTTTTTTTTTTTTT SHELLXN     TELAPSE       16.65 TCPU       14.33
 MMMMM SHELLXN     USED MEM(MB)     23.29 MAX MEM     31.99 TOT MEM       745.41
 TTTTTTTTTTTTTTTTTTTTTTTTTTTTTT MONMO3      TELAPSE       16.83 TCPU       14.51
 MMMMM MONMO3      USED MEM(MB)     23.29 MAX MEM     23.29 TOT MEM       745.41
 NUMERICALLY INTEGRATED DENSITY     95.9999855989     95.9999858681
 TTTTTTTTTTTTTTTTTTTTTTTTTTTTTT NUMDFT      TELAPSE       16.90 TCPU       14.58
 MMMMM NUMDFT      USED MEM(MB)     23.29 MAX MEM     28.29 TOT MEM       745.41
 CYC  17 ETOT(AU) -2.041158229427E+03 DETOT  7.83E-08 tst  2.63E-11 PX  1.25E-04
 CYCLE 17 WAVE FUNCTION SAVED IN FORTRAN UNIT 79
 TTTTTTTTTTTTTTTTTTTTTTTTTTTTTT DIIS        TELAPSE       17.03 TCPU       14.61
 MMMMM DIIS        USED MEM(MB)     30.93 MAX MEM     36.24 TOT MEM       967.50
 DIIS TEST: 0.45789E-09 AT SCF   CYCLE  17 - DIIS ACTIVE - HISTORY:    17 CYCLES
 TTTTTTTTTTTTTTTTTTTTTTTTTTTTTT FDIK        TELAPSE       17.11 TCPU       14.69
 MMMMM FDIK        USED MEM(MB)     26.80 MAX MEM     30.93 TOT MEM       857.75
 POSSIBLY CONDUCTING STATE - EFERMI(AU) -8.1339083E-02 (RES. CHARGE  8.53E-14;IT.  6)
 TTTTTTTTTTTTTTTTTTTTTTTTTTTTTT PDIG        TELAPSE       17.14 TCPU       14.72
 MMMMM PDIG        USED MEM(MB)     23.27 MAX MEM     27.23 TOT MEM       744.78
 CHARGE NORMALIZATION FACTOR   1.00000000
 TOTAL ATOMIC CHARGES:
  22.7946622  25.4440219  22.3648564  25.3964596  25.3964596  22.3648564
  25.4440219  22.7946622
 SUMMED SPIN DENSITY          -0.00000067
 TOTAL ATOMIC SPINS  :
  -0.0000003  -0.0000000  -0.0000000  -0.0000000  -0.0000000  -0.0000000
  -0.0000000  -0.0000003
 TTTTTTTTTTTTTTTTTTTTTTTTTTTTTT MOQGAD      TELAPSE       17.14 TCPU       14.72
 MMMMM MOQGAD      USED MEM(MB)     23.29 MAX MEM     23.47 TOT MEM       745.41
 TTTTTTTTTTTTTTTTTTTTTTTTTTTTTT SHELLXN     TELAPSE       17.43 TCPU       15.00
 MMMMM SHELLXN     USED MEM(MB)     23.56 MAX MEM     32.25 TOT MEM       753.94

 ::: DIPOLE MOMENT ALONG NON PERIODIC DIRECTIONS:
 ::: A.U.     (Z)  0.00000E+00
 ::: DEBYE         0.00000E+00

 +++ ENERGIES IN A.U. +++
 ::: EXT EL-POLE                                  -1.0503124665456E+04
 ::: EXT EL-SPHEROPOLE                             0.0000000000000E+00
 ::: BIELET ZONE E-E                               4.1843613141334E+03
 ::: TOTAL E-E                                    -6.3187633513227E+03
 ::: TOTAL E-N + N-E                               1.1706489085993E+04
 ::: TOTAL N-N                                    -7.9935011744709E+03
 ::: KINETIC ENERGY                                7.2162125284048E+02
 ::: PSEUDO TOTAL   ENERGY                        -1.8841541869602E+03
 ::: VIRIAL COEFFICIENT                            5.5386296287731E-01
 TTTTTTTTTTTTTTTTTTTTTTTTTTTTTT MONMO3      TELAPSE       17.61 TCPU       15.19
 MMMMM MONMO3      USED MEM(MB)     23.56 MAX MEM     23.56 TOT MEM       753.94
 NUMERICALLY INTEGRATED DENSITY     95.9999853997     95.9999860675
 EXCHANGE ENERGY: -0.148317184690E+03  CORRELATION ENERGY: -0.868685780601E+01
 TTTTTTTTTTTTTTTTTTTTTTTTTTTTTT NUMDFT      TELAPSE       17.69 TCPU       15.26
 MMMMM NUMDFT      USED MEM(MB)     23.56 MAX MEM     28.56 TOT MEM       753.94
 CYC  18 ETOT(AU) -2.041158229457E+03 DETOT -2.99E-08 tst  8.60E-12 PX  1.25E-04

 == SCF ENDED - CONVERGENCE ON ENERGY      E(AU) -2.0411582294567E+03 CYCLES  18


 ENERGY EXPRESSION=HARTREE+FOCK EXCH*0.00000+(PBE        EXCH)*1.00000+PBE        CORR

 FINITE TEMPERATURE DFT CALCULATION 
 TEMPERATURE      (T)    1.000000000000E-03 HARTREE 
 ENERGY           (E)   -2.041158229457E+03
 FREE ENERGY      (F)   -2.041160026582E+03
 ELECTRON ENTROPY (S)    1.797124944002E+00
 (E(T)+F(T))/2    (E0)  -2.041159128019E+03


 TOTAL ENERGY(DFT)(AU)( 18) -2.0411591280192E+03 DE-3.0E-08 tester 8.6E-12
 TTTTTTTTTTTTTTTTTTTTTTTTTTTTTT EDFT        TELAPSE       17.70 TCPU       15.27
 MMMMM EDFT        USED MEM(MB)     11.81 MAX MEM     23.56 TOT MEM       377.94
 WARNING **** SCF **** SMEAR: ANALYTICAL GRADIENT IS THE FREE ENERGY DERIVATIVE

 *******************************************************************************
 *                             FORCE CALCULATION                               *
 *******************************************************************************

 TTTTTTTTTTTTTTTTTTTTTTTTTTTTTT NUMDFG      TELAPSE       18.43 TCPU       16.00
 MMMMM NUMDFG      USED MEM(MB)     10.07 MAX MEM     19.50 TOT MEM       322.31
 INFORMATION **** EXCPOG **** EXCH. BIPO BUFFER LENGTH (WORDS) =           0
 INFORMATION **** GENPOG **** BIPO BUFFER LENGTH (WORDS) =      513400
 TTTTTTTTTTTTTTTTTTTTTTTTTTTTTT SHELXG      TELAPSE       20.05 TCPU       17.62
 MMMMM SHELXG      USED MEM(MB)     10.07 MAX MEM     44.76 TOT MEM       322.31


 D3 DISPERSION ENERGY (AU)       -8.2700744604617E-02
 TOTAL ENERGY + DISP (AU)        -2.0412418287638E+03

 CARTESIAN FORCES IN HARTREE/BOHR (ANALYTICAL)
   ATOM                     X                   Y                   Z
   1 283            -1.360225472456E-14  1.038617623575E-02 -2.859854046136E-02
   2 253            -9.130524095015E-15  2.381880858335E-03  9.909788188224E-03
   3 283            -4.635610567907E-15 -6.031954432447E-03  1.189882512209E-02
   4 253            -6.689557971602E-15  3.286160875644E-03 -3.846727312094E-03
   5 253             5.104253571210E-15 -3.286160875648E-03  3.846727312094E-03
   6 283             6.279148900975E-15  6.031954432448E-03 -1.189882512210E-02
   7 253             6.946692126924E-15 -2.381880858334E-03 -9.909788188196E-03
   8 283             1.579834549688E-14 -1.038617623575E-02  2.859854046136E-02

 RESULTANT FORCE     7.049273690215E-17 -2.220446049250E-16  1.421085471520E-14

 ATOMIC PART

 SYMMETRY ALLOWED FORCES (ANALYTICAL) (DIRECTION, FORCE)

    1  1.4688271E-02    2 -4.0444444E-02    3  3.3684882E-03    4  1.4014557E-02
    5 -8.5304718E-03    6  1.6827480E-02    7  4.6473333E-03    8 -5.4400939E-03

 CELL PART

 GRADIENT WITH RESPECT TO THE CELL PARAMETER IN HARTREE/BOHR
 ORDER: -D/DA1X, -D/DA1Y
       -D/DA2X, -D/DA2Y

 -0.499784256324E-01 -0.751966572739E-02
  0.251336017182E-14 -0.150393314547E-01

 SYMMETRY ALLOWED FORCES (ANALYTICAL) (DIRECTION, FORCE)

    1 -4.9769501E-02    2 -1.7545803E-02
 TTTTTTTTTTTTTTTTTTTTTTTTTTTTTT TOTGRA      TELAPSE       21.73 TCPU       19.30
 MMMMM TOTGRA      USED MEM(MB)     10.06 MAX MEM     17.01 TOT MEM       321.86
 INFORMATION **** optc001 **** GEOMETRY OUTPUT FILE
 CLASSICAL MODEL (SCHLEGEL) USED AS INITIAL HESSIAN MATRIX
 REFERENCE GEOMETRY DEFINED

 MAX GRADIENT      0.049770  THRESHOLD              0.000450 CONVERGED NO
 RMS GRADIENT      0.022916  THRESHOLD              0.000300 CONVERGED NO

 GRADIENT NORM     0.072465  GRADIENT THRESHOLD     0.500000

 EIGENVALUES OF THE ESTIMATED HESSIAN
  0.6684E-02  0.1401E-01  0.2905E-01  0.4867E-01  0.7217E-01  0.8713E-01
  0.1013      0.1879      0.2385      0.6006    
 NEWTON STEP ( 0.2699111009E+01) EXCEEDS TRUST RADIUS ( 0.5000000000E+00)
 LEVEL SHIFT    -0.2327684014E-01

 INITIAL TRUST RADIUS    0.5000000000E+00

 PREDICTED ENERGY CHANGE    -0.265E-01

 INITIAL DISPLACEMENTS
  0.245639 -0.339864  0.071171 -0.001028 -0.005548  0.051009 -0.044401 -0.046026
 -0.244580 -0.050457
 TTTTTTTTTTTTTTTTTTTTTTTTTTTTTT OPTI        TELAPSE       21.74 TCPU       19.31
 MMMMM OPTI        USED MEM(MB)      9.18 MAX MEM     10.06 TOT MEM       293.75

 OPTOPTOPTOPTOPTOPTOPTOPTOPTOPTOPTOPTOPTOPTOPTOPTOPTOPTOPTOPTOPTOPTOPTOPTOPTOPT

 - INFORMATION ON SCF MOVED TO SCFOUT.LOG
 GEOMETRY OPTIMIZATION INFORMATION STORED IN OPTINFO.DAT

 OPTOPTOPTOPTOPTOPTOPTOPTOPTOPTOPTOPTOPTOPTOPTOPTOPTOPTOPTOPTOPTOPTOPTOPTOPTOPT
 *******************************************************************************
 COORDINATE AND CELL OPTIMIZATION - POINT    2
 *******************************************************************************
 LATTICE PARAMETERS (ANGSTROMS AND DEGREES) - BOHR = 0.5291772083 ANGSTROM
 PRIMITIVE CELL
         A              B              C           ALPHA      BETA       GAMMA 
     4.22839595     7.10556034   500.00000000    90.000000  90.000000 107.309990
 *******************************************************************************
 ATOMS IN THE ASYMMETRIC UNIT    4 - ATOMS IN THE UNIT CELL:    8
     ATOM                 X/A                 Y/B             Z(ANGSTROM)
 *******************************************************************************
      1 T 283 BI    7.920702485118E-02  1.584140497024E-01  4.656300932550E+00
      2 T 253 I     4.129198982349E-01 -1.741602035302E-01  2.714074627831E+00
      3 T 283 BI   -2.424437399728E-01 -4.848874799457E-01  2.109112934308E+00
      4 T 253 I     1.098071549590E-01  2.196143099181E-01  1.106171850409E+00
      5 F 253 I    -1.098071549590E-01 -2.196143099181E-01 -1.106171850409E+00
      6 F 283 BI    2.424437399728E-01  4.848874799457E-01 -2.109112934308E+00
      7 F 253 I    -4.129198982349E-01  1.741602035302E-01 -2.714074627831E+00
      8 F 283 BI   -7.920702485118E-02 -1.584140497024E-01 -4.656300932550E+00

 T = ATOM BELONGING TO THE ASYMMETRIC UNIT

 TOTAL ENERGY(DFT)(AU)( 14) -2.0412722037236E+03     DE (AU)   -3.037E-02

 UPDATED TRUST RADIUS     0.500E+00

 SYMMETRY ALLOWED FORCES  (COORDINATE, FORCE)

    1  1.9027942E-02    2 -3.8968513E-02    3  7.8604402E-03    4  1.6326593E-02
    5 -1.2002919E-02    6  2.2175850E-02    7 -8.3133914E-04    8 -1.3344721E-02
    9 -3.0174001E-02   10 -1.8766202E-02

 GRADIENT NORM     0.065469  GRADIENT THRESHOLD     0.500000

 EIGENVALUES OF THE ESTIMATED HESSIAN
  0.3320E-02  0.9519E-02  0.1842E-01  0.3616E-01  0.6807E-01  0.8073E-01
  0.1196      0.2376      0.3307      0.6007    
 NEWTON STEP ( 0.1508764311E+02) EXCEEDS TRUST RADIUS ( 0.5000000000E+00)
 LEVEL SHIFT    -0.9478078898E-01

 PREDICTED ENERGY CHANGE    -0.310E-01

 MAX GRADIENT      0.038969  THRESHOLD              0.000450 CONVERGED NO
 RMS GRADIENT      0.020703  THRESHOLD              0.000300 CONVERGED NO
 MAX DISPLAC.      0.325846  THRESHOLD              0.001800 CONVERGED NO
 RMS DISPLAC.      0.158114  THRESHOLD              0.001200 CONVERGED NO
 TTTTTTTTTTTTTTTTTTTTTTTTTTTTTT OPTI        TELAPSE       38.19 TCPU       34.46
 MMMMM OPTI        USED MEM(MB)     12.93 MAX MEM     13.81 TOT MEM       413.72
 *******************************************************************************
 COORDINATE AND CELL OPTIMIZATION - POINT    3
 *******************************************************************************
 LATTICE PARAMETERS (ANGSTROMS AND DEGREES) - BOHR = 0.5291772083 ANGSTROM
 PRIMITIVE CELL
         A              B              C           ALPHA      BETA       GAMMA 
     4.10894741     7.04605427   500.00000000    90.000000  90.000000 106.952446
 *******************************************************************************
 ATOMS IN THE ASYMMETRIC UNIT    4 - ATOMS IN THE UNIT CELL:    8
     ATOM                 X/A                 Y/B             Z(ANGSTROM)
 *******************************************************************************
      1 T 283 BI    8.422345172569E-02  1.684469034514E-01  4.534374456552E+00
      2 T 253 I     4.136221007838E-01 -1.727557984324E-01  2.756880820093E+00
      3 T 283 BI   -2.437763792895E-01 -4.875527585791E-01  2.163545178437E+00
      4 T 253 I     1.085674176518E-01  2.171348353035E-01  1.072388602602E+00
      5 F 253 I    -1.085674176518E-01 -2.171348353035E-01 -1.072388602602E+00
      6 F 283 BI    2.437763792895E-01  4.875527585791E-01 -2.163545178437E+00
      7 F 253 I    -4.136221007838E-01  1.727557984324E-01 -2.756880820093E+00
      8 F 283 BI   -8.422345172569E-02 -1.684469034514E-01 -4.534374456552E+00

 T = ATOM BELONGING TO THE ASYMMETRIC UNIT

 TOTAL ENERGY(DFT)(AU)( 17) -2.0413032669762E+03     DE (AU)   -3.106E-02

 UPDATED TRUST RADIUS     0.500E+00

 SYMMETRY ALLOWED FORCES  (COORDINATE, FORCE)

    1  2.4043426E-02    2 -3.2840180E-02    3  1.1259994E-02    4  1.7112559E-02
    5 -1.6049140E-02    6  2.5019265E-02    7 -5.2510991E-03    8 -2.2304357E-02
    9 -9.2965914E-03   10 -1.8649614E-02

 GRADIENT NORM     0.062602  GRADIENT THRESHOLD     0.500000

 EIGENVALUES OF THE ESTIMATED HESSIAN
  0.5611E-02  0.9934E-02  0.1382E-01  0.3203E-01  0.5996E-01  0.8635E-01
  0.1226      0.2346      0.4698      0.5940    
 NEWTON STEP ( 0.7057892249E+01) EXCEEDS TRUST RADIUS ( 0.5000000000E+00)
 LEVEL SHIFT    -0.4836303336E-01

 PREDICTED ENERGY CHANGE    -0.287E-01

 MAX GRADIENT      0.032840  THRESHOLD              0.000450 CONVERGED NO
 RMS GRADIENT      0.019797  THRESHOLD              0.000300 CONVERGED NO
 MAX DISPLAC.      0.300586  THRESHOLD              0.001800 CONVERGED NO
 RMS DISPLAC.      0.158114  THRESHOLD              0.001200 CONVERGED NO
 TTTTTTTTTTTTTTTTTTTTTTTTTTTTTT OPTI        TELAPSE       57.68 TCPU       52.39
 MMMMM OPTI        USED MEM(MB)     17.48 MAX MEM     18.36 TOT MEM       559.29
 *******************************************************************************
 COORDINATE AND CELL OPTIMIZATION - POINT    4
 *******************************************************************************
 LATTICE PARAMETERS (ANGSTROMS AND DEGREES) - BOHR = 0.5291772083 ANGSTROM
 PRIMITIVE CELL
         A              B              C           ALPHA      BETA       GAMMA 
     4.00470548     7.02318039   500.00000000    90.000000  90.000000 106.565201
 *******************************************************************************
 ATOMS IN THE ASYMMETRIC UNIT    4 - ATOMS IN THE UNIT CELL:    8
     ATOM                 X/A                 Y/B             Z(ANGSTROM)
 *******************************************************************************
      1 T 283 BI    8.983703777992E-02  1.796740755598E-01  4.421899597499E+00
      2 T 253 I     4.143628905690E-01 -1.712742188619E-01  2.809779888267E+00
      3 T 283 BI   -2.453309454071E-01 -4.906618908142E-01  2.224403738912E+00
      4 T 253 I     1.075336077209E-01  2.150672154417E-01  1.023239428524E+00
      5 F 253 I    -1.075336077209E-01 -2.150672154417E-01 -1.023239428524E+00
      6 F 283 BI    2.453309454071E-01  4.906618908142E-01 -2.224403738912E+00
      7 F 253 I    -4.143628905690E-01  1.712742188619E-01 -2.809779888267E+00
      8 F 283 BI   -8.983703777992E-02 -1.796740755598E-01 -4.421899597499E+00

 T = ATOM BELONGING TO THE ASYMMETRIC UNIT

 TOTAL ENERGY(DFT)(AU)( 17) -2.0413320479016E+03     DE (AU)   -2.878E-02

 UPDATED TRUST RADIUS     0.500E+00

 SYMMETRY ALLOWED FORCES  (COORDINATE, FORCE)

    1  2.6620146E-02    2 -2.9583257E-02    3  1.6034566E-02    4  1.9468126E-02
    5 -2.1948259E-02    6  2.5756498E-02    7 -6.6252905E-03    8 -2.6955243E-02
    9  4.1015201E-03   10 -1.8200223E-02

 GRADIENT NORM     0.066960  GRADIENT THRESHOLD     0.500000

 EIGENVALUES OF THE ESTIMATED HESSIAN
  0.2628E-02  0.6451E-02  0.1377E-01  0.3184E-01  0.5905E-01  0.8664E-01
  0.1260      0.2354      0.5269      0.7578    
 NEWTON STEP ( 0.2216757242E+02) EXCEEDS TRUST RADIUS ( 0.5000000000E+00)
 LEVEL SHIFT    -0.1135761511E+00

 PREDICTED ENERGY CHANGE    -0.298E-01

 MAX GRADIENT      0.029583  THRESHOLD              0.000450 CONVERGED NO
 RMS GRADIENT      0.021174  THRESHOLD              0.000300 CONVERGED NO
 MAX DISPLAC.      0.282503  THRESHOLD              0.001800 CONVERGED NO
 RMS DISPLAC.      0.158114  THRESHOLD              0.001200 CONVERGED NO
 TTTTTTTTTTTTTTTTTTTTTTTTTTTTTT OPTI        TELAPSE       76.73 TCPU       69.79
 MMMMM OPTI        USED MEM(MB)     22.03 MAX MEM     22.91 TOT MEM       704.85
 *******************************************************************************
 COORDINATE AND CELL OPTIMIZATION - POINT    5
 *******************************************************************************
 LATTICE PARAMETERS (ANGSTROMS AND DEGREES) - BOHR = 0.5291772083 ANGSTROM
 PRIMITIVE CELL
         A              B              C           ALPHA      BETA       GAMMA 
     3.91427465     7.02563872   500.00000000    90.000000  90.000000 106.174920
 *******************************************************************************
 ATOMS IN THE ASYMMETRIC UNIT    4 - ATOMS IN THE UNIT CELL:    8
     ATOM                 X/A                 Y/B             Z(ANGSTROM)
 *******************************************************************************
      1 T 283 BI    9.523756151271E-02  1.904751230254E-01  4.316191383859E+00
      2 T 253 I     4.157450766753E-01 -1.685098466493E-01  2.869089748842E+00
      3 T 283 BI   -2.474258626989E-01 -4.948517253979E-01  2.291659158917E+00
      4 T 253 I     1.063839869748E-01  2.127679739496E-01  9.644220393472E-01
      5 F 253 I    -1.063839869748E-01 -2.127679739496E-01 -9.644220393472E-01
      6 F 283 BI    2.474258626989E-01  4.948517253979E-01 -2.291659158917E+00
      7 F 253 I    -4.157450766753E-01  1.685098466493E-01 -2.869089748842E+00
      8 F 283 BI   -9.523756151271E-02 -1.904751230254E-01 -4.316191383859E+00

 T = ATOM BELONGING TO THE ASYMMETRIC UNIT

 TOTAL ENERGY(DFT)(AU)( 15) -2.0413620938579E+03     DE (AU)   -3.005E-02

 UPDATED TRUST RADIUS     0.500E+00

 SYMMETRY ALLOWED FORCES  (COORDINATE, FORCE)

    1  2.9484019E-02    2 -2.4241629E-02    3  1.7893050E-02    4  2.0356505E-02
    5 -2.7951919E-02    6  2.5160647E-02    7 -4.7265686E-03    8 -2.9385711E-02
    9  1.5573051E-02   10 -1.5124153E-02

 GRADIENT NORM     0.070449  GRADIENT THRESHOLD     0.500000

 EIGENVALUES OF THE ESTIMATED HESSIAN
  0.4760E-02  0.7088E-02  0.1394E-01  0.3185E-01  0.5799E-01  0.8587E-01
  0.1254      0.2302      0.4423      0.5426    
 NEWTON STEP ( 0.1138313241E+02) EXCEEDS TRUST RADIUS ( 0.5000000000E+00)
 LEVEL SHIFT    -0.9432513039E-01

 PREDICTED ENERGY CHANGE    -0.305E-01

 MAX GRADIENT      0.029484  THRESHOLD              0.000450 CONVERGED NO
 RMS GRADIENT      0.022278  THRESHOLD              0.000300 CONVERGED NO
 MAX DISPLAC.      0.255598  THRESHOLD              0.001800 CONVERGED NO
 RMS DISPLAC.      0.158114  THRESHOLD              0.001200 CONVERGED NO
 TTTTTTTTTTTTTTTTTTTTTTTTTTTTTT OPTI        TELAPSE       94.40 TCPU       85.99
 MMMMM OPTI        USED MEM(MB)     26.04 MAX MEM     26.92 TOT MEM       833.35
 *******************************************************************************
 COORDINATE AND CELL OPTIMIZATION - POINT    6
 *******************************************************************************
 LATTICE PARAMETERS (ANGSTROMS AND DEGREES) - BOHR = 0.5291772083 ANGSTROM
 PRIMITIVE CELL
         A              B              C           ALPHA      BETA       GAMMA 
     3.85081762     7.06164668   500.00000000    90.000000  90.000000 105.822447
 *******************************************************************************
 ATOMS IN THE ASYMMETRIC UNIT    4 - ATOMS IN THE UNIT CELL:    8
     ATOM                 X/A                 Y/B             Z(ANGSTROM)
 *******************************************************************************
      1 T 283 BI    1.009967197715E-01  2.019934395431E-01  4.220550360850E+00
      2 T 253 I     4.178153462969E-01 -1.643693074063E-01  2.927786760843E+00
      3 T 283 BI   -2.505050693113E-01  4.989898613773E-01  2.364347385377E+00
      4 T 253 I     1.052858254428E-01  2.105716508856E-01  8.954120771050E-01
      5 F 253 I    -1.052858254428E-01 -2.105716508856E-01 -8.954120771050E-01
      6 F 283 BI    2.505050693113E-01 -4.989898613773E-01 -2.364347385377E+00
      7 F 253 I    -4.178153462969E-01  1.643693074063E-01 -2.927786760843E+00
      8 F 283 BI   -1.009967197715E-01 -2.019934395431E-01 -4.220550360850E+00

 T = ATOM BELONGING TO THE ASYMMETRIC UNIT

 ENERGY DIFFERENCE WITH RESPECT TO FIRST CALCULATION USING
 THE PRESENT REFERENCE GEOMETRY:  1.202650941391E-01

 REFERENCE GEOMETRY WILL BE CHANGED

 TOTAL ENERGY(DFT)(AU)( 18) -2.0413931160468E+03     DE (AU)   -3.102E-02

 SYMMETRY ALLOWED FORCES  (COORDINATE, FORCE)

    1  2.6063771E-02    2 -1.7338109E-02    3  1.4948485E-02    4  1.9101797E-02
    5 -2.6029402E-02    6  1.8738842E-02    7  1.7655201E-03    8 -2.4471609E-02
    9  1.8689735E-02   10 -1.3332178E-02

 GRADIENT NORM     0.061041  GRADIENT THRESHOLD     0.500000

 HESSIAN UPDATE SKIPPED

 EIGENVALUES OF THE ESTIMATED HESSIAN
  0.4760E-02  0.7088E-02  0.1394E-01  0.3185E-01  0.5799E-01  0.8587E-01
  0.1254      0.2302      0.4423      0.5426    
 NEWTON STEP ( 0.9173321445E+01) EXCEEDS TRUST RADIUS ( 0.5000000000E+00)
 LEVEL SHIFT    -0.7545521359E-01

 PREDICTED ENERGY CHANGE    -0.247E-01

 MAX GRADIENT      0.026064  THRESHOLD              0.000450 CONVERGED NO
 RMS GRADIENT      0.019303  THRESHOLD              0.000300 CONVERGED NO
 MAX DISPLAC.      0.249712  THRESHOLD              0.001800 CONVERGED NO
 RMS DISPLAC.      0.158114  THRESHOLD              0.001200 CONVERGED NO
 TTTTTTTTTTTTTTTTTTTTTTTTTTTTTT OPTI        TELAPSE      123.78 TCPU      113.81
 MMMMM OPTI        USED MEM(MB)     31.29 MAX MEM     32.23 TOT MEM      1001.24
 *******************************************************************************
 COORDINATE AND CELL OPTIMIZATION - POINT    7
 *******************************************************************************
 LATTICE PARAMETERS (ANGSTROMS AND DEGREES) - BOHR = 0.5291772083 ANGSTROM
 PRIMITIVE CELL
         A              B              C           ALPHA      BETA       GAMMA 
     3.78605920     7.11160417   500.00000000    90.000000  90.000000 105.437605
 *******************************************************************************
 ATOMS IN THE ASYMMETRIC UNIT    4 - ATOMS IN THE UNIT CELL:    8
     ATOM                 X/A                 Y/B             Z(ANGSTROM)
 *******************************************************************************
      1 T 283 BI    1.070065577401E-01  2.140131154801E-01  4.127111831360E+00
      2 T 253 I     4.196802449788E-01 -1.606395100425E-01  2.989903570729E+00
      3 T 283 BI   -2.533425164952E-01  4.933149670097E-01  2.435679426032E+00
      4 T 253 I     1.049615014052E-01  2.099230028104E-01  8.284181799800E-01
      5 F 253 I    -1.049615014052E-01 -2.099230028104E-01 -8.284181799800E-01
      6 F 283 BI    2.533425164952E-01 -4.933149670097E-01 -2.435679426032E+00
      7 F 253 I    -4.196802449788E-01  1.606395100425E-01 -2.989903570729E+00
      8 F 283 BI   -1.070065577401E-01 -2.140131154801E-01 -4.127111831360E+00

 T = ATOM BELONGING TO THE ASYMMETRIC UNIT

 TOTAL ENERGY(DFT)(AU)( 13) -2.0414137549137E+03     DE (AU)   -2.064E-02

 UPDATED TRUST RADIUS     0.500E+00

 SYMMETRY ALLOWED FORCES  (COORDINATE, FORCE)

    1  1.5697529E-02    2 -4.7318760E-03    3  1.0373576E-02    4  1.7648303E-02
    5 -1.4868339E-02    6  4.7411254E-03    7  6.5291357E-03    8 -1.7905090E-02
    9  2.9149971E-02   10 -9.6598668E-03

 GRADIENT NORM     0.047304  GRADIENT THRESHOLD     0.500000

 EIGENVALUES OF THE ESTIMATED HESSIAN
  0.6230E-02  0.1365E-01  0.2500E-01  0.5257E-01  0.5838E-01  0.8856E-01
  0.1322      0.2001      0.2578      0.5307    
 NEWTON STEP ( 0.1146164036E+01) EXCEEDS TRUST RADIUS ( 0.5000000000E+00)
 LEVEL SHIFT     0.5837638237E-02

 PREDICTED ENERGY CHANGE    -0.125E-01

 MAX GRADIENT      0.029150  THRESHOLD              0.000450 CONVERGED NO
 RMS GRADIENT      0.014959  THRESHOLD              0.000300 CONVERGED NO
 MAX DISPLAC.      0.305956  THRESHOLD              0.001800 CONVERGED NO
 RMS DISPLAC.      0.158114  THRESHOLD              0.001200 CONVERGED NO
 TTTTTTTTTTTTTTTTTTTTTTTTTTTTTT OPTI        TELAPSE      147.43 TCPU      135.96
 MMMMM OPTI        USED MEM(MB)     35.17 MAX MEM     36.11 TOT MEM      1125.48
 *******************************************************************************
 COORDINATE AND CELL OPTIMIZATION - POINT    8
 *******************************************************************************
 LATTICE PARAMETERS (ANGSTROMS AND DEGREES) - BOHR = 0.5291772083 ANGSTROM
 PRIMITIVE CELL
         A              B              C           ALPHA      BETA       GAMMA 
     3.72961345     7.33865847   500.00000000    90.000000  90.000000 104.720695
 *******************************************************************************
 ATOMS IN THE ASYMMETRIC UNIT    4 - ATOMS IN THE UNIT CELL:    8
     ATOM                 X/A                 Y/B             Z(ANGSTROM)
 *******************************************************************************
      1 T 283 BI    1.065560256607E-01  2.131120513215E-01  4.054847205578E+00
      2 T 253 I     4.192569485939E-01 -1.614861028121E-01  3.034708091206E+00
      3 T 283 BI   -2.553303527335E-01  4.893392945329E-01  2.480317712935E+00
      4 T 253 I     1.089595705704E-01  2.179191411408E-01  7.469538885350E-01
      5 F 253 I    -1.089595705704E-01 -2.179191411408E-01 -7.469538885350E-01
      6 F 283 BI    2.553303527335E-01 -4.893392945329E-01 -2.480317712935E+00
      7 F 253 I    -4.192569485939E-01  1.614861028121E-01 -3.034708091206E+00
      8 F 283 BI   -1.065560256607E-01 -2.131120513215E-01 -4.054847205578E+00

 T = ATOM BELONGING TO THE ASYMMETRIC UNIT

 TOTAL ENERGY(DFT)(AU)( 11) -2.0414253179875E+03     DE (AU)   -1.156E-02

 UPDATED TRUST RADIUS     0.500E+00

 SYMMETRY ALLOWED FORCES  (COORDINATE, FORCE)

    1  1.0203418E-02    2 -3.0497816E-03    3  5.7640343E-03    4  1.3178935E-02
    5 -7.5548903E-03    6 -2.1281867E-03    7  5.3705198E-03    8 -1.0800974E-02
    9  2.1622092E-02   10  1.3284863E-03

 GRADIENT NORM     0.031571  GRADIENT THRESHOLD     0.500000

 EIGENVALUES OF THE ESTIMATED HESSIAN
  0.6495E-02  0.1250E-01  0.3333E-01  0.5129E-01  0.5828E-01  0.8856E-01
  0.1395      0.1979      0.2519      0.5307    
 NEWTON STEP ( 0.8524726030E+00) EXCEEDS TRUST RADIUS ( 0.5000000000E+00)
 LEVEL SHIFT    -0.1148288013E-02

 PREDICTED ENERGY CHANGE    -0.626E-02

 MAX GRADIENT      0.021622  THRESHOLD              0.000450 CONVERGED NO
 RMS GRADIENT      0.009984  THRESHOLD              0.000300 CONVERGED NO
 MAX DISPLAC.      0.264525  THRESHOLD              0.001800 CONVERGED NO
 RMS DISPLAC.      0.158114  THRESHOLD              0.001200 CONVERGED NO
 TTTTTTTTTTTTTTTTTTTTTTTTTTTTTT OPTI        TELAPSE      168.64 TCPU      156.07
 MMMMM OPTI        USED MEM(MB)     38.46 MAX MEM     39.40 TOT MEM      1230.69
 *******************************************************************************
 COORDINATE AND CELL OPTIMIZATION - POINT    9
 *******************************************************************************
 LATTICE PARAMETERS (ANGSTROMS AND DEGREES) - BOHR = 0.5291772083 ANGSTROM
 PRIMITIVE CELL
         A              B              C           ALPHA      BETA       GAMMA 
     3.74758744     7.46342337   500.00000000    90.000000  90.000000 104.540458
 *******************************************************************************
 ATOMS IN THE ASYMMETRIC UNIT    4 - ATOMS IN THE UNIT CELL:    8
     ATOM                 X/A                 Y/B             Z(ANGSTROM)
 *******************************************************************************
      1 T 283 BI    1.137350405384E-01  2.274700810767E-01  3.960836562041E+00
      2 T 253 I     4.233827543993E-01 -1.532344912014E-01  3.025683829607E+00
      3 T 283 BI   -2.531702182558E-01  4.936595634883E-01  2.464826121318E+00
      4 T 253 I     1.141160716350E-01  2.282321432701E-01  6.892001726928E-01
      5 F 253 I    -1.141160716350E-01 -2.282321432701E-01 -6.892001726928E-01
      6 F 283 BI    2.531702182558E-01 -4.936595634883E-01 -2.464826121318E+00
      7 F 253 I    -4.233827543993E-01  1.532344912014E-01 -3.025683829607E+00
      8 F 283 BI   -1.137350405384E-01 -2.274700810767E-01 -3.960836562041E+00

 T = ATOM BELONGING TO THE ASYMMETRIC UNIT

 TOTAL ENERGY(DFT)(AU)( 12) -2.0414315496878E+03     DE (AU)   -6.232E-03

 UPDATED TRUST RADIUS     0.500E+00

 SYMMETRY ALLOWED FORCES  (COORDINATE, FORCE)

    1 -9.9956816E-04    2  2.2120066E-03    3  9.8766697E-04    4  1.0962557E-02
    5  6.8725943E-03    6 -7.5819459E-03    7  1.8123378E-03    8 -8.2127174E-03
    9  1.5611100E-02   10  2.7686853E-03

 GRADIENT NORM     0.023534  GRADIENT THRESHOLD     0.500000

 EIGENVALUES OF THE ESTIMATED HESSIAN
  0.7587E-02  0.1115E-01  0.2805E-01  0.4761E-01  0.7035E-01  0.9004E-01
  0.1376      0.2050      0.2390      0.5463    
 NEWTON STEP ( 0.5976252854E+00) EXCEEDS TRUST RADIUS ( 0.5000000000E+00)
 LEVEL SHIFT     0.7539394568E-02

 PREDICTED ENERGY CHANGE    -0.292E-02

 MAX GRADIENT      0.015611  THRESHOLD              0.000450 CONVERGED NO
 RMS GRADIENT      0.007442  THRESHOLD              0.000300 CONVERGED NO
 MAX DISPLAC.      0.302083  THRESHOLD              0.001800 CONVERGED NO
 RMS DISPLAC.      0.158114  THRESHOLD              0.001200 CONVERGED NO
 TTTTTTTTTTTTTTTTTTTTTTTTTTTTTT OPTI        TELAPSE      190.60 TCPU      176.84
 MMMMM OPTI        USED MEM(MB)     42.04 MAX MEM     42.99 TOT MEM      1345.42
 *******************************************************************************
 COORDINATE AND CELL OPTIMIZATION - POINT   10
 *******************************************************************************
 LATTICE PARAMETERS (ANGSTROMS AND DEGREES) - BOHR = 0.5291772083 ANGSTROM
 PRIMITIVE CELL
         A              B              C           ALPHA      BETA       GAMMA 
     3.75849702     7.63705946   500.00000000    90.000000  90.000000 104.245055
 *******************************************************************************
 ATOMS IN THE ASYMMETRIC UNIT    4 - ATOMS IN THE UNIT CELL:    8
     ATOM                 X/A                 Y/B             Z(ANGSTROM)
 *******************************************************************************
      1 T 283 BI    1.105654484591E-01  2.211308969183E-01  3.863981084344E+00
      2 T 253 I     4.218135810695E-01 -1.563728378610E-01  3.011424232997E+00
      3 T 283 BI   -2.540129382590E-01  4.919741234820E-01  2.428651446658E+00
      4 T 253 I     1.177123452345E-01  2.354246904691E-01  5.761654305615E-01
      5 F 253 I    -1.177123452345E-01 -2.354246904691E-01 -5.761654305615E-01
      6 F 283 BI    2.540129382590E-01 -4.919741234820E-01 -2.428651446658E+00
      7 F 253 I    -4.218135810695E-01  1.563728378610E-01 -3.011424232997E+00
      8 F 283 BI   -1.105654484591E-01 -2.211308969183E-01 -3.863981084344E+00

 T = ATOM BELONGING TO THE ASYMMETRIC UNIT

 TOTAL ENERGY(DFT)(AU)(  8) -2.0414387130942E+03     DE (AU)   -7.163E-03

 UPDATED TRUST RADIUS     0.500E+00

 SYMMETRY ALLOWED FORCES  (COORDINATE, FORCE)

    1  1.6532379E-03    2 -4.3868493E-03    3 -1.4071214E-03    4  9.3728052E-03
    5  4.2493293E-03    6 -4.0770425E-03    7  1.5106193E-03    8 -6.4452393E-04
    9  8.2154359E-04   10  7.5707061E-03

 GRADIENT NORM     0.014394  GRADIENT THRESHOLD     0.500000

 EIGENVALUES OF THE ESTIMATED HESSIAN
  0.7709E-02  0.8508E-02  0.3220E-01  0.4672E-01  0.7760E-01  0.9408E-01
  0.1434      0.2236      0.2547      0.5597    

 PREDICTED ENERGY CHANGE    -0.151E-02

 MAX GRADIENT      0.009373  THRESHOLD              0.000450 CONVERGED NO
 RMS GRADIENT      0.004552  THRESHOLD              0.000300 CONVERGED NO
 MAX DISPLAC.      0.168061  THRESHOLD              0.001800 CONVERGED NO
 RMS DISPLAC.      0.103222  THRESHOLD              0.001200 CONVERGED NO
 TTTTTTTTTTTTTTTTTTTTTTTTTTTTTT OPTI        TELAPSE      208.10 TCPU      193.59
 MMMMM OPTI        USED MEM(MB)     44.44 MAX MEM     45.38 TOT MEM      1422.10
 *******************************************************************************
 COORDINATE AND CELL OPTIMIZATION - POINT   11
 *******************************************************************************
 LATTICE PARAMETERS (ANGSTROMS AND DEGREES) - BOHR = 0.5291772083 ANGSTROM
 PRIMITIVE CELL
         A              B              C           ALPHA      BETA       GAMMA 
     3.79526335     7.61620550   500.00000000    90.000000  90.000000 104.427639
 *******************************************************************************
 ATOMS IN THE ASYMMETRIC UNIT    4 - ATOMS IN THE UNIT CELL:    8
     ATOM                 X/A                 Y/B             Z(ANGSTROM)
 *******************************************************************************
      1 T 283 BI    1.151265087524E-01  2.302530175049E-01  3.809374420804E+00
      2 T 253 I     4.243178996516E-01 -1.513642006967E-01  3.038113858739E+00
      3 T 283 BI   -2.514437128907E-01  4.971125742185E-01  2.401291824367E+00
      4 T 253 I     1.202918237280E-01  2.405836474560E-01  5.350760327386E-01
      5 F 253 I    -1.202918237280E-01 -2.405836474560E-01 -5.350760327386E-01
      6 F 283 BI    2.514437128907E-01 -4.971125742185E-01 -2.401291824367E+00
      7 F 253 I    -4.243178996516E-01  1.513642006967E-01 -3.038113858739E+00
      8 F 283 BI   -1.151265087524E-01 -2.302530175049E-01 -3.809374420804E+00

 T = ATOM BELONGING TO THE ASYMMETRIC UNIT

 TOTAL ENERGY(DFT)(AU)( 10) -2.0414407644120E+03     DE (AU)   -2.051E-03

 UPDATED TRUST RADIUS     0.500E+00

 SYMMETRY ALLOWED FORCES  (COORDINATE, FORCE)

    1 -3.5071113E-03    2 -7.6296630E-04    3 -2.2396349E-03    4  8.2586863E-03
    5  8.9295422E-03    6 -4.8380398E-03    7 -8.0085101E-04    8  2.0078029E-03
    9  1.8092936E-04   10  1.8070616E-03

 GRADIENT NORM     0.014043  GRADIENT THRESHOLD     0.500000

 EIGENVALUES OF THE ESTIMATED HESSIAN
  0.7325E-02  0.1205E-01  0.1983E-01  0.4480E-01  0.7301E-01  0.8725E-01
  0.1366      0.2260      0.2548      0.5715    

 PREDICTED ENERGY CHANGE    -0.152E-02

 MAX GRADIENT      0.008930  THRESHOLD              0.000450 CONVERGED NO
 RMS GRADIENT      0.004441  THRESHOLD              0.000300 CONVERGED NO
 MAX DISPLAC.      0.315114  THRESHOLD              0.001800 CONVERGED NO
 RMS DISPLAC.      0.120405  THRESHOLD              0.001200 CONVERGED NO
 TTTTTTTTTTTTTTTTTTTTTTTTTTTTTT OPTI        TELAPSE      228.01 TCPU      212.39
 MMMMM OPTI        USED MEM(MB)     47.43 MAX MEM     48.37 TOT MEM      1517.80
 *******************************************************************************
 COORDINATE AND CELL OPTIMIZATION - POINT   12
 *******************************************************************************
 LATTICE PARAMETERS (ANGSTROMS AND DEGREES) - BOHR = 0.5291772083 ANGSTROM
 PRIMITIVE CELL
         A              B              C           ALPHA      BETA       GAMMA 
     3.81449535     7.54519599   500.00000000    90.000000  90.000000 104.641868
 *******************************************************************************
 ATOMS IN THE ASYMMETRIC UNIT    4 - ATOMS IN THE UNIT CELL:    8
     ATOM                 X/A                 Y/B             Z(ANGSTROM)
 *******************************************************************************
      1 T 283 BI    1.179441043393E-01  2.358882086786E-01  3.823742080903E+00
      2 T 253 I     4.263578907512E-01 -1.472842184976E-01  3.156024559897E+00
      3 T 283 BI   -2.483461778638E-01 -4.966923557277E-01  2.412259059181E+00
      4 T 253 I     1.220438627569E-01  2.440877255138E-01  5.358000986361E-01
      5 F 253 I    -1.220438627569E-01 -2.440877255138E-01 -5.358000986361E-01
      6 F 283 BI    2.483461778638E-01  4.966923557277E-01 -2.412259059181E+00
      7 F 253 I    -4.263578907512E-01  1.472842184976E-01 -3.156024559897E+00
      8 F 283 BI   -1.179441043393E-01 -2.358882086786E-01 -3.823742080903E+00

 T = ATOM BELONGING TO THE ASYMMETRIC UNIT

 TOTAL ENERGY(DFT)(AU)(  9) -2.0414405508431E+03     DE (AU)    2.136E-04

 UPDATED TRUST RADIUS     0.952E-01
 ENERGY CHANGE > 0: STEP REJECTED. RETRYING WITH A NEW STEP

 EIGENVALUES OF THE ESTIMATED HESSIAN
  0.7325E-02  0.1205E-01  0.1983E-01  0.4480E-01  0.7301E-01  0.8725E-01
  0.1366      0.2260      0.2548      0.5715    
 NEWTON STEP ( 0.3807542845E+00) EXCEEDS TRUST RADIUS ( 0.9518857709E-01)
 LEVEL SHIFT    -0.8117583890E-02

 PREDICTED ENERGY CHANGE    -0.737E-03

 MAX GRADIENT      0.008930  THRESHOLD              0.000450 CONVERGED NO
 RMS GRADIENT      0.004441  THRESHOLD              0.000300 CONVERGED NO
 MAX DISPLAC.      0.083784  THRESHOLD              0.001800 CONVERGED NO
 RMS DISPLAC.      0.030101  THRESHOLD              0.001200 CONVERGED NO
 TTTTTTTTTTTTTTTTTTTTTTTTTTTTTT OPTI        TELAPSE      240.02 TCPU      223.54
 MMMMM OPTI        USED MEM(MB)     50.30 MAX MEM     56.37 TOT MEM      1609.45
 *******************************************************************************
 COORDINATE AND CELL OPTIMIZATION - POINT   13
 *******************************************************************************
 LATTICE PARAMETERS (ANGSTROMS AND DEGREES) - BOHR = 0.5291772083 ANGSTROM
 PRIMITIVE CELL
         A              B              C           ALPHA      BETA       GAMMA 
     3.80142704     7.59903922   500.00000000    90.000000  90.000000 104.484939
 *******************************************************************************
 ATOMS IN THE ASYMMETRIC UNIT    4 - ATOMS IN THE UNIT CELL:    8
     ATOM                 X/A                 Y/B             Z(ANGSTROM)
 *******************************************************************************
      1 T 283 BI    1.155601732343E-01  2.311203464686E-01  3.810248180056E+00
      2 T 253 I     4.245891645324E-01 -1.508216709352E-01  3.069464648205E+00
      3 T 283 BI   -2.507045877745E-01  4.985908244509E-01  2.402375986738E+00
      4 T 253 I     1.207213265592E-01  2.414426531184E-01  5.334632671880E-01
      5 F 253 I    -1.207213265592E-01 -2.414426531184E-01 -5.334632671880E-01
      6 F 283 BI    2.507045877745E-01 -4.985908244509E-01 -2.402375986738E+00
      7 F 253 I    -4.245891645324E-01  1.508216709352E-01 -3.069464648205E+00
      8 F 283 BI   -1.155601732343E-01 -2.311203464686E-01 -3.810248180056E+00

 T = ATOM BELONGING TO THE ASYMMETRIC UNIT

 TOTAL ENERGY(DFT)(AU)( 10) -2.0414387629162E+03     DE (AU)    2.001E-03

 UPDATED TRUST RADIUS     0.238E-01
 ENERGY CHANGE > 0: STEP REJECTED. RETRYING WITH A NEW STEP

 EIGENVALUES OF THE ESTIMATED HESSIAN
  0.7325E-02  0.1205E-01  0.1983E-01  0.4480E-01  0.7301E-01  0.8725E-01
  0.1366      0.2260      0.2548      0.5715    
 NEWTON STEP ( 0.3807542606E+00) EXCEEDS TRUST RADIUS ( 0.2379714427E-01)
 LEVEL SHIFT    -0.5444582599E-01

 PREDICTED ENERGY CHANGE    -0.255E-03

 MAX GRADIENT      0.008930  THRESHOLD              0.000450 CONVERGED NO
 RMS GRADIENT      0.004441  THRESHOLD              0.000300 CONVERGED NO
 MAX DISPLAC.      0.020407  THRESHOLD              0.001800 CONVERGED NO
 RMS DISPLAC.      0.007525  THRESHOLD              0.001200 CONVERGED NO
 TTTTTTTTTTTTTTTTTTTTTTTTTTTTTT OPTI        TELAPSE      253.53 TCPU      236.23
 MMMMM OPTI        USED MEM(MB)     53.28 MAX MEM     59.35 TOT MEM      1704.90
 *******************************************************************************
 COORDINATE AND CELL OPTIMIZATION - POINT   14
 *******************************************************************************
 LATTICE PARAMETERS (ANGSTROMS AND DEGREES) - BOHR = 0.5291772083 ANGSTROM
 PRIMITIVE CELL
         A              B              C           ALPHA      BETA       GAMMA 
     3.79740353     7.61183991   500.00000000    90.000000  90.000000 104.444411
 *******************************************************************************
 ATOMS IN THE ASYMMETRIC UNIT    4 - ATOMS IN THE UNIT CELL:    8
     ATOM                 X/A                 Y/B             Z(ANGSTROM)
 *******************************************************************************
      1 T 283 BI    1.151200830852E-01  2.302401661704E-01  3.808830416806E+00
      2 T 253 I     4.243049283694E-01 -1.513901432612E-01  3.045749960315E+00
      3 T 283 BI   -2.512145783286E-01  4.975708433428E-01  2.400222077414E+00
      4 T 253 I     1.203910928308E-01  2.407821856616E-01  5.351093421425E-01
      5 F 253 I    -1.203910928308E-01 -2.407821856616E-01 -5.351093421425E-01
      6 F 283 BI    2.512145783286E-01 -4.975708433428E-01 -2.400222077414E+00
      7 F 253 I    -4.243049283694E-01  1.513901432612E-01 -3.045749960315E+00
      8 F 283 BI   -1.151200830852E-01 -2.302401661704E-01 -3.808830416806E+00

 T = ATOM BELONGING TO THE ASYMMETRIC UNIT

 TOTAL ENERGY(DFT)(AU)(  8) -2.0414410335864E+03     DE (AU)   -2.692E-04

 UPDATED TRUST RADIUS     0.476E-01

 SYMMETRY ALLOWED FORCES  (COORDINATE, FORCE)

    1 -3.0403378E-03    2 -9.1290910E-04    3 -2.1719892E-03    4  8.1044704E-03
    5  8.4227468E-03    6 -4.4530090E-03    7 -9.5833213E-04    8  1.9740130E-03
    9 -1.0479946E-04   10  1.5468121E-03

 GRADIENT NORM     0.013359  GRADIENT THRESHOLD     0.500000

 EIGENVALUES OF THE ESTIMATED HESSIAN
  0.6599E-02  0.9133E-02  0.1469E-01  0.4463E-01  0.6083E-01  0.8765E-01
  0.1365      0.1841      0.2570      0.5393    
 NEWTON STEP ( 0.1057769840E+01) EXCEEDS TRUST RADIUS ( 0.4759428855E-01)
 LEVEL SHIFT    -0.1050911474E+00

 PREDICTED ENERGY CHANGE    -0.551E-03

 MAX GRADIENT      0.008423  THRESHOLD              0.000450 CONVERGED NO
 RMS GRADIENT      0.004225  THRESHOLD              0.000300 CONVERGED NO
 MAX DISPLAC.      0.038185  THRESHOLD              0.001800 CONVERGED NO
 RMS DISPLAC.      0.015051  THRESHOLD              0.001200 CONVERGED NO
 TTTTTTTTTTTTTTTTTTTTTTTTTTTTTT OPTI        TELAPSE      270.95 TCPU      252.91
 MMMMM OPTI        USED MEM(MB)     55.50 MAX MEM     56.44 TOT MEM      1775.86
 *******************************************************************************
 COORDINATE AND CELL OPTIMIZATION - POINT   15
 *******************************************************************************
 LATTICE PARAMETERS (ANGSTROMS AND DEGREES) - BOHR = 0.5291772083 ANGSTROM
 PRIMITIVE CELL
         A              B              C           ALPHA      BETA       GAMMA 
     3.79978100     7.60350463   500.00000000    90.000000  90.000000 104.469841
 *******************************************************************************
 ATOMS IN THE ASYMMETRIC UNIT    4 - ATOMS IN THE UNIT CELL:    8
     ATOM                 X/A                 Y/B             Z(ANGSTROM)
 *******************************************************************************
      1 T 283 BI    1.149980225483E-01  2.299960450965E-01  3.806840528896E+00
      2 T 253 I     4.241476263195E-01 -1.517047473609E-01  3.060038081320E+00
      3 T 283 BI   -2.506574329993E-01  4.986851340015E-01  2.396146909238E+00
      4 T 253 I     1.204669564526E-01  2.409339129051E-01  5.374778036086E-01
      5 F 253 I    -1.204669564526E-01 -2.409339129051E-01 -5.374778036086E-01
      6 F 283 BI    2.506574329993E-01 -4.986851340015E-01 -2.396146909238E+00
      7 F 253 I    -4.241476263195E-01  1.517047473609E-01 -3.060038081320E+00
      8 F 283 BI   -1.149980225483E-01 -2.299960450965E-01 -3.806840528896E+00

 T = ATOM BELONGING TO THE ASYMMETRIC UNIT

 TOTAL ENERGY(DFT)(AU)(  7) -2.0414416011369E+03     DE (AU)   -5.676E-04

 UPDATED TRUST RADIUS     0.952E-01

 SYMMETRY ALLOWED FORCES  (COORDINATE, FORCE)

    1 -1.6943619E-03    2 -1.3271988E-03    3 -1.9001865E-03    4  7.8285209E-03
    5  7.0027809E-03    6 -3.3719487E-03    7 -1.3206423E-03    8  1.6579488E-03
    9 -4.2162925E-04   10  1.1184386E-03

 GRADIENT NORM     0.011656  GRADIENT THRESHOLD     0.500000

 EIGENVALUES OF THE ESTIMATED HESSIAN
  0.6764E-02  0.9546E-02  0.1396E-01  0.4422E-01  0.5474E-01  0.8731E-01
  0.1164      0.2090      0.2583      0.5049    
 NEWTON STEP ( 0.9800267758E+00) EXCEEDS TRUST RADIUS ( 0.9518857709E-01)
 LEVEL SHIFT    -0.4173926720E-01

 PREDICTED ENERGY CHANGE    -0.937E-03

 MAX GRADIENT      0.007829  THRESHOLD              0.000450 CONVERGED NO
 RMS GRADIENT      0.003686  THRESHOLD              0.000300 CONVERGED NO
 MAX DISPLAC.      0.082223  THRESHOLD              0.001800 CONVERGED NO
 RMS DISPLAC.      0.030101  THRESHOLD              0.001200 CONVERGED NO
 TTTTTTTTTTTTTTTTTTTTTTTTTTTTTT OPTI        TELAPSE      299.88 TCPU      281.11
 MMMMM OPTI        USED MEM(MB)     57.59 MAX MEM     58.54 TOT MEM      1843.03
 *******************************************************************************
 COORDINATE AND CELL OPTIMIZATION - POINT   16
 *******************************************************************************
 LATTICE PARAMETERS (ANGSTROMS AND DEGREES) - BOHR = 0.5291772083 ANGSTROM
 PRIMITIVE CELL
         A              B              C           ALPHA      BETA       GAMMA 
     3.80242770     7.58802946   500.00000000    90.000000  90.000000 104.510319
 *******************************************************************************
 ATOMS IN THE ASYMMETRIC UNIT    4 - ATOMS IN THE UNIT CELL:    8
     ATOM                 X/A                 Y/B             Z(ANGSTROM)
 *******************************************************************************
      1 T 283 BI    1.150675644830E-01  2.301351289661E-01  3.801738159987E+00
      2 T 253 I     4.238884003203E-01 -1.522231993595E-01  3.090804710328E+00
      3 T 283 BI   -2.496728935824E-01 -4.993457871648E-01  2.390701836362E+00
      4 T 253 I     1.205151855412E-01  2.410303710823E-01  5.409501514107E-01
      5 F 253 I    -1.205151855412E-01 -2.410303710823E-01 -5.409501514107E-01
      6 F 283 BI    2.496728935824E-01  4.993457871648E-01 -2.390701836362E+00
      7 F 253 I    -4.238884003203E-01  1.522231993595E-01 -3.090804710328E+00
      8 F 283 BI   -1.150675644830E-01 -2.301351289661E-01 -3.801738159987E+00

 T = ATOM BELONGING TO THE ASYMMETRIC UNIT

 N OF POINTS AFTER LAST CHANGE:    10

 REFERENCE GEOMETRY WILL BE CHANGED

 TOTAL ENERGY(DFT)(AU)(  9) -2.0414386245154E+03     DE (AU)    2.977E-03

 SYMMETRY ALLOWED FORCES  (COORDINATE, FORCE)

    1 -8.1871854E-04    2 -1.1190131E-03    3 -1.1748856E-03    4  7.3602516E-03
    5  5.5371382E-03    6 -2.1512743E-03    7 -2.0264019E-03    8  8.0778324E-04
    9  2.0552758E-04   10  2.5712340E-05

 GRADIENT NORM     0.009878  GRADIENT THRESHOLD     0.500000

 HESSIAN UPDATE SKIPPED

 EIGENVALUES OF THE ESTIMATED HESSIAN
  0.6764E-02  0.9546E-02  0.1396E-01  0.4422E-01  0.5474E-01  0.8731E-01
  0.1164      0.2090      0.2583      0.5049    
 NEWTON STEP ( 0.8751017315E+00) EXCEEDS TRUST RADIUS ( 0.9518857709E-01)
 LEVEL SHIFT    -0.3526476701E-01

 PREDICTED ENERGY CHANGE    -0.784E-03

 MAX GRADIENT      0.007360  THRESHOLD              0.000450 CONVERGED NO
 RMS GRADIENT      0.003124  THRESHOLD              0.000300 CONVERGED NO
 MAX DISPLAC.      0.086452  THRESHOLD              0.001800 CONVERGED NO
 RMS DISPLAC.      0.030101  THRESHOLD              0.001200 CONVERGED NO
 TTTTTTTTTTTTTTTTTTTTTTTTTTTTTT OPTI        TELAPSE      317.92 TCPU      298.18
 MMMMM OPTI        USED MEM(MB)     60.20 MAX MEM     61.11 TOT MEM      1926.25
 *******************************************************************************
 COORDINATE AND CELL OPTIMIZATION - POINT   17
 *******************************************************************************
 LATTICE PARAMETERS (ANGSTROMS AND DEGREES) - BOHR = 0.5291772083 ANGSTROM
 PRIMITIVE CELL
         A              B              C           ALPHA      BETA       GAMMA 
     3.80423601     7.57503060   500.00000000    90.000000  90.000000 104.542831
 *******************************************************************************
 ATOMS IN THE ASYMMETRIC UNIT    4 - ATOMS IN THE UNIT CELL:    8
     ATOM                 X/A                 Y/B             Z(ANGSTROM)
 *******************************************************************************
      1 T 283 BI    1.151723809620E-01  2.303447619240E-01  3.797306889394E+00
      2 T 253 I     4.236988299045E-01 -1.526023401911E-01  3.123153774064E+00
      3 T 283 BI   -2.488094019432E-01 -4.976188038864E-01  2.387491486478E+00
      4 T 253 I     1.205594292589E-01  2.411188585178E-01  5.427007657167E-01
      5 F 253 I    -1.205594292589E-01 -2.411188585178E-01 -5.427007657167E-01
      6 F 283 BI    2.488094019432E-01  4.976188038864E-01 -2.387491486478E+00
      7 F 253 I    -4.236988299045E-01  1.526023401911E-01 -3.123153774064E+00
      8 F 283 BI   -1.151723809620E-01 -2.303447619240E-01 -3.797306889394E+00

 T = ATOM BELONGING TO THE ASYMMETRIC UNIT

 TOTAL ENERGY(DFT)(AU)(  9) -2.0414394285572E+03     DE (AU)   -8.040E-04

 UPDATED TRUST RADIUS     0.190E+00

 SYMMETRY ALLOWED FORCES  (COORDINATE, FORCE)

    1  2.5792500E-04    2 -1.0752184E-03    3 -8.4699536E-04    4  6.7798071E-03
    5  4.2496503E-03    6 -1.3492076E-03    7 -2.3713879E-03    8  7.2230883E-04
    9  3.8087654E-04   10 -5.2822576E-04

 GRADIENT NORM     0.008623  GRADIENT THRESHOLD     0.500000

 EIGENVALUES OF THE ESTIMATED HESSIAN
  0.6222E-02  0.9199E-02  0.1430E-01  0.4526E-01  0.5040E-01  0.8628E-01
  0.1099      0.2256      0.2573      0.4881    
 NEWTON STEP ( 0.9518384026E+00) EXCEEDS TRUST RADIUS ( 0.1903771542E+00)
 LEVEL SHIFT    -0.1961015303E-01

 PREDICTED ENERGY CHANGE    -0.131E-02

 MAX GRADIENT      0.006780  THRESHOLD              0.000450 CONVERGED NO
 RMS GRADIENT      0.002727  THRESHOLD              0.000300 CONVERGED NO
 MAX DISPLAC.      0.176232  THRESHOLD              0.001800 CONVERGED NO
 RMS DISPLAC.      0.060203  THRESHOLD              0.001200 CONVERGED NO
 TTTTTTTTTTTTTTTTTTTTTTTTTTTTTT OPTI        TELAPSE      335.24 TCPU      314.77
 MMMMM OPTI        USED MEM(MB)     62.78 MAX MEM     63.70 TOT MEM      2009.00
 *******************************************************************************
 COORDINATE AND CELL OPTIMIZATION - POINT   18
 *******************************************************************************
 LATTICE PARAMETERS (ANGSTROMS AND DEGREES) - BOHR = 0.5291772083 ANGSTROM
 PRIMITIVE CELL
         A              B              C           ALPHA      BETA       GAMMA 
     3.80526136     7.55491652   500.00000000    90.000000  90.000000 104.586425
 *******************************************************************************
 ATOMS IN THE ASYMMETRIC UNIT    4 - ATOMS IN THE UNIT CELL:    8
     ATOM                 X/A                 Y/B             Z(ANGSTROM)
 *******************************************************************************
      1 T 283 BI    1.157135951215E-01  2.314271902430E-01  3.791177747011E+00
      2 T 253 I     4.234716193279E-01 -1.530567613442E-01  3.189097223413E+00
      3 T 283 BI   -2.472037886834E-01 -4.944075773669E-01  2.384850112710E+00
      4 T 253 I     1.204989184656E-01  2.409978369312E-01  5.490471657247E-01
      5 F 253 I    -1.204989184656E-01 -2.409978369312E-01 -5.490471657247E-01
      6 F 283 BI    2.472037886834E-01  4.944075773669E-01 -2.384850112710E+00
      7 F 253 I    -4.234716193279E-01  1.530567613442E-01 -3.189097223413E+00
      8 F 283 BI   -1.157135951215E-01 -2.314271902430E-01 -3.791177747011E+00

 T = ATOM BELONGING TO THE ASYMMETRIC UNIT

 TOTAL ENERGY(DFT)(AU)(  9) -2.0414407932607E+03     DE (AU)   -1.365E-03

 UPDATED TRUST RADIUS     0.381E+00

 SYMMETRY ALLOWED FORCES  (COORDINATE, FORCE)

    1  2.1289830E-03    2 -1.8859417E-03    3 -2.3292196E-04    4  5.7289764E-03
    5  2.2723752E-03    6  1.3591640E-04    7 -2.9897647E-03    8  8.3715949E-04
    9  1.7112822E-03   10  7.7845423E-04

 GRADIENT NORM     0.007702  GRADIENT THRESHOLD     0.500000

 EIGENVALUES OF THE ESTIMATED HESSIAN
  0.3782E-02  0.9780E-02  0.1292E-01  0.4335E-01  0.4886E-01  0.8519E-01
  0.1423      0.2396      0.2583      0.4794    
 NEWTON STEP ( 0.1612526039E+01) EXCEEDS TRUST RADIUS ( 0.3807543084E+00)
 LEVEL SHIFT    -0.1197648888E-01

 PREDICTED ENERGY CHANGE    -0.224E-02

 MAX GRADIENT      0.005729  THRESHOLD              0.000450 CONVERGED NO
 RMS GRADIENT      0.002436  THRESHOLD              0.000300 CONVERGED NO
 MAX DISPLAC.      0.334747  THRESHOLD              0.001800 CONVERGED NO
 RMS DISPLAC.      0.120405  THRESHOLD              0.001200 CONVERGED NO
 TTTTTTTTTTTTTTTTTTTTTTTTTTTTTT OPTI        TELAPSE      352.80 TCPU      331.49
 MMMMM OPTI        USED MEM(MB)     65.37 MAX MEM     66.28 TOT MEM      2091.75
 *******************************************************************************
 COORDINATE AND CELL OPTIMIZATION - POINT   19
 *******************************************************************************
 LATTICE PARAMETERS (ANGSTROMS AND DEGREES) - BOHR = 0.5291772083 ANGSTROM
 PRIMITIVE CELL
         A              B              C           ALPHA      BETA       GAMMA 
     3.82493033     7.50820386   500.00000000    90.000000  90.000000 104.756801
 *******************************************************************************
 ATOMS IN THE ASYMMETRIC UNIT    4 - ATOMS IN THE UNIT CELL:    8
     ATOM                 X/A                 Y/B             Z(ANGSTROM)
 *******************************************************************************
      1 T 283 BI    1.180050514005E-01  2.360101028011E-01  3.770296303751E+00
      2 T 253 I     4.237070945365E-01 -1.525858109269E-01  3.314354569422E+00
      3 T 283 BI   -2.439241655216E-01 -4.878483310432E-01  2.380193510164E+00
      4 T 253 I     1.201650837538E-01  2.403301675077E-01  5.663440669048E-01
      5 F 253 I    -1.201650837538E-01 -2.403301675077E-01 -5.663440669048E-01
      6 F 283 BI    2.439241655216E-01  4.878483310432E-01 -2.380193510164E+00
      7 F 253 I    -4.237070945365E-01  1.525858109269E-01 -3.314354569422E+00
      8 F 283 BI   -1.180050514005E-01 -2.360101028011E-01 -3.770296303751E+00

 T = ATOM BELONGING TO THE ASYMMETRIC UNIT

 TOTAL ENERGY(DFT)(AU)(  8) -2.0414413084170E+03     DE (AU)   -5.152E-04

 UPDATED TRUST RADIUS     0.952E-01

 SYMMETRY ALLOWED FORCES  (COORDINATE, FORCE)

    1  3.5817497E-03    2 -5.4418733E-04    3  8.0134936E-05    4  4.5998549E-03
    5  8.8822612E-04    6  5.4197856E-04    7 -2.6477354E-03    8  4.8233705E-04
    9  3.1891967E-03   10  1.1341900E-04

 GRADIENT NORM     0.007266  GRADIENT THRESHOLD     0.500000

 EIGENVALUES OF THE ESTIMATED HESSIAN
  0.2921E-02  0.1026E-01  0.1294E-01  0.4407E-01  0.4851E-01  0.8717E-01
  0.1434      0.2363      0.2613      0.4727    
 NEWTON STEP ( 0.1757473851E+01) EXCEEDS TRUST RADIUS ( 0.9518857709E-01)
 LEVEL SHIFT    -0.5079840125E-01

 PREDICTED ENERGY CHANGE    -0.530E-03

 MAX GRADIENT      0.004600  THRESHOLD              0.000450 CONVERGED NO
 RMS GRADIENT      0.002298  THRESHOLD              0.000300 CONVERGED NO
 MAX DISPLAC.      0.081971  THRESHOLD              0.001800 CONVERGED NO
 RMS DISPLAC.      0.030101  THRESHOLD              0.001200 CONVERGED NO
 TTTTTTTTTTTTTTTTTTTTTTTTTTTTTT OPTI        TELAPSE      369.10 TCPU      347.07
 MMMMM OPTI        USED MEM(MB)     67.67 MAX MEM     68.59 TOT MEM      2165.37
 *******************************************************************************
 COORDINATE AND CELL OPTIMIZATION - POINT   20
 *******************************************************************************
 LATTICE PARAMETERS (ANGSTROMS AND DEGREES) - BOHR = 0.5291772083 ANGSTROM
 PRIMITIVE CELL
         A              B              C           ALPHA      BETA       GAMMA 
     3.83227916     7.50525210   500.00000000    90.000000  90.000000 104.791747
 *******************************************************************************
 ATOMS IN THE ASYMMETRIC UNIT    4 - ATOMS IN THE UNIT CELL:    8
     ATOM                 X/A                 Y/B             Z(ANGSTROM)
 *******************************************************************************
      1 T 283 BI    1.188879130424E-01  2.377758260848E-01  3.765867173571E+00
      2 T 253 I     4.237669510845E-01 -1.524660978310E-01  3.345026787300E+00
      3 T 283 BI   -2.432512127448E-01 -4.865024254895E-01  2.380287131373E+00
      4 T 253 I     1.200071380333E-01  2.400142760666E-01  5.715563237262E-01
      5 F 253 I    -1.200071380333E-01 -2.400142760666E-01 -5.715563237262E-01
      6 F 283 BI    2.432512127448E-01  4.865024254895E-01 -2.380287131373E+00
      7 F 253 I    -4.237669510845E-01  1.524660978310E-01 -3.345026787300E+00
      8 F 283 BI   -1.188879130424E-01 -2.377758260848E-01 -3.765867173571E+00

 T = ATOM BELONGING TO THE ASYMMETRIC UNIT

 TOTAL ENERGY(DFT)(AU)( 11) -2.0414418572204E+03     DE (AU)   -5.488E-04

 UPDATED TRUST RADIUS     0.190E+00

 SYMMETRY ALLOWED FORCES  (COORDINATE, FORCE)

    1  3.1380702E-03    2 -3.4428898E-04    3  2.0734644E-04    4  4.1539247E-03
    5  1.2545593E-03    6  6.4729974E-04    7 -2.6562570E-03    8  4.8272981E-04
    9  2.5307850E-03   10  5.4332539E-05

 GRADIENT NORM     0.006554  GRADIENT THRESHOLD     0.500000

 EIGENVALUES OF THE ESTIMATED HESSIAN
  0.3468E-02  0.1036E-01  0.1520E-01  0.4250E-01  0.4782E-01  0.8824E-01
  0.1085      0.1553      0.2490      0.4337    
 NEWTON STEP ( 0.1415957541E+01) EXCEEDS TRUST RADIUS ( 0.1903771542E+00)
 LEVEL SHIFT    -0.2214056131E-01

 PREDICTED ENERGY CHANGE    -0.974E-03

 MAX GRADIENT      0.004154  THRESHOLD              0.000450 CONVERGED NO
 RMS GRADIENT      0.002073  THRESHOLD              0.000300 CONVERGED NO
 MAX DISPLAC.      0.158343  THRESHOLD              0.001800 CONVERGED NO
 RMS DISPLAC.      0.060203  THRESHOLD              0.001200 CONVERGED NO
 TTTTTTTTTTTTTTTTTTTTTTTTTTTTTT OPTI        TELAPSE      389.02 TCPU      365.75
 MMMMM OPTI        USED MEM(MB)     70.82 MAX MEM     71.74 TOT MEM      2266.39
 *******************************************************************************
 COORDINATE AND CELL OPTIMIZATION - POINT   21
 *******************************************************************************
 LATTICE PARAMETERS (ANGSTROMS AND DEGREES) - BOHR = 0.5291772083 ANGSTROM
 PRIMITIVE CELL
         A              B              C           ALPHA      BETA       GAMMA 
     3.84731502     7.49936393   500.00000000    90.000000  90.000000 104.863044
 *******************************************************************************
 ATOMS IN THE ASYMMETRIC UNIT    4 - ATOMS IN THE UNIT CELL:    8
     ATOM                 X/A                 Y/B             Z(ANGSTROM)
 *******************************************************************************
      1 T 283 BI    1.208154343837E-01  2.416308687674E-01  3.761748466688E+00
      2 T 253 I     4.241008074142E-01 -1.517983851715E-01  3.404276418578E+00
      3 T 283 BI   -2.419315915898E-01 -4.838631831797E-01  2.382528630182E+00
      4 T 253 I     1.192765145219E-01  2.385530290439E-01  5.860450798987E-01
      5 F 253 I    -1.192765145219E-01 -2.385530290439E-01 -5.860450798987E-01
      6 F 283 BI    2.419315915898E-01  4.838631831797E-01 -2.382528630182E+00
      7 F 253 I    -4.241008074142E-01  1.517983851715E-01 -3.404276418578E+00
      8 F 283 BI   -1.208154343837E-01 -2.416308687674E-01 -3.761748466688E+00

 T = ATOM BELONGING TO THE ASYMMETRIC UNIT

 TOTAL ENERGY(DFT)(AU)( 16) -2.0414428587342E+03     DE (AU)   -1.002E-03

 UPDATED TRUST RADIUS     0.381E+00

 SYMMETRY ALLOWED FORCES  (COORDINATE, FORCE)

    1  2.7550402E-03    2 -3.6389989E-04    3 -2.2720926E-04    4  3.0149147E-03
    5  1.9484893E-03    6  1.3177642E-03    7 -1.6277505E-03    8  5.4818025E-04
    9  1.8242917E-04   10 -4.4678328E-05

 GRADIENT NORM     0.005038  GRADIENT THRESHOLD     0.500000

 EIGENVALUES OF THE ESTIMATED HESSIAN
  0.3534E-02  0.1157E-01  0.1635E-01  0.4242E-01  0.4727E-01  0.8665E-01
  0.9733E-01  0.1519      0.2618      0.4256    
 NEWTON STEP ( 0.1170647178E+01) EXCEEDS TRUST RADIUS ( 0.3807543084E+00)
 LEVEL SHIFT    -0.7287024808E-02

 PREDICTED ENERGY CHANGE    -0.138E-02

 MAX GRADIENT      0.003015  THRESHOLD              0.000450 CONVERGED NO
 RMS GRADIENT      0.001593  THRESHOLD              0.000300 CONVERGED NO
 MAX DISPLAC.      0.283685  THRESHOLD              0.001800 CONVERGED NO
 RMS DISPLAC.      0.120405  THRESHOLD              0.001200 CONVERGED NO
 TTTTTTTTTTTTTTTTTTTTTTTTTTTTTT OPTI        TELAPSE      413.83 TCPU      389.32
 MMMMM OPTI        USED MEM(MB)     75.41 MAX MEM     76.33 TOT MEM      2413.06
 *******************************************************************************
 COORDINATE AND CELL OPTIMIZATION - POINT   22
 *******************************************************************************
 LATTICE PARAMETERS (ANGSTROMS AND DEGREES) - BOHR = 0.5291772083 ANGSTROM
 PRIMITIVE CELL
         A              B              C           ALPHA      BETA       GAMMA 
     3.86503172     7.46360746   500.00000000    90.000000  90.000000 105.006295
 *******************************************************************************
 ATOMS IN THE ASYMMETRIC UNIT    4 - ATOMS IN THE UNIT CELL:    8
     ATOM                 X/A                 Y/B             Z(ANGSTROM)
 *******************************************************************************
      1 T 283 BI    1.253993071023E-01  2.507986142046E-01  3.767653866119E+00
      2 T 253 I     4.256827491876E-01 -1.486345016247E-01  3.510427108662E+00
      3 T 283 BI   -2.383823709134E-01 -4.767647418268E-01  2.390836882025E+00
      4 T 253 I     1.186822269855E-01  2.373644539711E-01  6.243831165647E-01
      5 F 253 I    -1.186822269855E-01 -2.373644539711E-01 -6.243831165647E-01
      6 F 283 BI    2.383823709134E-01  4.767647418268E-01 -2.390836882025E+00
      7 F 253 I    -4.256827491876E-01  1.486345016247E-01 -3.510427108662E+00
      8 F 283 BI   -1.253993071023E-01 -2.507986142046E-01 -3.767653866119E+00

 T = ATOM BELONGING TO THE ASYMMETRIC UNIT

 TOTAL ENERGY(DFT)(AU)( 10) -2.0414450096445E+03     DE (AU)   -2.151E-03

 UPDATED TRUST RADIUS     0.500E+00

 SYMMETRY ALLOWED FORCES  (COORDINATE, FORCE)

    1  4.5669754E-03    2 -5.9378006E-03    3  1.4553841E-03    4  2.2462780E-03
    5  3.3416927E-04    6  4.2934837E-03    7 -2.0393484E-03    8  1.6820199E-03
    9  5.0254005E-03   10  9.8785764E-03

 GRADIENT NORM     0.014548  GRADIENT THRESHOLD     0.500000

 EIGENVALUES OF THE ESTIMATED HESSIAN
 -0.1520      0.2116E-02  0.1194E-01  0.1907E-01  0.4553E-01  0.5769E-01
  0.8567E-01  0.1188      0.2595      0.4205    
 NEWTON STEP ( 0.1118033989E+01) EXCEEDS TRUST RADIUS ( 0.5000000000E+00)
 LEVEL SHIFT    -0.1799242889E+00

 PREDICTED ENERGY CHANGE    -0.260E-01

 MAX GRADIENT      0.009879  THRESHOLD              0.000450 CONVERGED NO
 RMS GRADIENT      0.004601  THRESHOLD              0.000300 CONVERGED NO
 MAX DISPLAC.      0.357142  THRESHOLD              0.001800 CONVERGED NO
 RMS DISPLAC.      0.158114  THRESHOLD              0.001200 CONVERGED NO
 TTTTTTTTTTTTTTTTTTTTTTTTTTTTTT OPTI        TELAPSE      432.49 TCPU      406.82
 MMMMM OPTI        USED MEM(MB)     78.28 MAX MEM     79.20 TOT MEM      2504.94
 *******************************************************************************
 COORDINATE AND CELL OPTIMIZATION - POINT   23
 *******************************************************************************
 LATTICE PARAMETERS (ANGSTROMS AND DEGREES) - BOHR = 0.5291772083 ANGSTROM
 PRIMITIVE CELL
         A              B              C           ALPHA      BETA       GAMMA 
     4.03959767     7.39250054   500.00000000    90.000000  90.000000 105.856126
 *******************************************************************************
 ATOMS IN THE ASYMMETRIC UNIT    4 - ATOMS IN THE UNIT CELL:    8
     ATOM                 X/A                 Y/B             Z(ANGSTROM)
 *******************************************************************************
      1 T 283 BI    1.284279944310E-01  2.568559888620E-01  3.678946526877E+00
      2 T 253 I     4.275560716763E-01 -1.448878566474E-01  3.512392257691E+00
      3 T 283 BI   -2.385389802982E-01 -4.770779605963E-01  2.417578587531E+00
      4 T 253 I     1.168093562025E-01  2.336187124049E-01  6.419520640122E-01
      5 F 253 I    -1.168093562025E-01 -2.336187124049E-01 -6.419520640122E-01
      6 F 283 BI    2.385389802982E-01  4.770779605963E-01 -2.417578587531E+00
      7 F 253 I    -4.275560716763E-01  1.448878566474E-01 -3.512392257691E+00
      8 F 283 BI   -1.284279944310E-01 -2.568559888620E-01 -3.678946526877E+00

 T = ATOM BELONGING TO THE ASYMMETRIC UNIT

 TOTAL ENERGY(DFT)(AU)(  9) -2.0414521664700E+03     DE (AU)   -7.157E-03

 UPDATED TRUST RADIUS     0.500E+00

 SYMMETRY ALLOWED FORCES  (COORDINATE, FORCE)

    1  5.6457691E-03    2 -8.1424468E-03    3 -7.6675325E-04    4  2.6769658E-03
    5  1.3798157E-03    6  4.2888653E-03    7  2.3049238E-03    8  5.7036769E-03
    9  7.4146763E-03   10  1.1944513E-02

 GRADIENT NORM     0.019019  GRADIENT THRESHOLD     0.500000

 EIGENVALUES OF THE ESTIMATED HESSIAN
 -0.1138E-01  0.1985E-02  0.1116E-01  0.1778E-01  0.3363E-01  0.5770E-01
  0.8564E-01  0.1093      0.2592      0.4194    
 NEWTON STEP ( 0.1118033989E+01) EXCEEDS TRUST RADIUS ( 0.5000000000E+00)
 LEVEL SHIFT    -0.4846894246E-01

 PREDICTED ENERGY CHANGE    -0.108E-01

 MAX GRADIENT      0.011945  THRESHOLD              0.000450 CONVERGED NO
 RMS GRADIENT      0.006014  THRESHOLD              0.000300 CONVERGED NO
 MAX DISPLAC.      0.294934  THRESHOLD              0.001800 CONVERGED NO
 RMS DISPLAC.      0.158114  THRESHOLD              0.001200 CONVERGED NO
 TTTTTTTTTTTTTTTTTTTTTTTTTTTTTT OPTI        TELAPSE      449.89 TCPU      423.20
 MMMMM OPTI        USED MEM(MB)     80.87 MAX MEM     81.78 TOT MEM      2587.70
 *******************************************************************************
 COORDINATE AND CELL OPTIMIZATION - POINT   24
 *******************************************************************************
 LATTICE PARAMETERS (ANGSTROMS AND DEGREES) - BOHR = 0.5291772083 ANGSTROM
 PRIMITIVE CELL
         A              B              C           ALPHA      BETA       GAMMA 
     4.20763417     7.36878471   500.00000000    90.000000  90.000000 106.588974
 *******************************************************************************
 ATOMS IN THE ASYMMETRIC UNIT    4 - ATOMS IN THE UNIT CELL:    8
     ATOM                 X/A                 Y/B             Z(ANGSTROM)
 *******************************************************************************
      1 T 283 BI    1.327207051324E-01  2.654414102648E-01  3.592401141357E+00
      2 T 253 I     4.279289972483E-01 -1.441420055034E-01  3.537665411900E+00
      3 T 283 BI   -2.367923616443E-01 -4.735847232886E-01  2.448553577482E+00
      4 T 253 I     1.175489941705E-01  2.350979883411E-01  6.993551902706E-01
      5 F 253 I    -1.175489941705E-01 -2.350979883411E-01 -6.993551902706E-01
      6 F 283 BI    2.367923616443E-01  4.735847232886E-01 -2.448553577482E+00
      7 F 253 I    -4.279289972483E-01  1.441420055034E-01 -3.537665411900E+00
      8 F 283 BI   -1.327207051324E-01 -2.654414102648E-01 -3.592401141357E+00

 T = ATOM BELONGING TO THE ASYMMETRIC UNIT

 TOTAL ENERGY(DFT)(AU)(  9) -2.0414574315289E+03     DE (AU)   -5.265E-03

 UPDATED TRUST RADIUS     0.500E+00

 SYMMETRY ALLOWED FORCES  (COORDINATE, FORCE)

    1  3.2354944E-04    2  8.3795909E-03    3  8.6301924E-05    4  2.3667598E-03
    5  7.3611383E-03    6  2.9810302E-03    7 -1.1715485E-03    8 -9.5130467E-03
    9  5.4592254E-05   10  3.2471101E-03

 GRADIENT NORM     0.015538  GRADIENT THRESHOLD     0.500000

 EIGENVALUES OF THE ESTIMATED HESSIAN
  0.1909E-02  0.1129E-01  0.1769E-01  0.2533E-01  0.5772E-01  0.5845E-01
  0.8602E-01  0.1115      0.2604      0.4327    
 NEWTON STEP ( 0.1852284706E+01) EXCEEDS TRUST RADIUS ( 0.5000000000E+00)
 LEVEL SHIFT    -0.5113060393E-02

 PREDICTED ENERGY CHANGE    -0.247E-02

 MAX GRADIENT      0.009513  THRESHOLD              0.000450 CONVERGED NO
 RMS GRADIENT      0.004913  THRESHOLD              0.000300 CONVERGED NO
 MAX DISPLAC.      0.378904  THRESHOLD              0.001800 CONVERGED NO
 RMS DISPLAC.      0.158114  THRESHOLD              0.001200 CONVERGED NO
 TTTTTTTTTTTTTTTTTTTTTTTTTTTTTT OPTI        TELAPSE      467.18 TCPU      439.36
 MMMMM OPTI        USED MEM(MB)     83.45 MAX MEM     84.37 TOT MEM      2670.45
 *******************************************************************************
 COORDINATE AND CELL OPTIMIZATION - POINT   25
 *******************************************************************************
 LATTICE PARAMETERS (ANGSTROMS AND DEGREES) - BOHR = 0.5291772083 ANGSTROM
 PRIMITIVE CELL
         A              B              C           ALPHA      BETA       GAMMA 
     4.21114763     7.26922847   500.00000000    90.000000  90.000000 106.837347
 *******************************************************************************
 ATOMS IN THE ASYMMETRIC UNIT    4 - ATOMS IN THE UNIT CELL:    8
     ATOM                 X/A                 Y/B             Z(ANGSTROM)
 *******************************************************************************
      1 T 283 BI    1.374065239013E-01  2.748130478027E-01  3.653949460800E+00
      2 T 253 I     4.305629246596E-01 -1.388741506808E-01  3.679445461549E+00
      3 T 283 BI   -2.333861386623E-01 -4.667722773245E-01  2.477955764997E+00
      4 T 253 I     1.170238343532E-01  2.340476687063E-01  7.143794023748E-01
      5 F 253 I    -1.170238343532E-01 -2.340476687063E-01 -7.143794023748E-01
      6 F 283 BI    2.333861386623E-01  4.667722773245E-01 -2.477955764997E+00
      7 F 253 I    -4.305629246596E-01  1.388741506808E-01 -3.679445461549E+00
      8 F 283 BI   -1.374065239013E-01 -2.748130478027E-01 -3.653949460800E+00

 T = ATOM BELONGING TO THE ASYMMETRIC UNIT

 TOTAL ENERGY(DFT)(AU)(  9) -2.0414599020732E+03     DE (AU)   -2.471E-03

 UPDATED TRUST RADIUS     0.500E+00

 SYMMETRY ALLOWED FORCES  (COORDINATE, FORCE)

    1 -3.4228660E-03    2  2.5067140E-03    3  1.6432493E-04    4  1.3687701E-03
    5  1.0156138E-02    6  3.2989668E-04    7  1.2634556E-03    8  5.7620466E-04
    9  1.6278175E-03   10  1.4641283E-03

 GRADIENT NORM     0.011396  GRADIENT THRESHOLD     0.500000

 EIGENVALUES OF THE ESTIMATED HESSIAN
  0.1076E-02  0.1172E-01  0.1869E-01  0.2714E-01  0.5694E-01  0.5971E-01
  0.1048      0.1427      0.2570      0.3876    
 NEWTON STEP ( 0.3694562433E+01) EXCEEDS TRUST RADIUS ( 0.5000000000E+00)
 LEVEL SHIFT    -0.6862683579E-02

 PREDICTED ENERGY CHANGE    -0.225E-02

 MAX GRADIENT      0.010156  THRESHOLD              0.000450 CONVERGED NO
 RMS GRADIENT      0.003604  THRESHOLD              0.000300 CONVERGED NO
 MAX DISPLAC.      0.316282  THRESHOLD              0.001800 CONVERGED NO
 RMS DISPLAC.      0.158114  THRESHOLD              0.001200 CONVERGED NO
 TTTTTTTTTTTTTTTTTTTTTTTTTTTTTT OPTI        TELAPSE      484.32 TCPU      455.71
 MMMMM OPTI        USED MEM(MB)     86.04 MAX MEM     86.96 TOT MEM      2753.20
 *******************************************************************************
 COORDINATE AND CELL OPTIMIZATION - POINT   26
 *******************************************************************************
 LATTICE PARAMETERS (ANGSTROMS AND DEGREES) - BOHR = 0.5291772083 ANGSTROM
 PRIMITIVE CELL
         A              B              C           ALPHA      BETA       GAMMA 
     4.19556125     7.20577042   500.00000000    90.000000  90.000000 106.925326
 *******************************************************************************
 ATOMS IN THE ASYMMETRIC UNIT    4 - ATOMS IN THE UNIT CELL:    8
     ATOM                 X/A                 Y/B             Z(ANGSTROM)
 *******************************************************************************
      1 T 283 BI    1.421829563962E-01  2.843659127923E-01  3.705202866418E+00
      2 T 253 I     4.339957716452E-01 -1.320084567095E-01  3.797793306098E+00
      3 T 283 BI   -2.269402457915E-01 -4.538804915831E-01  2.490673693591E+00
      4 T 253 I     1.191118808125E-01  2.382237616249E-01  7.578293604030E-01
      5 F 253 I    -1.191118808125E-01 -2.382237616249E-01 -7.578293604030E-01
      6 F 283 BI    2.269402457915E-01  4.538804915831E-01 -2.490673693591E+00
      7 F 253 I    -4.339957716452E-01  1.320084567095E-01 -3.797793306098E+00
      8 F 283 BI   -1.421829563962E-01 -2.843659127923E-01 -3.705202866418E+00

 T = ATOM BELONGING TO THE ASYMMETRIC UNIT

 N OF POINTS AFTER LAST CHANGE:    10

 REFERENCE GEOMETRY WILL BE CHANGED

 TOTAL ENERGY(DFT)(AU)(  9) -2.0414624572901E+03     DE (AU)   -2.555E-03

 SYMMETRY ALLOWED FORCES  (COORDINATE, FORCE)

    1  1.0530730E-03    2 -1.6893338E-03    3  1.0194465E-03    4  8.2619139E-04
    5  5.1852613E-03    6  3.6788932E-03    7 -1.6328458E-03    8  5.9300515E-04
    9 -6.7195425E-04   10  2.5596295E-03

 GRADIENT NORM     0.007492  GRADIENT THRESHOLD     0.500000

 HESSIAN UPDATE SKIPPED

 EIGENVALUES OF THE ESTIMATED HESSIAN
  0.1076E-02  0.1172E-01  0.1869E-01  0.2714E-01  0.5694E-01  0.5971E-01
  0.1048      0.1427      0.2570      0.3876    
 NEWTON STEP ( 0.2907955897E+01) EXCEEDS TRUST RADIUS ( 0.5000000000E+00)
 LEVEL SHIFT    -0.5170243133E-02

 PREDICTED ENERGY CHANGE    -0.172E-02

 MAX GRADIENT      0.005185  THRESHOLD              0.000450 CONVERGED NO
 RMS GRADIENT      0.002369  THRESHOLD              0.000300 CONVERGED NO
 MAX DISPLAC.      0.330080  THRESHOLD              0.001800 CONVERGED NO
 RMS DISPLAC.      0.158114  THRESHOLD              0.001200 CONVERGED NO
 TTTTTTTTTTTTTTTTTTTTTTTTTTTTTT OPTI        TELAPSE      500.64 TCPU      470.58
 MMMMM OPTI        USED MEM(MB)     88.51 MAX MEM     89.40 TOT MEM      2832.45
 *******************************************************************************
 COORDINATE AND CELL OPTIMIZATION - POINT   27
 *******************************************************************************
 LATTICE PARAMETERS (ANGSTROMS AND DEGREES) - BOHR = 0.5291772083 ANGSTROM
 PRIMITIVE CELL
         A              B              C           ALPHA      BETA       GAMMA 
     4.21431447     7.12125237   500.00000000    90.000000  90.000000 107.211333
 *******************************************************************************
 ATOMS IN THE ASYMMETRIC UNIT    4 - ATOMS IN THE UNIT CELL:    8
     ATOM                 X/A                 Y/B             Z(ANGSTROM)
 *******************************************************************************
      1 T 283 BI    1.476011440559E-01  2.952022881118E-01  3.743475570185E+00
      2 T 253 I     4.375745725350E-01 -1.248508549299E-01  3.921304185175E+00
      3 T 283 BI   -2.216862120362E-01 -4.433724240724E-01  2.519564931079E+00
      4 T 253 I     1.196287297961E-01  2.392574595923E-01  8.037978077947E-01
      5 F 253 I    -1.196287297961E-01 -2.392574595923E-01 -8.037978077947E-01
      6 F 283 BI    2.216862120362E-01  4.433724240724E-01 -2.519564931079E+00
      7 F 253 I    -4.375745725350E-01  1.248508549299E-01 -3.921304185175E+00
      8 F 283 BI   -1.476011440559E-01 -2.952022881118E-01 -3.743475570185E+00

 T = ATOM BELONGING TO THE ASYMMETRIC UNIT

 TOTAL ENERGY(DFT)(AU)( 10) -2.0414644465403E+03     DE (AU)   -1.989E-03

 UPDATED TRUST RADIUS     0.500E+00

 SYMMETRY ALLOWED FORCES  (COORDINATE, FORCE)

    1  5.0478276E-04    2 -1.1792218E-03    3  1.3805299E-03    4  1.0558409E-04
    5  5.9172770E-03    6  3.0334757E-03    7 -2.7347454E-03    8 -2.0987519E-05
    9 -1.7933461E-03   10  1.0636791E-03

 GRADIENT NORM     0.007720  GRADIENT THRESHOLD     0.500000

 EIGENVALUES OF THE ESTIMATED HESSIAN
  0.9290E-03  0.8492E-02  0.1821E-01  0.2152E-01  0.5841E-01  0.6540E-01
  0.1090      0.1337      0.2489      0.3705    
 NEWTON STEP ( 0.3562460297E+01) EXCEEDS TRUST RADIUS ( 0.5000000000E+00)
 LEVEL SHIFT    -0.5669717118E-02

 PREDICTED ENERGY CHANGE    -0.186E-02

 MAX GRADIENT      0.005917  THRESHOLD              0.000450 CONVERGED NO
 RMS GRADIENT      0.002441  THRESHOLD              0.000300 CONVERGED NO
 MAX DISPLAC.      0.246941  THRESHOLD              0.001800 CONVERGED NO
 RMS DISPLAC.      0.158114  THRESHOLD              0.001200 CONVERGED NO
 TTTTTTTTTTTTTTTTTTTTTTTTTTTTTT OPTI        TELAPSE      517.18 TCPU      486.21
 MMMMM OPTI        USED MEM(MB)     91.22 MAX MEM     92.10 TOT MEM      2918.98
 *******************************************************************************
 COORDINATE AND CELL OPTIMIZATION - POINT   28
 *******************************************************************************
 LATTICE PARAMETERS (ANGSTROMS AND DEGREES) - BOHR = 0.5291772083 ANGSTROM
 PRIMITIVE CELL
         A              B              C           ALPHA      BETA       GAMMA 
     4.24251252     7.00401171   500.00000000    90.000000  90.000000 107.629645
 *******************************************************************************
 ATOMS IN THE ASYMMETRIC UNIT    4 - ATOMS IN THE UNIT CELL:    8
     ATOM                 X/A                 Y/B             Z(ANGSTROM)
 *******************************************************************************
      1 T 283 BI    1.529718203435E-01  3.059436406871E-01  3.772863020832E+00
      2 T 253 I     4.433373591545E-01 -1.133252816909E-01  4.013705815649E+00
      3 T 283 BI   -2.153582096482E-01 -4.307164192963E-01  2.546137031367E+00
      4 T 253 I     1.200120400059E-01  2.400240800119E-01  8.408183385178E-01
      5 F 253 I    -1.200120400059E-01 -2.400240800119E-01 -8.408183385178E-01
      6 F 283 BI    2.153582096482E-01  4.307164192963E-01 -2.546137031367E+00
      7 F 253 I    -4.433373591545E-01  1.133252816909E-01 -4.013705815649E+00
      8 F 283 BI   -1.529718203435E-01 -3.059436406871E-01 -3.772863020832E+00

 T = ATOM BELONGING TO THE ASYMMETRIC UNIT

 TOTAL ENERGY(DFT)(AU)( 11) -2.0414664068095E+03     DE (AU)   -1.960E-03

 UPDATED TRUST RADIUS     0.500E+00

 SYMMETRY ALLOWED FORCES  (COORDINATE, FORCE)

    1  1.7518208E-03    2 -1.3174382E-03    3  8.2373796E-04    4  6.1403992E-05
    5  5.1238625E-03    6  1.9155804E-03    7 -2.9669984E-03    8  7.1407657E-04
    9 -1.7070914E-03   10 -1.6390943E-03

 GRADIENT NORM     0.007094  GRADIENT THRESHOLD     0.500000

 EIGENVALUES OF THE ESTIMATED HESSIAN
  0.6867E-03  0.8380E-02  0.1939E-01  0.2609E-01  0.5920E-01  0.6619E-01
  0.1097      0.1240      0.2364      0.3483    
 NEWTON STEP ( 0.4695120939E+01) EXCEEDS TRUST RADIUS ( 0.5000000000E+00)
 LEVEL SHIFT    -0.5758143046E-02

 PREDICTED ENERGY CHANGE    -0.170E-02

 MAX GRADIENT      0.005124  THRESHOLD              0.000450 CONVERGED NO
 RMS GRADIENT      0.002243  THRESHOLD              0.000300 CONVERGED NO
 MAX DISPLAC.      0.261521  THRESHOLD              0.001800 CONVERGED NO
 RMS DISPLAC.      0.158114  THRESHOLD              0.001200 CONVERGED NO
 TTTTTTTTTTTTTTTTTTTTTTTTTTTTTT OPTI        TELAPSE      535.19 TCPU      502.93
 MMMMM OPTI        USED MEM(MB)     94.19 MAX MEM     95.07 TOT MEM      3014.10
 *******************************************************************************
 COORDINATE AND CELL OPTIMIZATION - POINT   29
 *******************************************************************************
 LATTICE PARAMETERS (ANGSTROMS AND DEGREES) - BOHR = 0.5291772083 ANGSTROM
 PRIMITIVE CELL
         A              B              C           ALPHA      BETA       GAMMA 
     4.23758173     6.92656118   500.00000000    90.000000  90.000000 107.811934
 *******************************************************************************
 ATOMS IN THE ASYMMETRIC UNIT    4 - ATOMS IN THE UNIT CELL:    8
     ATOM                 X/A                 Y/B             Z(ANGSTROM)
 *******************************************************************************
      1 T 283 BI    1.589221170960E-01  3.178442341921E-01  3.800163207224E+00
      2 T 253 I     4.485361834895E-01 -1.029276330210E-01  4.111563129730E+00
      3 T 283 BI   -2.084467754599E-01 -4.168935509199E-01  2.565711038206E+00
      4 T 253 I     1.205149380279E-01  2.410298760558E-01  8.830270826219E-01
      5 F 253 I    -1.205149380279E-01 -2.410298760558E-01 -8.830270826219E-01
      6 F 283 BI    2.084467754599E-01  4.168935509199E-01 -2.565711038206E+00
      7 F 253 I    -4.485361834895E-01  1.029276330210E-01 -4.111563129730E+00
      8 F 283 BI   -1.589221170960E-01 -3.178442341921E-01 -3.800163207224E+00

 T = ATOM BELONGING TO THE ASYMMETRIC UNIT

 TOTAL ENERGY(DFT)(AU)(  9) -2.0414683116511E+03     DE (AU)   -1.905E-03

 UPDATED TRUST RADIUS     0.500E+00

 SYMMETRY ALLOWED FORCES  (COORDINATE, FORCE)

    1  2.6766469E-03    2 -9.3997105E-04    3  5.0288654E-04    4  1.5411366E-04
    5  4.5883969E-03    6  9.4578291E-04    7 -3.9807255E-03    8  4.8054092E-05
    9 -9.8439934E-04   10 -1.5243501E-03

 GRADIENT NORM     0.007029  GRADIENT THRESHOLD     0.500000

 EIGENVALUES OF THE ESTIMATED HESSIAN
  0.3934E-03  0.6488E-02  0.1900E-01  0.2600E-01  0.6219E-01  0.6837E-01
  0.7034E-01  0.1424      0.2190      0.3370    
 NEWTON STEP ( 0.9000386244E+01) EXCEEDS TRUST RADIUS ( 0.5000000000E+00)
 LEVEL SHIFT    -0.6685768269E-02

 PREDICTED ENERGY CHANGE    -0.197E-02

 MAX GRADIENT      0.004588  THRESHOLD              0.000450 CONVERGED NO
 RMS GRADIENT      0.002223  THRESHOLD              0.000300 CONVERGED NO
 MAX DISPLAC.      0.287169  THRESHOLD              0.001800 CONVERGED NO
 RMS DISPLAC.      0.158114  THRESHOLD              0.001200 CONVERGED NO
 TTTTTTTTTTTTTTTTTTTTTTTTTTTTTT OPTI        TELAPSE      550.64 TCPU      517.47
 MMMMM OPTI        USED MEM(MB)     96.63 MAX MEM     97.51 TOT MEM      3092.03
 *******************************************************************************
 COORDINATE AND CELL OPTIMIZATION - POINT   30
 *******************************************************************************
 LATTICE PARAMETERS (ANGSTROMS AND DEGREES) - BOHR = 0.5291772083 ANGSTROM
 PRIMITIVE CELL
         A              B              C           ALPHA      BETA       GAMMA 
     4.23300821     6.85074376   500.00000000    90.000000  90.000000 107.995672
 *******************************************************************************
 ATOMS IN THE ASYMMETRIC UNIT    4 - ATOMS IN THE UNIT CELL:    8
     ATOM                 X/A                 Y/B             Z(ANGSTROM)
 *******************************************************************************
      1 T 283 BI    1.653120637512E-01  3.306241275025E-01  3.804132740178E+00
      2 T 253 I     4.543459676521E-01 -9.130806469587E-02  4.190261718875E+00
      3 T 283 BI   -2.006532291979E-01 -4.013064583959E-01  2.577417719340E+00
      4 T 253 I     1.197045960049E-01  2.394091920099E-01  9.192531269936E-01
      5 F 253 I    -1.197045960049E-01 -2.394091920099E-01 -9.192531269936E-01
      6 F 283 BI    2.006532291979E-01  4.013064583959E-01 -2.577417719340E+00
      7 F 253 I    -4.543459676521E-01  9.130806469587E-02 -4.190261718875E+00
      8 F 283 BI   -1.653120637512E-01 -3.306241275025E-01 -3.804132740178E+00

 T = ATOM BELONGING TO THE ASYMMETRIC UNIT

 TOTAL ENERGY(DFT)(AU)( 10) -2.0414704889344E+03     DE (AU)   -2.177E-03

 UPDATED TRUST RADIUS     0.500E+00

 SYMMETRY ALLOWED FORCES  (COORDINATE, FORCE)

    1  3.2318791E-03    2  1.0963801E-03    3  1.9724291E-05    4  7.0374416E-04
    5  4.4653192E-03    6 -1.0730977E-03    7 -4.1827108E-03    8 -9.8472524E-04
    9  5.6664907E-04   10 -1.6973827E-03

 GRADIENT NORM     0.007409  GRADIENT THRESHOLD     0.500000

 EIGENVALUES OF THE ESTIMATED HESSIAN
  0.1835E-03  0.7095E-02  0.1758E-01  0.2745E-01  0.3405E-01  0.6716E-01
  0.7518E-01  0.1587      0.2256      0.3541    
 NEWTON STEP ( 0.2118779723E+02) EXCEEDS TRUST RADIUS ( 0.5000000000E+00)
 LEVEL SHIFT    -0.7593316296E-02

 PREDICTED ENERGY CHANGE    -0.226E-02

 MAX GRADIENT      0.004465  THRESHOLD              0.000450 CONVERGED NO
 RMS GRADIENT      0.002343  THRESHOLD              0.000300 CONVERGED NO
 MAX DISPLAC.      0.308865  THRESHOLD              0.001800 CONVERGED NO
 RMS DISPLAC.      0.158114  THRESHOLD              0.001200 CONVERGED NO
 TTTTTTTTTTTTTTTTTTTTTTTTTTTTTT OPTI        TELAPSE      567.08 TCPU      533.10
 MMMMM OPTI        USED MEM(MB)     99.33 MAX MEM    100.21 TOT MEM      3178.56
 *******************************************************************************
 COORDINATE AND CELL OPTIMIZATION - POINT   31
 *******************************************************************************
 LATTICE PARAMETERS (ANGSTROMS AND DEGREES) - BOHR = 0.5291772083 ANGSTROM
 PRIMITIVE CELL
         A              B              C           ALPHA      BETA       GAMMA 
     4.20549494     6.79947405   500.00000000    90.000000  90.000000 108.014128
 *******************************************************************************
 ATOMS IN THE ASYMMETRIC UNIT    4 - ATOMS IN THE UNIT CELL:    8
     ATOM                 X/A                 Y/B             Z(ANGSTROM)
 *******************************************************************************
      1 T 283 BI    1.719668548750E-01  3.439337097499E-01  3.798869841816E+00
      2 T 253 I     4.593594461509E-01 -8.128110769824E-02  4.262735491993E+00
      3 T 283 BI   -1.922708731662E-01 -3.845417463324E-01  2.573237945631E+00
      4 T 253 I     1.174021024504E-01  2.348042049008E-01  9.525851971146E-01
      5 F 253 I    -1.174021024504E-01 -2.348042049008E-01 -9.525851971146E-01
      6 F 283 BI    1.922708731662E-01  3.845417463324E-01 -2.573237945631E+00
      7 F 253 I    -4.593594461509E-01  8.128110769824E-02 -4.262735491993E+00
      8 F 283 BI   -1.719668548750E-01 -3.439337097499E-01 -3.798869841816E+00

 T = ATOM BELONGING TO THE ASYMMETRIC UNIT

 TOTAL ENERGY(DFT)(AU)(  8) -2.0414729562557E+03     DE (AU)   -2.467E-03

 UPDATED TRUST RADIUS     0.500E+00

 SYMMETRY ALLOWED FORCES  (COORDINATE, FORCE)

    1  3.7726892E-03    2  2.6561853E-03    3 -1.8318402E-04    4  1.1911798E-03
    5  3.7808797E-03    6 -2.8013030E-03    7 -3.4487601E-03    8 -1.4314012E-03
    9  1.9215716E-03   10 -1.3036495E-03

 GRADIENT NORM     0.008014  GRADIENT THRESHOLD     0.500000

 EIGENVALUES OF THE ESTIMATED HESSIAN
  0.2455E-03  0.5182E-02  0.1158E-01  0.2064E-01  0.3138E-01  0.6707E-01
  0.7993E-01  0.1568      0.2374      0.3398    
 NEWTON STEP ( 0.1532986562E+02) EXCEEDS TRUST RADIUS ( 0.5000000000E+00)
 LEVEL SHIFT    -0.7275323352E-02

 PREDICTED ENERGY CHANGE    -0.242E-02

 MAX GRADIENT      0.003781  THRESHOLD              0.000450 CONVERGED NO
 RMS GRADIENT      0.002534  THRESHOLD              0.000300 CONVERGED NO
 MAX DISPLAC.      0.314870  THRESHOLD              0.001800 CONVERGED NO
 RMS DISPLAC.      0.158114  THRESHOLD              0.001200 CONVERGED NO
 TTTTTTTTTTTTTTTTTTTTTTTTTTTTTT OPTI        TELAPSE      581.54 TCPU      546.84
 MMMMM OPTI        USED MEM(MB)    101.50 MAX MEM    102.38 TOT MEM      3247.90
 *******************************************************************************
 COORDINATE AND CELL OPTIMIZATION - POINT   32
 *******************************************************************************
 LATTICE PARAMETERS (ANGSTROMS AND DEGREES) - BOHR = 0.5291772083 ANGSTROM
 PRIMITIVE CELL
         A              B              C           ALPHA      BETA       GAMMA 
     4.15819283     6.77740085   500.00000000    90.000000  90.000000 107.864622
 *******************************************************************************
 ATOMS IN THE ASYMMETRIC UNIT    4 - ATOMS IN THE UNIT CELL:    8
     ATOM                 X/A                 Y/B             Z(ANGSTROM)
 *******************************************************************************
      1 T 283 BI    1.790117951035E-01  3.580235902071E-01  3.789752541058E+00
      2 T 253 I     4.632185480510E-01 -7.356290389796E-02  4.321112751779E+00
      3 T 283 BI   -1.837255443255E-01 -3.674510886510E-01  2.549384753946E+00
      4 T 253 I     1.137725296895E-01  2.275450593790E-01  9.829586534836E-01
      5 F 253 I    -1.137725296895E-01 -2.275450593790E-01 -9.829586534836E-01
      6 F 283 BI    1.837255443255E-01  3.674510886510E-01 -2.549384753946E+00
      7 F 253 I    -4.632185480510E-01  7.356290389796E-02 -4.321112751779E+00
      8 F 283 BI   -1.790117951035E-01 -3.580235902071E-01 -3.789752541058E+00

 T = ATOM BELONGING TO THE ASYMMETRIC UNIT

 TOTAL ENERGY(DFT)(AU)(  9) -2.0414754593698E+03     DE (AU)   -2.503E-03

 UPDATED TRUST RADIUS     0.500E+00

 SYMMETRY ALLOWED FORCES  (COORDINATE, FORCE)

    1  4.6693582E-03    2  1.1715530E-03    3  1.6035363E-04    4  1.7260284E-03
    5  1.9758631E-03    6 -2.7653380E-03    7 -2.0832935E-03    8 -5.1888888E-04
    9  2.9512928E-03   10  1.1947060E-03

 GRADIENT NORM     0.007244  GRADIENT THRESHOLD     0.500000

 EIGENVALUES OF THE ESTIMATED HESSIAN
  0.2051E-03  0.4590E-02  0.1199E-01  0.2064E-01  0.3651E-01  0.7374E-01
  0.8503E-01  0.1456      0.2399      0.3140    
 NEWTON STEP ( 0.1902430220E+02) EXCEEDS TRUST RADIUS ( 0.5000000000E+00)
 LEVEL SHIFT    -0.7597937727E-02

 PREDICTED ENERGY CHANGE    -0.225E-02

 MAX GRADIENT      0.004669  THRESHOLD              0.000450 CONVERGED NO
 RMS GRADIENT      0.002291  THRESHOLD              0.000300 CONVERGED NO
 MAX DISPLAC.      0.299512  THRESHOLD              0.001800 CONVERGED NO
 RMS DISPLAC.      0.158114  THRESHOLD              0.001200 CONVERGED NO
 TTTTTTTTTTTTTTTTTTTTTTTTTTTTTT OPTI        TELAPSE      597.00 TCPU      561.49
 MMMMM OPTI        USED MEM(MB)    103.93 MAX MEM    104.82 TOT MEM      3325.83
 *******************************************************************************
 COORDINATE AND CELL OPTIMIZATION - POINT   33
 *******************************************************************************
 LATTICE PARAMETERS (ANGSTROMS AND DEGREES) - BOHR = 0.5291772083 ANGSTROM
 PRIMITIVE CELL
         A              B              C           ALPHA      BETA       GAMMA 
     4.14737470     6.74062850   500.00000000    90.000000  90.000000 107.917067
 *******************************************************************************
 ATOMS IN THE ASYMMETRIC UNIT    4 - ATOMS IN THE UNIT CELL:    8
     ATOM                 X/A                 Y/B             Z(ANGSTROM)
 *******************************************************************************
      1 T 283 BI    1.868184440720E-01  3.736368881439E-01  3.778882688123E+00
      2 T 253 I     4.672501539193E-01 -6.549969216139E-02  4.385329163337E+00
      3 T 283 BI   -1.755969995510E-01 -3.511939991020E-01  2.529315679526E+00
      4 T 253 I     1.106794598558E-01  2.213589197116E-01  1.012892970272E+00
      5 F 253 I    -1.106794598558E-01 -2.213589197116E-01 -1.012892970272E+00
      6 F 283 BI    1.755969995510E-01  3.511939991020E-01 -2.529315679526E+00
      7 F 253 I    -4.672501539193E-01  6.549969216139E-02 -4.385329163337E+00
      8 F 283 BI   -1.868184440720E-01 -3.736368881439E-01 -3.778882688123E+00

 T = ATOM BELONGING TO THE ASYMMETRIC UNIT

 MAXIMUM ATOM DISPLACEMENT WITH RESPECT TO
 THE PRESENT REFERENCE GEOMETRY:   1.657825338794E+00

 REFERENCE GEOMETRY WILL BE CHANGED

 TOTAL ENERGY(DFT)(AU)(  9) -2.0414773022444E+03     DE (AU)   -1.843E-03

 SYMMETRY ALLOWED FORCES  (COORDINATE, FORCE)

    1  3.7876997E-03    2  2.4024258E-04    3  6.7757040E-04    4  1.6576967E-03
    5  1.5988111E-03    6 -2.7595888E-03    7 -3.4820123E-04    8  2.7760547E-04
    9  2.5088282E-03   10  1.7490515E-03

 GRADIENT NORM     0.006110  GRADIENT THRESHOLD     0.500000

 HESSIAN UPDATE SKIPPED

 EIGENVALUES OF THE ESTIMATED HESSIAN
  0.2051E-03  0.4590E-02  0.1199E-01  0.2064E-01  0.3651E-01  0.7374E-01
  0.8503E-01  0.1456      0.2399      0.3140    
 NEWTON STEP ( 0.1721654550E+02) EXCEEDS TRUST RADIUS ( 0.5000000000E+00)
 LEVEL SHIFT    -0.6857288489E-02

 PREDICTED ENERGY CHANGE    -0.193E-02

 MAX GRADIENT      0.003788  THRESHOLD              0.000450 CONVERGED NO
 RMS GRADIENT      0.001932  THRESHOLD              0.000300 CONVERGED NO
 MAX DISPLAC.      0.299908  THRESHOLD              0.001800 CONVERGED NO
 RMS DISPLAC.      0.158114  THRESHOLD              0.001200 CONVERGED NO
 TTTTTTTTTTTTTTTTTTTTTTTTTTTTTT OPTI        TELAPSE      613.18 TCPU      577.05
 MMMMM OPTI        USED MEM(MB)    106.40 MAX MEM    107.30 TOT MEM      3404.77
 *******************************************************************************
 COORDINATE AND CELL OPTIMIZATION - POINT   34
 *******************************************************************************
 LATTICE PARAMETERS (ANGSTROMS AND DEGREES) - BOHR = 0.5291772083 ANGSTROM
 PRIMITIVE CELL
         A              B              C           ALPHA      BETA       GAMMA 
     4.14416326     6.69173172   500.00000000    90.000000  90.000000 108.038021
 *******************************************************************************
 ATOMS IN THE ASYMMETRIC UNIT    4 - ATOMS IN THE UNIT CELL:    8
     ATOM                 X/A                 Y/B             Z(ANGSTROM)
 *******************************************************************************
      1 T 283 BI    1.945137319009E-01  3.890274638019E-01  3.772551648771E+00
      2 T 253 I     4.720057875401E-01 -5.598842491980E-02  4.453183427367E+00
      3 T 283 BI   -1.674577132537E-01 -3.349154265074E-01  2.515102884748E+00
      4 T 253 I     1.090712627051E-01  2.181425254103E-01  1.042182575416E+00
      5 F 253 I    -1.090712627051E-01 -2.181425254103E-01 -1.042182575416E+00
      6 F 283 BI    1.674577132537E-01  3.349154265074E-01 -2.515102884748E+00
      7 F 253 I    -4.720057875401E-01  5.598842491980E-02 -4.453183427367E+00
      8 F 283 BI   -1.945137319009E-01 -3.890274638019E-01 -3.772551648771E+00

 T = ATOM BELONGING TO THE ASYMMETRIC UNIT

 TOTAL ENERGY(DFT)(AU)(  9) -2.0414791492091E+03     DE (AU)   -1.847E-03

 UPDATED TRUST RADIUS     0.500E+00

 SYMMETRY ALLOWED FORCES  (COORDINATE, FORCE)

    1  2.6040336E-03    2  3.9627047E-04    3 -8.5804736E-05    4  1.0405408E-03
    5  1.9040778E-03    6 -3.1320051E-03    7  1.2924445E-03    8 -1.3209695E-05
    9  2.0844589E-03   10  3.0160376E-04

 GRADIENT NORM     0.005251  GRADIENT THRESHOLD     0.500000

 EIGENVALUES OF THE ESTIMATED HESSIAN
  0.1783E-02  0.2008E-02  0.1197E-01  0.2174E-01  0.4046E-01  0.5246E-01
  0.7616E-01  0.1386      0.2186      0.3085    
 NEWTON STEP ( 0.1625793664E+01) EXCEEDS TRUST RADIUS ( 0.5000000000E+00)
 LEVEL SHIFT    -0.3864498512E-03

 PREDICTED ENERGY CHANGE    -0.143E-02

 MAX GRADIENT      0.003132  THRESHOLD              0.000450 CONVERGED NO
 RMS GRADIENT      0.001660  THRESHOLD              0.000300 CONVERGED NO
 MAX DISPLAC.      0.314857  THRESHOLD              0.001800 CONVERGED NO
 RMS DISPLAC.      0.158114  THRESHOLD              0.001200 CONVERGED NO
 TTTTTTTTTTTTTTTTTTTTTTTTTTTTTT OPTI        TELAPSE      629.37 TCPU      592.38
 MMMMM OPTI        USED MEM(MB)    108.91 MAX MEM    109.81 TOT MEM      3485.06
 *******************************************************************************
 COORDINATE AND CELL OPTIMIZATION - POINT   35
 *******************************************************************************
 LATTICE PARAMETERS (ANGSTROMS AND DEGREES) - BOHR = 0.5291772083 ANGSTROM
 PRIMITIVE CELL
         A              B              C           ALPHA      BETA       GAMMA 
     4.13757481     6.68888183   500.00000000    90.000000  90.000000 108.016296
 *******************************************************************************
 ATOMS IN THE ASYMMETRIC UNIT    4 - ATOMS IN THE UNIT CELL:    8
     ATOM                 X/A                 Y/B             Z(ANGSTROM)
 *******************************************************************************
      1 T 283 BI    2.027994133074E-01  4.055988266148E-01  3.727821308335E+00
      2 T 253 I     4.761457434962E-01 -4.770851300759E-02  4.469517098804E+00
      3 T 283 BI   -1.589127163020E-01 -3.178254326040E-01  2.467533230746E+00
      4 T 253 I     1.079159759705E-01  2.158319519409E-01  1.043948541453E+00
      5 F 253 I    -1.079159759705E-01 -2.158319519409E-01 -1.043948541453E+00
      6 F 283 BI    1.589127163020E-01  3.178254326040E-01 -2.467533230746E+00
      7 F 253 I    -4.761457434962E-01  4.770851300759E-02 -4.469517098804E+00
      8 F 283 BI   -2.027994133074E-01 -4.055988266148E-01 -3.727821308335E+00

 T = ATOM BELONGING TO THE ASYMMETRIC UNIT

 TOTAL ENERGY(DFT)(AU)(  9) -2.0414799903759E+03     DE (AU)   -8.412E-04

 UPDATED TRUST RADIUS     0.500E+00

 SYMMETRY ALLOWED FORCES  (COORDINATE, FORCE)

    1  2.4370436E-03    2 -6.6009819E-04    3  3.4813828E-04    4  4.4062302E-04
    5  4.0980099E-04    6 -1.1755574E-03    7  3.5821060E-03    8 -8.1963402E-04
    9  2.4833247E-03   10 -2.9192539E-05

 GRADIENT NORM     0.005283  GRADIENT THRESHOLD     0.500000

 EIGENVALUES OF THE ESTIMATED HESSIAN
  0.1536E-02  0.1929E-02  0.1363E-01  0.2937E-01  0.4224E-01  0.5059E-01
  0.7935E-01  0.1385      0.2189      0.3097    
 NEWTON STEP ( 0.1620438533E+01) EXCEEDS TRUST RADIUS ( 0.5000000000E+00)
 LEVEL SHIFT    -0.2939212833E-02

 PREDICTED ENERGY CHANGE    -0.133E-02

 MAX GRADIENT      0.003582  THRESHOLD              0.000450 CONVERGED NO
 RMS GRADIENT      0.001671  THRESHOLD              0.000300 CONVERGED NO
 MAX DISPLAC.      0.306244  THRESHOLD              0.001800 CONVERGED NO
 RMS DISPLAC.      0.158114  THRESHOLD              0.001200 CONVERGED NO
 TTTTTTTTTTTTTTTTTTTTTTTTTTTTTT OPTI        TELAPSE      645.40 TCPU      607.79
 MMMMM OPTI        USED MEM(MB)    111.42 MAX MEM    112.32 TOT MEM      3565.34
 *******************************************************************************
 COORDINATE AND CELL OPTIMIZATION - POINT   36
 *******************************************************************************
 LATTICE PARAMETERS (ANGSTROMS AND DEGREES) - BOHR = 0.5291772083 ANGSTROM
 PRIMITIVE CELL
         A              B              C           ALPHA      BETA       GAMMA 
     4.15480127     6.70581479   500.00000000    90.000000  90.000000 108.046632
 *******************************************************************************
 ATOMS IN THE ASYMMETRIC UNIT    4 - ATOMS IN THE UNIT CELL:    8
     ATOM                 X/A                 Y/B             Z(ANGSTROM)
 *******************************************************************************
      1 T 283 BI    2.111106408214E-01  4.222212816428E-01  3.676311893362E+00
      2 T 253 I     4.808520394008E-01 -3.829592119837E-02  4.474874629091E+00
      3 T 283 BI   -1.513566586002E-01 -3.027133172004E-01  2.425720046120E+00
      4 T 253 I     1.109004543979E-01  2.218009087957E-01  1.022786640645E+00
      5 F 253 I    -1.109004543979E-01 -2.218009087957E-01 -1.022786640645E+00
      6 F 283 BI    1.513566586002E-01  3.027133172004E-01 -2.425720046120E+00
      7 F 253 I    -4.808520394008E-01  3.829592119837E-02 -4.474874629091E+00
      8 F 283 BI   -2.111106408214E-01 -4.222212816428E-01 -3.676311893362E+00

 T = ATOM BELONGING TO THE ASYMMETRIC UNIT

 TOTAL ENERGY(DFT)(AU)(  9) -2.0414814807035E+03     DE (AU)   -1.490E-03

 UPDATED TRUST RADIUS     0.500E+00

 SYMMETRY ALLOWED FORCES  (COORDINATE, FORCE)

    1  9.8408988E-04    2 -2.6735796E-04    3  3.5587828E-04    4 -7.8668244E-04
    5  1.6311526E-03    6  1.6518775E-04    7  2.9594353E-03    8 -2.0882156E-03
    9  6.3919086E-04   10 -1.6070865E-03

 GRADIENT NORM     0.004537  GRADIENT THRESHOLD     0.500000

 EIGENVALUES OF THE ESTIMATED HESSIAN
  0.7358E-03  0.2494E-02  0.1374E-01  0.2141E-01  0.3770E-01  0.6774E-01
  0.8012E-01  0.1387      0.2277      0.3118    
 NEWTON STEP ( 0.3382377396E+01) EXCEEDS TRUST RADIUS ( 0.5000000000E+00)
 LEVEL SHIFT    -0.4222046897E-02

 PREDICTED ENERGY CHANGE    -0.138E-02

 MAX GRADIENT      0.002959  THRESHOLD              0.000450 CONVERGED NO
 RMS GRADIENT      0.001435  THRESHOLD              0.000300 CONVERGED NO
 MAX DISPLAC.      0.263143  THRESHOLD              0.001800 CONVERGED NO
 RMS DISPLAC.      0.158114  THRESHOLD              0.001200 CONVERGED NO
 TTTTTTTTTTTTTTTTTTTTTTTTTTTTTT OPTI        TELAPSE      661.39 TCPU      622.64
 MMMMM OPTI        USED MEM(MB)    113.93 MAX MEM    114.83 TOT MEM      3645.62
 *******************************************************************************
 COORDINATE AND CELL OPTIMIZATION - POINT   37
 *******************************************************************************
 LATTICE PARAMETERS (ANGSTROMS AND DEGREES) - BOHR = 0.5291772083 ANGSTROM
 PRIMITIVE CELL
         A              B              C           ALPHA      BETA       GAMMA 
     4.15964664     6.75385128   500.00000000    90.000000  90.000000 107.935507
 *******************************************************************************
 ATOMS IN THE ASYMMETRIC UNIT    4 - ATOMS IN THE UNIT CELL:    8
     ATOM                 X/A                 Y/B             Z(ANGSTROM)
 *******************************************************************************
      1 T 283 BI    2.182521471694E-01  4.365042943388E-01  3.613872543880E+00
      2 T 253 I     4.852209772119E-01 -2.955804557627E-02  4.446468483640E+00
      3 T 283 BI   -1.446953456357E-01 -2.893906912714E-01  2.378083871095E+00
      4 T 253 I     1.152634185290E-01  2.305268370581E-01  9.779791768678E-01
      5 F 253 I    -1.152634185290E-01 -2.305268370581E-01 -9.779791768678E-01
      6 F 283 BI    1.446953456357E-01  2.893906912714E-01 -2.378083871095E+00
      7 F 253 I    -4.852209772119E-01  2.955804557627E-02 -4.446468483640E+00
      8 F 283 BI   -2.182521471694E-01 -4.365042943388E-01 -3.613872543880E+00

 T = ATOM BELONGING TO THE ASYMMETRIC UNIT

 TOTAL ENERGY(DFT)(AU)( 12) -2.0414830132749E+03     DE (AU)   -1.533E-03

 UPDATED TRUST RADIUS     0.500E+00

 SYMMETRY ALLOWED FORCES  (COORDINATE, FORCE)

    1  1.4370242E-04    2 -1.1350455E-03    3  4.1529334E-04    4 -1.4204792E-03
    5  3.2794218E-03    6  1.8974074E-03    7  9.8529265E-04    8 -1.8684458E-03
    9 -2.3273731E-04   10 -1.5353835E-03

 GRADIENT NORM     0.004973  GRADIENT THRESHOLD     0.500000

 EIGENVALUES OF THE ESTIMATED HESSIAN
  0.2438E-03  0.2603E-02  0.1388E-01  0.2164E-01  0.3838E-01  0.7387E-01
  0.8325E-01  0.1463      0.2433      0.3120    
 NEWTON STEP ( 0.1121458680E+02) EXCEEDS TRUST RADIUS ( 0.5000000000E+00)
 LEVEL SHIFT    -0.5225155026E-02

 PREDICTED ENERGY CHANGE    -0.143E-02

 MAX GRADIENT      0.003279  THRESHOLD              0.000450 CONVERGED NO
 RMS GRADIENT      0.001572  THRESHOLD              0.000300 CONVERGED NO
 MAX DISPLAC.      0.256539  THRESHOLD              0.001800 CONVERGED NO
 RMS DISPLAC.      0.158114  THRESHOLD              0.001200 CONVERGED NO
 TTTTTTTTTTTTTTTTTTTTTTTTTTTTTT OPTI        TELAPSE      681.01 TCPU      640.79
 MMMMM OPTI        USED MEM(MB)    117.26 MAX MEM    118.16 TOT MEM      3752.47
 *******************************************************************************
 COORDINATE AND CELL OPTIMIZATION - POINT   38
 *******************************************************************************
 LATTICE PARAMETERS (ANGSTROMS AND DEGREES) - BOHR = 0.5291772083 ANGSTROM
 PRIMITIVE CELL
         A              B              C           ALPHA      BETA       GAMMA 
     4.15552114     6.81007754   500.00000000    90.000000  90.000000 107.764232
 *******************************************************************************
 ATOMS IN THE ASYMMETRIC UNIT    4 - ATOMS IN THE UNIT CELL:    8
     ATOM                 X/A                 Y/B             Z(ANGSTROM)
 *******************************************************************************
      1 T 283 BI    2.248002239693E-01  4.496004479385E-01  3.542632745715E+00
      2 T 253 I     4.896660518342E-01 -2.066789633160E-02  4.411805335342E+00
      3 T 283 BI   -1.377330763244E-01 -2.754661526488E-01  2.335154025288E+00
      4 T 253 I     1.188697627865E-01  2.377395255730E-01  9.291404469498E-01
      5 F 253 I    -1.188697627865E-01 -2.377395255730E-01 -9.291404469498E-01
      6 F 283 BI    1.377330763244E-01  2.754661526488E-01 -2.335154025288E+00
      7 F 253 I    -4.896660518342E-01  2.066789633160E-02 -4.411805335342E+00
      8 F 283 BI   -2.248002239693E-01 -4.496004479385E-01 -3.542632745715E+00

 T = ATOM BELONGING TO THE ASYMMETRIC UNIT

 TOTAL ENERGY(DFT)(AU)(  9) -2.0414844824730E+03     DE (AU)   -1.469E-03

 UPDATED TRUST RADIUS     0.500E+00

 SYMMETRY ALLOWED FORCES  (COORDINATE, FORCE)

    1 -1.6977414E-04    2 -1.9855812E-03    3  3.0841125E-04    4 -1.5296225E-03
    5  4.1913865E-03    6  3.5193543E-03    7 -2.9893596E-04    8 -8.3641415E-04
    9  1.6179348E-04   10 -7.9839009E-04

 GRADIENT NORM     0.006149  GRADIENT THRESHOLD     0.500000

 EIGENVALUES OF THE ESTIMATED HESSIAN
  0.4772E-03  0.2502E-02  0.1208E-01  0.1475E-01  0.3571E-01  0.6653E-01
  0.9293E-01  0.1557      0.2190      0.3017    
 NEWTON STEP ( 0.5554351697E+01) EXCEEDS TRUST RADIUS ( 0.5000000000E+00)
 LEVEL SHIFT    -0.4821027280E-02

 PREDICTED ENERGY CHANGE    -0.144E-02

 MAX GRADIENT      0.004191  THRESHOLD              0.000450 CONVERGED NO
 RMS GRADIENT      0.001945  THRESHOLD              0.000300 CONVERGED NO
 MAX DISPLAC.      0.279709  THRESHOLD              0.001800 CONVERGED NO
 RMS DISPLAC.      0.158114  THRESHOLD              0.001200 CONVERGED NO
 TTTTTTTTTTTTTTTTTTTTTTTTTTTTTT OPTI        TELAPSE      697.49 TCPU      656.62
 MMMMM OPTI        USED MEM(MB)    119.77 MAX MEM    120.67 TOT MEM      3832.76
 *******************************************************************************
 COORDINATE AND CELL OPTIMIZATION - POINT   39
 *******************************************************************************
 LATTICE PARAMETERS (ANGSTROMS AND DEGREES) - BOHR = 0.5291772083 ANGSTROM
 PRIMITIVE CELL
         A              B              C           ALPHA      BETA       GAMMA 
     4.14219578     6.87717270   500.00000000    90.000000  90.000000 107.527014
 *******************************************************************************
 ATOMS IN THE ASYMMETRIC UNIT    4 - ATOMS IN THE UNIT CELL:    8
     ATOM                 X/A                 Y/B             Z(ANGSTROM)
 *******************************************************************************
      1 T 283 BI    2.306455745123E-01  4.612911490247E-01  3.470218460434E+00
      2 T 253 I     4.946455338605E-01 -1.070893227910E-02  4.389419381802E+00
      3 T 283 BI   -1.301419903540E-01 -2.602839807081E-01  2.316320588087E+00
      4 T 253 I     1.228495704777E-01  2.456991409554E-01  8.808828657133E-01
      5 F 253 I    -1.228495704777E-01 -2.456991409554E-01 -8.808828657133E-01
      6 F 283 BI    1.301419903540E-01  2.602839807081E-01 -2.316320588087E+00
      7 F 253 I    -4.946455338605E-01  1.070893227910E-02 -4.389419381802E+00
      8 F 283 BI   -2.306455745123E-01 -4.612911490247E-01 -3.470218460434E+00

 T = ATOM BELONGING TO THE ASYMMETRIC UNIT

 TOTAL ENERGY(DFT)(AU)(  8) -2.0414858574261E+03     DE (AU)   -1.375E-03

 UPDATED TRUST RADIUS     0.500E+00

 SYMMETRY ALLOWED FORCES  (COORDINATE, FORCE)

    1 -8.2229122E-05    2 -1.8928200E-03    3  1.3675336E-04    4 -1.5123398E-03
    5  4.1997184E-03    6  4.0052295E-03    7 -1.8360865E-03    8  1.4329562E-04
    9  4.1426014E-04   10  9.0851545E-04

 GRADIENT NORM     0.006631  GRADIENT THRESHOLD     0.500000

 EIGENVALUES OF THE ESTIMATED HESSIAN
  0.1122E-02  0.2512E-02  0.1092E-01  0.1429E-01  0.3489E-01  0.6051E-01
  0.9134E-01  0.1387      0.1922      0.2988    
 NEWTON STEP ( 0.1799134557E+01) EXCEEDS TRUST RADIUS ( 0.5000000000E+00)
 LEVEL SHIFT    -0.2888706887E-02

 PREDICTED ENERGY CHANGE    -0.111E-02

 MAX GRADIENT      0.004200  THRESHOLD              0.000450 CONVERGED NO
 RMS GRADIENT      0.002097  THRESHOLD              0.000300 CONVERGED NO
 MAX DISPLAC.      0.300368  THRESHOLD              0.001800 CONVERGED NO
 RMS DISPLAC.      0.158114  THRESHOLD              0.001200 CONVERGED NO
 TTTTTTTTTTTTTTTTTTTTTTTTTTTTTT OPTI        TELAPSE      713.01 TCPU      670.87
 MMMMM OPTI        USED MEM(MB)    122.01 MAX MEM    122.91 TOT MEM      3904.19
 *******************************************************************************
 COORDINATE AND CELL OPTIMIZATION - POINT   40
 *******************************************************************************
 LATTICE PARAMETERS (ANGSTROMS AND DEGREES) - BOHR = 0.5291772083 ANGSTROM
 PRIMITIVE CELL
         A              B              C           ALPHA      BETA       GAMMA 
     4.14284658     6.92165710   500.00000000    90.000000  90.000000 107.413580
 *******************************************************************************
 ATOMS IN THE ASYMMETRIC UNIT    4 - ATOMS IN THE UNIT CELL:    8
     ATOM                 X/A                 Y/B             Z(ANGSTROM)
 *******************************************************************************
      1 T 283 BI    2.367423949053E-01  4.734847898106E-01  3.399222860104E+00
      2 T 253 I    -4.997282912257E-01  5.434175486332E-04  4.355871953988E+00
      3 T 283 BI   -1.219902144906E-01 -2.439804289812E-01  2.304337980183E+00
      4 T 253 I     1.252841421341E-01  2.505682842683E-01  8.444104520634E-01
      5 F 253 I    -1.252841421341E-01 -2.505682842683E-01 -8.444104520634E-01
      6 F 283 BI    1.219902144906E-01  2.439804289812E-01 -2.304337980183E+00
      7 F 253 I     4.997282912257E-01 -5.434175486332E-04 -4.355871953988E+00
      8 F 283 BI   -2.367423949053E-01 -4.734847898106E-01 -3.399222860104E+00

 T = ATOM BELONGING TO THE ASYMMETRIC UNIT

 MAXIMUM ATOM DISPLACEMENT WITH RESPECT TO
 THE PRESENT REFERENCE GEOMETRY:   1.556077995094E+00

 REFERENCE GEOMETRY WILL BE CHANGED

 TOTAL ENERGY(DFT)(AU)( 18) -2.0414867121626E+03     DE (AU)   -8.547E-04

 SYMMETRY ALLOWED FORCES  (COORDINATE, FORCE)

    1  3.5921210E-04    2 -1.8632674E-03    3  1.2449685E-03    4 -8.9624856E-05
    5  1.7091302E-03    6  4.8975532E-03    7 -1.0123989E-03    8  1.2050688E-03
    9 -1.0582286E-03   10  1.4818365E-03

 GRADIENT NORM     0.006153  GRADIENT THRESHOLD     0.500000

 HESSIAN UPDATE SKIPPED

 EIGENVALUES OF THE ESTIMATED HESSIAN
  0.1122E-02  0.2512E-02  0.1092E-01  0.1429E-01  0.3489E-01  0.6051E-01
  0.9134E-01  0.1387      0.1922      0.2988    
 NEWTON STEP ( 0.9041098403E+00) EXCEEDS TRUST RADIUS ( 0.5000000000E+00)
 LEVEL SHIFT     0.1480601589E-03

 PREDICTED ENERGY CHANGE    -0.863E-03

 MAX GRADIENT      0.004898  THRESHOLD              0.000450 CONVERGED NO
 RMS GRADIENT      0.001946  THRESHOLD              0.000300 CONVERGED NO
 MAX DISPLAC.      0.269481  THRESHOLD              0.001800 CONVERGED NO
 RMS DISPLAC.      0.158114  THRESHOLD              0.001200 CONVERGED NO
 TTTTTTTTTTTTTTTTTTTTTTTTTTTTTT OPTI        TELAPSE      739.24 TCPU      695.06
 MMMMM OPTI        USED MEM(MB)    127.17 MAX MEM    128.09 TOT MEM      4069.44
 *******************************************************************************
 COORDINATE AND CELL OPTIMIZATION - POINT   41
 *******************************************************************************
 LATTICE PARAMETERS (ANGSTROMS AND DEGREES) - BOHR = 0.5291772083 ANGSTROM
 PRIMITIVE CELL
         A              B              C           ALPHA      BETA       GAMMA 
     4.12234152     6.89165940   500.00000000    90.000000  90.000000 107.402470
 *******************************************************************************
 ATOMS IN THE ASYMMETRIC UNIT    4 - ATOMS IN THE UNIT CELL:    8
     ATOM                 X/A                 Y/B             Z(ANGSTROM)
 *******************************************************************************
      1 T 283 BI    2.416862567004E-01  4.833725134009E-01  3.410703615765E+00
      2 T 253 I    -4.930275148361E-01  1.394497032773E-02  4.428183017015E+00
      3 T 283 BI   -1.146767083564E-01 -2.293534167127E-01  2.344600805231E+00
      4 T 253 I     1.299806551919E-01  2.599613103838E-01  8.504527196800E-01
      5 F 253 I    -1.299806551919E-01 -2.599613103838E-01 -8.504527196800E-01
      6 F 283 BI    1.146767083564E-01  2.293534167127E-01 -2.344600805231E+00
      7 F 253 I     4.930275148361E-01 -1.394497032773E-02 -4.428183017015E+00
      8 F 283 BI   -2.416862567004E-01 -4.833725134009E-01 -3.410703615765E+00

 T = ATOM BELONGING TO THE ASYMMETRIC UNIT

 TOTAL ENERGY(DFT)(AU)(  9) -2.0414872831961E+03     DE (AU)   -5.710E-04

 UPDATED TRUST RADIUS     0.500E+00

 SYMMETRY ALLOWED FORCES  (COORDINATE, FORCE)

    1  1.4538908E-04    2 -1.7040244E-03    3  1.0646529E-04    4 -1.6897770E-03
    5  1.3757745E-03    6  2.2628854E-03    7 -2.9794884E-03    8 -1.7522373E-03
    9 -7.4661456E-04   10  3.5924336E-03

 GRADIENT NORM     0.006182  GRADIENT THRESHOLD     0.500000

 EIGENVALUES OF THE ESTIMATED HESSIAN
  0.7273E-03  0.7061E-02  0.1241E-01  0.1415E-01  0.4034E-01  0.5933E-01
  0.8838E-01  0.1360      0.1911      0.3001    
 NEWTON STEP ( 0.1200645588E+01) EXCEEDS TRUST RADIUS ( 0.5000000000E+00)
 LEVEL SHIFT    -0.1003724925E-02

 PREDICTED ENERGY CHANGE    -0.645E-03

 MAX GRADIENT      0.003592  THRESHOLD              0.000450 CONVERGED NO
 RMS GRADIENT      0.001955  THRESHOLD              0.000300 CONVERGED NO
 MAX DISPLAC.      0.264059  THRESHOLD              0.001800 CONVERGED NO
 RMS DISPLAC.      0.158114  THRESHOLD              0.001200 CONVERGED NO
 TTTTTTTTTTTTTTTTTTTTTTTTTTTTTT OPTI        TELAPSE      755.76 TCPU      710.60
 MMMMM OPTI        USED MEM(MB)    129.75 MAX MEM    130.67 TOT MEM      4152.13
 *******************************************************************************
 COORDINATE AND CELL OPTIMIZATION - POINT   42
 *******************************************************************************
 LATTICE PARAMETERS (ANGSTROMS AND DEGREES) - BOHR = 0.5291772083 ANGSTROM
 PRIMITIVE CELL
         A              B              C           ALPHA      BETA       GAMMA 
     4.15313709     6.88562132   500.00000000    90.000000  90.000000 107.552551
 *******************************************************************************
 ATOMS IN THE ASYMMETRIC UNIT    4 - ATOMS IN THE UNIT CELL:    8
     ATOM                 X/A                 Y/B             Z(ANGSTROM)
 *******************************************************************************
      1 T 283 BI    2.480978477764E-01  4.961956955528E-01  3.341950715935E+00
      2 T 253 I    -4.870751476279E-01  2.584970474415E-02  4.375803377805E+00
      3 T 283 BI   -1.075103518660E-01 -2.150207037321E-01  2.314523068909E+00
      4 T 253 I     1.312472040691E-01  2.624944081383E-01  8.129953690166E-01
      5 F 253 I    -1.312472040691E-01 -2.624944081383E-01 -8.129953690166E-01
      6 F 283 BI    1.075103518660E-01  2.150207037321E-01 -2.314523068909E+00
      7 F 253 I     4.870751476279E-01 -2.584970474415E-02 -4.375803377805E+00
      8 F 283 BI   -2.480978477764E-01 -4.961956955528E-01 -3.341950715935E+00

 T = ATOM BELONGING TO THE ASYMMETRIC UNIT

 TOTAL ENERGY(DFT)(AU)(  8) -2.0414877042870E+03     DE (AU)   -4.211E-04

 UPDATED TRUST RADIUS     0.500E+00

 SYMMETRY ALLOWED FORCES  (COORDINATE, FORCE)

    1 -2.0287704E-05    2 -9.4383914E-04    3  1.0229638E-03    4 -4.4770059E-04
    5 -1.8930528E-03    6  2.6964335E-03    7  5.8453242E-04    8 -7.8931430E-04
    9  9.8961666E-04   10  5.6983294E-04

 GRADIENT NORM     0.003907  GRADIENT THRESHOLD     0.500000

 EIGENVALUES OF THE ESTIMATED HESSIAN
  0.1687E-02  0.5406E-02  0.1155E-01  0.1662E-01  0.3444E-01  0.5617E-01
  0.8720E-01  0.1382      0.1854      0.3020    

 PREDICTED ENERGY CHANGE    -0.407E-03

 MAX GRADIENT      0.002696  THRESHOLD              0.000450 CONVERGED NO
 RMS GRADIENT      0.001235  THRESHOLD              0.000300 CONVERGED NO
 MAX DISPLAC.      0.178556  THRESHOLD              0.001800 CONVERGED NO
 RMS DISPLAC.      0.099838  THRESHOLD              0.001200 CONVERGED NO
 TTTTTTTTTTTTTTTTTTTTTTTTTTTTTT OPTI        TELAPSE      770.95 TCPU      725.08
 MMMMM OPTI        USED MEM(MB)    132.05 MAX MEM    132.97 TOT MEM      4225.70
 *******************************************************************************
 COORDINATE AND CELL OPTIMIZATION - POINT   43
 *******************************************************************************
 LATTICE PARAMETERS (ANGSTROMS AND DEGREES) - BOHR = 0.5291772083 ANGSTROM
 PRIMITIVE CELL
         A              B              C           ALPHA      BETA       GAMMA 
     4.18741285     6.88858377   500.00000000    90.000000  90.000000 107.694318
 *******************************************************************************
 ATOMS IN THE ASYMMETRIC UNIT    4 - ATOMS IN THE UNIT CELL:    8
     ATOM                 X/A                 Y/B             Z(ANGSTROM)
 *******************************************************************************
      1 T 283 BI    2.437234911428E-01  4.874469822857E-01  3.319206489877E+00
      2 T 253 I    -4.863941537138E-01  2.721169257237E-02  4.308990356232E+00
      3 T 283 BI   -1.104350106641E-01 -2.208700213281E-01  2.352693939152E+00
      4 T 253 I     1.318615558015E-01  2.637231116031E-01  7.757419325179E-01
      5 F 253 I    -1.318615558015E-01 -2.637231116031E-01 -7.757419325179E-01
      6 F 283 BI    1.104350106641E-01  2.208700213281E-01 -2.352693939152E+00
      7 F 253 I     4.863941537138E-01 -2.721169257237E-02 -4.308990356232E+00
      8 F 283 BI   -2.437234911428E-01 -4.874469822857E-01 -3.319206489877E+00

 T = ATOM BELONGING TO THE ASYMMETRIC UNIT

 TOTAL ENERGY(DFT)(AU)(  8) -2.0414878917814E+03     DE (AU)   -1.875E-04

 UPDATED TRUST RADIUS     0.500E+00

 SYMMETRY ALLOWED FORCES  (COORDINATE, FORCE)

    1  7.4998809E-04    2  2.8142430E-04    3  2.8096933E-03    4  2.6178414E-03
    5 -1.5633625E-03    6 -7.0123782E-04    7 -2.7190887E-03    8 -2.4908412E-04
    9  6.9759032E-04   10 -8.3344582E-04

 GRADIENT NORM     0.005192  GRADIENT THRESHOLD     0.500000

 EIGENVALUES OF THE ESTIMATED HESSIAN
  0.1641E-02  0.8222E-02  0.1221E-01  0.1491E-01  0.3510E-01  0.6296E-01
  0.8303E-01  0.1418      0.1896      0.3010    

 PREDICTED ENERGY CHANGE    -0.210E-03

 MAX GRADIENT      0.002810  THRESHOLD              0.000450 CONVERGED NO
 RMS GRADIENT      0.001642  THRESHOLD              0.000300 CONVERGED NO
 MAX DISPLAC.      0.125598  THRESHOLD              0.001800 CONVERGED NO
 RMS DISPLAC.      0.050035  THRESHOLD              0.001200 CONVERGED NO
 TTTTTTTTTTTTTTTTTTTTTTTTTTTTTT OPTI        TELAPSE      786.11 TCPU      739.63
 MMMMM OPTI        USED MEM(MB)    134.35 MAX MEM    135.27 TOT MEM      4299.27
 *******************************************************************************
 COORDINATE AND CELL OPTIMIZATION - POINT   44
 *******************************************************************************
 LATTICE PARAMETERS (ANGSTROMS AND DEGREES) - BOHR = 0.5291772083 ANGSTROM
 PRIMITIVE CELL
         A              B              C           ALPHA      BETA       GAMMA 
     4.18371911     6.86574177   500.00000000    90.000000  90.000000 107.738960
 *******************************************************************************
 ATOMS IN THE ASYMMETRIC UNIT    4 - ATOMS IN THE UNIT CELL:    8
     ATOM                 X/A                 Y/B             Z(ANGSTROM)
 *******************************************************************************
      1 T 283 BI    2.433376114334E-01  4.866752228668E-01  3.341106286675E+00
      2 T 253 I    -4.865806370683E-01  2.683872586335E-02  4.355987384176E+00
      3 T 283 BI   -1.112489422697E-01 -2.224978845394E-01  2.361904773734E+00
      4 T 253 I     1.307065972638E-01  2.614131945275E-01  7.890907101227E-01
      5 F 253 I    -1.307065972638E-01 -2.614131945275E-01 -7.890907101227E-01
      6 F 283 BI    1.112489422697E-01  2.224978845394E-01 -2.361904773734E+00
      7 F 253 I     4.865806370683E-01 -2.683872586335E-02 -4.355987384176E+00
      8 F 283 BI   -2.433376114334E-01 -4.866752228668E-01 -3.341106286675E+00

 T = ATOM BELONGING TO THE ASYMMETRIC UNIT

 TOTAL ENERGY(DFT)(AU)(  9) -2.0414881024843E+03     DE (AU)   -2.107E-04

 UPDATED TRUST RADIUS     0.500E+00

 SYMMETRY ALLOWED FORCES  (COORDINATE, FORCE)

    1 -3.8252776E-04    2 -1.6201242E-04    3  1.0943789E-03    4  5.0102130E-04
    5  2.1877098E-04    6 -3.5288659E-04    7 -1.2459994E-03    8 -5.5550929E-04
    9  5.9914382E-04   10 -4.2572035E-04

 GRADIENT NORM     0.002048  GRADIENT THRESHOLD     0.500000

 EIGENVALUES OF THE ESTIMATED HESSIAN
  0.1801E-02  0.9853E-02  0.1230E-01  0.1461E-01  0.3340E-01  0.4873E-01
  0.8382E-01  0.1338      0.1838      0.3033    

 PREDICTED ENERGY CHANGE    -0.708E-04

 MAX GRADIENT      0.001246  THRESHOLD              0.000450 CONVERGED NO
 RMS GRADIENT      0.000648  THRESHOLD              0.000300 CONVERGED NO
 MAX DISPLAC.      0.092087  THRESHOLD              0.001800 CONVERGED NO
 RMS DISPLAC.      0.053264  THRESHOLD              0.001200 CONVERGED NO
 TTTTTTTTTTTTTTTTTTTTTTTTTTTTTT OPTI        TELAPSE      802.57 TCPU      755.16
 MMMMM OPTI        USED MEM(MB)    136.94 MAX MEM    137.85 TOT MEM      4381.96
 *******************************************************************************
 COORDINATE AND CELL OPTIMIZATION - POINT   45
 *******************************************************************************
 LATTICE PARAMETERS (ANGSTROMS AND DEGREES) - BOHR = 0.5291772083 ANGSTROM
 PRIMITIVE CELL
         A              B              C           ALPHA      BETA       GAMMA 
     4.18284583     6.88398004   500.00000000    90.000000  90.000000 107.686593
 *******************************************************************************
 ATOMS IN THE ASYMMETRIC UNIT    4 - ATOMS IN THE UNIT CELL:    8
     ATOM                 X/A                 Y/B             Z(ANGSTROM)
 *******************************************************************************
      1 T 283 BI    2.450621048832E-01  4.901242097664E-01  3.314169647671E+00
      2 T 253 I    -4.843668753897E-01  3.126624922062E-02  4.365419112282E+00
      3 T 283 BI   -1.087497711729E-01 -2.174995423458E-01  2.361205523520E+00
      4 T 253 I     1.310298194999E-01  2.620596389997E-01  7.700485082855E-01
      5 F 253 I    -1.310298194999E-01 -2.620596389997E-01 -7.700485082855E-01
      6 F 283 BI    1.087497711729E-01  2.174995423458E-01 -2.361205523520E+00
      7 F 253 I     4.843668753897E-01 -3.126624922062E-02 -4.365419112282E+00
      8 F 283 BI   -2.450621048832E-01 -4.901242097664E-01 -3.314169647671E+00

 T = ATOM BELONGING TO THE ASYMMETRIC UNIT

 TOTAL ENERGY(DFT)(AU)(  7) -2.0414881627072E+03     DE (AU)   -6.022E-05

 UPDATED TRUST RADIUS     0.500E+00

 SYMMETRY ALLOWED FORCES  (COORDINATE, FORCE)

    1 -5.0281547E-04    2 -2.0623725E-04    3  3.7915748E-04    4 -5.0298681E-04
    5 -1.1540367E-04    6  4.7532729E-04    7 -2.1181913E-04    8  6.7663013E-04
    9 -6.2584265E-04   10  1.7518976E-04

 GRADIENT NORM     0.001363  GRADIENT THRESHOLD     0.500000

 EIGENVALUES OF THE ESTIMATED HESSIAN
  0.2606E-02  0.1004E-01  0.1142E-01  0.1721E-01  0.3407E-01  0.4056E-01
  0.8345E-01  0.1395      0.1820      0.3084    

 PREDICTED ENERGY CHANGE    -0.327E-04

 MAX GRADIENT      0.000677  THRESHOLD              0.000450 CONVERGED NO
 RMS GRADIENT      0.000431  THRESHOLD              0.000300 CONVERGED NO
 MAX DISPLAC.      0.057497  THRESHOLD              0.001800 CONVERGED NO
 RMS DISPLAC.      0.028959  THRESHOLD              0.001200 CONVERGED NO
 TTTTTTTTTTTTTTTTTTTTTTTTTTTTTT OPTI        TELAPSE      816.63 TCPU      768.67
 MMMMM OPTI        USED MEM(MB)    138.95 MAX MEM    139.87 TOT MEM      4446.41
 *******************************************************************************
 COORDINATE AND CELL OPTIMIZATION - POINT   46
 *******************************************************************************
 LATTICE PARAMETERS (ANGSTROMS AND DEGREES) - BOHR = 0.5291772083 ANGSTROM
 PRIMITIVE CELL
         A              B              C           ALPHA      BETA       GAMMA 
     4.18611502     6.87179337   500.00000000    90.000000  90.000000 107.733306
 *******************************************************************************
 ATOMS IN THE ASYMMETRIC UNIT    4 - ATOMS IN THE UNIT CELL:    8
     ATOM                 X/A                 Y/B             Z(ANGSTROM)
 *******************************************************************************
      1 T 283 BI    2.435016666462E-01  4.870033332924E-01  3.321890435636E+00
      2 T 253 I    -4.845764714870E-01  3.084705702596E-02  4.359243229780E+00
      3 T 283 BI   -1.100936645716E-01 -2.201873291433E-01  2.370365228035E+00
      4 T 253 I     1.302222824907E-01  2.604445649815E-01  7.722948590613E-01
      5 F 253 I    -1.302222824907E-01 -2.604445649815E-01 -7.722948590613E-01
      6 F 283 BI    1.100936645716E-01  2.201873291433E-01 -2.370365228035E+00
      7 F 253 I     4.845764714870E-01 -3.084705702596E-02 -4.359243229780E+00
      8 F 283 BI   -2.435016666462E-01 -4.870033332924E-01 -3.321890435636E+00

 T = ATOM BELONGING TO THE ASYMMETRIC UNIT

 TOTAL ENERGY(DFT)(AU)(  7) -2.0414881957699E+03     DE (AU)   -3.306E-05

 UPDATED TRUST RADIUS     0.500E+00

 SYMMETRY ALLOWED FORCES  (COORDINATE, FORCE)

    1 -3.7527858E-04    2 -2.7312446E-04    3  3.2718997E-04    4 -5.1442415E-05
    5 -4.4259187E-05    6 -1.1744948E-04    7  1.2782016E-04    8  3.5893942E-04
    9 -1.0367077E-04   10 -2.2126937E-04

 GRADIENT NORM     0.000739  GRADIENT THRESHOLD     0.500000

 EIGENVALUES OF THE ESTIMATED HESSIAN
  0.2676E-02  0.9492E-02  0.1038E-01  0.1840E-01  0.3346E-01  0.3860E-01
  0.8300E-01  0.1364      0.1860      0.3042    

 PREDICTED ENERGY CHANGE    -0.409E-05

 MAX GRADIENT      0.000375  THRESHOLD              0.000450 CONVERGED YES
 RMS GRADIENT      0.000234  THRESHOLD              0.000300 CONVERGED YES
 MAX DISPLAC.      0.014834  THRESHOLD              0.001800 CONVERGED NO
 RMS DISPLAC.      0.006757  THRESHOLD              0.001200 CONVERGED NO
 TTTTTTTTTTTTTTTTTTTTTTTTTTTTTT OPTI        TELAPSE      830.79 TCPU      782.16
 MMMMM OPTI        USED MEM(MB)    140.96 MAX MEM    141.88 TOT MEM      4510.86
 *******************************************************************************
 COORDINATE AND CELL OPTIMIZATION - POINT   47
 *******************************************************************************
 LATTICE PARAMETERS (ANGSTROMS AND DEGREES) - BOHR = 0.5291772083 ANGSTROM
 PRIMITIVE CELL
         A              B              C           ALPHA      BETA       GAMMA 
     4.18461442     6.87283303   500.00000000    90.000000  90.000000 107.723968
 *******************************************************************************
 ATOMS IN THE ASYMMETRIC UNIT    4 - ATOMS IN THE UNIT CELL:    8
     ATOM                 X/A                 Y/B             Z(ANGSTROM)
 *******************************************************************************
      1 T 283 BI    2.430990695027E-01  4.861981390054E-01  3.320487932373E+00
      2 T 253 I    -4.843494377950E-01  3.130112441004E-02  4.356636407732E+00
      3 T 283 BI   -1.101870803960E-01 -2.203741607920E-01  2.373278272504E+00
      4 T 253 I     1.301545239697E-01  2.603090479394E-01  7.709630791552E-01
      5 F 253 I    -1.301545239697E-01 -2.603090479394E-01 -7.709630791552E-01
      6 F 283 BI    1.101870803960E-01  2.203741607920E-01 -2.373278272504E+00
      7 F 253 I     4.843494377950E-01 -3.130112441004E-02 -4.356636407732E+00
      8 F 283 BI   -2.430990695027E-01 -4.861981390054E-01 -3.320487932373E+00

 T = ATOM BELONGING TO THE ASYMMETRIC UNIT

 TOTAL ENERGY(DFT)(AU)(  7) -2.0414882010237E+03     DE (AU)   -5.254E-06

 UPDATED TRUST RADIUS     0.500E+00

 SYMMETRY ALLOWED FORCES  (COORDINATE, FORCE)

    1 -7.2632866E-05    2 -1.9247425E-04    3  2.7507198E-04    4  4.8769341E-05
    5 -2.1873688E-04    6 -2.3269060E-04    7  5.6542900E-05    8  1.8602918E-04
    9 -7.5585001E-05   10 -1.8024333E-04

 GRADIENT NORM     0.000546  GRADIENT THRESHOLD     0.500000

 EIGENVALUES OF THE ESTIMATED HESSIAN
  0.2689E-02  0.8200E-02  0.1101E-01  0.1847E-01  0.2963E-01  0.3800E-01
  0.7799E-01  0.1434      0.1631      0.2977    

 PREDICTED ENERGY CHANGE    -0.194E-05

 MAX GRADIENT      0.000275  THRESHOLD              0.000450 CONVERGED YES
 RMS GRADIENT      0.000173  THRESHOLD              0.000300 CONVERGED YES
 MAX DISPLAC.      0.007840  THRESHOLD              0.001800 CONVERGED NO
 RMS DISPLAC.      0.004584  THRESHOLD              0.001200 CONVERGED NO
 TTTTTTTTTTTTTTTTTTTTTTTTTTTTTT OPTI        TELAPSE      845.18 TCPU      795.83
 MMMMM OPTI        USED MEM(MB)    142.98 MAX MEM    143.90 TOT MEM      4575.30
 *******************************************************************************
 COORDINATE AND CELL OPTIMIZATION - POINT   48
 *******************************************************************************
 LATTICE PARAMETERS (ANGSTROMS AND DEGREES) - BOHR = 0.5291772083 ANGSTROM
 PRIMITIVE CELL
         A              B              C           ALPHA      BETA       GAMMA 
     4.18273207     6.87555142   500.00000000    90.000000  90.000000 107.708495
 *******************************************************************************
 ATOMS IN THE ASYMMETRIC UNIT    4 - ATOMS IN THE UNIT CELL:    8
     ATOM                 X/A                 Y/B             Z(ANGSTROM)
 *******************************************************************************
      1 T 283 BI    2.429468335749E-01  4.858936671498E-01  3.318446601353E+00
      2 T 253 I    -4.841812999788E-01  3.163740004235E-02  4.353702797751E+00
      3 T 283 BI   -1.102271048028E-01 -2.204542096056E-01  2.372872194109E+00
      4 T 253 I     1.300638991048E-01  2.601277982096E-01  7.703845548683E-01
      5 F 253 I    -1.300638991048E-01 -2.601277982096E-01 -7.703845548683E-01
      6 F 283 BI    1.102271048028E-01  2.204542096056E-01 -2.372872194109E+00
      7 F 253 I     4.841812999788E-01 -3.163740004235E-02 -4.353702797751E+00
      8 F 283 BI   -2.429468335749E-01 -4.858936671498E-01 -3.318446601353E+00

 T = ATOM BELONGING TO THE ASYMMETRIC UNIT

 TOTAL ENERGY(DFT)(AU)(  7) -2.0414882047033E+03     DE (AU)   -3.680E-06

 UPDATED TRUST RADIUS     0.500E+00

 SYMMETRY ALLOWED FORCES  (COORDINATE, FORCE)

    1  6.4383385E-05    2 -8.4116314E-05    3  2.0741830E-04    4  6.7082538E-05
    5 -2.6375807E-04    6 -1.6366623E-04    7  1.0617885E-04    8  1.1080766E-04
    9 -2.2381489E-05   10 -9.9972113E-05

 GRADIENT NORM     0.000435  GRADIENT THRESHOLD     0.500000

 EIGENVALUES OF THE ESTIMATED HESSIAN
  0.2683E-02  0.7834E-02  0.1103E-01  0.1920E-01  0.2567E-01  0.3879E-01
  0.7242E-01  0.1232      0.1517      0.2855    

 PREDICTED ENERGY CHANGE    -0.142E-05

 MAX GRADIENT      0.000264  THRESHOLD              0.000450 CONVERGED YES
 RMS GRADIENT      0.000138  THRESHOLD              0.000300 CONVERGED YES
 MAX DISPLAC.      0.011405  THRESHOLD              0.001800 CONVERGED NO
 RMS DISPLAC.      0.005042  THRESHOLD              0.001200 CONVERGED NO
 TTTTTTTTTTTTTTTTTTTTTTTTTTTTTT OPTI        TELAPSE      859.60 TCPU      809.32
 MMMMM OPTI        USED MEM(MB)    144.99 MAX MEM    145.91 TOT MEM      4639.75
 *******************************************************************************
 COORDINATE AND CELL OPTIMIZATION - POINT   49
 *******************************************************************************
 LATTICE PARAMETERS (ANGSTROMS AND DEGREES) - BOHR = 0.5291772083 ANGSTROM
 PRIMITIVE CELL
         A              B              C           ALPHA      BETA       GAMMA 
     4.18124040     6.87735554   500.00000000    90.000000  90.000000 107.697173
 *******************************************************************************
 ATOMS IN THE ASYMMETRIC UNIT    4 - ATOMS IN THE UNIT CELL:    8
     ATOM                 X/A                 Y/B             Z(ANGSTROM)
 *******************************************************************************
      1 T 283 BI    2.430366791806E-01  4.860733583612E-01  3.317241969082E+00
      2 T 253 I    -4.838717684404E-01  3.225646311925E-02  4.350984228801E+00
      3 T 283 BI   -1.101340849173E-01 -2.202681698345E-01  2.371517735247E+00
      4 T 253 I     1.301385246001E-01  2.602770492003E-01  7.706280248599E-01
      5 F 253 I    -1.301385246001E-01 -2.602770492003E-01 -7.706280248599E-01
      6 F 283 BI    1.101340849173E-01  2.202681698345E-01 -2.371517735247E+00
      7 F 253 I     4.838717684404E-01 -3.225646311925E-02 -4.350984228801E+00
      8 F 283 BI   -2.430366791806E-01 -4.860733583612E-01 -3.317241969082E+00

 T = ATOM BELONGING TO THE ASYMMETRIC UNIT

 TOTAL ENERGY(DFT)(AU)(  7) -2.0414882077874E+03     DE (AU)   -3.084E-06

 UPDATED TRUST RADIUS     0.500E+00

 SYMMETRY ALLOWED FORCES  (COORDINATE, FORCE)

    1  1.0716171E-04    2  3.2570655E-05    3  1.1849810E-04    4  4.8683837E-05
    5 -2.1208872E-04    6 -1.1325108E-04    7  5.0635928E-05    8 -1.5753943E-06
    9  7.9824806E-05   10 -2.3315490E-05

 GRADIENT NORM     0.000310  GRADIENT THRESHOLD     0.500000

 EIGENVALUES OF THE ESTIMATED HESSIAN
  0.2532E-02  0.6708E-02  0.1086E-01  0.1742E-01  0.2932E-01  0.3878E-01
  0.6577E-01  0.9632E-01  0.1535      0.2863    

 PREDICTED ENERGY CHANGE    -0.104E-05

 MAX GRADIENT      0.000212  THRESHOLD              0.000450 CONVERGED YES
 RMS GRADIENT      0.000098  THRESHOLD              0.000300 CONVERGED YES
 MAX DISPLAC.      0.008536  THRESHOLD              0.001800 CONVERGED NO
 RMS DISPLAC.      0.004700  THRESHOLD              0.001200 CONVERGED NO
 TTTTTTTTTTTTTTTTTTTTTTTTTTTTTT OPTI        TELAPSE      873.92 TCPU      823.02
 MMMMM OPTI        USED MEM(MB)    147.01 MAX MEM    147.92 TOT MEM      4704.20
 *******************************************************************************
 COORDINATE AND CELL OPTIMIZATION - POINT   50
 *******************************************************************************
 LATTICE PARAMETERS (ANGSTROMS AND DEGREES) - BOHR = 0.5291772083 ANGSTROM
 PRIMITIVE CELL
         A              B              C           ALPHA      BETA       GAMMA 
     4.18105037     6.87892960   500.00000000    90.000000  90.000000 107.692159
 *******************************************************************************
 ATOMS IN THE ASYMMETRIC UNIT    4 - ATOMS IN THE UNIT CELL:    8
     ATOM                 X/A                 Y/B             Z(ANGSTROM)
 *******************************************************************************
      1 T 283 BI    2.431763896808E-01  4.863527793616E-01  3.316927736495E+00
      2 T 253 I    -4.836401039955E-01  3.271979200890E-02  4.347860850200E+00
      3 T 283 BI   -1.101348207874E-01 -2.202696415749E-01  2.369240468464E+00
      4 T 253 I     1.302001533144E-01  2.604003066288E-01  7.713718267643E-01
      5 F 253 I    -1.302001533144E-01 -2.604003066288E-01 -7.713718267643E-01
      6 F 283 BI    1.101348207874E-01  2.202696415749E-01 -2.369240468464E+00
      7 F 253 I     4.836401039955E-01 -3.271979200890E-02 -4.347860850200E+00
      8 F 283 BI   -2.431763896808E-01 -4.863527793616E-01 -3.316927736495E+00

 T = ATOM BELONGING TO THE ASYMMETRIC UNIT

 N OF POINTS AFTER LAST CHANGE:    10

 REFERENCE GEOMETRY WILL BE CHANGED

 TOTAL ENERGY(DFT)(AU)(  7) -2.0414881893953E+03     DE (AU)    1.839E-05

 SYMMETRY ALLOWED FORCES  (COORDINATE, FORCE)

    1  2.6724073E-05    2 -1.3916689E-05    3  9.3227307E-05    4  6.1270755E-06
    5 -9.8693722E-05    6  4.4636033E-05    7 -3.4416016E-05    8 -2.7705783E-05
    9  1.0456126E-04   10 -9.9301634E-05

 GRADIENT NORM     0.000210  GRADIENT THRESHOLD     0.500000

 HESSIAN UPDATE SKIPPED

 EIGENVALUES OF THE ESTIMATED HESSIAN
  0.2532E-02  0.6708E-02  0.1086E-01  0.1742E-01  0.2932E-01  0.3878E-01
  0.6577E-01  0.9632E-01  0.1535      0.2863    

 PREDICTED ENERGY CHANGE    -0.822E-06

 MAX GRADIENT      0.000105  THRESHOLD              0.000450 CONVERGED YES
 RMS GRADIENT      0.000066  THRESHOLD              0.000300 CONVERGED YES
 MAX DISPLAC.      0.007652  THRESHOLD              0.001800 CONVERGED NO
 RMS DISPLAC.      0.004109  THRESHOLD              0.001200 CONVERGED NO
 TTTTTTTTTTTTTTTTTTTTTTTTTTTTTT OPTI        TELAPSE      888.34 TCPU      836.64
 MMMMM OPTI        USED MEM(MB)    149.03 MAX MEM    149.95 TOT MEM      4768.96
 *******************************************************************************
 COORDINATE AND CELL OPTIMIZATION - POINT   51
 *******************************************************************************
 LATTICE PARAMETERS (ANGSTROMS AND DEGREES) - BOHR = 0.5291772083 ANGSTROM
 PRIMITIVE CELL
         A              B              C           ALPHA      BETA       GAMMA 
     4.18056525     6.88205158   500.00000000    90.000000  90.000000 107.681749
 *******************************************************************************
 ATOMS IN THE ASYMMETRIC UNIT    4 - ATOMS IN THE UNIT CELL:    8
     ATOM                 X/A                 Y/B             Z(ANGSTROM)
 *******************************************************************************
      1 T 283 BI    2.431187554626E-01  4.862375109252E-01  3.315313327427E+00
      2 T 253 I    -4.834324321858E-01  3.313513562830E-02  4.345107749314E+00
      3 T 283 BI   -1.101928987269E-01 -2.203857974538E-01  2.369341272558E+00
      4 T 253 I     1.301572515093E-01  2.603145030187E-01  7.704940740632E-01
      5 F 253 I    -1.301572515093E-01 -2.603145030187E-01 -7.704940740632E-01
      6 F 283 BI    1.101928987269E-01  2.203857974538E-01 -2.369341272558E+00
      7 F 253 I     4.834324321858E-01 -3.313513562830E-02 -4.345107749314E+00
      8 F 283 BI   -2.431187554626E-01 -4.862375109252E-01 -3.315313327427E+00

 T = ATOM BELONGING TO THE ASYMMETRIC UNIT

 TOTAL ENERGY(DFT)(AU)(  6) -2.0414881914115E+03     DE (AU)   -2.016E-06

 UPDATED TRUST RADIUS     0.500E+00

 SYMMETRY ALLOWED FORCES  (COORDINATE, FORCE)

    1 -6.3228446E-06    2  4.4216279E-05    3  1.0607812E-05    4 -2.5264494E-06
    5  1.5743833E-05    6  1.2846455E-05    7  1.0599140E-06    8 -4.4081459E-06
    9  7.8749359E-05   10  1.4027368E-06

 GRADIENT NORM     0.000094  GRADIENT THRESHOLD     0.500000

 EIGENVALUES OF THE ESTIMATED HESSIAN
  0.2459E-02  0.6894E-02  0.1042E-01  0.1773E-01  0.2962E-01  0.3949E-01
  0.6555E-01  0.9073E-01  0.1533      0.2889    

 PREDICTED ENERGY CHANGE    -0.410E-07

 MAX GRADIENT      0.000079  THRESHOLD              0.000450 CONVERGED YES
 RMS GRADIENT      0.000030  THRESHOLD              0.000300 CONVERGED YES
 MAX DISPLAC.      0.001945  THRESHOLD              0.001800 CONVERGED NO
 RMS DISPLAC.      0.000816  THRESHOLD              0.001200 CONVERGED YES
 TTTTTTTTTTTTTTTTTTTTTTTTTTTTTT OPTI        TELAPSE      901.36 TCPU      849.21
 MMMMM OPTI        USED MEM(MB)    150.77 MAX MEM    151.69 TOT MEM      4824.55
 *******************************************************************************
 COORDINATE AND CELL OPTIMIZATION - POINT   52
 *******************************************************************************
 LATTICE PARAMETERS (ANGSTROMS AND DEGREES) - BOHR = 0.5291772083 ANGSTROM
 PRIMITIVE CELL
         A              B              C           ALPHA      BETA       GAMMA 
     4.18081390     6.88228294   500.00000000    90.000000  90.000000 107.682221
 *******************************************************************************
 ATOMS IN THE ASYMMETRIC UNIT    4 - ATOMS IN THE UNIT CELL:    8
     ATOM                 X/A                 Y/B             Z(ANGSTROM)
 *******************************************************************************
      1 T 283 BI    2.431375411678E-01  4.862750823356E-01  3.315291426445E+00
      2 T 253 I    -4.833796589877E-01  3.324068202459E-02  4.344855238094E+00
      3 T 283 BI   -1.101704624252E-01 -2.203409248504E-01  2.369580442052E+00
      4 T 253 I     1.301756180133E-01  2.603512360267E-01  7.704065524974E-01
      5 F 253 I    -1.301756180133E-01 -2.603512360267E-01 -7.704065524974E-01
      6 F 283 BI    1.101704624252E-01  2.203409248504E-01 -2.369580442052E+00
      7 F 253 I     4.833796589877E-01 -3.324068202459E-02 -4.344855238094E+00
      8 F 283 BI   -2.431375411678E-01 -4.862750823356E-01 -3.315291426445E+00

 T = ATOM BELONGING TO THE ASYMMETRIC UNIT

 TOTAL ENERGY(DFT)(AU)(  3) -2.0414881916757E+03     DE (AU)   -2.643E-07

 UPDATED TRUST RADIUS     0.500E+00

 SYMMETRY ALLOWED FORCES  (COORDINATE, FORCE)

    1 -2.1168801E-05    2  7.9771238E-05    3  1.5211966E-06    4  9.8719122E-06
    5  3.9297868E-05    6 -6.6534694E-06    7 -8.3165499E-06    8 -9.0125840E-06
    9  9.3601019E-05   10 -1.8937634E-07

 GRADIENT NORM     0.000132  GRADIENT THRESHOLD     0.500000

 EIGENVALUES OF THE ESTIMATED HESSIAN
  0.1490E-02  0.6554E-02  0.9660E-02  0.2313E-01  0.2860E-01  0.3087E-01
  0.4424E-01  0.7985E-01  0.1536      0.3241    

 PREDICTED ENERGY CHANGE    -0.418E-06

 MAX GRADIENT      0.000094  THRESHOLD              0.000450 CONVERGED YES
 RMS GRADIENT      0.000042  THRESHOLD              0.000300 CONVERGED YES
 MAX DISPLAC.      0.013540  THRESHOLD              0.001800 CONVERGED NO
 RMS DISPLAC.      0.006271  THRESHOLD              0.001200 CONVERGED NO
 TTTTTTTTTTTTTTTTTTTTTTTTTTTTTT OPTI        TELAPSE      911.40 TCPU      858.99
 MMMMM OPTI        USED MEM(MB)    151.64 MAX MEM    152.57 TOT MEM      4852.63
 *******************************************************************************
 COORDINATE AND CELL OPTIMIZATION - POINT   53
 *******************************************************************************
 LATTICE PARAMETERS (ANGSTROMS AND DEGREES) - BOHR = 0.5291772083 ANGSTROM
 PRIMITIVE CELL
         A              B              C           ALPHA      BETA       GAMMA 
     4.18329884     6.88394442   500.00000000    90.000000  90.000000 107.688666
 *******************************************************************************
 ATOMS IN THE ASYMMETRIC UNIT    4 - ATOMS IN THE UNIT CELL:    8
     ATOM                 X/A                 Y/B             Z(ANGSTROM)
 *******************************************************************************
      1 T 283 BI    2.432748767621E-01  4.865497535241E-01  3.316800267326E+00
      2 T 253 I    -4.830121825699E-01  3.397563486011E-02  4.344482024721E+00
      3 T 283 BI   -1.099945271001E-01 -2.199890542001E-01  2.372523717618E+00
      4 T 253 I     1.303335814904E-01  2.606671629807E-01  7.703402471248E-01
      5 F 253 I    -1.303335814904E-01 -2.606671629807E-01 -7.703402471248E-01
      6 F 283 BI    1.099945271001E-01  2.199890542001E-01 -2.372523717618E+00
      7 F 253 I     4.830121825699E-01 -3.397563486011E-02 -4.344482024721E+00
      8 F 283 BI   -2.432748767621E-01 -4.865497535241E-01 -3.316800267326E+00

 T = ATOM BELONGING TO THE ASYMMETRIC UNIT

 TOTAL ENERGY(DFT)(AU)(  7) -2.0414881884909E+03     DE (AU)    3.185E-06

 UPDATED TRUST RADIUS     0.496E-02
 ENERGY CHANGE > 0: STEP REJECTED. RETRYING WITH A NEW STEP

 EIGENVALUES OF THE ESTIMATED HESSIAN
  0.1490E-02  0.6554E-02  0.9660E-02  0.2313E-01  0.2860E-01  0.3087E-01
  0.4424E-01  0.7985E-01  0.1536      0.3241    
 NEWTON STEP ( 0.1983061795E-01) EXCEEDS TRUST RADIUS ( 0.4957654480E-02)
 LEVEL SHIFT    -0.4275289323E-02

 PREDICTED ENERGY CHANGE    -0.227E-06

 MAX GRADIENT      0.000094  THRESHOLD              0.000450 CONVERGED YES
 RMS GRADIENT      0.000042  THRESHOLD              0.000300 CONVERGED YES
 MAX DISPLAC.      0.002870  THRESHOLD              0.001800 CONVERGED NO
 RMS DISPLAC.      0.001568  THRESHOLD              0.001200 CONVERGED NO
 TTTTTTTTTTTTTTTTTTTTTTTTTTTTTT OPTI        TELAPSE      919.97 TCPU      866.81
 MMMMM OPTI        USED MEM(MB)    153.84 MAX MEM    159.89 TOT MEM      4922.85
 *******************************************************************************
 COORDINATE AND CELL OPTIMIZATION - POINT   54
 *******************************************************************************
 LATTICE PARAMETERS (ANGSTROMS AND DEGREES) - BOHR = 0.5291772083 ANGSTROM
 PRIMITIVE CELL
         A              B              C           ALPHA      BETA       GAMMA 
     4.18168815     6.88310616   500.00000000    90.000000  90.000000 107.683855
 *******************************************************************************
 ATOMS IN THE ASYMMETRIC UNIT    4 - ATOMS IN THE UNIT CELL:    8
     ATOM                 X/A                 Y/B             Z(ANGSTROM)
 *******************************************************************************
      1 T 283 BI    2.431549501889E-01  4.863099003779E-01  3.315890260685E+00
      2 T 253 I    -4.833017790944E-01  3.339644181121E-02  4.344719282703E+00
      3 T 283 BI   -1.101482942159E-01 -2.202965884317E-01  2.370562546338E+00
      4 T 253 I     1.302092153428E-01  2.604184306855E-01  7.704512647176E-01
      5 F 253 I    -1.302092153428E-01 -2.604184306855E-01 -7.704512647176E-01
      6 F 283 BI    1.101482942159E-01  2.202965884317E-01 -2.370562546338E+00
      7 F 253 I     4.833017790944E-01 -3.339644181121E-02 -4.344719282703E+00
      8 F 283 BI   -2.431549501889E-01 -4.863099003779E-01 -3.315890260685E+00

 T = ATOM BELONGING TO THE ASYMMETRIC UNIT

 TOTAL ENERGY(DFT)(AU)(  6) -2.0414881912446E+03     DE (AU)    4.311E-07

 UPDATED TRUST RADIUS     0.124E-02
 ENERGY CHANGE > 0: STEP REJECTED. RETRYING WITH A NEW STEP

 EIGENVALUES OF THE ESTIMATED HESSIAN
  0.1490E-02  0.6554E-02  0.9660E-02  0.2313E-01  0.2860E-01  0.3087E-01
  0.4424E-01  0.7985E-01  0.1536      0.3241    
 NEWTON STEP ( 0.1983061798E-01) EXCEEDS TRUST RADIUS ( 0.1239413620E-02)
 LEVEL SHIFT    -0.2157004190E-01

 PREDICTED ENERGY CHANGE    -0.882E-07

 MAX GRADIENT      0.000094  THRESHOLD              0.000450 CONVERGED YES
 RMS GRADIENT      0.000042  THRESHOLD              0.000300 CONVERGED YES
 MAX DISPLAC.      0.000732  THRESHOLD              0.001800 CONVERGED YES
 RMS DISPLAC.      0.000392  THRESHOLD              0.001200 CONVERGED YES

 CONVERGENCE TESTS SATISFIED AFTER  54 ENERGY AND GRADIENT CALCULATIONS
 +++++++++++++++++++++++++++++++++++++++++++++++++++++++++++++++++++++++++++++++
 FINALRUN OPTION: RE-STARTING OPTIMIZATION
 +++++++++++++++++++++++++++++++++++++++++++++++++++++++++++++++++++++++++++++++
 TTTTTTTTTTTTTTTTTTTTTTTTTTTTTT OPTI        TELAPSE      933.74 TCPU      879.67
 MMMMM OPTI        USED MEM(MB)    155.40 MAX MEM    156.32 TOT MEM      4972.72
 *******************************************************************************
 COORDINATE AND CELL OPTIMIZATION - POINT   55
 *******************************************************************************
 LATTICE PARAMETERS (ANGSTROMS AND DEGREES) - BOHR = 0.5291772083 ANGSTROM
 PRIMITIVE CELL
         A              B              C           ALPHA      BETA       GAMMA 
     4.18109759     6.88265392   500.00000000    90.000000  90.000000 107.682476
 *******************************************************************************
 ATOMS IN THE ASYMMETRIC UNIT    4 - ATOMS IN THE UNIT CELL:    8
     ATOM                 X/A                 Y/B             Z(ANGSTROM)
 *******************************************************************************
      1 T 283 BI    2.431403500881E-01  4.862807001762E-01  3.315490832729E+00
      2 T 253 I    -4.833682858424E-01  3.326342831516E-02  4.344822508932E+00
      3 T 283 BI   -1.101688579976E-01 -2.203377159953E-01  2.369831699691E+00
      4 T 253 I     1.301817383268E-01  2.603634766537E-01  7.704417449405E-01
      5 F 253 I    -1.301817383268E-01 -2.603634766537E-01 -7.704417449405E-01
      6 F 283 BI    1.101688579976E-01  2.203377159953E-01 -2.369831699691E+00
      7 F 253 I     4.833682858424E-01 -3.326342831516E-02 -4.344822508932E+00
      8 F 283 BI   -2.431403500881E-01 -4.862807001762E-01 -3.315490832729E+00

 T = ATOM BELONGING TO THE ASYMMETRIC UNIT

 REFERENCE GEOMETRY WILL BE CHANGED

 TOTAL ENERGY(DFT)(AU)(  6) -2.0414881898409E+03     DE (AU)    1.835E-06

 SYMMETRY ALLOWED FORCES  (COORDINATE, FORCE)

    1  8.1473446E-06    2 -9.8066105E-06    3 -1.4544991E-06    4 -4.9173166E-06
    5 -7.3672549E-06    6 -2.3424759E-05    7 -7.2923311E-06    8  4.4926293E-07
    9 -3.1478264E-05   10  1.2992213E-05

 GRADIENT NORM     0.000045  GRADIENT THRESHOLD     0.500000

 HESSIAN UPDATE SKIPPED

 EIGENVALUES OF THE ESTIMATED HESSIAN
  0.1490E-02  0.6554E-02  0.9660E-02  0.2313E-01  0.2860E-01  0.3087E-01
  0.4424E-01  0.7985E-01  0.1536      0.3241    
 NEWTON STEP ( 0.9873649048E-02) EXCEEDS TRUST RADIUS ( 0.1239413620E-02)
 LEVEL SHIFT    -0.9650399269E-02

 PREDICTED ENERGY CHANGE    -0.394E-07

 MAX GRADIENT      0.000031  THRESHOLD              0.000450 CONVERGED YES
 RMS GRADIENT      0.000014  THRESHOLD              0.000300 CONVERGED YES
 MAX DISPLAC.      0.000893  THRESHOLD              0.001800 CONVERGED YES
 RMS DISPLAC.      0.000392  THRESHOLD              0.001200 CONVERGED YES

 CONVERGENCE TESTS SATISFIED AFTER  55 ENERGY AND GRADIENT CALCULATIONS

 ******************************************************************
 * OPT END - CONVERGED * E(AU):  -2.041488189841E+03  POINTS   55 *
 ******************************************************************

 ENERGY CONTRIBUTIONS OF SEMICLASSICAL CORRECTIONS
  D3 DISPERSION ENERGY (AU)      -8.829624887505E-02
 
   FERMI ENERGY:                 -1.5583380E-01 Ha 


 NEIGHBORS OF THE NON-EQUIVALENT ATOMS

 N = NUMBER OF NEIGHBORS AT DISTANCE R
    ATOM  N     R/ANG      R/AU   NEIGHBORS (ATOM LABELS AND CELL INDICES)
   1 BI   1     2.9448     5.5649    4 I    0 0 0
   1 BI   2     2.9943     5.6584    3 BI   1 1 0    3 BI   0 1 0
   1 BI   1     3.7316     7.0517    2 I    0 1 0
   1 BI   2     3.7755     7.1347    2 I    0 0 0    2 I   -1 0 0
   1 BI   2     4.1811     7.9011    1 BI  -1 0 0    1 BI   1 0 0
   1 BI   1     4.7291     8.9368    3 BI   0 0 0

   2 I    2     3.3221     6.2779    3 BI   0 0 0    3 BI   1 0 0
   2 I    1     3.7316     7.0517    1 BI   0-1 0
   2 I    2     3.7755     7.1347    1 BI   0 0 0    1 BI   1 0 0
   2 I    2     4.1811     7.9011    2 I   -1 0 0    2 I    1 0 0
   2 I    2     4.4005     8.3157    4 I    0 0 0    4 I    1 0 0
   2 I    1     5.2779     9.9739    3 BI   1 1 0

   3 BI   2     2.9943     5.6584    1 BI  -1-1 0    1 BI   0-1 0
   3 BI   1     3.1512     5.9549    5 I    0 0 0
   3 BI   2     3.3221     6.2779    2 I    0 0 0    2 I   -1 0 0
   3 BI   1     3.5347     6.6797    4 I    0 0 0
   3 BI   2     4.1811     7.9011    3 BI  -1 0 0    3 BI   1 0 0
   3 BI   2     4.3040     8.1334    4 I   -1-1 0    4 I    0-1 0

   4 I    1     2.9448     5.5649    1 BI   0 0 0
   4 I    1     3.1512     5.9549    6 BI   0 0 0
   4 I    1     3.5347     6.6797    3 BI   0 0 0
   4 I    1     3.7462     7.0793    5 I    0 0 0
   4 I    2     4.0770     7.7044    5 I    1 1 0    5 I    0 1 0
   4 I    2     4.1811     7.9011    4 I   -1 0 0    4 I    1 0 0

 TTTTTTTTTTTTTTTTTTTTTTTTTTTTTT AFTER FIRST TELAPSE      946.59 TCPU      892.00
 MMMMM AFTER FIRST USED MEM(MB)    160.01 MAX MEM    160.01 TOT MEM      5119.82
 MMMMMMMMMMMMMMMMMMMMMMMMMMMMMMMMMMMMMMMMMMMMMMMMMMMMMMMMMMMMMMMMMMMMMMMMMMMMMMM
     ALPHA+BETA ELECTRONS
 MULLIKEN POPULATION ANALYSIS - NO. OF ELECTRONS  192.000000

  ATOM    Z CHARGE  A.O. POPULATION

   1 BI 283 22.612  0.075 -0.709  2.663  1.862 -0.234 -0.232 -0.230  2.220
                    2.217  2.213  0.093  0.087  0.071  0.927  0.749  0.653
                    1.803  1.803  1.804  1.803  1.805 -0.049 -0.051 -0.049
                   -0.049 -0.048  0.212  0.212  0.211  0.206  0.208  0.062
                    0.060  0.074  0.084  0.085
   2 I  253 25.496  0.185 -0.763  2.612  1.925 -0.163 -0.162 -0.163  2.141
                    2.140  2.143  0.711  0.693  0.745  1.101  1.123  1.135
                    1.753  1.753  1.753  1.753  1.753  0.105  0.105  0.105
                    0.106  0.106  0.132  0.131  0.132  0.132  0.130  0.022
                    0.029  0.026  0.027  0.040
   3 BI 283 22.510  0.075 -0.711  2.666  1.871 -0.234 -0.232 -0.229  2.220
                    2.217  2.211  0.099  0.090  0.071  0.844  0.758  0.556
                    1.801  1.802  1.802  1.803  1.808 -0.044 -0.046 -0.043
                   -0.047 -0.049  0.206  0.205  0.204  0.204  0.209  0.079
                    0.086  0.083  0.082  0.090
   4 I  253 25.383  0.185 -0.763  2.611  1.911 -0.164 -0.163 -0.161  2.145
                    2.142  2.136  0.799  0.738  0.643  1.164  1.082  0.948
                    1.752  1.753  1.752  1.754  1.754  0.108  0.106  0.108
                    0.105  0.104  0.131  0.132  0.131  0.132  0.132  0.052
                    0.028  0.047  0.027  0.023
   5 I  253 25.383  0.185 -0.763  2.611  1.911 -0.164 -0.163 -0.161  2.145
                    2.142  2.136  0.799  0.738  0.643  1.164  1.082  0.948
                    1.752  1.753  1.752  1.754  1.754  0.108  0.106  0.108
                    0.105  0.104  0.131  0.132  0.131  0.132  0.132  0.052
                    0.028  0.047  0.027  0.023
   6 BI 283 22.510  0.075 -0.711  2.666  1.871 -0.234 -0.232 -0.229  2.220
                    2.217  2.211  0.099  0.090  0.071  0.844  0.758  0.556
                    1.801  1.802  1.802  1.803  1.808 -0.044 -0.046 -0.043
                   -0.047 -0.049  0.206  0.205  0.204  0.204  0.209  0.079
                    0.086  0.083  0.082  0.090
   7 I  253 25.496  0.185 -0.763  2.612  1.925 -0.163 -0.162 -0.163  2.141
                    2.140  2.143  0.711  0.693  0.745  1.101  1.123  1.135
                    1.753  1.753  1.753  1.753  1.753  0.105  0.105  0.105
                    0.106  0.106  0.132  0.131  0.132  0.132  0.130  0.022
                    0.029  0.026  0.027  0.040
   8 BI 283 22.612  0.075 -0.709  2.663  1.862 -0.234 -0.232 -0.230  2.220
                    2.217  2.213  0.093  0.087  0.071  0.927  0.749  0.653
                    1.803  1.803  1.804  1.803  1.805 -0.049 -0.051 -0.049
                   -0.049 -0.048  0.212  0.212  0.211  0.206  0.208  0.062
                    0.060  0.074  0.084  0.085

  ATOM    Z CHARGE  SHELL POPULATION

   1 BI 283 22.612  0.075 -0.709  2.663  1.862 -0.696  6.650  0.251  2.329
                    9.019 -0.246  1.049  0.366
   2 I  253 25.496  0.185 -0.763  2.612  1.925 -0.488  6.424  2.149  3.359
                    8.765  0.527  0.657  0.144
   3 BI 283 22.510  0.075 -0.711  2.666  1.871 -0.695  6.648  0.260  2.158
                    9.016 -0.228  1.029  0.420
   4 I  253 25.383  0.185 -0.763  2.611  1.911 -0.488  6.423  2.179  3.194
                    8.764  0.530  0.657  0.178
   5 I  253 25.383  0.185 -0.763  2.611  1.911 -0.488  6.423  2.179  3.194
                    8.764  0.530  0.657  0.178
   6 BI 283 22.510  0.075 -0.711  2.666  1.871 -0.695  6.648  0.260  2.158
                    9.016 -0.228  1.029  0.420
   7 I  253 25.496  0.185 -0.763  2.612  1.925 -0.488  6.424  2.149  3.359
                    8.765  0.527  0.657  0.144
   8 BI 283 22.612  0.075 -0.709  2.663  1.862 -0.696  6.650  0.251  2.329
                    9.019 -0.246  1.049  0.366

 OVERLAP POPULATION CONDENSED TO ATOMS FOR FIRST   6 NEIGHBORS

 ATOM A   1 BI   ATOM B     CELL      R(AB)/AU R(AB)/ANG    OVPOP(AB)
                  4 I    (  0  0  0)     5.565     2.945     0.176
                  3 BI   (  1  1  0)     5.658     2.994     0.239
                  2 I    (  0  1  0)     7.052     3.732     0.016
                  2 I    (  0  0  0)     7.135     3.776     0.029
                  1 BI   ( -1  0  0)     7.901     4.181     0.013
                  3 BI   (  0  0  0)     8.937     4.729     0.001

 ATOM A   2 I    ATOM B     CELL      R(AB)/AU R(AB)/ANG    OVPOP(AB)
                  3 BI   (  0  0  0)     6.278     3.322     0.074
                  1 BI   (  0 -1  0)     7.052     3.732     0.016
                  1 BI   (  0  0  0)     7.135     3.776     0.029
                  2 I    ( -1  0  0)     7.901     4.181    -0.011
                  4 I    (  0  0  0)     8.316     4.400    -0.003
                  3 BI   (  1  1  0)     9.974     5.278    -0.000

 ATOM A   3 BI   ATOM B     CELL      R(AB)/AU R(AB)/ANG    OVPOP(AB)
                  1 BI   ( -1 -1  0)     5.658     2.994     0.239
                  5 I    (  0  0  0)     5.955     3.151     0.106
                  2 I    (  0  0  0)     6.278     3.322     0.074
                  4 I    (  0  0  0)     6.680     3.535     0.027
                  3 BI   ( -1  0  0)     7.901     4.181     0.010
                  4 I    ( -1 -1  0)     8.133     4.304     0.001

 ATOM A   4 I    ATOM B     CELL      R(AB)/AU R(AB)/ANG    OVPOP(AB)
                  1 BI   (  0  0  0)     5.565     2.945     0.176
                  6 BI   (  0  0  0)     5.955     3.151     0.106
                  3 BI   (  0  0  0)     6.680     3.535     0.027
                  5 I    (  0  0  0)     7.079     3.746    -0.015
                  5 I    (  1  1  0)     7.704     4.077    -0.011
                  4 I    ( -1  0  0)     7.901     4.181    -0.006
 TTTTTTTTTTTTTTTTTTTTTTTTTTTTTT AFTER FIRST TELAPSE      946.70 TCPU      892.02
 MMMMM AFTER FIRST USED MEM(MB)    160.01 MAX MEM    160.01 TOT MEM      5119.82
 MMMMMMMMMMMMMMMMMMMMMMMMMMMMMMMMMMMMMMMMMMMMMMMMMMMMMMMMMMMMMMMMMMMMMMMMMMMMMMM
     ALPHA-BETA ELECTRONS
 MULLIKEN POPULATION ANALYSIS - NO. OF ELECTRONS   -0.000000

  ATOM    Z CHARGE  A.O. POPULATION

   1 BI 283 -0.000 -0.000  0.000 -0.000  0.000  0.000 -0.000  0.000 -0.000
                    0.000 -0.000 -0.000  0.000 -0.000 -0.000  0.000 -0.000
                    0.000 -0.000 -0.000 -0.000 -0.000 -0.000 -0.000  0.000
                    0.000  0.000 -0.000  0.000 -0.000 -0.000 -0.000 -0.000
                   -0.000  0.000  0.000  0.000
   2 I  253  0.000 -0.000 -0.000 -0.000  0.000 -0.000 -0.000  0.000  0.000
                    0.000 -0.000  0.000 -0.000  0.000 -0.000 -0.000 -0.000
                    0.000  0.000  0.000  0.000  0.000 -0.000  0.000 -0.000
                   -0.000 -0.000  0.000  0.000  0.000 -0.000 -0.000 -0.000
                   -0.000 -0.000  0.000  0.000
   3 BI 283 -0.000  0.000  0.000 -0.000 -0.000 -0.000  0.000 -0.000  0.000
                   -0.000  0.000 -0.000  0.000 -0.000  0.000 -0.000  0.000
                   -0.000 -0.000 -0.000  0.000 -0.000  0.000  0.000 -0.000
                   -0.000  0.000 -0.000 -0.000  0.000  0.000 -0.000 -0.000
                    0.000 -0.000 -0.000 -0.000
   4 I  253 -0.000  0.000 -0.000  0.000 -0.000 -0.000  0.000 -0.000  0.000
                   -0.000  0.000 -0.000 -0.000  0.000  0.000  0.000 -0.000
                    0.000  0.000 -0.000 -0.000  0.000 -0.000  0.000  0.000
                    0.000 -0.000  0.000 -0.000 -0.000 -0.000  0.000 -0.000
                    0.000  0.000 -0.000  0.000
   5 I  253 -0.000  0.000 -0.000  0.000 -0.000 -0.000  0.000 -0.000  0.000
                   -0.000  0.000 -0.000 -0.000  0.000  0.000  0.000 -0.000
                    0.000  0.000 -0.000 -0.000  0.000 -0.000  0.000  0.000
                    0.000 -0.000  0.000 -0.000 -0.000 -0.000  0.000 -0.000
                    0.000  0.000 -0.000  0.000
   6 BI 283 -0.000  0.000  0.000 -0.000 -0.000 -0.000  0.000 -0.000  0.000
                   -0.000  0.000 -0.000  0.000 -0.000  0.000 -0.000  0.000
                   -0.000 -0.000 -0.000  0.000 -0.000  0.000  0.000 -0.000
                   -0.000  0.000 -0.000 -0.000  0.000  0.000 -0.000 -0.000
                    0.000 -0.000 -0.000 -0.000
   7 I  253  0.000 -0.000 -0.000 -0.000  0.000 -0.000 -0.000  0.000  0.000
                    0.000 -0.000  0.000 -0.000  0.000 -0.000 -0.000 -0.000
                    0.000  0.000  0.000  0.000  0.000 -0.000  0.000 -0.000
                   -0.000 -0.000  0.000  0.000  0.000 -0.000 -0.000 -0.000
                   -0.000 -0.000  0.000  0.000
   8 BI 283 -0.000 -0.000  0.000 -0.000  0.000  0.000 -0.000  0.000 -0.000
                    0.000 -0.000 -0.000  0.000 -0.000 -0.000  0.000 -0.000
                    0.000 -0.000 -0.000 -0.000 -0.000 -0.000 -0.000  0.000
                    0.000  0.000 -0.000  0.000 -0.000 -0.000 -0.000 -0.000
                   -0.000  0.000  0.000  0.000

  ATOM    Z CHARGE  SHELL POPULATION

   1 BI 283 -0.000 -0.000  0.000 -0.000  0.000  0.000 -0.000  0.000 -0.000
                   -0.000  0.000 -0.000  0.000
   2 I  253  0.000 -0.000 -0.000 -0.000  0.000 -0.000  0.000  0.000 -0.000
                    0.000 -0.000  0.000 -0.000
   3 BI 283 -0.000  0.000  0.000 -0.000 -0.000 -0.000  0.000 -0.000  0.000
                   -0.000  0.000 -0.000 -0.000
   4 I  253 -0.000  0.000 -0.000  0.000 -0.000  0.000  0.000 -0.000  0.000
                   -0.000 -0.000  0.000 -0.000
   5 I  253 -0.000  0.000 -0.000  0.000 -0.000  0.000  0.000 -0.000  0.000
                   -0.000 -0.000  0.000 -0.000
   6 BI 283 -0.000  0.000  0.000 -0.000 -0.000 -0.000  0.000 -0.000  0.000
                   -0.000  0.000 -0.000 -0.000
   7 I  253  0.000 -0.000 -0.000 -0.000  0.000 -0.000  0.000  0.000 -0.000
                    0.000 -0.000  0.000 -0.000
   8 BI 283 -0.000 -0.000  0.000 -0.000  0.000  0.000 -0.000  0.000 -0.000
                   -0.000  0.000 -0.000  0.000

 OVERLAP POPULATION CONDENSED TO ATOMS FOR FIRST   6 NEIGHBORS

 ATOM A   1 BI   ATOM B     CELL      R(AB)/AU R(AB)/ANG    OVPOP(AB)
                  4 I    (  0  0  0)     5.565     2.945    -0.000
                  3 BI   (  1  1  0)     5.658     2.994    -0.000
                  2 I    (  0  1  0)     7.052     3.732    -0.000
                  2 I    (  0  0  0)     7.135     3.776    -0.000
                  1 BI   ( -1  0  0)     7.901     4.181     0.000
                  3 BI   (  0  0  0)     8.937     4.729     0.000

 ATOM A   2 I    ATOM B     CELL      R(AB)/AU R(AB)/ANG    OVPOP(AB)
                  3 BI   (  0  0  0)     6.278     3.322     0.000
                  1 BI   (  0 -1  0)     7.052     3.732    -0.000
                  1 BI   (  0  0  0)     7.135     3.776    -0.000
                  2 I    ( -1  0  0)     7.901     4.181     0.000
                  4 I    (  0  0  0)     8.316     4.400     0.000
                  3 BI   (  1  1  0)     9.974     5.278     0.000

 ATOM A   3 BI   ATOM B     CELL      R(AB)/AU R(AB)/ANG    OVPOP(AB)
                  1 BI   ( -1 -1  0)     5.658     2.994    -0.000
                  5 I    (  0  0  0)     5.955     3.151    -0.000
                  2 I    (  0  0  0)     6.278     3.322     0.000
                  4 I    (  0  0  0)     6.680     3.535    -0.000
                  3 BI   ( -1  0  0)     7.901     4.181     0.000
                  4 I    ( -1 -1  0)     8.133     4.304     0.000

 ATOM A   4 I    ATOM B     CELL      R(AB)/AU R(AB)/ANG    OVPOP(AB)
                  1 BI   (  0  0  0)     5.565     2.945    -0.000
                  6 BI   (  0  0  0)     5.955     3.151    -0.000
                  3 BI   (  0  0  0)     6.680     3.535    -0.000
                  5 I    (  0  0  0)     7.079     3.746    -0.000
                  5 I    (  1  1  0)     7.704     4.077    -0.000
                  4 I    ( -1  0  0)     7.901     4.181     0.000
 EIGENVECTORS IN FORTRAN UNIT 10

 FINAL OPTIMIZED GEOMETRY - DIMENSIONALITY OF THE SYSTEM      2
 (NON PERIODIC DIRECTION: LATTICE PARAMETER FORMALLY SET TO 500)
 *******************************************************************************
 LATTICE PARAMETERS (ANGSTROMS AND DEGREES) - BOHR = 0.5291772083 ANGSTROM
 PRIMITIVE CELL
         A              B              C           ALPHA      BETA       GAMMA 
     4.18109759     6.88265392   500.00000000    90.000000  90.000000 107.682476
 *******************************************************************************
 ATOMS IN THE ASYMMETRIC UNIT    4 - ATOMS IN THE UNIT CELL:    8
     ATOM                 X/A                 Y/B             Z(ANGSTROM)
 *******************************************************************************
      1 T 283 BI    2.431403500881E-01  4.862807001762E-01  3.315490832729E+00
      2 T 253 I    -4.833682858424E-01  3.326342831516E-02  4.344822508932E+00
      3 T 283 BI   -1.101688579976E-01 -2.203377159953E-01  2.369831699691E+00
      4 T 253 I     1.301817383268E-01  2.603634766537E-01  7.704417449405E-01
      5 F 253 I    -1.301817383268E-01 -2.603634766537E-01 -7.704417449405E-01
      6 F 283 BI    1.101688579976E-01  2.203377159953E-01 -2.369831699691E+00
      7 F 253 I     4.833682858424E-01 -3.326342831516E-02 -4.344822508932E+00
      8 F 283 BI   -2.431403500881E-01 -4.862807001762E-01 -3.315490832729E+00

 T = ATOM BELONGING TO THE ASYMMETRIC UNIT
 INFORMATION **** fort.34 **** GEOMETRY OUTPUT FILE

 DIRECT LATTICE VECTORS CARTESIAN COMPONENTS (ANGSTROM)
          X                    Y                    Z
   0.418109759427E+01   0.000000000000E+00   0.000000000000E+00
  -0.209054879713E+01   0.655747898848E+01   0.000000000000E+00
   0.000000000000E+00   0.000000000000E+00   0.500000000000E+03


 CARTESIAN COORDINATES - PRIMITIVE CELL
 *******************************************************************************
 *      ATOM          X(ANGSTROM)         Y(ANGSTROM)         Z(ANGSTROM)
 *******************************************************************************
    1   283 BI    1.018055752907E-16  3.188775473907E+00  3.315490832729E+00
    2   253 I     2.090548797134E+00  2.181242322613E-01  4.344822508932E+00
    3   283 BI   -5.366198942371E-16 -1.444859943008E+00  2.369831699691E+00
    4   253 I     2.249953893872E-17  1.707328027523E+00  7.704417449405E-01
    5   253 I     3.464684786309E-17 -1.707328027523E+00 -7.704417449405E-01
    6   283 BI   -1.465843651385E-16  1.444859943008E+00 -2.369831699691E+00
    7   253 I    -2.090548797134E+00 -2.181242322613E-01 -4.344822508932E+00
    8   283 BI   -1.566523221778E-16 -3.188775473907E+00 -3.315490832729E+00

 ****    4 SYMMOPS - TRANSLATORS IN FRACTIONAL UNITS
 **** MATRICES AND TRANSLATORS IN THE CRYSTALLOGRAPHIC REFERENCE FRAME
   V INV                    ROTATION MATRICES                   TRANSLATORS
   1   1  1.00  0.00  0.00  0.00  1.00  0.00  0.00  0.00  1.00  0.00  0.00  0.00
   2   2  1.00 -1.00 -0.00  0.00 -1.00  0.00  0.00  0.00 -1.00  0.00  0.00  0.00
   3   3 -1.00  0.00  0.00  0.00 -1.00  0.00  0.00  0.00 -1.00  0.00  0.00  0.00
   4   4 -1.00  1.00  0.00  0.00  1.00 -0.00  0.00  0.00  1.00 -0.00 -0.00  0.00
 TTTTTTTTTTTTTTTTTTTTTTTTTTTTTT END         TELAPSE      946.86 TCPU      892.18
 MMMMM END         USED MEM(MB)    155.42 MAX MEM    160.01 TOT MEM      4973.29
 EEEEEEEEEE TERMINATION  DATE 13 01 2026 TIME 23:46:54.4
NODE    0 CPU TIME =       892.181
NODE    1 CPU TIME =       892.785
NODE    2 CPU TIME =       895.966
NODE    3 CPU TIME =       893.173
NODE    4 CPU TIME =       892.595
NODE    5 CPU TIME =       893.773
NODE    6 CPU TIME =       891.398
NODE    7 CPU TIME =       895.566
NODE    8 CPU TIME =       892.932
NODE    9 CPU TIME =       893.800
NODE   10 CPU TIME =       895.660
NODE   11 CPU TIME =       893.726
NODE   12 CPU TIME =       893.412
NODE   13 CPU TIME =       892.896
NODE   14 CPU TIME =       892.528
NODE   15 CPU TIME =       894.388
NODE   16 CPU TIME =       893.493
NODE   17 CPU TIME =       883.260
NODE   18 CPU TIME =       895.589
NODE   19 CPU TIME =       894.344
NODE   20 CPU TIME =       894.487
NODE   21 CPU TIME =       882.191
NODE   22 CPU TIME =       893.725
NODE   23 CPU TIME =       895.441
NODE   24 CPU TIME =       893.246
NODE   25 CPU TIME =       894.442
NODE   26 CPU TIME =       892.768
NODE   27 CPU TIME =       881.534
NODE   28 CPU TIME =       894.702
NODE   29 CPU TIME =       892.654
NODE   30 CPU TIME =       891.538
NODE   31 CPU TIME =       894.093
    TOTAL CPU TIME =     28564.286
